LSWT,projection,Phase,Year,Date,Error,Lake
,2.3560784,Calibration,2004,2004-01-01,,exper2_11
,2.2359655,Calibration,2004,2004-01-02,,exper2_11
,2.119122,Calibration,2004,2004-01-03,,exper2_11
,2.0705664,Calibration,2004,2004-01-04,,exper2_11
,2.149609,Calibration,2004,2004-01-05,,exper2_11
,2.3656917,Calibration,2004,2004-01-06,,exper2_11
,2.5168352,Calibration,2004,2004-01-07,,exper2_11
,2.4875984,Calibration,2004,2004-01-08,,exper2_11
,2.393024,Calibration,2004,2004-01-09,,exper2_11
,2.3200676,Calibration,2004,2004-01-10,,exper2_11
,2.229755,Calibration,2004,2004-01-11,,exper2_11
,2.1843863,Calibration,2004,2004-01-12,,exper2_11
,2.1129246,Calibration,2004,2004-01-13,,exper2_11
,2.1763272,Calibration,2004,2004-01-14,,exper2_11
,2.161188,Calibration,2004,2004-01-15,,exper2_11
,2.1244514,Calibration,2004,2004-01-16,,exper2_11
,2.1082845,Calibration,2004,2004-01-17,,exper2_11
,2.3058295,Calibration,2004,2004-01-18,,exper2_11
,2.5460374,Calibration,2004,2004-01-19,,exper2_11
,2.7049441,Calibration,2004,2004-01-20,,exper2_11
,2.6914792,Calibration,2004,2004-01-21,,exper2_11
,2.7412639,Calibration,2004,2004-01-22,,exper2_11
,2.7942448,Calibration,2004,2004-01-23,,exper2_11
,2.7871766,Calibration,2004,2004-01-24,,exper2_11
,2.977577,Calibration,2004,2004-01-25,,exper2_11
,2.9000196,Calibration,2004,2004-01-26,,exper2_11
,2.732193,Calibration,2004,2004-01-27,,exper2_11
,2.797345,Calibration,2004,2004-01-28,,exper2_11
,2.9285069,Calibration,2004,2004-01-29,,exper2_11
,3.2023456,Calibration,2004,2004-01-30,,exper2_11
,3.3818069,Calibration,2004,2004-01-31,,exper2_11
,3.1910172,Calibration,2004,2004-02-01,,exper2_11
,3.0000484,Calibration,2004,2004-02-02,,exper2_11
,2.7721138,Calibration,2004,2004-02-03,,exper2_11
,3.3314455,Calibration,2004,2004-02-04,,exper2_11
,3.375438,Calibration,2004,2004-02-05,,exper2_11
,3.1957707,Calibration,2004,2004-02-06,,exper2_11
,3.5316594,Calibration,2004,2004-02-07,,exper2_11
,3.4048522,Calibration,2004,2004-02-08,,exper2_11
,3.2899737,Calibration,2004,2004-02-09,,exper2_11
,3.0216079,Calibration,2004,2004-02-10,,exper2_11
,2.9269476,Calibration,2004,2004-02-11,,exper2_11
,3.3986287,Calibration,2004,2004-02-12,,exper2_11
,3.7355566,Calibration,2004,2004-02-13,,exper2_11
,3.9970725,Calibration,2004,2004-02-14,,exper2_11
,4.249746,Calibration,2004,2004-02-15,,exper2_11
,4.352734,Calibration,2004,2004-02-16,,exper2_11
,4.4044394,Calibration,2004,2004-02-17,,exper2_11
,4.4760184,Calibration,2004,2004-02-18,,exper2_11
,4.833276,Calibration,2004,2004-02-19,,exper2_11
,4.4252095,Calibration,2004,2004-02-20,,exper2_11
,3.8489566,Calibration,2004,2004-02-21,,exper2_11
,3.4101121,Calibration,2004,2004-02-22,,exper2_11
,3.538957,Calibration,2004,2004-02-23,,exper2_11
,3.2637258,Calibration,2004,2004-02-24,,exper2_11
,3.002264,Calibration,2004,2004-02-25,,exper2_11
,3.8283272,Calibration,2004,2004-02-26,,exper2_11
,4.2862544,Calibration,2004,2004-02-27,,exper2_11
,4.440363,Calibration,2004,2004-02-28,,exper2_11
,4.5632963,Calibration,2004,2004-02-29,,exper2_11
,5.1132812,Calibration,2004,2004-03-01,,exper2_11
,4.598615,Calibration,2004,2004-03-02,,exper2_11
,3.991668,Calibration,2004,2004-03-03,,exper2_11
,4.0288982,Calibration,2004,2004-03-04,,exper2_11
,3.775167,Calibration,2004,2004-03-05,,exper2_11
,3.8133125,Calibration,2004,2004-03-06,,exper2_11
,4.2441645,Calibration,2004,2004-03-07,,exper2_11
,4.2365212,Calibration,2004,2004-03-08,,exper2_11
,4.5270205,Calibration,2004,2004-03-09,,exper2_11
,4.632916,Calibration,2004,2004-03-10,,exper2_11
,4.6722274,Calibration,2004,2004-03-11,,exper2_11
,4.4784255,Calibration,2004,2004-03-12,,exper2_11
,5.2962995,Calibration,2004,2004-03-13,,exper2_11
,4.6217165,Calibration,2004,2004-03-14,,exper2_11
,4.815583,Calibration,2004,2004-03-15,,exper2_11
,4.801533,Calibration,2004,2004-03-16,,exper2_11
,4.6804442,Calibration,2004,2004-03-17,,exper2_11
,4.941171,Calibration,2004,2004-03-18,,exper2_11
,4.7634687,Calibration,2004,2004-03-19,,exper2_11
,4.9579196,Calibration,2004,2004-03-20,,exper2_11
,4.6367273,Calibration,2004,2004-03-21,,exper2_11
,4.366979,Calibration,2004,2004-03-22,,exper2_11
,4.542211,Calibration,2004,2004-03-23,,exper2_11
,4.3687053,Calibration,2004,2004-03-24,,exper2_11
,5.256143,Calibration,2004,2004-03-25,,exper2_11
,4.6075015,Calibration,2004,2004-03-26,,exper2_11
,4.405715,Calibration,2004,2004-03-27,,exper2_11
,5.182329,Calibration,2004,2004-03-28,,exper2_11
,4.326081,Calibration,2004,2004-03-29,,exper2_11
,4.3569093,Calibration,2004,2004-03-30,,exper2_11
,4.289246,Calibration,2004,2004-03-31,,exper2_11
,4.1749854,Calibration,2004,2004-04-01,,exper2_11
,3.920146,Calibration,2004,2004-04-02,,exper2_11
,3.4100225,Calibration,2004,2004-04-03,,exper2_11
,3.266247,Calibration,2004,2004-04-04,,exper2_11
,3.3774838,Calibration,2004,2004-04-05,,exper2_11
,3.5186355,Calibration,2004,2004-04-06,,exper2_11
,3.1812243,Calibration,2004,2004-04-07,,exper2_11
,3.3131137,Calibration,2004,2004-04-08,,exper2_11
,3.2435994,Calibration,2004,2004-04-09,,exper2_11
,3.1041374,Calibration,2004,2004-04-10,,exper2_11
,2.954831,Calibration,2004,2004-04-11,,exper2_11
,3.041831,Calibration,2004,2004-04-12,,exper2_11
,3.3695123,Calibration,2004,2004-04-13,,exper2_11
,3.0771203,Calibration,2004,2004-04-14,,exper2_11
,3.1474514,Calibration,2004,2004-04-15,,exper2_11
,3.665444,Calibration,2004,2004-04-16,,exper2_11
,4.168086,Calibration,2004,2004-04-17,,exper2_11
,4.104505,Calibration,2004,2004-04-18,,exper2_11
,3.7283235,Calibration,2004,2004-04-19,,exper2_11
,3.914204,Calibration,2004,2004-04-20,,exper2_11
,4.492727,Calibration,2004,2004-04-21,,exper2_11
,3.9604356,Calibration,2004,2004-04-22,,exper2_11
,4.323805,Calibration,2004,2004-04-23,,exper2_11
,4.5904107,Calibration,2004,2004-04-24,,exper2_11
,4.9437375,Calibration,2004,2004-04-25,,exper2_11
,4.8920894,Calibration,2004,2004-04-26,,exper2_11
,4.3295875,Calibration,2004,2004-04-27,,exper2_11
,4.1721535,Calibration,2004,2004-04-28,,exper2_11
,4.98683,Calibration,2004,2004-04-29,,exper2_11
,4.7770915,Calibration,2004,2004-04-30,,exper2_11
,4.651949,Calibration,2004,2004-05-01,,exper2_11
,4.337816,Calibration,2004,2004-05-02,,exper2_11
,4.5572476,Calibration,2004,2004-05-03,,exper2_11
,4.690512,Calibration,2004,2004-05-04,,exper2_11
,5.934154,Calibration,2004,2004-05-05,,exper2_11
,6.89524,Calibration,2004,2004-05-06,,exper2_11
,6.910539,Calibration,2004,2004-05-07,,exper2_11
,6.8617225,Calibration,2004,2004-05-08,,exper2_11
,7.834101,Calibration,2004,2004-05-09,,exper2_11
,8.523469,Calibration,2004,2004-05-10,,exper2_11
,8.8878145,Calibration,2004,2004-05-11,,exper2_11
,8.082854,Calibration,2004,2004-05-12,,exper2_11
,8.749807,Calibration,2004,2004-05-13,,exper2_11
,8.169277,Calibration,2004,2004-05-14,,exper2_11
,8.30035,Calibration,2004,2004-05-15,,exper2_11
,8.026143,Calibration,2004,2004-05-16,,exper2_11
,8.651192,Calibration,2004,2004-05-17,,exper2_11
,9.018615,Calibration,2004,2004-05-18,,exper2_11
,9.727843,Calibration,2004,2004-05-19,,exper2_11
,10.430631,Calibration,2004,2004-05-20,,exper2_11
10.450000000000045,11.412185,Calibration,2004,2004-05-21,0.044011370675084045,exper2_11
10.439999999999998,10.088389,Calibration,2004,2004-05-22,-0.017128017037205887,exper2_11
10.075000000000045,7.7729416,Calibration,2004,2004-05-23,-0.1289817315413852,exper2_11
9.930000000000007,8.703327,Calibration,2004,2004-05-24,-0.06583219460829098,exper2_11
9.990000000000009,9.031457,Calibration,2004,2004-05-25,-0.0503927251906992,exper2_11
10.545000000000016,8.964139,Calibration,2004,2004-05-26,-0.08103181880867383,exper2_11
10.510000000000048,9.786608,Calibration,2004,2004-05-27,-0.03564104242811564,exper2_11
11.345000000000027,10.015899,Calibration,2004,2004-05-28,-0.06222122551376684,exper2_11
11.145000000000039,10.786362,Calibration,2004,2004-05-29,-0.016352760519960034,exper2_11
10.875,10.264401,Calibration,2004,2004-05-30,-0.028884382843138826,exper2_11
10.950000000000045,10.382468,Calibration,2004,2004-05-31,-0.026604130871324128,exper2_11
11.265000000000043,11.093015,Calibration,2004,2004-06-01,-0.007692332484531259,exper2_11
11.560000000000002,10.994473,Calibration,2004,2004-06-02,-0.025073808250647693,exper2_11
12.885000000000048,11.577474,Calibration,2004,2004-06-03,-0.0534502920177508,exper2_11
15.425000000000011,12.977175,Calibration,2004,2004-06-04,-0.08618442995534617,exper2_11
13.600000000000023,13.520892,Calibration,2004,2004-06-05,-0.002916860416415217,exper2_11
16.814999999999998,14.278626,Calibration,2004,2004-06-06,-0.08157213706735816,exper2_11
14.850000000000023,14.966172,Calibration,2004,2004-06-07,0.003896282107310222,exper2_11
16.339999999999975,15.327348,Calibration,2004,2004-06-08,-0.03197780415299034,exper2_11
15.160000000000025,15.092693,Calibration,2004,2004-06-09,-0.0022248158341128797,exper2_11
15.575000000000045,15.165696,Calibration,2004,2004-06-10,-0.013314723062136786,exper2_11
15.29000000000002,15.139808,Calibration,2004,2004-06-11,-0.004935696615779066,exper2_11
16.135000000000048,15.513406,Calibration,2004,2004-06-12,-0.01964061646785891,exper2_11
16.735000000000014,15.946748,Calibration,2004,2004-06-13,-0.02411903504866751,exper2_11
16.814999999999998,16.57787,Calibration,2004,2004-06-14,-0.007101234151751721,exper2_11
17.230000000000018,17.182213,Calibration,2004,2004-06-15,-0.0013886689195727604,exper2_11
17.94500000000005,17.283266,Calibration,2004,2004-06-16,-0.018784175503476178,exper2_11
18.314999999999998,18.040932,Calibration,2004,2004-06-17,-0.007538475442986005,exper2_11
17.45500000000004,17.889162,Calibration,2004,2004-06-18,0.012283840901854057,exper2_11
17.605000000000018,17.237522,Calibration,2004,2004-06-19,-0.01054682188146282,exper2_11
17.57000000000005,17.34879,Calibration,2004,2004-06-20,-0.0063350073093765,exper2_11
17.58000000000004,17.218182,Calibration,2004,2004-06-21,-0.010397623472012844,exper2_11
17.410000000000025,16.87489,Calibration,2004,2004-06-22,-0.015607768786618119,exper2_11
17.370000000000005,17.034214,Calibration,2004,2004-06-23,-0.009760024746724503,exper2_11
16.555000000000007,15.710275,Calibration,2004,2004-06-24,-0.026180632633679878,exper2_11
16.279999999999973,15.55123,Calibration,2004,2004-06-25,-0.0228947973276049,exper2_11
16.370000000000005,15.421786,Calibration,2004,2004-06-26,-0.029825744376754865,exper2_11
16.54000000000002,15.535569,Calibration,2004,2004-06-27,-0.031314512395418506,exper2_11
16.77000000000004,16.033247,Calibration,2004,2004-06-28,-0.022459758514631948,exper2_11
18.45500000000004,17.167023,Calibration,2004,2004-06-29,-0.036156770366055205,exper2_11
18.27000000000004,18.149572,Calibration,2004,2004-06-30,-0.0033066733000593524,exper2_11
18.149999999999977,18.843992,Calibration,2004,2004-07-01,0.01875959287930377,exper2_11
19.399999999999977,19.214327,Calibration,2004,2004-07-02,-0.004808400316280524,exper2_11
19.92500000000001,19.562231,Calibration,2004,2004-07-03,-0.009186993526355765,exper2_11
18.80000000000001,19.486834,Calibration,2004,2004-07-04,0.017939158407788133,exper2_11
18.720000000000027,18.511076,Calibration,2004,2004-07-05,-0.005611549519490942,exper2_11
17.885000000000048,18.000229,Calibration,2004,2004-07-06,0.0032110393447766224,exper2_11
17.360000000000014,16.98733,Calibration,2004,2004-07-07,-0.010850057998013739,exper2_11
17.310000000000002,17.243172,Calibration,2004,2004-07-08,-0.0019340716013386283,exper2_11
18.32000000000005,17.682798,Calibration,2004,2004-07-09,-0.017698669074413857,exper2_11
19.154999999999973,18.29375,Calibration,2004,2004-07-10,-0.02299807655834655,exper2_11
19.640000000000043,18.505863,Calibration,2004,2004-07-11,-0.029731580713294563,exper2_11
21.760000000000048,19.181015,Calibration,2004,2004-07-12,-0.06299269777334203,exper2_11
20.410000000000025,19.470676,Calibration,2004,2004-07-13,-0.02355335120043009,exper2_11
20.125,19.593252,Calibration,2004,2004-07-14,-0.013387996419289982,exper2_11
21.24000000000001,19.938515,Calibration,2004,2004-07-15,-0.031605930901338716,exper2_11
20.085000000000036,20.072239,Calibration,2004,2004-07-16,-0.0003177777711671001,exper2_11
20.625,20.101942,Calibration,2004,2004-07-17,-0.012843044705417554,exper2_11
21.274999999999977,20.396887,Calibration,2004,2004-07-18,-0.021072076196459143,exper2_11
22.140000000000043,20.76749,Calibration,2004,2004-07-19,-0.031987645995119246,exper2_11
23.05000000000001,21.236685,Calibration,2004,2004-07-20,-0.04094492981417888,exper2_11
23.16500000000002,20.952066,Calibration,2004,2004-07-21,-0.05016048794695785,exper2_11
21.855000000000018,21.331789,Calibration,2004,2004-07-22,-0.012115070260810016,exper2_11
21.404999999999973,21.30618,Calibration,2004,2004-07-23,-0.00231370230405542,exper2_11
21.670000000000016,21.329689,Calibration,2004,2004-07-24,-0.007914265936116351,exper2_11
21.730000000000018,21.07952,Calibration,2004,2004-07-25,-0.015194768341562663,exper2_11
22.54000000000002,21.292833,Calibration,2004,2004-07-26,-0.028452796158838344,exper2_11
22.54000000000002,21.404678,Calibration,2004,2004-07-27,-0.025835247816979368,exper2_11
21.825000000000045,21.12073,Calibration,2004,2004-07-28,-0.01639908234572474,exper2_11
21.774999999999977,21.053654,Calibration,2004,2004-07-29,-0.016842609336373954,exper2_11
21.910000000000025,21.213896,Calibration,2004,2004-07-30,-0.01614196002920457,exper2_11
21.605000000000018,20.770855,Calibration,2004,2004-07-31,-0.019684441789647174,exper2_11
22.325000000000045,21.164095,Calibration,2004,2004-08-01,-0.026694164987275636,exper2_11
23.095000000000027,21.5558,Calibration,2004,2004-08-02,-0.03447195870008843,exper2_11
22.160000000000025,21.830704,Calibration,2004,2004-08-03,-0.007485587560260717,exper2_11
21.620000000000005,21.112453,Calibration,2004,2004-08-04,-0.011877308654264427,exper2_11
21.585000000000036,20.520496,Calibration,2004,2004-08-05,-0.025281821220626447,exper2_11
21.404999999999973,20.765863,Calibration,2004,2004-08-06,-0.015155880852543534,exper2_11
21.235000000000014,20.588255,Calibration,2004,2004-08-07,-0.015463767048151354,exper2_11
21.075000000000045,20.221466,Calibration,2004,2004-08-08,-0.020668449794584685,exper2_11
20.86500000000001,20.268288,Calibration,2004,2004-08-09,-0.014506799122401737,exper2_11
19.930000000000007,19.566072,Calibration,2004,2004-08-10,-0.009214271528961815,exper2_11
19.035000000000025,17.852718,Calibration,2004,2004-08-11,-0.03205082069337818,exper2_11
18.700000000000045,17.63646,Calibration,2004,2004-08-12,-0.029269242750173365,exper2_11
18.654999999999973,17.781998,Calibration,2004,2004-08-13,-0.02395922756827973,exper2_11
19.385000000000048,18.270456,Calibration,2004,2004-08-14,-0.02959846447262893,exper2_11
18.980000000000018,18.771023,Calibration,2004,2004-08-15,-0.0055356699736307325,exper2_11
18.629999999999995,17.857634,Calibration,2004,2004-08-16,-0.02116789534684025,exper2_11
18.91500000000002,18.119911,Calibration,2004,2004-08-17,-0.02146863001751834,exper2_11
18.339999999999975,18.069252,Calibration,2004,2004-08-18,-0.007436241363445769,exper2_11
17.964999999999975,18.09747,Calibration,2004,2004-08-19,0.0036733294279551573,exper2_11
17.839999999999975,18.658869,Calibration,2004,2004-08-20,0.02243545668200466,exper2_11
17.77000000000004,18.340517,Calibration,2004,2004-08-21,0.01579919344193035,exper2_11
17.70500000000004,17.85746,Calibration,2004,2004-08-22,0.004287105613009225,exper2_11
17.67500000000001,18.675884,Calibration,2004,2004-08-23,0.02753397248963891,exper2_11
17.850000000000023,18.14445,Calibration,2004,2004-08-24,0.00818040670922561,exper2_11
18.305000000000007,18.318058,Calibration,2004,2004-08-25,0.00035655170879086675,exper2_11
18.399999999999977,18.33076,Calibration,2004,2004-08-26,-0.0018850944911513524,exper2_11
18.69500000000005,18.759892,Calibration,2004,2004-08-27,0.0017325243084037063,exper2_11
18.075000000000045,18.47201,Calibration,2004,2004-08-28,0.010862986124439046,exper2_11
17.970000000000027,18.447393,Calibration,2004,2004-08-29,0.013108939782901117,exper2_11
18.154999999999973,18.548367,Calibration,2004,2004-08-30,0.010717451385041833,exper2_11
18.170000000000016,18.572485,Calibration,2004,2004-08-31,0.010954212008805813,exper2_11
17.964999999999975,18.538364,Calibration,2004,2004-09-01,0.015707166165676918,exper2_11
18.75,18.664394,Calibration,2004,2004-09-02,-0.0022880397440486855,exper2_11
19.39500000000004,18.827232,Calibration,2004,2004-09-03,-0.01485438196806878,exper2_11
19.83000000000004,19.308353,Calibration,2004,2004-09-04,-0.013328270872195996,exper2_11
19.585000000000036,19.094742,Calibration,2004,2004-09-05,-0.012674804836498126,exper2_11
19.05000000000001,19.129244,Calibration,2004,2004-09-06,0.002075574126555859,exper2_11
18.339999999999975,18.257006,Calibration,2004,2004-09-07,-0.002267789588339647,exper2_11
18.16500000000002,18.455963,Calibration,2004,2004-09-08,0.007945261671432731,exper2_11
18.589999999999975,18.422974,Calibration,2004,2004-09-09,-0.004512643832523739,exper2_11
18.230000000000018,18.68928,Calibration,2004,2004-09-10,0.012440100722288914,exper2_11
18.69500000000005,18.60922,Calibration,2004,2004-09-11,-0.002299458186731461,exper2_11
18.80000000000001,18.61817,Calibration,2004,2004-09-12,-0.004859409653146923,exper2_11
18.575000000000045,19.047104,Calibration,2004,2004-09-13,0.012548577382027394,exper2_11
18.680000000000007,18.527054,Calibration,2004,2004-09-14,-0.004110676638861147,exper2_11
18.064999999999998,18.184345,Calibration,2004,2004-09-15,0.003292342097588714,exper2_11
17.735000000000014,17.924559,Calibration,2004,2004-09-16,0.005315787596884043,exper2_11
17.589999999999975,17.484417,Calibration,2004,2004-09-17,-0.003010257831097709,exper2_11
17.845000000000027,17.358883,Calibration,2004,2004-09-18,-0.013808621545304874,exper2_11
17.640000000000043,17.416481,Calibration,2004,2004-09-19,-0.006375967451452011,exper2_11
17.52000000000004,17.518593,Calibration,2004,2004-09-20,-4.0160446340697924e-05,exper2_11
17.930000000000007,17.611034,Calibration,2004,2004-09-21,-0.008974572972740909,exper2_11
18.089999999999975,17.787128,Calibration,2004,2004-09-22,-0.008441911730715042,exper2_11
18.055000000000007,17.825932,Calibration,2004,2004-09-23,-0.0063841277536080005,exper2_11
17.390000000000043,17.474775,Calibration,2004,2004-09-24,0.0024315462688831602,exper2_11
17.485000000000014,17.642744,Calibration,2004,2004-09-25,0.00449058339875618,exper2_11
17.460000000000036,17.46137,Calibration,2004,2004-09-26,3.92443973773136e-05,exper2_11
17.089999999999975,17.030228,Calibration,2004,2004-09-27,-0.0017518153589359156,exper2_11
16.82000000000005,16.745634,Calibration,2004,2004-09-28,-0.002215537500217505,exper2_11
16.74000000000001,16.52821,Calibration,2004,2004-09-29,-0.006366147012956341,exper2_11
16.5,16.316223,Calibration,2004,2004-09-30,-0.005600183014948081,exper2_11
15.899999999999977,15.870195,Calibration,2004,2004-10-01,-0.0009381311899814352,exper2_11
15.240000000000009,14.859546,Calibration,2004,2004-10-02,-0.012639868255553504,exper2_11
14.685000000000002,15.1496315,Calibration,2004,2004-10-03,0.015573562564040256,exper2_11
14.0,13.743723,Calibration,2004,2004-10-04,-0.009237299735502606,exper2_11
13.754999999999995,13.780086,Calibration,2004,2004-10-05,0.0009110399748595667,exper2_11
13.850000000000023,14.126886,Calibration,2004,2004-10-06,0.009896968667554523,exper2_11
13.69500000000005,14.227404,Calibration,2004,2004-10-07,0.019067256801992664,exper2_11
13.620000000000005,14.088393,Calibration,2004,2004-10-08,0.01690438012019504,exper2_11
13.350000000000023,14.09546,Calibration,2004,2004-10-09,0.027161502839885603,exper2_11
13.710000000000036,14.15646,Calibration,2004,2004-10-10,0.016021403917830995,exper2_11
13.470000000000027,13.828689,Calibration,2004,2004-10-11,0.01313940850763781,exper2_11
,13.4613495,Calibration,2004,2004-10-12,,exper2_11
,13.188355,Calibration,2004,2004-10-13,,exper2_11
,13.1481085,Calibration,2004,2004-10-14,,exper2_11
,12.841514,Calibration,2004,2004-10-15,,exper2_11
,11.001863,Calibration,2004,2004-10-16,,exper2_11
,10.563119,Calibration,2004,2004-10-17,,exper2_11
,10.654539,Calibration,2004,2004-10-18,,exper2_11
,10.819988,Calibration,2004,2004-10-19,,exper2_11
,10.51891,Calibration,2004,2004-10-20,,exper2_11
,10.32973,Calibration,2004,2004-10-21,,exper2_11
,10.38761,Calibration,2004,2004-10-22,,exper2_11
,10.225322,Calibration,2004,2004-10-23,,exper2_11
,9.890614,Calibration,2004,2004-10-24,,exper2_11
10.200000000000045,9.797404,Calibration,2004,2004-10-25,-0.020132398431878022,exper2_11
10.050000000000011,9.506539,Calibration,2004,2004-10-26,-0.027789203684304296,exper2_11
9.930000000000007,9.523887,Calibration,2004,2004-10-27,-0.020875690604382133,exper2_11
9.855000000000018,9.364262,Calibration,2004,2004-10-28,-0.02553367461881605,exper2_11
,9.375304,Calibration,2004,2004-10-29,,exper2_11
,9.062327,Calibration,2004,2004-10-30,,exper2_11
,8.944617,Calibration,2004,2004-10-31,,exper2_11
,8.799905,Calibration,2004,2004-11-01,,exper2_11
,8.557073,Calibration,2004,2004-11-02,,exper2_11
,8.08595,Calibration,2004,2004-11-03,,exper2_11
,7.876395,Calibration,2004,2004-11-04,,exper2_11
,7.784233,Calibration,2004,2004-11-05,,exper2_11
,7.799172,Calibration,2004,2004-11-06,,exper2_11
,7.7383657,Calibration,2004,2004-11-07,,exper2_11
,7.522628,Calibration,2004,2004-11-08,,exper2_11
,7.29788,Calibration,2004,2004-11-09,,exper2_11
,7.541505,Calibration,2004,2004-11-10,,exper2_11
,6.9729066,Calibration,2004,2004-11-11,,exper2_11
,6.8057275,Calibration,2004,2004-11-12,,exper2_11
,6.6337953,Calibration,2004,2004-11-13,,exper2_11
,6.577858,Calibration,2004,2004-11-14,,exper2_11
,6.623958,Calibration,2004,2004-11-15,,exper2_11
,6.4210505,Calibration,2004,2004-11-16,,exper2_11
,6.7413316,Calibration,2004,2004-11-17,,exper2_11
,6.606582,Calibration,2004,2004-11-18,,exper2_11
,6.670948,Calibration,2004,2004-11-19,,exper2_11
,6.7411346,Calibration,2004,2004-11-20,,exper2_11
,6.334891,Calibration,2004,2004-11-21,,exper2_11
,6.264956,Calibration,2004,2004-11-22,,exper2_11
,6.288154,Calibration,2004,2004-11-23,,exper2_11
,5.935905,Calibration,2004,2004-11-24,,exper2_11
,5.788459,Calibration,2004,2004-11-25,,exper2_11
,6.0120435,Calibration,2004,2004-11-26,,exper2_11
,5.983134,Calibration,2004,2004-11-27,,exper2_11
,5.606624,Calibration,2004,2004-11-28,,exper2_11
,5.4518123,Calibration,2004,2004-11-29,,exper2_11
,5.195046,Calibration,2004,2004-11-30,,exper2_11
,5.0711513,Calibration,2004,2004-12-01,,exper2_11
,4.7020526,Calibration,2004,2004-12-02,,exper2_11
,4.5394373,Calibration,2004,2004-12-03,,exper2_11
,4.9990745,Calibration,2004,2004-12-04,,exper2_11
,4.65399,Calibration,2004,2004-12-05,,exper2_11
,4.993835,Calibration,2004,2004-12-06,,exper2_11
,5.387053,Calibration,2004,2004-12-07,,exper2_11
,5.3180175,Calibration,2004,2004-12-08,,exper2_11
,5.290483,Calibration,2004,2004-12-09,,exper2_11
,5.527393,Calibration,2004,2004-12-10,,exper2_11
,5.455254,Calibration,2004,2004-12-11,,exper2_11
,5.4193735,Calibration,2004,2004-12-12,,exper2_11
,4.747577,Calibration,2004,2004-12-13,,exper2_11
,4.2385173,Calibration,2004,2004-12-14,,exper2_11
,3.8696551,Calibration,2004,2004-12-15,,exper2_11
,3.8278863,Calibration,2004,2004-12-16,,exper2_11
,3.3546455,Calibration,2004,2004-12-17,,exper2_11
,3.6543117,Calibration,2004,2004-12-18,,exper2_11
,3.3573308,Calibration,2004,2004-12-19,,exper2_11
,3.3492088,Calibration,2004,2004-12-20,,exper2_11
,3.430352,Calibration,2004,2004-12-21,,exper2_11
,3.4513757,Calibration,2004,2004-12-22,,exper2_11
,3.4572682,Calibration,2004,2004-12-23,,exper2_11
,3.5289984,Calibration,2004,2004-12-24,,exper2_11
,3.5525131,Calibration,2004,2004-12-25,,exper2_11
,3.4239907,Calibration,2004,2004-12-26,,exper2_11
,3.3712444,Calibration,2004,2004-12-27,,exper2_11
,3.0890574,Calibration,2004,2004-12-28,,exper2_11
,2.757595,Calibration,2004,2004-12-29,,exper2_11
,2.4495597,Calibration,2004,2004-12-30,,exper2_11
,2.4146614,Calibration,2004,2004-12-31,,exper2_11
,2.645267,Calibration,2005,2005-01-01,,exper2_11
,2.576673,Calibration,2005,2005-01-02,,exper2_11
,2.6678772,Calibration,2005,2005-01-03,,exper2_11
,2.5794933,Calibration,2005,2005-01-04,,exper2_11
,2.5256073,Calibration,2005,2005-01-05,,exper2_11
,2.4495807,Calibration,2005,2005-01-06,,exper2_11
,2.5028026,Calibration,2005,2005-01-07,,exper2_11
,2.4797611,Calibration,2005,2005-01-08,,exper2_11
,2.3716774,Calibration,2005,2005-01-09,,exper2_11
,2.2568073,Calibration,2005,2005-01-10,,exper2_11
,2.2704568,Calibration,2005,2005-01-11,,exper2_11
,2.3067398,Calibration,2005,2005-01-12,,exper2_11
,2.2265334,Calibration,2005,2005-01-13,,exper2_11
,2.5367317,Calibration,2005,2005-01-14,,exper2_11
,2.7828512,Calibration,2005,2005-01-15,,exper2_11
,2.9159288,Calibration,2005,2005-01-16,,exper2_11
,2.9865096,Calibration,2005,2005-01-17,,exper2_11
,2.9495635,Calibration,2005,2005-01-18,,exper2_11
,2.587951,Calibration,2005,2005-01-19,,exper2_11
,2.531508,Calibration,2005,2005-01-20,,exper2_11
,2.4881346,Calibration,2005,2005-01-21,,exper2_11
,2.374814,Calibration,2005,2005-01-22,,exper2_11
,2.5969667,Calibration,2005,2005-01-23,,exper2_11
,2.5613475,Calibration,2005,2005-01-24,,exper2_11
,2.6365845,Calibration,2005,2005-01-25,,exper2_11
,2.5453467,Calibration,2005,2005-01-26,,exper2_11
,2.6981225,Calibration,2005,2005-01-27,,exper2_11
,2.88968,Calibration,2005,2005-01-28,,exper2_11
,2.8610995,Calibration,2005,2005-01-29,,exper2_11
,2.8262868,Calibration,2005,2005-01-30,,exper2_11
,2.7380266,Calibration,2005,2005-01-31,,exper2_11
,2.6770246,Calibration,2005,2005-02-01,,exper2_11
,2.637899,Calibration,2005,2005-02-02,,exper2_11
,2.5970387,Calibration,2005,2005-02-03,,exper2_11
,2.8006575,Calibration,2005,2005-02-04,,exper2_11
,3.3030741,Calibration,2005,2005-02-05,,exper2_11
,3.2772877,Calibration,2005,2005-02-06,,exper2_11
,3.08857,Calibration,2005,2005-02-07,,exper2_11
,2.8674912,Calibration,2005,2005-02-08,,exper2_11
,2.7986598,Calibration,2005,2005-02-09,,exper2_11
,3.2053037,Calibration,2005,2005-02-10,,exper2_11
,3.4631393,Calibration,2005,2005-02-11,,exper2_11
,3.7316399,Calibration,2005,2005-02-12,,exper2_11
,3.8897943,Calibration,2005,2005-02-13,,exper2_11
,3.578014,Calibration,2005,2005-02-14,,exper2_11
,3.2321079,Calibration,2005,2005-02-15,,exper2_11
,3.4907737,Calibration,2005,2005-02-16,,exper2_11
,3.8785934,Calibration,2005,2005-02-17,,exper2_11
,4.1504025,Calibration,2005,2005-02-18,,exper2_11
,4.2143006,Calibration,2005,2005-02-19,,exper2_11
,4.390776,Calibration,2005,2005-02-20,,exper2_11
,4.1015115,Calibration,2005,2005-02-21,,exper2_11
,4.2540736,Calibration,2005,2005-02-22,,exper2_11
,4.4062924,Calibration,2005,2005-02-23,,exper2_11
,4.5396543,Calibration,2005,2005-02-24,,exper2_11
,4.5718455,Calibration,2005,2005-02-25,,exper2_11
,4.634526,Calibration,2005,2005-02-26,,exper2_11
,4.9494567,Calibration,2005,2005-02-27,,exper2_11
,4.2034774,Calibration,2005,2005-02-28,,exper2_11
,4.152238,Calibration,2005,2005-03-01,,exper2_11
,4.2228475,Calibration,2005,2005-03-02,,exper2_11
,4.4937167,Calibration,2005,2005-03-03,,exper2_11
,4.4913116,Calibration,2005,2005-03-04,,exper2_11
,4.831225,Calibration,2005,2005-03-05,,exper2_11
,4.7454495,Calibration,2005,2005-03-06,,exper2_11
,4.8636994,Calibration,2005,2005-03-07,,exper2_11
,4.5606065,Calibration,2005,2005-03-08,,exper2_11
,4.52577,Calibration,2005,2005-03-09,,exper2_11
,5.194935,Calibration,2005,2005-03-10,,exper2_11
,4.66328,Calibration,2005,2005-03-11,,exper2_11
,4.5358624,Calibration,2005,2005-03-12,,exper2_11
,4.509125,Calibration,2005,2005-03-13,,exper2_11
,4.8032193,Calibration,2005,2005-03-14,,exper2_11
,4.7176456,Calibration,2005,2005-03-15,,exper2_11
,4.9302535,Calibration,2005,2005-03-16,,exper2_11
,4.960478,Calibration,2005,2005-03-17,,exper2_11
,4.9149375,Calibration,2005,2005-03-18,,exper2_11
,4.786911,Calibration,2005,2005-03-19,,exper2_11
,5.027051,Calibration,2005,2005-03-20,,exper2_11
,5.016648,Calibration,2005,2005-03-21,,exper2_11
,5.179437,Calibration,2005,2005-03-22,,exper2_11
,5.188833,Calibration,2005,2005-03-23,,exper2_11
,5.1248956,Calibration,2005,2005-03-24,,exper2_11
,5.1426635,Calibration,2005,2005-03-25,,exper2_11
,5.2258277,Calibration,2005,2005-03-26,,exper2_11
,4.7700686,Calibration,2005,2005-03-27,,exper2_11
,4.4073143,Calibration,2005,2005-03-28,,exper2_11
,4.0872955,Calibration,2005,2005-03-29,,exper2_11
,4.0015287,Calibration,2005,2005-03-30,,exper2_11
,5.1401,Calibration,2005,2005-03-31,,exper2_11
,3.9442303,Calibration,2005,2005-04-01,,exper2_11
,3.8324964,Calibration,2005,2005-04-02,,exper2_11
,3.6364758,Calibration,2005,2005-04-03,,exper2_11
,3.1974695,Calibration,2005,2005-04-04,,exper2_11
,3.0532136,Calibration,2005,2005-04-05,,exper2_11
2.187000000000012,3.6169186,Calibration,2005,2005-04-06,0.24637123145573736,exper2_11
3.462000000000046,3.5277898,Calibration,2005,2005-04-07,0.009412276012670943,exper2_11
3.187000000000012,3.5076542,Calibration,2005,2005-04-08,0.04789705053614186,exper2_11
4.18100000000004,3.1856728,Calibration,2005,2005-04-09,-0.1351121832631737,exper2_11
2.5260000000000105,3.2179716,Calibration,2005,2005-04-10,0.1204691833357453,exper2_11
2.5930000000000177,3.2769876,Calibration,2005,2005-04-11,0.11652282845725173,exper2_11
2.714999999999975,3.0068505,Calibration,2005,2005-04-12,0.051006310283844634,exper2_11
2.8740000000000236,3.26833,Calibration,2005,2005-04-13,0.06419877977224228,exper2_11
2.6055000000000064,3.484117,Calibration,2005,2005-04-14,0.1442811635954501,exper2_11
2.423500000000047,3.5200763,Calibration,2005,2005-04-15,0.18449772059086067,exper2_11
1.1110000000000468,3.6932392,Calibration,2005,2005-04-16,0.5374918063127951,exper2_11
2.7350000000000136,4.216822,Calibration,2005,2005-04-17,0.21315593465377985,exper2_11
4.079000000000008,4.2134123,Calibration,2005,2005-04-18,0.016209069235090537,exper2_11
5.1924999999999955,4.834184,Calibration,2005,2005-04-19,-0.03573622387658724,exper2_11
4.3945000000000505,4.4396753,Calibration,2005,2005-04-20,0.005113700987635532,exper2_11
5.6370000000000005,4.8416104,Calibration,2005,2005-04-21,-0.07590601573705112,exper2_11
5.064999999999998,4.3857436,Calibration,2005,2005-04-22,-0.07187332652787011,exper2_11
4.490000000000009,3.4552684,Calibration,2005,2005-04-23,-0.130232431063554,exper2_11
4.511000000000024,3.3211849,Calibration,2005,2005-04-24,-0.15191356506822284,exper2_11
4.657000000000039,4.273544,Calibration,2005,2005-04-25,-0.04293760519089693,exper2_11
4.9375,4.5708184,Calibration,2005,2005-04-26,-0.03856429280291372,exper2_11
5.064000000000021,4.749556,Calibration,2005,2005-04-27,-0.03204179334425002,exper2_11
5.004000000000019,4.475418,Calibration,2005,2005-04-28,-0.055761008124704844,exper2_11
5.038000000000011,4.6333013,Calibration,2005,2005-04-29,-0.04184532475135572,exper2_11
5.117500000000007,4.721262,Calibration,2005,2005-04-30,-0.040273158628146975,exper2_11
5.1410000000000196,4.695165,Calibration,2005,2005-05-01,-0.04532608344322095,exper2_11
5.1410000000000196,5.36481,Calibration,2005,2005-05-02,0.021303449247961084,exper2_11
5.2760000000000105,4.444713,Calibration,2005,2005-05-03,-0.08551706797785495,exper2_11
5.520000000000039,4.6668496,Calibration,2005,2005-05-04,-0.0837501699942344,exper2_11
5.708500000000015,4.709745,Calibration,2005,2005-05-05,-0.09586596172557553,exper2_11
6.516999999999996,5.8403325,Calibration,2005,2005-05-06,-0.054758378595865916,exper2_11
6.771000000000015,7.0409656,Calibration,2005,2005-05-07,0.019545773987224423,exper2_11
6.890000000000043,6.357548,Calibration,2005,2005-05-08,-0.04019247589317309,exper2_11
7.4809999999999945,6.3680286,Calibration,2005,2005-05-09,-0.08036457921520239,exper2_11
7.956000000000017,7.266766,Calibration,2005,2005-05-10,-0.04527652369164275,exper2_11
7.5674999999999955,7.689338,Calibration,2005,2005-05-11,0.007985809745758557,exper2_11
7.421000000000049,8.272138,Calibration,2005,2005-05-12,0.054236294954414996,exper2_11
7.354499999999973,5.819938,Calibration,2005,2005-05-13,-0.11648024726921845,exper2_11
7.286000000000001,6.7047353,Calibration,2005,2005-05-14,-0.041546402624439975,exper2_11
7.170000000000016,6.734527,Calibration,2005,2005-05-15,-0.031318784556172895,exper2_11
7.455000000000041,7.702308,Calibration,2005,2005-05-16,0.016316101450504196,exper2_11
7.744500000000016,7.3868847,Calibration,2005,2005-05-17,-0.023634010899287444,exper2_11
7.834000000000003,8.64802,Calibration,2005,2005-05-18,0.04938835173048516,exper2_11
7.770000000000039,7.2969956,Calibration,2005,2005-05-19,-0.03139340924407798,exper2_11
8.907500000000027,8.132913,Calibration,2005,2005-05-20,-0.04545590419385359,exper2_11
9.370000000000005,9.099379,Calibration,2005,2005-05-21,-0.014652437434598547,exper2_11
9.39100000000002,9.350026,Calibration,2005,2005-05-22,-0.0021863194169865576,exper2_11
10.145000000000039,9.872174,Calibration,2005,2005-05-23,-0.013629582947870807,exper2_11
11.497500000000002,11.608935,Calibration,2005,2005-05-24,0.004822697851164758,exper2_11
11.492000000000019,12.232696,Calibration,2005,2005-05-25,0.031220446097858852,exper2_11
11.524000000000001,11.298846,Calibration,2005,2005-05-26,-0.009865279412254294,exper2_11
12.092499999999973,11.850961,Calibration,2005,2005-05-27,-0.010087901293892424,exper2_11
12.485000000000014,12.00187,Calibration,2005,2005-05-28,-0.019730159126126242,exper2_11
13.543499999999995,12.2405405,Calibration,2005,2005-05-29,-0.05053356533935295,exper2_11
13.235000000000014,12.909296,Calibration,2005,2005-05-30,-0.012457935902647136,exper2_11
14.975000000000023,13.821226,Calibration,2005,2005-05-31,-0.0400668433147135,exper2_11
15.133000000000038,14.531682,Calibration,2005,2005-06-01,-0.020270501643721846,exper2_11
15.283000000000015,15.462337,Calibration,2005,2005-06-02,0.005832967220493353,exper2_11
16.196000000000026,15.99135,Calibration,2005,2005-06-03,-0.006358082443688008,exper2_11
16.72800000000001,16.24471,Calibration,2005,2005-06-04,-0.014657244255667274,exper2_11
16.684500000000014,16.25662,Calibration,2005,2005-06-05,-0.012989224033898976,exper2_11
16.601,16.080885,Calibration,2005,2005-06-06,-0.015914475789480402,exper2_11
16.985500000000002,17.218754,Calibration,2005,2005-06-07,0.006819438773929244,exper2_11
17.585000000000036,17.243923,Calibration,2005,2005-06-08,-0.009792918687448223,exper2_11
18.45500000000004,18.084587,Calibration,2005,2005-06-09,-0.010137304010771947,exper2_11
18.769000000000005,18.581003,Calibration,2005,2005-06-10,-0.005033381388519428,exper2_11
19.26950000000005,18.763544,Calibration,2005,2005-06-11,-0.013303061313184976,exper2_11
19.584000000000003,18.699875,Calibration,2005,2005-06-12,-0.023093929882735193,exper2_11
20.170500000000004,19.357616,Calibration,2005,2005-06-13,-0.02056469290639857,exper2_11
19.70550000000003,19.470272,Calibration,2005,2005-06-14,-0.006004423739384296,exper2_11
19.146000000000015,18.47936,Calibration,2005,2005-06-15,-0.017717821418093267,exper2_11
18.84200000000004,17.783775,Calibration,2005,2005-06-16,-0.02889289471382904,exper2_11
18.848000000000013,17.807833,Calibration,2005,2005-06-17,-0.028376583069594043,exper2_11
19.523000000000025,18.075298,Calibration,2005,2005-06-18,-0.03850444716309814,exper2_11
20.067499999999995,18.523153,Calibration,2005,2005-06-19,-0.040018671949874504,exper2_11
20.689999999999998,19.849949,Calibration,2005,2005-06-20,-0.020721563299613582,exper2_11
21.088000000000022,20.471718,Calibration,2005,2005-06-21,-0.01482883420869081,exper2_11
21.5625,20.49125,Calibration,2005,2005-06-22,-0.025473374879741165,exper2_11
21.509000000000015,20.239468,Calibration,2005,2005-06-23,-0.030409077302669365,exper2_11
21.75550000000004,20.784416,Calibration,2005,2005-06-24,-0.022827590838050384,exper2_11
22.443499999999972,21.571894,Calibration,2005,2005-06-25,-0.019802306304066083,exper2_11
22.02800000000002,21.648739,Calibration,2005,2005-06-26,-0.008683366679968808,exper2_11
21.92750000000001,21.14116,Calibration,2005,2005-06-27,-0.01825784595083064,exper2_11
22.371000000000038,21.89925,Calibration,2005,2005-06-28,-0.010656139713628445,exper2_11
22.271000000000015,22.133823,Calibration,2005,2005-06-29,-0.003089227582442414,exper2_11
21.548000000000002,21.3294,Calibration,2005,2005-06-30,-0.005098277779352902,exper2_11
20.65900000000005,20.42308,Calibration,2005,2005-07-01,-0.005742638958700485,exper2_11
20.623000000000047,20.053295,Calibration,2005,2005-07-02,-0.01400581991561027,exper2_11
20.370000000000005,20.249363,Calibration,2005,2005-07-03,-0.002969939597650938,exper2_11
20.672000000000025,20.872372,Calibration,2005,2005-07-04,0.004823076279942037,exper2_11
20.562000000000012,20.797695,Calibration,2005,2005-07-05,0.005698667724721169,exper2_11
20.722500000000025,20.757856,Calibration,2005,2005-07-06,0.0008523641577230308,exper2_11
21.040999999999997,21.189613,Calibration,2005,2005-07-07,0.003519090312059336,exper2_11
21.496500000000026,21.262947,Calibration,2005,2005-07-08,-0.005462019118950984,exper2_11
22.11850000000004,21.825985,Calibration,2005,2005-07-09,-0.0066564677107195935,exper2_11
22.873500000000035,22.34089,Calibration,2005,2005-07-10,-0.011779637084183085,exper2_11
23.624500000000012,22.875725,Calibration,2005,2005-07-11,-0.016102614790813378,exper2_11
24.990499999999997,23.413607,Calibration,2005,2005-07-12,-0.032577677095280845,exper2_11
24.668499999999995,23.555809,Calibration,2005,2005-07-13,-0.02307323840595524,exper2_11
25.0625,23.629986,Calibration,2005,2005-07-14,-0.029419615097971766,exper2_11
25.66700000000003,23.9685,Calibration,2005,2005-07-15,-0.03421945700096907,exper2_11
26.091000000000008,24.152683,Calibration,2005,2005-07-16,-0.03857831703913856,exper2_11
26.125,24.191486,Calibration,2005,2005-07-17,-0.03842704014695798,exper2_11
25.185500000000047,23.895618,Calibration,2005,2005-07-18,-0.02628060652060731,exper2_11
24.51800000000003,23.219566,Calibration,2005,2005-07-19,-0.027199410321748378,exper2_11
24.059000000000026,23.725193,Calibration,2005,2005-07-20,-0.006985719653211509,exper2_11
24.572500000000048,23.909828,Calibration,2005,2005-07-21,-0.01366831665802235,exper2_11
24.33299999999997,23.756939,Calibration,2005,2005-07-22,-0.011978827140132032,exper2_11
23.809000000000026,23.904846,Calibration,2005,2005-07-23,0.0020087710184111484,exper2_11
23.718000000000018,24.133205,Calibration,2005,2005-07-24,0.00867701054190036,exper2_11
23.38050000000004,24.126839,Calibration,2005,2005-07-25,0.015709966181121,exper2_11
23.024999999999977,23.151436,Calibration,2005,2005-07-26,0.0027381033143377346,exper2_11
22.76750000000004,22.709316,Calibration,2005,2005-07-27,-0.0012794155600821362,exper2_11
22.266999999999996,22.364923,Calibration,2005,2005-07-28,0.002194023235923026,exper2_11
22.540999999999997,21.69765,Calibration,2005,2005-07-29,-0.019063625884588545,exper2_11
22.063499999999976,21.235022,Calibration,2005,2005-07-30,-0.01913410385314614,exper2_11
22.35300000000001,21.961262,Calibration,2005,2005-07-31,-0.00884000399124115,exper2_11
23.298500000000047,22.515625,Calibration,2005,2005-08-01,-0.017088070545929798,exper2_11
23.950499999999977,22.971087,Calibration,2005,2005-08-02,-0.020873409680669378,exper2_11
24.11450000000002,23.200596,Calibration,2005,2005-08-03,-0.019315276187415433,exper2_11
23.98750000000001,23.086876,Calibration,2005,2005-08-04,-0.01913193891489487,exper2_11
23.946000000000026,22.626394,Calibration,2005,2005-08-05,-0.028334504780808303,exper2_11
23.527499999999975,22.446411,Calibration,2005,2005-08-06,-0.023515268563171706,exper2_11
23.674500000000023,22.44255,Calibration,2005,2005-08-07,-0.026713532700190428,exper2_11
23.718500000000006,22.769352,Calibration,2005,2005-08-08,-0.020417119758596856,exper2_11
23.68950000000001,23.070522,Calibration,2005,2005-08-09,-0.0132373266969095,exper2_11
23.667500000000018,22.423994,Calibration,2005,2005-08-10,-0.026979076311420293,exper2_11
23.358000000000004,22.544159,Calibration,2005,2005-08-11,-0.017729908207495797,exper2_11
23.057500000000005,22.22204,Calibration,2005,2005-08-12,-0.018451155209478147,exper2_11
22.809000000000026,22.06615,Calibration,2005,2005-08-13,-0.016553690042349283,exper2_11
22.714999999999975,21.921219,Calibration,2005,2005-08-14,-0.017783341599894028,exper2_11
22.680000000000007,21.861782,Calibration,2005,2005-08-15,-0.018369671978245235,exper2_11
22.760500000000036,21.763042,Calibration,2005,2005-08-16,-0.02240292427697332,exper2_11
22.435500000000047,21.63037,Calibration,2005,2005-08-17,-0.018271075289424697,exper2_11
22.045500000000004,21.618519,Calibration,2005,2005-08-18,-0.00977878770900803,exper2_11
22.022500000000036,21.863258,Calibration,2005,2005-08-19,-0.003628549309112112,exper2_11
21.983000000000004,21.750168,Calibration,2005,2005-08-20,-0.00532392609052659,exper2_11
21.29400000000004,20.43681,Calibration,2005,2005-08-21,-0.020540949712171085,exper2_11
20.786999999999978,20.267414,Calibration,2005,2005-08-22,-0.01265603025791981,exper2_11
20.89300000000003,20.507988,Calibration,2005,2005-08-23,-0.009299585414442523,exper2_11
20.496500000000026,20.057425,Calibration,2005,2005-08-24,-0.010826953485638799,exper2_11
20.424000000000035,19.97738,Calibration,2005,2005-08-25,-0.011054554055265054,exper2_11
20.309000000000026,19.88227,Calibration,2005,2005-08-26,-0.010617459422901399,exper2_11
20.311500000000024,20.077705,Calibration,2005,2005-08-27,-0.00578854212358202,exper2_11
20.168000000000006,19.959093,Calibration,2005,2005-08-28,-0.005206131070576822,exper2_11
20.22800000000001,19.764528,Calibration,2005,2005-08-29,-0.011588957874388137,exper2_11
20.123500000000035,19.809021,Calibration,2005,2005-08-30,-0.007875260465950745,exper2_11
20.454499999999996,19.786098,Calibration,2005,2005-08-31,-0.01661012870133774,exper2_11
19.93900000000002,20.279867,Calibration,2005,2005-09-01,0.008475305154205179,exper2_11
19.52000000000004,19.81385,Calibration,2005,2005-09-02,0.007470674745100345,exper2_11
19.70700000000005,19.78768,Calibration,2005,2005-09-03,0.0020427984961697504,exper2_11
19.559000000000026,20.19958,Calibration,2005,2005-09-04,0.016111723586565298,exper2_11
19.777499999999975,20.188293,Calibration,2005,2005-09-05,0.010278626332614539,exper2_11
20.028999999999996,19.879105,Calibration,2005,2005-09-06,-0.003756013651638854,exper2_11
19.944000000000017,19.963917,Calibration,2005,2005-09-07,0.0004990683596677763,exper2_11
19.835000000000036,19.91637,Calibration,2005,2005-09-08,0.00204698331261451,exper2_11
19.689999999999998,19.855143,Calibration,2005,2005-09-09,0.004176052545361689,exper2_11
19.898500000000013,19.892035,Calibration,2005,2005-09-10,-0.00016248762266276494,exper2_11
20.04050000000001,20.303549,Calibration,2005,2005-09-11,0.006520139168142013,exper2_11
20.23150000000004,20.029001,Calibration,2005,2005-09-12,-0.005029712940017925,exper2_11
20.4735,19.99208,Calibration,2005,2005-09-13,-0.011897007366078235,exper2_11
20.060000000000002,19.87043,Calibration,2005,2005-09-14,-0.004747507286022034,exper2_11
19.879500000000007,20.326153,Calibration,2005,2005-09-15,0.011109204064380937,exper2_11
19.970000000000027,19.850494,Calibration,2005,2005-09-16,-0.003001108275544721,exper2_11
19.797000000000025,19.829155,Calibration,2005,2005-09-17,0.0008114581969269427,exper2_11
20.014499999999998,19.827461,Calibration,2005,2005-09-18,-0.004694516823229946,exper2_11
19.577999999999975,19.314823,Calibration,2005,2005-09-19,-0.006766720131009924,exper2_11
19.311000000000035,19.38159,Calibration,2005,2005-09-20,0.0018243774771313386,exper2_11
19.436000000000035,19.308538,Calibration,2005,2005-09-21,-0.0032897943362522435,exper2_11
19.363,19.003717,Calibration,2005,2005-09-22,-0.009364433593792035,exper2_11
18.938000000000045,18.642786,Calibration,2005,2005-09-23,-0.007855449691627492,exper2_11
18.432000000000016,18.136393,Calibration,2005,2005-09-24,-0.008083686092062755,exper2_11
18.21550000000002,17.867981,Calibration,2005,2005-09-25,-0.009630973336042625,exper2_11
17.968500000000006,17.74947,Calibration,2005,2005-09-26,-0.006132214244246377,exper2_11
17.784500000000037,17.318453,Calibration,2005,2005-09-27,-0.013276580095884304,exper2_11
17.360000000000014,16.872557,Calibration,2005,2005-09-28,-0.014239173488092975,exper2_11
16.573000000000036,16.537931,Calibration,2005,2005-09-29,-0.0010591232626737395,exper2_11
16.081500000000005,16.411278,Calibration,2005,2005-09-30,0.010149263732399529,exper2_11
16.22800000000001,16.396399,Calibration,2005,2005-10-01,0.005161736363745997,exper2_11
16.1755,16.449268,Calibration,2005,2005-10-02,0.008391426360562513,exper2_11
16.549500000000023,16.265726,Calibration,2005,2005-10-03,-0.008647629297104805,exper2_11
16.78400000000005,16.209965,Calibration,2005,2005-10-04,-0.01739818939960993,exper2_11
16.744000000000028,15.978852,Calibration,2005,2005-10-05,-0.02338267219512106,exper2_11
16.042500000000018,15.616887,Calibration,2005,2005-10-06,-0.013443498011030598,exper2_11
15.224499999999978,14.863541,Calibration,2005,2005-10-07,-0.011996771567541233,exper2_11
14.927999999999997,14.763017,Calibration,2005,2005-10-08,-0.0055566739569154165,exper2_11
14.747000000000014,13.850258,Calibration,2005,2005-10-09,-0.031357626330136085,exper2_11
14.622500000000002,14.098685,Calibration,2005,2005-10-10,-0.018237921958549952,exper2_11
14.518500000000017,13.438646,Calibration,2005,2005-10-11,-0.038625318594597925,exper2_11
14.310000000000002,13.6248865,Calibration,2005,2005-10-12,-0.02452537213390147,exper2_11
14.297000000000025,13.542474,Calibration,2005,2005-10-13,-0.027102746717833137,exper2_11
14.110000000000014,13.640302,Calibration,2005,2005-10-14,-0.016925880683981435,exper2_11
13.65300000000002,12.977379,Calibration,2005,2005-10-15,-0.02537031706203371,exper2_11
13.633500000000026,13.127194,Calibration,2005,2005-10-16,-0.018919748035794822,exper2_11
13.237500000000011,12.638936,Calibration,2005,2005-10-17,-0.02313162277156967,exper2_11
13.076000000000022,12.471913,Calibration,2005,2005-10-18,-0.023645244694050934,exper2_11
12.823500000000024,12.250888,Calibration,2005,2005-10-19,-0.0228365347206955,exper2_11
12.647500000000036,12.000536,Calibration,2005,2005-10-20,-0.0262480968444624,exper2_11
12.387,11.803445,Calibration,2005,2005-10-21,-0.024123373544987736,exper2_11
12.158000000000015,11.763007,Calibration,2005,2005-10-22,-0.016512383165578914,exper2_11
11.825499999999977,10.917755,Calibration,2005,2005-10-23,-0.039912706777451595,exper2_11
11.372000000000014,10.743441,Calibration,2005,2005-10-24,-0.0284217430943237,exper2_11
11.140000000000043,10.428232,Calibration,2005,2005-10-25,-0.033000748537847645,exper2_11
11.027000000000044,10.486249,Calibration,2005,2005-10-26,-0.025135721281410266,exper2_11
10.838999999999999,10.324402,Calibration,2005,2005-10-27,-0.02431547385649975,exper2_11
10.769000000000005,9.829035,Calibration,2005,2005-10-28,-0.04563373174126266,exper2_11
10.518000000000029,9.869127,Calibration,2005,2005-10-29,-0.03182757029637974,exper2_11
10.510500000000036,10.100588,Calibration,2005,2005-10-30,-0.019887943724127714,exper2_11
10.387,9.72991,Calibration,2005,2005-10-31,-0.03266357042501272,exper2_11
10.125999999999976,9.539792,Calibration,2005,2005-11-01,-0.029808508975078012,exper2_11
10.0,9.509935,Calibration,2005,2005-11-02,-0.02511872086969911,exper2_11
9.747000000000014,9.495055,Calibration,2005,2005-11-03,-0.013093445514489639,exper2_11
9.615499999999997,9.643929,Calibration,2005,2005-11-04,0.0014760836642142095,exper2_11
9.439999999999998,9.523118,Calibration,2005,2005-11-05,0.0043831409486705004,exper2_11
9.295000000000016,9.184123,Calibration,2005,2005-11-06,-0.006000120271883682,exper2_11
9.19300000000004,8.951671,Calibration,2005,2005-11-07,-0.01330028844457879,exper2_11
9.099499999999978,8.908679,Calibration,2005,2005-11-08,-0.01059635132603874,exper2_11
8.749500000000012,8.902015,Calibration,2005,2005-11-09,0.008640319806731368,exper2_11
8.259500000000003,8.175229,Calibration,2005,2005-11-10,-0.0051276128165597965,exper2_11
8.154500000000041,8.220881,Calibration,2005,2005-11-11,0.004053735313023056,exper2_11
8.072000000000003,8.130175,Calibration,2005,2005-11-12,0.0035905449820630223,exper2_11
8.05800000000005,8.084565,Calibration,2005,2005-11-13,0.0016456593107081166,exper2_11
7.737500000000011,7.575992,Calibration,2005,2005-11-14,-0.010546770878648828,exper2_11
7.592000000000041,7.52578,Calibration,2005,2005-11-15,-0.004380259413851767,exper2_11
7.1965000000000146,6.7842774,Calibration,2005,2005-11-16,-0.029484952655723342,exper2_11
6.5815000000000055,6.1102076,Calibration,2005,2005-11-17,-0.0371338876333201,exper2_11
6.305000000000007,5.8655705,Calibration,2005,2005-11-18,-0.03610590425252552,exper2_11
6.113999999999976,5.8844504,Calibration,2005,2005-11-19,-0.019131600834031738,exper2_11
5.9465000000000146,5.4467664,Calibration,2005,2005-11-20,-0.043862190788027,exper2_11
5.713000000000022,5.1282783,Calibration,2005,2005-11-21,-0.05393476034458834,exper2_11
5.422500000000014,4.865817,Calibration,2005,2005-11-22,-0.05410825951462365,exper2_11
5.239500000000021,4.895984,Calibration,2005,2005-11-23,-0.03389239441566444,exper2_11
4.712000000000046,3.9537761,Calibration,2005,2005-11-24,-0.08749636134851026,exper2_11
4.326000000000022,3.551299,Calibration,2005,2005-11-25,-0.09834600609780257,exper2_11
3.9680000000000177,3.372633,Calibration,2005,2005-11-26,-0.08110567865841167,exper2_11
3.7685000000000173,3.6045482,Calibration,2005,2005-11-27,-0.02223663528757612,exper2_11
3.7799999999999727,3.8470356,Calibration,2005,2005-11-28,0.008789213732064838,exper2_11
3.6295000000000073,4.230745,Calibration,2005,2005-11-29,0.07649187157036631,exper2_11
,3.9976113,Calibration,2005,2005-11-30,,exper2_11
,3.9921212,Calibration,2005,2005-12-01,,exper2_11
,3.6871495,Calibration,2005,2005-12-02,,exper2_11
,3.672451,Calibration,2005,2005-12-03,,exper2_11
,3.5623393,Calibration,2005,2005-12-04,,exper2_11
,3.5363555,Calibration,2005,2005-12-05,,exper2_11
,3.5316095,Calibration,2005,2005-12-06,,exper2_11
,3.4994557,Calibration,2005,2005-12-07,,exper2_11
,3.5465865,Calibration,2005,2005-12-08,,exper2_11
,3.5027277,Calibration,2005,2005-12-09,,exper2_11
,3.51018,Calibration,2005,2005-12-10,,exper2_11
,3.4670584,Calibration,2005,2005-12-11,,exper2_11
,3.454956,Calibration,2005,2005-12-12,,exper2_11
,3.5533829,Calibration,2005,2005-12-13,,exper2_11
,3.5490775,Calibration,2005,2005-12-14,,exper2_11
,3.715175,Calibration,2005,2005-12-15,,exper2_11
,3.5384202,Calibration,2005,2005-12-16,,exper2_11
,3.3649082,Calibration,2005,2005-12-17,,exper2_11
,3.382313,Calibration,2005,2005-12-18,,exper2_11
,3.4472647,Calibration,2005,2005-12-19,,exper2_11
,3.397883,Calibration,2005,2005-12-20,,exper2_11
,3.4063227,Calibration,2005,2005-12-21,,exper2_11
,3.4997091,Calibration,2005,2005-12-22,,exper2_11
,3.5294783,Calibration,2005,2005-12-23,,exper2_11
,3.7108622,Calibration,2005,2005-12-24,,exper2_11
,4.092071,Calibration,2005,2005-12-25,,exper2_11
,4.39644,Calibration,2005,2005-12-26,,exper2_11
,4.6183777,Calibration,2005,2005-12-27,,exper2_11
,4.75166,Calibration,2005,2005-12-28,,exper2_11
,4.653753,Calibration,2005,2005-12-29,,exper2_11
,4.4007998,Calibration,2005,2005-12-30,,exper2_11
,4.4213414,Calibration,2005,2005-12-31,,exper2_11
,3.5172858,Calibration,2006,2006-01-01,,exper2_11
,2.8773012,Calibration,2006,2006-01-02,,exper2_11
,2.6165743,Calibration,2006,2006-01-03,,exper2_11
,2.4498057,Calibration,2006,2006-01-04,,exper2_11
,2.318233,Calibration,2006,2006-01-05,,exper2_11
,2.2218292,Calibration,2006,2006-01-06,,exper2_11
,2.148219,Calibration,2006,2006-01-07,,exper2_11
,2.125764,Calibration,2006,2006-01-08,,exper2_11
,2.0878623,Calibration,2006,2006-01-09,,exper2_11
,2.1239882,Calibration,2006,2006-01-10,,exper2_11
,2.1789675,Calibration,2006,2006-01-11,,exper2_11
,2.272626,Calibration,2006,2006-01-12,,exper2_11
,2.2374172,Calibration,2006,2006-01-13,,exper2_11
,2.1852908,Calibration,2006,2006-01-14,,exper2_11
,2.1424434,Calibration,2006,2006-01-15,,exper2_11
,2.1395981,Calibration,2006,2006-01-16,,exper2_11
,2.1228106,Calibration,2006,2006-01-17,,exper2_11
,2.0834053,Calibration,2006,2006-01-18,,exper2_11
,2.1585412,Calibration,2006,2006-01-19,,exper2_11
,2.0841281,Calibration,2006,2006-01-20,,exper2_11
,2.179593,Calibration,2006,2006-01-21,,exper2_11
,2.3380773,Calibration,2006,2006-01-22,,exper2_11
,2.2844987,Calibration,2006,2006-01-23,,exper2_11
,2.4034839,Calibration,2006,2006-01-24,,exper2_11
,2.4037428,Calibration,2006,2006-01-25,,exper2_11
,2.3360047,Calibration,2006,2006-01-26,,exper2_11
,2.4444857,Calibration,2006,2006-01-27,,exper2_11
,2.5652745,Calibration,2006,2006-01-28,,exper2_11
,2.6349173,Calibration,2006,2006-01-29,,exper2_11
,2.5964892,Calibration,2006,2006-01-30,,exper2_11
,2.5075889,Calibration,2006,2006-01-31,,exper2_11
,2.5722926,Calibration,2006,2006-02-01,,exper2_11
,2.492796,Calibration,2006,2006-02-02,,exper2_11
,2.5924745,Calibration,2006,2006-02-03,,exper2_11
,2.5782392,Calibration,2006,2006-02-04,,exper2_11
,2.542884,Calibration,2006,2006-02-05,,exper2_11
,3.16669,Calibration,2006,2006-02-06,,exper2_11
,3.5383031,Calibration,2006,2006-02-07,,exper2_11
,3.823254,Calibration,2006,2006-02-08,,exper2_11
,4.0967355,Calibration,2006,2006-02-09,,exper2_11
,3.979665,Calibration,2006,2006-02-10,,exper2_11
,3.5357602,Calibration,2006,2006-02-11,,exper2_11
,3.2662845,Calibration,2006,2006-02-12,,exper2_11
,2.9586997,Calibration,2006,2006-02-13,,exper2_11
,3.1653242,Calibration,2006,2006-02-14,,exper2_11
,3.4195833,Calibration,2006,2006-02-15,,exper2_11
,3.5790617,Calibration,2006,2006-02-16,,exper2_11
,3.7105708,Calibration,2006,2006-02-17,,exper2_11
,4.010395,Calibration,2006,2006-02-18,,exper2_11
,4.1907525,Calibration,2006,2006-02-19,,exper2_11
,4.237127,Calibration,2006,2006-02-20,,exper2_11
,4.289689,Calibration,2006,2006-02-21,,exper2_11
,3.9561543,Calibration,2006,2006-02-22,,exper2_11
,3.9573946,Calibration,2006,2006-02-23,,exper2_11
,4.1780667,Calibration,2006,2006-02-24,,exper2_11
,4.106212,Calibration,2006,2006-02-25,,exper2_11
,4.283335,Calibration,2006,2006-02-26,,exper2_11
,4.393759,Calibration,2006,2006-02-27,,exper2_11
,4.480135,Calibration,2006,2006-02-28,,exper2_11
,4.496182,Calibration,2006,2006-03-01,,exper2_11
,4.576094,Calibration,2006,2006-03-02,,exper2_11
,4.7344966,Calibration,2006,2006-03-03,,exper2_11
,4.639775,Calibration,2006,2006-03-04,,exper2_11
,5.4370522,Calibration,2006,2006-03-05,,exper2_11
,4.728625,Calibration,2006,2006-03-06,,exper2_11
,4.7878203,Calibration,2006,2006-03-07,,exper2_11
,4.9447103,Calibration,2006,2006-03-08,,exper2_11
,4.7673755,Calibration,2006,2006-03-09,,exper2_11
,4.8277507,Calibration,2006,2006-03-10,,exper2_11
,4.932354,Calibration,2006,2006-03-11,,exper2_11
,4.9800024,Calibration,2006,2006-03-12,,exper2_11
,5.5918717,Calibration,2006,2006-03-13,,exper2_11
,4.5950217,Calibration,2006,2006-03-14,,exper2_11
,4.7060966,Calibration,2006,2006-03-15,,exper2_11
,4.8414044,Calibration,2006,2006-03-16,,exper2_11
,4.773907,Calibration,2006,2006-03-17,,exper2_11
,4.658096,Calibration,2006,2006-03-18,,exper2_11
,4.656386,Calibration,2006,2006-03-19,,exper2_11
,4.6269526,Calibration,2006,2006-03-20,,exper2_11
,4.5394197,Calibration,2006,2006-03-21,,exper2_11
,4.6313353,Calibration,2006,2006-03-22,,exper2_11
,4.649961,Calibration,2006,2006-03-23,,exper2_11
,4.7171445,Calibration,2006,2006-03-24,,exper2_11
,4.6844153,Calibration,2006,2006-03-25,,exper2_11
,5.1351066,Calibration,2006,2006-03-26,,exper2_11
,4.6858172,Calibration,2006,2006-03-27,,exper2_11
,4.837033,Calibration,2006,2006-03-28,,exper2_11
,4.4140925,Calibration,2006,2006-03-29,,exper2_11
,3.7711272,Calibration,2006,2006-03-30,,exper2_11
,4.5793915,Calibration,2006,2006-03-31,,exper2_11
,3.858934,Calibration,2006,2006-04-01,,exper2_11
,4.2928343,Calibration,2006,2006-04-02,,exper2_11
,3.847677,Calibration,2006,2006-04-03,,exper2_11
,3.5731404,Calibration,2006,2006-04-04,,exper2_11
,3.3425307,Calibration,2006,2006-04-05,,exper2_11
,4.649573,Calibration,2006,2006-04-06,,exper2_11
,3.4719658,Calibration,2006,2006-04-07,,exper2_11
,3.4793673,Calibration,2006,2006-04-08,,exper2_11
,3.2566304,Calibration,2006,2006-04-09,,exper2_11
,3.181397,Calibration,2006,2006-04-10,,exper2_11
,3.1550298,Calibration,2006,2006-04-11,,exper2_11
,3.369319,Calibration,2006,2006-04-12,,exper2_11
,3.5599246,Calibration,2006,2006-04-13,,exper2_11
,4.165522,Calibration,2006,2006-04-14,,exper2_11
,4.6578193,Calibration,2006,2006-04-15,,exper2_11
,4.207444,Calibration,2006,2006-04-16,,exper2_11
,4.297645,Calibration,2006,2006-04-17,,exper2_11
,4.164791,Calibration,2006,2006-04-18,,exper2_11
,3.950918,Calibration,2006,2006-04-19,,exper2_11
,4.2720656,Calibration,2006,2006-04-20,,exper2_11
,4.319138,Calibration,2006,2006-04-21,,exper2_11
,4.502649,Calibration,2006,2006-04-22,,exper2_11
,5.0265517,Calibration,2006,2006-04-23,,exper2_11
,5.4381967,Calibration,2006,2006-04-24,,exper2_11
,4.6549063,Calibration,2006,2006-04-25,,exper2_11
,4.31404,Calibration,2006,2006-04-26,,exper2_11
,5.2064033,Calibration,2006,2006-04-27,,exper2_11
,5.1230702,Calibration,2006,2006-04-28,,exper2_11
,5.2547755,Calibration,2006,2006-04-29,,exper2_11
,5.0173135,Calibration,2006,2006-04-30,,exper2_11
,4.5869813,Calibration,2006,2006-05-01,,exper2_11
,4.309501,Calibration,2006,2006-05-02,,exper2_11
,5.1628823,Calibration,2006,2006-05-03,,exper2_11
,6.112779,Calibration,2006,2006-05-04,,exper2_11
,6.4022975,Calibration,2006,2006-05-05,,exper2_11
,7.5716014,Calibration,2006,2006-05-06,,exper2_11
,7.5643764,Calibration,2006,2006-05-07,,exper2_11
,8.838114,Calibration,2006,2006-05-08,,exper2_11
,8.44363,Calibration,2006,2006-05-09,,exper2_11
,7.5178237,Calibration,2006,2006-05-10,,exper2_11
,5.8391194,Calibration,2006,2006-05-11,,exper2_11
,5.181008,Calibration,2006,2006-05-12,,exper2_11
,5.819322,Calibration,2006,2006-05-13,,exper2_11
,6.029251,Calibration,2006,2006-05-14,,exper2_11
,6.4593263,Calibration,2006,2006-05-15,,exper2_11
,6.2001996,Calibration,2006,2006-05-16,,exper2_11
,7.0258675,Calibration,2006,2006-05-17,,exper2_11
,6.4613667,Calibration,2006,2006-05-18,,exper2_11
,7.619815,Calibration,2006,2006-05-19,,exper2_11
,8.223038,Calibration,2006,2006-05-20,,exper2_11
,7.34802,Calibration,2006,2006-05-21,,exper2_11
,7.9653306,Calibration,2006,2006-05-22,,exper2_11
,8.986023,Calibration,2006,2006-05-23,,exper2_11
,9.51572,Calibration,2006,2006-05-24,,exper2_11
13.160000000000025,11.072336,Calibration,2006,2006-05-25,-0.08615198246414765,exper2_11
13.762,11.767176,Calibration,2006,2006-05-26,-0.07813900264546637,exper2_11
14.375,13.121845,Calibration,2006,2006-05-27,-0.04557449203559368,exper2_11
15.35850000000005,14.060027,Calibration,2006,2006-05-28,-0.044137929546768255,exper2_11
16.59650000000005,15.246862,Calibration,2006,2006-05-29,-0.04238363936132739,exper2_11
17.964999999999975,15.958957,Calibration,2006,2006-05-30,-0.05913352909286212,exper2_11
18.313499999999976,16.874454,Calibration,2006,2006-05-31,-0.04089596915270685,exper2_11
18.444000000000017,17.478197,Calibration,2006,2006-06-01,-0.026885964118309125,exper2_11
18.711000000000013,17.874329,Calibration,2006,2006-06-02,-0.02286904118212657,exper2_11
18.976999999999975,18.06705,Calibration,2006,2006-06-03,-0.024563972978746025,exper2_11
19.680499999999995,18.410309,Calibration,2006,2006-06-04,-0.03334639512421837,exper2_11
19.720500000000015,18.651766,Calibration,2006,2006-06-05,-0.027851734936773582,exper2_11
19.472000000000037,18.431395,Calibration,2006,2006-06-06,-0.027454148489496774,exper2_11
19.55200000000002,18.144577,Calibration,2006,2006-06-07,-0.03733556425158706,exper2_11
19.573000000000036,18.362324,Calibration,2006,2006-06-08,-0.031914219228538585,exper2_11
18.938000000000045,17.94765,Calibration,2006,2006-06-09,-0.02684916942385294,exper2_11
18.334000000000003,17.161957,Calibration,2006,2006-06-10,-0.03301906242223803,exper2_11
18.17100000000005,17.622107,Calibration,2006,2006-06-11,-0.015335172069423314,exper2_11
18.452999999999975,18.144701,Calibration,2006,2006-06-12,-0.00842399898118518,exper2_11
18.873500000000035,19.25433,Calibration,2006,2006-06-13,0.009988233911521715,exper2_11
18.932000000000016,19.515217,Calibration,2006,2006-06-14,0.015169285985274119,exper2_11
19.148000000000025,19.646402,Calibration,2006,2006-06-15,0.012847275088722325,exper2_11
19.58250000000004,19.682844,Calibration,2006,2006-06-16,0.002555540111231443,exper2_11
20.307500000000005,19.674314,Calibration,2006,2006-06-17,-0.015836837548131692,exper2_11
20.63900000000001,19.9545,Calibration,2006,2006-06-18,-0.016862300572526988,exper2_11
20.30600000000004,20.329788,Calibration,2006,2006-06-19,0.0005854004328894667,exper2_11
20.210000000000036,20.527695,Calibration,2006,2006-06-20,0.007798543939985051,exper2_11
20.39549999999997,20.568245,Calibration,2006,2006-06-21,0.004217020059080018,exper2_11
20.187000000000012,20.658978,Calibration,2006,2006-06-22,0.011555054801814277,exper2_11
20.130999999999972,20.727177,Calibration,2006,2006-06-23,0.014591367381112491,exper2_11
20.334000000000003,20.823555,Calibration,2006,2006-06-24,0.011894656831847691,exper2_11
20.366000000000042,20.628561,Calibration,2006,2006-06-25,0.0064047769598015595,exper2_11
21.250999999999976,20.932072,Calibration,2006,2006-06-26,-0.007560575877085523,exper2_11
20.903999999999996,20.909548,Calibration,2006,2006-06-27,0.00013267962364506053,exper2_11
20.65900000000005,20.653067,Calibration,2006,2006-06-28,-0.0001436230465209158,exper2_11
20.738999999999976,20.968311,Calibration,2006,2006-06-29,0.005498108188060458,exper2_11
21.463000000000022,21.178913,Calibration,2006,2006-06-30,-0.006662151455754404,exper2_11
21.66900000000004,21.678709,Calibration,2006,2006-07-01,0.00022398023721563476,exper2_11
21.902499999999975,21.977514,Calibration,2006,2006-07-02,0.001709531508157875,exper2_11
21.959000000000003,22.180244,Calibration,2006,2006-07-03,0.005012420320706833,exper2_11
21.624000000000024,21.143642,Calibration,2006,2006-07-04,-0.011231799258031729,exper2_11
21.39450000000005,20.98642,Calibration,2006,2006-07-05,-0.009628868966712579,exper2_11
21.637,21.580584,Calibration,2006,2006-07-06,-0.0013054044893049126,exper2_11
21.793000000000006,21.59026,Calibration,2006,2006-07-07,-0.004673241478202797,exper2_11
21.765000000000043,21.714464,Calibration,2006,2006-07-08,-0.0011622915167468783,exper2_11
21.721000000000004,21.97759,Calibration,2006,2006-07-09,0.005871826931246471,exper2_11
21.628000000000043,21.261032,Calibration,2006,2006-07-10,-0.008556217697191136,exper2_11
22.40650000000005,21.99379,Calibration,2006,2006-07-11,-0.009295216994965657,exper2_11
,22.685532,Calibration,2006,2006-07-12,,exper2_11
,23.137867,Calibration,2006,2006-07-13,,exper2_11
,23.443598,Calibration,2006,2006-07-14,,exper2_11
,23.766659,Calibration,2006,2006-07-15,,exper2_11
,23.986034,Calibration,2006,2006-07-16,,exper2_11
,24.173958,Calibration,2006,2006-07-17,,exper2_11
24.48950000000002,24.237988,Calibration,2006,2006-07-18,-0.00516161399856625,exper2_11
23.529999999999973,24.064594,Calibration,2006,2006-07-19,0.011232247632570217,exper2_11
23.547000000000025,23.927963,Calibration,2006,2006-07-20,0.008024508724207529,exper2_11
23.572000000000003,23.72929,Calibration,2006,2006-07-21,0.003325279469471232,exper2_11
23.40900000000005,23.643894,Calibration,2006,2006-07-22,0.004992130655775337,exper2_11
23.076999999999998,23.478329,Calibration,2006,2006-07-23,0.008620467645679301,exper2_11
22.90700000000004,23.807018,Calibration,2006,2006-07-24,0.019266556660445196,exper2_11
23.454000000000008,23.837238,Calibration,2006,2006-07-25,0.008103791007566159,exper2_11
23.65650000000005,23.875896,Calibration,2006,2006-07-26,0.004615724647301386,exper2_11
24.249000000000024,24.017101,Calibration,2006,2006-07-27,-0.004804587608501162,exper2_11
24.241499999999974,24.148933,Calibration,2006,2006-07-28,-0.0019129109377863185,exper2_11
24.765000000000043,24.146494,Calibration,2006,2006-07-29,-0.01264541396696905,exper2_11
24.309000000000026,24.265556,Calibration,2006,2006-07-30,-0.0008943707946767679,exper2_11
23.836000000000013,24.36081,Calibration,2006,2006-07-31,0.010888881100410929,exper2_11
24.432000000000016,24.301182,Calibration,2006,2006-08-01,-0.002684376475605885,exper2_11
24.059000000000026,23.388073,Calibration,2006,2006-08-02,-0.014140535769822552,exper2_11
24.062000000000012,23.789404,Calibration,2006,2006-08-03,-0.005696720728960238,exper2_11
24.37900000000002,23.695005,Calibration,2006,2006-08-04,-0.01422795078543371,exper2_11
23.849499999999978,23.317562,Calibration,2006,2006-08-05,-0.011277740715837347,exper2_11
23.557000000000016,23.532848,Calibration,2006,2006-08-06,-0.0005128842561145619,exper2_11
23.273000000000025,23.098532,Calibration,2006,2006-08-07,-0.00376240056118189,exper2_11
23.314999999999998,22.707176,Calibration,2006,2006-08-08,-0.01320719360923429,exper2_11
23.235000000000014,22.566353,Calibration,2006,2006-08-09,-0.014598851654790076,exper2_11
23.116000000000042,22.499468,Calibration,2006,2006-08-10,-0.01351585721535521,exper2_11
22.928999999999974,22.137054,Calibration,2006,2006-08-11,-0.01757299516060241,exper2_11
22.795000000000016,21.461342,Calibration,2006,2006-08-12,-0.030134848161913495,exper2_11
22.497000000000014,21.734726,Calibration,2006,2006-08-13,-0.017233649183760847,exper2_11
22.137999999999977,21.522118,Calibration,2006,2006-08-14,-0.014106292399126993,exper2_11
21.966000000000008,21.328583,Calibration,2006,2006-08-15,-0.01472279429986757,exper2_11
22.04200000000003,21.506426,Calibration,2006,2006-08-16,-0.012298358250836893,exper2_11
21.95700000000005,21.534702,Calibration,2006,2006-08-17,-0.009709845249370774,exper2_11
22.212499999999977,21.610039,Calibration,2006,2006-08-18,-0.01374774852757857,exper2_11
21.539000000000044,21.449799,Calibration,2006,2006-08-19,-0.0020749920666287545,exper2_11
21.490499999999997,21.503849,Calibration,2006,2006-08-20,0.00031048335054093646,exper2_11
21.747000000000014,21.469843,Calibration,2006,2006-08-21,-0.006413172979934737,exper2_11
21.836000000000013,21.511196,Calibration,2006,2006-08-22,-0.007493076657202661,exper2_11
21.926000000000045,20.4557,Calibration,2006,2006-08-23,-0.03469186186723035,exper2_11
21.682000000000016,20.254604,Calibration,2006,2006-08-24,-0.03403698708749662,exper2_11
20.91700000000003,19.552006,Calibration,2006,2006-08-25,-0.0337293740303128,exper2_11
20.802999999999997,19.879288,Calibration,2006,2006-08-26,-0.022705514661249815,exper2_11
21.11700000000002,19.975689,Calibration,2006,2006-08-27,-0.027774066269984802,exper2_11
20.911999999999978,19.617151,Calibration,2006,2006-08-28,-0.031948577736191905,exper2_11
20.637999999999977,19.615156,Calibration,2006,2006-08-29,-0.025410276448385907,exper2_11
20.58299999999997,19.557077,Calibration,2006,2006-08-30,-0.02555856038191786,exper2_11
20.435000000000002,19.767124,Calibration,2006,2006-08-31,-0.016612948635507687,exper2_11
20.577999999999975,20.134281,Calibration,2006,2006-09-01,-0.010898894115655401,exper2_11
20.623000000000047,19.90274,Calibration,2006,2006-09-02,-0.017772889846794062,exper2_11
20.826000000000022,19.721636,Calibration,2006,2006-09-03,-0.027236216347173842,exper2_11
20.90100000000001,19.767017,Calibration,2006,2006-09-04,-0.027883892773388083,exper2_11
20.968000000000018,19.858522,Calibration,2006,2006-09-05,-0.027175412433043142,exper2_11
21.036,19.800713,Calibration,2006,2006-09-06,-0.03024943332463386,exper2_11
20.569500000000005,20.219063,Calibration,2006,2006-09-07,-0.00859155534599409,exper2_11
20.351,19.409245,Calibration,2006,2006-09-08,-0.023685856905677063,exper2_11
19.5,19.297985,Calibration,2006,2006-09-09,-0.005206840579356755,exper2_11
18.971000000000004,18.074532,Calibration,2006,2006-09-10,-0.024199097899000807,exper2_11
18.491000000000042,17.40721,Calibration,2006,2006-09-11,-0.030190659140440602,exper2_11
,17.340508,Calibration,2006,2006-09-12,,exper2_11
17.911,17.504011,Calibration,2006,2006-09-13,-0.011491986944559239,exper2_11
17.932000000000016,17.785149,Calibration,2006,2006-09-14,-0.0041115090388214245,exper2_11
17.87900000000002,17.50464,Calibration,2006,2006-09-15,-0.010580014228275886,exper2_11
17.76600000000002,17.517025,Calibration,2006,2006-09-16,-0.00705650964299701,exper2_11
17.619000000000028,17.119366,Calibration,2006,2006-09-17,-0.014382781052201995,exper2_11
16.795000000000016,16.326006,Calibration,2006,2006-09-18,-0.014160018727752391,exper2_11
16.236500000000035,15.31589,Calibration,2006,2006-09-19,-0.029177177345242184,exper2_11
15.844000000000051,14.812079,Calibration,2006,2006-09-20,-0.03366120487593472,exper2_11
15.591000000000008,14.910929,Calibration,2006,2006-09-21,-0.022296008882207053,exper2_11
15.338000000000022,14.667591,Calibration,2006,2006-09-22,-0.022342799477184344,exper2_11
15.233000000000004,14.421043,Calibration,2006,2006-09-23,-0.02738097443108015,exper2_11
14.983000000000004,14.44332,Calibration,2006,2006-09-24,-0.01834003438470501,exper2_11
14.708000000000027,14.424251,Calibration,2006,2006-09-25,-0.009740043814237426,exper2_11
14.471000000000004,14.415235,Calibration,2006,2006-09-26,-0.0019305193322528046,exper2_11
14.20700000000005,13.683852,Calibration,2006,2006-09-27,-0.018756967359362827,exper2_11
13.964999999999975,13.333549,Calibration,2006,2006-09-28,-0.02313131971475676,exper2_11
13.661999999999978,13.051949,Calibration,2006,2006-09-29,-0.022836438857216795,exper2_11
13.411000000000001,12.798852,Calibration,2006,2006-09-30,-0.02335564633925236,exper2_11
13.432000000000016,13.337186,Calibration,2006,2006-10-01,-0.003541913482794778,exper2_11
13.761000000000024,13.535091,Calibration,2006,2006-10-02,-0.00827622521268108,exper2_11
13.798000000000002,13.09509,Calibration,2006,2006-10-03,-0.026137200666590914,exper2_11
13.29600000000005,13.463535,Calibration,2006,2006-10-04,0.006260770484400348,exper2_11
13.485000000000014,13.535512,Calibration,2006,2006-10-05,0.0018693935398084074,exper2_11
13.18300000000005,13.458398,Calibration,2006,2006-10-06,0.01033721528756976,exper2_11
13.010000000000048,13.6426735,Calibration,2006,2006-10-07,0.023737712189032267,exper2_11
12.747000000000014,13.855215,Calibration,2006,2006-10-08,0.041658751709437336,exper2_11
12.505999999999972,13.364591,Calibration,2006,2006-10-09,0.03318790268933512,exper2_11
12.361000000000047,13.123548,Calibration,2006,2006-10-10,0.029921957703969323,exper2_11
11.880999999999972,13.032321,Calibration,2006,2006-10-11,0.046213067192229236,exper2_11
10.850500000000011,10.981774,Calibration,2006,2006-10-12,0.006012856386561923,exper2_11
9.907000000000039,10.173676,Calibration,2006,2006-10-13,0.013280207461970847,exper2_11
9.213999999999999,9.42,Calibration,2006,2006-10-14,0.011055064690915111,exper2_11
9.096000000000004,9.359736,Calibration,2006,2006-10-15,0.014290215044339177,exper2_11
8.990000000000009,9.693984,Calibration,2006,2006-10-16,0.03767847534464204,exper2_11
8.944500000000005,9.551583,Calibration,2006,2006-10-17,0.032822261912338474,exper2_11
8.845000000000027,9.360315,Calibration,2006,2006-10-18,0.02830576201162671,exper2_11
8.571500000000015,8.703937,Calibration,2006,2006-10-19,0.007666178290438734,exper2_11
8.426000000000045,8.458719,Calibration,2006,2006-10-20,0.001937802639693551,exper2_11
8.362000000000023,8.50537,Calibration,2006,2006-10-21,0.008499851422304586,exper2_11
8.045000000000016,7.918758,Calibration,2006,2006-10-22,-0.007908043029181747,exper2_11
7.82000000000005,7.606905,Calibration,2006,2006-10-23,-0.013813205999983544,exper2_11
7.653500000000008,7.329428,Calibration,2006,2006-10-24,-0.021629403799329764,exper2_11
7.714999999999975,7.130942,Calibration,2006,2006-10-25,-0.03934126493094248,exper2_11
7.54400000000004,7.031823,Calibration,2006,2006-10-26,-0.03513879361561034,exper2_11
7.491000000000042,7.0375834,Calibration,2006,2006-10-27,-0.03120859328857809,exper2_11
7.253000000000043,6.7143455,Calibration,2006,2006-10-28,-0.03856527688523615,exper2_11
7.136000000000024,6.8079267,Calibration,2006,2006-10-29,-0.02352804581563446,exper2_11
,6.965138,Calibration,2006,2006-10-30,,exper2_11
,7.0317063,Calibration,2006,2006-10-31,,exper2_11
,6.8444433,Calibration,2006,2006-11-01,,exper2_11
,6.501863,Calibration,2006,2006-11-02,,exper2_11
,6.291119,Calibration,2006,2006-11-03,,exper2_11
,6.5257497,Calibration,2006,2006-11-04,,exper2_11
,6.417802,Calibration,2006,2006-11-05,,exper2_11
,6.4387045,Calibration,2006,2006-11-06,,exper2_11
,6.791307,Calibration,2006,2006-11-07,,exper2_11
,6.7689567,Calibration,2006,2006-11-08,,exper2_11
,6.752152,Calibration,2006,2006-11-09,,exper2_11
,6.8444343,Calibration,2006,2006-11-10,,exper2_11
,6.572519,Calibration,2006,2006-11-11,,exper2_11
,6.1788187,Calibration,2006,2006-11-12,,exper2_11
,6.306648,Calibration,2006,2006-11-13,,exper2_11
,5.9194427,Calibration,2006,2006-11-14,,exper2_11
,5.951259,Calibration,2006,2006-11-15,,exper2_11
,5.813913,Calibration,2006,2006-11-16,,exper2_11
,5.8406224,Calibration,2006,2006-11-17,,exper2_11
,6.0027313,Calibration,2006,2006-11-18,,exper2_11
,5.5472426,Calibration,2006,2006-11-19,,exper2_11
,5.7587686,Calibration,2006,2006-11-20,,exper2_11
,5.9159513,Calibration,2006,2006-11-21,,exper2_11
,5.9565988,Calibration,2006,2006-11-22,,exper2_11
,6.0840745,Calibration,2006,2006-11-23,,exper2_11
,6.2477818,Calibration,2006,2006-11-24,,exper2_11
,6.1757193,Calibration,2006,2006-11-25,,exper2_11
,6.3407035,Calibration,2006,2006-11-26,,exper2_11
,6.29386,Calibration,2006,2006-11-27,,exper2_11
,6.318662,Calibration,2006,2006-11-28,,exper2_11
,6.3382897,Calibration,2006,2006-11-29,,exper2_11
,5.7563834,Calibration,2006,2006-11-30,,exper2_11
,5.8762064,Calibration,2006,2006-12-01,,exper2_11
,5.3944745,Calibration,2006,2006-12-02,,exper2_11
,5.0774407,Calibration,2006,2006-12-03,,exper2_11
,4.971469,Calibration,2006,2006-12-04,,exper2_11
,4.5921364,Calibration,2006,2006-12-05,,exper2_11
,4.3521266,Calibration,2006,2006-12-06,,exper2_11
,3.5913517,Calibration,2006,2006-12-07,,exper2_11
,3.3523307,Calibration,2006,2006-12-08,,exper2_11
,3.5303106,Calibration,2006,2006-12-09,,exper2_11
,3.5528955,Calibration,2006,2006-12-10,,exper2_11
,3.7463918,Calibration,2006,2006-12-11,,exper2_11
,4.3453946,Calibration,2006,2006-12-12,,exper2_11
,4.7844105,Calibration,2006,2006-12-13,,exper2_11
,5.049811,Calibration,2006,2006-12-14,,exper2_11
,5.452229,Calibration,2006,2006-12-15,,exper2_11
,5.1636343,Calibration,2006,2006-12-16,,exper2_11
,5.841813,Calibration,2006,2006-12-17,,exper2_11
,5.5740285,Calibration,2006,2006-12-18,,exper2_11
,4.957561,Calibration,2006,2006-12-19,,exper2_11
,4.733094,Calibration,2006,2006-12-20,,exper2_11
,4.4329824,Calibration,2006,2006-12-21,,exper2_11
,4.7024937,Calibration,2006,2006-12-22,,exper2_11
,4.4361696,Calibration,2006,2006-12-23,,exper2_11
,4.0376883,Calibration,2006,2006-12-24,,exper2_11
,4.196525,Calibration,2006,2006-12-25,,exper2_11
,3.980424,Calibration,2006,2006-12-26,,exper2_11
,3.7177873,Calibration,2006,2006-12-27,,exper2_11
,3.95477,Calibration,2006,2006-12-28,,exper2_11
,4.2542205,Calibration,2006,2006-12-29,,exper2_11
,4.2858715,Calibration,2006,2006-12-30,,exper2_11
,4.483312,Calibration,2006,2006-12-31,,exper2_11
,3.8098729,Calibration,2007,2007-01-01,,exper2_11
,3.1597652,Calibration,2007,2007-01-02,,exper2_11
,2.8474479,Calibration,2007,2007-01-03,,exper2_11
,2.622636,Calibration,2007,2007-01-04,,exper2_11
,2.4394197,Calibration,2007,2007-01-05,,exper2_11
,2.304111,Calibration,2007,2007-01-06,,exper2_11
,2.211977,Calibration,2007,2007-01-07,,exper2_11
,2.1424336,Calibration,2007,2007-01-08,,exper2_11
,2.098856,Calibration,2007,2007-01-09,,exper2_11
,2.0865874,Calibration,2007,2007-01-10,,exper2_11
,2.0803368,Calibration,2007,2007-01-11,,exper2_11
,2.0844533,Calibration,2007,2007-01-12,,exper2_11
,2.0663555,Calibration,2007,2007-01-13,,exper2_11
,2.0342388,Calibration,2007,2007-01-14,,exper2_11
,2.1111505,Calibration,2007,2007-01-15,,exper2_11
,2.3805976,Calibration,2007,2007-01-16,,exper2_11
,2.4450712,Calibration,2007,2007-01-17,,exper2_11
,2.4705744,Calibration,2007,2007-01-18,,exper2_11
,2.4945364,Calibration,2007,2007-01-19,,exper2_11
,2.6785822,Calibration,2007,2007-01-20,,exper2_11
,2.709579,Calibration,2007,2007-01-21,,exper2_11
,2.5721207,Calibration,2007,2007-01-22,,exper2_11
,2.561822,Calibration,2007,2007-01-23,,exper2_11
,2.5503726,Calibration,2007,2007-01-24,,exper2_11
,2.6659355,Calibration,2007,2007-01-25,,exper2_11
,2.7166297,Calibration,2007,2007-01-26,,exper2_11
,2.6494277,Calibration,2007,2007-01-27,,exper2_11
,2.6230617,Calibration,2007,2007-01-28,,exper2_11
,2.674704,Calibration,2007,2007-01-29,,exper2_11
,2.736813,Calibration,2007,2007-01-30,,exper2_11
,2.9089026,Calibration,2007,2007-01-31,,exper2_11
,2.8973007,Calibration,2007,2007-02-01,,exper2_11
,2.9927464,Calibration,2007,2007-02-02,,exper2_11
,3.1576233,Calibration,2007,2007-02-03,,exper2_11
,3.602988,Calibration,2007,2007-02-04,,exper2_11
,3.92079,Calibration,2007,2007-02-05,,exper2_11
,4.1907315,Calibration,2007,2007-02-06,,exper2_11
,4.227649,Calibration,2007,2007-02-07,,exper2_11
,4.329455,Calibration,2007,2007-02-08,,exper2_11
,4.412907,Calibration,2007,2007-02-09,,exper2_11
,4.479583,Calibration,2007,2007-02-10,,exper2_11
,4.483638,Calibration,2007,2007-02-11,,exper2_11
,4.525496,Calibration,2007,2007-02-12,,exper2_11
,4.627602,Calibration,2007,2007-02-13,,exper2_11
,4.6161914,Calibration,2007,2007-02-14,,exper2_11
,4.62444,Calibration,2007,2007-02-15,,exper2_11
,4.605643,Calibration,2007,2007-02-16,,exper2_11
,4.62637,Calibration,2007,2007-02-17,,exper2_11
,4.390173,Calibration,2007,2007-02-18,,exper2_11
,4.489353,Calibration,2007,2007-02-19,,exper2_11
,4.254756,Calibration,2007,2007-02-20,,exper2_11
,4.4310446,Calibration,2007,2007-02-21,,exper2_11
,4.5311484,Calibration,2007,2007-02-22,,exper2_11
,4.1189857,Calibration,2007,2007-02-23,,exper2_11
,4.2654076,Calibration,2007,2007-02-24,,exper2_11
,3.7487879,Calibration,2007,2007-02-25,,exper2_11
,3.398067,Calibration,2007,2007-02-26,,exper2_11
,2.8462815,Calibration,2007,2007-02-27,,exper2_11
,3.585321,Calibration,2007,2007-02-28,,exper2_11
,3.8929157,Calibration,2007,2007-03-01,,exper2_11
,3.5199747,Calibration,2007,2007-03-02,,exper2_11
,3.615973,Calibration,2007,2007-03-03,,exper2_11
,4.070117,Calibration,2007,2007-03-04,,exper2_11
,4.2054663,Calibration,2007,2007-03-05,,exper2_11
,4.478324,Calibration,2007,2007-03-06,,exper2_11
,4.3393617,Calibration,2007,2007-03-07,,exper2_11
,4.567527,Calibration,2007,2007-03-08,,exper2_11
,4.628039,Calibration,2007,2007-03-09,,exper2_11
,4.861318,Calibration,2007,2007-03-10,,exper2_11
,4.8925567,Calibration,2007,2007-03-11,,exper2_11
,4.8531303,Calibration,2007,2007-03-12,,exper2_11
,4.777941,Calibration,2007,2007-03-13,,exper2_11
,4.77496,Calibration,2007,2007-03-14,,exper2_11
,4.9325852,Calibration,2007,2007-03-15,,exper2_11
,4.8809094,Calibration,2007,2007-03-16,,exper2_11
,4.8380914,Calibration,2007,2007-03-17,,exper2_11
,4.890226,Calibration,2007,2007-03-18,,exper2_11
,4.807672,Calibration,2007,2007-03-19,,exper2_11
,4.840039,Calibration,2007,2007-03-20,,exper2_11
,5.735214,Calibration,2007,2007-03-21,,exper2_11
,4.762253,Calibration,2007,2007-03-22,,exper2_11
,4.6948953,Calibration,2007,2007-03-23,,exper2_11
,4.735937,Calibration,2007,2007-03-24,,exper2_11
,4.6226025,Calibration,2007,2007-03-25,,exper2_11
,4.700171,Calibration,2007,2007-03-26,,exper2_11
,4.6481605,Calibration,2007,2007-03-27,,exper2_11
,4.516597,Calibration,2007,2007-03-28,,exper2_11
,4.6972933,Calibration,2007,2007-03-29,,exper2_11
,5.4972663,Calibration,2007,2007-03-30,,exper2_11
,5.329226,Calibration,2007,2007-03-31,,exper2_11
,5.3034844,Calibration,2007,2007-04-01,,exper2_11
,4.5599656,Calibration,2007,2007-04-02,,exper2_11
,5.0255938,Calibration,2007,2007-04-03,,exper2_11
,4.5669765,Calibration,2007,2007-04-04,,exper2_11
,4.044403,Calibration,2007,2007-04-05,,exper2_11
,3.897316,Calibration,2007,2007-04-06,,exper2_11
,4.0610056,Calibration,2007,2007-04-07,,exper2_11
,3.978541,Calibration,2007,2007-04-08,,exper2_11
,3.9729686,Calibration,2007,2007-04-09,,exper2_11
,3.660182,Calibration,2007,2007-04-10,,exper2_11
,3.9155312,Calibration,2007,2007-04-11,,exper2_11
,3.5339866,Calibration,2007,2007-04-12,,exper2_11
,3.6019735,Calibration,2007,2007-04-13,,exper2_11
,3.324044,Calibration,2007,2007-04-14,,exper2_11
,3.4014876,Calibration,2007,2007-04-15,,exper2_11
,3.8342564,Calibration,2007,2007-04-16,,exper2_11
,3.425799,Calibration,2007,2007-04-17,,exper2_11
,3.706859,Calibration,2007,2007-04-18,,exper2_11
,3.64463,Calibration,2007,2007-04-19,,exper2_11
,4.051278,Calibration,2007,2007-04-20,,exper2_11
,4.014647,Calibration,2007,2007-04-21,,exper2_11
,4.8138375,Calibration,2007,2007-04-22,,exper2_11
,4.7708325,Calibration,2007,2007-04-23,,exper2_11
,5.7792315,Calibration,2007,2007-04-24,,exper2_11
,5.8400254,Calibration,2007,2007-04-25,,exper2_11
,5.624304,Calibration,2007,2007-04-26,,exper2_11
,6.0644774,Calibration,2007,2007-04-27,,exper2_11
,5.8686337,Calibration,2007,2007-04-28,,exper2_11
,6.98137,Calibration,2007,2007-04-29,,exper2_11
,7.961558,Calibration,2007,2007-04-30,,exper2_11
,8.006559,Calibration,2007,2007-05-01,,exper2_11
,7.1218133,Calibration,2007,2007-05-02,,exper2_11
,7.2563796,Calibration,2007,2007-05-03,,exper2_11
,6.762415,Calibration,2007,2007-05-04,,exper2_11
,7.200626,Calibration,2007,2007-05-05,,exper2_11
,6.3744664,Calibration,2007,2007-05-06,,exper2_11
,6.8178563,Calibration,2007,2007-05-07,,exper2_11
,7.6429367,Calibration,2007,2007-05-08,,exper2_11
,9.329885,Calibration,2007,2007-05-09,,exper2_11
,11.8869,Calibration,2007,2007-05-10,,exper2_11
,12.240106,Calibration,2007,2007-05-11,,exper2_11
,12.031568,Calibration,2007,2007-05-12,,exper2_11
,11.673834,Calibration,2007,2007-05-13,,exper2_11
,11.993339,Calibration,2007,2007-05-14,,exper2_11
,11.97356,Calibration,2007,2007-05-15,,exper2_11
,12.269024,Calibration,2007,2007-05-16,,exper2_11
,12.401467,Calibration,2007,2007-05-17,,exper2_11
,12.299354,Calibration,2007,2007-05-18,,exper2_11
,12.0555525,Calibration,2007,2007-05-19,,exper2_11
,11.317729,Calibration,2007,2007-05-20,,exper2_11
,11.142844,Calibration,2007,2007-05-21,,exper2_11
,12.267999,Calibration,2007,2007-05-22,,exper2_11
,11.60735,Calibration,2007,2007-05-23,,exper2_11
,12.856157,Calibration,2007,2007-05-24,,exper2_11
,13.0225725,Calibration,2007,2007-05-25,,exper2_11
,13.132133,Calibration,2007,2007-05-26,,exper2_11
,13.300121,Calibration,2007,2007-05-27,,exper2_11
,13.810267,Calibration,2007,2007-05-28,,exper2_11
,13.479426,Calibration,2007,2007-05-29,,exper2_11
,14.030239,Calibration,2007,2007-05-30,,exper2_11
,15.19361,Calibration,2007,2007-05-31,,exper2_11
,15.747403,Calibration,2007,2007-06-01,,exper2_11
,15.85125,Calibration,2007,2007-06-02,,exper2_11
,16.248755,Calibration,2007,2007-06-03,,exper2_11
,15.866469,Calibration,2007,2007-06-04,,exper2_11
,15.060913,Calibration,2007,2007-06-05,,exper2_11
,15.550242,Calibration,2007,2007-06-06,,exper2_11
,15.07772,Calibration,2007,2007-06-07,,exper2_11
,14.547999,Calibration,2007,2007-06-08,,exper2_11
,14.907167,Calibration,2007,2007-06-09,,exper2_11
,15.517858,Calibration,2007,2007-06-10,,exper2_11
,16.01578,Calibration,2007,2007-06-11,,exper2_11
,16.97204,Calibration,2007,2007-06-12,,exper2_11
19.963000000000022,17.945543,Calibration,2007,2007-06-13,-0.053219051321105174,exper2_11
20.79400000000004,19.141472,Calibration,2007,2007-06-14,-0.04137995771991102,exper2_11
21.31400000000002,19.934704,Calibration,2007,2007-06-15,-0.03343853370238712,exper2_11
21.819000000000017,20.739975,Calibration,2007,2007-06-16,-0.025353642211379958,exper2_11
21.185000000000002,21.497845,Calibration,2007,2007-06-17,0.007329518411267195,exper2_11
20.459500000000048,20.215235,Calibration,2007,2007-06-18,-0.0060053309503504135,exper2_11
19.168499999999995,19.952106,Calibration,2007,2007-06-19,0.020030529851683666,exper2_11
18.68900000000002,19.84748,Calibration,2007,2007-06-20,0.030061924458592505,exper2_11
19.261000000000024,19.951456,Calibration,2007,2007-06-21,0.01760808016500279,exper2_11
19.29000000000002,20.23714,Calibration,2007,2007-06-22,0.02396178017964844,exper2_11
19.66900000000004,20.168818,Calibration,2007,2007-06-23,0.0125463077862852,exper2_11
20.53200000000004,20.577208,Calibration,2007,2007-06-24,0.0010996943990165613,exper2_11
21.196500000000015,20.799986,Calibration,2007,2007-06-25,-0.009441602220238774,exper2_11
21.874500000000012,21.186344,Calibration,2007,2007-06-26,-0.01598101168027793,exper2_11
21.936000000000035,21.44475,Calibration,2007,2007-06-27,-0.011324151144169613,exper2_11
21.36850000000004,20.632904,Calibration,2007,2007-06-28,-0.017513603743867595,exper2_11
21.670000000000016,20.60904,Calibration,2007,2007-06-29,-0.025094247900584368,exper2_11
21.581000000000017,21.079453,Calibration,2007,2007-06-30,-0.011756731487537827,exper2_11
21.478499999999997,20.3987,Calibration,2007,2007-07-01,-0.025784896494402253,exper2_11
20.861500000000035,20.819225,Calibration,2007,2007-07-02,-0.0010142503136647211,exper2_11
21.181500000000028,20.980389,Calibration,2007,2007-07-03,-0.0047699798354225555,exper2_11
21.472500000000025,21.428394,Calibration,2007,2007-07-04,-0.0010280830522208925,exper2_11
21.432000000000016,21.840727,Calibration,2007,2007-07-05,0.009445368529950784,exper2_11
21.945500000000038,22.281994,Calibration,2007,2007-07-06,0.007608250808569814,exper2_11
22.27000000000004,22.507439,Calibration,2007,2007-07-07,0.005302640498769666,exper2_11
22.94300000000004,23.13358,Calibration,2007,2007-07-08,0.004136141554674621,exper2_11
23.55450000000002,23.23238,Calibration,2007,2007-07-09,-0.006884837955996398,exper2_11
22.66500000000002,23.30867,Calibration,2007,2007-07-10,0.014000840988548889,exper2_11
21.478499999999997,21.565063,Calibration,2007,2007-07-11,0.0020110666861872985,exper2_11
20.753499999999974,20.370117,Calibration,2007,2007-07-12,-0.009322691891425056,exper2_11
20.420500000000004,20.297543,Calibration,2007,2007-07-13,-0.0030197283614759817,exper2_11
20.075499999999977,19.975662,Calibration,2007,2007-07-14,-0.002492755840085931,exper2_11
19.988999999999976,19.78308,Calibration,2007,2007-07-15,-0.0051775229526789,exper2_11
20.849000000000046,20.473484,Calibration,2007,2007-07-16,-0.009087448865276546,exper2_11
21.26950000000005,20.743477,Calibration,2007,2007-07-17,-0.012520491799022785,exper2_11
21.72550000000001,21.565882,Calibration,2007,2007-07-18,-0.0036870680606307573,exper2_11
20.355999999999995,20.764717,Calibration,2007,2007-07-19,0.009939444904048212,exper2_11
20.802999999999997,20.406956,Calibration,2007,2007-07-20,-0.009610402974136546,exper2_11
21.063499999999976,20.59476,Calibration,2007,2007-07-21,-0.011252008488990316,exper2_11
20.974499999999978,20.885223,Calibration,2007,2007-07-22,-0.002132756838815206,exper2_11
21.248500000000035,21.787142,Calibration,2007,2007-07-23,0.012516179087809923,exper2_11
22.599000000000046,22.191374,Calibration,2007,2007-07-24,-0.009100754026272903,exper2_11
23.709500000000048,22.813591,Calibration,2007,2007-07-25,-0.019257297338997913,exper2_11
24.257000000000005,23.14016,Calibration,2007,2007-07-26,-0.02356344562265777,exper2_11
23.22150000000005,23.067936,Calibration,2007,2007-07-27,-0.0033174752136454376,exper2_11
23.65450000000004,23.209955,Calibration,2007,2007-07-28,-0.009485755942370276,exper2_11
23.324000000000012,23.370937,Calibration,2007,2007-07-29,0.0010051913564607965,exper2_11
23.813000000000045,23.596647,Calibration,2007,2007-07-30,-0.004563474944847327,exper2_11
24.297500000000014,23.830156,Calibration,2007,2007-07-31,-0.009710501391083546,exper2_11
24.26800000000003,23.873632,Calibration,2007,2007-08-01,-0.008191819617557486,exper2_11
24.098000000000013,23.975594,Calibration,2007,2007-08-02,-0.0025462301447291024,exper2_11
23.860000000000014,23.606424,Calibration,2007,2007-08-03,-0.0053422112978881615,exper2_11
23.683500000000038,23.402145,Calibration,2007,2007-08-04,-0.0059753797989364685,exper2_11
23.252499999999998,23.026993,Calibration,2007,2007-08-05,-0.004872724148759555,exper2_11
23.172000000000025,23.222046,Calibration,2007,2007-08-06,0.001078713819161868,exper2_11
22.858000000000004,23.402252,Calibration,2007,2007-08-07,0.0117650071371161,exper2_11
23.402499999999975,23.281425,Calibration,2007,2007-08-08,-0.002593494927666434,exper2_11
23.254500000000007,23.150126,Calibration,2007,2007-08-09,-0.0022492261348387747,exper2_11
23.72800000000001,23.28263,Calibration,2007,2007-08-10,-0.009473794987858601,exper2_11
23.414499999999975,22.932962,Calibration,2007,2007-08-11,-0.010389729173490866,exper2_11
23.424500000000023,23.006248,Calibration,2007,2007-08-12,-0.009008072013141211,exper2_11
23.247000000000014,22.924732,Calibration,2007,2007-08-13,-0.006979763945058665,exper2_11
22.970500000000015,22.781796,Calibration,2007,2007-08-14,-0.004124481541783676,exper2_11
22.791500000000042,22.656994,Calibration,2007,2007-08-15,-0.0029595289654684703,exper2_11
22.55600000000004,22.434738,Calibration,2007,2007-08-16,-0.0026952623091295235,exper2_11
21.896500000000003,21.945192,Calibration,2007,2007-08-17,0.0011106399967821456,exper2_11
21.253499999999974,21.052612,Calibration,2007,2007-08-18,-0.004748431949163429,exper2_11
20.799500000000023,20.156067,Calibration,2007,2007-08-19,-0.015710516402464684,exper2_11
20.226999999999975,20.211273,Calibration,2007,2007-08-20,-0.00038890895675493514,exper2_11
19.71950000000004,19.525795,Calibration,2007,2007-08-21,-0.004935751334630913,exper2_11
20.298500000000047,20.012037,Calibration,2007,2007-08-22,-0.00710639803206589,exper2_11
20.605000000000018,19.582771,Calibration,2007,2007-08-23,-0.02543631223207927,exper2_11
20.18100000000004,19.574802,Calibration,2007,2007-08-24,-0.015248028331544912,exper2_11
19.83200000000005,19.498817,Calibration,2007,2007-08-25,-0.008471284804290586,exper2_11
19.793000000000006,19.469133,Calibration,2007,2007-08-26,-0.008248828962358774,exper2_11
19.710000000000036,19.469685,Calibration,2007,2007-08-27,-0.006133673653025441,exper2_11
20.03800000000001,19.4397,Calibration,2007,2007-08-28,-0.01515541279153304,exper2_11
19.878499999999974,19.465498,Calibration,2007,2007-08-29,-0.010497205437224157,exper2_11
20.095000000000027,19.694386,Calibration,2007,2007-08-30,-0.010068375425098643,exper2_11
20.11700000000002,19.566692,Calibration,2007,2007-08-31,-0.013867349913402703,exper2_11
20.212499999999977,19.913883,Calibration,2007,2007-09-01,-0.007441906468729134,exper2_11
20.08050000000003,19.6949,Calibration,2007,2007-09-02,-0.009694421233587392,exper2_11
20.521500000000003,20.17469,Calibration,2007,2007-09-03,-0.008521921863364092,exper2_11
20.424000000000035,20.380362,Calibration,2007,2007-09-04,-0.001069455355458332,exper2_11
20.625999999999976,20.46703,Calibration,2007,2007-09-05,-0.003868549730314811,exper2_11
20.83299999999997,20.053526,Calibration,2007,2007-09-06,-0.01906432639332646,exper2_11
20.923500000000047,19.802984,Calibration,2007,2007-09-07,-0.02751319646915901,exper2_11
20.64450000000005,20.106314,Calibration,2007,2007-09-08,-0.013206761917586246,exper2_11
20.000500000000045,19.849962,Calibration,2007,2007-09-09,-0.0037775663583811472,exper2_11
19.565999999999974,19.438742,Calibration,2007,2007-09-10,-0.003262637067850293,exper2_11
18.66300000000001,18.513515,Calibration,2007,2007-09-11,-0.0040209397166022925,exper2_11
17.76950000000005,18.172747,Calibration,2007,2007-09-12,0.011219294724631285,exper2_11
17.372000000000014,17.948425,Calibration,2007,2007-09-13,0.016319885397401625,exper2_11
16.740499999999997,17.36033,Calibration,2007,2007-09-14,0.01817640717520545,exper2_11
16.289000000000044,16.970531,Calibration,2007,2007-09-15,0.02049131282466842,exper2_11
16.079000000000008,16.824432,Calibration,2007,2007-09-16,0.022655155383044304,exper2_11
15.9375,16.75903,Calibration,2007,2007-09-17,0.025125889621743704,exper2_11
15.978499999999997,16.463022,Calibration,2007,2007-09-18,0.014935249603574643,exper2_11
16.152499999999975,16.745008,Calibration,2007,2007-09-19,0.01801073990733947,exper2_11
16.105500000000006,16.548462,Calibration,2007,2007-09-20,0.013565334437158483,exper2_11
16.08050000000003,16.584835,Calibration,2007,2007-09-21,0.015439457506858083,exper2_11
16.0385,16.7215,Calibration,2007,2007-09-22,0.02084860770626616,exper2_11
16.004500000000007,16.886127,Calibration,2007,2007-09-23,0.026804823735162776,exper2_11
16.166500000000042,17.03589,Calibration,2007,2007-09-24,0.026184577798672434,exper2_11
16.326000000000022,16.741798,Calibration,2007,2007-09-25,0.012574118054010897,exper2_11
16.255999999999972,16.794016,Calibration,2007,2007-09-26,0.016278838905290877,exper2_11
16.071000000000026,16.49785,Calibration,2007,2007-09-27,0.013106094093320949,exper2_11
16.132000000000005,16.248575,Calibration,2007,2007-09-28,0.003600158731375029,exper2_11
15.682000000000016,15.472688,Calibration,2007,2007-09-29,-0.006718484249315414,exper2_11
15.396500000000003,15.564071,Calibration,2007,2007-09-30,0.005412390592349863,exper2_11
15.387999999999977,15.425799,Calibration,2007,2007-10-01,0.0012267026652048182,exper2_11
15.363,15.154767,Calibration,2007,2007-10-02,-0.0068233355118473326,exper2_11
15.229000000000042,15.228583,Calibration,2007,2007-10-03,-1.368014392285015e-05,exper2_11
15.196000000000026,15.197612,Calibration,2007,2007-10-04,5.303116941052873e-05,exper2_11
15.363999999999976,14.893586,Calibration,2007,2007-10-05,-0.015546971882668206,exper2_11
15.73150000000004,15.259346,Calibration,2007,2007-10-06,-0.015235272750308044,exper2_11
16.348000000000013,15.242805,Calibration,2007,2007-10-07,-0.03498472068866811,exper2_11
16.504999999999995,14.97936,Calibration,2007,2007-10-08,-0.048457087624319314,exper2_11
15.666500000000042,14.764046,Calibration,2007,2007-10-09,-0.029656197858236883,exper2_11
14.58850000000001,13.390382,Calibration,2007,2007-10-10,-0.042822232673783725,exper2_11
13.947500000000048,12.839121,Calibration,2007,2007-10-11,-0.04137808724450085,exper2_11
,12.712565,Calibration,2007,2007-10-12,,exper2_11
,12.387626,Calibration,2007,2007-10-13,,exper2_11
,12.225678,Calibration,2007,2007-10-14,,exper2_11
,12.357435,Calibration,2007,2007-10-15,,exper2_11
12.771500000000003,12.147075,Calibration,2007,2007-10-16,-0.025058628277528902,exper2_11
12.710500000000025,11.76035,Calibration,2007,2007-10-17,-0.03882782019489844,exper2_11
12.651499999999999,11.817704,Calibration,2007,2007-10-18,-0.034075313296457604,exper2_11
12.504999999999995,11.642136,Calibration,2007,2007-10-19,-0.03573361219555782,exper2_11
12.303999999999974,11.317331,Calibration,2007,2007-10-20,-0.04177024033038506,exper2_11
12.248000000000047,11.095403,Calibration,2007,2007-10-21,-0.04937571854257467,exper2_11
12.019000000000005,10.8162565,Calibration,2007,2007-10-22,-0.052670460506948576,exper2_11
11.710000000000036,10.669828,Calibration,2007,2007-10-23,-0.046478085792191745,exper2_11
11.31450000000001,10.415417,Calibration,2007,2007-10-24,-0.04137536715662749,exper2_11
11.032000000000039,9.817681,Calibration,2007,2007-10-25,-0.05824159464286041,exper2_11
11.098500000000001,9.979217,Calibration,2007,2007-10-26,-0.053102688821233625,exper2_11
10.780500000000018,9.899566,Calibration,2007,2007-10-27,-0.04259823523788843,exper2_11
10.504999999999995,9.694123,Calibration,2007,2007-10-28,-0.040144154828346,exper2_11
10.483000000000004,9.739923,Calibration,2007,2007-10-29,-0.03674431703123182,exper2_11
10.325499999999977,9.67858,Calibration,2007,2007-10-30,-0.0323393880994828,exper2_11
10.196000000000026,9.657538,Calibration,2007,2007-10-31,-0.02712169361300439,exper2_11
9.79600000000005,9.378193,Calibration,2007,2007-11-01,-0.02179007484344277,exper2_11
9.436500000000024,9.449201,Calibration,2007,2007-11-02,0.0006724998154245441,exper2_11
9.239500000000021,9.224397,Calibration,2007,2007-11-03,-0.0008179906231806583,exper2_11
9.055000000000007,9.280108,Calibration,2007,2007-11-04,0.012277454067670064,exper2_11
8.838000000000022,9.006793,Calibration,2007,2007-11-05,0.009458950963800419,exper2_11
8.280500000000018,8.013524,Calibration,2007,2007-11-06,-0.016384899372310396,exper2_11
7.9529999999999745,8.185292,Calibration,2007,2007-11-07,0.014393855337730667,exper2_11
7.791500000000042,8.09143,Calibration,2007,2007-11-08,0.018883777480421186,exper2_11
7.636500000000012,7.716138,Calibration,2007,2007-11-09,0.0051872444747574405,exper2_11
7.5,7.4453697,Calibration,2007,2007-11-10,-0.003655331421224813,exper2_11
7.448500000000024,7.346108,Calibration,2007,2007-11-11,-0.006920902570131929,exper2_11
7.3525000000000205,7.4832926,Calibration,2007,2007-11-12,0.008816015655965454,exper2_11
7.185500000000047,7.509151,Calibration,2007,2007-11-13,0.022025088061064818,exper2_11
6.972000000000037,7.426729,Calibration,2007,2007-11-14,0.03158120386059934,exper2_11
6.607000000000028,6.9502416,Calibration,2007,2007-11-15,0.025317950118452778,exper2_11
6.363999999999976,6.888869,Calibration,2007,2007-11-16,0.039604165431711774,exper2_11
6.25,6.7021337,Calibration,2007,2007-11-17,0.03490804430931907,exper2_11
,6.200277,Calibration,2007,2007-11-18,,exper2_11
,6.4333344,Calibration,2007,2007-11-19,,exper2_11
,6.168369,Calibration,2007,2007-11-20,,exper2_11
,6.0929847,Calibration,2007,2007-11-21,,exper2_11
,5.8036485,Calibration,2007,2007-11-22,,exper2_11
,5.389322,Calibration,2007,2007-11-23,,exper2_11
,5.48231,Calibration,2007,2007-11-24,,exper2_11
,5.1941614,Calibration,2007,2007-11-25,,exper2_11
,5.54151,Calibration,2007,2007-11-26,,exper2_11
,4.952151,Calibration,2007,2007-11-27,,exper2_11
,5.6212115,Calibration,2007,2007-11-28,,exper2_11
,4.78443,Calibration,2007,2007-11-29,,exper2_11
,4.6991262,Calibration,2007,2007-11-30,,exper2_11
,4.484197,Calibration,2007,2007-12-01,,exper2_11
,4.351903,Calibration,2007,2007-12-02,,exper2_11
,3.7785115,Calibration,2007,2007-12-03,,exper2_11
,3.4161763,Calibration,2007,2007-12-04,,exper2_11
,3.3363676,Calibration,2007,2007-12-05,,exper2_11
,3.2807002,Calibration,2007,2007-12-06,,exper2_11
,3.385376,Calibration,2007,2007-12-07,,exper2_11
,3.398794,Calibration,2007,2007-12-08,,exper2_11
,3.3824675,Calibration,2007,2007-12-09,,exper2_11
,3.4859097,Calibration,2007,2007-12-10,,exper2_11
,3.5501597,Calibration,2007,2007-12-11,,exper2_11
,3.4858215,Calibration,2007,2007-12-12,,exper2_11
,3.1084783,Calibration,2007,2007-12-13,,exper2_11
,2.9091678,Calibration,2007,2007-12-14,,exper2_11
,2.7445996,Calibration,2007,2007-12-15,,exper2_11
,2.6098056,Calibration,2007,2007-12-16,,exper2_11
,2.5495198,Calibration,2007,2007-12-17,,exper2_11
,2.4276986,Calibration,2007,2007-12-18,,exper2_11
,2.325763,Calibration,2007,2007-12-19,,exper2_11
,2.1079798,Calibration,2007,2007-12-20,,exper2_11
,2.0870857,Calibration,2007,2007-12-21,,exper2_11
,2.2018974,Calibration,2007,2007-12-22,,exper2_11
,2.498278,Calibration,2007,2007-12-23,,exper2_11
,2.5243528,Calibration,2007,2007-12-24,,exper2_11
,2.3703418,Calibration,2007,2007-12-25,,exper2_11
,2.3746014,Calibration,2007,2007-12-26,,exper2_11
,2.2612767,Calibration,2007,2007-12-27,,exper2_11
,2.1033664,Calibration,2007,2007-12-28,,exper2_11
,2.0912151,Calibration,2007,2007-12-29,,exper2_11
,2.0389445,Calibration,2007,2007-12-30,,exper2_11
,2.0213296,Calibration,2007,2007-12-31,,exper2_11
,2.5487857,Calibration,2008,2008-01-01,,exper2_11
,2.5619965,Calibration,2008,2008-01-02,,exper2_11
,2.5778418,Calibration,2008,2008-01-03,,exper2_11
,2.4523144,Calibration,2008,2008-01-04,,exper2_11
,2.35013,Calibration,2008,2008-01-05,,exper2_11
,2.270155,Calibration,2008,2008-01-06,,exper2_11
,2.2064853,Calibration,2008,2008-01-07,,exper2_11
,2.1519885,Calibration,2008,2008-01-08,,exper2_11
,2.1069176,Calibration,2008,2008-01-09,,exper2_11
,2.072738,Calibration,2008,2008-01-10,,exper2_11
,2.0719998,Calibration,2008,2008-01-11,,exper2_11
,2.0662394,Calibration,2008,2008-01-12,,exper2_11
,2.0679653,Calibration,2008,2008-01-13,,exper2_11
,2.0583007,Calibration,2008,2008-01-14,,exper2_11
,2.0353496,Calibration,2008,2008-01-15,,exper2_11
,2.0374541,Calibration,2008,2008-01-16,,exper2_11
,2.0610905,Calibration,2008,2008-01-17,,exper2_11
,2.2752352,Calibration,2008,2008-01-18,,exper2_11
,2.6649141,Calibration,2008,2008-01-19,,exper2_11
,2.859817,Calibration,2008,2008-01-20,,exper2_11
,2.8858902,Calibration,2008,2008-01-21,,exper2_11
,2.815009,Calibration,2008,2008-01-22,,exper2_11
,2.9698038,Calibration,2008,2008-01-23,,exper2_11
,3.0050325,Calibration,2008,2008-01-24,,exper2_11
,3.124789,Calibration,2008,2008-01-25,,exper2_11
,3.0301046,Calibration,2008,2008-01-26,,exper2_11
,2.7836802,Calibration,2008,2008-01-27,,exper2_11
,2.8086493,Calibration,2008,2008-01-28,,exper2_11
,2.7469497,Calibration,2008,2008-01-29,,exper2_11
,2.7597446,Calibration,2008,2008-01-30,,exper2_11
,3.0330293,Calibration,2008,2008-01-31,,exper2_11
,2.9843233,Calibration,2008,2008-02-01,,exper2_11
,2.9637952,Calibration,2008,2008-02-02,,exper2_11
,2.7751756,Calibration,2008,2008-02-03,,exper2_11
,2.8024716,Calibration,2008,2008-02-04,,exper2_11
,2.745432,Calibration,2008,2008-02-05,,exper2_11
,2.5492568,Calibration,2008,2008-02-06,,exper2_11
,3.2249784,Calibration,2008,2008-02-07,,exper2_11
,3.3356533,Calibration,2008,2008-02-08,,exper2_11
,3.1509812,Calibration,2008,2008-02-09,,exper2_11
,3.5293608,Calibration,2008,2008-02-10,,exper2_11
,3.865225,Calibration,2008,2008-02-11,,exper2_11
,4.157454,Calibration,2008,2008-02-12,,exper2_11
,4.0978837,Calibration,2008,2008-02-13,,exper2_11
,3.740827,Calibration,2008,2008-02-14,,exper2_11
,3.8886807,Calibration,2008,2008-02-15,,exper2_11
,4.2081447,Calibration,2008,2008-02-16,,exper2_11
,4.0644417,Calibration,2008,2008-02-17,,exper2_11
,3.5755057,Calibration,2008,2008-02-18,,exper2_11
,3.8087592,Calibration,2008,2008-02-19,,exper2_11
,4.0940323,Calibration,2008,2008-02-20,,exper2_11
,4.2495522,Calibration,2008,2008-02-21,,exper2_11
,4.2784634,Calibration,2008,2008-02-22,,exper2_11
,4.4305196,Calibration,2008,2008-02-23,,exper2_11
,4.579724,Calibration,2008,2008-02-24,,exper2_11
,4.627971,Calibration,2008,2008-02-25,,exper2_11
,4.640418,Calibration,2008,2008-02-26,,exper2_11
,4.668007,Calibration,2008,2008-02-27,,exper2_11
,4.6472473,Calibration,2008,2008-02-28,,exper2_11
,4.88632,Calibration,2008,2008-02-29,,exper2_11
,4.5592523,Calibration,2008,2008-03-01,,exper2_11
,4.52118,Calibration,2008,2008-03-02,,exper2_11
,4.7476115,Calibration,2008,2008-03-03,,exper2_11
,4.6679387,Calibration,2008,2008-03-04,,exper2_11
,4.968061,Calibration,2008,2008-03-05,,exper2_11
,4.5826526,Calibration,2008,2008-03-06,,exper2_11
,4.46064,Calibration,2008,2008-03-07,,exper2_11
,4.442186,Calibration,2008,2008-03-08,,exper2_11
,4.5289683,Calibration,2008,2008-03-09,,exper2_11
,4.545988,Calibration,2008,2008-03-10,,exper2_11
,4.8818717,Calibration,2008,2008-03-11,,exper2_11
,4.810683,Calibration,2008,2008-03-12,,exper2_11
,4.8235083,Calibration,2008,2008-03-13,,exper2_11
,4.8333325,Calibration,2008,2008-03-14,,exper2_11
,4.999922,Calibration,2008,2008-03-15,,exper2_11
,4.7147365,Calibration,2008,2008-03-16,,exper2_11
,4.7536683,Calibration,2008,2008-03-17,,exper2_11
,5.6108365,Calibration,2008,2008-03-18,,exper2_11
,4.945913,Calibration,2008,2008-03-19,,exper2_11
,5.0014377,Calibration,2008,2008-03-20,,exper2_11
,4.9337296,Calibration,2008,2008-03-21,,exper2_11
,4.880679,Calibration,2008,2008-03-22,,exper2_11
,4.843782,Calibration,2008,2008-03-23,,exper2_11
,4.67869,Calibration,2008,2008-03-24,,exper2_11
,4.60492,Calibration,2008,2008-03-25,,exper2_11
,4.7836604,Calibration,2008,2008-03-26,,exper2_11
,4.5427747,Calibration,2008,2008-03-27,,exper2_11
,4.2928176,Calibration,2008,2008-03-28,,exper2_11
,4.1062098,Calibration,2008,2008-03-29,,exper2_11
,3.7168813,Calibration,2008,2008-03-30,,exper2_11
,4.2656093,Calibration,2008,2008-03-31,,exper2_11
,3.8324952,Calibration,2008,2008-04-01,,exper2_11
,3.805894,Calibration,2008,2008-04-02,,exper2_11
,3.713181,Calibration,2008,2008-04-03,,exper2_11
,3.713265,Calibration,2008,2008-04-04,,exper2_11
,3.8616443,Calibration,2008,2008-04-05,,exper2_11
,3.2523327,Calibration,2008,2008-04-06,,exper2_11
,4.3398275,Calibration,2008,2008-04-07,,exper2_11
,3.8106313,Calibration,2008,2008-04-08,,exper2_11
,3.2925541,Calibration,2008,2008-04-09,,exper2_11
,3.7313519,Calibration,2008,2008-04-10,,exper2_11
,3.590451,Calibration,2008,2008-04-11,,exper2_11
,3.2773757,Calibration,2008,2008-04-12,,exper2_11
,3.0827801,Calibration,2008,2008-04-13,,exper2_11
,3.3846636,Calibration,2008,2008-04-14,,exper2_11
,3.0758104,Calibration,2008,2008-04-15,,exper2_11
,2.9650664,Calibration,2008,2008-04-16,,exper2_11
,3.0054226,Calibration,2008,2008-04-17,,exper2_11
,3.4776921,Calibration,2008,2008-04-18,,exper2_11
,3.4711561,Calibration,2008,2008-04-19,,exper2_11
,3.3621802,Calibration,2008,2008-04-20,,exper2_11
,3.6264396,Calibration,2008,2008-04-21,,exper2_11
,4.2654977,Calibration,2008,2008-04-22,,exper2_11
,4.7916293,Calibration,2008,2008-04-23,,exper2_11
,4.619875,Calibration,2008,2008-04-24,,exper2_11
,4.399587,Calibration,2008,2008-04-25,,exper2_11
,3.9061055,Calibration,2008,2008-04-26,,exper2_11
,3.4419243,Calibration,2008,2008-04-27,,exper2_11
,3.3481553,Calibration,2008,2008-04-28,,exper2_11
,3.9576097,Calibration,2008,2008-04-29,,exper2_11
,4.2623706,Calibration,2008,2008-04-30,,exper2_11
,4.0865364,Calibration,2008,2008-05-01,,exper2_11
,4.2572284,Calibration,2008,2008-05-02,,exper2_11
,4.77018,Calibration,2008,2008-05-03,,exper2_11
,4.6835675,Calibration,2008,2008-05-04,,exper2_11
,4.8493404,Calibration,2008,2008-05-05,,exper2_11
,5.3665557,Calibration,2008,2008-05-06,,exper2_11
,5.5336585,Calibration,2008,2008-05-07,,exper2_11
,7.1803546,Calibration,2008,2008-05-08,,exper2_11
,6.939434,Calibration,2008,2008-05-09,,exper2_11
,7.9126697,Calibration,2008,2008-05-10,,exper2_11
,8.188505,Calibration,2008,2008-05-11,,exper2_11
,8.162816,Calibration,2008,2008-05-12,,exper2_11
,8.864163,Calibration,2008,2008-05-13,,exper2_11
,7.640105,Calibration,2008,2008-05-14,,exper2_11
,8.556727,Calibration,2008,2008-05-15,,exper2_11
,8.969378,Calibration,2008,2008-05-16,,exper2_11
,9.258447,Calibration,2008,2008-05-17,,exper2_11
,8.2639265,Calibration,2008,2008-05-18,,exper2_11
,8.847658,Calibration,2008,2008-05-19,,exper2_11
,8.530894,Calibration,2008,2008-05-20,,exper2_11
,7.9436574,Calibration,2008,2008-05-21,,exper2_11
,8.643533,Calibration,2008,2008-05-22,,exper2_11
,8.8012295,Calibration,2008,2008-05-23,,exper2_11
,9.246784,Calibration,2008,2008-05-24,,exper2_11
,9.230226,Calibration,2008,2008-05-25,,exper2_11
,9.984966,Calibration,2008,2008-05-26,,exper2_11
,8.861705,Calibration,2008,2008-05-27,,exper2_11
,9.537114,Calibration,2008,2008-05-28,,exper2_11
,10.684526,Calibration,2008,2008-05-29,,exper2_11
11.722000000000037,10.427796,Calibration,2008,2008-05-30,-0.05842959523920652,exper2_11
11.486000000000047,10.404735,Calibration,2008,2008-05-31,-0.04939374615232105,exper2_11
11.922000000000025,11.193671,Calibration,2008,2008-06-01,-0.03150800884655045,exper2_11
12.551000000000045,12.724963,Calibration,2008,2008-06-02,0.006882554262175572,exper2_11
12.241000000000042,13.081996,Calibration,2008,2008-06-03,0.033210760892754015,exper2_11
12.428999999999974,12.937177,Calibration,2008,2008-06-04,0.020033634170753142,exper2_11
12.76950000000005,12.21158,Calibration,2008,2008-06-05,-0.022333690830651273,exper2_11
12.527499999999975,12.249479,Calibration,2008,2008-06-06,-0.011220928220497082,exper2_11
,13.089935,Calibration,2008,2008-06-07,,exper2_11
,13.124702,Calibration,2008,2008-06-08,,exper2_11
,13.74496,Calibration,2008,2008-06-09,,exper2_11
,14.774604,Calibration,2008,2008-06-10,,exper2_11
,14.315478,Calibration,2008,2008-06-11,,exper2_11
,13.451873,Calibration,2008,2008-06-12,,exper2_11
,13.56671,Calibration,2008,2008-06-13,,exper2_11
,14.277123,Calibration,2008,2008-06-14,,exper2_11
,14.876418,Calibration,2008,2008-06-15,,exper2_11
,14.514319,Calibration,2008,2008-06-16,,exper2_11
,13.924321,Calibration,2008,2008-06-17,,exper2_11
15.271000000000015,14.414369,Calibration,2008,2008-06-18,-0.02885702317654389,exper2_11
15.82650000000001,15.34762,Calibration,2008,2008-06-19,-0.01536145974496291,exper2_11
16.700499999999977,16.29428,Calibration,2008,2008-06-20,-0.012311672106559736,exper2_11
16.897000000000048,16.786251,Calibration,2008,2008-06-21,-0.0032879525690929895,exper2_11
17.029999999999973,16.708027,Calibration,2008,2008-06-22,-0.009543329700391635,exper2_11
17.180000000000007,17.004375,Calibration,2008,2008-06-23,-0.005137567671912769,exper2_11
17.605000000000018,17.68391,Calibration,2008,2008-06-24,0.002236123729691474,exper2_11
18.109500000000025,18.095882,Calibration,2008,2008-06-25,-0.0003761204362423501,exper2_11
19.60850000000005,18.633907,Calibration,2008,2008-06-26,-0.02548460597100418,exper2_11
19.451000000000022,19.1403,Calibration,2008,2008-06-27,-0.00805101779995594,exper2_11
19.339999999999975,19.347193,Calibration,2008,2008-06-28,0.0001859210702124726,exper2_11
18.911999999999978,19.45843,Calibration,2008,2008-06-29,0.01424089711780733,exper2_11
18.90900000000005,19.986614,Calibration,2008,2008-06-30,0.027705288853329336,exper2_11
19.204000000000008,20.325457,Calibration,2008,2008-07-01,0.02837015014054612,exper2_11
19.349499999999978,20.522964,Calibration,2008,2008-07-02,0.02943044762633423,exper2_11
19.687000000000012,20.43331,Calibration,2008,2008-07-03,0.01860178955074116,exper2_11
19.80800000000005,20.616385,Calibration,2008,2008-07-04,0.019997447483734467,exper2_11
19.93900000000002,20.716373,Calibration,2008,2008-07-05,0.019121050374358357,exper2_11
19.960500000000025,20.803501,Calibration,2008,2008-07-06,0.020680038901959855,exper2_11
20.979000000000042,20.945824,Calibration,2008,2008-07-07,-0.0007913290423839311,exper2_11
20.738,20.990997,Calibration,2008,2008-07-08,0.0060628658902738145,exper2_11
20.50400000000002,20.84383,Calibration,2008,2008-07-09,0.008218813605203604,exper2_11
20.41500000000002,20.896877,Calibration,2008,2008-07-10,0.011664376456423237,exper2_11
20.41900000000004,20.778023,Calibration,2008,2008-07-11,0.008714774563965735,exper2_11
20.371500000000026,20.91534,Calibration,2008,2008-07-12,0.013172246120177897,exper2_11
19.503000000000043,20.41372,Calibration,2008,2008-07-13,0.022815481733408374,exper2_11
19.495000000000005,20.738792,Calibration,2008,2008-07-14,0.03091412329385128,exper2_11
19.902499999999975,21.555569,Calibration,2008,2008-07-15,0.039873268270816144,exper2_11
20.595000000000027,22.016632,Calibration,2008,2008-07-16,0.03336253531445328,exper2_11
20.62050000000005,21.567265,Calibration,2008,2008-07-17,0.022441685802245457,exper2_11
21.036999999999978,21.777828,Calibration,2008,2008-07-18,0.01730307576631462,exper2_11
21.5865,22.297846,Calibration,2008,2008-07-19,0.016209557800867514,exper2_11
21.286,22.390759,Calibration,2008,2008-07-20,0.02529396759239708,exper2_11
21.273000000000025,21.884022,Calibration,2008,2008-07-21,0.014158107629502611,exper2_11
21.124500000000012,21.051823,Calibration,2008,2008-07-22,-0.0017231786239004614,exper2_11
21.70750000000004,21.22382,Calibration,2008,2008-07-23,-0.011266373136113844,exper2_11
21.630999999999972,21.50309,Calibration,2008,2008-07-24,-0.00296540614389144,exper2_11
21.47800000000001,21.718468,Calibration,2008,2008-07-25,0.005566837409098921,exper2_11
21.206500000000005,20.9058,Calibration,2008,2008-07-26,-0.007140434866681416,exper2_11
21.218500000000006,21.164244,Calibration,2008,2008-07-27,-0.0012801507676412005,exper2_11
22.059500000000014,21.508505,Calibration,2008,2008-07-28,-0.01264678366891765,exper2_11
21.571000000000026,21.591856,Calibration,2008,2008-07-29,0.00048319329949422665,exper2_11
21.636000000000024,21.69572,Calibration,2008,2008-07-30,0.0013782206586859763,exper2_11
22.072000000000003,21.800926,Calibration,2008,2008-07-31,-0.006178612071957372,exper2_11
22.016999999999996,21.804995,Calibration,2008,2008-08-01,-0.004837876935700427,exper2_11
22.497500000000002,21.870495,Calibration,2008,2008-08-02,-0.014131924593303561,exper2_11
22.234500000000025,21.871521,Calibration,2008,2008-08-03,-0.008229692810839193,exper2_11
22.625999999999976,22.293049,Calibration,2008,2008-08-04,-0.007412248251408321,exper2_11
22.422000000000025,22.455845,Calibration,2008,2008-08-05,0.0007541556249303984,exper2_11
22.39549999999997,22.226233,Calibration,2008,2008-08-06,-0.0037933863550597816,exper2_11
22.283000000000015,21.51102,Calibration,2008,2008-08-07,-0.017627505489526036,exper2_11
22.24000000000001,21.766577,Calibration,2008,2008-08-08,-0.01075801091139624,exper2_11
22.006500000000017,21.474258,Calibration,2008,2008-08-09,-0.012240853114207214,exper2_11
21.658500000000004,21.074423,Calibration,2008,2008-08-10,-0.013668083644400062,exper2_11
21.968000000000018,21.170944,Calibration,2008,2008-08-11,-0.01847647875157346,exper2_11
21.762,21.357807,Calibration,2008,2008-08-12,-0.009373716331378259,exper2_11
21.613500000000045,20.855885,Calibration,2008,2008-08-13,-0.017839096468902742,exper2_11
21.45550000000003,21.292961,Calibration,2008,2008-08-14,-0.003802215919211506,exper2_11
21.726,21.373005,Calibration,2008,2008-08-15,-0.008190330319221437,exper2_11
21.460500000000025,21.375568,Calibration,2008,2008-08-16,-0.0019827125434202196,exper2_11
21.522500000000036,21.449505,Calibration,2008,2008-08-17,-0.0016986674919174996,exper2_11
21.647500000000036,21.553528,Calibration,2008,2008-08-18,-0.0021752299119862832,exper2_11
21.628000000000043,21.242447,Calibration,2008,2008-08-19,-0.008993447198966555,exper2_11
21.71700000000004,21.249569,Calibration,2008,2008-08-20,-0.010878947803637727,exper2_11
21.704499999999996,21.08147,Calibration,2008,2008-08-21,-0.014561537423836408,exper2_11
21.370000000000005,20.437494,Calibration,2008,2008-08-22,-0.02230475033605712,exper2_11
21.286,20.861826,Calibration,2008,2008-08-23,-0.010063960536910062,exper2_11
20.90300000000002,20.258642,Calibration,2008,2008-08-24,-0.015654326915972894,exper2_11
21.100000000000023,20.562172,Calibration,2008,2008-08-25,-0.012909266103327627,exper2_11
20.798000000000002,20.755287,Calibration,2008,2008-08-26,-0.001027904950447846,exper2_11
20.57000000000005,20.838915,Calibration,2008,2008-08-27,0.006494129876431468,exper2_11
20.4255,20.693092,Calibration,2008,2008-08-28,0.006507818748717266,exper2_11
20.511500000000012,20.986488,Calibration,2008,2008-08-29,0.01144605705624399,exper2_11
20.96700000000004,21.177925,Calibration,2008,2008-08-30,0.00500475702147769,exper2_11
20.647000000000048,21.291393,Calibration,2008,2008-08-31,0.01536523528039169,exper2_11
20.64100000000002,21.346878,Calibration,2008,2008-09-01,0.01681147237037479,exper2_11
20.730000000000018,21.370049,Calibration,2008,2008-09-02,0.015203035279170819,exper2_11
20.512500000000045,20.934332,Calibration,2008,2008-09-03,0.010177663156510728,exper2_11
19.933500000000038,19.705893,Calibration,2008,2008-09-04,-0.0057419506813292335,exper2_11
19.752499999999998,20.026085,Calibration,2008,2008-09-05,0.006877693125353428,exper2_11
19.405500000000018,19.868559,Calibration,2008,2008-09-06,0.011790451428475802,exper2_11
19.077999999999975,19.580751,Calibration,2008,2008-09-07,0.013004854026905797,exper2_11
18.62650000000002,19.127129,Calibration,2008,2008-09-08,0.013260410181074688,exper2_11
18.430499999999995,18.792559,Calibration,2008,2008-09-09,0.009726730767972189,exper2_11
18.02800000000002,19.022707,Calibration,2008,2008-09-10,0.026847179619638683,exper2_11
17.664000000000044,18.56021,Calibration,2008,2008-09-11,0.024740616627565118,exper2_11
18.112000000000023,18.835419,Calibration,2008,2008-09-12,0.01957968179110998,exper2_11
17.742999999999995,18.363274,Calibration,2008,2008-09-13,0.017179109290621733,exper2_11
17.367999999999995,17.494987,Calibration,2008,2008-09-14,0.0036424729188064436,exper2_11
17.153500000000008,17.445675,Calibration,2008,2008-09-15,0.008444562539899635,exper2_11
17.02000000000004,17.302977,Calibration,2008,2008-09-16,0.008244524112984231,exper2_11
17.119500000000016,17.304241,Calibration,2008,2008-09-17,0.005366679334812842,exper2_11
17.027000000000044,17.1803,Calibration,2008,2008-09-18,0.004481492546664803,exper2_11
16.948500000000024,17.265972,Calibration,2008,2008-09-19,0.009278884566032583,exper2_11
17.04050000000001,17.390343,Calibration,2008,2008-09-20,0.010160736271387225,exper2_11
17.089500000000044,17.411259,Calibration,2008,2008-09-21,0.009326133965075551,exper2_11
17.024500000000046,17.299456,Calibration,2008,2008-09-22,0.008010604767187573,exper2_11
17.05000000000001,17.378752,Calibration,2008,2008-09-23,0.009548756141450046,exper2_11
17.10250000000002,17.516361,Calibration,2008,2008-09-24,0.011954790590715074,exper2_11
17.022000000000048,17.5359,Calibration,2008,2008-09-25,0.014870698573762893,exper2_11
17.004500000000007,17.63852,Calibration,2008,2008-09-26,0.018301502009822956,exper2_11
17.008500000000026,16.909517,Calibration,2008,2008-09-27,-0.0029182929813067514,exper2_11
16.91900000000004,17.05121,Calibration,2008,2008-09-28,0.0038919512676596642,exper2_11
16.712000000000046,16.157175,Calibration,2008,2008-09-29,-0.016879794969948504,exper2_11
16.373500000000035,15.267023,Calibration,2008,2008-09-30,-0.03497024718667207,exper2_11
15.974000000000046,14.719584,Calibration,2008,2008-10-01,-0.040868981477302065,exper2_11
15.478499999999997,14.267716,Calibration,2008,2008-10-02,-0.04070378483186219,exper2_11
14.946500000000015,13.898999,Calibration,2008,2008-10-03,-0.03631418468615003,exper2_11
14.837499999999977,14.058489,Calibration,2008,2008-10-04,-0.026959145033284844,exper2_11
14.530500000000018,14.075042,Calibration,2008,2008-10-05,-0.015922027721486178,exper2_11
14.27800000000002,13.838582,Calibration,2008,2008-10-06,-0.015628427399639166,exper2_11
14.00550000000004,13.317515,Calibration,2008,2008-10-07,-0.025179674255284407,exper2_11
13.886500000000012,13.146716,Calibration,2008,2008-10-08,-0.02736573698504203,exper2_11
13.545000000000016,13.510898,Calibration,2008,2008-10-09,-0.0012604410337709333,exper2_11
13.290999999999997,12.920939,Calibration,2008,2008-10-10,-0.014118015008919323,exper2_11
13.218000000000018,13.368287,Calibration,2008,2008-10-11,0.005652804620589009,exper2_11
13.310000000000002,13.087756,Calibration,2008,2008-10-12,-0.0084190429579502,exper2_11
13.468000000000018,13.110122,Calibration,2008,2008-10-13,-0.013465145381091793,exper2_11
13.268000000000029,13.287968,Calibration,2008,2008-10-14,0.0007519094059734646,exper2_11
12.860000000000014,12.711612,Calibration,2008,2008-10-15,-0.00580285097873891,exper2_11
12.528500000000008,12.370181,Calibration,2008,2008-10-16,-0.006358526212241224,exper2_11
12.291999999999973,12.088975,Calibration,2008,2008-10-17,-0.008327191496489141,exper2_11
12.077500000000043,11.768227,Calibration,2008,2008-10-18,-0.012969761053942513,exper2_11
11.797500000000014,11.579474,Calibration,2008,2008-10-19,-0.009326508497345527,exper2_11
11.577999999999975,11.227288,Calibration,2008,2008-10-20,-0.015378527561664279,exper2_11
11.353499999999997,10.874499,Calibration,2008,2008-10-21,-0.021549428362809035,exper2_11
10.997000000000014,10.4606085,Calibration,2008,2008-10-22,-0.024997730668826067,exper2_11
10.736000000000047,10.233036,Calibration,2008,2008-10-23,-0.0239860314871233,exper2_11
10.506500000000017,10.465761,Calibration,2008,2008-10-24,-0.0019425094389616496,exper2_11
10.295000000000016,10.098037,Calibration,2008,2008-10-25,-0.009658357222973736,exper2_11
9.999500000000012,9.513032,Calibration,2008,2008-10-26,-0.024931056690909614,exper2_11
9.428999999999974,8.415161,Calibration,2008,2008-10-27,-0.05681628066691188,exper2_11
9.050000000000011,8.529997,Calibration,2008,2008-10-28,-0.029579250317246574,exper2_11
8.871500000000026,8.204384,Calibration,2008,2008-10-29,-0.03906773762100481,exper2_11
8.692499999999995,8.364949,Calibration,2008,2008-10-30,-0.01920279927399947,exper2_11
8.694500000000005,8.498174,Calibration,2008,2008-10-31,-0.011419182937186894,exper2_11
8.624500000000012,8.365206,Calibration,2008,2008-11-01,-0.015261843778788144,exper2_11
8.398000000000025,8.609336,Calibration,2008,2008-11-02,0.012426161310840098,exper2_11
8.443499999999972,8.30936,Calibration,2008,2008-11-03,-0.008007018092626812,exper2_11
8.507000000000005,8.367617,Calibration,2008,2008-11-04,-0.008259941509793544,exper2_11
8.536000000000001,8.305041,Calibration,2008,2008-11-05,-0.01371403837409874,exper2_11
8.657500000000027,8.324001,Calibration,2008,2008-11-06,-0.019638940139142778,exper2_11
8.568499999999972,8.127333,Calibration,2008,2008-11-07,-0.026423798134702553,exper2_11
8.408000000000015,7.866759,Calibration,2008,2008-11-08,-0.03325647909615789,exper2_11
7.974000000000046,7.168754,Calibration,2008,2008-11-09,-0.05317697783641386,exper2_11
7.520000000000039,7.0299716,Calibration,2008,2008-11-10,-0.03367899360266542,exper2_11
7.255999999999972,6.612562,Calibration,2008,2008-11-11,-0.046395423844485764,exper2_11
,6.66698,Calibration,2008,2008-11-12,,exper2_11
,6.3071537,Calibration,2008,2008-11-13,,exper2_11
,6.3987403,Calibration,2008,2008-11-14,,exper2_11
,6.03838,Calibration,2008,2008-11-15,,exper2_11
,5.892595,Calibration,2008,2008-11-16,,exper2_11
,5.279941,Calibration,2008,2008-11-17,,exper2_11
,5.338185,Calibration,2008,2008-11-18,,exper2_11
,5.576303,Calibration,2008,2008-11-19,,exper2_11
,4.9416866,Calibration,2008,2008-11-20,,exper2_11
,4.7593703,Calibration,2008,2008-11-21,,exper2_11
,4.657674,Calibration,2008,2008-11-22,,exper2_11
,4.878395,Calibration,2008,2008-11-23,,exper2_11
,4.3874025,Calibration,2008,2008-11-24,,exper2_11
,4.402347,Calibration,2008,2008-11-25,,exper2_11
,4.1627407,Calibration,2008,2008-11-26,,exper2_11
,3.9989543,Calibration,2008,2008-11-27,,exper2_11
,3.8491054,Calibration,2008,2008-11-28,,exper2_11
,3.6732101,Calibration,2008,2008-11-29,,exper2_11
,3.6880026,Calibration,2008,2008-11-30,,exper2_11
,3.5965304,Calibration,2008,2008-12-01,,exper2_11
,3.4775348,Calibration,2008,2008-12-02,,exper2_11
,3.5962496,Calibration,2008,2008-12-03,,exper2_11
,3.4203825,Calibration,2008,2008-12-04,,exper2_11
,3.4249222,Calibration,2008,2008-12-05,,exper2_11
,3.420728,Calibration,2008,2008-12-06,,exper2_11
,3.088835,Calibration,2008,2008-12-07,,exper2_11
,2.9620063,Calibration,2008,2008-12-08,,exper2_11
,2.8274608,Calibration,2008,2008-12-09,,exper2_11
,2.6084476,Calibration,2008,2008-12-10,,exper2_11
,2.5491886,Calibration,2008,2008-12-11,,exper2_11
,2.470138,Calibration,2008,2008-12-12,,exper2_11
,2.3652263,Calibration,2008,2008-12-13,,exper2_11
,2.1790986,Calibration,2008,2008-12-14,,exper2_11
,2.084486,Calibration,2008,2008-12-15,,exper2_11
,2.1684759,Calibration,2008,2008-12-16,,exper2_11
,2.1991196,Calibration,2008,2008-12-17,,exper2_11
,2.2179337,Calibration,2008,2008-12-18,,exper2_11
,2.1355152,Calibration,2008,2008-12-19,,exper2_11
,2.1498084,Calibration,2008,2008-12-20,,exper2_11
,2.1947603,Calibration,2008,2008-12-21,,exper2_11
,2.231215,Calibration,2008,2008-12-22,,exper2_11
,2.2050395,Calibration,2008,2008-12-23,,exper2_11
,2.21174,Calibration,2008,2008-12-24,,exper2_11
,2.2034748,Calibration,2008,2008-12-25,,exper2_11
,2.1710606,Calibration,2008,2008-12-26,,exper2_11
,2.0966327,Calibration,2008,2008-12-27,,exper2_11
,2.0654967,Calibration,2008,2008-12-28,,exper2_11
,1.9622607,Calibration,2008,2008-12-29,,exper2_11
,2.0158622,Calibration,2008,2008-12-30,,exper2_11
,2.1366625,Calibration,2008,2008-12-31,,exper2_11
,2.6465173,Calibration,2009,2009-01-01,,exper2_11
,2.6781616,Calibration,2009,2009-01-02,,exper2_11
,2.5990124,Calibration,2009,2009-01-03,,exper2_11
,2.4631155,Calibration,2009,2009-01-04,,exper2_11
,2.6993046,Calibration,2009,2009-01-05,,exper2_11
,2.5959308,Calibration,2009,2009-01-06,,exper2_11
,2.416641,Calibration,2009,2009-01-07,,exper2_11
,2.2964816,Calibration,2009,2009-01-08,,exper2_11
,2.4368172,Calibration,2009,2009-01-09,,exper2_11
,2.6942487,Calibration,2009,2009-01-10,,exper2_11
,2.6386976,Calibration,2009,2009-01-11,,exper2_11
,2.508947,Calibration,2009,2009-01-12,,exper2_11
,2.6731377,Calibration,2009,2009-01-13,,exper2_11
,2.8886304,Calibration,2009,2009-01-14,,exper2_11
,3.0119748,Calibration,2009,2009-01-15,,exper2_11
,3.038006,Calibration,2009,2009-01-16,,exper2_11
,2.8818018,Calibration,2009,2009-01-17,,exper2_11
,2.7048738,Calibration,2009,2009-01-18,,exper2_11
,2.5938864,Calibration,2009,2009-01-19,,exper2_11
,2.6061692,Calibration,2009,2009-01-20,,exper2_11
,2.6150808,Calibration,2009,2009-01-21,,exper2_11
,2.536385,Calibration,2009,2009-01-22,,exper2_11
,2.4782043,Calibration,2009,2009-01-23,,exper2_11
,2.5367286,Calibration,2009,2009-01-24,,exper2_11
,2.897005,Calibration,2009,2009-01-25,,exper2_11
,3.0737314,Calibration,2009,2009-01-26,,exper2_11
,3.1301355,Calibration,2009,2009-01-27,,exper2_11
,3.1494956,Calibration,2009,2009-01-28,,exper2_11
,3.0592828,Calibration,2009,2009-01-29,,exper2_11
,2.9283607,Calibration,2009,2009-01-30,,exper2_11
,2.964289,Calibration,2009,2009-01-31,,exper2_11
,2.8486745,Calibration,2009,2009-02-01,,exper2_11
,2.7740767,Calibration,2009,2009-02-02,,exper2_11
,2.781332,Calibration,2009,2009-02-03,,exper2_11
,3.5100214,Calibration,2009,2009-02-04,,exper2_11
,3.989413,Calibration,2009,2009-02-05,,exper2_11
,4.0835094,Calibration,2009,2009-02-06,,exper2_11
,3.9233088,Calibration,2009,2009-02-07,,exper2_11
,3.8572896,Calibration,2009,2009-02-08,,exper2_11
,3.7134175,Calibration,2009,2009-02-09,,exper2_11
,3.383944,Calibration,2009,2009-02-10,,exper2_11
,3.1145997,Calibration,2009,2009-02-11,,exper2_11
,2.9303563,Calibration,2009,2009-02-12,,exper2_11
,2.8121212,Calibration,2009,2009-02-13,,exper2_11
,2.6994762,Calibration,2009,2009-02-14,,exper2_11
,3.2567816,Calibration,2009,2009-02-15,,exper2_11
,3.7552474,Calibration,2009,2009-02-16,,exper2_11
,4.00802,Calibration,2009,2009-02-17,,exper2_11
,3.7798414,Calibration,2009,2009-02-18,,exper2_11
,3.8737311,Calibration,2009,2009-02-19,,exper2_11
,4.0740285,Calibration,2009,2009-02-20,,exper2_11
,4.0784597,Calibration,2009,2009-02-21,,exper2_11
,4.0362506,Calibration,2009,2009-02-22,,exper2_11
,4.287801,Calibration,2009,2009-02-23,,exper2_11
,4.396523,Calibration,2009,2009-02-24,,exper2_11
,4.7213297,Calibration,2009,2009-02-25,,exper2_11
,4.260156,Calibration,2009,2009-02-26,,exper2_11
,3.9750533,Calibration,2009,2009-02-27,,exper2_11
,4.06873,Calibration,2009,2009-02-28,,exper2_11
,4.278424,Calibration,2009,2009-03-01,,exper2_11
,4.2528434,Calibration,2009,2009-03-02,,exper2_11
,4.4872265,Calibration,2009,2009-03-03,,exper2_11
,4.613148,Calibration,2009,2009-03-04,,exper2_11
,5.125274,Calibration,2009,2009-03-05,,exper2_11
,4.461701,Calibration,2009,2009-03-06,,exper2_11
,4.744606,Calibration,2009,2009-03-07,,exper2_11
,4.69522,Calibration,2009,2009-03-08,,exper2_11
,4.9888597,Calibration,2009,2009-03-09,,exper2_11
,5.5479984,Calibration,2009,2009-03-10,,exper2_11
,4.6891317,Calibration,2009,2009-03-11,,exper2_11
,4.4503045,Calibration,2009,2009-03-12,,exper2_11
,4.4080844,Calibration,2009,2009-03-13,,exper2_11
,4.728909,Calibration,2009,2009-03-14,,exper2_11
,4.964147,Calibration,2009,2009-03-15,,exper2_11
,5.1139812,Calibration,2009,2009-03-16,,exper2_11
,4.9622436,Calibration,2009,2009-03-17,,exper2_11
,5.0307364,Calibration,2009,2009-03-18,,exper2_11
,5.038326,Calibration,2009,2009-03-19,,exper2_11
,4.9379745,Calibration,2009,2009-03-20,,exper2_11
,4.8060517,Calibration,2009,2009-03-21,,exper2_11
,4.7996216,Calibration,2009,2009-03-22,,exper2_11
,5.6283,Calibration,2009,2009-03-23,,exper2_11
,5.4907265,Calibration,2009,2009-03-24,,exper2_11
,5.422256,Calibration,2009,2009-03-25,,exper2_11
,4.7256446,Calibration,2009,2009-03-26,,exper2_11
,4.760287,Calibration,2009,2009-03-27,,exper2_11
,4.6595674,Calibration,2009,2009-03-28,,exper2_11
,4.661948,Calibration,2009,2009-03-29,,exper2_11
,4.4754815,Calibration,2009,2009-03-30,,exper2_11
,5.8984733,Calibration,2009,2009-03-31,,exper2_11
,4.5091095,Calibration,2009,2009-04-01,,exper2_11
,4.3793077,Calibration,2009,2009-04-02,,exper2_11
,4.274961,Calibration,2009,2009-04-03,,exper2_11
,4.192015,Calibration,2009,2009-04-04,,exper2_11
,3.8029943,Calibration,2009,2009-04-05,,exper2_11
,3.69176,Calibration,2009,2009-04-06,,exper2_11
,3.4401453,Calibration,2009,2009-04-07,,exper2_11
,3.3743913,Calibration,2009,2009-04-08,,exper2_11
,3.1238167,Calibration,2009,2009-04-09,,exper2_11
,3.463849,Calibration,2009,2009-04-10,,exper2_11
,3.4422522,Calibration,2009,2009-04-11,,exper2_11
,3.3927789,Calibration,2009,2009-04-12,,exper2_11
,3.0379992,Calibration,2009,2009-04-13,,exper2_11
,3.1405234,Calibration,2009,2009-04-14,,exper2_11
,3.406996,Calibration,2009,2009-04-15,,exper2_11
,3.5723977,Calibration,2009,2009-04-16,,exper2_11
,3.5905838,Calibration,2009,2009-04-17,,exper2_11
,3.9185517,Calibration,2009,2009-04-18,,exper2_11
,3.707184,Calibration,2009,2009-04-19,,exper2_11
,3.4919772,Calibration,2009,2009-04-20,,exper2_11
,3.765295,Calibration,2009,2009-04-21,,exper2_11
,3.4844053,Calibration,2009,2009-04-22,,exper2_11
,3.5548582,Calibration,2009,2009-04-23,,exper2_11
,3.7387514,Calibration,2009,2009-04-24,,exper2_11
,3.438717,Calibration,2009,2009-04-25,,exper2_11
,3.5247731,Calibration,2009,2009-04-26,,exper2_11
,4.1543345,Calibration,2009,2009-04-27,,exper2_11
,4.17941,Calibration,2009,2009-04-28,,exper2_11
,4.1944127,Calibration,2009,2009-04-29,,exper2_11
,4.303437,Calibration,2009,2009-04-30,,exper2_11
,4.286841,Calibration,2009,2009-05-01,,exper2_11
,4.6453023,Calibration,2009,2009-05-02,,exper2_11
,5.0028334,Calibration,2009,2009-05-03,,exper2_11
,6.771918,Calibration,2009,2009-05-04,,exper2_11
5.492500000000007,6.190615,Calibration,2009,2009-05-05,0.059754197965936846,exper2_11
6.909500000000037,6.4345264,Calibration,2009,2009-05-06,-0.035594470569309665,exper2_11
7.5330000000000155,8.18852,Calibration,2009,2009-05-07,0.041695740203622364,exper2_11
8.422000000000025,8.942856,Calibration,2009,2009-05-08,0.029994826326877073,exper2_11
7.020500000000027,7.4582705,Calibration,2009,2009-05-09,0.030235339959922933,exper2_11
7.839999999999975,7.914058,Calibration,2009,2009-05-10,0.004700897221885691,exper2_11
8.488999999999976,8.635585,Calibration,2009,2009-05-11,0.008559905695957354,exper2_11
8.302999999999997,8.400913,Calibration,2009,2009-05-12,0.00586169462970924,exper2_11
8.196500000000015,8.639651,Calibration,2009,2009-05-13,0.02632141340769564,exper2_11
8.117000000000019,8.123093,Calibration,2009,2009-05-14,0.00037516112118091474,exper2_11
,8.459004,Calibration,2009,2009-05-15,,exper2_11
,7.987449,Calibration,2009,2009-05-16,,exper2_11
,7.5162296,Calibration,2009,2009-05-17,,exper2_11
,7.787227,Calibration,2009,2009-05-18,,exper2_11
,8.817618,Calibration,2009,2009-05-19,,exper2_11
,9.227896,Calibration,2009,2009-05-20,,exper2_11
,10.317411,Calibration,2009,2009-05-21,,exper2_11
,12.559484,Calibration,2009,2009-05-22,,exper2_11
,13.387634,Calibration,2009,2009-05-23,,exper2_11
,13.144348,Calibration,2009,2009-05-24,,exper2_11
,12.915008,Calibration,2009,2009-05-25,,exper2_11
,11.997408,Calibration,2009,2009-05-26,,exper2_11
,11.06543,Calibration,2009,2009-05-27,,exper2_11
,10.827314,Calibration,2009,2009-05-28,,exper2_11
12.651499999999999,11.376512,Calibration,2009,2009-05-29,-0.05306258581959339,exper2_11
12.66900000000004,11.503966,Calibration,2009,2009-05-30,-0.048195726272981625,exper2_11
12.954000000000008,12.562607,Calibration,2009,2009-05-31,-0.015338763157953073,exper2_11
12.54600000000005,12.707043,Calibration,2009,2009-06-01,0.006377160013649563,exper2_11
12.413499999999999,13.141573,Calibration,2009,2009-06-02,0.02849034920112882,exper2_11
14.10650000000004,12.8677,Calibration,2009,2009-06-03,-0.04592538033383901,exper2_11
13.391999999999996,13.668444,Calibration,2009,2009-06-04,0.010215785191128833,exper2_11
13.64100000000002,14.313284,Calibration,2009,2009-06-05,0.02404940588730837,exper2_11
13.973500000000001,14.659301,Calibration,2009,2009-06-06,0.023951579478004338,exper2_11
13.492000000000019,13.143126,Calibration,2009,2009-06-07,-0.013098285025775638,exper2_11
12.975999999999999,11.196837,Calibration,2009,2009-06-08,-0.07360172674271791,exper2_11
13.033500000000004,11.6421175,Calibration,2009,2009-06-09,-0.0563869374161607,exper2_11
13.086000000000013,12.136191,Calibration,2009,2009-06-10,-0.03765765702254365,exper2_11
13.490499999999997,13.314093,Calibration,2009,2009-06-11,-0.006581236517430261,exper2_11
14.697500000000048,14.378739,Calibration,2009,2009-06-12,-0.010962925400761523,exper2_11
14.915500000000009,15.185629,Calibration,2009,2009-06-13,0.0089740451917751,exper2_11
15.714500000000044,16.17546,Calibration,2009,2009-06-14,0.014454731321168987,exper2_11
16.897500000000036,17.274689,Calibration,2009,2009-06-15,0.011037885919041805,exper2_11
16.777499999999975,18.111685,Calibration,2009,2009-06-16,0.03824064124379229,exper2_11
17.373500000000035,18.3251,Calibration,2009,2009-06-17,0.026656506040365967,exper2_11
18.08050000000003,18.338467,Calibration,2009,2009-06-18,0.007083304883598234,exper2_11
18.447000000000003,18.668385,Calibration,2009,2009-06-19,0.005964765141844912,exper2_11
19.147000000000048,18.707195,Calibration,2009,2009-06-20,-0.011618387730645035,exper2_11
19.952999999999975,19.905048,Calibration,2009,2009-06-21,-0.0012030601496861935,exper2_11
20.210000000000036,20.433397,Calibration,2009,2009-06-22,0.0054965211564329585,exper2_11
21.855000000000018,21.850445,Calibration,2009,2009-06-23,-0.0001042251444951044,exper2_11
22.837000000000046,22.42566,Calibration,2009,2009-06-24,-0.009087862440418497,exper2_11
22.872000000000014,22.900656,Calibration,2009,2009-06-25,0.000626045091608281,exper2_11
23.14250000000004,22.765118,Calibration,2009,2009-06-26,-0.008220473509483095,exper2_11
21.94500000000005,22.89349,Calibration,2009,2009-06-27,0.02115347419328292,exper2_11
20.587499999999977,21.882313,Calibration,2009,2009-06-28,0.030487838068145267,exper2_11
19.35850000000005,19.748877,Calibration,2009,2009-06-29,0.00998217231319387,exper2_11
18.20750000000004,17.655203,Calibration,2009,2009-06-30,-0.015400320953756505,exper2_11
17.653500000000008,16.615417,Calibration,2009,2009-07-01,-0.030292247198146934,exper2_11
17.445500000000038,16.887217,Calibration,2009,2009-07-02,-0.01626097459841951,exper2_11
17.821000000000026,17.562317,Calibration,2009,2009-07-03,-0.00731087778570464,exper2_11
18.81800000000004,18.435272,Calibration,2009,2009-07-04,-0.01027366887332382,exper2_11
18.726,19.219395,Calibration,2009,2009-07-05,0.013002755352760726,exper2_11
18.701999999999998,18.56538,Calibration,2009,2009-07-06,-0.0036659379653446143,exper2_11
18.936500000000024,18.066761,Calibration,2009,2009-07-07,-0.023504387431107006,exper2_11
19.343000000000018,18.299145,Calibration,2009,2009-07-08,-0.027731024950940025,exper2_11
19.113,18.364758,Calibration,2009,2009-07-09,-0.01996497419576644,exper2_11
19.4495,19.320076,Calibration,2009,2009-07-10,-0.003338288024299253,exper2_11
19.724499999999978,19.390923,Calibration,2009,2009-07-11,-0.008528028892380541,exper2_11
19.525500000000022,18.793297,Calibration,2009,2009-07-12,-0.0191081987670431,exper2_11
19.54050000000001,18.828955,Calibration,2009,2009-07-13,-0.018544576902907135,exper2_11
19.463000000000022,19.581455,Calibration,2009,2009-07-14,0.0030338553838930196,exper2_11
19.259500000000003,19.658436,Calibration,2009,2009-07-15,0.010250693237241789,exper2_11
18.859000000000037,19.552975,Calibration,2009,2009-07-16,0.018066623919517872,exper2_11
18.261000000000024,18.228819,Calibration,2009,2009-07-17,-0.0008819201504230759,exper2_11
17.91700000000003,17.088799,Calibration,2009,2009-07-18,-0.023658979711828468,exper2_11
18.448000000000036,17.923746,Calibration,2009,2009-07-19,-0.014413767472697599,exper2_11
18.967499999999973,18.481104,Calibration,2009,2009-07-20,-0.012988364112099283,exper2_11
18.636500000000012,19.078924,Calibration,2009,2009-07-21,0.011730590035961292,exper2_11
18.610000000000014,19.43531,Calibration,2009,2009-07-22,0.021692827732993306,exper2_11
18.75150000000002,19.638317,Calibration,2009,2009-07-23,0.02310032125591732,exper2_11
19.226,19.941584,Calibration,2009,2009-07-24,0.01826979269694401,exper2_11
19.337499999999977,19.12736,Calibration,2009,2009-07-25,-0.005463184139297968,exper2_11
19.42100000000005,19.08694,Calibration,2009,2009-07-26,-0.008675073971223954,exper2_11
,19.6529,Calibration,2009,2009-07-27,,exper2_11
,19.178797,Calibration,2009,2009-07-28,,exper2_11
,19.33069,Calibration,2009,2009-07-29,,exper2_11
,19.49224,Calibration,2009,2009-07-30,,exper2_11
,19.36315,Calibration,2009,2009-07-31,,exper2_11
,19.424782,Calibration,2009,2009-08-01,,exper2_11
,19.103317,Calibration,2009,2009-08-02,,exper2_11
,19.315895,Calibration,2009,2009-08-03,,exper2_11
,19.612835,Calibration,2009,2009-08-04,,exper2_11
,19.938839,Calibration,2009,2009-08-05,,exper2_11
,19.925007,Calibration,2009,2009-08-06,,exper2_11
,19.658539,Calibration,2009,2009-08-07,,exper2_11
,19.430275,Calibration,2009,2009-08-08,,exper2_11
,19.857906,Calibration,2009,2009-08-09,,exper2_11
,20.267061,Calibration,2009,2009-08-10,,exper2_11
,20.51284,Calibration,2009,2009-08-11,,exper2_11
21.128499999999974,20.767948,Calibration,2009,2009-08-12,-0.008605785580411928,exper2_11
21.210000000000036,20.8385,Calibration,2009,2009-08-13,-0.008835058064133521,exper2_11
21.867500000000007,20.901672,Calibration,2009,2009-08-14,-0.0225823316971163,exper2_11
22.127499999999998,21.341307,Calibration,2009,2009-08-15,-0.018086379027390707,exper2_11
21.872500000000002,21.176386,Calibration,2009,2009-08-16,-0.01617031675178901,exper2_11
21.54050000000001,21.428253,Calibration,2009,2009-08-17,-0.0026122895797742658,exper2_11
21.111500000000035,20.57167,Calibration,2009,2009-08-18,-0.012950777517178378,exper2_11
20.670000000000016,20.447594,Calibration,2009,2009-08-19,-0.005409030322094495,exper2_11
20.296500000000037,19.930607,Calibration,2009,2009-08-20,-0.009095686632294158,exper2_11
19.756500000000017,19.254433,Calibration,2009,2009-08-21,-0.012869913311701797,exper2_11
19.362000000000023,19.376595,Calibration,2009,2009-08-22,0.000376744268319695,exper2_11
19.555499999999995,19.675003,Calibration,2009,2009-08-23,0.0030461768894514065,exper2_11
19.524500000000046,19.862875,Calibration,2009,2009-08-24,0.008590950396472273,exper2_11
19.498000000000047,19.299374,Calibration,2009,2009-08-25,-0.005119582969768959,exper2_11
20.079000000000008,19.430843,Calibration,2009,2009-08-26,-0.01640494093922685,exper2_11
20.22800000000001,19.391052,Calibration,2009,2009-08-27,-0.021124880744434707,exper2_11
19.90700000000004,19.11765,Calibration,2009,2009-08-28,-0.0202269832086312,exper2_11
19.028999999999996,18.182297,Calibration,2009,2009-08-29,-0.022753930149011725,exper2_11
18.476500000000044,17.887484,Calibration,2009,2009-08-30,-0.016197796416619493,exper2_11
18.563499999999976,18.790035,Calibration,2009,2009-08-31,0.0060646267160504915,exper2_11
18.764499999999998,18.776798,Calibration,2009,2009-09-01,0.0003275925145070681,exper2_11
18.899,18.748367,Calibration,2009,2009-09-02,-0.004001148053489418,exper2_11
19.306500000000028,19.133865,Calibration,2009,2009-09-03,-0.004490973016357396,exper2_11
19.658000000000015,19.592382,Calibration,2009,2009-09-04,-0.0016717689078582468,exper2_11
19.799500000000023,19.641586,Calibration,2009,2009-09-05,-0.0040037866876457655,exper2_11
19.960500000000025,19.937922,Calibration,2009,2009-09-06,-0.0005658989776967574,exper2_11
20.30250000000001,20.217579,Calibration,2009,2009-09-07,-0.002095778547110188,exper2_11
20.4015,20.394161,Calibration,2009,2009-09-08,-0.00017989108190704292,exper2_11
20.384500000000003,20.526405,Calibration,2009,2009-09-09,0.003468643221470833,exper2_11
20.646500000000003,19.925879,Calibration,2009,2009-09-10,-0.0177613810533587,exper2_11
,19.830814,Calibration,2009,2009-09-11,,exper2_11
,19.79343,Calibration,2009,2009-09-12,,exper2_11
,19.79391,Calibration,2009,2009-09-13,,exper2_11
,19.801126,Calibration,2009,2009-09-14,,exper2_11
,19.796385,Calibration,2009,2009-09-15,,exper2_11
,19.656475,Calibration,2009,2009-09-16,,exper2_11
,19.57323,Calibration,2009,2009-09-17,,exper2_11
,19.487717,Calibration,2009,2009-09-18,,exper2_11
20.029999999999973,19.418276,Calibration,2009,2009-09-19,-0.015506993751963816,exper2_11
19.991000000000042,19.378355,Calibration,2009,2009-09-20,-0.015561468389474805,exper2_11
19.994500000000016,19.408363,Calibration,2009,2009-09-21,-0.014875483860733738,exper2_11
19.889499999999998,18.71647,Calibration,2009,2009-09-22,-0.030384659672800924,exper2_11
19.809500000000014,19.019201,Calibration,2009,2009-09-23,-0.020353467803140086,exper2_11
19.93950000000001,18.952728,Calibration,2009,2009-09-24,-0.025371951476463265,exper2_11
19.575499999999977,18.577383,Calibration,2009,2009-09-25,-0.02616098389040618,exper2_11
19.260000000000048,18.18705,Calibration,2009,2009-09-26,-0.028652460958200086,exper2_11
18.83299999999997,17.790722,Calibration,2009,2009-09-27,-0.0284590984424169,exper2_11
17.843500000000006,16.49699,Calibration,2009,2009-09-28,-0.03921055838601081,exper2_11
16.637500000000045,15.365233,Calibration,2009,2009-09-29,-0.039754934740248125,exper2_11
16.216499999999996,15.371911,Calibration,2009,2009-09-30,-0.026737304063938892,exper2_11
15.730999999999995,15.098546,Calibration,2009,2009-10-01,-0.02051454054125759,exper2_11
15.099000000000046,14.525224,Calibration,2009,2009-10-02,-0.019368482806377443,exper2_11
14.545500000000004,13.31004,Calibration,2009,2009-10-03,-0.04435238035384479,exper2_11
14.27800000000002,13.200795,Calibration,2009,2009-10-04,-0.039201312122598066,exper2_11
14.018500000000017,13.060394,Calibration,2009,2009-10-05,-0.035382010163787884,exper2_11
13.683500000000038,13.289717,Calibration,2009,2009-10-06,-0.01459904777017265,exper2_11
13.286999999999978,12.421713,Calibration,2009,2009-10-07,-0.03365734911851132,exper2_11
13.008000000000038,12.486843,Calibration,2009,2009-10-08,-0.020441659069575843,exper2_11
12.659000000000049,12.235442,Calibration,2009,2009-10-09,-0.01701415262455699,exper2_11
12.106999999999971,11.106597,Calibration,2009,2009-10-10,-0.04309556401706958,exper2_11
11.408500000000004,10.447442,Calibration,2009,2009-10-11,-0.04397238713591226,exper2_11
11.083000000000027,10.6212225,Calibration,2009,2009-10-12,-0.021275929329038122,exper2_11
10.654999999999973,9.561805,Calibration,2009,2009-10-13,-0.054073590804115446,exper2_11
10.373000000000047,9.661303,Calibration,2009,2009-10-14,-0.03552394355173468,exper2_11
10.187000000000012,9.512029,Calibration,2009,2009-10-15,-0.03426419222626585,exper2_11
10.02800000000002,8.888986,Calibration,2009,2009-10-16,-0.060211197925306145,exper2_11
9.896500000000003,9.119506,Calibration,2009,2009-10-17,-0.04086000617309158,exper2_11
9.62050000000005,8.734788,Calibration,2009,2009-10-18,-0.04825378179133063,exper2_11
9.541500000000042,9.034934,Calibration,2009,2009-10-19,-0.027269278641911077,exper2_11
9.54000000000002,8.949488,Calibration,2009,2009-10-20,-0.03193773261142871,exper2_11
9.351500000000044,8.991412,Calibration,2009,2009-10-21,-0.01963089797431013,exper2_11
9.133500000000026,7.996847,Calibration,2009,2009-10-22,-0.0663531706133725,exper2_11
8.884500000000003,7.76823,Calibration,2009,2009-10-23,-0.06703225484304984,exper2_11
8.597500000000025,7.1991935,Calibration,2009,2009-10-24,-0.08851893748204469,exper2_11
8.479499999999973,7.528598,Calibration,2009,2009-10-25,-0.05940132164793058,exper2_11
8.418499999999995,7.371543,Calibration,2009,2009-10-26,-0.06630489061988788,exper2_11
8.365000000000009,7.1008663,Calibration,2009,2009-10-27,-0.08173701080037352,exper2_11
,7.0842414,Calibration,2009,2009-10-28,,exper2_11
,7.3067985,Calibration,2009,2009-10-29,,exper2_11
,7.2539,Calibration,2009,2009-10-30,,exper2_11
,6.9215503,Calibration,2009,2009-10-31,,exper2_11
,6.9577165,Calibration,2009,2009-11-01,,exper2_11
,6.9832807,Calibration,2009,2009-11-02,,exper2_11
,6.659785,Calibration,2009,2009-11-03,,exper2_11
,6.918447,Calibration,2009,2009-11-04,,exper2_11
,6.4102807,Calibration,2009,2009-11-05,,exper2_11
,6.6523347,Calibration,2009,2009-11-06,,exper2_11
,6.706512,Calibration,2009,2009-11-07,,exper2_11
,6.7459946,Calibration,2009,2009-11-08,,exper2_11
,6.8354316,Calibration,2009,2009-11-09,,exper2_11
,6.726707,Calibration,2009,2009-11-10,,exper2_11
,6.802489,Calibration,2009,2009-11-11,,exper2_11
,6.781458,Calibration,2009,2009-11-12,,exper2_11
,6.925004,Calibration,2009,2009-11-13,,exper2_11
,6.9434905,Calibration,2009,2009-11-14,,exper2_11
,6.6058106,Calibration,2009,2009-11-15,,exper2_11
,6.4439363,Calibration,2009,2009-11-16,,exper2_11
,6.171641,Calibration,2009,2009-11-17,,exper2_11
,5.942059,Calibration,2009,2009-11-18,,exper2_11
,6.3042274,Calibration,2009,2009-11-19,,exper2_11
,6.1596384,Calibration,2009,2009-11-20,,exper2_11
,6.0731053,Calibration,2009,2009-11-21,,exper2_11
,6.365124,Calibration,2009,2009-11-22,,exper2_11
,6.3993196,Calibration,2009,2009-11-23,,exper2_11
,6.5350833,Calibration,2009,2009-11-24,,exper2_11
,6.6539974,Calibration,2009,2009-11-25,,exper2_11
,6.468484,Calibration,2009,2009-11-26,,exper2_11
,6.468956,Calibration,2009,2009-11-27,,exper2_11
,6.266671,Calibration,2009,2009-11-28,,exper2_11
,6.2295065,Calibration,2009,2009-11-29,,exper2_11
,4.371241,Calibration,2009,2009-11-30,,exper2_11
,5.4303803,Calibration,2009,2009-12-01,,exper2_11
,5.7000823,Calibration,2009,2009-12-02,,exper2_11
,4.857491,Calibration,2009,2009-12-03,,exper2_11
,3.9141123,Calibration,2009,2009-12-04,,exper2_11
,3.5929115,Calibration,2009,2009-12-05,,exper2_11
,3.0268724,Calibration,2009,2009-12-06,,exper2_11
,2.6538203,Calibration,2009,2009-12-07,,exper2_11
,2.3452568,Calibration,2009,2009-12-08,,exper2_11
,2.3471375,Calibration,2009,2009-12-09,,exper2_11
,2.1731372,Calibration,2009,2009-12-10,,exper2_11
,2.1576276,Calibration,2009,2009-12-11,,exper2_11
,2.0880828,Calibration,2009,2009-12-12,,exper2_11
,1.97924,Calibration,2009,2009-12-13,,exper2_11
,1.8757064,Calibration,2009,2009-12-14,,exper2_11
,2.0053332,Calibration,2009,2009-12-15,,exper2_11
,2.0258546,Calibration,2009,2009-12-16,,exper2_11
,2.0514967,Calibration,2009,2009-12-17,,exper2_11
,2.0442138,Calibration,2009,2009-12-18,,exper2_11
,1.9898317,Calibration,2009,2009-12-19,,exper2_11
,1.9138774,Calibration,2009,2009-12-20,,exper2_11
,1.8632046,Calibration,2009,2009-12-21,,exper2_11
,1.9254103,Calibration,2009,2009-12-22,,exper2_11
,1.9311742,Calibration,2009,2009-12-23,,exper2_11
,1.9703656,Calibration,2009,2009-12-24,,exper2_11
,2.059072,Calibration,2009,2009-12-25,,exper2_11
,2.1065435,Calibration,2009,2009-12-26,,exper2_11
,1.8616625,Calibration,2009,2009-12-27,,exper2_11
,2.022238,Calibration,2009,2009-12-28,,exper2_11
,2.0571887,Calibration,2009,2009-12-29,,exper2_11
,2.0280263,Calibration,2009,2009-12-30,,exper2_11
,2.0600317,Calibration,2009,2009-12-31,,exper2_11
,2.681211,Calibration,2010,2010-01-01,,exper2_11
,3.0053623,Calibration,2010,2010-01-02,,exper2_11
,3.106872,Calibration,2010,2010-01-03,,exper2_11
,2.825705,Calibration,2010,2010-01-04,,exper2_11
,2.5860686,Calibration,2010,2010-01-05,,exper2_11
,2.4186115,Calibration,2010,2010-01-06,,exper2_11
,2.299709,Calibration,2010,2010-01-07,,exper2_11
,2.2406948,Calibration,2010,2010-01-08,,exper2_11
,2.3665307,Calibration,2010,2010-01-09,,exper2_11
,2.3848982,Calibration,2010,2010-01-10,,exper2_11
,2.273724,Calibration,2010,2010-01-11,,exper2_11
,2.1850672,Calibration,2010,2010-01-12,,exper2_11
,2.2583303,Calibration,2010,2010-01-13,,exper2_11
,2.2209396,Calibration,2010,2010-01-14,,exper2_11
,2.1745207,Calibration,2010,2010-01-15,,exper2_11
,2.0647938,Calibration,2010,2010-01-16,,exper2_11
,2.1543515,Calibration,2010,2010-01-17,,exper2_11
,2.1815577,Calibration,2010,2010-01-18,,exper2_11
,2.1740294,Calibration,2010,2010-01-19,,exper2_11
,2.2355442,Calibration,2010,2010-01-20,,exper2_11
,2.2836647,Calibration,2010,2010-01-21,,exper2_11
,2.3945966,Calibration,2010,2010-01-22,,exper2_11
,2.3422956,Calibration,2010,2010-01-23,,exper2_11
,2.2774348,Calibration,2010,2010-01-24,,exper2_11
,2.2314322,Calibration,2010,2010-01-25,,exper2_11
,2.145567,Calibration,2010,2010-01-26,,exper2_11
,2.4901812,Calibration,2010,2010-01-27,,exper2_11
,2.7954185,Calibration,2010,2010-01-28,,exper2_11
,2.9731007,Calibration,2010,2010-01-29,,exper2_11
,3.3180022,Calibration,2010,2010-01-30,,exper2_11
,3.3807673,Calibration,2010,2010-01-31,,exper2_11
,3.3015852,Calibration,2010,2010-02-01,,exper2_11
,3.1049724,Calibration,2010,2010-02-02,,exper2_11
,2.7986896,Calibration,2010,2010-02-03,,exper2_11
,2.904699,Calibration,2010,2010-02-04,,exper2_11
,2.807407,Calibration,2010,2010-02-05,,exper2_11
,2.6719425,Calibration,2010,2010-02-06,,exper2_11
,2.8362079,Calibration,2010,2010-02-07,,exper2_11
,2.816999,Calibration,2010,2010-02-08,,exper2_11
,2.9086142,Calibration,2010,2010-02-09,,exper2_11
,2.8623488,Calibration,2010,2010-02-10,,exper2_11
,3.4032512,Calibration,2010,2010-02-11,,exper2_11
,3.81915,Calibration,2010,2010-02-12,,exper2_11
,4.070221,Calibration,2010,2010-02-13,,exper2_11
,4.2706933,Calibration,2010,2010-02-14,,exper2_11
,3.8961706,Calibration,2010,2010-02-15,,exper2_11
,3.845189,Calibration,2010,2010-02-16,,exper2_11
,4.0565553,Calibration,2010,2010-02-17,,exper2_11
,4.2871356,Calibration,2010,2010-02-18,,exper2_11
,4.482922,Calibration,2010,2010-02-19,,exper2_11
,4.499298,Calibration,2010,2010-02-20,,exper2_11
,4.472797,Calibration,2010,2010-02-21,,exper2_11
,4.794158,Calibration,2010,2010-02-22,,exper2_11
,4.309106,Calibration,2010,2010-02-23,,exper2_11
,4.24818,Calibration,2010,2010-02-24,,exper2_11
,4.32565,Calibration,2010,2010-02-25,,exper2_11
,4.383536,Calibration,2010,2010-02-26,,exper2_11
,4.4332957,Calibration,2010,2010-02-27,,exper2_11
,4.7612443,Calibration,2010,2010-02-28,,exper2_11
,4.452671,Calibration,2010,2010-03-01,,exper2_11
,4.6236334,Calibration,2010,2010-03-02,,exper2_11
,4.7702475,Calibration,2010,2010-03-03,,exper2_11
,4.909252,Calibration,2010,2010-03-04,,exper2_11
,5.005696,Calibration,2010,2010-03-05,,exper2_11
,5.01227,Calibration,2010,2010-03-06,,exper2_11
,4.954876,Calibration,2010,2010-03-07,,exper2_11
,5.0247164,Calibration,2010,2010-03-08,,exper2_11
,4.8544135,Calibration,2010,2010-03-09,,exper2_11
,5.62436,Calibration,2010,2010-03-10,,exper2_11
,5.4011397,Calibration,2010,2010-03-11,,exper2_11
,5.2419033,Calibration,2010,2010-03-12,,exper2_11
,4.9834495,Calibration,2010,2010-03-13,,exper2_11
,4.524775,Calibration,2010,2010-03-14,,exper2_11
,4.516233,Calibration,2010,2010-03-15,,exper2_11
,4.675605,Calibration,2010,2010-03-16,,exper2_11
,4.812478,Calibration,2010,2010-03-17,,exper2_11
,4.793073,Calibration,2010,2010-03-18,,exper2_11
,4.753544,Calibration,2010,2010-03-19,,exper2_11
,4.564327,Calibration,2010,2010-03-20,,exper2_11
,4.4939685,Calibration,2010,2010-03-21,,exper2_11
,4.2868805,Calibration,2010,2010-03-22,,exper2_11
,4.0683026,Calibration,2010,2010-03-23,,exper2_11
,4.0094686,Calibration,2010,2010-03-24,,exper2_11
,3.4947207,Calibration,2010,2010-03-25,,exper2_11
,3.1774387,Calibration,2010,2010-03-26,,exper2_11
,3.2269647,Calibration,2010,2010-03-27,,exper2_11
,3.3091588,Calibration,2010,2010-03-28,,exper2_11
,3.4032907,Calibration,2010,2010-03-29,,exper2_11
,3.2377276,Calibration,2010,2010-03-30,,exper2_11
,3.1158805,Calibration,2010,2010-03-31,,exper2_11
,3.1677203,Calibration,2010,2010-04-01,,exper2_11
,3.1550598,Calibration,2010,2010-04-02,,exper2_11
,3.0751047,Calibration,2010,2010-04-03,,exper2_11
,3.0193782,Calibration,2010,2010-04-04,,exper2_11
,3.1806362,Calibration,2010,2010-04-05,,exper2_11
,3.5511909,Calibration,2010,2010-04-06,,exper2_11
,3.2679822,Calibration,2010,2010-04-07,,exper2_11
,2.9278092,Calibration,2010,2010-04-08,,exper2_11
,3.139809,Calibration,2010,2010-04-09,,exper2_11
,3.0956678,Calibration,2010,2010-04-10,,exper2_11
,3.50172,Calibration,2010,2010-04-11,,exper2_11
,4.0557985,Calibration,2010,2010-04-12,,exper2_11
,3.532167,Calibration,2010,2010-04-13,,exper2_11
,3.469869,Calibration,2010,2010-04-14,,exper2_11
,3.4515262,Calibration,2010,2010-04-15,,exper2_11
,3.7632937,Calibration,2010,2010-04-16,,exper2_11
,3.350931,Calibration,2010,2010-04-17,,exper2_11
,3.7388623,Calibration,2010,2010-04-18,,exper2_11
,4.0871797,Calibration,2010,2010-04-19,,exper2_11
,4.7995515,Calibration,2010,2010-04-20,,exper2_11
,4.339407,Calibration,2010,2010-04-21,,exper2_11
,4.4028435,Calibration,2010,2010-04-22,,exper2_11
,4.5722766,Calibration,2010,2010-04-23,,exper2_11
,4.5333614,Calibration,2010,2010-04-24,,exper2_11
,5.0970483,Calibration,2010,2010-04-25,,exper2_11
,4.985288,Calibration,2010,2010-04-26,,exper2_11
,4.9095263,Calibration,2010,2010-04-27,,exper2_11
,5.033647,Calibration,2010,2010-04-28,,exper2_11
,4.4704103,Calibration,2010,2010-04-29,,exper2_11
,4.9279666,Calibration,2010,2010-04-30,,exper2_11
,4.7713375,Calibration,2010,2010-05-01,,exper2_11
,5.5683084,Calibration,2010,2010-05-02,,exper2_11
,5.6116147,Calibration,2010,2010-05-03,,exper2_11
,6.5367513,Calibration,2010,2010-05-04,,exper2_11
,6.350228,Calibration,2010,2010-05-05,,exper2_11
,5.8014426,Calibration,2010,2010-05-06,,exper2_11
,6.592951,Calibration,2010,2010-05-07,,exper2_11
,5.277804,Calibration,2010,2010-05-08,,exper2_11
,5.719649,Calibration,2010,2010-05-09,,exper2_11
,5.9590592,Calibration,2010,2010-05-10,,exper2_11
,6.3446875,Calibration,2010,2010-05-11,,exper2_11
,5.5016336,Calibration,2010,2010-05-12,,exper2_11
,4.7605267,Calibration,2010,2010-05-13,,exper2_11
,6.094528,Calibration,2010,2010-05-14,,exper2_11
,6.518557,Calibration,2010,2010-05-15,,exper2_11
,8.069092,Calibration,2010,2010-05-16,,exper2_11
,9.791682,Calibration,2010,2010-05-17,,exper2_11
,11.861487,Calibration,2010,2010-05-18,,exper2_11
,13.678336,Calibration,2010,2010-05-19,,exper2_11
,14.865573,Calibration,2010,2010-05-20,,exper2_11
14.664000000000044,15.526906,Calibration,2010,2010-05-21,0.028581653465556574,exper2_11
14.042500000000018,14.772902,Calibration,2010,2010-05-22,0.02534760913000391,exper2_11
14.383500000000026,14.7999,Calibration,2010,2010-05-23,0.014268387307436006,exper2_11
15.112000000000023,15.4405365,Calibration,2010,2010-05-24,0.010753166076208277,exper2_11
16.423500000000047,16.349947,Calibration,2010,2010-05-25,-0.0022442871006689387,exper2_11
16.536999999999978,16.531664,Calibration,2010,2010-05-26,-0.00016136440721211515,exper2_11
16.85450000000003,17.377882,Calibration,2010,2010-05-27,0.01528909100530289,exper2_11
17.71950000000004,17.936049,Calibration,2010,2010-05-28,0.006073346695078431,exper2_11
18.749000000000024,18.470781,Calibration,2010,2010-05-29,-0.007475021716732397,exper2_11
18.92700000000002,18.947453,Calibration,2010,2010-05-30,0.0005400089979282113,exper2_11
19.510000000000048,19.401955,Calibration,2010,2010-05-31,-0.0027766620847123375,exper2_11
19.20750000000004,19.307262,Calibration,2010,2010-06-01,0.002590238505554394,exper2_11
18.90700000000004,19.182604,Calibration,2010,2010-06-02,0.007235670847240888,exper2_11
19.476,19.37064,Calibration,2010,2010-06-03,-0.0027122088168827253,exper2_11
18.71900000000005,18.322939,Calibration,2010,2010-06-04,-0.010692234059292038,exper2_11
18.375999999999976,17.958187,Calibration,2010,2010-06-05,-0.01149916731426951,exper2_11
18.061500000000024,17.204718,Calibration,2010,2010-06-06,-0.024294705282326103,exper2_11
18.569500000000005,18.844652,Calibration,2010,2010-06-07,0.007354227208188022,exper2_11
17.91900000000004,16.993906,Calibration,2010,2010-06-08,-0.02649719213640659,exper2_11
16.960500000000025,16.823391,Calibration,2010,2010-06-09,-0.004058414688414302,exper2_11
17.222000000000037,17.54429,Calibration,2010,2010-06-10,0.009270202186441713,exper2_11
17.003499999999974,15.724125,Calibration,2010,2010-06-11,-0.03909159601809334,exper2_11
16.611000000000047,15.03317,Calibration,2010,2010-06-12,-0.049861641694065116,exper2_11
16.657500000000027,15.950179,Calibration,2010,2010-06-13,-0.02169185049305184,exper2_11
16.841000000000008,17.000704,Calibration,2010,2010-06-14,0.00471914217246186,exper2_11
16.712499999999977,16.316786,Calibration,2010,2010-06-15,-0.011980706754299589,exper2_11
16.7765,16.452421,Calibration,2010,2010-06-16,-0.009752914029573855,exper2_11
17.16300000000001,17.741951,Calibration,2010,2010-06-17,0.01658650054990177,exper2_11
17.733000000000004,17.992966,Calibration,2010,2010-06-18,0.007276659795230515,exper2_11
17.988999999999976,18.477337,Calibration,2010,2010-06-19,0.01339144332221928,exper2_11
18.954499999999996,19.095097,Calibration,2010,2010-06-20,0.0036950874842813135,exper2_11
19.0265,19.499178,Calibration,2010,2010-06-21,0.01226916586813845,exper2_11
19.595000000000027,19.760899,Calibration,2010,2010-06-22,0.004215342452621477,exper2_11
20.240499999999997,19.873722,Calibration,2010,2010-06-23,-0.00914333881099038,exper2_11
20.10850000000005,19.852156,Calibration,2010,2010-06-24,-0.006414917627809165,exper2_11
20.192499999999995,20.0253,Calibration,2010,2010-06-25,-0.004157386321263736,exper2_11
20.565500000000043,20.467335,Calibration,2010,2010-06-26,-0.0023923585413999286,exper2_11
20.753499999999974,20.394701,Calibration,2010,2010-06-27,-0.008719676370214298,exper2_11
20.563000000000045,20.546906,Calibration,2010,2010-06-28,-0.0003914988910650302,exper2_11
20.097500000000025,19.897211,Calibration,2010,2010-06-29,-0.005007885287536839,exper2_11
20.256500000000017,19.849712,Calibration,2010,2010-06-30,-0.01014275854330251,exper2_11
20.097000000000037,19.785275,Calibration,2010,2010-07-01,-0.007816141337197624,exper2_11
20.265499999999975,19.545168,Calibration,2010,2010-07-02,-0.01809394603527007,exper2_11
20.576999999999998,19.657423,Calibration,2010,2010-07-03,-0.022855478259181508,exper2_11
20.8365,20.453735,Calibration,2010,2010-07-04,-0.009270100913169446,exper2_11
21.134000000000015,20.849691,Calibration,2010,2010-07-05,-0.006771882118726939,exper2_11
21.744500000000016,21.382893,Calibration,2010,2010-07-06,-0.008384633744006432,exper2_11
22.589500000000044,22.034983,Calibration,2010,2010-07-07,-0.012426302455676844,exper2_11
22.747000000000014,21.926683,Calibration,2010,2010-07-08,-0.01836241185388904,exper2_11
23.062000000000012,22.10886,Calibration,2010,2010-07-09,-0.021100771244913642,exper2_11
23.124500000000012,22.38679,Calibration,2010,2010-07-10,-0.0162093996696688,exper2_11
22.808500000000038,22.199762,Calibration,2010,2010-07-11,-0.013525020161458467,exper2_11
22.508000000000038,21.838976,Calibration,2010,2010-07-12,-0.01508612661752743,exper2_11
22.428999999999974,22.05639,Calibration,2010,2010-07-13,-0.00837599111271387,exper2_11
22.147000000000048,22.137426,Calibration,2010,2010-07-14,-0.000216184885763567,exper2_11
21.89450000000005,21.892136,Calibration,2010,2010-07-15,-5.399775181120998e-05,exper2_11
21.874000000000024,22.099888,Calibration,2010,2010-07-16,0.005136863237603228,exper2_11
22.234500000000025,22.257936,Calibration,2010,2010-07-17,0.0005267519496909182,exper2_11
22.570500000000038,22.588505,Calibration,2010,2010-07-18,0.00039869769812137494,exper2_11
22.759000000000015,22.84565,Calibration,2010,2010-07-19,0.0019000194009102006,exper2_11
22.710000000000036,23.042713,Calibration,2010,2010-07-20,0.007271987654179744,exper2_11
22.60699999999997,22.6744,Calibration,2010,2010-07-21,0.0014884771473339152,exper2_11
22.54449999999997,22.674187,Calibration,2010,2010-07-22,0.0028679892316340267,exper2_11
22.403999999999996,22.863117,Calibration,2010,2010-07-23,0.010142400184362532,exper2_11
22.440999999999974,22.679758,Calibration,2010,2010-07-24,0.005291535029597283,exper2_11
22.78800000000001,22.843414,Calibration,2010,2010-07-25,0.0012143894175234838,exper2_11
23.084500000000048,22.947563,Calibration,2010,2010-07-26,-0.0029748140573992022,exper2_11
22.99350000000004,22.830116,Calibration,2010,2010-07-27,-0.003565491799199508,exper2_11
22.90300000000002,22.745125,Calibration,2010,2010-07-28,-0.0034585250487016396,exper2_11
23.04400000000004,22.662186,Calibration,2010,2010-07-29,-0.00835366866577421,exper2_11
23.0265,22.758385,Calibration,2010,2010-07-30,-0.005855978389812935,exper2_11
,22.961456,Calibration,2010,2010-07-31,,exper2_11
,22.919579,Calibration,2010,2010-08-01,,exper2_11
,22.982643,Calibration,2010,2010-08-02,,exper2_11
,23.383055,Calibration,2010,2010-08-03,,exper2_11
,23.350946,Calibration,2010,2010-08-04,,exper2_11
,22.592186,Calibration,2010,2010-08-05,,exper2_11
,22.490025,Calibration,2010,2010-08-06,,exper2_11
,22.429062,Calibration,2010,2010-08-07,,exper2_11
,22.801308,Calibration,2010,2010-08-08,,exper2_11
,23.160599,Calibration,2010,2010-08-09,,exper2_11
,23.448254,Calibration,2010,2010-08-10,,exper2_11
,23.198078,Calibration,2010,2010-08-11,,exper2_11
,23.59377,Calibration,2010,2010-08-12,,exper2_11
,23.564453,Calibration,2010,2010-08-13,,exper2_11
,23.551594,Calibration,2010,2010-08-14,,exper2_11
,22.468128,Calibration,2010,2010-08-15,,exper2_11
,22.553087,Calibration,2010,2010-08-16,,exper2_11
,22.09132,Calibration,2010,2010-08-17,,exper2_11
,20.887018,Calibration,2010,2010-08-18,,exper2_11
,20.829243,Calibration,2010,2010-08-19,,exper2_11
,20.776234,Calibration,2010,2010-08-20,,exper2_11
,20.774162,Calibration,2010,2010-08-21,,exper2_11
,20.66251,Calibration,2010,2010-08-22,,exper2_11
,20.8168,Calibration,2010,2010-08-23,,exper2_11
,20.493174,Calibration,2010,2010-08-24,,exper2_11
,20.408014,Calibration,2010,2010-08-25,,exper2_11
,20.750927,Calibration,2010,2010-08-26,,exper2_11
,20.871487,Calibration,2010,2010-08-27,,exper2_11
,20.913113,Calibration,2010,2010-08-28,,exper2_11
,20.965738,Calibration,2010,2010-08-29,,exper2_11
,20.97641,Calibration,2010,2010-08-30,,exper2_11
,20.890003,Calibration,2010,2010-08-31,,exper2_11
,21.088772,Calibration,2010,2010-09-01,,exper2_11
,20.472239,Calibration,2010,2010-09-02,,exper2_11
,19.716784,Calibration,2010,2010-09-03,,exper2_11
,18.347332,Calibration,2010,2010-09-04,,exper2_11
,19.43722,Calibration,2010,2010-09-05,,exper2_11
,18.955887,Calibration,2010,2010-09-06,,exper2_11
,18.52576,Calibration,2010,2010-09-07,,exper2_11
,17.476078,Calibration,2010,2010-09-08,,exper2_11
,17.604721,Calibration,2010,2010-09-09,,exper2_11
,17.297367,Calibration,2010,2010-09-10,,exper2_11
,16.930012,Calibration,2010,2010-09-11,,exper2_11
,17.000847,Calibration,2010,2010-09-12,,exper2_11
,17.26939,Calibration,2010,2010-09-13,,exper2_11
,17.092655,Calibration,2010,2010-09-14,,exper2_11
,16.234184,Calibration,2010,2010-09-15,,exper2_11
,15.690548,Calibration,2010,2010-09-16,,exper2_11
,15.391802,Calibration,2010,2010-09-17,,exper2_11
,15.5471945,Calibration,2010,2010-09-18,,exper2_11
,15.405344,Calibration,2010,2010-09-19,,exper2_11
,14.576577,Calibration,2010,2010-09-20,,exper2_11
,15.157008,Calibration,2010,2010-09-21,,exper2_11
,15.057742,Calibration,2010,2010-09-22,,exper2_11
,14.762942,Calibration,2010,2010-09-23,,exper2_11
,14.694505,Calibration,2010,2010-09-24,,exper2_11
,14.089278,Calibration,2010,2010-09-25,,exper2_11
,14.045266,Calibration,2010,2010-09-26,,exper2_11
,14.02951,Calibration,2010,2010-09-27,,exper2_11
,13.913502,Calibration,2010,2010-09-28,,exper2_11
,14.087203,Calibration,2010,2010-09-29,,exper2_11
,14.028123,Calibration,2010,2010-09-30,,exper2_11
,13.436908,Calibration,2010,2010-10-01,,exper2_11
,12.654769,Calibration,2010,2010-10-02,,exper2_11
,13.086857,Calibration,2010,2010-10-03,,exper2_11
,13.022968,Calibration,2010,2010-10-04,,exper2_11
,13.26007,Calibration,2010,2010-10-05,,exper2_11
,13.45387,Calibration,2010,2010-10-06,,exper2_11
,13.61719,Calibration,2010,2010-10-07,,exper2_11
,13.80293,Calibration,2010,2010-10-08,,exper2_11
,13.950812,Calibration,2010,2010-10-09,,exper2_11
,14.088692,Calibration,2010,2010-10-10,,exper2_11
,13.52328,Calibration,2010,2010-10-11,,exper2_11
,13.26378,Calibration,2010,2010-10-12,,exper2_11
,13.371974,Calibration,2010,2010-10-13,,exper2_11
,12.850172,Calibration,2010,2010-10-14,,exper2_11
,12.497224,Calibration,2010,2010-10-15,,exper2_11
,12.596996,Calibration,2010,2010-10-16,,exper2_11
,12.120204,Calibration,2010,2010-10-17,,exper2_11
,11.842227,Calibration,2010,2010-10-18,,exper2_11
,11.539786,Calibration,2010,2010-10-19,,exper2_11
,11.292572,Calibration,2010,2010-10-20,,exper2_11
,10.841886,Calibration,2010,2010-10-21,,exper2_11
,10.597251,Calibration,2010,2010-10-22,,exper2_11
,10.4981575,Calibration,2010,2010-10-23,,exper2_11
,10.484507,Calibration,2010,2010-10-24,,exper2_11
,10.46515,Calibration,2010,2010-10-25,,exper2_11
,10.226112,Calibration,2010,2010-10-26,,exper2_11
,9.124784,Calibration,2010,2010-10-27,,exper2_11
,8.652227,Calibration,2010,2010-10-28,,exper2_11
,8.32293,Calibration,2010,2010-10-29,,exper2_11
,8.396492,Calibration,2010,2010-10-30,,exper2_11
,7.9732747,Calibration,2010,2010-10-31,,exper2_11
,7.872383,Calibration,2010,2010-11-01,,exper2_11
,7.6271753,Calibration,2010,2010-11-02,,exper2_11
,7.8606467,Calibration,2010,2010-11-03,,exper2_11
,7.635554,Calibration,2010,2010-11-04,,exper2_11
,7.5220237,Calibration,2010,2010-11-05,,exper2_11
,7.4074373,Calibration,2010,2010-11-06,,exper2_11
,7.6295743,Calibration,2010,2010-11-07,,exper2_11
,7.670474,Calibration,2010,2010-11-08,,exper2_11
,7.6887646,Calibration,2010,2010-11-09,,exper2_11
,7.7498226,Calibration,2010,2010-11-10,,exper2_11
,7.7708454,Calibration,2010,2010-11-11,,exper2_11
,7.713431,Calibration,2010,2010-11-12,,exper2_11
,7.4117723,Calibration,2010,2010-11-13,,exper2_11
,7.3101707,Calibration,2010,2010-11-14,,exper2_11
,6.9085207,Calibration,2010,2010-11-15,,exper2_11
,6.5788903,Calibration,2010,2010-11-16,,exper2_11
,6.452627,Calibration,2010,2010-11-17,,exper2_11
,6.203578,Calibration,2010,2010-11-18,,exper2_11
,6.175671,Calibration,2010,2010-11-19,,exper2_11
,5.7963758,Calibration,2010,2010-11-20,,exper2_11
,5.973303,Calibration,2010,2010-11-21,,exper2_11
,5.967295,Calibration,2010,2010-11-22,,exper2_11
,5.422934,Calibration,2010,2010-11-23,,exper2_11
,5.1586328,Calibration,2010,2010-11-24,,exper2_11
,4.275125,Calibration,2010,2010-11-25,,exper2_11
,3.732599,Calibration,2010,2010-11-26,,exper2_11
,3.351029,Calibration,2010,2010-11-27,,exper2_11
,2.9386458,Calibration,2010,2010-11-28,,exper2_11
,2.6342993,Calibration,2010,2010-11-29,,exper2_11
,2.4279685,Calibration,2010,2010-11-30,,exper2_11
,2.5131059,Calibration,2010,2010-12-01,,exper2_11
,2.3766184,Calibration,2010,2010-12-02,,exper2_11
,2.2188442,Calibration,2010,2010-12-03,,exper2_11
,2.0747852,Calibration,2010,2010-12-04,,exper2_11
,2.010808,Calibration,2010,2010-12-05,,exper2_11
,2.0245621,Calibration,2010,2010-12-06,,exper2_11
,2.0799003,Calibration,2010,2010-12-07,,exper2_11
,2.0876665,Calibration,2010,2010-12-08,,exper2_11
,2.1055892,Calibration,2010,2010-12-09,,exper2_11
,2.1632025,Calibration,2010,2010-12-10,,exper2_11
,2.0196936,Calibration,2010,2010-12-11,,exper2_11
,2.133372,Calibration,2010,2010-12-12,,exper2_11
,2.179567,Calibration,2010,2010-12-13,,exper2_11
,2.2054553,Calibration,2010,2010-12-14,,exper2_11
,2.1998343,Calibration,2010,2010-12-15,,exper2_11
,2.1488552,Calibration,2010,2010-12-16,,exper2_11
,2.1597302,Calibration,2010,2010-12-17,,exper2_11
,2.1982372,Calibration,2010,2010-12-18,,exper2_11
,2.2489219,Calibration,2010,2010-12-19,,exper2_11
,2.23988,Calibration,2010,2010-12-20,,exper2_11
,2.2037067,Calibration,2010,2010-12-21,,exper2_11
,2.1172142,Calibration,2010,2010-12-22,,exper2_11
,1.9260375,Calibration,2010,2010-12-23,,exper2_11
,1.9163764,Calibration,2010,2010-12-24,,exper2_11
,1.9077833,Calibration,2010,2010-12-25,,exper2_11
,1.9020517,Calibration,2010,2010-12-26,,exper2_11
,1.989069,Calibration,2010,2010-12-27,,exper2_11
,1.9654288,Calibration,2010,2010-12-28,,exper2_11
,1.860677,Calibration,2010,2010-12-29,,exper2_11
,1.8262596,Calibration,2010,2010-12-30,,exper2_11
,2.1750252,Calibration,2010,2010-12-31,,exper2_11
,2.6102557,Calibration,2011,2011-01-01,,exper2_11
,3.0215883,Calibration,2011,2011-01-02,,exper2_11
,3.1777325,Calibration,2011,2011-01-03,,exper2_11
,3.1215787,Calibration,2011,2011-01-04,,exper2_11
,2.9377022,Calibration,2011,2011-01-05,,exper2_11
,2.6442227,Calibration,2011,2011-01-06,,exper2_11
,2.558243,Calibration,2011,2011-01-07,,exper2_11
,2.471756,Calibration,2011,2011-01-08,,exper2_11
,2.5332594,Calibration,2011,2011-01-09,,exper2_11
,2.5474594,Calibration,2011,2011-01-10,,exper2_11
,2.414805,Calibration,2011,2011-01-11,,exper2_11
,2.3072557,Calibration,2011,2011-01-12,,exper2_11
,2.2445285,Calibration,2011,2011-01-13,,exper2_11
,2.177232,Calibration,2011,2011-01-14,,exper2_11
,2.1293116,Calibration,2011,2011-01-15,,exper2_11
,2.406991,Calibration,2011,2011-01-16,,exper2_11
,2.426401,Calibration,2011,2011-01-17,,exper2_11
,2.3785496,Calibration,2011,2011-01-18,,exper2_11
,2.63021,Calibration,2011,2011-01-19,,exper2_11
,2.7823005,Calibration,2011,2011-01-20,,exper2_11
,2.9747076,Calibration,2011,2011-01-21,,exper2_11
,2.9994142,Calibration,2011,2011-01-22,,exper2_11
,3.0692306,Calibration,2011,2011-01-23,,exper2_11
,2.9936056,Calibration,2011,2011-01-24,,exper2_11
,2.7893553,Calibration,2011,2011-01-25,,exper2_11
,2.7666802,Calibration,2011,2011-01-26,,exper2_11
,2.6850636,Calibration,2011,2011-01-27,,exper2_11
,2.5661263,Calibration,2011,2011-01-28,,exper2_11
,2.5799935,Calibration,2011,2011-01-29,,exper2_11
,2.572216,Calibration,2011,2011-01-30,,exper2_11
,2.7767117,Calibration,2011,2011-01-31,,exper2_11
,2.7629583,Calibration,2011,2011-02-01,,exper2_11
,3.5121207,Calibration,2011,2011-02-02,,exper2_11
,3.4133565,Calibration,2011,2011-02-03,,exper2_11
,3.2698393,Calibration,2011,2011-02-04,,exper2_11
,3.055046,Calibration,2011,2011-02-05,,exper2_11
,2.8808036,Calibration,2011,2011-02-06,,exper2_11
,2.6032696,Calibration,2011,2011-02-07,,exper2_11
,3.4365382,Calibration,2011,2011-02-08,,exper2_11
,3.855462,Calibration,2011,2011-02-09,,exper2_11
,4.1109004,Calibration,2011,2011-02-10,,exper2_11
,4.1767545,Calibration,2011,2011-02-11,,exper2_11
,3.8787115,Calibration,2011,2011-02-12,,exper2_11
,3.8154438,Calibration,2011,2011-02-13,,exper2_11
,3.462055,Calibration,2011,2011-02-14,,exper2_11
,3.2435822,Calibration,2011,2011-02-15,,exper2_11
,3.698488,Calibration,2011,2011-02-16,,exper2_11
,3.8188713,Calibration,2011,2011-02-17,,exper2_11
,3.3507328,Calibration,2011,2011-02-18,,exper2_11
,3.611155,Calibration,2011,2011-02-19,,exper2_11
,3.747817,Calibration,2011,2011-02-20,,exper2_11
,3.3921099,Calibration,2011,2011-02-21,,exper2_11
,3.521966,Calibration,2011,2011-02-22,,exper2_11
,3.9531505,Calibration,2011,2011-02-23,,exper2_11
,4.183248,Calibration,2011,2011-02-24,,exper2_11
,4.189073,Calibration,2011,2011-02-25,,exper2_11
,4.3949623,Calibration,2011,2011-02-26,,exper2_11
,4.2743325,Calibration,2011,2011-02-27,,exper2_11
,4.4556756,Calibration,2011,2011-02-28,,exper2_11
,4.616873,Calibration,2011,2011-03-01,,exper2_11
,4.590733,Calibration,2011,2011-03-02,,exper2_11
,4.9163117,Calibration,2011,2011-03-03,,exper2_11
,4.2988853,Calibration,2011,2011-03-04,,exper2_11
,4.25221,Calibration,2011,2011-03-05,,exper2_11
,4.432109,Calibration,2011,2011-03-06,,exper2_11
,4.6937895,Calibration,2011,2011-03-07,,exper2_11
,4.398157,Calibration,2011,2011-03-08,,exper2_11
,4.3926244,Calibration,2011,2011-03-09,,exper2_11
,4.5117536,Calibration,2011,2011-03-10,,exper2_11
,4.6807694,Calibration,2011,2011-03-11,,exper2_11
,5.17,Calibration,2011,2011-03-12,,exper2_11
,4.4614835,Calibration,2011,2011-03-13,,exper2_11
,4.8330555,Calibration,2011,2011-03-14,,exper2_11
,4.9606013,Calibration,2011,2011-03-15,,exper2_11
,4.846701,Calibration,2011,2011-03-16,,exper2_11
,5.8272786,Calibration,2011,2011-03-17,,exper2_11
,5.679906,Calibration,2011,2011-03-18,,exper2_11
,5.2554207,Calibration,2011,2011-03-19,,exper2_11
,5.5088058,Calibration,2011,2011-03-20,,exper2_11
,5.3763256,Calibration,2011,2011-03-21,,exper2_11
,5.202185,Calibration,2011,2011-03-22,,exper2_11
,5.3212748,Calibration,2011,2011-03-23,,exper2_11
,4.2947316,Calibration,2011,2011-03-24,,exper2_11
,4.164593,Calibration,2011,2011-03-25,,exper2_11
,4.1448135,Calibration,2011,2011-03-26,,exper2_11
,4.2039585,Calibration,2011,2011-03-27,,exper2_11
,4.2799673,Calibration,2011,2011-03-28,,exper2_11
,4.3927426,Calibration,2011,2011-03-29,,exper2_11
,4.4899626,Calibration,2011,2011-03-30,,exper2_11
,4.3575377,Calibration,2011,2011-03-31,,exper2_11
,4.258207,Calibration,2011,2011-04-01,,exper2_11
,4.312961,Calibration,2011,2011-04-02,,exper2_11
,4.5784698,Calibration,2011,2011-04-03,,exper2_11
,4.2750573,Calibration,2011,2011-04-04,,exper2_11
,4.1142497,Calibration,2011,2011-04-05,,exper2_11
,3.6658978,Calibration,2011,2011-04-06,,exper2_11
,4.0056963,Calibration,2011,2011-04-07,,exper2_11
,3.8345928,Calibration,2011,2011-04-08,,exper2_11
,3.1633134,Calibration,2011,2011-04-09,,exper2_11
,3.0943146,Calibration,2011,2011-04-10,,exper2_11
,3.4286454,Calibration,2011,2011-04-11,,exper2_11
,3.6010954,Calibration,2011,2011-04-12,,exper2_11
,3.653641,Calibration,2011,2011-04-13,,exper2_11
,3.3791654,Calibration,2011,2011-04-14,,exper2_11
,3.0120568,Calibration,2011,2011-04-15,,exper2_11
,4.327804,Calibration,2011,2011-04-16,,exper2_11
,3.0960236,Calibration,2011,2011-04-17,,exper2_11
,3.0539536,Calibration,2011,2011-04-18,,exper2_11
,3.4937863,Calibration,2011,2011-04-19,,exper2_11
,3.7477632,Calibration,2011,2011-04-20,,exper2_11
,3.543199,Calibration,2011,2011-04-21,,exper2_11
,3.5093877,Calibration,2011,2011-04-22,,exper2_11
,3.6161902,Calibration,2011,2011-04-23,,exper2_11
,3.718185,Calibration,2011,2011-04-24,,exper2_11
,4.313373,Calibration,2011,2011-04-25,,exper2_11
,4.119557,Calibration,2011,2011-04-26,,exper2_11
,4.596908,Calibration,2011,2011-04-27,,exper2_11
,4.4988976,Calibration,2011,2011-04-28,,exper2_11
,4.5088854,Calibration,2011,2011-04-29,,exper2_11
,3.921031,Calibration,2011,2011-04-30,,exper2_11
,5.318616,Calibration,2011,2011-05-01,,exper2_11
,5.690202,Calibration,2011,2011-05-02,,exper2_11
,4.5952554,Calibration,2011,2011-05-03,,exper2_11
,5.4574933,Calibration,2011,2011-05-04,,exper2_11
,6.0621023,Calibration,2011,2011-05-05,,exper2_11
,5.4012833,Calibration,2011,2011-05-06,,exper2_11
,6.500322,Calibration,2011,2011-05-07,,exper2_11
,7.2949457,Calibration,2011,2011-05-08,,exper2_11
,6.724356,Calibration,2011,2011-05-09,,exper2_11
,5.9607153,Calibration,2011,2011-05-10,,exper2_11
,7.1325912,Calibration,2011,2011-05-11,,exper2_11
,8.509123,Calibration,2011,2011-05-12,,exper2_11
,6.9322314,Calibration,2011,2011-05-13,,exper2_11
,7.7756205,Calibration,2011,2011-05-14,,exper2_11
,6.483879,Calibration,2011,2011-05-15,,exper2_11
,6.126786,Calibration,2011,2011-05-16,,exper2_11
,6.3785067,Calibration,2011,2011-05-17,,exper2_11
,6.476051,Calibration,2011,2011-05-18,,exper2_11
,8.391526,Calibration,2011,2011-05-19,,exper2_11
,9.819548,Calibration,2011,2011-05-20,,exper2_11
,10.596433,Calibration,2011,2011-05-21,,exper2_11
,10.417211,Calibration,2011,2011-05-22,,exper2_11
,11.353639,Calibration,2011,2011-05-23,,exper2_11
,10.612018,Calibration,2011,2011-05-24,,exper2_11
,10.523673,Calibration,2011,2011-05-25,,exper2_11
,9.783444,Calibration,2011,2011-05-26,,exper2_11
,9.798088,Calibration,2011,2011-05-27,,exper2_11
11.486500000000035,9.929736,Calibration,2011,2011-05-28,-0.07269082450449713,exper2_11
12.136000000000024,11.368482,Calibration,2011,2011-05-29,-0.032654128512052134,exper2_11
11.88250000000005,11.149853,Calibration,2011,2011-05-30,-0.031809483606883175,exper2_11
12.21550000000002,11.753001,Calibration,2011,2011-05-31,-0.019296107954969544,exper2_11
12.091000000000008,10.910625,Calibration,2011,2011-06-01,-0.051317005591790796,exper2_11
12.079000000000008,12.383361,Calibration,2011,2011-06-02,0.012442006903577949,exper2_11
12.394000000000005,11.836678,Calibration,2011,2011-06-03,-0.023000696020622585,exper2_11
13.278500000000008,13.921201,Calibration,2011,2011-06-04,0.023628964087221847,exper2_11
14.910000000000025,15.363501,Calibration,2011,2011-06-05,0.014980117468353127,exper2_11
16.047500000000014,16.30321,Calibration,2011,2011-06-06,0.007904287426907833,exper2_11
16.180000000000007,16.954237,Calibration,2011,2011-06-07,0.02336667612478535,exper2_11
17.148500000000013,17.306824,Calibration,2011,2011-06-08,0.004595044054940397,exper2_11
16.452500000000043,15.583804,Calibration,2011,2011-06-09,-0.02711598272715034,exper2_11
15.588000000000022,15.774976,Calibration,2011,2011-06-10,0.005961672068484413,exper2_11
15.290500000000009,16.193972,Calibration,2011,2011-06-11,0.028695785160898726,exper2_11
16.282500000000027,16.587492,Calibration,2011,2011-06-12,0.00927873633910593,exper2_11
,17.25216,Calibration,2011,2011-06-13,,exper2_11
,17.503778,Calibration,2011,2011-06-14,,exper2_11
,17.86017,Calibration,2011,2011-06-15,,exper2_11
,17.773394,Calibration,2011,2011-06-16,,exper2_11
,18.838766,Calibration,2011,2011-06-17,,exper2_11
,19.60165,Calibration,2011,2011-06-18,,exper2_11
,18.967066,Calibration,2011,2011-06-19,,exper2_11
,18.783688,Calibration,2011,2011-06-20,,exper2_11
,18.334517,Calibration,2011,2011-06-21,,exper2_11
,17.317043,Calibration,2011,2011-06-22,,exper2_11
,16.940224,Calibration,2011,2011-06-23,,exper2_11
,16.075165,Calibration,2011,2011-06-24,,exper2_11
,17.60744,Calibration,2011,2011-06-25,,exper2_11
,18.35853,Calibration,2011,2011-06-26,,exper2_11
,18.616302,Calibration,2011,2011-06-27,,exper2_11
,18.138664,Calibration,2011,2011-06-28,,exper2_11
,18.662533,Calibration,2011,2011-06-29,,exper2_11
,19.137066,Calibration,2011,2011-06-30,,exper2_11
,19.448738,Calibration,2011,2011-07-01,,exper2_11
,19.859732,Calibration,2011,2011-07-02,,exper2_11
,20.154297,Calibration,2011,2011-07-03,,exper2_11
,20.405952,Calibration,2011,2011-07-04,,exper2_11
21.860500000000002,20.350689,Calibration,2011,2011-07-05,-0.0357680298468459,exper2_11
22.659500000000037,20.695118,Calibration,2011,2011-07-06,-0.04530963810605257,exper2_11
21.759500000000003,20.78077,Calibration,2011,2011-07-07,-0.023007156909272377,exper2_11
22.22750000000002,20.960442,Calibration,2011,2011-07-08,-0.02933824498264217,exper2_11
21.73199999999997,20.888672,Calibration,2011,2011-07-09,-0.01978683319383903,exper2_11
22.459500000000048,21.052223,Calibration,2011,2011-07-10,-0.03234247441281776,exper2_11
23.019000000000005,21.139038,Calibration,2011,2011-07-11,-0.04257349274448846,exper2_11
22.5,21.114456,Calibration,2011,2011-07-12,-0.03176799494247839,exper2_11
21.2885,21.00855,Calibration,2011,2011-07-13,-0.006618649570530661,exper2_11
20.39100000000002,20.862896,Calibration,2011,2011-07-14,0.011438821825941485,exper2_11
20.601999999999975,21.01667,Calibration,2011,2011-07-15,0.009963562621981226,exper2_11
22.632000000000005,21.14765,Calibration,2011,2011-07-16,-0.03390502763161746,exper2_11
22.576999999999998,21.225613,Calibration,2011,2011-07-17,-0.030851752399200922,exper2_11
23.664000000000044,21.099682,Calibration,2011,2011-07-18,-0.05728568427640727,exper2_11
23.685500000000047,21.283133,Calibration,2011,2011-07-19,-0.05342318212728965,exper2_11
23.063000000000045,21.345856,Calibration,2011,2011-07-20,-0.03866670869006382,exper2_11
,21.431396,Calibration,2011,2011-07-21,,exper2_11
,21.485292,Calibration,2011,2011-07-22,,exper2_11
23.95799999999997,21.541204,Calibration,2011,2011-07-23,-0.05311731439189486,exper2_11
22.10050000000001,21.528,Calibration,2011,2011-07-24,-0.013122159223263449,exper2_11
21.277000000000044,21.428741,Calibration,2011,2011-07-25,0.0035531862908339145,exper2_11
21.798000000000002,21.68874,Calibration,2011,2011-07-26,-0.0025124951640416514,exper2_11
21.585000000000036,20.818012,Calibration,2011,2011-07-27,-0.01808804898469035,exper2_11
23.684500000000014,21.89259,Calibration,2011,2011-07-28,-0.03931603460970892,exper2_11
23.18300000000005,22.162235,Calibration,2011,2011-07-29,-0.02251095918098591,exper2_11
23.545500000000004,22.31179,Calibration,2011,2011-07-30,-0.026903236566011637,exper2_11
24.125999999999976,22.49864,Calibration,2011,2011-07-31,-0.03490343169333081,exper2_11
23.753499999999974,22.447008,Calibration,2011,2011-08-01,-0.02827873371665487,exper2_11
22.809000000000026,22.848236,Calibration,2011,2011-08-02,0.0008593617868627898,exper2_11
21.96550000000002,22.53881,Calibration,2011,2011-08-03,0.012882139293401883,exper2_11
23.82000000000005,22.91089,Calibration,2011,2011-08-04,-0.019454142848726333,exper2_11
22.806500000000028,23.166035,Calibration,2011,2011-08-05,0.00782064119031787,exper2_11
23.400500000000022,23.262974,Calibration,2011,2011-08-06,-0.002947191956434659,exper2_11
22.742500000000007,23.121452,Calibration,2011,2011-08-07,0.008262531078952327,exper2_11
22.100000000000023,22.855885,Calibration,2011,2011-08-08,0.016813917900504738,exper2_11
20.488,22.045774,Calibration,2011,2011-08-09,0.03662441153229289,exper2_11
19.674500000000023,21.433311,Calibration,2011,2011-08-10,0.042785334461576674,exper2_11
20.980000000000018,21.548431,Calibration,2011,2011-08-11,0.013365914937820775,exper2_11
21.619500000000016,21.635967,Calibration,2011,2011-08-12,0.000380697647807505,exper2_11
21.245000000000005,21.622484,Calibration,2011,2011-08-13,0.00880584000052713,exper2_11
22.450000000000045,21.467781,Calibration,2011,2011-08-14,-0.02236494898522811,exper2_11
22.963000000000022,21.638338,Calibration,2011,2011-08-15,-0.02970004864804232,exper2_11
24.025500000000022,21.701305,Calibration,2011,2011-08-16,-0.050827836994147,exper2_11
21.214500000000044,21.749739,Calibration,2011,2011-08-17,0.012457772080144145,exper2_11
21.097500000000025,21.793602,Calibration,2011,2011-08-18,0.016229519817711476,exper2_11
21.361000000000047,21.723108,Calibration,2011,2011-08-19,0.008404683443252563,exper2_11
19.845000000000027,21.709103,Calibration,2011,2011-08-20,0.0448596531414883,exper2_11
19.099000000000046,21.336445,Calibration,2011,2011-08-21,0.05533375143452145,exper2_11
22.198000000000036,21.553368,Calibration,2011,2011-08-22,-0.014733993938892844,exper2_11
21.015000000000043,20.731705,Calibration,2011,2011-08-23,-0.006786051498937375,exper2_11
19.961000000000013,20.539396,Calibration,2011,2011-08-24,0.014281250038299338,exper2_11
19.08250000000004,20.653812,Calibration,2011,2011-08-25,0.0395434883915698,exper2_11
21.047500000000014,20.329487,Calibration,2011,2011-08-26,-0.01735295892213007,exper2_11
19.68900000000002,20.59374,Calibration,2011,2011-08-27,0.022459754546294,exper2_11
19.667500000000018,20.305063,Calibration,2011,2011-08-28,0.015950021611827434,exper2_11
22.381500000000017,20.6486,Calibration,2011,2011-08-29,-0.04027181880783236,exper2_11
20.938499999999976,20.712456,Calibration,2011,2011-08-30,-0.005427108368117283,exper2_11
19.073000000000036,19.899254,Calibration,2011,2011-08-31,0.02120107932418842,exper2_11
22.985500000000002,20.331944,Calibration,2011,2011-09-01,-0.06125838167952556,exper2_11
21.346000000000004,20.107653,Calibration,2011,2011-09-02,-0.029873057166934523,exper2_11
19.994000000000028,20.11715,Calibration,2011,2011-09-03,0.0030702025500054866,exper2_11
17.55200000000002,19.709486,Calibration,2011,2011-09-04,0.05790123365571417,exper2_11
16.012500000000045,19.18418,Calibration,2011,2011-09-05,0.09011302681292487,exper2_11
16.154999999999973,19.794731,Calibration,2011,2011-09-06,0.10124501699188249,exper2_11
20.230999999999995,19.910711,Calibration,2011,2011-09-07,-0.007978950106195046,exper2_11
20.85650000000004,20.064287,Calibration,2011,2011-09-08,-0.01935966702538259,exper2_11
19.579499999999996,20.259958,Calibration,2011,2011-09-09,0.017080008032437,exper2_11
20.629999999999995,20.41401,Calibration,2011,2011-09-10,-0.0052624222274630286,exper2_11
20.629999999999995,19.913992,Calibration,2011,2011-09-11,-0.017660028967279674,exper2_11
20.629999999999995,20.110325,Calibration,2011,2011-09-12,-0.012755792747640674,exper2_11
20.629999999999995,19.856714,Calibration,2011,2011-09-13,-0.019099740882737,exper2_11
20.629999999999995,19.386024,Calibration,2011,2011-09-14,-0.031086934327433674,exper2_11
20.629999999999995,18.445122,Calibration,2011,2011-09-15,-0.05591481577448726,exper2_11
20.629999999999995,18.608398,Calibration,2011,2011-09-16,-0.051521000932799495,exper2_11
20.629999999999995,17.89419,Calibration,2011,2011-09-17,-0.07101538480501701,exper2_11
20.629999999999995,17.803843,Calibration,2011,2011-09-18,-0.07353304453407224,exper2_11
20.629999999999995,18.061583,Calibration,2011,2011-09-19,-0.06638181393477872,exper2_11
,17.170454,Calibration,2011,2011-09-20,,exper2_11
,17.081545,Calibration,2011,2011-09-21,,exper2_11
,16.586407,Calibration,2011,2011-09-22,,exper2_11
,16.326454,Calibration,2011,2011-09-23,,exper2_11
,15.526668,Calibration,2011,2011-09-24,,exper2_11
,14.90952,Calibration,2011,2011-09-25,,exper2_11
,14.875796,Calibration,2011,2011-09-26,,exper2_11
,14.692581,Calibration,2011,2011-09-27,,exper2_11
,14.528794,Calibration,2011,2011-09-28,,exper2_11
,14.271901,Calibration,2011,2011-09-29,,exper2_11
,13.163575,Calibration,2011,2011-09-30,,exper2_11
,13.406951,Calibration,2011,2011-10-01,,exper2_11
,13.543826,Calibration,2011,2011-10-02,,exper2_11
,13.690675,Calibration,2011,2011-10-03,,exper2_11
,13.859632,Calibration,2011,2011-10-04,,exper2_11
,14.045114,Calibration,2011,2011-10-05,,exper2_11
,14.238353,Calibration,2011,2011-10-06,,exper2_11
18.135000000000048,14.402101,Calibration,2011,2011-10-07,-0.11472747639935639,exper2_11
14.689999999999998,14.719699,Calibration,2011,2011-10-08,0.0010098337300156177,exper2_11
14.399999999999977,15.034116,Calibration,2011,2011-10-09,0.0215435651546837,exper2_11
14.399999999999977,15.110464,Calibration,2011,2011-10-10,0.024074988917710375,exper2_11
14.399999999999977,14.476756,Calibration,2011,2011-10-11,0.002658058115370788,exper2_11
14.399999999999977,14.214266,Calibration,2011,2011-10-12,-0.006490964254762149,exper2_11
14.399999999999977,14.262879,Calibration,2011,2011-10-13,-0.004783909759344275,exper2_11
14.399999999999977,13.298211,Calibration,2011,2011-10-14,-0.039778341582987486,exper2_11
14.399999999999977,12.485322,Calibration,2011,2011-10-15,-0.071216480185871,exper2_11
8.949000000000012,12.433146,Calibration,2011,2011-10-16,0.16294652552936226,exper2_11
8.3005,12.141817,Calibration,2011,2011-10-17,0.18791006300506483,exper2_11
8.20700000000005,11.791725,Calibration,2011,2011-10-18,0.17924768355214044,exper2_11
8.086000000000013,11.060892,Calibration,2011,2011-10-19,0.15537206188725178,exper2_11
7.636500000000012,10.434691,Calibration,2011,2011-10-20,0.1548426643650255,exper2_11
,10.423057,Calibration,2011,2011-10-21,,exper2_11
,10.410949,Calibration,2011,2011-10-22,,exper2_11
,10.146272,Calibration,2011,2011-10-23,,exper2_11
,9.524495,Calibration,2011,2011-10-24,,exper2_11
,9.92065,Calibration,2011,2011-10-25,,exper2_11
,9.155883,Calibration,2011,2011-10-26,,exper2_11
,9.003011,Calibration,2011,2011-10-27,,exper2_11
,8.734771,Calibration,2011,2011-10-28,,exper2_11
,8.601578,Calibration,2011,2011-10-29,,exper2_11
,8.462274,Calibration,2011,2011-10-30,,exper2_11
,8.516942,Calibration,2011,2011-10-31,,exper2_11
,8.355791,Calibration,2011,2011-11-01,,exper2_11
,8.435593,Calibration,2011,2011-11-02,,exper2_11
,7.8850656,Calibration,2011,2011-11-03,,exper2_11
,7.837498,Calibration,2011,2011-11-04,,exper2_11
,7.4622416,Calibration,2011,2011-11-05,,exper2_11
,7.5553145,Calibration,2011,2011-11-06,,exper2_11
,7.468449,Calibration,2011,2011-11-07,,exper2_11
,7.533109,Calibration,2011,2011-11-08,,exper2_11
,7.400187,Calibration,2011,2011-11-09,,exper2_11
,6.7059803,Calibration,2011,2011-11-10,,exper2_11
,6.598935,Calibration,2011,2011-11-11,,exper2_11
,6.5898676,Calibration,2011,2011-11-12,,exper2_11
,6.628306,Calibration,2011,2011-11-13,,exper2_11
,6.5451527,Calibration,2011,2011-11-14,,exper2_11
,6.6634355,Calibration,2011,2011-11-15,,exper2_11
,6.3645053,Calibration,2011,2011-11-16,,exper2_11
,6.045704,Calibration,2011,2011-11-17,,exper2_11
,6.3155565,Calibration,2011,2011-11-18,,exper2_11
,6.2752557,Calibration,2011,2011-11-19,,exper2_11
,4.7439857,Calibration,2011,2011-11-20,,exper2_11
,4.7722583,Calibration,2011,2011-11-21,,exper2_11
,4.2670445,Calibration,2011,2011-11-22,,exper2_11
,3.7657,Calibration,2011,2011-11-23,,exper2_11
,3.4489713,Calibration,2011,2011-11-24,,exper2_11
,3.7245984,Calibration,2011,2011-11-25,,exper2_11
,4.289136,Calibration,2011,2011-11-26,,exper2_11
,4.4256577,Calibration,2011,2011-11-27,,exper2_11
,4.2253346,Calibration,2011,2011-11-28,,exper2_11
,3.9674726,Calibration,2011,2011-11-29,,exper2_11
,3.9273558,Calibration,2011,2011-11-30,,exper2_11
,4.3741364,Calibration,2011,2011-12-01,,exper2_11
,3.834117,Calibration,2011,2011-12-02,,exper2_11
,4.1379747,Calibration,2011,2011-12-03,,exper2_11
,4.173856,Calibration,2011,2011-12-04,,exper2_11
,3.6596193,Calibration,2011,2011-12-05,,exper2_11
,2.87609,Calibration,2011,2011-12-06,,exper2_11
,2.320034,Calibration,2011,2011-12-07,,exper2_11
,2.006727,Calibration,2011,2011-12-08,,exper2_11
,1.9379721,Calibration,2011,2011-12-09,,exper2_11
,1.8938287,Calibration,2011,2011-12-10,,exper2_11
,1.8904078,Calibration,2011,2011-12-11,,exper2_11
,1.827568,Calibration,2011,2011-12-12,,exper2_11
,2.0783637,Calibration,2011,2011-12-13,,exper2_11
,2.5802226,Calibration,2011,2011-12-14,,exper2_11
,3.0877752,Calibration,2011,2011-12-15,,exper2_11
,2.7358484,Calibration,2011,2011-12-16,,exper2_11
,2.4284816,Calibration,2011,2011-12-17,,exper2_11
,2.291286,Calibration,2011,2011-12-18,,exper2_11
,2.1464007,Calibration,2011,2011-12-19,,exper2_11
,2.0524936,Calibration,2011,2011-12-20,,exper2_11
,1.837335,Calibration,2011,2011-12-21,,exper2_11
,1.9684134,Calibration,2011,2011-12-22,,exper2_11
,1.9412744,Calibration,2011,2011-12-23,,exper2_11
,2.062794,Calibration,2011,2011-12-24,,exper2_11
,1.996362,Calibration,2011,2011-12-25,,exper2_11
,1.9819247,Calibration,2011,2011-12-26,,exper2_11
,2.0430589,Calibration,2011,2011-12-27,,exper2_11
,2.1264322,Calibration,2011,2011-12-28,,exper2_11
,2.2795992,Calibration,2011,2011-12-29,,exper2_11
,2.1624095,Calibration,2011,2011-12-30,,exper2_11
,2.0515528,Calibration,2011,2011-12-31,,exper2_11
,2.406568,Calibration,2012,2012-01-01,,exper2_11
,2.448249,Calibration,2012,2012-01-02,,exper2_11
,2.5922313,Calibration,2012,2012-01-03,,exper2_11
,2.5023613,Calibration,2012,2012-01-04,,exper2_11
,2.3648515,Calibration,2012,2012-01-05,,exper2_11
,2.244889,Calibration,2012,2012-01-06,,exper2_11
,2.2493625,Calibration,2012,2012-01-07,,exper2_11
,2.1825094,Calibration,2012,2012-01-08,,exper2_11
,2.109429,Calibration,2012,2012-01-09,,exper2_11
,2.089864,Calibration,2012,2012-01-10,,exper2_11
,2.1529622,Calibration,2012,2012-01-11,,exper2_11
,2.13901,Calibration,2012,2012-01-12,,exper2_11
,2.1105297,Calibration,2012,2012-01-13,,exper2_11
,2.3280854,Calibration,2012,2012-01-14,,exper2_11
,2.3713827,Calibration,2012,2012-01-15,,exper2_11
,2.3609223,Calibration,2012,2012-01-16,,exper2_11
,2.3061004,Calibration,2012,2012-01-17,,exper2_11
,2.50858,Calibration,2012,2012-01-18,,exper2_11
,2.7562504,Calibration,2012,2012-01-19,,exper2_11
,2.8909278,Calibration,2012,2012-01-20,,exper2_11
,2.8737445,Calibration,2012,2012-01-21,,exper2_11
,2.70766,Calibration,2012,2012-01-22,,exper2_11
,2.5441537,Calibration,2012,2012-01-23,,exper2_11
,2.405622,Calibration,2012,2012-01-24,,exper2_11
,2.3179522,Calibration,2012,2012-01-25,,exper2_11
,2.2784555,Calibration,2012,2012-01-26,,exper2_11
,2.1928577,Calibration,2012,2012-01-27,,exper2_11
,2.2750564,Calibration,2012,2012-01-28,,exper2_11
,2.3340335,Calibration,2012,2012-01-29,,exper2_11
,2.588553,Calibration,2012,2012-01-30,,exper2_11
,2.531903,Calibration,2012,2012-01-31,,exper2_11
,2.5573502,Calibration,2012,2012-02-01,,exper2_11
,2.5250244,Calibration,2012,2012-02-02,,exper2_11
,2.4902015,Calibration,2012,2012-02-03,,exper2_11
,2.956294,Calibration,2012,2012-02-04,,exper2_11
,3.0712948,Calibration,2012,2012-02-05,,exper2_11
,2.9482434,Calibration,2012,2012-02-06,,exper2_11
,3.5096066,Calibration,2012,2012-02-07,,exper2_11
,3.7024822,Calibration,2012,2012-02-08,,exper2_11
,4.0454516,Calibration,2012,2012-02-09,,exper2_11
,4.236143,Calibration,2012,2012-02-10,,exper2_11
,4.344557,Calibration,2012,2012-02-11,,exper2_11
,4.3356366,Calibration,2012,2012-02-12,,exper2_11
,4.4023843,Calibration,2012,2012-02-13,,exper2_11
,4.5871606,Calibration,2012,2012-02-14,,exper2_11
,4.0751634,Calibration,2012,2012-02-15,,exper2_11
,3.7070527,Calibration,2012,2012-02-16,,exper2_11
,3.4729686,Calibration,2012,2012-02-17,,exper2_11
,3.7445002,Calibration,2012,2012-02-18,,exper2_11
,4.1417947,Calibration,2012,2012-02-19,,exper2_11
,4.324323,Calibration,2012,2012-02-20,,exper2_11
,4.5552187,Calibration,2012,2012-02-21,,exper2_11
,3.9640627,Calibration,2012,2012-02-22,,exper2_11
,3.9687586,Calibration,2012,2012-02-23,,exper2_11
,4.172608,Calibration,2012,2012-02-24,,exper2_11
,3.9043674,Calibration,2012,2012-02-25,,exper2_11
,4.0760317,Calibration,2012,2012-02-26,,exper2_11
,3.504752,Calibration,2012,2012-02-27,,exper2_11
,3.3296704,Calibration,2012,2012-02-28,,exper2_11
,3.422213,Calibration,2012,2012-02-29,,exper2_11
,3.26832,Calibration,2012,2012-03-01,,exper2_11
,3.1130624,Calibration,2012,2012-03-02,,exper2_11
,3.1227217,Calibration,2012,2012-03-03,,exper2_11
,3.6906385,Calibration,2012,2012-03-04,,exper2_11
,4.0619984,Calibration,2012,2012-03-05,,exper2_11
,4.409881,Calibration,2012,2012-03-06,,exper2_11
,5.0008273,Calibration,2012,2012-03-07,,exper2_11
,4.39319,Calibration,2012,2012-03-08,,exper2_11
,4.5692353,Calibration,2012,2012-03-09,,exper2_11
,4.7217584,Calibration,2012,2012-03-10,,exper2_11
,4.7779255,Calibration,2012,2012-03-11,,exper2_11
,5.435224,Calibration,2012,2012-03-12,,exper2_11
,4.6569595,Calibration,2012,2012-03-13,,exper2_11
,4.6868157,Calibration,2012,2012-03-14,,exper2_11
,4.618484,Calibration,2012,2012-03-15,,exper2_11
,4.688769,Calibration,2012,2012-03-16,,exper2_11
,4.7095356,Calibration,2012,2012-03-17,,exper2_11
,4.7810445,Calibration,2012,2012-03-18,,exper2_11
,4.7832065,Calibration,2012,2012-03-19,,exper2_11
,4.7502866,Calibration,2012,2012-03-20,,exper2_11
,4.9646316,Calibration,2012,2012-03-21,,exper2_11
,6.027744,Calibration,2012,2012-03-22,,exper2_11
,5.6602025,Calibration,2012,2012-03-23,,exper2_11
,5.5739503,Calibration,2012,2012-03-24,,exper2_11
,4.677853,Calibration,2012,2012-03-25,,exper2_11
,4.1167636,Calibration,2012,2012-03-26,,exper2_11
,4.0094185,Calibration,2012,2012-03-27,,exper2_11
,5.29511,Calibration,2012,2012-03-28,,exper2_11
,4.3400354,Calibration,2012,2012-03-29,,exper2_11
,4.965879,Calibration,2012,2012-03-30,,exper2_11
,3.9280977,Calibration,2012,2012-03-31,,exper2_11
,4.018314,Calibration,2012,2012-04-01,,exper2_11
,3.502633,Calibration,2012,2012-04-02,,exper2_11
,3.4207523,Calibration,2012,2012-04-03,,exper2_11
,3.5929093,Calibration,2012,2012-04-04,,exper2_11
,3.6794126,Calibration,2012,2012-04-05,,exper2_11
,3.6810346,Calibration,2012,2012-04-06,,exper2_11
,3.4238694,Calibration,2012,2012-04-07,,exper2_11
,3.2503319,Calibration,2012,2012-04-08,,exper2_11
,3.155974,Calibration,2012,2012-04-09,,exper2_11
,2.9454904,Calibration,2012,2012-04-10,,exper2_11
,3.3532681,Calibration,2012,2012-04-11,,exper2_11
,3.7545316,Calibration,2012,2012-04-12,,exper2_11
,3.2694628,Calibration,2012,2012-04-13,,exper2_11
,3.1874154,Calibration,2012,2012-04-14,,exper2_11
,4.257667,Calibration,2012,2012-04-15,,exper2_11
,4.0472775,Calibration,2012,2012-04-16,,exper2_11
,3.3745422,Calibration,2012,2012-04-17,,exper2_11
,4.123869,Calibration,2012,2012-04-18,,exper2_11
,3.7446985,Calibration,2012,2012-04-19,,exper2_11
,3.4443693,Calibration,2012,2012-04-20,,exper2_11
,3.6619592,Calibration,2012,2012-04-21,,exper2_11
,4.0827603,Calibration,2012,2012-04-22,,exper2_11
,4.2446313,Calibration,2012,2012-04-23,,exper2_11
,4.110666,Calibration,2012,2012-04-24,,exper2_11
,4.229722,Calibration,2012,2012-04-25,,exper2_11
,3.8279018,Calibration,2012,2012-04-26,,exper2_11
,4.276404,Calibration,2012,2012-04-27,,exper2_11
,4.035138,Calibration,2012,2012-04-28,,exper2_11
,4.7723966,Calibration,2012,2012-04-29,,exper2_11
,5.361811,Calibration,2012,2012-04-30,,exper2_11
,5.4026823,Calibration,2012,2012-05-01,,exper2_11
,5.641291,Calibration,2012,2012-05-02,,exper2_11
,7.2681317,Calibration,2012,2012-05-03,,exper2_11
,7.606825,Calibration,2012,2012-05-04,,exper2_11
,8.008194,Calibration,2012,2012-05-05,,exper2_11
,6.7707634,Calibration,2012,2012-05-06,,exper2_11
,6.843283,Calibration,2012,2012-05-07,,exper2_11
,7.374446,Calibration,2012,2012-05-08,,exper2_11
,7.2282376,Calibration,2012,2012-05-09,,exper2_11
,8.447854,Calibration,2012,2012-05-10,,exper2_11
,8.428153,Calibration,2012,2012-05-11,,exper2_11
,9.057332,Calibration,2012,2012-05-12,,exper2_11
,10.440648,Calibration,2012,2012-05-13,,exper2_11
,11.553472,Calibration,2012,2012-05-14,,exper2_11
,12.751585,Calibration,2012,2012-05-15,,exper2_11
,12.056097,Calibration,2012,2012-05-16,,exper2_11
,11.280429,Calibration,2012,2012-05-17,,exper2_11
,11.843585,Calibration,2012,2012-05-18,,exper2_11
,13.480863,Calibration,2012,2012-05-19,,exper2_11
,13.228442,Calibration,2012,2012-05-20,,exper2_11
,13.018735,Calibration,2012,2012-05-21,,exper2_11
14.686500000000024,13.397462,Calibration,2012,2012-05-22,-0.045899439467292545,exper2_11
14.557500000000005,13.526015,Calibration,2012,2012-05-23,-0.03672918820799254,exper2_11
14.617500000000007,13.01645,Calibration,2012,2012-05-24,-0.05793779303615298,exper2_11
14.718500000000006,13.751118,Calibration,2012,2012-05-25,-0.033979462024428475,exper2_11
14.9255,15.018439,Calibration,2012,2012-05-26,0.003103776426962239,exper2_11
15.129000000000019,14.249436,Calibration,2012,2012-05-27,-0.029939089003570445,exper2_11
15.83200000000005,14.950758,Calibration,2012,2012-05-28,-0.028627779883011142,exper2_11
15.886000000000024,15.157569,Calibration,2012,2012-05-29,-0.023464797814513685,exper2_11
15.520000000000039,14.584706,Calibration,2012,2012-05-30,-0.031068022521843888,exper2_11
15.564000000000021,14.543379,Calibration,2012,2012-05-31,-0.03389936984578925,exper2_11
15.92100000000005,15.120124,Calibration,2012,2012-06-01,-0.025800487775791178,exper2_11
15.60250000000002,14.802461,Calibration,2012,2012-06-02,-0.026312789488519676,exper2_11
16.15650000000005,15.593242,Calibration,2012,2012-06-03,-0.017740563494408022,exper2_11
17.143500000000017,16.342333,Calibration,2012,2012-06-04,-0.023925555737648912,exper2_11
17.331500000000005,17.021816,Calibration,2012,2012-06-05,-0.009014668163364966,exper2_11
18.11700000000002,17.528168,Calibration,2012,2012-06-06,-0.01651927352228769,exper2_11
19.201999999999998,18.26445,Calibration,2012,2012-06-07,-0.025023719218794916,exper2_11
18.95799999999997,18.798523,Calibration,2012,2012-06-08,-0.004223827787206766,exper2_11
19.010500000000036,19.38667,Calibration,2012,2012-06-09,0.009796794065167976,exper2_11
19.1635,19.785122,Calibration,2012,2012-06-10,0.015960049088199566,exper2_11
19.072500000000048,18.72077,Calibration,2012,2012-06-11,-0.009306686584521703,exper2_11
18.762500000000045,19.045315,Calibration,2012,2012-06-12,0.007480326234087347,exper2_11
18.540999999999997,19.314682,Calibration,2012,2012-06-13,0.02043767185851334,exper2_11
18.134000000000015,19.712265,Calibration,2012,2012-06-14,0.04170200187621032,exper2_11
18.51800000000003,19.002897,Calibration,2012,2012-06-15,0.012923391974874049,exper2_11
18.668499999999995,19.918236,Calibration,2012,2012-06-16,0.03238770405386144,exper2_11
18.448000000000036,19.744774,Calibration,2012,2012-06-17,0.03395338263039978,exper2_11
18.649500000000046,19.9162,Calibration,2012,2012-06-18,0.03284526449326875,exper2_11
19.214,20.270462,Calibration,2012,2012-06-19,0.026756399394932365,exper2_11
19.444500000000005,19.6142,Calibration,2012,2012-06-20,0.004344757748433404,exper2_11
19.533000000000015,19.94993,Calibration,2012,2012-06-21,0.010559758078305913,exper2_11
19.939999999999998,20.322094,Calibration,2012,2012-06-22,0.009490166208649568,exper2_11
19.702999999999975,20.51686,Calibration,2012,2012-06-23,0.02023525377006693,exper2_11
19.73150000000004,20.736189,Calibration,2012,2012-06-24,0.024826940113054922,exper2_11
20.355500000000006,20.791544,Calibration,2012,2012-06-25,0.01059721230494995,exper2_11
20.577999999999975,21.305725,Calibration,2012,2012-06-26,0.0173748895533888,exper2_11
20.803500000000042,21.569366,Calibration,2012,2012-06-27,0.018074454695908296,exper2_11
21.384000000000015,22.055237,Calibration,2012,2012-06-28,0.015452316053414655,exper2_11
21.51950000000005,21.980759,Calibration,2012,2012-06-29,0.01060358446424912,exper2_11
21.872000000000014,22.057228,Calibration,2012,2012-06-30,0.004216511339699424,exper2_11
22.85699999999997,22.64072,Calibration,2012,2012-07-01,-0.004753636683809515,exper2_11
23.259500000000003,22.841429,Calibration,2012,2012-07-02,-0.009068607825503951,exper2_11
23.652000000000044,22.880121,Calibration,2012,2012-07-03,-0.016588084714380023,exper2_11
24.682000000000016,23.379444,Calibration,2012,2012-07-04,-0.027101888040871394,exper2_11
24.64250000000004,23.699326,Calibration,2012,2012-07-05,-0.019510525875284707,exper2_11
24.734500000000025,24.042282,Calibration,2012,2012-07-06,-0.014191544944989032,exper2_11
24.076999999999998,22.958729,Calibration,2012,2012-07-07,-0.023774931067886657,exper2_11
24.19300000000004,23.606888,Calibration,2012,2012-07-08,-0.012261789920019082,exper2_11
24.116000000000042,23.642458,Calibration,2012,2012-07-09,-0.009915354435026655,exper2_11
24.514499999999998,23.828754,Calibration,2012,2012-07-10,-0.01418492782719763,exper2_11
24.478499999999997,23.88659,Calibration,2012,2012-07-11,-0.01223839263671205,exper2_11
24.589500000000044,24.05088,Calibration,2012,2012-07-12,-0.011073506479307,exper2_11
24.515000000000043,24.20633,Calibration,2012,2012-07-13,-0.006335431697824569,exper2_11
24.490499999999997,24.009195,Calibration,2012,2012-07-14,-0.009923870015854173,exper2_11
25.02000000000004,24.30754,Calibration,2012,2012-07-15,-0.014443434510201643,exper2_11
25.0,24.43815,Calibration,2012,2012-07-16,-0.011364696889011112,exper2_11
24.66300000000001,24.478394,Calibration,2012,2012-07-17,-0.0037566383848490117,exper2_11
24.2765,23.68172,Calibration,2012,2012-07-18,-0.012402029459366167,exper2_11
24.0985,23.802711,Calibration,2012,2012-07-19,-0.006174969358864826,exper2_11
24.053500000000042,23.719788,Calibration,2012,2012-07-20,-0.006985334673935311,exper2_11
24.335000000000036,24.085163,Calibration,2012,2012-07-21,-0.005159769556002459,exper2_11
24.64450000000005,24.212337,Calibration,2012,2012-07-22,-0.008845486696873375,exper2_11
24.853499999999997,24.312946,Calibration,2012,2012-07-23,-0.010994361416856118,exper2_11
25.185000000000002,24.381042,Calibration,2012,2012-07-24,-0.01621992556391904,exper2_11
24.64100000000002,24.162006,Calibration,2012,2012-07-25,-0.009814838416192564,exper2_11
24.293499999999995,24.151443,Calibration,2012,2012-07-26,-0.0029323291213889124,exper2_11
23.916500000000042,23.197592,Calibration,2012,2012-07-27,-0.01525887884491379,exper2_11
24.18300000000005,23.37362,Calibration,2012,2012-07-28,-0.01701931163474091,exper2_11
24.220500000000015,23.506111,Calibration,2012,2012-07-29,-0.014968354924882058,exper2_11
24.037500000000023,23.438179,Calibration,2012,2012-07-30,-0.012623747491496251,exper2_11
24.125500000000045,23.307747,Calibration,2012,2012-07-31,-0.017240082989418228,exper2_11
23.833500000000015,23.43596,Calibration,2012,2012-08-01,-0.00841006484681357,exper2_11
24.014499999999998,23.575396,Calibration,2012,2012-08-02,-0.009226841338987938,exper2_11
24.110000000000014,23.60894,Calibration,2012,2012-08-03,-0.01050023060405141,exper2_11
23.695500000000038,23.26772,Calibration,2012,2012-08-04,-0.009108845983337782,exper2_11
23.045500000000004,22.108341,Calibration,2012,2012-08-05,-0.020754796440337075,exper2_11
22.817499999999995,22.205618,Calibration,2012,2012-08-06,-0.013590398084659,exper2_11
22.875,22.422667,Calibration,2012,2012-08-07,-0.009985800257972717,exper2_11
22.480000000000018,22.14395,Calibration,2012,2012-08-08,-0.0075307204994877735,exper2_11
22.048500000000047,21.760712,Calibration,2012,2012-08-09,-0.006569128251987209,exper2_11
21.56800000000004,20.969442,Calibration,2012,2012-08-10,-0.014071312216525994,exper2_11
21.323000000000036,20.521946,Calibration,2012,2012-08-11,-0.01914338824869238,exper2_11
21.496000000000038,20.87268,Calibration,2012,2012-08-12,-0.01471179480144262,exper2_11
21.407500000000027,21.072079,Calibration,2012,2012-08-13,-0.007896059833754266,exper2_11
21.613500000000045,20.70522,Calibration,2012,2012-08-14,-0.021462859625595566,exper2_11
21.424500000000023,21.016891,Calibration,2012,2012-08-15,-0.009604032909825616,exper2_11
21.149500000000046,20.555866,Calibration,2012,2012-08-16,-0.014233989820592824,exper2_11
20.64100000000002,20.38007,Calibration,2012,2012-08-17,-0.006360884029463012,exper2_11
20.41700000000003,20.715328,Calibration,2012,2012-08-18,0.0072528891382484155,exper2_11
20.333500000000015,20.45181,Calibration,2012,2012-08-19,0.002900819789394622,exper2_11
20.19150000000002,20.669899,Calibration,2012,2012-08-20,0.011707846492743394,exper2_11
20.326999999999998,20.916641,Calibration,2012,2012-08-21,0.01429653681610826,exper2_11
20.459500000000048,21.097439,Calibration,2012,2012-08-22,0.015350957757929736,exper2_11
20.482500000000016,20.430641,Calibration,2012,2012-08-23,-0.0012675346892250965,exper2_11
20.560000000000002,20.766392,Calibration,2012,2012-08-24,0.004994187621755304,exper2_11
20.714999999999975,21.017199,Calibration,2012,2012-08-25,0.0072413765157525916,exper2_11
20.884000000000015,21.167278,Calibration,2012,2012-08-26,0.006736496518434106,exper2_11
21.024,21.26457,Calibration,2012,2012-08-27,0.00568877677496142,exper2_11
21.4255,21.333467,Calibration,2012,2012-08-28,-0.0021523559125921706,exper2_11
21.271500000000003,21.455421,Calibration,2012,2012-08-29,0.004304579911726159,exper2_11
21.254999999999995,21.55322,Calibration,2012,2012-08-30,0.006966436438707285,exper2_11
21.374000000000024,21.677004,Calibration,2012,2012-08-31,0.007038253078967238,exper2_11
21.42750000000001,21.75428,Calibration,2012,2012-09-01,0.007567545609477662,exper2_11
21.171500000000037,21.811539,Calibration,2012,2012-09-02,0.014890494383410877,exper2_11
21.46700000000004,21.781916,Calibration,2012,2012-09-03,0.007281469600636564,exper2_11
21.5625,21.568737,Calibration,2012,2012-09-04,0.00014460586940630667,exper2_11
21.512999999999977,20.808151,Calibration,2012,2012-09-05,-0.016654763260111262,exper2_11
21.101,20.570215,Calibration,2012,2012-09-06,-0.012737444106478509,exper2_11
20.77000000000004,20.29596,Calibration,2012,2012-09-07,-0.01154339344389184,exper2_11
20.204499999999996,19.194744,Calibration,2012,2012-09-08,-0.025628813767864467,exper2_11
19.811000000000035,19.155592,Calibration,2012,2012-09-09,-0.016819742303143356,exper2_11
19.600000000000023,19.73711,Calibration,2012,2012-09-10,0.0034855162836985253,exper2_11
19.299000000000035,19.915699,Calibration,2012,2012-09-11,0.015726220544145703,exper2_11
18.9255,19.53373,Calibration,2012,2012-09-12,0.015814917778863583,exper2_11
18.460000000000036,19.467365,Calibration,2012,2012-09-13,0.026560380818886127,exper2_11
18.275500000000022,19.42341,Calibration,2012,2012-09-14,0.030449432171728637,exper2_11
18.125999999999976,19.497913,Calibration,2012,2012-09-15,0.03646386667561702,exper2_11
17.948500000000024,19.452318,Calibration,2012,2012-09-16,0.04020816292914485,exper2_11
17.68300000000005,18.989037,Calibration,2012,2012-09-17,0.03561396318744441,exper2_11
17.021500000000003,17.322193,Calibration,2012,2012-09-18,0.008755410912735321,exper2_11
16.411999999999978,17.381208,Calibration,2012,2012-09-19,0.028680568230152362,exper2_11
16.014499999999998,16.208408,Calibration,2012,2012-09-20,0.006017717382065977,exper2_11
15.6755,16.237667,Calibration,2012,2012-09-21,0.01761552158910167,exper2_11
15.38250000000005,15.355345,Calibration,2012,2012-09-22,-0.0008834460536289749,exper2_11
14.830500000000029,14.236104,Calibration,2012,2012-09-23,-0.02044944735299956,exper2_11
14.337000000000046,14.782199,Calibration,2012,2012-09-24,0.015288844565496893,exper2_11
14.336500000000001,14.829936,Calibration,2012,2012-09-25,0.01691794043883719,exper2_11
14.077500000000043,14.195219,Calibration,2012,2012-09-26,0.004163697158053548,exper2_11
14.329499999999996,14.48373,Calibration,2012,2012-09-27,0.005352760328146949,exper2_11
14.19300000000004,14.571427,Calibration,2012,2012-09-28,0.013156088272968481,exper2_11
14.244000000000028,14.626147,Calibration,2012,2012-09-29,0.013236762065187965,exper2_11
14.370000000000005,14.623726,Calibration,2012,2012-09-30,0.008751061938922616,exper2_11
14.226500000000044,14.661182,Calibration,2012,2012-10-01,0.015047327005740442,exper2_11
14.462000000000046,14.7186365,Calibration,2012,2012-10-02,0.008794753762280422,exper2_11
14.603499999999997,14.738876,Calibration,2012,2012-10-03,0.004613680268836909,exper2_11
14.063000000000045,14.741268,Calibration,2012,2012-10-04,0.023547487970859076,exper2_11
13.096500000000049,13.618602,Calibration,2012,2012-10-05,0.019543320588451013,exper2_11
12.306500000000028,12.260118,Calibration,2012,2012-10-06,-0.0018880283017831006,exper2_11
11.866000000000042,12.311711,Calibration,2012,2012-10-07,0.018434801607182406,exper2_11
11.467000000000041,12.425409,Calibration,2012,2012-10-08,0.04011354837847861,exper2_11
11.154999999999973,12.254544,Calibration,2012,2012-10-09,0.04696991304033686,exper2_11
10.711500000000001,11.128607,Calibration,2012,2012-10-10,0.01909820314321842,exper2_11
10.337499999999977,11.446455,Calibration,2012,2012-10-11,0.05090696348472374,exper2_11
10.127499999999998,10.800316,Calibration,2012,2012-10-12,0.03214935861119427,exper2_11
9.878499999999974,11.182184,Calibration,2012,2012-10-13,0.06190132313754307,exper2_11
9.795500000000004,10.82731,Calibration,2012,2012-10-14,0.050032446017259466,exper2_11
9.677500000000009,10.24685,Calibration,2012,2012-10-15,0.028575587827983088,exper2_11
9.514499999999998,10.336639,Calibration,2012,2012-10-16,0.041415224967838414,exper2_11
9.5745,10.02547,Calibration,2012,2012-10-17,0.023008697718971256,exper2_11
9.599499999999978,10.1232815,Calibration,2012,2012-10-18,0.026557181067117623,exper2_11
9.547500000000014,9.714693,Calibration,2012,2012-10-19,0.008679856382661544,exper2_11
9.5625,9.603808,Calibration,2012,2012-10-20,0.0021552613130569427,exper2_11
9.512999999999977,9.485923,Calibration,2012,2012-10-21,-0.0014251958834913389,exper2_11
9.567000000000007,9.463779,Calibration,2012,2012-10-22,-0.005423874035807284,exper2_11
9.527499999999975,9.571438,Calibration,2012,2012-10-23,0.0023005381802578837,exper2_11
9.822000000000003,9.583807,Calibration,2012,2012-10-24,-0.012274316060457521,exper2_11
9.742999999999995,9.526612,Calibration,2012,2012-10-25,-0.011229479609460687,exper2_11
9.293000000000006,8.499667,Calibration,2012,2012-10-26,-0.044587628423592186,exper2_11
8.952500000000043,8.515311,Calibration,2012,2012-10-27,-0.025028250695784352,exper2_11
8.781000000000006,8.225736,Calibration,2012,2012-10-28,-0.03264967167072007,exper2_11
8.729499999999973,8.0567465,Calibration,2012,2012-10-29,-0.0400776622598876,exper2_11
8.40300000000002,7.605887,Calibration,2012,2012-10-30,-0.04979191039262186,exper2_11
8.04600000000005,7.4529123,Calibration,2012,2012-10-31,-0.03826640584324125,exper2_11
7.7555000000000405,7.1109366,Calibration,2012,2012-11-01,-0.043356950548542154,exper2_11
7.515000000000043,6.7867513,Calibration,2012,2012-11-02,-0.050920248572528234,exper2_11
7.416500000000042,7.0226965,Calibration,2012,2012-11-03,-0.027273228470761725,exper2_11
7.271000000000015,6.622014,Calibration,2012,2012-11-04,-0.04671311438606315,exper2_11
7.084500000000048,6.5796475,Calibration,2012,2012-11-05,-0.03694723417156924,exper2_11
6.903500000000008,6.4836464,Calibration,2012,2012-11-06,-0.03136244236507742,exper2_11
6.815500000000043,6.522288,Calibration,2012,2012-11-07,-0.021983567123909746,exper2_11
6.713999999999999,6.362363,Calibration,2012,2012-11-08,-0.026891050828699373,exper2_11
6.615000000000009,6.6416883,Calibration,2012,2012-11-09,0.0020131986333600184,exper2_11
,6.4533772,Calibration,2012,2012-11-10,,exper2_11
6.5330000000000155,6.6737,Calibration,2012,2012-11-11,0.01065367255564524,exper2_11
6.241499999999974,6.247072,Calibration,2012,2012-11-12,0.0004461855006774135,exper2_11
5.897000000000048,5.7861667,Calibration,2012,2012-11-13,-0.009486583150951014,exper2_11
5.774999999999977,5.2136216,Calibration,2012,2012-11-14,-0.05108724308065041,exper2_11
5.813499999999976,6.194009,Calibration,2012,2012-11-15,0.03168923984858954,exper2_11
,5.6772695,Calibration,2012,2012-11-16,,exper2_11
,5.19491,Calibration,2012,2012-11-17,,exper2_11
,5.1971164,Calibration,2012,2012-11-18,,exper2_11
,5.1940937,Calibration,2012,2012-11-19,,exper2_11
,5.275301,Calibration,2012,2012-11-20,,exper2_11
,5.0569715,Calibration,2012,2012-11-21,,exper2_11
,5.1451955,Calibration,2012,2012-11-22,,exper2_11
,4.962876,Calibration,2012,2012-11-23,,exper2_11
,4.1637726,Calibration,2012,2012-11-24,,exper2_11
,3.5841632,Calibration,2012,2012-11-25,,exper2_11
,2.5019503,Calibration,2012,2012-11-26,,exper2_11
,2.1531906,Calibration,2012,2012-11-27,,exper2_11
,1.9531767,Calibration,2012,2012-11-28,,exper2_11
,1.7798331,Calibration,2012,2012-11-29,,exper2_11
,1.9762924,Calibration,2012,2012-11-30,,exper2_11
,2.2768881,Calibration,2012,2012-12-01,,exper2_11
,2.6784801,Calibration,2012,2012-12-02,,exper2_11
,3.1639054,Calibration,2012,2012-12-03,,exper2_11
,3.3435454,Calibration,2012,2012-12-04,,exper2_11
,3.4286823,Calibration,2012,2012-12-05,,exper2_11
,4.0453176,Calibration,2012,2012-12-06,,exper2_11
,4.1314836,Calibration,2012,2012-12-07,,exper2_11
,4.120723,Calibration,2012,2012-12-08,,exper2_11
,4.1224484,Calibration,2012,2012-12-09,,exper2_11
,3.8672485,Calibration,2012,2012-12-10,,exper2_11
,3.0670242,Calibration,2012,2012-12-11,,exper2_11
,2.667338,Calibration,2012,2012-12-12,,exper2_11
,2.9119315,Calibration,2012,2012-12-13,,exper2_11
,2.7994304,Calibration,2012,2012-12-14,,exper2_11
,3.244566,Calibration,2012,2012-12-15,,exper2_11
,3.830991,Calibration,2012,2012-12-16,,exper2_11
,3.7347035,Calibration,2012,2012-12-17,,exper2_11
,3.5773668,Calibration,2012,2012-12-18,,exper2_11
,3.2275934,Calibration,2012,2012-12-19,,exper2_11
,3.3858318,Calibration,2012,2012-12-20,,exper2_11
,2.7761405,Calibration,2012,2012-12-21,,exper2_11
,2.3146482,Calibration,2012,2012-12-22,,exper2_11
,2.0596552,Calibration,2012,2012-12-23,,exper2_11
,1.9702923,Calibration,2012,2012-12-24,,exper2_11
,1.9825373,Calibration,2012,2012-12-25,,exper2_11
,2.0297596,Calibration,2012,2012-12-26,,exper2_11
,2.0653465,Calibration,2012,2012-12-27,,exper2_11
,1.9871833,Calibration,2012,2012-12-28,,exper2_11
,1.9198657,Calibration,2012,2012-12-29,,exper2_11
,1.9873612,Calibration,2012,2012-12-30,,exper2_11
,2.0450473,Calibration,2012,2012-12-31,,exper2_11
,2.963621,Calibration,2013,2013-01-01,,exper2_11
,2.834014,Calibration,2013,2013-01-02,,exper2_11
,2.693077,Calibration,2013,2013-01-03,,exper2_11
,2.5121465,Calibration,2013,2013-01-04,,exper2_11
,2.4353678,Calibration,2013,2013-01-05,,exper2_11
,2.4098816,Calibration,2013,2013-01-06,,exper2_11
,2.26938,Calibration,2013,2013-01-07,,exper2_11
,2.2382002,Calibration,2013,2013-01-08,,exper2_11
,2.2326107,Calibration,2013,2013-01-09,,exper2_11
,2.1569552,Calibration,2013,2013-01-10,,exper2_11
,2.1714618,Calibration,2013,2013-01-11,,exper2_11
,2.1615772,Calibration,2013,2013-01-12,,exper2_11
,2.1118746,Calibration,2013,2013-01-13,,exper2_11
,2.2545836,Calibration,2013,2013-01-14,,exper2_11
,2.5222447,Calibration,2013,2013-01-15,,exper2_11
,2.5350015,Calibration,2013,2013-01-16,,exper2_11
,2.6792285,Calibration,2013,2013-01-17,,exper2_11
,2.6374846,Calibration,2013,2013-01-18,,exper2_11
,2.468679,Calibration,2013,2013-01-19,,exper2_11
,2.6087325,Calibration,2013,2013-01-20,,exper2_11
,2.86379,Calibration,2013,2013-01-21,,exper2_11
,2.974298,Calibration,2013,2013-01-22,,exper2_11
,3.0168784,Calibration,2013,2013-01-23,,exper2_11
,3.0596776,Calibration,2013,2013-01-24,,exper2_11
,2.9462824,Calibration,2013,2013-01-25,,exper2_11
,2.8100476,Calibration,2013,2013-01-26,,exper2_11
,2.8098416,Calibration,2013,2013-01-27,,exper2_11
,2.7332616,Calibration,2013,2013-01-28,,exper2_11
,2.672578,Calibration,2013,2013-01-29,,exper2_11
,2.6210258,Calibration,2013,2013-01-30,,exper2_11
,2.6385384,Calibration,2013,2013-01-31,,exper2_11
,3.3180268,Calibration,2013,2013-02-01,,exper2_11
,3.867747,Calibration,2013,2013-02-02,,exper2_11
,3.775203,Calibration,2013,2013-02-03,,exper2_11
,3.8896608,Calibration,2013,2013-02-04,,exper2_11
,3.8097825,Calibration,2013,2013-02-05,,exper2_11
,3.5675898,Calibration,2013,2013-02-06,,exper2_11
,3.3552861,Calibration,2013,2013-02-07,,exper2_11
,3.5150971,Calibration,2013,2013-02-08,,exper2_11
,3.5842192,Calibration,2013,2013-02-09,,exper2_11
,3.3726974,Calibration,2013,2013-02-10,,exper2_11
,3.1231456,Calibration,2013,2013-02-11,,exper2_11
,2.710649,Calibration,2013,2013-02-12,,exper2_11
,3.093229,Calibration,2013,2013-02-13,,exper2_11
,3.2741466,Calibration,2013,2013-02-14,,exper2_11
,3.4905646,Calibration,2013,2013-02-15,,exper2_11
,3.8838356,Calibration,2013,2013-02-16,,exper2_11
,4.1090446,Calibration,2013,2013-02-17,,exper2_11
,4.124842,Calibration,2013,2013-02-18,,exper2_11
,3.7330923,Calibration,2013,2013-02-19,,exper2_11
,3.975103,Calibration,2013,2013-02-20,,exper2_11
,4.166828,Calibration,2013,2013-02-21,,exper2_11
,4.2155867,Calibration,2013,2013-02-22,,exper2_11
,3.6866584,Calibration,2013,2013-02-23,,exper2_11
,3.8982754,Calibration,2013,2013-02-24,,exper2_11
,4.0715094,Calibration,2013,2013-02-25,,exper2_11
,4.0980277,Calibration,2013,2013-02-26,,exper2_11
,4.381501,Calibration,2013,2013-02-27,,exper2_11
,3.7911608,Calibration,2013,2013-02-28,,exper2_11
,3.826416,Calibration,2013,2013-03-01,,exper2_11
,4.038772,Calibration,2013,2013-03-02,,exper2_11
,4.14666,Calibration,2013,2013-03-03,,exper2_11
,4.506037,Calibration,2013,2013-03-04,,exper2_11
,4.7488213,Calibration,2013,2013-03-05,,exper2_11
,4.354285,Calibration,2013,2013-03-06,,exper2_11
,4.5343623,Calibration,2013,2013-03-07,,exper2_11
,4.8603287,Calibration,2013,2013-03-08,,exper2_11
,5.409931,Calibration,2013,2013-03-09,,exper2_11
,5.0927567,Calibration,2013,2013-03-10,,exper2_11
,4.5716596,Calibration,2013,2013-03-11,,exper2_11
,4.1923766,Calibration,2013,2013-03-12,,exper2_11
,4.4472156,Calibration,2013,2013-03-13,,exper2_11
,4.7002764,Calibration,2013,2013-03-14,,exper2_11
,4.7216887,Calibration,2013,2013-03-15,,exper2_11
,4.889031,Calibration,2013,2013-03-16,,exper2_11
,4.5480113,Calibration,2013,2013-03-17,,exper2_11
,5.0958076,Calibration,2013,2013-03-18,,exper2_11
,4.711779,Calibration,2013,2013-03-19,,exper2_11
,4.5518317,Calibration,2013,2013-03-20,,exper2_11
,4.4985957,Calibration,2013,2013-03-21,,exper2_11
,4.5824494,Calibration,2013,2013-03-22,,exper2_11
,4.9017906,Calibration,2013,2013-03-23,,exper2_11
,4.824219,Calibration,2013,2013-03-24,,exper2_11
,4.9560313,Calibration,2013,2013-03-25,,exper2_11
,5.063704,Calibration,2013,2013-03-26,,exper2_11
,4.896478,Calibration,2013,2013-03-27,,exper2_11
,4.963613,Calibration,2013,2013-03-28,,exper2_11
,5.3109117,Calibration,2013,2013-03-29,,exper2_11
,5.4856925,Calibration,2013,2013-03-30,,exper2_11
,4.801106,Calibration,2013,2013-03-31,,exper2_11
,3.997188,Calibration,2013,2013-04-01,,exper2_11
,3.7402203,Calibration,2013,2013-04-02,,exper2_11
,3.751862,Calibration,2013,2013-04-03,,exper2_11
,3.4467573,Calibration,2013,2013-04-04,,exper2_11
,3.4930396,Calibration,2013,2013-04-05,,exper2_11
,3.2636168,Calibration,2013,2013-04-06,,exper2_11
,3.3796146,Calibration,2013,2013-04-07,,exper2_11
,4.173201,Calibration,2013,2013-04-08,,exper2_11
,4.4386725,Calibration,2013,2013-04-09,,exper2_11
,3.3463287,Calibration,2013,2013-04-10,,exper2_11
,3.7991614,Calibration,2013,2013-04-11,,exper2_11
,3.7861004,Calibration,2013,2013-04-12,,exper2_11
,3.2421522,Calibration,2013,2013-04-13,,exper2_11
,3.4857771,Calibration,2013,2013-04-14,,exper2_11
,2.921238,Calibration,2013,2013-04-15,,exper2_11
,3.4216874,Calibration,2013,2013-04-16,,exper2_11
,3.900489,Calibration,2013,2013-04-17,,exper2_11
,3.4783769,Calibration,2013,2013-04-18,,exper2_11
,3.0874221,Calibration,2013,2013-04-19,,exper2_11
,2.8644724,Calibration,2013,2013-04-20,,exper2_11
,2.7187326,Calibration,2013,2013-04-21,,exper2_11
,3.8685062,Calibration,2013,2013-04-22,,exper2_11
,3.7423232,Calibration,2013,2013-04-23,,exper2_11
,3.460522,Calibration,2013,2013-04-24,,exper2_11
,3.4290066,Calibration,2013,2013-04-25,,exper2_11
,3.5542808,Calibration,2013,2013-04-26,,exper2_11
,4.0997443,Calibration,2013,2013-04-27,,exper2_11
,4.1962633,Calibration,2013,2013-04-28,,exper2_11
,4.2066,Calibration,2013,2013-04-29,,exper2_11
,3.76482,Calibration,2013,2013-04-30,,exper2_11
,4.192599,Calibration,2013,2013-05-01,,exper2_11
,3.2643104,Calibration,2013,2013-05-02,,exper2_11
,2.9589171,Calibration,2013,2013-05-03,,exper2_11
,3.391427,Calibration,2013,2013-05-04,,exper2_11
,3.7624729,Calibration,2013,2013-05-05,,exper2_11
,4.6240315,Calibration,2013,2013-05-06,,exper2_11
,5.7018824,Calibration,2013,2013-05-07,,exper2_11
,7.4243073,Calibration,2013,2013-05-08,,exper2_11
,7.8086534,Calibration,2013,2013-05-09,,exper2_11
,6.731214,Calibration,2013,2013-05-10,,exper2_11
,5.6439395,Calibration,2013,2013-05-11,,exper2_11
,4.6567416,Calibration,2013,2013-05-12,,exper2_11
,5.3631654,Calibration,2013,2013-05-13,,exper2_11
,5.9608293,Calibration,2013,2013-05-14,,exper2_11
,7.98486,Calibration,2013,2013-05-15,,exper2_11
,9.4674635,Calibration,2013,2013-05-16,,exper2_11
,9.047309,Calibration,2013,2013-05-17,,exper2_11
,9.958791,Calibration,2013,2013-05-18,,exper2_11
,10.425651,Calibration,2013,2013-05-19,,exper2_11
,10.629653,Calibration,2013,2013-05-20,,exper2_11
,12.4376955,Calibration,2013,2013-05-21,,exper2_11
,11.514494,Calibration,2013,2013-05-22,,exper2_11
,9.963818,Calibration,2013,2013-05-23,,exper2_11
,10.281118,Calibration,2013,2013-05-24,,exper2_11
,10.655122,Calibration,2013,2013-05-25,,exper2_11
,11.563047,Calibration,2013,2013-05-26,,exper2_11
,11.389416,Calibration,2013,2013-05-27,,exper2_11
,11.858224,Calibration,2013,2013-05-28,,exper2_11
,11.7455,Calibration,2013,2013-05-29,,exper2_11
,11.874548,Calibration,2013,2013-05-30,,exper2_11
,11.609807,Calibration,2013,2013-05-31,,exper2_11
,13.108264,Calibration,2013,2013-06-01,,exper2_11
,12.201243,Calibration,2013,2013-06-02,,exper2_11
,13.050111,Calibration,2013,2013-06-03,,exper2_11
,13.567786,Calibration,2013,2013-06-04,,exper2_11
,12.809355,Calibration,2013,2013-06-05,,exper2_11
,12.780041,Calibration,2013,2013-06-06,,exper2_11
13.208500000000015,13.93089,Calibration,2013,2013-06-07,0.02661777147884926,exper2_11
13.253499999999974,14.136368,Calibration,2013,2013-06-08,0.03223337200338151,exper2_11
13.476500000000044,14.068463,Calibration,2013,2013-06-09,0.02149080100434976,exper2_11
14.777499999999975,14.664318,Calibration,2013,2013-06-10,-0.003844257000620854,exper2_11
15.327500000000043,15.060121,Calibration,2013,2013-06-11,-0.008798958664527663,exper2_11
16.713000000000022,16.077795,Calibration,2013,2013-06-12,-0.01937144161212923,exper2_11
15.330000000000041,15.529499,Calibration,2013,2013-06-13,0.006464753481779813,exper2_11
17.53800000000001,15.82413,Calibration,2013,2013-06-14,-0.051371718134215406,exper2_11
16.817499999999995,16.04183,Calibration,2013,2013-06-15,-0.023605774544087754,exper2_11
16.736500000000035,16.260654,Calibration,2013,2013-06-16,-0.014420805626313316,exper2_11
16.891500000000008,16.573828,Calibration,2013,2013-06-17,-0.009492578674390798,exper2_11
17.134500000000003,16.35026,Calibration,2013,2013-06-18,-0.023420810668736847,exper2_11
17.3125,16.571854,Calibration,2013,2013-06-19,-0.021858063760754196,exper2_11
17.61500000000001,17.033298,Calibration,2013,2013-06-20,-0.016788746717113154,exper2_11
17.51600000000002,16.773155,Calibration,2013,2013-06-21,-0.021664132084799493,exper2_11
17.56650000000002,17.06013,Calibration,2013,2013-06-22,-0.014623740356827421,exper2_11
17.849499999999978,17.623,Calibration,2013,2013-06-23,-0.006385250937476964,exper2_11
18.959000000000003,18.12913,Calibration,2013,2013-06-24,-0.022375638874655827,exper2_11
20.889499999999998,18.973682,Calibration,2013,2013-06-25,-0.04805982565667507,exper2_11
21.261000000000024,19.71928,Calibration,2013,2013-06-26,-0.03762101547234931,exper2_11
21.230500000000006,19.718243,Calibration,2013,2013-06-27,-0.036930495469346215,exper2_11
20.742500000000007,19.581148,Calibration,2013,2013-06-28,-0.028800763466799818,exper2_11
19.881500000000017,19.16522,Calibration,2013,2013-06-29,-0.018344171664074194,exper2_11
19.418000000000006,18.924877,Calibration,2013,2013-06-30,-0.012860871945196865,exper2_11
19.863,19.550968,Calibration,2013,2013-07-01,-0.007916782915305978,exper2_11
20.755999999999972,19.462925,Calibration,2013,2013-07-02,-0.03215091015232797,exper2_11
21.177999999999997,19.68945,Calibration,2013,2013-07-03,-0.03642387070440429,exper2_11
21.209500000000048,19.600014,Calibration,2013,2013-07-04,-0.03943899644635918,exper2_11
21.15300000000002,19.728273,Calibration,2013,2013-07-05,-0.034850348095194626,exper2_11
21.214,20.47078,Calibration,2013,2013-07-06,-0.017829543334872487,exper2_11
21.994000000000028,21.364555,Calibration,2013,2013-07-07,-0.01451719587756742,exper2_11
22.672500000000014,21.716883,Calibration,2013,2013-07-08,-0.02152806000136323,exper2_11
22.585500000000025,22.083103,Calibration,2013,2013-07-09,-0.011247202381606966,exper2_11
21.789499999999975,21.021423,Calibration,2013,2013-07-10,-0.017941137453613004,exper2_11
22.096000000000004,21.466394,Calibration,2013,2013-07-11,-0.014452960721743952,exper2_11
21.76800000000003,21.437012,Calibration,2013,2013-07-12,-0.007660877015950153,exper2_11
21.814999999999998,21.901712,Calibration,2013,2013-07-13,0.0019835072860516973,exper2_11
22.26600000000002,22.236546,Calibration,2013,2013-07-14,-0.0006618596056342689,exper2_11
22.732500000000016,22.820543,Calibration,2013,2013-07-15,0.0019327641542109227,exper2_11
,22.965492,Calibration,2013,2013-07-16,,exper2_11
,23.333015,Calibration,2013,2013-07-17,,exper2_11
,23.536278,Calibration,2013,2013-07-18,,exper2_11
,23.48796,Calibration,2013,2013-07-19,,exper2_11
,23.177917,Calibration,2013,2013-07-20,,exper2_11
,23.057774,Calibration,2013,2013-07-21,,exper2_11
,22.499838,Calibration,2013,2013-07-22,,exper2_11
,21.234558,Calibration,2013,2013-07-23,,exper2_11
,21.711296,Calibration,2013,2013-07-24,,exper2_11
,21.4484,Calibration,2013,2013-07-25,,exper2_11
16.966499999999996,20.883844,Calibration,2013,2013-07-26,0.10349560724563915,exper2_11
15.827500000000043,18.377335,Calibration,2013,2013-07-27,0.07454602909027457,exper2_11
15.611500000000035,17.881758,Calibration,2013,2013-07-28,0.0677825296687064,exper2_11
18.673000000000002,18.420204,Calibration,2013,2013-07-29,-0.006815152346888604,exper2_11
18.586000000000013,18.133553,Calibration,2013,2013-07-30,-0.012321703759836216,exper2_11
19.012500000000045,18.36699,Calibration,2013,2013-07-31,-0.017269119487259687,exper2_11
18.42700000000002,18.413773,Calibration,2013,2013-08-01,-0.0003590428773556539,exper2_11
19.3365,18.861082,Calibration,2013,2013-08-02,-0.012446283170880862,exper2_11
19.29449999999997,19.043568,Calibration,2013,2013-08-03,-0.006545252743857848,exper2_11
19.722500000000025,19.143654,Calibration,2013,2013-08-04,-0.014893321636938324,exper2_11
19.275500000000022,18.624977,Calibration,2013,2013-08-05,-0.017163976228172576,exper2_11
19.37050000000005,19.241478,Calibration,2013,2013-08-06,-0.0033415028311690113,exper2_11
19.492999999999995,19.631996,Calibration,2013,2013-08-07,0.0035526177238527712,exper2_11
19.52000000000004,19.401392,Calibration,2013,2013-08-08,-0.003047373460320204,exper2_11
19.430000000000007,19.755661,Calibration,2013,2013-08-09,0.008310718827810645,exper2_11
19.47800000000001,19.383444,Calibration,2013,2013-08-10,-0.0024331614648789614,exper2_11
19.906000000000006,19.389093,Calibration,2013,2013-08-11,-0.013154482054613956,exper2_11
19.6755,19.596731,Calibration,2013,2013-08-12,-0.002005712731574261,exper2_11
19.261000000000024,19.813635,Calibration,2013,2013-08-13,0.01414305915437564,exper2_11
19.012500000000045,19.430862,Calibration,2013,2013-08-14,0.010882565945027038,exper2_11
19.23750000000001,19.518059,Calibration,2013,2013-08-15,0.007239188021280831,exper2_11
20.135500000000036,19.620564,Calibration,2013,2013-08-16,-0.012952401407353958,exper2_11
20.051000000000045,20.03906,Calibration,2013,2013-08-17,-0.0002978146496208064,exper2_11
20.037500000000023,20.323711,Calibration,2013,2013-08-18,0.007091248884002413,exper2_11
20.06400000000002,20.350206,Calibration,2013,2013-08-19,0.007081825941736912,exper2_11
20.371000000000038,20.441605,Calibration,2013,2013-08-20,0.0017299708000775107,exper2_11
20.926499999999976,20.63235,Calibration,2013,2013-08-21,-0.007077892478880252,exper2_11
21.13250000000005,20.729557,Calibration,2013,2013-08-22,-0.009625493613153981,exper2_11
21.14100000000002,20.840553,Calibration,2013,2013-08-23,-0.007156636494089127,exper2_11
21.085500000000025,20.842152,Calibration,2013,2013-08-24,-0.0058040063925604785,exper2_11
21.198000000000036,21.15934,Calibration,2013,2013-08-25,-0.0009127130103491737,exper2_11
22.02049999999997,21.532808,Calibration,2013,2013-08-26,-0.011197580968241673,exper2_11
22.375500000000045,22.366581,Calibration,2013,2013-08-27,-0.00019934336251879357,exper2_11
22.867500000000007,22.342873,Calibration,2013,2013-08-28,-0.011604137501475136,exper2_11
22.63250000000005,22.16473,Calibration,2013,2013-08-29,-0.010441938647244957,exper2_11
22.189999999999998,21.728994,Calibration,2013,2013-08-30,-0.010496725553744467,exper2_11
22.360000000000014,21.870718,Calibration,2013,2013-08-31,-0.011062040585798787,exper2_11
21.921500000000037,21.078842,Calibration,2013,2013-09-01,-0.01959653794656283,exper2_11
21.17700000000002,20.590248,Calibration,2013,2013-09-02,-0.014048133852963643,exper2_11
20.65450000000004,21.142666,Calibration,2013,2013-09-03,0.01167940105405022,exper2_11
20.43900000000002,20.510075,Calibration,2013,2013-09-04,0.001735683068442978,exper2_11
20.595000000000027,21.005901,Calibration,2013,2013-09-05,0.009877221970373449,exper2_11
20.230500000000006,20.414537,Calibration,2013,2013-09-06,0.004527918817331156,exper2_11
20.45150000000001,20.32363,Calibration,2013,2013-09-07,-0.0031359954627771334,exper2_11
20.147500000000036,20.33525,Calibration,2013,2013-09-08,0.0046377988286168325,exper2_11
20.097500000000025,20.421518,Calibration,2013,2013-09-09,0.007996697333589613,exper2_11
20.178500000000042,20.27232,Calibration,2013,2013-09-10,0.0023193545688223282,exper2_11
20.21700000000004,20.301025,Calibration,2013,2013-09-11,0.0020737780238520753,exper2_11
19.85650000000004,20.035646,Calibration,2013,2013-09-12,0.004490769602340964,exper2_11
19.365499999999997,19.679255,Calibration,2013,2013-09-13,0.0080357665356644,exper2_11
18.918499999999995,19.307402,Calibration,2013,2013-09-14,0.010173773285795554,exper2_11
18.571000000000026,18.688917,Calibration,2013,2013-09-15,0.0031647187922530812,exper2_11
18.33050000000003,18.25019,Calibration,2013,2013-09-16,-0.00219540045645472,exper2_11
17.849499999999978,17.86917,Calibration,2013,2013-09-17,0.0005506709978465442,exper2_11
17.599000000000046,17.492985,Calibration,2013,2013-09-18,-0.0030210667467558193,exper2_11
17.714,17.52249,Calibration,2013,2013-09-19,-0.005435003734157356,exper2_11
17.708500000000015,17.337078,Calibration,2013,2013-09-20,-0.010598253066799023,exper2_11
17.112000000000023,16.420506,Calibration,2013,2013-09-21,-0.020621616712477045,exper2_11
16.813499999999976,16.403282,Calibration,2013,2013-09-22,-0.01234971624970827,exper2_11
16.565999999999974,16.028074,Calibration,2013,2013-09-23,-0.016503789342440588,exper2_11
16.749500000000012,15.859205,Calibration,2013,2013-09-24,-0.027302364424245714,exper2_11
16.95150000000001,15.771562,Calibration,2013,2013-09-25,-0.03605831236050221,exper2_11
16.687000000000012,15.639682,Calibration,2013,2013-09-26,-0.03239794884785532,exper2_11
16.560000000000002,15.720365,Calibration,2013,2013-09-27,-0.026010717058213825,exper2_11
16.472500000000025,15.712772,Calibration,2013,2013-09-28,-0.02360482216511941,exper2_11
16.39500000000004,15.628754,Calibration,2013,2013-09-29,-0.02392743667639713,exper2_11
16.246500000000026,15.618627,Calibration,2013,2013-09-30,-0.019704092610260793,exper2_11
16.124000000000024,15.788686,Calibration,2013,2013-10-01,-0.010507238515450835,exper2_11
16.158000000000015,15.97635,Calibration,2013,2013-10-02,-0.005652834749419517,exper2_11
15.835500000000025,15.775968,Calibration,2013,2013-10-03,-0.0018832533432404726,exper2_11
15.700000000000045,15.572788,Calibration,2013,2013-10-04,-0.0040678100239856674,exper2_11
15.463000000000022,15.318821,Calibration,2013,2013-10-05,-0.004683902451687181,exper2_11
15.214500000000044,14.775679,Calibration,2013,2013-10-06,-0.014632169107841791,exper2_11
14.797500000000014,14.568524,Calibration,2013,2013-10-07,-0.007797297874956693,exper2_11
14.559500000000014,14.563057,Calibration,2013,2013-10-08,0.00012213713951652285,exper2_11
14.458000000000027,14.540702,Calibration,2013,2013-10-09,0.0028519161489229655,exper2_11
14.489500000000021,14.520497,Calibration,2013,2013-10-10,0.0010685048239871195,exper2_11
14.440500000000043,14.446724,Calibration,2013,2013-10-11,0.00021545642466715798,exper2_11
14.270500000000027,13.893998,Calibration,2013,2013-10-12,-0.013367958910200064,exper2_11
14.081500000000005,13.615095,Calibration,2013,2013-10-13,-0.01683979056331838,exper2_11
13.762999999999977,13.332924,Calibration,2013,2013-10-14,-0.015872354550415413,exper2_11
13.468500000000006,13.376127,Calibration,2013,2013-10-15,-0.0034410146999510416,exper2_11
13.14100000000002,13.2227125,Calibration,2013,2013-10-16,0.003099431338914253,exper2_11
12.853499999999997,12.627621,Calibration,2013,2013-10-17,-0.008864574900935018,exper2_11
12.572000000000003,12.559281,Calibration,2013,2013-10-18,-0.0005060884338190634,exper2_11
12.240499999999997,11.474038,Calibration,2013,2013-10-19,-0.03232033750373179,exper2_11
11.871500000000026,11.159484,Calibration,2013,2013-10-20,-0.030915574132118935,exper2_11
11.330000000000041,10.237983,Calibration,2013,2013-10-21,-0.050631404091982794,exper2_11
10.577500000000043,9.698129,Calibration,2013,2013-10-22,-0.043370852403337594,exper2_11
10.241000000000042,9.080052,Calibration,2013,2013-10-23,-0.06008718374269746,exper2_11
,8.519464,Calibration,2013,2013-10-24,,exper2_11
,8.457551,Calibration,2013,2013-10-25,,exper2_11
,8.285578,Calibration,2013,2013-10-26,,exper2_11
8.475999999999999,8.319491,Calibration,2013,2013-10-27,-0.009318489705697437,exper2_11
8.312000000000012,8.343931,Calibration,2013,2013-10-28,0.0019171067495589366,exper2_11
8.024500000000046,8.1511965,Calibration,2013,2013-10-29,0.007832520841099767,exper2_11
,7.9436626,Calibration,2013,2013-10-30,,exper2_11
7.975500000000011,8.180045,Calibration,2013,2013-10-31,0.012660985825591034,exper2_11
7.869000000000028,7.8361416,Calibration,2013,2013-11-01,-0.0020922074160078046,exper2_11
,7.2023807,Calibration,2013,2013-11-02,,exper2_11
,6.718286,Calibration,2013,2013-11-03,,exper2_11
,6.7962947,Calibration,2013,2013-11-04,,exper2_11
7.241499999999974,6.727652,Calibration,2013,2013-11-05,-0.03678447513576009,exper2_11
7.025500000000022,6.6231933,Calibration,2013,2013-11-06,-0.029475842720662535,exper2_11
6.725999999999999,6.2126822,Calibration,2013,2013-11-07,-0.03967310913371658,exper2_11
6.527499999999975,6.1931877,Calibration,2013,2013-11-08,-0.02628099155511078,exper2_11
6.348500000000001,5.2533526,Calibration,2013,2013-11-09,-0.09439417925121023,exper2_11
6.080000000000041,5.9488196,Calibration,2013,2013-11-10,-0.010905505831569422,exper2_11
5.7275000000000205,5.7286625,Calibration,2013,2013-11-11,0.00010147297104376004,exper2_11
5.420500000000004,4.4119787,Calibration,2013,2013-11-12,-0.10257040029630753,exper2_11
5.216000000000008,4.149919,Calibration,2013,2013-11-13,-0.11382555872920472,exper2_11
5.045000000000016,4.174829,Calibration,2013,2013-11-14,-0.09438038310908511,exper2_11
5.0,4.0368695,Calibration,2013,2013-11-15,-0.10657788865150752,exper2_11
4.938499999999976,4.214915,Calibration,2013,2013-11-16,-0.0790508479265335,exper2_11
4.913000000000011,4.5164795,Calibration,2013,2013-11-17,-0.042051155436632015,exper2_11
4.648500000000013,4.3361106,Calibration,2013,2013-11-18,-0.03476938760079585,exper2_11
4.435000000000002,3.989606,Calibration,2013,2013-11-19,-0.052868241134323056,exper2_11
,4.335494,Calibration,2013,2013-11-20,,exper2_11
,4.532646,Calibration,2013,2013-11-21,,exper2_11
,4.2314043,Calibration,2013,2013-11-22,,exper2_11
,3.2383265,Calibration,2013,2013-11-23,,exper2_11
,2.7059224,Calibration,2013,2013-11-24,,exper2_11
,2.7569342,Calibration,2013,2013-11-25,,exper2_11
,2.5687852,Calibration,2013,2013-11-26,,exper2_11
,2.27133,Calibration,2013,2013-11-27,,exper2_11
,2.407755,Calibration,2013,2013-11-28,,exper2_11
,2.1174338,Calibration,2013,2013-11-29,,exper2_11
,2.4375436,Calibration,2013,2013-11-30,,exper2_11
,2.580939,Calibration,2013,2013-12-01,,exper2_11
,2.8254256,Calibration,2013,2013-12-02,,exper2_11
,3.0119684,Calibration,2013,2013-12-03,,exper2_11
,3.0126724,Calibration,2013,2013-12-04,,exper2_11
,2.5148282,Calibration,2013,2013-12-05,,exper2_11
,2.2646286,Calibration,2013,2013-12-06,,exper2_11
,2.135221,Calibration,2013,2013-12-07,,exper2_11
,2.0231657,Calibration,2013,2013-12-08,,exper2_11
,2.0695765,Calibration,2013,2013-12-09,,exper2_11
,2.1146405,Calibration,2013,2013-12-10,,exper2_11
,2.1334715,Calibration,2013,2013-12-11,,exper2_11
,2.1190436,Calibration,2013,2013-12-12,,exper2_11
,2.1159737,Calibration,2013,2013-12-13,,exper2_11
,2.1514273,Calibration,2013,2013-12-14,,exper2_11
,2.224802,Calibration,2013,2013-12-15,,exper2_11
,2.237115,Calibration,2013,2013-12-16,,exper2_11
,2.2863874,Calibration,2013,2013-12-17,,exper2_11
,2.2880719,Calibration,2013,2013-12-18,,exper2_11
,2.224743,Calibration,2013,2013-12-19,,exper2_11
,2.2113192,Calibration,2013,2013-12-20,,exper2_11
,2.2450042,Calibration,2013,2013-12-21,,exper2_11
,2.1966882,Calibration,2013,2013-12-22,,exper2_11
,2.18512,Calibration,2013,2013-12-23,,exper2_11
,2.2551422,Calibration,2013,2013-12-24,,exper2_11
,2.2167416,Calibration,2013,2013-12-25,,exper2_11
,2.2544427,Calibration,2013,2013-12-26,,exper2_11
,2.1753552,Calibration,2013,2013-12-27,,exper2_11
,2.1059809,Calibration,2013,2013-12-28,,exper2_11
,1.9991608,Calibration,2013,2013-12-29,,exper2_11
,2.0110686,Calibration,2013,2013-12-30,,exper2_11
,1.8663332,Calibration,2013,2013-12-31,,exper2_11
,2.6829832,Calibration,2014,2014-01-01,,exper2_11
,3.0599902,Calibration,2014,2014-01-02,,exper2_11
,3.0753012,Calibration,2014,2014-01-03,,exper2_11
,2.7563434,Calibration,2014,2014-01-04,,exper2_11
,2.907085,Calibration,2014,2014-01-05,,exper2_11
,3.0351176,Calibration,2014,2014-01-06,,exper2_11
,3.040577,Calibration,2014,2014-01-07,,exper2_11
,3.045404,Calibration,2014,2014-01-08,,exper2_11
,3.0544415,Calibration,2014,2014-01-09,,exper2_11
,2.7900865,Calibration,2014,2014-01-10,,exper2_11
,2.5688806,Calibration,2014,2014-01-11,,exper2_11
,2.413597,Calibration,2014,2014-01-12,,exper2_11
,2.29456,Calibration,2014,2014-01-13,,exper2_11
,2.2430816,Calibration,2014,2014-01-14,,exper2_11
,2.2459764,Calibration,2014,2014-01-15,,exper2_11
,2.2822924,Calibration,2014,2014-01-16,,exper2_11
,2.239205,Calibration,2014,2014-01-17,,exper2_11
,2.3227882,Calibration,2014,2014-01-18,,exper2_11
,2.383235,Calibration,2014,2014-01-19,,exper2_11
,2.4169989,Calibration,2014,2014-01-20,,exper2_11
,2.7408376,Calibration,2014,2014-01-21,,exper2_11
,2.8168561,Calibration,2014,2014-01-22,,exper2_11
,2.922264,Calibration,2014,2014-01-23,,exper2_11
,2.8379374,Calibration,2014,2014-01-24,,exper2_11
,2.710638,Calibration,2014,2014-01-25,,exper2_11
,2.8006754,Calibration,2014,2014-01-26,,exper2_11
,2.9226873,Calibration,2014,2014-01-27,,exper2_11
,2.8881645,Calibration,2014,2014-01-28,,exper2_11
,3.262097,Calibration,2014,2014-01-29,,exper2_11
,3.1081667,Calibration,2014,2014-01-30,,exper2_11
,3.111432,Calibration,2014,2014-01-31,,exper2_11
,3.3608394,Calibration,2014,2014-02-01,,exper2_11
,3.641886,Calibration,2014,2014-02-02,,exper2_11
,3.948621,Calibration,2014,2014-02-03,,exper2_11
,4.100443,Calibration,2014,2014-02-04,,exper2_11
,4.1094,Calibration,2014,2014-02-05,,exper2_11
,4.1251073,Calibration,2014,2014-02-06,,exper2_11
,4.185187,Calibration,2014,2014-02-07,,exper2_11
,4.300984,Calibration,2014,2014-02-08,,exper2_11
,4.403623,Calibration,2014,2014-02-09,,exper2_11
,4.469483,Calibration,2014,2014-02-10,,exper2_11
,4.509064,Calibration,2014,2014-02-11,,exper2_11
,4.5323997,Calibration,2014,2014-02-12,,exper2_11
,4.199248,Calibration,2014,2014-02-13,,exper2_11
,4.033129,Calibration,2014,2014-02-14,,exper2_11
,4.215167,Calibration,2014,2014-02-15,,exper2_11
,4.2514944,Calibration,2014,2014-02-16,,exper2_11
,4.368271,Calibration,2014,2014-02-17,,exper2_11
,4.1197844,Calibration,2014,2014-02-18,,exper2_11
,4.428818,Calibration,2014,2014-02-19,,exper2_11
,4.5896435,Calibration,2014,2014-02-20,,exper2_11
,4.391528,Calibration,2014,2014-02-21,,exper2_11
,4.08063,Calibration,2014,2014-02-22,,exper2_11
,4.2197146,Calibration,2014,2014-02-23,,exper2_11
,4.3001876,Calibration,2014,2014-02-24,,exper2_11
,4.4338913,Calibration,2014,2014-02-25,,exper2_11
,4.5004096,Calibration,2014,2014-02-26,,exper2_11
,4.518857,Calibration,2014,2014-02-27,,exper2_11
,4.5369353,Calibration,2014,2014-02-28,,exper2_11
,4.6003137,Calibration,2014,2014-03-01,,exper2_11
,4.4201694,Calibration,2014,2014-03-02,,exper2_11
,4.652497,Calibration,2014,2014-03-03,,exper2_11
,4.575736,Calibration,2014,2014-03-04,,exper2_11
,4.414955,Calibration,2014,2014-03-05,,exper2_11
,4.6997185,Calibration,2014,2014-03-06,,exper2_11
,5.145412,Calibration,2014,2014-03-07,,exper2_11
,4.6461406,Calibration,2014,2014-03-08,,exper2_11
,4.6573796,Calibration,2014,2014-03-09,,exper2_11
,4.880758,Calibration,2014,2014-03-10,,exper2_11
,4.715044,Calibration,2014,2014-03-11,,exper2_11
,4.7927895,Calibration,2014,2014-03-12,,exper2_11
,4.903895,Calibration,2014,2014-03-13,,exper2_11
,5.583415,Calibration,2014,2014-03-14,,exper2_11
,4.9459167,Calibration,2014,2014-03-15,,exper2_11
,4.570112,Calibration,2014,2014-03-16,,exper2_11
,5.025357,Calibration,2014,2014-03-17,,exper2_11
,4.995837,Calibration,2014,2014-03-18,,exper2_11
,4.599366,Calibration,2014,2014-03-19,,exper2_11
,4.8974276,Calibration,2014,2014-03-20,,exper2_11
,5.3389215,Calibration,2014,2014-03-21,,exper2_11
,5.017556,Calibration,2014,2014-03-22,,exper2_11
,4.599568,Calibration,2014,2014-03-23,,exper2_11
,4.510809,Calibration,2014,2014-03-24,,exper2_11
,4.4748645,Calibration,2014,2014-03-25,,exper2_11
,4.7178264,Calibration,2014,2014-03-26,,exper2_11
,5.201982,Calibration,2014,2014-03-27,,exper2_11
,4.7710958,Calibration,2014,2014-03-28,,exper2_11
,5.131191,Calibration,2014,2014-03-29,,exper2_11
,5.069011,Calibration,2014,2014-03-30,,exper2_11
,4.886233,Calibration,2014,2014-03-31,,exper2_11
,4.892101,Calibration,2014,2014-04-01,,exper2_11
,4.9504333,Calibration,2014,2014-04-02,,exper2_11
,4.597551,Calibration,2014,2014-04-03,,exper2_11
,5.1289086,Calibration,2014,2014-04-04,,exper2_11
,5.1661763,Calibration,2014,2014-04-05,,exper2_11
,4.580895,Calibration,2014,2014-04-06,,exper2_11
,4.441238,Calibration,2014,2014-04-07,,exper2_11
,4.461327,Calibration,2014,2014-04-08,,exper2_11
,3.6559513,Calibration,2014,2014-04-09,,exper2_11
,3.6856897,Calibration,2014,2014-04-10,,exper2_11
,3.375788,Calibration,2014,2014-04-11,,exper2_11
,4.3990273,Calibration,2014,2014-04-12,,exper2_11
,3.616781,Calibration,2014,2014-04-13,,exper2_11
,3.1918921,Calibration,2014,2014-04-14,,exper2_11
,2.783255,Calibration,2014,2014-04-15,,exper2_11
,3.4325123,Calibration,2014,2014-04-16,,exper2_11
,3.749885,Calibration,2014,2014-04-17,,exper2_11
,3.572839,Calibration,2014,2014-04-18,,exper2_11
,2.9120302,Calibration,2014,2014-04-19,,exper2_11
,3.2722557,Calibration,2014,2014-04-20,,exper2_11
,3.7205663,Calibration,2014,2014-04-21,,exper2_11
,3.3836832,Calibration,2014,2014-04-22,,exper2_11
,3.615804,Calibration,2014,2014-04-23,,exper2_11
,3.45184,Calibration,2014,2014-04-24,,exper2_11
,3.9758313,Calibration,2014,2014-04-25,,exper2_11
,3.3382134,Calibration,2014,2014-04-26,,exper2_11
,4.4507027,Calibration,2014,2014-04-27,,exper2_11
,4.3878317,Calibration,2014,2014-04-28,,exper2_11
,4.7623487,Calibration,2014,2014-04-29,,exper2_11
,4.0476127,Calibration,2014,2014-04-30,,exper2_11
,3.502892,Calibration,2014,2014-05-01,,exper2_11
,4.384683,Calibration,2014,2014-05-02,,exper2_11
,3.5897703,Calibration,2014,2014-05-03,,exper2_11
,3.9409986,Calibration,2014,2014-05-04,,exper2_11
,4.8766866,Calibration,2014,2014-05-05,,exper2_11
,4.596509,Calibration,2014,2014-05-06,,exper2_11
,4.6157756,Calibration,2014,2014-05-07,,exper2_11
,4.435441,Calibration,2014,2014-05-08,,exper2_11
,5.631581,Calibration,2014,2014-05-09,,exper2_11
,5.7024183,Calibration,2014,2014-05-10,,exper2_11
,6.4954276,Calibration,2014,2014-05-11,,exper2_11
,6.1842666,Calibration,2014,2014-05-12,,exper2_11
,6.8802543,Calibration,2014,2014-05-13,,exper2_11
,6.825465,Calibration,2014,2014-05-14,,exper2_11
,6.512612,Calibration,2014,2014-05-15,,exper2_11
,7.299731,Calibration,2014,2014-05-16,,exper2_11
,7.1531415,Calibration,2014,2014-05-17,,exper2_11
,8.144975,Calibration,2014,2014-05-18,,exper2_11
,9.492738,Calibration,2014,2014-05-19,,exper2_11
,8.848947,Calibration,2014,2014-05-20,,exper2_11
,10.604385,Calibration,2014,2014-05-21,,exper2_11
,10.448523,Calibration,2014,2014-05-22,,exper2_11
,11.124286,Calibration,2014,2014-05-23,,exper2_11
,11.849814,Calibration,2014,2014-05-24,,exper2_11
,13.042063,Calibration,2014,2014-05-25,,exper2_11
,13.783824,Calibration,2014,2014-05-26,,exper2_11
,13.937463,Calibration,2014,2014-05-27,,exper2_11
15.124500000000012,14.989994,Calibration,2014,2014-05-28,-0.004466485497268046,exper2_11
16.752499999999998,15.381614,Calibration,2014,2014-05-29,-0.04266139966003865,exper2_11
18.032500000000027,15.577048,Calibration,2014,2014-05-30,-0.07305815824306346,exper2_11
16.732500000000016,15.701276,Calibration,2014,2014-05-31,-0.031794761733807915,exper2_11
16.718500000000006,15.042844,Calibration,2014,2014-06-01,-0.05275772306431051,exper2_11
16.857500000000016,15.340757,Calibration,2014,2014-06-02,-0.047106357731593225,exper2_11
16.23750000000001,15.433984,Calibration,2014,2014-06-03,-0.02537033636339073,exper2_11
16.837499999999977,16.210003,Calibration,2014,2014-06-04,-0.018987731168209298,exper2_11
16.825000000000045,16.36146,Calibration,2014,2014-06-05,-0.013967752863274993,exper2_11
17.900500000000022,16.047047,Calibration,2014,2014-06-06,-0.0545975636210493,exper2_11
16.754999999999995,16.495853,Calibration,2014,2014-06-07,-0.007793681943216479,exper2_11
16.181500000000028,16.556114,Calibration,2014,2014-06-08,0.011442929057860053,exper2_11
16.49350000000004,16.632666,Calibration,2014,2014-06-09,0.004201078859901137,exper2_11
17.24350000000004,16.855106,Calibration,2014,2014-06-10,-0.011390308513223124,exper2_11
18.62650000000002,17.037788,Calibration,2014,2014-06-11,-0.04454628651114793,exper2_11
16.615499999999997,16.749372,Calibration,2014,2014-06-12,0.004012378059314547,exper2_11
15.640000000000043,15.743035,Calibration,2014,2014-06-13,0.003283153316058539,exper2_11
15.561500000000024,16.206041,Calibration,2014,2014-06-14,0.020289305024935075,exper2_11
14.949000000000012,15.917632,Calibration,2014,2014-06-15,0.031381204782403506,exper2_11
15.073500000000024,16.35953,Calibration,2014,2014-06-16,0.040913316848253854,exper2_11
16.558500000000038,17.11216,Calibration,2014,2014-06-17,0.0164433882038535,exper2_11
16.13900000000001,17.29477,Calibration,2014,2014-06-18,0.034568919740526526,exper2_11
16.19500000000005,17.454447,Calibration,2014,2014-06-19,0.03742845463002865,exper2_11
16.561500000000024,16.883915,Calibration,2014,2014-06-20,0.009640034307116518,exper2_11
16.789000000000044,17.077692,Calibration,2014,2014-06-21,0.008524364634984658,exper2_11
18.01750000000004,14.086065,Validation,2014,2014-06-22,-0.12246099994935565,exper2_11
19.222000000000037,19.070917,Validation,2014,2014-06-23,-0.003945452104691674,exper2_11
19.545000000000016,19.586525,Validation,2014,2014-06-24,0.0010611639443581947,exper2_11
18.837000000000046,18.049618,Validation,2014,2014-06-25,-0.02134601327865169,exper2_11
19.149999999999977,17.633602,Validation,2014,2014-06-26,-0.041224833060076585,exper2_11
19.237000000000023,17.9887,Validation,2014,2014-06-27,-0.03353326073754295,exper2_11
19.523000000000025,18.606325,Validation,2014,2014-06-28,-0.024041203112535107,exper2_11
19.774500000000046,19.345716,Validation,2014,2014-06-29,-0.010960663364883072,exper2_11
19.58250000000004,19.315,Validation,2014,2014-06-30,-0.006877034829222659,exper2_11
19.237000000000023,19.403782,Validation,2014,2014-07-01,0.004316214183764436,exper2_11
18.820500000000038,18.525187,Validation,2014,2014-07-02,-0.007907565469381728,exper2_11
18.829000000000008,18.250856,Validation,2014,2014-07-03,-0.015591851118148002,exper2_11
19.20350000000002,18.670969,Validation,2014,2014-07-04,-0.014060421295106354,exper2_11
19.25550000000004,18.455301,Validation,2014,2014-07-05,-0.021219350635563027,exper2_11
19.37900000000002,18.74064,Validation,2014,2014-07-06,-0.016746206129421057,exper2_11
,18.617619,Validation,2014,2014-07-07,,exper2_11
19.470000000000027,18.284729,Validation,2014,2014-07-08,-0.03139397440705093,exper2_11
19.168499999999995,17.703024,Validation,2014,2014-07-09,-0.039745471140109664,exper2_11
19.483000000000004,18.006725,Validation,2014,2014-07-10,-0.039378114309003745,exper2_11
19.470500000000015,18.52834,Validation,2014,2014-07-11,-0.024794457652860532,exper2_11
19.786,19.566143,Validation,2014,2014-07-12,-0.005586912100589354,exper2_11
19.6635,18.958723,Validation,2014,2014-07-13,-0.018247963886426282,exper2_11
19.52049999999997,18.287941,Validation,2014,2014-07-14,-0.03260010169899731,exper2_11
18.807500000000005,17.337856,Validation,2014,2014-07-15,-0.040659267413867134,exper2_11
18.649500000000046,17.250402,Validation,2014,2014-07-16,-0.03897218248337154,exper2_11
18.96550000000002,17.69375,Validation,2014,2014-07-17,-0.03469109720729937,exper2_11
19.196000000000026,17.839172,Validation,2014,2014-07-18,-0.03663619068407551,exper2_11
19.183500000000038,18.006838,Validation,2014,2014-07-19,-0.031638920841758025,exper2_11
19.35650000000004,18.877457,Validation,2014,2014-07-20,-0.012529263951355873,exper2_11
20.24200000000002,19.538986,Validation,2014,2014-07-21,-0.01767210572166086,exper2_11
20.48350000000005,20.376263,Validation,2014,2014-07-22,-0.002624521735108452,exper2_11
20.598000000000013,19.905592,Validation,2014,2014-07-23,-0.017094978536259586,exper2_11
20.859000000000037,20.185575,Validation,2014,2014-07-24,-0.01640715019729919,exper2_11
20.439999999999998,20.441996,Validation,2014,2014-07-25,4.8814171060904344e-05,exper2_11
20.660500000000013,21.175209,Validation,2014,2014-07-26,0.012303103189943716,exper2_11
20.53400000000005,20.608456,Validation,2014,2014-07-27,0.0018097037906032773,exper2_11
19.896500000000003,19.670296,Validation,2014,2014-07-28,-0.005717023089143364,exper2_11
19.882000000000005,19.37952,Validation,2014,2014-07-29,-0.01279827114214717,exper2_11
20.084000000000003,19.043541,Validation,2014,2014-07-30,-0.026591475467821563,exper2_11
20.444500000000005,19.030973,Validation,2014,2014-07-31,-0.0358077166040585,exper2_11
20.975000000000023,19.913195,Validation,2014,2014-08-01,-0.025968506375775597,exper2_11
21.48199999999997,20.185753,Validation,2014,2014-08-02,-0.031109120173428553,exper2_11
21.891999999999996,20.613853,Validation,2014,2014-08-03,-0.03006989488578628,exper2_11
21.843000000000018,20.5105,Validation,2014,2014-08-04,-0.03146139155480828,exper2_11
21.988999999999976,20.840015,Validation,2014,2014-08-05,-0.026827247313227078,exper2_11
22.068499999999972,21.039215,Validation,2014,2014-08-06,-0.02387704637118388,exper2_11
22.284500000000037,21.076103,Validation,2014,2014-08-07,-0.027868541950071685,exper2_11
22.778999999999996,21.200928,Validation,2014,2014-08-08,-0.035881647536031874,exper2_11
23.144000000000005,21.297207,Validation,2014,2014-08-09,-0.04155587237718809,exper2_11
23.25200000000001,21.37411,Validation,2014,2014-08-10,-0.04208053900746796,exper2_11
22.55600000000004,20.251556,Validation,2014,2014-08-11,-0.053832636046119146,exper2_11
21.093500000000006,19.40869,Validation,2014,2014-08-12,-0.041598010427173066,exper2_11
20.92700000000002,20.115627,Validation,2014,2014-08-13,-0.019769024664819917,exper2_11
21.031000000000006,19.84687,Validation,2014,2014-08-14,-0.028967496726270657,exper2_11
21.032500000000027,20.065243,Validation,2014,2014-08-15,-0.023535531820858404,exper2_11
21.108000000000004,19.87905,Validation,2014,2014-08-16,-0.029983878317830937,exper2_11
21.06800000000004,20.137648,Validation,2014,2014-08-17,-0.022578273240534213,exper2_11
20.55000000000001,19.468359,Validation,2014,2014-08-18,-0.027028619705385854,exper2_11
20.43900000000002,19.63222,Validation,2014,2014-08-19,-0.020133669482110653,exper2_11
20.374500000000012,19.55183,Validation,2014,2014-08-20,-0.020604691246117194,exper2_11
20.244500000000016,19.377579,Validation,2014,2014-08-21,-0.0218797522068162,exper2_11
20.4255,18.937243,Validation,2014,2014-08-22,-0.03780878559885487,exper2_11
20.467499999999973,19.843443,Validation,2014,2014-08-23,-0.015481083744848058,exper2_11
20.440999999999974,19.431822,Validation,2014,2014-08-24,-0.025309926178705745,exper2_11
20.73199999999997,19.610073,Validation,2014,2014-08-25,-0.02781034350685366,exper2_11
20.71900000000005,19.691338,Validation,2014,2014-08-26,-0.025430681255206023,exper2_11
20.837000000000046,20.006283,Validation,2014,2014-08-27,-0.02033913869120877,exper2_11
20.67750000000001,19.525614,Validation,2014,2014-08-28,-0.02865166666880814,exper2_11
20.4375,19.006014,Validation,2014,2014-08-29,-0.03629205385884295,exper2_11
20.1515,18.802734,Validation,2014,2014-08-30,-0.03462436488972834,exper2_11
19.92100000000005,19.0622,Validation,2014,2014-08-31,-0.022029988346292655,exper2_11
19.79600000000005,18.79874,Validation,2014,2014-09-01,-0.025839262112876564,exper2_11
19.75,18.930733,Validation,2014,2014-09-02,-0.02118024182040059,exper2_11
19.656000000000006,19.081278,Validation,2014,2014-09-03,-0.014836410420361348,exper2_11
19.363999999999976,19.083355,Validation,2014,2014-09-04,-0.007299463133787325,exper2_11
19.13250000000005,19.30392,Validation,2014,2014-09-05,0.004459851945711393,exper2_11
18.874000000000024,19.85018,Validation,2014,2014-09-06,0.02520853070364574,exper2_11
18.84450000000004,19.834637,Validation,2014,2014-09-07,0.02559872771239015,exper2_11
18.735500000000002,19.178402,Validation,2014,2014-09-08,0.011681782256027513,exper2_11
18.77000000000004,19.343683,Validation,2014,2014-09-09,0.015051897218729663,exper2_11
17.97750000000002,18.729124,Validation,2014,2014-09-10,0.020476524013665405,exper2_11
16.617999999999995,17.381433,Validation,2014,2014-09-11,0.022454300223318988,exper2_11
16.22750000000002,16.375378,Validation,2014,2014-09-12,0.004535724011664499,exper2_11
16.08299999999997,16.138237,Validation,2014,2014-09-13,0.0017143041253377665,exper2_11
15.773000000000025,15.875012,Validation,2014,2014-09-14,0.00322334295386238,exper2_11
15.569500000000005,15.557395,Validation,2014,2014-09-15,-0.0003888925838239623,exper2_11
15.44300000000004,15.390352,Validation,2014,2014-09-16,-0.0017074935747861029,exper2_11
15.636000000000024,15.403655,Validation,2014,2014-09-17,-0.0074854229992033765,exper2_11
15.207500000000039,14.736677,Validation,2014,2014-09-18,-0.015723351739819442,exper2_11
14.873500000000035,14.900645,Validation,2014,2014-09-19,0.0009117056361823184,exper2_11
15.119500000000016,15.064767,Validation,2014,2014-09-20,-0.0018132995033648903,exper2_11
14.843000000000018,14.978255,Validation,2014,2014-09-21,0.0045355324810555184,exper2_11
14.697000000000003,14.908781,Validation,2014,2014-09-22,0.007153368163682963,exper2_11
15.241499999999974,15.012118,Validation,2014,2014-09-23,-0.00758195789630954,exper2_11
15.295000000000016,15.0514345,Validation,2014,2014-09-24,-0.008026164752817378,exper2_11
15.393500000000017,14.67641,Validation,2014,2014-09-25,-0.02384743703157106,exper2_11
15.682500000000005,15.172087,Validation,2014,2014-09-26,-0.016542541600211208,exper2_11
15.770000000000039,15.274807,Validation,2014,2014-09-27,-0.015950913273818146,exper2_11
16.34050000000002,15.434569,Validation,2014,2014-09-28,-0.02851073685926382,exper2_11
15.686500000000024,15.247551,Validation,2014,2014-09-29,-0.014189833596328671,exper2_11
15.04000000000002,14.89626,Validation,2014,2014-09-30,-0.00480152621632113,exper2_11
14.534500000000037,14.093678,Validation,2014,2014-10-01,-0.01539816883451231,exper2_11
14.677999999999997,14.3446455,Validation,2014,2014-10-02,-0.011486013561885276,exper2_11
14.225000000000023,13.929551,Validation,2014,2014-10-03,-0.010493822974481964,exper2_11
13.450499999999977,12.117244,Validation,2014,2014-10-04,-0.05214602607788012,exper2_11
12.748000000000047,11.792184,Validation,2014,2014-10-05,-0.038949020463361725,exper2_11
12.280500000000018,11.709154,Validation,2014,2014-10-06,-0.023816344658356227,exper2_11
12.004000000000019,11.5538645,Validation,2014,2014-10-07,-0.01910765389346293,exper2_11
11.522500000000036,11.288269,Validation,2014,2014-10-08,-0.010268437534484878,exper2_11
11.14450000000005,11.116614,Validation,2014,2014-10-09,-0.0012526622807884176,exper2_11
10.974000000000046,10.928273,Validation,2014,2014-10-10,-0.0020877649818198977,exper2_11
10.987500000000011,11.52139,Validation,2014,2014-10-11,0.023719071094218856,exper2_11
10.725999999999999,11.232069,Validation,2014,2014-10-12,0.02304706370790772,exper2_11
10.674500000000023,11.298016,Validation,2014,2014-10-13,0.02837706915265409,exper2_11
10.503499999999974,10.752587,Validation,2014,2014-10-14,0.011718399284358352,exper2_11
10.322000000000003,10.251937,Validation,2014,2014-10-15,-0.003405429294414189,exper2_11
10.422000000000025,10.229041,Validation,2014,2014-10-16,-0.009343785600034741,exper2_11
10.23150000000004,10.286235,Validation,2014,2014-10-17,0.0026676851044665113,exper2_11
9.931500000000028,9.2215185,Validation,2014,2014-10-18,-0.03706890811212658,exper2_11
9.717000000000041,9.37243,Validation,2014,2014-10-19,-0.01805031135196315,exper2_11
9.632000000000005,9.486987,Validation,2014,2014-10-20,-0.007584757768968884,exper2_11
9.534000000000049,9.104529,Validation,2014,2014-10-21,-0.02304208719622236,exper2_11
9.388500000000022,8.674201,Validation,2014,2014-10-22,-0.03954552466329901,exper2_11
9.300000000000011,8.946213,Validation,2014,2014-10-23,-0.019389625449015725,exper2_11
9.297000000000025,8.648927,Validation,2014,2014-10-24,-0.036112554935070686,exper2_11
9.304500000000019,8.699622,Validation,2014,2014-10-25,-0.033596630848334266,exper2_11
9.325499999999977,8.639765,Validation,2014,2014-10-26,-0.03817005885583528,exper2_11
9.188000000000045,8.776571,Validation,2014,2014-10-27,-0.02290222905549026,exper2_11
9.076999999999998,8.323142,Validation,2014,2014-10-28,-0.04332481574365701,exper2_11
8.809500000000014,7.9659705,Validation,2014,2014-10-29,-0.050283506681994015,exper2_11
8.610500000000002,8.011953,Validation,2014,2014-10-30,-0.03600832159823071,exper2_11
8.097000000000037,6.9492526,Validation,2014,2014-10-31,-0.07628127911045214,exper2_11
7.848000000000013,7.008033,Validation,2014,2014-11-01,-0.0565404783774193,exper2_11
7.6445000000000505,6.7001038,Validation,2014,2014-11-02,-0.06583634208728067,exper2_11
7.541999999999973,6.921965,Validation,2014,2014-11-03,-0.0428675589672456,exper2_11
7.410000000000025,7.0290985,Validation,2014,2014-11-04,-0.026379866372852806,exper2_11
6.9950000000000045,6.710947,Validation,2014,2014-11-05,-0.020724796505877763,exper2_11
,6.564998,Validation,2014,2014-11-06,,exper2_11
,6.442044,Validation,2014,2014-11-07,,exper2_11
,6.275637,Validation,2014,2014-11-08,,exper2_11
,6.005568,Validation,2014,2014-11-09,,exper2_11
,6.3139634,Validation,2014,2014-11-10,,exper2_11
,5.5954514,Validation,2014,2014-11-11,,exper2_11
,5.3484864,Validation,2014,2014-11-12,,exper2_11
,5.0347905,Validation,2014,2014-11-13,,exper2_11
,4.628737,Validation,2014,2014-11-14,,exper2_11
,4.0272517,Validation,2014,2014-11-15,,exper2_11
,3.5090828,Validation,2014,2014-11-16,,exper2_11
,3.3733711,Validation,2014,2014-11-17,,exper2_11
,3.4115336,Validation,2014,2014-11-18,,exper2_11
,3.3921332,Validation,2014,2014-11-19,,exper2_11
,3.4717574,Validation,2014,2014-11-20,,exper2_11
,3.4949875,Validation,2014,2014-11-21,,exper2_11
,3.7118363,Validation,2014,2014-11-22,,exper2_11
,3.747435,Validation,2014,2014-11-23,,exper2_11
,3.8647845,Validation,2014,2014-11-24,,exper2_11
,3.672483,Validation,2014,2014-11-25,,exper2_11
,3.5557797,Validation,2014,2014-11-26,,exper2_11
,3.5581093,Validation,2014,2014-11-27,,exper2_11
,3.4347928,Validation,2014,2014-11-28,,exper2_11
,3.5022979,Validation,2014,2014-11-29,,exper2_11
,3.5536108,Validation,2014,2014-11-30,,exper2_11
,3.491364,Validation,2014,2014-12-01,,exper2_11
,3.3900433,Validation,2014,2014-12-02,,exper2_11
,3.4543357,Validation,2014,2014-12-03,,exper2_11
,3.4698217,Validation,2014,2014-12-04,,exper2_11
,3.6469774,Validation,2014,2014-12-05,,exper2_11
,3.540693,Validation,2014,2014-12-06,,exper2_11
,3.4320498,Validation,2014,2014-12-07,,exper2_11
,3.667395,Validation,2014,2014-12-08,,exper2_11
,3.6930711,Validation,2014,2014-12-09,,exper2_11
,3.5199757,Validation,2014,2014-12-10,,exper2_11
,3.4724784,Validation,2014,2014-12-11,,exper2_11
,3.5727015,Validation,2014,2014-12-12,,exper2_11
,3.7003348,Validation,2014,2014-12-13,,exper2_11
,3.9378898,Validation,2014,2014-12-14,,exper2_11
,4.314191,Validation,2014,2014-12-15,,exper2_11
,4.638617,Validation,2014,2014-12-16,,exper2_11
,4.309775,Validation,2014,2014-12-17,,exper2_11
,4.185064,Validation,2014,2014-12-18,,exper2_11
,3.9145858,Validation,2014,2014-12-19,,exper2_11
,3.9570673,Validation,2014,2014-12-20,,exper2_11
,3.8289638,Validation,2014,2014-12-21,,exper2_11
,3.9542978,Validation,2014,2014-12-22,,exper2_11
,4.112539,Validation,2014,2014-12-23,,exper2_11
,4.323971,Validation,2014,2014-12-24,,exper2_11
,4.454427,Validation,2014,2014-12-25,,exper2_11
,4.6260085,Validation,2014,2014-12-26,,exper2_11
,4.6947017,Validation,2014,2014-12-27,,exper2_11
,4.243798,Validation,2014,2014-12-28,,exper2_11
,4.0825615,Validation,2014,2014-12-29,,exper2_11
,4.014407,Validation,2014,2014-12-30,,exper2_11
,3.669347,Validation,2014,2014-12-31,,exper2_11
,3.825525,Validation,2015,2015-01-01,,exper2_11
,3.6039395,Validation,2015,2015-01-02,,exper2_11
,3.2548575,Validation,2015,2015-01-03,,exper2_11
,2.923623,Validation,2015,2015-01-04,,exper2_11
,3.0400171,Validation,2015,2015-01-05,,exper2_11
,3.063562,Validation,2015,2015-01-06,,exper2_11
,3.095902,Validation,2015,2015-01-07,,exper2_11
,2.9464111,Validation,2015,2015-01-08,,exper2_11
,2.8794072,Validation,2015,2015-01-09,,exper2_11
,2.999496,Validation,2015,2015-01-10,,exper2_11
,2.8493838,Validation,2015,2015-01-11,,exper2_11
,2.8480592,Validation,2015,2015-01-12,,exper2_11
,3.0052524,Validation,2015,2015-01-13,,exper2_11
,2.8669686,Validation,2015,2015-01-14,,exper2_11
,2.6997342,Validation,2015,2015-01-15,,exper2_11
,2.5552545,Validation,2015,2015-01-16,,exper2_11
,2.5470738,Validation,2015,2015-01-17,,exper2_11
,2.4709773,Validation,2015,2015-01-18,,exper2_11
,2.381867,Validation,2015,2015-01-19,,exper2_11
,2.3048291,Validation,2015,2015-01-20,,exper2_11
,2.261286,Validation,2015,2015-01-21,,exper2_11
,2.1857774,Validation,2015,2015-01-22,,exper2_11
,2.3232722,Validation,2015,2015-01-23,,exper2_11
,2.3317347,Validation,2015,2015-01-24,,exper2_11
,2.267023,Validation,2015,2015-01-25,,exper2_11
,2.3922062,Validation,2015,2015-01-26,,exper2_11
,2.3724918,Validation,2015,2015-01-27,,exper2_11
,2.3375285,Validation,2015,2015-01-28,,exper2_11
,2.3058667,Validation,2015,2015-01-29,,exper2_11
,2.3069394,Validation,2015,2015-01-30,,exper2_11
,2.4114072,Validation,2015,2015-01-31,,exper2_11
,2.4906132,Validation,2015,2015-02-01,,exper2_11
,2.6334176,Validation,2015,2015-02-02,,exper2_11
,2.8487978,Validation,2015,2015-02-03,,exper2_11
,3.1254876,Validation,2015,2015-02-04,,exper2_11
,3.6977143,Validation,2015,2015-02-05,,exper2_11
,3.5895193,Validation,2015,2015-02-06,,exper2_11
,3.3114023,Validation,2015,2015-02-07,,exper2_11
,3.0564356,Validation,2015,2015-02-08,,exper2_11
,2.721016,Validation,2015,2015-02-09,,exper2_11
,3.0093396,Validation,2015,2015-02-10,,exper2_11
,2.9569235,Validation,2015,2015-02-11,,exper2_11
,3.379271,Validation,2015,2015-02-12,,exper2_11
,3.5186381,Validation,2015,2015-02-13,,exper2_11
,3.7469034,Validation,2015,2015-02-14,,exper2_11
,4.016795,Validation,2015,2015-02-15,,exper2_11
,4.194324,Validation,2015,2015-02-16,,exper2_11
,4.3067193,Validation,2015,2015-02-17,,exper2_11
,4.4303737,Validation,2015,2015-02-18,,exper2_11
,4.4859176,Validation,2015,2015-02-19,,exper2_11
,4.661818,Validation,2015,2015-02-20,,exper2_11
,4.029847,Validation,2015,2015-02-21,,exper2_11
,4.163257,Validation,2015,2015-02-22,,exper2_11
,4.309948,Validation,2015,2015-02-23,,exper2_11
,4.325947,Validation,2015,2015-02-24,,exper2_11
,4.4629526,Validation,2015,2015-02-25,,exper2_11
,4.5293527,Validation,2015,2015-02-26,,exper2_11
,4.5470634,Validation,2015,2015-02-27,,exper2_11
,4.583035,Validation,2015,2015-02-28,,exper2_11
,4.591935,Validation,2015,2015-03-01,,exper2_11
,4.5659556,Validation,2015,2015-03-02,,exper2_11
,5.0342116,Validation,2015,2015-03-03,,exper2_11
,4.516598,Validation,2015,2015-03-04,,exper2_11
,4.352444,Validation,2015,2015-03-05,,exper2_11
,4.571998,Validation,2015,2015-03-06,,exper2_11
,4.5217376,Validation,2015,2015-03-07,,exper2_11
,4.6844144,Validation,2015,2015-03-08,,exper2_11
,4.924554,Validation,2015,2015-03-09,,exper2_11
,4.9561677,Validation,2015,2015-03-10,,exper2_11
,5.042778,Validation,2015,2015-03-11,,exper2_11
,4.824884,Validation,2015,2015-03-12,,exper2_11
,4.8035855,Validation,2015,2015-03-13,,exper2_11
,4.746142,Validation,2015,2015-03-14,,exper2_11
,4.824881,Validation,2015,2015-03-15,,exper2_11
,5.773963,Validation,2015,2015-03-16,,exper2_11
,4.7026563,Validation,2015,2015-03-17,,exper2_11
,4.8102775,Validation,2015,2015-03-18,,exper2_11
,4.805966,Validation,2015,2015-03-19,,exper2_11
,4.8001037,Validation,2015,2015-03-20,,exper2_11
,4.8594327,Validation,2015,2015-03-21,,exper2_11
,4.8343034,Validation,2015,2015-03-22,,exper2_11
,4.7679477,Validation,2015,2015-03-23,,exper2_11
,4.826487,Validation,2015,2015-03-24,,exper2_11
,5.6980176,Validation,2015,2015-03-25,,exper2_11
,4.629418,Validation,2015,2015-03-26,,exper2_11
,4.443236,Validation,2015,2015-03-27,,exper2_11
,4.387749,Validation,2015,2015-03-28,,exper2_11
,5.348245,Validation,2015,2015-03-29,,exper2_11
,4.3733344,Validation,2015,2015-03-30,,exper2_11
,4.248094,Validation,2015,2015-03-31,,exper2_11
,4.197947,Validation,2015,2015-04-01,,exper2_11
,3.7602677,Validation,2015,2015-04-02,,exper2_11
,3.603702,Validation,2015,2015-04-03,,exper2_11
,3.337121,Validation,2015,2015-04-04,,exper2_11
,3.237303,Validation,2015,2015-04-05,,exper2_11
,3.1318264,Validation,2015,2015-04-06,,exper2_11
,3.5054717,Validation,2015,2015-04-07,,exper2_11
,3.3996975,Validation,2015,2015-04-08,,exper2_11
,3.5564766,Validation,2015,2015-04-09,,exper2_11
,3.5086942,Validation,2015,2015-04-10,,exper2_11
,3.6714563,Validation,2015,2015-04-11,,exper2_11
,3.4472497,Validation,2015,2015-04-12,,exper2_11
,3.2203226,Validation,2015,2015-04-13,,exper2_11
,3.490291,Validation,2015,2015-04-14,,exper2_11
,3.49089,Validation,2015,2015-04-15,,exper2_11
,3.605296,Validation,2015,2015-04-16,,exper2_11
,3.9342442,Validation,2015,2015-04-17,,exper2_11
,4.1731906,Validation,2015,2015-04-18,,exper2_11
,3.8692849,Validation,2015,2015-04-19,,exper2_11
,4.134826,Validation,2015,2015-04-20,,exper2_11
,3.4492223,Validation,2015,2015-04-21,,exper2_11
,3.053829,Validation,2015,2015-04-22,,exper2_11
,3.1177723,Validation,2015,2015-04-23,,exper2_11
,3.432797,Validation,2015,2015-04-24,,exper2_11
,3.3485522,Validation,2015,2015-04-25,,exper2_11
,3.8219233,Validation,2015,2015-04-26,,exper2_11
,3.9913893,Validation,2015,2015-04-27,,exper2_11
,4.417751,Validation,2015,2015-04-28,,exper2_11
,4.2964916,Validation,2015,2015-04-29,,exper2_11
,4.277643,Validation,2015,2015-04-30,,exper2_11
,5.274633,Validation,2015,2015-05-01,,exper2_11
,6.1565814,Validation,2015,2015-05-02,,exper2_11
,7.5280194,Validation,2015,2015-05-03,,exper2_11
,7.810058,Validation,2015,2015-05-04,,exper2_11
,8.22141,Validation,2015,2015-05-05,,exper2_11
,7.8180757,Validation,2015,2015-05-06,,exper2_11
,8.270906,Validation,2015,2015-05-07,,exper2_11
,9.066948,Validation,2015,2015-05-08,,exper2_11
,8.3833,Validation,2015,2015-05-09,,exper2_11
,7.6999774,Validation,2015,2015-05-10,,exper2_11
,8.077576,Validation,2015,2015-05-11,,exper2_11
,8.244124,Validation,2015,2015-05-12,,exper2_11
,8.192692,Validation,2015,2015-05-13,,exper2_11
,8.923175,Validation,2015,2015-05-14,,exper2_11
,8.517737,Validation,2015,2015-05-15,,exper2_11
,8.439756,Validation,2015,2015-05-16,,exper2_11
,7.6706195,Validation,2015,2015-05-17,,exper2_11
,8.337451,Validation,2015,2015-05-18,,exper2_11
,7.1935363,Validation,2015,2015-05-19,,exper2_11
,7.9808,Validation,2015,2015-05-20,,exper2_11
,8.547603,Validation,2015,2015-05-21,,exper2_11
,9.205045,Validation,2015,2015-05-22,,exper2_11
,10.573482,Validation,2015,2015-05-23,,exper2_11
,11.216564,Validation,2015,2015-05-24,,exper2_11
,11.560233,Validation,2015,2015-05-25,,exper2_11
,12.277144,Validation,2015,2015-05-26,,exper2_11
,12.122073,Validation,2015,2015-05-27,,exper2_11
,13.498889,Validation,2015,2015-05-28,,exper2_11
,13.310958,Validation,2015,2015-05-29,,exper2_11
,12.449648,Validation,2015,2015-05-30,,exper2_11
,12.073277,Validation,2015,2015-05-31,,exper2_11
,11.9609,Validation,2015,2015-06-01,,exper2_11
,11.937409,Validation,2015,2015-06-02,,exper2_11
,12.338932,Validation,2015,2015-06-03,,exper2_11
,13.399046,Validation,2015,2015-06-04,,exper2_11
,13.384984,Validation,2015,2015-06-05,,exper2_11
,13.44344,Validation,2015,2015-06-06,,exper2_11
,14.022106,Validation,2015,2015-06-07,,exper2_11
,15.068652,Validation,2015,2015-06-08,,exper2_11
,15.796035,Validation,2015,2015-06-09,,exper2_11
,16.187399,Validation,2015,2015-06-10,,exper2_11
,16.548012,Validation,2015,2015-06-11,,exper2_11
,17.123352,Validation,2015,2015-06-12,,exper2_11
,17.089468,Validation,2015,2015-06-13,,exper2_11
,17.911755,Validation,2015,2015-06-14,,exper2_11
,17.937683,Validation,2015,2015-06-15,,exper2_11
,18.51453,Validation,2015,2015-06-16,,exper2_11
,11.382166,Validation,2015,2015-06-17,,exper2_11
,16.674915,Validation,2015,2015-06-18,,exper2_11
,17.784431,Validation,2015,2015-06-19,,exper2_11
,16.70616,Validation,2015,2015-06-20,,exper2_11
,17.538958,Validation,2015,2015-06-21,,exper2_11
,17.707426,Validation,2015,2015-06-22,,exper2_11
,17.609682,Validation,2015,2015-06-23,,exper2_11
,18.46695,Validation,2015,2015-06-24,,exper2_11
,18.734379,Validation,2015,2015-06-25,,exper2_11
,18.703995,Validation,2015,2015-06-26,,exper2_11
,19.3278,Validation,2015,2015-06-27,,exper2_11
,19.579054,Validation,2015,2015-06-28,,exper2_11
,19.323284,Validation,2015,2015-06-29,,exper2_11
,18.64241,Validation,2015,2015-06-30,,exper2_11
,18.109882,Validation,2015,2015-07-01,,exper2_11
,18.279547,Validation,2015,2015-07-02,,exper2_11
,18.571964,Validation,2015,2015-07-03,,exper2_11
,19.29549,Validation,2015,2015-07-04,,exper2_11
,19.171412,Validation,2015,2015-07-05,,exper2_11
,20.613987,Validation,2015,2015-07-06,,exper2_11
,19.305973,Validation,2015,2015-07-07,,exper2_11
,19.093822,Validation,2015,2015-07-08,,exper2_11
,19.57307,Validation,2015,2015-07-09,,exper2_11
,20.180264,Validation,2015,2015-07-10,,exper2_11
,20.758135,Validation,2015,2015-07-11,,exper2_11
,21.110855,Validation,2015,2015-07-12,,exper2_11
,21.808405,Validation,2015,2015-07-13,,exper2_11
,20.892038,Validation,2015,2015-07-14,,exper2_11
,20.472218,Validation,2015,2015-07-15,,exper2_11
,20.647787,Validation,2015,2015-07-16,,exper2_11
,20.993557,Validation,2015,2015-07-17,,exper2_11
,21.446817,Validation,2015,2015-07-18,,exper2_11
,21.656805,Validation,2015,2015-07-19,,exper2_11
,21.72453,Validation,2015,2015-07-20,,exper2_11
,20.646975,Validation,2015,2015-07-21,,exper2_11
,21.516117,Validation,2015,2015-07-22,,exper2_11
23.589,22.017334,Validation,2015,2015-07-23,-0.03446157317015353,exper2_11
23.251750000000015,22.081253,Validation,2015,2015-07-24,-0.02581997373758401,exper2_11
23.89100000000002,22.514559,Validation,2015,2015-07-25,-0.029661127755230506,exper2_11
24.61450000000002,22.999199,Validation,2015,2015-07-26,-0.033925133381420496,exper2_11
24.97920000000005,23.226936,Validation,2015,2015-07-27,-0.03634939019582805,exper2_11
24.436000000000035,23.245937,Validation,2015,2015-07-28,-0.024958353598703235,exper2_11
23.563199999999995,23.065228,Validation,2015,2015-07-29,-0.010679590071181721,exper2_11
22.95440000000002,22.868448,Validation,2015,2015-07-30,-0.0018757398508017146,exper2_11
22.65640000000002,22.602945,Validation,2015,2015-07-31,-0.001181074800223522,exper2_11
22.535799999999995,22.45053,Validation,2015,2015-08-01,-0.001895484766105875,exper2_11
22.524,22.29453,Validation,2015,2015-08-02,-0.0051199610300223216,exper2_11
22.142600000000016,21.782127,Validation,2015,2015-08-03,-0.008206598905153559,exper2_11
21.765600000000006,21.271877,Validation,2015,2015-08-04,-0.011471924989198235,exper2_11
22.218000000000018,21.433159,Validation,2015,2015-08-05,-0.01797984625664942,exper2_11
21.95920000000001,21.288174,Validation,2015,2015-08-06,-0.015516001722954718,exper2_11
21.708600000000047,19.29298,Validation,2015,2015-08-07,-0.05891528556883109,exper2_11
21.524200000000008,19.985176,Validation,2015,2015-08-08,-0.03707653688578352,exper2_11
21.53340000000003,19.733051,Validation,2015,2015-08-09,-0.0436274175082525,exper2_11
21.710800000000006,20.042944,Validation,2015,2015-08-10,-0.03994506570119844,exper2_11
21.727400000000046,20.090855,Validation,2015,2015-08-11,-0.03913471208031674,exper2_11
21.93900000000002,20.45384,Validation,2015,2015-08-12,-0.035033268243019396,exper2_11
22.319600000000037,20.641972,Validation,2015,2015-08-13,-0.0390495121535219,exper2_11
23.157600000000002,20.989574,Validation,2015,2015-08-14,-0.04910904481436406,exper2_11
24.0634,21.19978,Validation,2015,2015-08-15,-0.06326600385723644,exper2_11
23.62960000000004,21.286901,Validation,2015,2015-08-16,-0.05215674527449873,exper2_11
23.724400000000003,21.296982,Validation,2015,2015-08-17,-0.05391700767068095,exper2_11
23.089999999999975,20.347136,Validation,2015,2015-08-18,-0.0631456108197901,exper2_11
22.436000000000035,20.206884,Validation,2015,2015-08-19,-0.05227403464933127,exper2_11
21.734000000000037,19.507057,Validation,2015,2015-08-20,-0.05399819892594254,exper2_11
21.314400000000035,19.88863,Validation,2015,2015-08-21,-0.03460352526668646,exper2_11
21.2158,20.229181,Validation,2015,2015-08-22,-0.023805505024392253,exper2_11
20.78400000000005,19.437527,Validation,2015,2015-08-23,-0.033476434324974214,exper2_11
19.899999999999977,18.610472,Validation,2015,2015-08-24,-0.03348513317959307,exper2_11
19.022000000000048,17.755096,Validation,2015,2015-08-25,-0.0344481671268819,exper2_11
18.97720000000004,18.21709,Validation,2015,2015-08-26,-0.020436184718465315,exper2_11
19.26060000000001,18.678589,Validation,2015,2015-08-27,-0.01534063194787686,exper2_11
19.4144,18.180124,Validation,2015,2015-08-28,-0.03283126308175077,exper2_11
19.912400000000048,18.79089,Validation,2015,2015-08-29,-0.028977130046157547,exper2_11
19.961000000000013,19.097355,Validation,2015,2015-08-30,-0.02211166121922565,exper2_11
20.372599999999977,19.19984,Validation,2015,2015-08-31,-0.029635762621026143,exper2_11
20.983400000000017,19.471455,Validation,2015,2015-09-01,-0.03737364511199384,exper2_11
21.148600000000044,18.84364,Validation,2015,2015-09-02,-0.057635197786198,exper2_11
21.408200000000022,19.051907,Validation,2015,2015-09-03,-0.0582374495063699,exper2_11
21.56400000000002,19.420036,Validation,2015,2015-09-04,-0.052312165340565736,exper2_11
22.181399999999996,19.175503,Validation,2015,2015-09-05,-0.07268187463411381,exper2_11
22.39960000000002,19.136395,Validation,2015,2015-09-06,-0.07856331691323909,exper2_11
22.815999999999974,19.142483,Validation,2015,2015-09-07,-0.08755124115561586,exper2_11
22.342399999999998,19.202106,Validation,2015,2015-09-08,-0.07558865877963653,exper2_11
21.835800000000006,19.134268,Validation,2015,2015-09-09,-0.06593916821712326,exper2_11
21.399800000000027,19.135994,Validation,2015,2015-09-10,-0.05584708775786913,exper2_11
20.69720000000001,18.63594,Validation,2015,2015-09-11,-0.05240515807604582,exper2_11
20.23580000000004,18.227657,Validation,2015,2015-09-12,-0.05220910500260785,exper2_11
20.009000000000015,18.361567,Validation,2015,2015-09-13,-0.04293482230839233,exper2_11
19.84159999999997,18.879644,Validation,2015,2015-09-14,-0.024843096370892905,exper2_11
19.96900000000005,18.647724,Validation,2015,2015-09-15,-0.03421511993615309,exper2_11
19.949400000000026,19.31491,Validation,2015,2015-09-16,-0.016159435807421907,exper2_11
19.945400000000006,18.633879,Validation,2015,2015-09-17,-0.0339954850386092,exper2_11
19.90840000000003,18.698719,Validation,2015,2015-09-18,-0.031333106585062886,exper2_11
19.59680000000003,18.490961,Validation,2015,2015-09-19,-0.0290339703349415,exper2_11
19.428800000000024,18.377571,Validation,2015,2015-09-20,-0.027805601629862675,exper2_11
19.23660000000001,18.29967,Validation,2015,2015-09-21,-0.02496067810095117,exper2_11
19.08760000000001,17.954294,Validation,2015,2015-09-22,-0.030595244104550477,exper2_11
18.911,17.67455,Validation,2015,2015-09-23,-0.03379615524542549,exper2_11
18.84159999999997,17.302975,Validation,2015,2015-09-24,-0.042568637528684096,exper2_11
19.19500000000005,17.409384,Validation,2015,2015-09-25,-0.04878148577040738,exper2_11
19.12700000000001,17.152712,Validation,2015,2015-09-26,-0.054418517403929494,exper2_11
19.124400000000037,17.004297,Validation,2015,2015-09-27,-0.05868195934329329,exper2_11
19.075000000000045,16.649702,Validation,2015,2015-09-28,-0.06788854174231508,exper2_11
18.663200000000018,16.599945,Validation,2015,2015-09-29,-0.058510235761470464,exper2_11
18.373000000000047,16.296072,Validation,2015,2015-09-30,-0.05990722778508467,exper2_11
18.020399999999995,15.930584,Validation,2015,2015-10-01,-0.06155391693456749,exper2_11
17.505800000000022,15.50954,Validation,2015,2015-10-02,-0.060464633099210734,exper2_11
17.036999999999978,14.807621,Validation,2015,2015-10-03,-0.07000802420128936,exper2_11
16.697600000000023,14.5009165,Validation,2015,2015-10-04,-0.07040987094109011,exper2_11
16.50060000000002,14.471139,Validation,2015,2015-10-05,-0.06552622210980703,exper2_11
16.42960000000005,14.104516,Validation,2015,2015-10-06,-0.07614708637402888,exper2_11
16.28720000000004,14.334659,Validation,2015,2015-10-07,-0.06376299366127504,exper2_11
15.891999999999996,14.035774,Validation,2015,2015-10-08,-0.06202351550496866,exper2_11
15.624600000000044,13.411232,Validation,2015,2015-10-09,-0.07622884736971086,exper2_11
15.432800000000043,13.657306,Validation,2015,2015-10-10,-0.06103430148298208,exper2_11
15.505200000000002,13.762857,Validation,2015,2015-10-11,-0.059530516044963726,exper2_11
15.355200000000025,13.281478,Validation,2015,2015-10-12,-0.07241489662455158,exper2_11
14.883200000000045,13.208278,Validation,2015,2015-10-13,-0.05962385871674823,exper2_11
14.482400000000041,13.082023,Validation,2015,2015-10-14,-0.050803796980987005,exper2_11
14.190400000000011,12.636845,Validation,2015,2015-10-15,-0.05790961338470231,exper2_11
13.548400000000015,12.10853,Validation,2015,2015-10-16,-0.056120118538885246,exper2_11
12.973400000000026,11.704221,Validation,2015,2015-10-17,-0.05143037247988462,exper2_11
12.707600000000014,11.273484,Validation,2015,2015-10-18,-0.05980195708424092,exper2_11
12.508600000000001,11.322514,Validation,2015,2015-10-19,-0.04977049921230312,exper2_11
12.467000000000041,11.152301,Validation,2015,2015-10-20,-0.055662069531510684,exper2_11
12.345199999999977,10.939385,Validation,2015,2015-10-21,-0.060375332473118895,exper2_11
12.285799999999995,10.770459,Validation,2015,2015-10-22,-0.06572362035754706,exper2_11
11.946000000000026,10.817242,Validation,2015,2015-10-23,-0.04958688870974228,exper2_11
11.794200000000046,10.821608,Validation,2015,2015-10-24,-0.04300498252913964,exper2_11
11.619799999999998,10.291048,Validation,2015,2015-10-25,-0.06064356555462863,exper2_11
11.411000000000001,10.447295,Validation,2015,2015-10-26,-0.04408874538328176,exper2_11
11.346400000000017,9.8981,Validation,2015,2015-10-27,-0.06817294394189484,exper2_11
11.146399999999971,10.04534,Validation,2015,2015-10-28,-0.05195705672329441,exper2_11
10.882000000000005,9.157909,Validation,2015,2015-10-29,-0.08603285438331225,exper2_11
10.637200000000007,9.470695,Validation,2015,2015-10-30,-0.058012312310288444,exper2_11
10.487199999999973,9.047814,Validation,2015,2015-10-31,-0.07368234307867255,exper2_11
10.356800000000021,8.965442,Validation,2015,2015-11-01,-0.07200811984099455,exper2_11
10.3596,8.738769,Validation,2015,2015-11-02,-0.08486753283876891,exper2_11
10.388400000000047,8.675325,Validation,2015,2015-11-03,-0.08986043236289451,exper2_11
,8.595112,Validation,2015,2015-11-04,,exper2_11
,8.595344,Validation,2015,2015-11-05,,exper2_11
,8.248234,Validation,2015,2015-11-06,,exper2_11
,7.7702374,Validation,2015,2015-11-07,,exper2_11
,7.6458526,Validation,2015,2015-11-08,,exper2_11
,7.6386085,Validation,2015,2015-11-09,,exper2_11
,7.516913,Validation,2015,2015-11-10,,exper2_11
,7.47961,Validation,2015,2015-11-11,,exper2_11
,7.4563494,Validation,2015,2015-11-12,,exper2_11
,6.8136754,Validation,2015,2015-11-13,,exper2_11
,6.907909,Validation,2015,2015-11-14,,exper2_11
,6.767637,Validation,2015,2015-11-15,,exper2_11
,6.880669,Validation,2015,2015-11-16,,exper2_11
,6.7945266,Validation,2015,2015-11-17,,exper2_11
,6.8372507,Validation,2015,2015-11-18,,exper2_11
,6.3934245,Validation,2015,2015-11-19,,exper2_11
,6.0888314,Validation,2015,2015-11-20,,exper2_11
,6.070087,Validation,2015,2015-11-21,,exper2_11
,5.5689306,Validation,2015,2015-11-22,,exper2_11
,5.6225896,Validation,2015,2015-11-23,,exper2_11
,5.6131287,Validation,2015,2015-11-24,,exper2_11
,5.6806903,Validation,2015,2015-11-25,,exper2_11
,5.990372,Validation,2015,2015-11-26,,exper2_11
,5.5941224,Validation,2015,2015-11-27,,exper2_11
,5.232342,Validation,2015,2015-11-28,,exper2_11
,5.342419,Validation,2015,2015-11-29,,exper2_11
,5.2657757,Validation,2015,2015-11-30,,exper2_11
,5.4248786,Validation,2015,2015-12-01,,exper2_11
,5.2239738,Validation,2015,2015-12-02,,exper2_11
,5.3538747,Validation,2015,2015-12-03,,exper2_11
,5.1640058,Validation,2015,2015-12-04,,exper2_11
,5.1729684,Validation,2015,2015-12-05,,exper2_11
,5.454288,Validation,2015,2015-12-06,,exper2_11
,5.1114693,Validation,2015,2015-12-07,,exper2_11
,5.4307203,Validation,2015,2015-12-08,,exper2_11
,5.495278,Validation,2015,2015-12-09,,exper2_11
,5.7881694,Validation,2015,2015-12-10,,exper2_11
,5.920752,Validation,2015,2015-12-11,,exper2_11
,6.079122,Validation,2015,2015-12-12,,exper2_11
,6.2574334,Validation,2015,2015-12-13,,exper2_11
,6.0526586,Validation,2015,2015-12-14,,exper2_11
,6.1008496,Validation,2015,2015-12-15,,exper2_11
,5.9941726,Validation,2015,2015-12-16,,exper2_11
,5.623292,Validation,2015,2015-12-17,,exper2_11
,5.0742965,Validation,2015,2015-12-18,,exper2_11
,4.713511,Validation,2015,2015-12-19,,exper2_11
,4.9654117,Validation,2015,2015-12-20,,exper2_11
,4.794104,Validation,2015,2015-12-21,,exper2_11
,4.947777,Validation,2015,2015-12-22,,exper2_11
,5.226668,Validation,2015,2015-12-23,,exper2_11
,4.8452044,Validation,2015,2015-12-24,,exper2_11
,4.450739,Validation,2015,2015-12-25,,exper2_11
,4.6462727,Validation,2015,2015-12-26,,exper2_11
,4.1740823,Validation,2015,2015-12-27,,exper2_11
,3.6027484,Validation,2015,2015-12-28,,exper2_11
,3.5511773,Validation,2015,2015-12-29,,exper2_11
,3.5321207,Validation,2015,2015-12-30,,exper2_11
,3.360679,Validation,2015,2015-12-31,,exper2_11
,3.687403,Validation,2016,2016-01-01,,exper2_11
,3.4003606,Validation,2016,2016-01-02,,exper2_11
,3.1017208,Validation,2016,2016-01-03,,exper2_11
,2.849434,Validation,2016,2016-01-04,,exper2_11
,2.6861587,Validation,2016,2016-01-05,,exper2_11
,2.593419,Validation,2016,2016-01-06,,exper2_11
,2.441069,Validation,2016,2016-01-07,,exper2_11
,2.322363,Validation,2016,2016-01-08,,exper2_11
,2.232626,Validation,2016,2016-01-09,,exper2_11
,2.3958802,Validation,2016,2016-01-10,,exper2_11
,2.5970788,Validation,2016,2016-01-11,,exper2_11
,2.680091,Validation,2016,2016-01-12,,exper2_11
,2.7630641,Validation,2016,2016-01-13,,exper2_11
,2.6606948,Validation,2016,2016-01-14,,exper2_11
,2.4605637,Validation,2016,2016-01-15,,exper2_11
,2.3830583,Validation,2016,2016-01-16,,exper2_11
,2.7037306,Validation,2016,2016-01-17,,exper2_11
,2.8860912,Validation,2016,2016-01-18,,exper2_11
,2.9711866,Validation,2016,2016-01-19,,exper2_11
,2.9933162,Validation,2016,2016-01-20,,exper2_11
,2.912057,Validation,2016,2016-01-21,,exper2_11
,2.7712975,Validation,2016,2016-01-22,,exper2_11
,2.6349397,Validation,2016,2016-01-23,,exper2_11
,2.6854615,Validation,2016,2016-01-24,,exper2_11
,2.6343493,Validation,2016,2016-01-25,,exper2_11
,2.5781274,Validation,2016,2016-01-26,,exper2_11
,2.5794504,Validation,2016,2016-01-27,,exper2_11
,2.4882956,Validation,2016,2016-01-28,,exper2_11
,2.5357442,Validation,2016,2016-01-29,,exper2_11
,2.430161,Validation,2016,2016-01-30,,exper2_11
,2.4836426,Validation,2016,2016-01-31,,exper2_11
,2.4535365,Validation,2016,2016-02-01,,exper2_11
,2.4235258,Validation,2016,2016-02-02,,exper2_11
,2.394256,Validation,2016,2016-02-03,,exper2_11
,2.3350973,Validation,2016,2016-02-04,,exper2_11
,2.2938237,Validation,2016,2016-02-05,,exper2_11
,2.559132,Validation,2016,2016-02-06,,exper2_11
,2.6852384,Validation,2016,2016-02-07,,exper2_11
,2.6428027,Validation,2016,2016-02-08,,exper2_11
,2.5741305,Validation,2016,2016-02-09,,exper2_11
,2.6928077,Validation,2016,2016-02-10,,exper2_11
,3.43069,Validation,2016,2016-02-11,,exper2_11
,3.9222927,Validation,2016,2016-02-12,,exper2_11
,4.1211567,Validation,2016,2016-02-13,,exper2_11
,4.2588983,Validation,2016,2016-02-14,,exper2_11
,4.2218537,Validation,2016,2016-02-15,,exper2_11
,3.876415,Validation,2016,2016-02-16,,exper2_11
,3.8280718,Validation,2016,2016-02-17,,exper2_11
,3.9591703,Validation,2016,2016-02-18,,exper2_11
,3.7330153,Validation,2016,2016-02-19,,exper2_11
,3.45858,Validation,2016,2016-02-20,,exper2_11
,3.2291987,Validation,2016,2016-02-21,,exper2_11
,3.4325037,Validation,2016,2016-02-22,,exper2_11
,3.9096136,Validation,2016,2016-02-23,,exper2_11
,4.135158,Validation,2016,2016-02-24,,exper2_11
,3.644544,Validation,2016,2016-02-25,,exper2_11
,3.7682085,Validation,2016,2016-02-26,,exper2_11
,4.175681,Validation,2016,2016-02-27,,exper2_11
,4.497461,Validation,2016,2016-02-28,,exper2_11
,4.1400027,Validation,2016,2016-02-29,,exper2_11
,4.243291,Validation,2016,2016-03-01,,exper2_11
,4.3618283,Validation,2016,2016-03-02,,exper2_11
,4.5666604,Validation,2016,2016-03-03,,exper2_11
,4.6891904,Validation,2016,2016-03-04,,exper2_11
,5.123733,Validation,2016,2016-03-05,,exper2_11
,4.71862,Validation,2016,2016-03-06,,exper2_11
,4.6372046,Validation,2016,2016-03-07,,exper2_11
,5.4556565,Validation,2016,2016-03-08,,exper2_11
,5.065169,Validation,2016,2016-03-09,,exper2_11
,4.4834366,Validation,2016,2016-03-10,,exper2_11
,4.769378,Validation,2016,2016-03-11,,exper2_11
,4.878852,Validation,2016,2016-03-12,,exper2_11
,5.4805474,Validation,2016,2016-03-13,,exper2_11
,5.3984303,Validation,2016,2016-03-14,,exper2_11
,4.7719016,Validation,2016,2016-03-15,,exper2_11
,4.960638,Validation,2016,2016-03-16,,exper2_11
,5.080067,Validation,2016,2016-03-17,,exper2_11
,4.472795,Validation,2016,2016-03-18,,exper2_11
,4.7037063,Validation,2016,2016-03-19,,exper2_11
,4.6752663,Validation,2016,2016-03-20,,exper2_11
,4.5879984,Validation,2016,2016-03-21,,exper2_11
,4.418158,Validation,2016,2016-03-22,,exper2_11
,4.486572,Validation,2016,2016-03-23,,exper2_11
,4.270069,Validation,2016,2016-03-24,,exper2_11
,4.169994,Validation,2016,2016-03-25,,exper2_11
,5.018196,Validation,2016,2016-03-26,,exper2_11
,5.0409904,Validation,2016,2016-03-27,,exper2_11
,4.2231374,Validation,2016,2016-03-28,,exper2_11
,3.69286,Validation,2016,2016-03-29,,exper2_11
,4.407459,Validation,2016,2016-03-30,,exper2_11
,4.28806,Validation,2016,2016-03-31,,exper2_11
,3.870194,Validation,2016,2016-04-01,,exper2_11
,3.2600381,Validation,2016,2016-04-02,,exper2_11
,3.2841578,Validation,2016,2016-04-03,,exper2_11
,3.0943475,Validation,2016,2016-04-04,,exper2_11
,2.9182348,Validation,2016,2016-04-05,,exper2_11
,3.6312468,Validation,2016,2016-04-06,,exper2_11
,3.196604,Validation,2016,2016-04-07,,exper2_11
,3.0886292,Validation,2016,2016-04-08,,exper2_11
,2.916816,Validation,2016,2016-04-09,,exper2_11
,2.7891383,Validation,2016,2016-04-10,,exper2_11
,2.800901,Validation,2016,2016-04-11,,exper2_11
,3.1023357,Validation,2016,2016-04-12,,exper2_11
,2.846692,Validation,2016,2016-04-13,,exper2_11
,2.9637187,Validation,2016,2016-04-14,,exper2_11
,3.2956963,Validation,2016,2016-04-15,,exper2_11
,3.333012,Validation,2016,2016-04-16,,exper2_11
,4.600344,Validation,2016,2016-04-17,,exper2_11
,5.3273373,Validation,2016,2016-04-18,,exper2_11
,4.847001,Validation,2016,2016-04-19,,exper2_11
,5.361179,Validation,2016,2016-04-20,,exper2_11
,5.5310135,Validation,2016,2016-04-21,,exper2_11
,4.954536,Validation,2016,2016-04-22,,exper2_11
,5.075788,Validation,2016,2016-04-23,,exper2_11
,4.807818,Validation,2016,2016-04-24,,exper2_11
,4.2521777,Validation,2016,2016-04-25,,exper2_11
,3.707453,Validation,2016,2016-04-26,,exper2_11
,3.769492,Validation,2016,2016-04-27,,exper2_11
,3.9439623,Validation,2016,2016-04-28,,exper2_11
,4.610768,Validation,2016,2016-04-29,,exper2_11
,4.690773,Validation,2016,2016-04-30,,exper2_11
,4.7577853,Validation,2016,2016-05-01,,exper2_11
,6.162659,Validation,2016,2016-05-02,,exper2_11
,7.1898303,Validation,2016,2016-05-03,,exper2_11
,7.3908257,Validation,2016,2016-05-04,,exper2_11
,7.2191753,Validation,2016,2016-05-05,,exper2_11
,7.940888,Validation,2016,2016-05-06,,exper2_11
,7.805581,Validation,2016,2016-05-07,,exper2_11
,8.279142,Validation,2016,2016-05-08,,exper2_11
,8.050459,Validation,2016,2016-05-09,,exper2_11
,7.753395,Validation,2016,2016-05-10,,exper2_11
,8.166985,Validation,2016,2016-05-11,,exper2_11
,7.626064,Validation,2016,2016-05-12,,exper2_11
,8.245435,Validation,2016,2016-05-13,,exper2_11
,8.00686,Validation,2016,2016-05-14,,exper2_11
,6.9252896,Validation,2016,2016-05-15,,exper2_11
,7.0562224,Validation,2016,2016-05-16,,exper2_11
,7.498577,Validation,2016,2016-05-17,,exper2_11
,8.794047,Validation,2016,2016-05-18,,exper2_11
,9.666877,Validation,2016,2016-05-19,,exper2_11
,10.221763,Validation,2016,2016-05-20,,exper2_11
,12.218075,Validation,2016,2016-05-21,,exper2_11
,14.079603,Validation,2016,2016-05-22,,exper2_11
,14.804764,Validation,2016,2016-05-23,,exper2_11
,14.507598,Validation,2016,2016-05-24,,exper2_11
,15.308694,Validation,2016,2016-05-25,,exper2_11
,15.337257,Validation,2016,2016-05-26,,exper2_11
,16.039274,Validation,2016,2016-05-27,,exper2_11
,15.628884,Validation,2016,2016-05-28,,exper2_11
,15.318311,Validation,2016,2016-05-29,,exper2_11
,16.082788,Validation,2016,2016-05-30,,exper2_11
,16.820717,Validation,2016,2016-05-31,,exper2_11
,15.870236,Validation,2016,2016-06-01,,exper2_11
,16.203945,Validation,2016,2016-06-02,,exper2_11
,17.013214,Validation,2016,2016-06-03,,exper2_11
,15.91182,Validation,2016,2016-06-04,,exper2_11
,15.702338,Validation,2016,2016-06-05,,exper2_11
,15.35584,Validation,2016,2016-06-06,,exper2_11
,14.65618,Validation,2016,2016-06-07,,exper2_11
,14.514169,Validation,2016,2016-06-08,,exper2_11
,15.1826105,Validation,2016,2016-06-09,,exper2_11
,15.914375,Validation,2016,2016-06-10,,exper2_11
,13.510391,Validation,2016,2016-06-11,,exper2_11
,17.450787,Validation,2016,2016-06-12,,exper2_11
,16.466349,Validation,2016,2016-06-13,,exper2_11
,16.027195,Validation,2016,2016-06-14,,exper2_11
,15.975578,Validation,2016,2016-06-15,,exper2_11
,16.654427,Validation,2016,2016-06-16,,exper2_11
,18.243021,Validation,2016,2016-06-17,,exper2_11
,18.74439,Validation,2016,2016-06-18,,exper2_11
,18.62244,Validation,2016,2016-06-19,,exper2_11
,18.334757,Validation,2016,2016-06-20,,exper2_11
,18.271866,Validation,2016,2016-06-21,,exper2_11
,18.89912,Validation,2016,2016-06-22,,exper2_11
,18.801733,Validation,2016,2016-06-23,,exper2_11
,19.567137,Validation,2016,2016-06-24,,exper2_11
,19.712431,Validation,2016,2016-06-25,,exper2_11
,19.232508,Validation,2016,2016-06-26,,exper2_11
,19.417038,Validation,2016,2016-06-27,,exper2_11
,18.970509,Validation,2016,2016-06-28,,exper2_11
,19.340244,Validation,2016,2016-06-29,,exper2_11
,19.211864,Validation,2016,2016-06-30,,exper2_11
,18.391275,Validation,2016,2016-07-01,,exper2_11
,18.716904,Validation,2016,2016-07-02,,exper2_11
,19.47286,Validation,2016,2016-07-03,,exper2_11
,19.346575,Validation,2016,2016-07-04,,exper2_11
,19.709019,Validation,2016,2016-07-05,,exper2_11
,20.265083,Validation,2016,2016-07-06,,exper2_11
,20.732323,Validation,2016,2016-07-07,,exper2_11
,20.41013,Validation,2016,2016-07-08,,exper2_11
,19.832485,Validation,2016,2016-07-09,,exper2_11
,19.907377,Validation,2016,2016-07-10,,exper2_11
,20.25379,Validation,2016,2016-07-11,,exper2_11
,20.565117,Validation,2016,2016-07-12,,exper2_11
,20.469927,Validation,2016,2016-07-13,,exper2_11
,20.439003,Validation,2016,2016-07-14,,exper2_11
,19.548704,Validation,2016,2016-07-15,,exper2_11
,19.853163,Validation,2016,2016-07-16,,exper2_11
,20.010399,Validation,2016,2016-07-17,,exper2_11
,19.882343,Validation,2016,2016-07-18,,exper2_11
,20.600748,Validation,2016,2016-07-19,,exper2_11
,20.92994,Validation,2016,2016-07-20,,exper2_11
,21.669596,Validation,2016,2016-07-21,,exper2_11
,22.257969,Validation,2016,2016-07-22,,exper2_11
,22.758663,Validation,2016,2016-07-23,,exper2_11
,22.852047,Validation,2016,2016-07-24,,exper2_11
,22.591064,Validation,2016,2016-07-25,,exper2_11
,22.897875,Validation,2016,2016-07-26,,exper2_11
,23.191814,Validation,2016,2016-07-27,,exper2_11
,22.22435,Validation,2016,2016-07-28,,exper2_11
,21.761616,Validation,2016,2016-07-29,,exper2_11
,21.924849,Validation,2016,2016-07-30,,exper2_11
,21.69151,Validation,2016,2016-07-31,,exper2_11
,21.69574,Validation,2016,2016-08-01,,exper2_11
,21.948349,Validation,2016,2016-08-02,,exper2_11
,22.450634,Validation,2016,2016-08-03,,exper2_11
,22.541649,Validation,2016,2016-08-04,,exper2_11
,22.167683,Validation,2016,2016-08-05,,exper2_11
,21.74724,Validation,2016,2016-08-06,,exper2_11
,21.885178,Validation,2016,2016-08-07,,exper2_11
,21.80238,Validation,2016,2016-08-08,,exper2_11
23.93425000000002,21.767864,Validation,2016,2016-08-09,-0.04740230970345908,exper2_11
24.12575000000004,22.306744,Validation,2016,2016-08-10,-0.0391752894640752,exper2_11
24.00475,22.818487,Validation,2016,2016-08-11,-0.025334917113944765,exper2_11
23.747500000000002,22.581726,Validation,2016,2016-08-12,-0.025162818906443618,exper2_11
23.50075000000004,22.48623,Validation,2016,2016-08-13,-0.02206100794232645,exper2_11
23.573750000000018,22.147396,Validation,2016,2016-08-14,-0.031196810106624243,exper2_11
24.22425000000004,22.224705,Validation,2016,2016-08-15,-0.043048229366112974,exper2_11
,22.150764,Validation,2016,2016-08-16,,exper2_11
24.449599999999975,22.10234,Validation,2016,2016-08-17,-0.05042237265623648,exper2_11
24.68960000000004,22.030518,Validation,2016,2016-08-18,-0.056915148328309385,exper2_11
24.29000000000002,22.208218,Validation,2016,2016-08-19,-0.04477122964422936,exper2_11
23.46180000000004,20.399004,Validation,2016,2016-08-20,-0.06982991052045115,exper2_11
22.622000000000014,19.946762,Validation,2016,2016-08-21,-0.06284509541761392,exper2_11
22.163800000000037,20.130136,Validation,2016,2016-08-22,-0.04808404416597758,exper2_11
21.985400000000027,20.293724,Validation,2016,2016-08-23,-0.0400120858118622,exper2_11
22.041600000000017,19.751955,Validation,2016,2016-08-24,-0.0547846424138644,exper2_11
21.886199999999974,20.194504,Validation,2016,2016-08-25,-0.04020123390750616,exper2_11
21.689400000000035,19.78213,Validation,2016,2016-08-26,-0.04598988137254622,exper2_11
21.538800000000037,19.76833,Validation,2016,2016-08-27,-0.04286113307582617,exper2_11
21.912800000000004,19.895084,Validation,2016,2016-08-28,-0.048261605406861086,exper2_11
21.930000000000007,19.755617,Validation,2016,2016-08-29,-0.05216146496965275,exper2_11
22.195600000000013,19.693464,Validation,2016,2016-08-30,-0.05973243288867513,exper2_11
21.771600000000035,19.7151,Validation,2016,2016-08-31,-0.04957012002066698,exper2_11
21.516399999999976,19.671597,Validation,2016,2016-09-01,-0.044789832680659294,exper2_11
21.441400000000044,20.097227,Validation,2016,2016-09-02,-0.032359589071585364,exper2_11
21.14440000000002,19.475079,Validation,2016,2016-09-03,-0.041096574241716144,exper2_11
20.9846,19.582064,Validation,2016,2016-09-04,-0.03457361779396503,exper2_11
20.94640000000004,19.799578,Validation,2016,2016-09-05,-0.0281456563655139,exper2_11
20.997000000000014,19.87685,Validation,2016,2016-09-06,-0.02740504915278535,exper2_11
20.97580000000005,19.345005,Validation,2016,2016-09-07,-0.0404454961444314,exper2_11
20.96120000000002,19.570152,Validation,2016,2016-09-08,-0.03432028883670892,exper2_11
20.877800000000036,19.34214,Validation,2016,2016-09-09,-0.038181553594947605,exper2_11
20.7072,18.938192,Validation,2016,2016-09-10,-0.044620762383829185,exper2_11
,19.206154,Validation,2016,2016-09-11,,exper2_11
19.94840000000005,19.531055,Validation,2016,2016-09-12,-0.010571183031754559,exper2_11
19.920600000000036,19.060232,Validation,2016,2016-09-13,-0.022071561580275127,exper2_11
19.764599999999973,19.003242,Validation,2016,2016-09-14,-0.019638892916675255,exper2_11
19.69300000000004,18.660355,Validation,2016,2016-09-15,-0.026924512761090844,exper2_11
19.563000000000045,18.20749,Validation,2016,2016-09-16,-0.03588804503001974,exper2_11
19.449000000000012,18.137434,Validation,2016,2016-09-17,-0.03489466423078353,exper2_11
19.495000000000005,18.04409,Validation,2016,2016-09-18,-0.038650636404072104,exper2_11
19.36700000000002,18.050215,Validation,2016,2016-09-19,-0.03519196286328743,exper2_11
19.125999999999976,17.957897,Validation,2016,2016-09-20,-0.03149892277645694,exper2_11
18.992999999999995,18.0285,Validation,2016,2016-09-21,-0.026052439989310443,exper2_11
19.009000000000015,17.629616,Validation,2016,2016-09-22,-0.03764837144646168,exper2_11
18.829000000000008,17.786451,Validation,2016,2016-09-23,-0.028472915726354457,exper2_11
18.66900000000004,16.856268,Validation,2016,2016-09-24,-0.05102655593032649,exper2_11
18.519000000000005,16.725782,Validation,2016,2016-09-25,-0.050878952394249444,exper2_11
17.843000000000018,15.530472,Validation,2016,2016-09-26,-0.0692924072142953,exper2_11
17.088000000000022,14.79967,Validation,2016,2016-09-27,-0.07176221294414016,exper2_11
,14.27669,Validation,2016,2016-09-28,,exper2_11
,14.564477,Validation,2016,2016-09-29,,exper2_11
,14.452922,Validation,2016,2016-09-30,,exper2_11
,14.478809,Validation,2016,2016-10-01,,exper2_11
,14.480022,Validation,2016,2016-10-02,,exper2_11
,14.481032,Validation,2016,2016-10-03,,exper2_11
,13.897469,Validation,2016,2016-10-04,,exper2_11
,13.908891,Validation,2016,2016-10-05,,exper2_11
,14.224437,Validation,2016,2016-10-06,,exper2_11
,13.942104,Validation,2016,2016-10-07,,exper2_11
,13.218839,Validation,2016,2016-10-08,,exper2_11
,12.995318,Validation,2016,2016-10-09,,exper2_11
,13.327561,Validation,2016,2016-10-10,,exper2_11
,13.077973,Validation,2016,2016-10-11,,exper2_11
,13.065301,Validation,2016,2016-10-12,,exper2_11
,12.394397,Validation,2016,2016-10-13,,exper2_11
,12.113856,Validation,2016,2016-10-14,,exper2_11
,12.239078,Validation,2016,2016-10-15,,exper2_11
,12.326707,Validation,2016,2016-10-16,,exper2_11
,12.188388,Validation,2016,2016-10-17,,exper2_11
,11.793083,Validation,2016,2016-10-18,,exper2_11
,11.562658,Validation,2016,2016-10-19,,exper2_11
,11.344774,Validation,2016,2016-10-20,,exper2_11
,11.092317,Validation,2016,2016-10-21,,exper2_11
,10.9883585,Validation,2016,2016-10-22,,exper2_11
,10.729018,Validation,2016,2016-10-23,,exper2_11
,10.296189,Validation,2016,2016-10-24,,exper2_11
,10.12225,Validation,2016,2016-10-25,,exper2_11
,10.186112,Validation,2016,2016-10-26,,exper2_11
,9.943725,Validation,2016,2016-10-27,,exper2_11
,9.573585,Validation,2016,2016-10-28,,exper2_11
,9.795627,Validation,2016,2016-10-29,,exper2_11
,9.683475,Validation,2016,2016-10-30,,exper2_11
,9.056042,Validation,2016,2016-10-31,,exper2_11
,9.168593,Validation,2016,2016-11-01,,exper2_11
,9.120436,Validation,2016,2016-11-02,,exper2_11
,9.087942,Validation,2016,2016-11-03,,exper2_11
,8.889318,Validation,2016,2016-11-04,,exper2_11
,8.971515,Validation,2016,2016-11-05,,exper2_11
,8.950531,Validation,2016,2016-11-06,,exper2_11
,8.934681,Validation,2016,2016-11-07,,exper2_11
,8.829201,Validation,2016,2016-11-08,,exper2_11
,8.579832,Validation,2016,2016-11-09,,exper2_11
,8.618819,Validation,2016,2016-11-10,,exper2_11
,8.534151,Validation,2016,2016-11-11,,exper2_11
,8.03395,Validation,2016,2016-11-12,,exper2_11
,8.1354,Validation,2016,2016-11-13,,exper2_11
,7.9871774,Validation,2016,2016-11-14,,exper2_11
,7.992784,Validation,2016,2016-11-15,,exper2_11
,7.7405357,Validation,2016,2016-11-16,,exper2_11
,7.599273,Validation,2016,2016-11-17,,exper2_11
,7.604895,Validation,2016,2016-11-18,,exper2_11
,6.964078,Validation,2016,2016-11-19,,exper2_11
,6.6868534,Validation,2016,2016-11-20,,exper2_11
,6.2701893,Validation,2016,2016-11-21,,exper2_11
,6.081181,Validation,2016,2016-11-22,,exper2_11
,6.0253954,Validation,2016,2016-11-23,,exper2_11
,6.0635543,Validation,2016,2016-11-24,,exper2_11
,6.013578,Validation,2016,2016-11-25,,exper2_11
,5.8296113,Validation,2016,2016-11-26,,exper2_11
,5.5381894,Validation,2016,2016-11-27,,exper2_11
,5.6055827,Validation,2016,2016-11-28,,exper2_11
,5.77651,Validation,2016,2016-11-29,,exper2_11
,5.7596273,Validation,2016,2016-11-30,,exper2_11
,5.824386,Validation,2016,2016-12-01,,exper2_11
,5.9662743,Validation,2016,2016-12-02,,exper2_11
,6.109665,Validation,2016,2016-12-03,,exper2_11
,5.9330974,Validation,2016,2016-12-04,,exper2_11
,5.8278327,Validation,2016,2016-12-05,,exper2_11
,5.853057,Validation,2016,2016-12-06,,exper2_11
,5.1085963,Validation,2016,2016-12-07,,exper2_11
,5.022826,Validation,2016,2016-12-08,,exper2_11
,4.61562,Validation,2016,2016-12-09,,exper2_11
,4.0373936,Validation,2016,2016-12-10,,exper2_11
,3.5411043,Validation,2016,2016-12-11,,exper2_11
,3.3489833,Validation,2016,2016-12-12,,exper2_11
,3.3846765,Validation,2016,2016-12-13,,exper2_11
,3.4172769,Validation,2016,2016-12-14,,exper2_11
,3.456006,Validation,2016,2016-12-15,,exper2_11
,3.4109852,Validation,2016,2016-12-16,,exper2_11
,3.4973257,Validation,2016,2016-12-17,,exper2_11
,3.5939932,Validation,2016,2016-12-18,,exper2_11
,3.5335422,Validation,2016,2016-12-19,,exper2_11
,3.6420503,Validation,2016,2016-12-20,,exper2_11
,3.5776482,Validation,2016,2016-12-21,,exper2_11
,3.6361082,Validation,2016,2016-12-22,,exper2_11
,3.5141537,Validation,2016,2016-12-23,,exper2_11
,3.6836116,Validation,2016,2016-12-24,,exper2_11
,3.7499404,Validation,2016,2016-12-25,,exper2_11
,4.034169,Validation,2016,2016-12-26,,exper2_11
,3.6814504,Validation,2016,2016-12-27,,exper2_11
,3.6128082,Validation,2016,2016-12-28,,exper2_11
,3.6949835,Validation,2016,2016-12-29,,exper2_11
,3.492177,Validation,2016,2016-12-30,,exper2_11
,3.5803246,Validation,2016,2016-12-31,,exper2_11
,3.7138958,Validation,2017,2017-01-01,,exper2_11
,3.281692,Validation,2017,2017-01-02,,exper2_11
,2.97229,Validation,2017,2017-01-03,,exper2_11
,3.0024548,Validation,2017,2017-01-04,,exper2_11
,3.1098094,Validation,2017,2017-01-05,,exper2_11
,3.1601439,Validation,2017,2017-01-06,,exper2_11
,3.1474626,Validation,2017,2017-01-07,,exper2_11
,3.1075892,Validation,2017,2017-01-08,,exper2_11
,2.8415096,Validation,2017,2017-01-09,,exper2_11
,2.5838478,Validation,2017,2017-01-10,,exper2_11
,2.5152082,Validation,2017,2017-01-11,,exper2_11
,2.582452,Validation,2017,2017-01-12,,exper2_11
,2.8303146,Validation,2017,2017-01-13,,exper2_11
,2.762793,Validation,2017,2017-01-14,,exper2_11
,2.7979064,Validation,2017,2017-01-15,,exper2_11
,2.7349992,Validation,2017,2017-01-16,,exper2_11
,2.7588239,Validation,2017,2017-01-17,,exper2_11
,2.6323755,Validation,2017,2017-01-18,,exper2_11
,2.5993285,Validation,2017,2017-01-19,,exper2_11
,2.6618855,Validation,2017,2017-01-20,,exper2_11
,2.5670748,Validation,2017,2017-01-21,,exper2_11
,2.4625,Validation,2017,2017-01-22,,exper2_11
,2.393999,Validation,2017,2017-01-23,,exper2_11
,2.3453133,Validation,2017,2017-01-24,,exper2_11
,2.2966774,Validation,2017,2017-01-25,,exper2_11
,2.2616105,Validation,2017,2017-01-26,,exper2_11
,2.2128754,Validation,2017,2017-01-27,,exper2_11
,2.2219048,Validation,2017,2017-01-28,,exper2_11
,2.2011213,Validation,2017,2017-01-29,,exper2_11
,2.3076088,Validation,2017,2017-01-30,,exper2_11
,2.3070714,Validation,2017,2017-01-31,,exper2_11
,2.2179255,Validation,2017,2017-02-01,,exper2_11
,3.168384,Validation,2017,2017-02-02,,exper2_11
,3.7088892,Validation,2017,2017-02-03,,exper2_11
,3.7611847,Validation,2017,2017-02-04,,exper2_11
,3.3774126,Validation,2017,2017-02-05,,exper2_11
,3.1113207,Validation,2017,2017-02-06,,exper2_11
,3.0064178,Validation,2017,2017-02-07,,exper2_11
,2.7536478,Validation,2017,2017-02-08,,exper2_11
,3.442927,Validation,2017,2017-02-09,,exper2_11
,3.4824638,Validation,2017,2017-02-10,,exper2_11
,3.3503413,Validation,2017,2017-02-11,,exper2_11
,3.0787754,Validation,2017,2017-02-12,,exper2_11
,3.4839988,Validation,2017,2017-02-13,,exper2_11
,3.6962924,Validation,2017,2017-02-14,,exper2_11
,3.4329057,Validation,2017,2017-02-15,,exper2_11
,3.137964,Validation,2017,2017-02-16,,exper2_11
,3.561406,Validation,2017,2017-02-17,,exper2_11
,4.0307918,Validation,2017,2017-02-18,,exper2_11
,4.279396,Validation,2017,2017-02-19,,exper2_11
,4.60473,Validation,2017,2017-02-20,,exper2_11
,4.212245,Validation,2017,2017-02-21,,exper2_11
,4.453596,Validation,2017,2017-02-22,,exper2_11
,3.9607735,Validation,2017,2017-02-23,,exper2_11
,3.7430987,Validation,2017,2017-02-24,,exper2_11
,3.2341352,Validation,2017,2017-02-25,,exper2_11
,3.700736,Validation,2017,2017-02-26,,exper2_11
,4.186975,Validation,2017,2017-02-27,,exper2_11
,4.567084,Validation,2017,2017-02-28,,exper2_11
,4.027412,Validation,2017,2017-03-01,,exper2_11
,3.958392,Validation,2017,2017-03-02,,exper2_11
,4.0717087,Validation,2017,2017-03-03,,exper2_11
,4.4647307,Validation,2017,2017-03-04,,exper2_11
,4.754233,Validation,2017,2017-03-05,,exper2_11
,4.693957,Validation,2017,2017-03-06,,exper2_11
,4.17802,Validation,2017,2017-03-07,,exper2_11
,4.4208255,Validation,2017,2017-03-08,,exper2_11
,4.493283,Validation,2017,2017-03-09,,exper2_11
,4.3046317,Validation,2017,2017-03-10,,exper2_11
,4.2963877,Validation,2017,2017-03-11,,exper2_11
,4.541305,Validation,2017,2017-03-12,,exper2_11
,4.6275487,Validation,2017,2017-03-13,,exper2_11
,4.4563885,Validation,2017,2017-03-14,,exper2_11
,4.5199313,Validation,2017,2017-03-15,,exper2_11
,4.6472697,Validation,2017,2017-03-16,,exper2_11
,5.546029,Validation,2017,2017-03-17,,exper2_11
,5.4054093,Validation,2017,2017-03-18,,exper2_11
,4.895676,Validation,2017,2017-03-19,,exper2_11
,4.819905,Validation,2017,2017-03-20,,exper2_11
,4.8683543,Validation,2017,2017-03-21,,exper2_11
,4.671151,Validation,2017,2017-03-22,,exper2_11
,5.4962554,Validation,2017,2017-03-23,,exper2_11
,5.171165,Validation,2017,2017-03-24,,exper2_11
,4.835624,Validation,2017,2017-03-25,,exper2_11
,4.9981847,Validation,2017,2017-03-26,,exper2_11
,5.090631,Validation,2017,2017-03-27,,exper2_11
,5.1060224,Validation,2017,2017-03-28,,exper2_11
,4.5935664,Validation,2017,2017-03-29,,exper2_11
,4.489693,Validation,2017,2017-03-30,,exper2_11
,4.421141,Validation,2017,2017-03-31,,exper2_11
,4.2615085,Validation,2017,2017-04-01,,exper2_11
,4.1500955,Validation,2017,2017-04-02,,exper2_11
,4.828699,Validation,2017,2017-04-03,,exper2_11
,4.185156,Validation,2017,2017-04-04,,exper2_11
,3.8111186,Validation,2017,2017-04-05,,exper2_11
,3.5504665,Validation,2017,2017-04-06,,exper2_11
,3.495122,Validation,2017,2017-04-07,,exper2_11
,3.2877755,Validation,2017,2017-04-08,,exper2_11
,3.484341,Validation,2017,2017-04-09,,exper2_11
,3.7288444,Validation,2017,2017-04-10,,exper2_11
,3.3555026,Validation,2017,2017-04-11,,exper2_11
,3.4824817,Validation,2017,2017-04-12,,exper2_11
,3.200044,Validation,2017,2017-04-13,,exper2_11
,3.2833881,Validation,2017,2017-04-14,,exper2_11
,3.8193045,Validation,2017,2017-04-15,,exper2_11
,3.837823,Validation,2017,2017-04-16,,exper2_11
,3.841263,Validation,2017,2017-04-17,,exper2_11
,4.6014876,Validation,2017,2017-04-18,,exper2_11
,3.757441,Validation,2017,2017-04-19,,exper2_11
,3.2519672,Validation,2017,2017-04-20,,exper2_11
,3.282475,Validation,2017,2017-04-21,,exper2_11
,3.7817698,Validation,2017,2017-04-22,,exper2_11
,4.7350736,Validation,2017,2017-04-23,,exper2_11
,4.037055,Validation,2017,2017-04-24,,exper2_11
,4.9420376,Validation,2017,2017-04-25,,exper2_11
,4.0389156,Validation,2017,2017-04-26,,exper2_11
,3.5922048,Validation,2017,2017-04-27,,exper2_11
,3.2657983,Validation,2017,2017-04-28,,exper2_11
,3.515004,Validation,2017,2017-04-29,,exper2_11
,4.442804,Validation,2017,2017-04-30,,exper2_11
,3.989484,Validation,2017,2017-05-01,,exper2_11
,3.7119145,Validation,2017,2017-05-02,,exper2_11
,4.226647,Validation,2017,2017-05-03,,exper2_11
,5.0650163,Validation,2017,2017-05-04,,exper2_11
,5.5142293,Validation,2017,2017-05-05,,exper2_11
,5.101213,Validation,2017,2017-05-06,,exper2_11
,4.579251,Validation,2017,2017-05-07,,exper2_11
,4.6671796,Validation,2017,2017-05-08,,exper2_11
,5.621139,Validation,2017,2017-05-09,,exper2_11
,6.3816657,Validation,2017,2017-05-10,,exper2_11
,7.560705,Validation,2017,2017-05-11,,exper2_11
,8.148758,Validation,2017,2017-05-12,,exper2_11
,8.928299,Validation,2017,2017-05-13,,exper2_11
,9.761086,Validation,2017,2017-05-14,,exper2_11
,10.011198,Validation,2017,2017-05-15,,exper2_11
,10.089269,Validation,2017,2017-05-16,,exper2_11
,9.828027,Validation,2017,2017-05-17,,exper2_11
,9.155049,Validation,2017,2017-05-18,,exper2_11
,9.369868,Validation,2017,2017-05-19,,exper2_11
,9.21883,Validation,2017,2017-05-20,,exper2_11
,8.4997,Validation,2017,2017-05-21,,exper2_11
,8.79699,Validation,2017,2017-05-22,,exper2_11
,9.151568,Validation,2017,2017-05-23,,exper2_11
,9.287021,Validation,2017,2017-05-24,,exper2_11
,10.190194,Validation,2017,2017-05-25,,exper2_11
,11.213407,Validation,2017,2017-05-26,,exper2_11
,12.373315,Validation,2017,2017-05-27,,exper2_11
,12.951747,Validation,2017,2017-05-28,,exper2_11
,12.447522,Validation,2017,2017-05-29,,exper2_11
,11.666654,Validation,2017,2017-05-30,,exper2_11
,10.903275,Validation,2017,2017-05-31,,exper2_11
,12.147344,Validation,2017,2017-06-01,,exper2_11
,13.676938,Validation,2017,2017-06-02,,exper2_11
,14.467378,Validation,2017,2017-06-03,,exper2_11
,15.588235,Validation,2017,2017-06-04,,exper2_11
,15.601895,Validation,2017,2017-06-05,,exper2_11
,13.125532,Validation,2017,2017-06-06,,exper2_11
,17.030172,Validation,2017,2017-06-07,,exper2_11
,17.619532,Validation,2017,2017-06-08,,exper2_11
,17.645191,Validation,2017,2017-06-09,,exper2_11
,17.264252,Validation,2017,2017-06-10,,exper2_11
,18.822767,Validation,2017,2017-06-11,,exper2_11
,18.382473,Validation,2017,2017-06-12,,exper2_11
,18.656408,Validation,2017,2017-06-13,,exper2_11
,19.051899,Validation,2017,2017-06-14,,exper2_11
,18.69035,Validation,2017,2017-06-15,,exper2_11
,18.742176,Validation,2017,2017-06-16,,exper2_11
,18.799543,Validation,2017,2017-06-17,,exper2_11
,18.465904,Validation,2017,2017-06-18,,exper2_11
,18.196815,Validation,2017,2017-06-19,,exper2_11
,17.918037,Validation,2017,2017-06-20,,exper2_11
,17.94946,Validation,2017,2017-06-21,,exper2_11
,18.492638,Validation,2017,2017-06-22,,exper2_11
,18.278515,Validation,2017,2017-06-23,,exper2_11
,17.769793,Validation,2017,2017-06-24,,exper2_11
,17.376081,Validation,2017,2017-06-25,,exper2_11
,16.800554,Validation,2017,2017-06-26,,exper2_11
,16.797184,Validation,2017,2017-06-27,,exper2_11
,16.857616,Validation,2017,2017-06-28,,exper2_11
,16.378675,Validation,2017,2017-06-29,,exper2_11
,16.852442,Validation,2017,2017-06-30,,exper2_11
,17.037432,Validation,2017,2017-07-01,,exper2_11
,16.977848,Validation,2017,2017-07-02,,exper2_11
,17.975136,Validation,2017,2017-07-03,,exper2_11
,17.880913,Validation,2017,2017-07-04,,exper2_11
,18.166273,Validation,2017,2017-07-05,,exper2_11
,18.542171,Validation,2017,2017-07-06,,exper2_11
,18.357868,Validation,2017,2017-07-07,,exper2_11
,18.38585,Validation,2017,2017-07-08,,exper2_11
,18.620083,Validation,2017,2017-07-09,,exper2_11
,19.599628,Validation,2017,2017-07-10,,exper2_11
,20.498528,Validation,2017,2017-07-11,,exper2_11
,20.55587,Validation,2017,2017-07-12,,exper2_11
,19.561432,Validation,2017,2017-07-13,,exper2_11
,19.353512,Validation,2017,2017-07-14,,exper2_11
,19.504213,Validation,2017,2017-07-15,,exper2_11
,19.167658,Validation,2017,2017-07-16,,exper2_11
22.045200000000023,18.813196,Validation,2017,2017-07-17,-0.07910256201277517,exper2_11
22.26860000000005,19.90549,Validation,2017,2017-07-18,-0.05603224813419824,exper2_11
22.800400000000025,20.155516,Validation,2017,2017-07-19,-0.06157206261169321,exper2_11
23.1952,20.95693,Validation,2017,2017-07-20,-0.05069449268562885,exper2_11
23.813800000000015,21.652664,Validation,2017,2017-07-21,-0.04753252433830369,exper2_11
24.127400000000023,21.976357,Validation,2017,2017-07-22,-0.046656577612199684,exper2_11
23.508800000000008,21.254194,Validation,2017,2017-07-23,-0.05036762570615414,exper2_11
23.172000000000025,20.518774,Validation,2017,2017-07-24,-0.060727373825603934,exper2_11
22.650599999999997,20.072378,Validation,2017,2017-07-25,-0.06034742783757747,exper2_11
22.648199999999974,21.128054,Validation,2017,2017-07-26,-0.034725363811765254,exper2_11
22.89639999999997,21.411676,Validation,2017,2017-07-27,-0.03350909616355488,exper2_11
22.930000000000007,21.279078,Validation,2017,2017-07-28,-0.03734351771931769,exper2_11
23.706000000000017,21.526278,Validation,2017,2017-07-29,-0.04818953579899425,exper2_11
24.290399999999977,21.905363,Validation,2017,2017-07-30,-0.05162891048763358,exper2_11
24.574000000000012,22.325274,Validation,2017,2017-07-31,-0.04794800255369999,exper2_11
24.57000000000005,22.337954,Validation,2017,2017-08-01,-0.04758353888286863,exper2_11
24.004999999999995,21.749279,Validation,2017,2017-08-02,-0.0493007654363408,exper2_11
22.539000000000044,20.254726,Validation,2017,2017-08-03,-0.05337870248099817,exper2_11
21.075400000000002,18.989275,Validation,2017,2017-08-04,-0.05206893660000035,exper2_11
21.065200000000004,19.428679,Validation,2017,2017-08-05,-0.04041404645688919,exper2_11
21.232799999999997,19.777674,Validation,2017,2017-08-06,-0.03548182078009696,exper2_11
21.064200000000028,19.987335,Validation,2017,2017-08-07,-0.0262320224942207,exper2_11
21.1798,20.002766,Validation,2017,2017-08-08,-0.02858088916382811,exper2_11
21.293200000000013,20.044754,Validation,2017,2017-08-09,-0.030200961828551056,exper2_11
21.243600000000015,19.554178,Validation,2017,2017-08-10,-0.041409651090140165,exper2_11
20.89300000000003,19.23231,Validation,2017,2017-08-11,-0.04138761011007702,exper2_11
21.030400000000043,19.753891,Validation,2017,2017-08-12,-0.03129903641243128,exper2_11
21.46900000000005,20.03717,Validation,2017,2017-08-13,-0.03449678868695246,exper2_11
21.27800000000002,19.683237,Validation,2017,2017-08-14,-0.03893346583363627,exper2_11
20.777800000000013,19.721224,Validation,2017,2017-08-15,-0.02608892928450999,exper2_11
20.879200000000026,19.540318,Validation,2017,2017-08-16,-0.033124652302616145,exper2_11
20.84140000000002,19.238907,Validation,2017,2017-08-17,-0.039982057653198365,exper2_11
20.584799999999973,19.33989,Validation,2017,2017-08-18,-0.031181469121021432,exper2_11
20.738200000000006,19.502766,Validation,2017,2017-08-19,-0.030700911977569138,exper2_11
20.95060000000001,19.52056,Validation,2017,2017-08-20,-0.03533480911927597,exper2_11
21.437599999999975,19.446487,Validation,2017,2017-08-21,-0.048701406795716336,exper2_11
20.948200000000043,19.377716,Validation,2017,2017-08-22,-0.03894478015172186,exper2_11
20.426600000000008,19.313091,Validation,2017,2017-08-23,-0.028020064729041883,exper2_11
,19.715843,Validation,2017,2017-08-24,,exper2_11
,19.914368,Validation,2017,2017-08-25,,exper2_11
,18.770943,Validation,2017,2017-08-26,,exper2_11
19.45160000000004,18.322756,Validation,2017,2017-08-27,-0.02988387656355553,exper2_11
19.4846,18.42735,Validation,2017,2017-08-28,-0.027887010158668703,exper2_11
20.02600000000001,18.32863,Validation,2017,2017-08-29,-0.044254618876869434,exper2_11
19.827200000000005,18.133343,Validation,2017,2017-08-30,-0.044621523684510715,exper2_11
19.715400000000045,18.560215,Validation,2017,2017-08-31,-0.030180703922658803,exper2_11
19.205600000000004,18.027946,Validation,2017,2017-09-01,-0.03162883043419809,exper2_11
18.825000000000045,16.681221,Validation,2017,2017-09-02,-0.06037756006751833,exper2_11
18.863800000000026,17.601814,Validation,2017,2017-09-03,-0.03460755441100699,exper2_11
18.853800000000035,17.584673,Validation,2017,2017-09-04,-0.03482931556040505,exper2_11
18.291600000000017,16.987276,Validation,2017,2017-09-05,-0.036971810549538985,exper2_11
17.791800000000023,16.146599,Validation,2017,2017-09-06,-0.04847609909370305,exper2_11
17.5308,15.791741,Validation,2017,2017-09-07,-0.0521886554052149,exper2_11
17.40960000000001,15.766406,Validation,2017,2017-09-08,-0.04952958887816383,exper2_11
17.2192,16.601936,Validation,2017,2017-09-09,-0.018250825562353343,exper2_11
17.26320000000004,15.507106,Validation,2017,2017-09-10,-0.05358797021673973,exper2_11
17.32680000000005,16.112116,Validation,2017,2017-09-11,-0.03632546417176897,exper2_11
18.01320000000004,17.205702,Validation,2017,2017-09-12,-0.022927977026105315,exper2_11
18.72980000000001,17.230791,Validation,2017,2017-09-13,-0.04168476831344195,exper2_11
18.863999999999976,17.244858,Validation,2017,2017-09-14,-0.04484058236946706,exper2_11
19.0034,17.393633,Validation,2017,2017-09-15,-0.044227976388198253,exper2_11
19.022400000000005,17.399942,Validation,2017,2017-09-16,-0.04454566881493682,exper2_11
18.885199999999998,17.62611,Validation,2017,2017-09-17,-0.034484928654810294,exper2_11
18.568200000000047,16.752432,Validation,2017,2017-09-18,-0.05140814403325569,exper2_11
18.537800000000004,17.09849,Validation,2017,2017-09-19,-0.04038889144426009,exper2_11
18.336000000000013,16.726799,Validation,2017,2017-09-20,-0.04589482397723362,exper2_11
18.4486,16.909912,Validation,2017,2017-09-21,-0.04351676014718474,exper2_11
18.66840000000002,17.006681,Validation,2017,2017-09-22,-0.04657925057378574,exper2_11
18.939400000000035,17.127207,Validation,2017,2017-09-23,-0.050245735828768866,exper2_11
19.31660000000005,17.25869,Validation,2017,2017-09-24,-0.056265039220738354,exper2_11
19.962800000000016,17.377003,Validation,2017,2017-09-25,-0.0692504270469295,exper2_11
19.593399999999974,17.017662,Validation,2017,2017-09-26,-0.07035408992667917,exper2_11
18.726400000000012,16.584951,Validation,2017,2017-09-27,-0.060644764765283875,exper2_11
18.18640000000005,16.442877,Validation,2017,2017-09-28,-0.050348241272218895,exper2_11
17.826000000000022,15.348919,Validation,2017,2017-09-29,-0.07466728378649938,exper2_11
17.481600000000014,15.443299,Validation,2017,2017-09-30,-0.06190757603572163,exper2_11
17.18780000000004,15.256791,Validation,2017,2017-10-01,-0.05951712808954555,exper2_11
16.933600000000013,14.795738,Validation,2017,2017-10-02,-0.0673780765595398,exper2_11
16.91179999999997,14.852765,Validation,2017,2017-10-03,-0.0648217569258855,exper2_11
16.654999999999973,14.851225,Validation,2017,2017-10-04,-0.057251387828077004,exper2_11
16.285000000000025,14.510991,Validation,2017,2017-10-05,-0.05760518951784138,exper2_11
16.21180000000004,14.603417,Validation,2017,2017-10-06,-0.052194426628803775,exper2_11
15.99980000000005,14.26604,Validation,2017,2017-10-07,-0.05728438927718078,exper2_11
15.880800000000022,14.419433,Validation,2017,2017-10-08,-0.04822957557070054,exper2_11
15.821600000000046,14.391792,Validation,2017,2017-10-09,-0.04732364007869259,exper2_11
15.495000000000005,14.333972,Validation,2017,2017-10-10,-0.03892283058404558,exper2_11
15.18100000000004,14.116965,Validation,2017,2017-10-11,-0.03631769972564853,exper2_11
14.913599999999974,14.008265,Validation,2017,2017-10-12,-0.031302804045395774,exper2_11
14.729000000000042,13.5771675,Validation,2017,2017-10-13,-0.040691926540979355,exper2_11
14.44160000000005,13.212779,Validation,2017,2017-10-14,-0.0444349501715743,exper2_11
13.921400000000006,12.51301,Validation,2017,2017-10-15,-0.05327866117088764,exper2_11
13.572400000000016,12.273859,Validation,2017,2017-10-16,-0.05024096426271889,exper2_11
13.463000000000022,12.544105,Validation,2017,2017-10-17,-0.03533247698527905,exper2_11
13.232199999999978,12.094632,Validation,2017,2017-10-18,-0.04491552060583211,exper2_11
13.113800000000026,12.657998,Validation,2017,2017-10-19,-0.01768607349298439,exper2_11
13.011000000000024,12.793232,Validation,2017,2017-10-20,-0.008439237261220128,exper2_11
13.024000000000001,12.276377,Validation,2017,2017-10-21,-0.029549887098734545,exper2_11
12.977599999999995,12.384248,Validation,2017,2017-10-22,-0.023395464924496227,exper2_11
12.730200000000025,11.970389,Validation,2017,2017-10-23,-0.030760830140003817,exper2_11
12.236000000000047,11.504842,Validation,2017,2017-10-24,-0.030797483994730417,exper2_11
11.702400000000011,10.957781,Validation,2017,2017-10-25,-0.032860247996706594,exper2_11
11.350199999999973,11.069358,Validation,2017,2017-10-26,-0.012526657733127099,exper2_11
10.983600000000024,10.608637,Validation,2017,2017-10-27,-0.017365646107913756,exper2_11
10.40640000000002,9.151659,Validation,2017,2017-10-28,-0.06415467850871877,exper2_11
9.950199999999995,8.908366,Validation,2017,2017-10-29,-0.05524459205754121,exper2_11
9.610400000000027,8.176156,Validation,2017,2017-10-30,-0.0806364060836265,exper2_11
9.012800000000027,7.6682115,Validation,2017,2017-10-31,-0.0806059358631571,exper2_11
8.663000000000011,7.3452535,Validation,2017,2017-11-01,-0.08231669589131409,exper2_11
8.461250000000007,7.5718246,Validation,2017,2017-11-02,-0.055474416124165635,exper2_11
8.171500000000037,6.9627757,Validation,2017,2017-11-03,-0.07986667589097358,exper2_11
7.958250000000021,6.72784,Validation,2017,2017-11-04,-0.08378064261588879,exper2_11
,6.771053,Validation,2017,2017-11-05,,exper2_11
7.360599999999977,5.993236,Validation,2017,2017-11-06,-0.1023948420845179,exper2_11
7.202800000000025,5.993588,Validation,2017,2017-11-07,-0.09163204597713527,exper2_11
,5.684152,Validation,2017,2017-11-08,,exper2_11
,5.163328,Validation,2017,2017-11-09,,exper2_11
,4.8946037,Validation,2017,2017-11-10,,exper2_11
,4.7706704,Validation,2017,2017-11-11,,exper2_11
,4.433932,Validation,2017,2017-11-12,,exper2_11
,4.289295,Validation,2017,2017-11-13,,exper2_11
,4.2013264,Validation,2017,2017-11-14,,exper2_11
,4.524925,Validation,2017,2017-11-15,,exper2_11
,4.4229684,Validation,2017,2017-11-16,,exper2_11
,4.3176856,Validation,2017,2017-11-17,,exper2_11
,4.3951464,Validation,2017,2017-11-18,,exper2_11
,4.293267,Validation,2017,2017-11-19,,exper2_11
,4.263171,Validation,2017,2017-11-20,,exper2_11
,4.249458,Validation,2017,2017-11-21,,exper2_11
,4.069509,Validation,2017,2017-11-22,,exper2_11
,4.230146,Validation,2017,2017-11-23,,exper2_11
,4.3311367,Validation,2017,2017-11-24,,exper2_11
,4.371596,Validation,2017,2017-11-25,,exper2_11
,4.54738,Validation,2017,2017-11-26,,exper2_11
,4.4564347,Validation,2017,2017-11-27,,exper2_11
,5.0400524,Validation,2017,2017-11-28,,exper2_11
,5.541953,Validation,2017,2017-11-29,,exper2_11
,6.179958,Validation,2017,2017-11-30,,exper2_11
,6.293073,Validation,2017,2017-12-01,,exper2_11
,6.48494,Validation,2017,2017-12-02,,exper2_11
,6.35166,Validation,2017,2017-12-03,,exper2_11
,6.631717,Validation,2017,2017-12-04,,exper2_11
,6.054507,Validation,2017,2017-12-05,,exper2_11
,5.510937,Validation,2017,2017-12-06,,exper2_11
,5.116112,Validation,2017,2017-12-07,,exper2_11
,4.6968594,Validation,2017,2017-12-08,,exper2_11
,3.8533545,Validation,2017,2017-12-09,,exper2_11
,3.572618,Validation,2017,2017-12-10,,exper2_11
,3.4928315,Validation,2017,2017-12-11,,exper2_11
,3.4058676,Validation,2017,2017-12-12,,exper2_11
,3.4563608,Validation,2017,2017-12-13,,exper2_11
,3.4461308,Validation,2017,2017-12-14,,exper2_11
,3.5059035,Validation,2017,2017-12-15,,exper2_11
,3.5120735,Validation,2017,2017-12-16,,exper2_11
,3.5842369,Validation,2017,2017-12-17,,exper2_11
,3.6396208,Validation,2017,2017-12-18,,exper2_11
,3.7062392,Validation,2017,2017-12-19,,exper2_11
,3.3834052,Validation,2017,2017-12-20,,exper2_11
,3.4332414,Validation,2017,2017-12-21,,exper2_11
,3.5015702,Validation,2017,2017-12-22,,exper2_11
,3.3918705,Validation,2017,2017-12-23,,exper2_11
,3.397395,Validation,2017,2017-12-24,,exper2_11
,3.4187536,Validation,2017,2017-12-25,,exper2_11
,3.485789,Validation,2017,2017-12-26,,exper2_11
,3.8965716,Validation,2017,2017-12-27,,exper2_11
,4.3083243,Validation,2017,2017-12-28,,exper2_11
,4.504045,Validation,2017,2017-12-29,,exper2_11
,4.331372,Validation,2017,2017-12-30,,exper2_11
,4.222616,Validation,2017,2017-12-31,,exper2_11
,4.5471115,Validation,2018,2018-01-01,,exper2_11
,4.232754,Validation,2018,2018-01-02,,exper2_11
,3.8155837,Validation,2018,2018-01-03,,exper2_11
,3.6425645,Validation,2018,2018-01-04,,exper2_11
,3.5085323,Validation,2018,2018-01-05,,exper2_11
,3.4225457,Validation,2018,2018-01-06,,exper2_11
,3.093449,Validation,2018,2018-01-07,,exper2_11
,2.8026986,Validation,2018,2018-01-08,,exper2_11
,2.5903196,Validation,2018,2018-01-09,,exper2_11
,2.4352736,Validation,2018,2018-01-10,,exper2_11
,2.3418999,Validation,2018,2018-01-11,,exper2_11
,2.3158894,Validation,2018,2018-01-12,,exper2_11
,2.6149843,Validation,2018,2018-01-13,,exper2_11
,2.7857475,Validation,2018,2018-01-14,,exper2_11
,2.6510253,Validation,2018,2018-01-15,,exper2_11
,2.5036626,Validation,2018,2018-01-16,,exper2_11
,2.447818,Validation,2018,2018-01-17,,exper2_11
,2.5114021,Validation,2018,2018-01-18,,exper2_11
,2.4718564,Validation,2018,2018-01-19,,exper2_11
,2.4395509,Validation,2018,2018-01-20,,exper2_11
,2.3956413,Validation,2018,2018-01-21,,exper2_11
,2.3344202,Validation,2018,2018-01-22,,exper2_11
,2.2836943,Validation,2018,2018-01-23,,exper2_11
,2.2377424,Validation,2018,2018-01-24,,exper2_11
,2.3458755,Validation,2018,2018-01-25,,exper2_11
,2.3418558,Validation,2018,2018-01-26,,exper2_11
,2.3417144,Validation,2018,2018-01-27,,exper2_11
,2.3367836,Validation,2018,2018-01-28,,exper2_11
,2.3000407,Validation,2018,2018-01-29,,exper2_11
,2.502417,Validation,2018,2018-01-30,,exper2_11
,2.50981,Validation,2018,2018-01-31,,exper2_11
,2.7222347,Validation,2018,2018-02-01,,exper2_11
,2.871663,Validation,2018,2018-02-02,,exper2_11
,3.0725439,Validation,2018,2018-02-03,,exper2_11
,3.351231,Validation,2018,2018-02-04,,exper2_11
,3.7819095,Validation,2018,2018-02-05,,exper2_11
,3.9815042,Validation,2018,2018-02-06,,exper2_11
,4.304719,Validation,2018,2018-02-07,,exper2_11
,4.302873,Validation,2018,2018-02-08,,exper2_11
,4.3705177,Validation,2018,2018-02-09,,exper2_11
,4.4463177,Validation,2018,2018-02-10,,exper2_11
,4.4573607,Validation,2018,2018-02-11,,exper2_11
,4.522507,Validation,2018,2018-02-12,,exper2_11
,4.630682,Validation,2018,2018-02-13,,exper2_11
,4.338356,Validation,2018,2018-02-14,,exper2_11
,4.660729,Validation,2018,2018-02-15,,exper2_11
,4.187304,Validation,2018,2018-02-16,,exper2_11
,4.365325,Validation,2018,2018-02-17,,exper2_11
,4.5070767,Validation,2018,2018-02-18,,exper2_11
,4.0120664,Validation,2018,2018-02-19,,exper2_11
,3.5507905,Validation,2018,2018-02-20,,exper2_11
,3.6073442,Validation,2018,2018-02-21,,exper2_11
,3.965669,Validation,2018,2018-02-22,,exper2_11
,4.085529,Validation,2018,2018-02-23,,exper2_11
,3.9694328,Validation,2018,2018-02-24,,exper2_11
,4.185882,Validation,2018,2018-02-25,,exper2_11
,4.0875487,Validation,2018,2018-02-26,,exper2_11
,4.3064246,Validation,2018,2018-02-27,,exper2_11
,4.631992,Validation,2018,2018-02-28,,exper2_11
,4.569966,Validation,2018,2018-03-01,,exper2_11
,4.864102,Validation,2018,2018-03-02,,exper2_11
,4.852775,Validation,2018,2018-03-03,,exper2_11
,5.2393155,Validation,2018,2018-03-04,,exper2_11
,4.3735175,Validation,2018,2018-03-05,,exper2_11
,4.8366466,Validation,2018,2018-03-06,,exper2_11
,4.2951074,Validation,2018,2018-03-07,,exper2_11
,4.4982214,Validation,2018,2018-03-08,,exper2_11
,4.8006907,Validation,2018,2018-03-09,,exper2_11
,4.805122,Validation,2018,2018-03-10,,exper2_11
,4.996759,Validation,2018,2018-03-11,,exper2_11
,4.8282847,Validation,2018,2018-03-12,,exper2_11
,4.980277,Validation,2018,2018-03-13,,exper2_11
,4.9039826,Validation,2018,2018-03-14,,exper2_11
,5.019,Validation,2018,2018-03-15,,exper2_11
,4.915768,Validation,2018,2018-03-16,,exper2_11
,4.996577,Validation,2018,2018-03-17,,exper2_11
,5.1185184,Validation,2018,2018-03-18,,exper2_11
,4.992027,Validation,2018,2018-03-19,,exper2_11
,4.935268,Validation,2018,2018-03-20,,exper2_11
,4.880493,Validation,2018,2018-03-21,,exper2_11
,4.9068627,Validation,2018,2018-03-22,,exper2_11
,4.850332,Validation,2018,2018-03-23,,exper2_11
,4.5363536,Validation,2018,2018-03-24,,exper2_11
,4.2891626,Validation,2018,2018-03-25,,exper2_11
,4.1267705,Validation,2018,2018-03-26,,exper2_11
,3.98385,Validation,2018,2018-03-27,,exper2_11
,4.097269,Validation,2018,2018-03-28,,exper2_11
,3.8605385,Validation,2018,2018-03-29,,exper2_11
,3.8426833,Validation,2018,2018-03-30,,exper2_11
,3.6424353,Validation,2018,2018-03-31,,exper2_11
,3.4355922,Validation,2018,2018-04-01,,exper2_11
,3.3715057,Validation,2018,2018-04-02,,exper2_11
,4.375088,Validation,2018,2018-04-03,,exper2_11
,3.5002124,Validation,2018,2018-04-04,,exper2_11
,3.3089545,Validation,2018,2018-04-05,,exper2_11
,3.1742997,Validation,2018,2018-04-06,,exper2_11
,2.9217107,Validation,2018,2018-04-07,,exper2_11
,2.990446,Validation,2018,2018-04-08,,exper2_11
,2.9056582,Validation,2018,2018-04-09,,exper2_11
,3.0369167,Validation,2018,2018-04-10,,exper2_11
,3.3782802,Validation,2018,2018-04-11,,exper2_11
,2.892097,Validation,2018,2018-04-12,,exper2_11
,3.0159578,Validation,2018,2018-04-13,,exper2_11
,3.064828,Validation,2018,2018-04-14,,exper2_11
,3.2078485,Validation,2018,2018-04-15,,exper2_11
,3.6340637,Validation,2018,2018-04-16,,exper2_11
,3.5556688,Validation,2018,2018-04-17,,exper2_11
,3.0088809,Validation,2018,2018-04-18,,exper2_11
,3.364069,Validation,2018,2018-04-19,,exper2_11
,3.493904,Validation,2018,2018-04-20,,exper2_11
,3.6814752,Validation,2018,2018-04-21,,exper2_11
,3.8995156,Validation,2018,2018-04-22,,exper2_11
,3.9253216,Validation,2018,2018-04-23,,exper2_11
,3.831335,Validation,2018,2018-04-24,,exper2_11
,4.10019,Validation,2018,2018-04-25,,exper2_11
,3.8105283,Validation,2018,2018-04-26,,exper2_11
,4.759359,Validation,2018,2018-04-27,,exper2_11
,3.9443126,Validation,2018,2018-04-28,,exper2_11
,3.8225913,Validation,2018,2018-04-29,,exper2_11
,3.4335182,Validation,2018,2018-04-30,,exper2_11
,4.0279346,Validation,2018,2018-05-01,,exper2_11
,4.478598,Validation,2018,2018-05-02,,exper2_11
,5.6886115,Validation,2018,2018-05-03,,exper2_11
,6.3059263,Validation,2018,2018-05-04,,exper2_11
,8.23425,Validation,2018,2018-05-05,,exper2_11
,9.002378,Validation,2018,2018-05-06,,exper2_11
,9.497013,Validation,2018,2018-05-07,,exper2_11
,10.219144,Validation,2018,2018-05-08,,exper2_11
,9.282271,Validation,2018,2018-05-09,,exper2_11
,8.838997,Validation,2018,2018-05-10,,exper2_11
,8.197651,Validation,2018,2018-05-11,,exper2_11
,8.94055,Validation,2018,2018-05-12,,exper2_11
,9.280586,Validation,2018,2018-05-13,,exper2_11
,10.3221655,Validation,2018,2018-05-14,,exper2_11
,11.730113,Validation,2018,2018-05-15,,exper2_11
,12.943437,Validation,2018,2018-05-16,,exper2_11
,12.520991,Validation,2018,2018-05-17,,exper2_11
,12.874057,Validation,2018,2018-05-18,,exper2_11
,13.448918,Validation,2018,2018-05-19,,exper2_11
,12.686402,Validation,2018,2018-05-20,,exper2_11
,13.250801,Validation,2018,2018-05-21,,exper2_11
,13.259244,Validation,2018,2018-05-22,,exper2_11
,15.453247,Validation,2018,2018-05-23,,exper2_11
,15.634512,Validation,2018,2018-05-24,,exper2_11
,14.970544,Validation,2018,2018-05-25,,exper2_11
,16.145226,Validation,2018,2018-05-26,,exper2_11
,17.404903,Validation,2018,2018-05-27,,exper2_11
,18.113144,Validation,2018,2018-05-28,,exper2_11
,18.276592,Validation,2018,2018-05-29,,exper2_11
,18.81864,Validation,2018,2018-05-30,,exper2_11
,17.787271,Validation,2018,2018-05-31,,exper2_11
,12.243413,Validation,2018,2018-06-01,,exper2_11
,15.219753,Validation,2018,2018-06-02,,exper2_11
,14.453739,Validation,2018,2018-06-03,,exper2_11
,15.0346155,Validation,2018,2018-06-04,,exper2_11
,15.362765,Validation,2018,2018-06-05,,exper2_11
,15.729322,Validation,2018,2018-06-06,,exper2_11
16.924599999999998,15.845729,Validation,2018,2018-06-07,-0.03292219403518505,exper2_11
16.921400000000006,15.915541,Validation,2018,2018-06-08,-0.03063194327834877,exper2_11
16.970600000000047,16.404882,Validation,2018,2018-06-09,-0.016950094133884545,exper2_11
17.206000000000017,16.051632,Validation,2018,2018-06-10,-0.03470986975340237,exper2_11
17.344600000000014,16.356535,Validation,2018,2018-06-11,-0.02931845005662261,exper2_11
18.074000000000012,17.830778,Validation,2018,2018-06-12,-0.006774081077055614,exper2_11
18.158000000000015,17.50808,Validation,2018,2018-06-13,-0.018222369258904966,exper2_11
18.944200000000023,18.78227,Validation,2018,2018-06-14,-0.004292200320605257,exper2_11
18.605200000000025,18.879507,Validation,2018,2018-06-15,0.007317839361662169,exper2_11
18.329600000000028,19.445814,Validation,2018,2018-06-16,0.029548693464208554,exper2_11
18.874000000000024,19.448845,Validation,2018,2018-06-17,0.015000058346997216,exper2_11
19.576000000000022,19.694506,Validation,2018,2018-06-18,0.0030176767383431786,exper2_11
20.319200000000023,20.315254,Validation,2018,2018-06-19,-9.710450529769187e-05,exper2_11
20.787800000000004,20.820538,Validation,2018,2018-06-20,0.0007868030556578399,exper2_11
21.126599999999996,20.753918,Validation,2018,2018-06-21,-0.008898703416953577,exper2_11
21.67420000000004,21.192383,Validation,2018,2018-06-22,-0.011239925272502527,exper2_11
22.66840000000002,21.766907,Validation,2018,2018-06-23,-0.020287769521395653,exper2_11
21.788599999999974,21.482307,Validation,2018,2018-06-24,-0.007078487234975195,exper2_11
21.824400000000026,20.816141,Validation,2018,2018-06-25,-0.023645545876647918,exper2_11
21.632799999999975,21.05063,Validation,2018,2018-06-26,-0.01363923711789316,exper2_11
21.79740000000004,21.68755,Validation,2018,2018-06-27,-0.00252617077790423,exper2_11
22.475000000000023,22.074785,Validation,2018,2018-06-28,-0.008983539771673633,exper2_11
23.05740000000003,22.056286,Validation,2018,2018-06-29,-0.022190918848737355,exper2_11
23.672600000000045,22.471355,Validation,2018,2018-06-30,-0.02603254424895563,exper2_11
23.566200000000038,21.675919,Validation,2018,2018-07-01,-0.04178145233392409,exper2_11
22.886199999999974,21.10661,Validation,2018,2018-07-02,-0.04045185297403039,exper2_11
23.148400000000038,22.240871,Validation,2018,2018-07-03,-0.01999434099680166,exper2_11
23.404200000000003,22.502054,Validation,2018,2018-07-04,-0.019651914558473222,exper2_11
23.380600000000015,22.29135,Validation,2018,2018-07-05,-0.023849443762229094,exper2_11
23.71780000000001,22.5421,Validation,2018,2018-07-06,-0.02541508024428115,exper2_11
23.432200000000023,21.936447,Validation,2018,2018-07-07,-0.03296886618004058,exper2_11
23.295399999999972,21.870941,Validation,2018,2018-07-08,-0.031538061335940025,exper2_11
23.8956,22.831852,Validation,2018,2018-07-09,-0.022764948572407646,exper2_11
24.449400000000026,23.112423,Validation,2018,2018-07-10,-0.028110298852166333,exper2_11
24.129200000000026,23.367908,Validation,2018,2018-07-11,-0.0160281656423973,exper2_11
23.434600000000046,23.40817,Validation,2018,2018-07-12,-0.0005642129944880118,exper2_11
23.327600000000018,23.21138,Validation,2018,2018-07-13,-0.002497261330287254,exper2_11
24.406200000000013,23.673376,Validation,2018,2018-07-14,-0.015241896379352653,exper2_11
24.91700000000003,23.927078,Validation,2018,2018-07-15,-0.020266975822992275,exper2_11
24.473000000000013,23.781025,Validation,2018,2018-07-16,-0.014340255928940034,exper2_11
23.785799999999995,22.802546,Validation,2018,2018-07-17,-0.021105159261610985,exper2_11
23.934199999999976,23.330713,Validation,2018,2018-07-18,-0.012768175928539129,exper2_11
23.85480000000001,23.322163,Validation,2018,2018-07-19,-0.01129020060117425,exper2_11
23.163200000000018,22.717318,Validation,2018,2018-07-20,-0.009718338901350803,exper2_11
22.274800000000027,21.771961,Validation,2018,2018-07-21,-0.011416021836879705,exper2_11
21.900800000000004,21.603874,Validation,2018,2018-07-22,-0.006825146926680773,exper2_11
22.39960000000002,22.05225,Validation,2018,2018-07-23,-0.007814075055777319,exper2_11
22.61880000000002,22.17087,Validation,2018,2018-07-24,-0.010000747370028347,exper2_11
22.652800000000013,22.251913,Validation,2018,2018-07-25,-0.008927502302270988,exper2_11
22.096400000000017,20.688568,Validation,2018,2018-07-26,-0.03290482491359756,exper2_11
21.595000000000027,19.92216,Validation,2018,2018-07-27,-0.04029275695860629,exper2_11
21.801600000000008,20.217455,Validation,2018,2018-07-28,-0.037700635892555207,exper2_11
22.16840000000002,20.342588,Validation,2018,2018-07-29,-0.042949167802866325,exper2_11
22.72720000000004,20.736164,Validation,2018,2018-07-30,-0.045809521387285355,exper2_11
23.150400000000047,21.104538,Validation,2018,2018-07-31,-0.046229011501569425,exper2_11
22.955600000000004,21.180294,Validation,2018,2018-08-01,-0.04022363207714601,exper2_11
21.9178,20.077383,Validation,2018,2018-08-02,-0.04382447760269616,exper2_11
21.461599999999976,19.92537,Validation,2018,2018-08-03,-0.03711870583114589,exper2_11
21.411999999999978,20.715834,Validation,2018,2018-08-04,-0.01652509221368855,exper2_11
21.6404,20.630856,Validation,2018,2018-08-05,-0.02388252788604974,exper2_11
22.11840000000001,21.201317,Validation,2018,2018-08-06,-0.02117010990696962,exper2_11
22.5274,21.3222,Validation,2018,2018-08-07,-0.027484839167261257,exper2_11
22.444600000000037,21.086597,Validation,2018,2018-08-08,-0.03119607631200351,exper2_11
23.2586,21.634256,Validation,2018,2018-08-09,-0.03618267512215585,exper2_11
23.606600000000014,21.912336,Validation,2018,2018-08-10,-0.03722107295092347,exper2_11
24.048400000000015,22.142776,Validation,2018,2018-08-11,-0.041255141253771103,exper2_11
24.732600000000048,22.31791,Validation,2018,2018-08-12,-0.05132124600231641,exper2_11
24.73180000000002,22.446386,Validation,2018,2018-08-13,-0.04844216872563008,exper2_11
24.82220000000001,22.466928,Validation,2018,2018-08-14,-0.049805771295575396,exper2_11
24.934199999999976,22.363873,Validation,2018,2018-08-15,-0.0543431758323356,exper2_11
24.972200000000043,22.453835,Validation,2018,2018-08-16,-0.05310090736174855,exper2_11
24.5274,22.602531,Validation,2018,2018-08-17,-0.04084174341790887,exper2_11
24.23180000000002,22.4077,Validation,2018,2018-08-18,-0.039110634360821274,exper2_11
24.102400000000046,22.325031,Validation,2018,2018-08-19,-0.03828272791452725,exper2_11
23.924599999999998,22.1625,Validation,2018,2018-08-20,-0.038234117658631446,exper2_11
23.10480000000001,21.84269,Validation,2018,2018-08-21,-0.028079665838561297,exper2_11
22.530400000000043,21.924368,Validation,2018,2018-08-22,-0.013632555604308679,exper2_11
22.225600000000043,21.859352,Validation,2018,2018-08-23,-0.008307775570555015,exper2_11
21.761199999999974,20.614418,Validation,2018,2018-08-24,-0.027062306664383355,exper2_11
21.667400000000043,20.731403,Validation,2018,2018-08-25,-0.022076015717354895,exper2_11
21.59620000000001,20.492233,Validation,2018,2018-08-26,-0.026229693949019098,exper2_11
21.579600000000028,20.132732,Validation,2018,2018-08-27,-0.03468680665151173,exper2_11
21.512200000000007,19.974314,Validation,2018,2018-08-28,-0.03706954683697611,exper2_11
21.079600000000028,19.95766,Validation,2018,2018-08-29,-0.02733952769984357,exper2_11
20.81400000000002,19.82164,Validation,2018,2018-08-30,-0.024420926678990536,exper2_11
20.636000000000024,19.730991,Validation,2018,2018-08-31,-0.02241952164144629,exper2_11
20.95799999999997,19.475271,Validation,2018,2018-09-01,-0.036671007071733173,exper2_11
21.01260000000002,19.482702,Validation,2018,2018-09-02,-0.03777963515638879,exper2_11
21.185400000000016,19.524025,Validation,2018,2018-09-03,-0.04081057490042261,exper2_11
20.9914,19.07604,Validation,2018,2018-09-04,-0.04780339645475262,exper2_11
20.89580000000001,19.511173,Validation,2018,2018-09-05,-0.034267024733597294,exper2_11
20.852599999999995,20.04422,Validation,2018,2018-09-06,-0.01976632975072297,exper2_11
20.5736,20.034204,Validation,2018,2018-09-07,-0.013283050483390606,exper2_11
20.337400000000002,19.862726,Validation,2018,2018-09-08,-0.0118077686113283,exper2_11
19.98240000000004,19.277119,Validation,2018,2018-09-09,-0.017964594085729365,exper2_11
19.839999999999975,19.12607,Validation,2018,2018-09-10,-0.01832183684429057,exper2_11
19.783200000000022,18.949799,Validation,2018,2018-09-11,-0.021516573631875948,exper2_11
19.77180000000004,19.128595,Validation,2018,2018-09-12,-0.016534655805015154,exper2_11
19.838000000000022,19.614595,Validation,2018,2018-09-13,-0.005662608111131329,exper2_11
20.3014,19.381292,Validation,2018,2018-09-14,-0.023186623752846774,exper2_11
20.955600000000004,19.417128,Validation,2018,2018-09-15,-0.03810672406474898,exper2_11
20.84480000000002,19.426037,Validation,2018,2018-09-16,-0.035230535960954545,exper2_11
20.97120000000001,19.507803,Validation,2018,2018-09-17,-0.036152003004409794,exper2_11
20.36220000000003,18.576042,Validation,2018,2018-09-18,-0.04587155775204484,exper2_11
19.8476,18.432148,Validation,2018,2018-09-19,-0.03697652400984855,exper2_11
19.47320000000002,18.043161,Validation,2018,2018-09-20,-0.03811773196333931,exper2_11
18.732799999999997,17.569256,Validation,2018,2018-09-21,-0.032051743202313215,exper2_11
17.875200000000007,16.941216,Validation,2018,2018-09-22,-0.02682598053372928,exper2_11
17.850199999999973,16.665155,Validation,2018,2018-09-23,-0.034333837074258064,exper2_11
17.501400000000046,16.30643,Validation,2018,2018-09-24,-0.03534592887163677,exper2_11
17.28340000000003,15.998657,Validation,2018,2018-09-25,-0.03860166349369086,exper2_11
16.689999999999998,15.377339,Validation,2018,2018-09-26,-0.040934504170695635,exper2_11
16.091000000000008,14.777551,Validation,2018,2018-09-27,-0.04254975607867128,exper2_11
15.537200000000041,13.947963,Validation,2018,2018-09-28,-0.053899557956005435,exper2_11
14.865599999999972,13.758246,Validation,2018,2018-09-29,-0.03868640020867722,exper2_11
14.534000000000049,13.532793,Validation,2018,2018-09-30,-0.035672296202465335,exper2_11
14.240000000000009,13.139078,Validation,2018,2018-10-01,-0.040210333383080575,exper2_11
14.037200000000041,13.265275,Validation,2018,2018-10-02,-0.028273077749582036,exper2_11
13.945600000000013,13.260263,Validation,2018,2018-10-03,-0.025190766631718733,exper2_11
13.564600000000041,13.101871,Validation,2018,2018-10-04,-0.017352482495094246,exper2_11
13.040800000000047,12.818036,Validation,2018,2018-10-05,-0.008614615132299452,exper2_11
12.742999999999995,12.821067,Validation,2018,2018-10-06,0.0030537729705861034,exper2_11
12.451800000000048,12.273324,Validation,2018,2018-10-07,-0.007218406150424963,exper2_11
12.268600000000049,12.391599,Validation,2018,2018-10-08,0.0049877417033802884,exper2_11
12.119400000000041,12.106698,Validation,2018,2018-10-09,-0.0005243091061225391,exper2_11
11.773800000000051,11.492013,Validation,2018,2018-10-10,-0.012111634468619355,exper2_11
11.218399999999974,10.958402,Validation,2018,2018-10-11,-0.011723887139319206,exper2_11
10.48580000000004,10.375478,Validation,2018,2018-10-12,-0.005288372566324844,exper2_11
,10.066539,Validation,2018,2018-10-13,,exper2_11
9.585200000000043,10.348751,Validation,2018,2018-10-14,0.038304050486835266,exper2_11
9.257799999999975,9.266018,Validation,2018,2018-10-15,0.0004436403907994738,exper2_11
8.91760000000005,9.678357,Validation,2018,2018-10-16,0.04090981277501884,exper2_11
8.504999999999995,9.400478,Validation,2018,2018-10-17,0.05001141800744518,exper2_11
8.242200000000025,9.13127,Validation,2018,2018-10-18,0.05117402497711072,exper2_11
8.256600000000049,9.421754,Validation,2018,2018-10-19,0.06590850545527106,exper2_11
7.882600000000025,8.53844,Validation,2018,2018-10-20,0.03993899050421252,exper2_11
7.637200000000007,8.755476,Validation,2018,2018-10-21,0.06821802602981739,exper2_11
7.559799999999996,8.334644,Validation,2018,2018-10-22,0.04874938073598802,exper2_11
7.460800000000006,8.28479,Validation,2018,2018-10-23,0.05233148056175063,exper2_11
7.435600000000022,7.751595,Validation,2018,2018-10-24,0.020806674298441036,exper2_11
7.426600000000008,8.029809,Validation,2018,2018-10-25,0.039026464567658875,exper2_11
7.529999999999973,7.9769573,Validation,2018,2018-10-26,0.02882301872056639,exper2_11
7.43100000000004,7.849247,Validation,2018,2018-10-27,0.027371742049791915,exper2_11
7.352599999999995,8.019582,Validation,2018,2018-10-28,0.043388882830350944,exper2_11
7.331800000000044,7.8671455,Validation,2018,2018-10-29,0.035222544681139216,exper2_11
7.258000000000038,7.6990085,Validation,2018,2018-10-30,0.02948507155362501,exper2_11
7.1708000000000425,7.2400427,Validation,2018,2018-10-31,0.004804901973387475,exper2_11
7.125200000000007,7.2946076,Validation,2018,2018-11-01,0.011748259307626345,exper2_11
6.993200000000002,7.140292,Validation,2018,2018-11-02,0.010407347732509379,exper2_11
7.080399999999997,7.111039,Validation,2018,2018-11-03,0.0021589890449489725,exper2_11
6.782200000000046,7.194713,Validation,2018,2018-11-04,0.029513892822940674,exper2_11
6.602400000000046,6.960711,Validation,2018,2018-11-05,0.026418054256706163,exper2_11
6.566200000000038,6.980102,Validation,2018,2018-11-06,0.03055461633175103,exper2_11
6.3402000000000385,6.4043393,Validation,2018,2018-11-07,0.005032689839095593,exper2_11
6.0976,6.4652967,Validation,2018,2018-11-08,0.02926846831228206,exper2_11
5.874000000000024,6.1743593,Validation,2018,2018-11-09,0.024929479074871294,exper2_11
5.453200000000038,5.5203195,Validation,2018,2018-11-10,0.006116493624127054,exper2_11
5.3104000000000156,5.725597,Validation,2018,2018-11-11,0.03762205701378398,exper2_11
5.146399999999971,5.045456,Validation,2018,2018-11-12,-0.009904385231715357,exper2_11
4.601800000000026,4.7947254,Validation,2018,2018-11-13,0.02053156986297948,exper2_11
4.293200000000013,4.475503,Validation,2018,2018-11-14,0.02079018624569525,exper2_11
4.002800000000036,4.228735,Validation,2018,2018-11-15,0.027447489552509297,exper2_11
,4.441152,Validation,2018,2018-11-16,,exper2_11
,3.7340903,Validation,2018,2018-11-17,,exper2_11
,3.5054274,Validation,2018,2018-11-18,,exper2_11
,3.6753957,Validation,2018,2018-11-19,,exper2_11
,3.3079615,Validation,2018,2018-11-20,,exper2_11
,3.4645593,Validation,2018,2018-11-21,,exper2_11
,3.4910622,Validation,2018,2018-11-22,,exper2_11
,3.709038,Validation,2018,2018-11-23,,exper2_11
,3.9225194,Validation,2018,2018-11-24,,exper2_11
,3.89914,Validation,2018,2018-11-25,,exper2_11
,3.7140489,Validation,2018,2018-11-26,,exper2_11
,3.5726523,Validation,2018,2018-11-27,,exper2_11
,3.5876656,Validation,2018,2018-11-28,,exper2_11
,3.7170131,Validation,2018,2018-11-29,,exper2_11
,3.7606528,Validation,2018,2018-11-30,,exper2_11
,3.608945,Validation,2018,2018-12-01,,exper2_11
,3.6444843,Validation,2018,2018-12-02,,exper2_11
,3.6980429,Validation,2018,2018-12-03,,exper2_11
,3.4892092,Validation,2018,2018-12-04,,exper2_11
,3.4336312,Validation,2018,2018-12-05,,exper2_11
,3.3630514,Validation,2018,2018-12-06,,exper2_11
,3.4221916,Validation,2018,2018-12-07,,exper2_11
,3.4139698,Validation,2018,2018-12-08,,exper2_11
,3.403228,Validation,2018,2018-12-09,,exper2_11
,3.3601353,Validation,2018,2018-12-10,,exper2_11
,3.42617,Validation,2018,2018-12-11,,exper2_11
,3.610628,Validation,2018,2018-12-12,,exper2_11
,3.7527614,Validation,2018,2018-12-13,,exper2_11
,3.6064181,Validation,2018,2018-12-14,,exper2_11
,3.6654072,Validation,2018,2018-12-15,,exper2_11
,3.7551847,Validation,2018,2018-12-16,,exper2_11
,3.7045567,Validation,2018,2018-12-17,,exper2_11
,3.8165658,Validation,2018,2018-12-18,,exper2_11
,4.1260576,Validation,2018,2018-12-19,,exper2_11
,4.3728795,Validation,2018,2018-12-20,,exper2_11
,4.411203,Validation,2018,2018-12-21,,exper2_11
,4.265893,Validation,2018,2018-12-22,,exper2_11
,4.279835,Validation,2018,2018-12-23,,exper2_11
,3.934895,Validation,2018,2018-12-24,,exper2_11
,3.9495888,Validation,2018,2018-12-25,,exper2_11
,3.7231033,Validation,2018,2018-12-26,,exper2_11
,3.8259094,Validation,2018,2018-12-27,,exper2_11
,4.049021,Validation,2018,2018-12-28,,exper2_11
,3.8106086,Validation,2018,2018-12-29,,exper2_11
,3.6696804,Validation,2018,2018-12-30,,exper2_11
,3.6982625,Validation,2018,2018-12-31,,exper2_11
,3.8649826,Validation,2019,2019-01-01,,exper2_11
,3.4849854,Validation,2019,2019-01-02,,exper2_11
,3.129397,Validation,2019,2019-01-03,,exper2_11
,2.8372653,Validation,2019,2019-01-04,,exper2_11
,2.6316576,Validation,2019,2019-01-05,,exper2_11
,2.4667335,Validation,2019,2019-01-06,,exper2_11
,2.3464303,Validation,2019,2019-01-07,,exper2_11
,2.2700913,Validation,2019,2019-01-08,,exper2_11
,2.2200327,Validation,2019,2019-01-09,,exper2_11
,2.1433215,Validation,2019,2019-01-10,,exper2_11
,2.1139205,Validation,2019,2019-01-11,,exper2_11
,2.11299,Validation,2019,2019-01-12,,exper2_11
,2.0511432,Validation,2019,2019-01-13,,exper2_11
,2.1404285,Validation,2019,2019-01-14,,exper2_11
,2.1448722,Validation,2019,2019-01-15,,exper2_11
,2.1433914,Validation,2019,2019-01-16,,exper2_11
,2.3091388,Validation,2019,2019-01-17,,exper2_11
,2.3662941,Validation,2019,2019-01-18,,exper2_11
,2.610557,Validation,2019,2019-01-19,,exper2_11
,2.8563933,Validation,2019,2019-01-20,,exper2_11
,3.0052986,Validation,2019,2019-01-21,,exper2_11
,2.8591218,Validation,2019,2019-01-22,,exper2_11
,2.7287939,Validation,2019,2019-01-23,,exper2_11
,2.603603,Validation,2019,2019-01-24,,exper2_11
,2.7615955,Validation,2019,2019-01-25,,exper2_11
,2.9270988,Validation,2019,2019-01-26,,exper2_11
,2.9696786,Validation,2019,2019-01-27,,exper2_11
,3.0401995,Validation,2019,2019-01-28,,exper2_11
,2.977055,Validation,2019,2019-01-29,,exper2_11
,3.0565357,Validation,2019,2019-01-30,,exper2_11
,2.9546046,Validation,2019,2019-01-31,,exper2_11
,3.3281622,Validation,2019,2019-02-01,,exper2_11
,3.0398586,Validation,2019,2019-02-02,,exper2_11
,2.997743,Validation,2019,2019-02-03,,exper2_11
,2.87868,Validation,2019,2019-02-04,,exper2_11
,2.8270192,Validation,2019,2019-02-05,,exper2_11
,2.643856,Validation,2019,2019-02-06,,exper2_11
,2.752921,Validation,2019,2019-02-07,,exper2_11
,3.280191,Validation,2019,2019-02-08,,exper2_11
,3.7481081,Validation,2019,2019-02-09,,exper2_11
,3.6779695,Validation,2019,2019-02-10,,exper2_11
,3.2894416,Validation,2019,2019-02-11,,exper2_11
,3.1823242,Validation,2019,2019-02-12,,exper2_11
,3.4834383,Validation,2019,2019-02-13,,exper2_11
,3.5101938,Validation,2019,2019-02-14,,exper2_11
,3.3221092,Validation,2019,2019-02-15,,exper2_11
,3.5972753,Validation,2019,2019-02-16,,exper2_11
,3.5735602,Validation,2019,2019-02-17,,exper2_11
,3.764759,Validation,2019,2019-02-18,,exper2_11
,4.042546,Validation,2019,2019-02-19,,exper2_11
,4.242994,Validation,2019,2019-02-20,,exper2_11
,3.7899613,Validation,2019,2019-02-21,,exper2_11
,3.8084865,Validation,2019,2019-02-22,,exper2_11
,3.9488091,Validation,2019,2019-02-23,,exper2_11
,3.5548952,Validation,2019,2019-02-24,,exper2_11
,3.6547139,Validation,2019,2019-02-25,,exper2_11
,3.990005,Validation,2019,2019-02-26,,exper2_11
,4.100885,Validation,2019,2019-02-27,,exper2_11
,4.309554,Validation,2019,2019-02-28,,exper2_11
,4.382289,Validation,2019,2019-03-01,,exper2_11
,4.473085,Validation,2019,2019-03-02,,exper2_11
,4.566649,Validation,2019,2019-03-03,,exper2_11
,4.592369,Validation,2019,2019-03-04,,exper2_11
,4.5925374,Validation,2019,2019-03-05,,exper2_11
,4.616671,Validation,2019,2019-03-06,,exper2_11
,4.406991,Validation,2019,2019-03-07,,exper2_11
,4.702398,Validation,2019,2019-03-08,,exper2_11
,4.7290907,Validation,2019,2019-03-09,,exper2_11
,5.4112964,Validation,2019,2019-03-10,,exper2_11
,4.6807823,Validation,2019,2019-03-11,,exper2_11
,4.829374,Validation,2019,2019-03-12,,exper2_11
,5.5535817,Validation,2019,2019-03-13,,exper2_11
,5.077105,Validation,2019,2019-03-14,,exper2_11
,4.4625826,Validation,2019,2019-03-15,,exper2_11
,4.8184266,Validation,2019,2019-03-16,,exper2_11
,4.855391,Validation,2019,2019-03-17,,exper2_11
,5.005279,Validation,2019,2019-03-18,,exper2_11
,5.064201,Validation,2019,2019-03-19,,exper2_11
,5.8627086,Validation,2019,2019-03-20,,exper2_11
,5.219106,Validation,2019,2019-03-21,,exper2_11
,4.9347434,Validation,2019,2019-03-22,,exper2_11
,5.246007,Validation,2019,2019-03-23,,exper2_11
,4.9496217,Validation,2019,2019-03-24,,exper2_11
,4.8127923,Validation,2019,2019-03-25,,exper2_11
,4.6169744,Validation,2019,2019-03-26,,exper2_11
,4.444714,Validation,2019,2019-03-27,,exper2_11
,4.349591,Validation,2019,2019-03-28,,exper2_11
,4.6182775,Validation,2019,2019-03-29,,exper2_11
,4.1091595,Validation,2019,2019-03-30,,exper2_11
,3.7662406,Validation,2019,2019-03-31,,exper2_11
,4.3319964,Validation,2019,2019-04-01,,exper2_11
,3.7439284,Validation,2019,2019-04-02,,exper2_11
,3.5380058,Validation,2019,2019-04-03,,exper2_11
,3.3252692,Validation,2019,2019-04-04,,exper2_11
,4.2279334,Validation,2019,2019-04-05,,exper2_11
,3.7441154,Validation,2019,2019-04-06,,exper2_11
,3.5723,Validation,2019,2019-04-07,,exper2_11
,3.439164,Validation,2019,2019-04-08,,exper2_11
,3.7644305,Validation,2019,2019-04-09,,exper2_11
,3.3091035,Validation,2019,2019-04-10,,exper2_11
,3.9274602,Validation,2019,2019-04-11,,exper2_11
,3.4890304,Validation,2019,2019-04-12,,exper2_11
,3.6574826,Validation,2019,2019-04-13,,exper2_11
,3.468482,Validation,2019,2019-04-14,,exper2_11
,3.420544,Validation,2019,2019-04-15,,exper2_11
,3.392972,Validation,2019,2019-04-16,,exper2_11
,4.141083,Validation,2019,2019-04-17,,exper2_11
,4.46675,Validation,2019,2019-04-18,,exper2_11
,4.346613,Validation,2019,2019-04-19,,exper2_11
,3.8295674,Validation,2019,2019-04-20,,exper2_11
,3.7571058,Validation,2019,2019-04-21,,exper2_11
,3.6963208,Validation,2019,2019-04-22,,exper2_11
,4.025856,Validation,2019,2019-04-23,,exper2_11
,3.978549,Validation,2019,2019-04-24,,exper2_11
,4.990168,Validation,2019,2019-04-25,,exper2_11
,4.526323,Validation,2019,2019-04-26,,exper2_11
,5.2559996,Validation,2019,2019-04-27,,exper2_11
,5.5127354,Validation,2019,2019-04-28,,exper2_11
,5.4597588,Validation,2019,2019-04-29,,exper2_11
,5.764366,Validation,2019,2019-04-30,,exper2_11
,5.5258813,Validation,2019,2019-05-01,,exper2_11
,5.736187,Validation,2019,2019-05-02,,exper2_11
,5.775204,Validation,2019,2019-05-03,,exper2_11
,5.659715,Validation,2019,2019-05-04,,exper2_11
,6.238804,Validation,2019,2019-05-05,,exper2_11
,5.994018,Validation,2019,2019-05-06,,exper2_11
,6.1691556,Validation,2019,2019-05-07,,exper2_11
,6.4612966,Validation,2019,2019-05-08,,exper2_11
,5.0473776,Validation,2019,2019-05-09,,exper2_11
,5.2267137,Validation,2019,2019-05-10,,exper2_11
,5.809177,Validation,2019,2019-05-11,,exper2_11
,6.596182,Validation,2019,2019-05-12,,exper2_11
,8.3744955,Validation,2019,2019-05-13,,exper2_11
,8.89829,Validation,2019,2019-05-14,,exper2_11
,10.142816,Validation,2019,2019-05-15,,exper2_11
,10.543163,Validation,2019,2019-05-16,,exper2_11
,10.685015,Validation,2019,2019-05-17,,exper2_11
,9.289099,Validation,2019,2019-05-18,,exper2_11
,7.136727,Validation,2019,2019-05-19,,exper2_11
,6.748336,Validation,2019,2019-05-20,,exper2_11
,7.5675287,Validation,2019,2019-05-21,,exper2_11
,7.450603,Validation,2019,2019-05-22,,exper2_11
,8.350967,Validation,2019,2019-05-23,,exper2_11
,8.047681,Validation,2019,2019-05-24,,exper2_11
,8.082199,Validation,2019,2019-05-25,,exper2_11
,9.918668,Validation,2019,2019-05-26,,exper2_11
,6.7039375,Validation,2019,2019-05-27,,exper2_11
,8.687797,Validation,2019,2019-05-28,,exper2_11
,11.956277,Validation,2019,2019-05-29,,exper2_11
,14.988998,Validation,2019,2019-05-30,,exper2_11
,16.933413,Validation,2019,2019-05-31,,exper2_11
,16.053503,Validation,2019,2019-06-01,,exper2_11
,15.839121,Validation,2019,2019-06-02,,exper2_11
,16.03094,Validation,2019,2019-06-03,,exper2_11
,15.803327,Validation,2019,2019-06-04,,exper2_11
,15.722116,Validation,2019,2019-06-05,,exper2_11
,16.426615,Validation,2019,2019-06-06,,exper2_11
,16.804665,Validation,2019,2019-06-07,,exper2_11
,17.10577,Validation,2019,2019-06-08,,exper2_11
,17.621632,Validation,2019,2019-06-09,,exper2_11
,16.78175,Validation,2019,2019-06-10,,exper2_11
,17.099897,Validation,2019,2019-06-11,,exper2_11
,17.10044,Validation,2019,2019-06-12,,exper2_11
9.129600000000039,16.347925,Validation,2019,2019-06-13,0.28332128546296675,exper2_11
10.346000000000004,16.21289,Validation,2019,2019-06-14,0.22090119304446645,exper2_11
,16.457767,Validation,2019,2019-06-15,,exper2_11
,16.366352,Validation,2019,2019-06-16,,exper2_11
19.96320000000003,16.64207,Validation,2019,2019-06-17,-0.09072817001081378,exper2_11
18.121200000000044,16.809074,Validation,2019,2019-06-18,-0.037564136572453465,exper2_11
18.372000000000014,16.892033,Validation,2019,2019-06-19,-0.041968183063995815,exper2_11
18.460000000000036,17.542376,Validation,2019,2019-06-20,-0.025487885758509323,exper2_11
18.7894,17.685316,Validation,2019,2019-06-21,-0.030269842583200684,exper2_11
18.65700000000004,17.523212,Validation,2019,2019-06-22,-0.03133722802879197,exper2_11
18.74380000000002,18.301708,Validation,2019,2019-06-23,-0.011933748510667428,exper2_11
18.636600000000044,18.302275,Validation,2019,2019-06-24,-0.009050771002088322,exper2_11
18.7158,18.247896,Validation,2019,2019-06-25,-0.012658469084921947,exper2_11
19.112600000000043,18.497782,Validation,2019,2019-06-26,-0.016347035520375548,exper2_11
19.988999999999976,19.654709,Validation,2019,2019-06-27,-0.008432388070863625,exper2_11
20.67180000000002,20.2501,Validation,2019,2019-06-28,-0.010305015805700295,exper2_11
21.880200000000002,21.013786,Validation,2019,2019-06-29,-0.020198954643684094,exper2_11
21.88040000000001,21.492222,Validation,2019,2019-06-30,-0.008949843272692323,exper2_11
21.581399999999974,21.844952,Validation,2019,2019-07-01,0.006068933257078479,exper2_11
22.6284,21.80957,Validation,2019,2019-07-02,-0.018426352098031576,exper2_11
23.819600000000037,22.590515,Validation,2019,2019-07-03,-0.02648312463049372,exper2_11
23.942799999999977,22.322157,Validation,2019,2019-07-04,-0.03502960344608878,exper2_11
23.919399999999996,22.573483,Validation,2019,2019-07-05,-0.028948893116780696,exper2_11
23.830200000000048,23.012201,Validation,2019,2019-07-06,-0.017462783032756606,exper2_11
23.782600000000002,23.164974,Validation,2019,2019-07-07,-0.013155648565696182,exper2_11
24.22800000000001,23.019451,Validation,2019,2019-07-08,-0.025579133465354273,exper2_11
24.069000000000017,22.783426,Validation,2019,2019-07-09,-0.027438786358590785,exper2_11
23.815200000000004,22.521303,Validation,2019,2019-07-10,-0.027923920330823016,exper2_11
23.291600000000017,21.615593,Validation,2019,2019-07-11,-0.0373215721828557,exper2_11
23.078599999999994,22.191065,Validation,2019,2019-07-12,-0.01960551660031334,exper2_11
23.286200000000008,21.94669,Validation,2019,2019-07-13,-0.0296136374652027,exper2_11
23.623400000000004,22.396513,Validation,2019,2019-07-14,-0.02665991600558419,exper2_11
24.029600000000016,22.48276,Validation,2019,2019-07-15,-0.03325654818908672,exper2_11
24.3202,22.856884,Validation,2019,2019-07-16,-0.031017516835740715,exper2_11
23.077800000000025,23.22712,Validation,2019,2019-07-17,0.0032246993966922374,exper2_11
17.276400000000024,23.21183,Validation,2019,2019-07-18,0.14659643355018845,exper2_11
23.07080000000002,23.808807,Validation,2019,2019-07-19,0.015742609940696036,exper2_11
24.1986,23.873781,Validation,2019,2019-07-20,-0.006756869280022843,exper2_11
23.8784,23.45073,Validation,2019,2019-07-21,-0.009036097548687123,exper2_11
23.472200000000043,22.764774,Validation,2019,2019-07-22,-0.015299999358865439,exper2_11
23.322600000000023,22.567186,Validation,2019,2019-07-23,-0.016461476602999455,exper2_11
24.065800000000024,23.032677,Validation,2019,2019-07-24,-0.02193538678276128,exper2_11
23.83620000000002,22.993935,Validation,2019,2019-07-25,-0.017985542328305803,exper2_11
23.34159999999997,22.798418,Validation,2019,2019-07-26,-0.011772469495476742,exper2_11
23.261600000000044,23.023682,Validation,2019,2019-07-27,-0.005140259515375202,exper2_11
23.5548,23.271206,Validation,2019,2019-07-28,-0.006056337550832514,exper2_11
22.92840000000001,22.63994,Validation,2019,2019-07-29,-0.006330266507440649,exper2_11
22.646600000000035,22.041092,Validation,2019,2019-07-30,-0.013549772992371022,exper2_11
23.184199999999976,22.30058,Validation,2019,2019-07-31,-0.019426738944359458,exper2_11
23.396000000000015,22.100342,Validation,2019,2019-08-01,-0.028478294121089296,exper2_11
23.769600000000025,22.419443,Validation,2019,2019-08-02,-0.029231107163064644,exper2_11
24.16700000000003,22.729406,Validation,2019,2019-08-03,-0.03065466535432519,exper2_11
24.631200000000035,22.88463,Validation,2019,2019-08-04,-0.03675764033338113,exper2_11
24.343200000000024,22.887085,Validation,2019,2019-08-05,-0.030830113353472775,exper2_11
24.486400000000003,22.527462,Validation,2019,2019-08-06,-0.04166724261348275,exper2_11
24.1884,22.460117,Validation,2019,2019-08-07,-0.03704903732121177,exper2_11
23.432800000000043,21.4893,Validation,2019,2019-08-08,-0.04326378854951981,exper2_11
22.974000000000046,21.32491,Validation,2019,2019-08-09,-0.037226442348044717,exper2_11
23.225199999999973,21.623142,Validation,2019,2019-08-10,-0.03572167169319814,exper2_11
23.763800000000003,21.65854,Validation,2019,2019-08-11,-0.04634854216353643,exper2_11
23.531799999999976,21.773918,Validation,2019,2019-08-12,-0.038800441088969136,exper2_11
22.853800000000035,21.709457,Validation,2019,2019-08-13,-0.025679060943249125,exper2_11
22.468600000000038,21.65997,Validation,2019,2019-08-14,-0.01832442525208634,exper2_11
22.627800000000036,21.773613,Validation,2019,2019-08-15,-0.019237834264105445,exper2_11
22.240599999999972,20.608616,Validation,2019,2019-08-16,-0.038086674199765254,exper2_11
22.4932,21.181551,Validation,2019,2019-08-17,-0.030032203755391132,exper2_11
22.206200000000024,20.41359,Validation,2019,2019-08-18,-0.042060520345969306,exper2_11
21.88820000000004,20.825645,Validation,2019,2019-08-19,-0.024876115510289714,exper2_11
21.968000000000018,20.97155,Validation,2019,2019-08-20,-0.02320587925328336,exper2_11
21.8168,20.86401,Validation,2019,2019-08-21,-0.02232361911619241,exper2_11
21.584000000000003,20.154982,Validation,2019,2019-08-22,-0.0342370209241112,exper2_11
21.34480000000002,20.510418,Validation,2019,2019-08-23,-0.019934959196698784,exper2_11
21.063800000000015,20.618248,Validation,2019,2019-08-24,-0.01068930236612973,exper2_11
20.882799999999975,19.778255,Validation,2019,2019-08-25,-0.027164679440458386,exper2_11
20.524200000000008,19.780628,Validation,2019,2019-08-26,-0.018448702767926244,exper2_11
20.163599999999974,19.786098,Validation,2019,2019-08-27,-0.009449421000316958,exper2_11
19.3716,19.336197,Validation,2019,2019-08-28,-0.0009146245310198533,exper2_11
18.801800000000014,19.523727,Validation,2019,2019-08-29,0.018836724910199037,exper2_11
18.508399999999995,20.039074,Validation,2019,2019-08-30,0.03970880027863435,exper2_11
18.555000000000007,20.152992,Validation,2019,2019-08-31,0.0412832636287309,exper2_11
18.36840000000001,19.48196,Validation,2019,2019-09-01,0.029420071246454453,exper2_11
18.595199999999977,19.556221,Validation,2019,2019-09-02,0.02518965173254519,exper2_11
18.147800000000018,19.463882,Validation,2019,2019-09-03,0.03499132079955372,exper2_11
18.236400000000003,19.52142,Validation,2019,2019-09-04,0.034033202693038604,exper2_11
17.938800000000015,19.251097,Validation,2019,2019-09-05,0.03528637724248705,exper2_11
17.712400000000002,19.043999,Validation,2019,2019-09-06,0.03622767095515635,exper2_11
17.5428,18.962915,Validation,2019,2019-09-07,0.03890118038156565,exper2_11
17.261199999999974,17.999481,Validation,2019,2019-09-08,0.02093780312864078,exper2_11
17.01260000000002,18.197418,Validation,2019,2019-09-09,0.033650031241870645,exper2_11
16.951000000000022,18.105597,Validation,2019,2019-09-10,0.03293521494487615,exper2_11
,17.784906,Validation,2019,2019-09-11,,exper2_11
16.453200000000038,17.15211,Validation,2019,2019-09-12,0.020797581211921632,exper2_11
16.226200000000006,16.720772,Validation,2019,2019-09-13,0.015011145567788728,exper2_11
16.210000000000036,16.786655,Validation,2019,2019-09-14,0.017476178072597298,exper2_11
16.50320000000005,16.556932,Validation,2019,2019-09-15,0.001625294436527347,exper2_11
17.18900000000002,16.65848,Validation,2019,2019-09-16,-0.015673849701617622,exper2_11
17.477400000000046,16.795855,Validation,2019,2019-09-17,-0.019885635026484057,exper2_11
17.174000000000035,16.933826,Validation,2019,2019-09-18,-0.007041596562692825,exper2_11
17.9794,16.965748,Validation,2019,2019-09-19,-0.02900695030923599,exper2_11
18.596400000000017,17.210972,Validation,2019,2019-09-20,-0.038691143662095126,exper2_11
18.489599999999996,16.863552,Validation,2019,2019-09-21,-0.04599442511359068,exper2_11
18.374199999999973,17.073732,Validation,2019,2019-09-22,-0.03668669896183293,exper2_11
18.075800000000015,16.981533,Validation,2019,2019-09-23,-0.03121363932291878,exper2_11
18.045800000000042,16.894314,Validation,2019,2019-09-24,-0.032955994188555784,exper2_11
17.903800000000047,16.78558,Validation,2019,2019-09-25,-0.032235235362344905,exper2_11
17.380600000000015,16.574486,Validation,2019,2019-09-26,-0.023740603291142855,exper2_11
16.98780000000005,16.312742,Validation,2019,2019-09-27,-0.020271674917326538,exper2_11
16.6644,16.196129,Validation,2019,2019-09-28,-0.014250262282475301,exper2_11
16.139200000000017,15.57327,Validation,2019,2019-09-29,-0.017845666349161068,exper2_11
15.983000000000004,15.501285,Validation,2019,2019-09-30,-0.01530018569030629,exper2_11
16.028399999999976,15.359012,Validation,2019,2019-10-01,-0.021326650230896162,exper2_11
15.545399999999972,14.603627,Validation,2019,2019-10-02,-0.03123725315263395,exper2_11
15.001400000000046,14.437707,Validation,2019,2019-10-03,-0.01914776333677384,exper2_11
14.53060000000005,13.672588,Validation,2019,2019-10-04,-0.030422505463301518,exper2_11
14.117800000000045,13.602557,Validation,2019,2019-10-05,-0.01858716373311388,exper2_11
13.608799999999974,13.329803,Validation,2019,2019-10-06,-0.010356755633118685,exper2_11
13.330399999999997,13.54967,Validation,2019,2019-10-07,0.008157352924731657,exper2_11
13.236199999999997,13.626943,Validation,2019,2019-10-08,0.014545678437469811,exper2_11
13.168000000000006,13.758445,Validation,2019,2019-10-09,0.02192806331332645,exper2_11
13.052999999999997,13.201768,Validation,2019,2019-10-10,0.005666320185836677,exper2_11
12.913000000000011,13.351581,Validation,2019,2019-10-11,0.016698557885259688,exper2_11
12.057000000000016,11.576526,Validation,2019,2019-10-12,-0.020330200333550208,exper2_11
11.401599999999974,10.981744,Validation,2019,2019-10-13,-0.018757527514871343,exper2_11
11.051199999999994,10.677409,Validation,2019,2019-10-14,-0.017202703816982686,exper2_11
10.797199999999975,11.199942,Validation,2019,2019-10-15,0.018308816745928425,exper2_11
10.474400000000003,9.852202,Validation,2019,2019-10-16,-0.03061001400117268,exper2_11
10.466800000000035,10.215351,Validation,2019,2019-10-17,-0.012157772854010481,exper2_11
10.143000000000029,9.753745,Validation,2019,2019-10-18,-0.019563748714333536,exper2_11
10.035000000000025,10.039023,Validation,2019,2019-10-19,0.00020042814900434952,exper2_11
10.367399999999975,9.59951,Validation,2019,2019-10-20,-0.038458118943362936,exper2_11
10.063400000000001,9.827535,Validation,2019,2019-10-21,-0.011857930672871417,exper2_11
9.842399999999998,9.604612,Validation,2019,2019-10-22,-0.012227464314355656,exper2_11
9.502800000000036,8.531118,Validation,2019,2019-10-23,-0.05388078097524623,exper2_11
9.238400000000013,8.497363,Validation,2019,2019-10-24,-0.04178207081944914,exper2_11
9.033000000000015,8.088315,Validation,2019,2019-10-25,-0.05517595987069613,exper2_11
8.785600000000045,8.190774,Validation,2019,2019-10-26,-0.035038462120104114,exper2_11
8.712600000000009,8.237028,Validation,2019,2019-10-27,-0.028057953521466575,exper2_11
8.562400000000025,8.193202,Validation,2019,2019-10-28,-0.022034301175771386,exper2_11
8.355999999999995,8.192395,Validation,2019,2019-10-29,-0.009886444434949557,exper2_11
8.07140000000004,7.8699985,Validation,2019,2019-10-30,-0.012633869325853336,exper2_11
7.735000000000014,7.7690215,Validation,2019,2019-10-31,0.0021943668649813375,exper2_11
7.362199999999973,7.4233384,Validation,2019,2019-11-01,0.004135014331558668,exper2_11
7.1498000000000275,6.796762,Validation,2019,2019-11-02,-0.025313622860597972,exper2_11
6.940800000000024,6.763675,Validation,2019,2019-11-03,-0.012924594658955265,exper2_11
6.799800000000005,6.649646,Validation,2019,2019-11-04,-0.011164340658652978,exper2_11
6.475800000000049,6.0516458,Validation,2019,2019-11-05,-0.03385799886915802,exper2_11
6.128600000000006,6.2988486,Validation,2019,2019-11-06,0.01369940315830751,exper2_11
5.688000000000045,5.684704,Validation,2019,2019-11-07,-0.0002898319648446666,exper2_11
5.3571999999999775,5.733483,Validation,2019,2019-11-08,0.033927833225806996,exper2_11
5.265800000000013,5.9370522,Validation,2019,2019-11-09,0.05991797757699779,exper2_11
4.962400000000002,5.882033,Validation,2019,2019-11-10,0.08480230198895067,exper2_11
4.527000000000044,5.280915,Validation,2019,2019-11-11,0.0768679989703587,exper2_11
4.2327999999999975,5.1390443,Validation,2019,2019-11-12,0.09669860672870872,exper2_11
3.758000000000038,5.2109594,Validation,2019,2019-11-13,0.16199866273436092,exper2_11
3.5086000000000013,4.4077907,Validation,2019,2019-11-14,0.11358593826150043,exper2_11
3.228400000000022,4.6917043,Validation,2019,2019-11-15,0.18475820806690127,exper2_11
3.2256000000000427,4.1959767,Validation,2019,2019-11-16,0.13075075134569492,exper2_11
3.010400000000004,4.4652524,Validation,2019,2019-11-17,0.19461209827688972,exper2_11
2.983600000000024,4.796327,Validation,2019,2019-11-18,0.2330005265497501,exper2_11
2.914800000000014,4.9749875,Validation,2019,2019-11-19,0.26112078494806906,exper2_11
,5.4291887,Validation,2019,2019-11-20,,exper2_11
,5.9943767,Validation,2019,2019-11-21,,exper2_11
,5.4515395,Validation,2019,2019-11-22,,exper2_11
,5.602728,Validation,2019,2019-11-23,,exper2_11
,5.5510764,Validation,2019,2019-11-24,,exper2_11
,5.7856126,Validation,2019,2019-11-25,,exper2_11
,6.102239,Validation,2019,2019-11-26,,exper2_11
,5.755092,Validation,2019,2019-11-27,,exper2_11
,5.445232,Validation,2019,2019-11-28,,exper2_11
,5.1869755,Validation,2019,2019-11-29,,exper2_11
,4.700239,Validation,2019,2019-11-30,,exper2_11
,4.290222,Validation,2019,2019-12-01,,exper2_11
,3.7854838,Validation,2019,2019-12-02,,exper2_11
,3.6500692,Validation,2019,2019-12-03,,exper2_11
,3.5922813,Validation,2019,2019-12-04,,exper2_11
,3.6515422,Validation,2019,2019-12-05,,exper2_11
,3.4964726,Validation,2019,2019-12-06,,exper2_11
,3.4550626,Validation,2019,2019-12-07,,exper2_11
,3.7998557,Validation,2019,2019-12-08,,exper2_11
,3.7817025,Validation,2019,2019-12-09,,exper2_11
,3.679507,Validation,2019,2019-12-10,,exper2_11
,3.619245,Validation,2019,2019-12-11,,exper2_11
,3.450265,Validation,2019,2019-12-12,,exper2_11
,3.5326765,Validation,2019,2019-12-13,,exper2_11
,3.5521808,Validation,2019,2019-12-14,,exper2_11
,3.4529607,Validation,2019,2019-12-15,,exper2_11
,3.3971267,Validation,2019,2019-12-16,,exper2_11
,3.4331129,Validation,2019,2019-12-17,,exper2_11
,3.4949543,Validation,2019,2019-12-18,,exper2_11
,3.4951913,Validation,2019,2019-12-19,,exper2_11
,3.4750652,Validation,2019,2019-12-20,,exper2_11
,3.633625,Validation,2019,2019-12-21,,exper2_11
,3.7129564,Validation,2019,2019-12-22,,exper2_11
,3.4931095,Validation,2019,2019-12-23,,exper2_11
,3.7094574,Validation,2019,2019-12-24,,exper2_11
,4.1608367,Validation,2019,2019-12-25,,exper2_11
,4.60621,Validation,2019,2019-12-26,,exper2_11
,4.693815,Validation,2019,2019-12-27,,exper2_11
,4.413712,Validation,2019,2019-12-28,,exper2_11
,4.6125064,Validation,2019,2019-12-29,,exper2_11
,4.784824,Validation,2019,2019-12-30,,exper2_11
,4.41248,Validation,2019,2019-12-31,,exper2_11
,4.38744,Validation,2020,2020-01-01,,exper2_11
,3.664981,Validation,2020,2020-01-02,,exper2_11
,3.216454,Validation,2020,2020-01-03,,exper2_11
,2.8714273,Validation,2020,2020-01-04,,exper2_11
,2.5966966,Validation,2020,2020-01-05,,exper2_11
,2.4072,Validation,2020,2020-01-06,,exper2_11
,2.3627856,Validation,2020,2020-01-07,,exper2_11
,2.4966116,Validation,2020,2020-01-08,,exper2_11
,2.4477434,Validation,2020,2020-01-09,,exper2_11
,2.3195515,Validation,2020,2020-01-10,,exper2_11
,2.198123,Validation,2020,2020-01-11,,exper2_11
,2.2672281,Validation,2020,2020-01-12,,exper2_11
,2.317292,Validation,2020,2020-01-13,,exper2_11
,2.251812,Validation,2020,2020-01-14,,exper2_11
,2.2095823,Validation,2020,2020-01-15,,exper2_11
,2.215479,Validation,2020,2020-01-16,,exper2_11
,2.4112148,Validation,2020,2020-01-17,,exper2_11
,2.3141086,Validation,2020,2020-01-18,,exper2_11
,2.2565577,Validation,2020,2020-01-19,,exper2_11
,2.1600938,Validation,2020,2020-01-20,,exper2_11
,2.3485935,Validation,2020,2020-01-21,,exper2_11
,2.436183,Validation,2020,2020-01-22,,exper2_11
,2.3845034,Validation,2020,2020-01-23,,exper2_11
,2.3216271,Validation,2020,2020-01-24,,exper2_11
,2.2756329,Validation,2020,2020-01-25,,exper2_11
,2.2398944,Validation,2020,2020-01-26,,exper2_11
,2.2163444,Validation,2020,2020-01-27,,exper2_11
,2.1982927,Validation,2020,2020-01-28,,exper2_11
,2.1868153,Validation,2020,2020-01-29,,exper2_11
,2.1769552,Validation,2020,2020-01-30,,exper2_11
,2.1719456,Validation,2020,2020-01-31,,exper2_11
,2.1683836,Validation,2020,2020-02-01,,exper2_11
,2.1818419,Validation,2020,2020-02-02,,exper2_11
,2.185889,Validation,2020,2020-02-03,,exper2_11
,2.127658,Validation,2020,2020-02-04,,exper2_11
,2.9623556,Validation,2020,2020-02-05,,exper2_11
,3.5510051,Validation,2020,2020-02-06,,exper2_11
,3.6376028,Validation,2020,2020-02-07,,exper2_11
,3.2932448,Validation,2020,2020-02-08,,exper2_11
,3.3502793,Validation,2020,2020-02-09,,exper2_11
,3.4979157,Validation,2020,2020-02-10,,exper2_11
,3.547441,Validation,2020,2020-02-11,,exper2_11
,3.3592849,Validation,2020,2020-02-12,,exper2_11
,3.633844,Validation,2020,2020-02-13,,exper2_11
,3.903809,Validation,2020,2020-02-14,,exper2_11
,3.8532813,Validation,2020,2020-02-15,,exper2_11
,3.8824341,Validation,2020,2020-02-16,,exper2_11
,4.1329694,Validation,2020,2020-02-17,,exper2_11
,4.222289,Validation,2020,2020-02-18,,exper2_11
,4.0441203,Validation,2020,2020-02-19,,exper2_11
,4.2458763,Validation,2020,2020-02-20,,exper2_11
,4.2839117,Validation,2020,2020-02-21,,exper2_11
,4.5570517,Validation,2020,2020-02-22,,exper2_11
,4.6587906,Validation,2020,2020-02-23,,exper2_11
,4.730339,Validation,2020,2020-02-24,,exper2_11
,5.1398907,Validation,2020,2020-02-25,,exper2_11
,4.5049663,Validation,2020,2020-02-26,,exper2_11
,4.6099024,Validation,2020,2020-02-27,,exper2_11
,4.6564803,Validation,2020,2020-02-28,,exper2_11
,4.6598315,Validation,2020,2020-02-29,,exper2_11
,4.7607837,Validation,2020,2020-03-01,,exper2_11
,4.650993,Validation,2020,2020-03-02,,exper2_11
,4.7027774,Validation,2020,2020-03-03,,exper2_11
,4.775267,Validation,2020,2020-03-04,,exper2_11
,5.4972086,Validation,2020,2020-03-05,,exper2_11
,4.7055497,Validation,2020,2020-03-06,,exper2_11
,4.7865467,Validation,2020,2020-03-07,,exper2_11
,4.8258014,Validation,2020,2020-03-08,,exper2_11
,5.49311,Validation,2020,2020-03-09,,exper2_11
,4.852922,Validation,2020,2020-03-10,,exper2_11
,4.8302445,Validation,2020,2020-03-11,,exper2_11
,5.358173,Validation,2020,2020-03-12,,exper2_11
,4.616308,Validation,2020,2020-03-13,,exper2_11
,5.493233,Validation,2020,2020-03-14,,exper2_11
,4.983097,Validation,2020,2020-03-15,,exper2_11
,5.64911,Validation,2020,2020-03-16,,exper2_11
,4.9595313,Validation,2020,2020-03-17,,exper2_11
,4.8739114,Validation,2020,2020-03-18,,exper2_11
,5.0435333,Validation,2020,2020-03-19,,exper2_11
,4.73394,Validation,2020,2020-03-20,,exper2_11
,4.505382,Validation,2020,2020-03-21,,exper2_11
,4.7944674,Validation,2020,2020-03-22,,exper2_11
,4.692697,Validation,2020,2020-03-23,,exper2_11
,4.9508414,Validation,2020,2020-03-24,,exper2_11
,5.472032,Validation,2020,2020-03-25,,exper2_11
,5.08824,Validation,2020,2020-03-26,,exper2_11
,4.983382,Validation,2020,2020-03-27,,exper2_11
,6.19124,Validation,2020,2020-03-28,,exper2_11
,5.4188437,Validation,2020,2020-03-29,,exper2_11
,4.76965,Validation,2020,2020-03-30,,exper2_11
,4.371945,Validation,2020,2020-03-31,,exper2_11
,4.3080435,Validation,2020,2020-04-01,,exper2_11
,4.06162,Validation,2020,2020-04-02,,exper2_11
,3.6586933,Validation,2020,2020-04-03,,exper2_11
,3.7463443,Validation,2020,2020-04-04,,exper2_11
,3.792519,Validation,2020,2020-04-05,,exper2_11
,3.2038167,Validation,2020,2020-04-06,,exper2_11
,3.2932062,Validation,2020,2020-04-07,,exper2_11
,3.4099998,Validation,2020,2020-04-08,,exper2_11
,3.1746194,Validation,2020,2020-04-09,,exper2_11
,2.9690602,Validation,2020,2020-04-10,,exper2_11
,3.096355,Validation,2020,2020-04-11,,exper2_11
,3.5499134,Validation,2020,2020-04-12,,exper2_11
,3.0498116,Validation,2020,2020-04-13,,exper2_11
,2.846334,Validation,2020,2020-04-14,,exper2_11
,2.7441466,Validation,2020,2020-04-15,,exper2_11
,2.7135494,Validation,2020,2020-04-16,,exper2_11
,2.7150388,Validation,2020,2020-04-17,,exper2_11
,2.836119,Validation,2020,2020-04-18,,exper2_11
,3.218351,Validation,2020,2020-04-19,,exper2_11
,3.8623338,Validation,2020,2020-04-20,,exper2_11
,2.9252408,Validation,2020,2020-04-21,,exper2_11
,2.8571968,Validation,2020,2020-04-22,,exper2_11
,3.1683526,Validation,2020,2020-04-23,,exper2_11
,3.9008045,Validation,2020,2020-04-24,,exper2_11
,4.2433176,Validation,2020,2020-04-25,,exper2_11
,4.3729415,Validation,2020,2020-04-26,,exper2_11
,5.139199,Validation,2020,2020-04-27,,exper2_11
,5.316252,Validation,2020,2020-04-28,,exper2_11
,5.2534957,Validation,2020,2020-04-29,,exper2_11
,4.808343,Validation,2020,2020-04-30,,exper2_11
,5.1040955,Validation,2020,2020-05-01,,exper2_11
,5.6711173,Validation,2020,2020-05-02,,exper2_11
,5.4639153,Validation,2020,2020-05-03,,exper2_11
,5.3427315,Validation,2020,2020-05-04,,exper2_11
,5.1848826,Validation,2020,2020-05-05,,exper2_11
,5.9639106,Validation,2020,2020-05-06,,exper2_11
,5.506534,Validation,2020,2020-05-07,,exper2_11
,4.3410754,Validation,2020,2020-05-08,,exper2_11
,4.4323916,Validation,2020,2020-05-09,,exper2_11
,5.7653985,Validation,2020,2020-05-10,,exper2_11
,4.6426034,Validation,2020,2020-05-11,,exper2_11
,4.470858,Validation,2020,2020-05-12,,exper2_11
,4.9825044,Validation,2020,2020-05-13,,exper2_11
,5.780719,Validation,2020,2020-05-14,,exper2_11
,6.4854226,Validation,2020,2020-05-15,,exper2_11
,8.038244,Validation,2020,2020-05-16,,exper2_11
,7.8796043,Validation,2020,2020-05-17,,exper2_11
,8.754166,Validation,2020,2020-05-18,,exper2_11
,8.39529,Validation,2020,2020-05-19,,exper2_11
,10.00352,Validation,2020,2020-05-20,,exper2_11
,12.567885,Validation,2020,2020-05-21,,exper2_11
,14.717749,Validation,2020,2020-05-22,,exper2_11
,15.019107,Validation,2020,2020-05-23,,exper2_11
,17.479656,Validation,2020,2020-05-24,,exper2_11
,18.370039,Validation,2020,2020-05-25,,exper2_11
,17.782234,Validation,2020,2020-05-26,,exper2_11
,17.13226,Validation,2020,2020-05-27,,exper2_11
,18.449776,Validation,2020,2020-05-28,,exper2_11
,17.823278,Validation,2020,2020-05-29,,exper2_11
,16.31948,Validation,2020,2020-05-30,,exper2_11
,16.273766,Validation,2020,2020-05-31,,exper2_11
,16.452847,Validation,2020,2020-06-01,,exper2_11
,17.085371,Validation,2020,2020-06-02,,exper2_11
,17.314129,Validation,2020,2020-06-03,,exper2_11
17.641999999999996,17.927958,Validation,2020,2020-06-04,0.008039299302237166,exper2_11
17.858000000000004,17.861172,Validation,2020,2020-06-05,8.879607950469843e-05,exper2_11
17.969400000000007,17.452871,Validation,2020,2020-06-06,-0.014582031532183347,exper2_11
17.343000000000018,17.468716,Validation,2020,2020-06-07,0.003611303416485956,exper2_11
17.520200000000045,17.342276,Validation,2020,2020-06-08,-0.005103607168782182,exper2_11
18.687400000000025,18.176983,Validation,2020,2020-06-09,-0.013845806724280521,exper2_11
17.6798,17.904194,Validation,2020,2020-06-10,0.006306034082123213,exper2_11
17.260800000000017,17.186584,Validation,2020,2020-06-11,-0.0021544604468498457,exper2_11
17.000400000000013,17.211954,Validation,2020,2020-06-12,0.006183559193234828,exper2_11
17.23580000000004,16.770437,Validation,2020,2020-06-13,-0.013684629560951534,exper2_11
17.011199999999974,16.487104,Validation,2020,2020-06-14,-0.01564543618684646,exper2_11
16.80940000000004,16.25741,Validation,2020,2020-06-15,-0.01669317208815356,exper2_11
17.265600000000006,16.49324,Validation,2020,2020-06-16,-0.022878737403289773,exper2_11
18.0342,17.179794,Validation,2020,2020-06-17,-0.02426324264489828,exper2_11
18.724800000000016,17.667692,Validation,2020,2020-06-18,-0.02904741478528123,exper2_11
19.451999999999998,19.016478,Validation,2020,2020-06-19,-0.011321540193542215,exper2_11
19.474800000000016,18.810081,Validation,2020,2020-06-20,-0.0173624285184244,exper2_11
19.790999999999997,18.9491,Validation,2020,2020-06-21,-0.021731990750443755,exper2_11
20.11280000000005,19.325247,Validation,2020,2020-06-22,-0.019969376091643447,exper2_11
19.616800000000012,18.745857,Validation,2020,2020-06-23,-0.022702878891045653,exper2_11
19.567799999999977,18.617556,Validation,2020,2020-06-24,-0.02488504732580763,exper2_11
19.95060000000001,18.763689,Validation,2020,2020-06-25,-0.030658214015014063,exper2_11
20.560400000000016,19.349854,Validation,2020,2020-06-26,-0.030331716231796976,exper2_11
20.881400000000042,19.590149,Validation,2020,2020-06-27,-0.031905155806780494,exper2_11
21.72120000000001,20.253674,Validation,2020,2020-06-28,-0.03496202185490579,exper2_11
22.23920000000004,20.682182,Validation,2020,2020-06-29,-0.03627603781886078,exper2_11
22.298400000000015,20.97364,Validation,2020,2020-06-30,-0.03061467738930323,exper2_11
,21.682758,Validation,2020,2020-07-01,,exper2_11
,22.41193,Validation,2020,2020-07-02,,exper2_11
,22.97345,Validation,2020,2020-07-03,,exper2_11
,23.342121,Validation,2020,2020-07-04,,exper2_11
,23.611216,Validation,2020,2020-07-05,,exper2_11
,23.69896,Validation,2020,2020-07-06,,exper2_11
27.10650000000004,23.651428,Validation,2020,2020-07-07,-0.06806959815593075,exper2_11
26.430000000000007,23.934076,Validation,2020,2020-07-08,-0.049557618717605105,exper2_11
25.202750000000037,23.825983,Validation,2020,2020-07-09,-0.028080818469880857,exper2_11
24.91550000000001,23.798996,Validation,2020,2020-07-10,-0.022919338608561275,exper2_11
24.91375000000005,23.860348,Validation,2020,2020-07-11,-0.021597575369700615,exper2_11
24.560500000000047,23.580574,Validation,2020,2020-07-12,-0.02035529916989305,exper2_11
24.54725000000002,23.797382,Validation,2020,2020-07-13,-0.015510876983434677,exper2_11
23.99675000000002,23.51986,Validation,2020,2020-07-14,-0.010036294527754125,exper2_11
23.879999999999995,22.823353,Validation,2020,2020-07-15,-0.02262465374796103,exper2_11
23.60775000000001,22.819744,Validation,2020,2020-07-16,-0.01697282838534756,exper2_11
23.911,23.359205,Validation,2020,2020-07-17,-0.011673204107260462,exper2_11
24.417500000000018,23.460041,Validation,2020,2020-07-18,-0.01999808120752644,exper2_11
24.162249999999972,23.17732,Validation,2020,2020-07-19,-0.020805628561040544,exper2_11
23.68100000000004,22.322899,Validation,2020,2020-07-20,-0.029521435547166002,exper2_11
23.031750000000045,22.133167,Validation,2020,2020-07-21,-0.019895591258261097,exper2_11
22.400500000000022,22.50414,Validation,2020,2020-07-22,0.0023080209954035127,exper2_11
22.367500000000007,21.629578,Validation,2020,2020-07-23,-0.016772076758693785,exper2_11
22.433500000000038,21.717293,Validation,2020,2020-07-24,-0.016221842670702348,exper2_11
22.771000000000015,22.364828,Validation,2020,2020-07-25,-0.008998879765122642,exper2_11
23.12900000000002,22.742682,Validation,2020,2020-07-26,-0.008421720853558929,exper2_11
23.17750000000001,22.561197,Validation,2020,2020-07-27,-0.01347442659618117,exper2_11
23.137,22.422022,Validation,2020,2020-07-28,-0.015693447858925343,exper2_11
23.351500000000044,22.20517,Validation,2020,2020-07-29,-0.02516273314916898,exper2_11
23.17700000000002,21.809551,Validation,2020,2020-07-30,-0.030396834683349905,exper2_11
23.426000000000045,21.768188,Validation,2020,2020-07-31,-0.03668196242305084,exper2_11
24.024249999999995,21.962774,Validation,2020,2020-08-01,-0.04482733457293032,exper2_11
23.169750000000022,21.651194,Validation,2020,2020-08-02,-0.03388050894558856,exper2_11
22.094749999999976,19.876991,Validation,2020,2020-08-03,-0.052839330959763335,exper2_11
21.792500000000018,20.62074,Validation,2020,2020-08-04,-0.027627200489634487,exper2_11
21.653250000000014,20.661491,Validation,2020,2020-08-05,-0.02343766198927223,exper2_11
21.92025000000001,20.706038,Validation,2020,2020-08-06,-0.02848506283896289,exper2_11
21.99675000000002,20.755999,Validation,2020,2020-08-07,-0.029021558352332968,exper2_11
22.040999999999997,21.240604,Validation,2020,2020-08-08,-0.018492743290114556,exper2_11
22.552750000000003,21.112076,Validation,2020,2020-08-09,-0.03299392973071384,exper2_11
22.72800000000001,20.864883,Validation,2020,2020-08-10,-0.04273900762829083,exper2_11
22.522000000000048,20.862864,Validation,2020,2020-08-11,-0.03824228829937671,exper2_11
22.806249999999977,21.162292,Validation,2020,2020-08-12,-0.03738940221321846,exper2_11
22.80125000000004,20.711746,Validation,2020,2020-08-13,-0.048020223057405304,exper2_11
22.78275000000002,21.17372,Validation,2020,2020-08-14,-0.03660509171029504,exper2_11
22.644000000000005,21.264492,Validation,2020,2020-08-15,-0.03141779417045419,exper2_11
22.588750000000005,21.074347,Validation,2020,2020-08-16,-0.03468383091365163,exper2_11
22.458500000000015,20.96421,Validation,2020,2020-08-17,-0.034412625839956364,exper2_11
22.513750000000016,20.98041,Validation,2020,2020-08-18,-0.03525393733611222,exper2_11
22.378750000000025,21.045027,Validation,2020,2020-08-19,-0.030714122993208807,exper2_11
22.320749999999975,21.120762,Validation,2020,2020-08-20,-0.027623074726683742,exper2_11
22.79725000000002,21.288624,Validation,2020,2020-08-21,-0.03422017212800971,exper2_11
22.781750000000045,20.93301,Validation,2020,2020-08-22,-0.04229097664946191,exper2_11
23.001250000000027,20.732449,Validation,2020,2020-08-23,-0.05187764803561928,exper2_11
23.117999999999995,20.595764,Validation,2020,2020-08-24,-0.05769889389078705,exper2_11
23.402499999999975,20.606537,Validation,2020,2020-08-25,-0.06353156837600135,exper2_11
23.10050000000001,20.512793,Validation,2020,2020-08-26,-0.05933299824912638,exper2_11
23.429750000000013,20.635784,Validation,2020,2020-08-27,-0.06340478799989131,exper2_11
22.85050000000001,20.046747,Validation,2020,2020-08-28,-0.06535973692640482,exper2_11
22.141750000000002,20.181149,Validation,2020,2020-08-29,-0.046324839249878035,exper2_11
21.928999999999974,20.60526,Validation,2020,2020-08-30,-0.031121715167459013,exper2_11
21.282249999999976,19.650303,Validation,2020,2020-08-31,-0.03986917497043937,exper2_11
20.825499999999977,19.636246,Validation,2020,2020-09-01,-0.029392065297160055,exper2_11
20.341750000000047,20.215435,Validation,2020,2020-09-02,-0.003114490609652329,exper2_11
19.67500000000001,19.63856,Validation,2020,2020-09-03,-0.0009269234121710328,exper2_11
18.937250000000006,20.230846,Validation,2020,2020-09-04,0.033026787711418856,exper2_11
18.893250000000023,20.066208,Validation,2020,2020-09-05,0.030107140843236055,exper2_11
18.728499999999997,18.939075,Validation,2020,2020-09-06,0.005590364321127624,exper2_11
18.273750000000007,19.245771,Validation,2020,2020-09-07,0.025907084408376573,exper2_11
17.72950000000003,18.275578,Validation,2020,2020-09-08,0.015166681545983801,exper2_11
17.173249999999996,18.170206,Validation,2020,2020-09-09,0.028207656545338192,exper2_11
17.209750000000042,16.430964,Validation,2020,2020-09-10,-0.02315011788881468,exper2_11
17.058500000000038,16.745106,Validation,2020,2020-09-11,-0.009271030403404436,exper2_11
16.91825,16.30182,Validation,2020,2020-09-12,-0.018555928117710205,exper2_11
16.866250000000036,16.496738,Validation,2020,2020-09-13,-0.011075493638554692,exper2_11
16.786999999999978,16.54771,Validation,2020,2020-09-14,-0.007178390881252764,exper2_11
16.69425000000001,16.654348,Validation,2020,2020-09-15,-0.0011965008586008888,exper2_11
16.817000000000007,16.719234,Validation,2020,2020-09-16,-0.00291522095436144,exper2_11
16.666750000000036,16.521011,Validation,2020,2020-09-17,-0.0043913370929980905,exper2_11
16.589,16.229649,Validation,2020,2020-09-18,-0.010949610217059388,exper2_11
16.201999999999998,15.929538,Validation,2020,2020-09-19,-0.008479588770117962,exper2_11
16.017750000000035,16.0181,Validation,2020,2020-09-20,1.0948313132631157e-05,exper2_11
15.765000000000043,16.246786,Validation,2020,2020-09-21,0.015050272914621248,exper2_11
16.387999999999977,16.459929,Validation,2020,2020-09-22,0.0021897427274822907,exper2_11
16.92575000000005,16.623285,Validation,2020,2020-09-23,-0.00901560071024864,exper2_11
16.885250000000042,16.408138,Validation,2020,2020-09-24,-0.014330524754962257,exper2_11
16.670500000000004,16.442053,Validation,2020,2020-09-25,-0.006899110434316325,exper2_11
16.659250000000043,16.16999,Validation,2020,2020-09-26,-0.014903161096883407,exper2_11
16.275250000000028,16.120443,Validation,2020,2020-09-27,-0.004778618387308988,exper2_11
15.96550000000002,15.175851,Validation,2020,2020-09-28,-0.025356932495200005,exper2_11
15.555250000000001,14.670194,Validation,2020,2020-09-29,-0.029281830811781945,exper2_11
15.153250000000014,13.982801,Validation,2020,2020-09-30,-0.04017183197035903,exper2_11
14.650250000000028,13.5024395,Validation,2020,2020-10-01,-0.04077090045494418,exper2_11
14.251750000000015,13.009608,Validation,2020,2020-10-02,-0.04556419086009588,exper2_11
13.904250000000047,12.85186,Validation,2020,2020-10-03,-0.03933269641172846,exper2_11
13.601750000000038,12.486835,Validation,2020,2020-10-04,-0.042735759497578144,exper2_11
13.182749999999999,12.915328,Validation,2020,2020-10-05,-0.01024680721383302,exper2_11
13.073750000000018,13.085449,Validation,2020,2020-10-06,0.00044723153228621047,exper2_11
13.016500000000008,12.64544,Validation,2020,2020-10-07,-0.014459541909420826,exper2_11
13.065500000000043,13.087815,Validation,2020,2020-10-08,0.0008532487941209918,exper2_11
12.869500000000016,13.229724,Validation,2020,2020-10-09,0.013802093553435278,exper2_11
12.895750000000021,12.693612,Validation,2020,2020-10-10,-0.007899294266365896,exper2_11
12.660750000000007,12.611833,Validation,2020,2020-10-11,-0.0019355909138627926,exper2_11
12.516500000000008,12.654898,Validation,2020,2020-10-12,0.005498212356928579,exper2_11
12.225500000000011,12.225717,Validation,2020,2020-10-13,8.858081990796155e-06,exper2_11
11.880999999999972,12.23958,Validation,2020,2020-10-14,0.014866149658232047,exper2_11
11.397000000000048,11.039498,Validation,2020,2020-10-15,-0.015933933432596963,exper2_11
10.922500000000014,10.637082,Validation,2020,2020-10-16,-0.01323856365873594,exper2_11
10.501750000000015,10.303876,Validation,2020,2020-10-17,-0.009510604370861174,exper2_11
10.101500000000044,9.268143,Validation,2020,2020-10-18,-0.04302388602120816,exper2_11
9.698249999999973,9.199639,Validation,2020,2020-10-19,-0.02638446395645327,exper2_11
9.407500000000027,8.908011,Validation,2020,2020-10-20,-0.027271341303811238,exper2_11
9.094000000000051,8.467096,Validation,2020,2020-10-21,-0.035698435879478116,exper2_11
8.823000000000036,8.348963,Validation,2020,2020-10-22,-0.027605301860623193,exper2_11
8.40625,7.4551415,Validation,2020,2020-10-23,-0.059963746118935665,exper2_11
8.101999999999975,6.8313346,Validation,2020,2020-10-24,-0.08508919433583269,exper2_11
7.803250000000048,6.685208,Validation,2020,2020-10-25,-0.07716778198719546,exper2_11
7.491750000000025,6.1401267,Validation,2020,2020-10-26,-0.0991516666459991,exper2_11
7.2379999999999995,5.686794,Validation,2020,2020-10-27,-0.12001786793155492,exper2_11
7.021000000000015,5.9499702,Validation,2020,2020-10-28,-0.08257129068827421,exper2_11
6.7242500000000405,5.6451106,Validation,2020,2020-10-29,-0.08724294061160089,exper2_11
6.63775000000004,5.428201,Validation,2020,2020-10-30,-0.10024479475474049,exper2_11
6.474749999999972,5.3864436,Validation,2020,2020-10-31,-0.09175353007201997,exper2_11
6.168000000000006,5.137947,Validation,2020,2020-11-01,-0.09110717660027533,exper2_11
5.979499999999973,5.3288846,Validation,2020,2020-11-02,-0.057533893772529154,exper2_11
5.9465000000000146,5.9277434,Validation,2020,2020-11-03,-0.00157960085598979,exper2_11
6.055499999999995,6.421713,Validation,2020,2020-11-04,0.029350535173542722,exper2_11
6.078750000000014,6.796181,Validation,2020,2020-11-05,0.05572310955937273,exper2_11
,7.04497,Validation,2020,2020-11-06,,exper2_11
,7.177536,Validation,2020,2020-11-07,,exper2_11
,7.2674627,Validation,2020,2020-11-08,,exper2_11
,7.3685465,Validation,2020,2020-11-09,,exper2_11
,7.2843223,Validation,2020,2020-11-10,,exper2_11
,6.7889132,Validation,2020,2020-11-11,,exper2_11
,6.557297,Validation,2020,2020-11-12,,exper2_11
,6.3503995,Validation,2020,2020-11-13,,exper2_11
,6.3633986,Validation,2020,2020-11-14,,exper2_11
,6.294002,Validation,2020,2020-11-15,,exper2_11
,5.898153,Validation,2020,2020-11-16,,exper2_11
,5.5777416,Validation,2020,2020-11-17,,exper2_11
,5.807782,Validation,2020,2020-11-18,,exper2_11
,5.8271484,Validation,2020,2020-11-19,,exper2_11
,5.786551,Validation,2020,2020-11-20,,exper2_11
,5.591865,Validation,2020,2020-11-21,,exper2_11
,5.59864,Validation,2020,2020-11-22,,exper2_11
,5.606465,Validation,2020,2020-11-23,,exper2_11
,5.610046,Validation,2020,2020-11-24,,exper2_11
,5.778486,Validation,2020,2020-11-25,,exper2_11
,5.656797,Validation,2020,2020-11-26,,exper2_11
,5.6565604,Validation,2020,2020-11-27,,exper2_11
,5.5831323,Validation,2020,2020-11-28,,exper2_11
,5.7997956,Validation,2020,2020-11-29,,exper2_11
,5.5185037,Validation,2020,2020-11-30,,exper2_11
,5.29178,Validation,2020,2020-12-01,,exper2_11
,5.408805,Validation,2020,2020-12-02,,exper2_11
,5.2754617,Validation,2020,2020-12-03,,exper2_11
,5.5837693,Validation,2020,2020-12-04,,exper2_11
,5.498444,Validation,2020,2020-12-05,,exper2_11
,5.4548125,Validation,2020,2020-12-06,,exper2_11
,5.829229,Validation,2020,2020-12-07,,exper2_11
,5.51963,Validation,2020,2020-12-08,,exper2_11
,5.711138,Validation,2020,2020-12-09,,exper2_11
,5.737125,Validation,2020,2020-12-10,,exper2_11
,5.975719,Validation,2020,2020-12-11,,exper2_11
,5.819479,Validation,2020,2020-12-12,,exper2_11
,5.8826337,Validation,2020,2020-12-13,,exper2_11
,5.3057404,Validation,2020,2020-12-14,,exper2_11
,5.366813,Validation,2020,2020-12-15,,exper2_11
,5.1093373,Validation,2020,2020-12-16,,exper2_11
,4.985738,Validation,2020,2020-12-17,,exper2_11
,4.8129544,Validation,2020,2020-12-18,,exper2_11
,5.2946434,Validation,2020,2020-12-19,,exper2_11
,4.926345,Validation,2020,2020-12-20,,exper2_11
,5.4088044,Validation,2020,2020-12-21,,exper2_11
,5.4525676,Validation,2020,2020-12-22,,exper2_11
,5.8328414,Validation,2020,2020-12-23,,exper2_11
,5.026092,Validation,2020,2020-12-24,,exper2_11
,5.032991,Validation,2020,2020-12-25,,exper2_11
,4.777193,Validation,2020,2020-12-26,,exper2_11
,4.257735,Validation,2020,2020-12-27,,exper2_11
,3.6084683,Validation,2020,2020-12-28,,exper2_11
,3.3952322,Validation,2020,2020-12-29,,exper2_11
,3.5466993,Validation,2020,2020-12-30,,exper2_11
,3.355225,Validation,2020,2020-12-31,,exper2_11
,3.9314523,Validation,2021,2021-01-01,,exper2_11
,3.6331167,Validation,2021,2021-01-02,,exper2_11
,3.3636513,Validation,2021,2021-01-03,,exper2_11
,2.9459312,Validation,2021,2021-01-04,,exper2_11
,2.6964798,Validation,2021,2021-01-05,,exper2_11
,2.486775,Validation,2021,2021-01-06,,exper2_11
,2.3632293,Validation,2021,2021-01-07,,exper2_11
,2.2664645,Validation,2021,2021-01-08,,exper2_11
,2.2012157,Validation,2021,2021-01-09,,exper2_11
,2.1487608,Validation,2021,2021-01-10,,exper2_11
,2.11298,Validation,2021,2021-01-11,,exper2_11
,2.118751,Validation,2021,2021-01-12,,exper2_11
,2.0459104,Validation,2021,2021-01-13,,exper2_11
,2.1170835,Validation,2021,2021-01-14,,exper2_11
,2.1252575,Validation,2021,2021-01-15,,exper2_11
,2.110363,Validation,2021,2021-01-16,,exper2_11
,2.0931487,Validation,2021,2021-01-17,,exper2_11
,2.0690906,Validation,2021,2021-01-18,,exper2_11
,2.0638957,Validation,2021,2021-01-19,,exper2_11
,2.1975658,Validation,2021,2021-01-20,,exper2_11
,2.1833394,Validation,2021,2021-01-21,,exper2_11
,2.3625963,Validation,2021,2021-01-22,,exper2_11
,2.6270483,Validation,2021,2021-01-23,,exper2_11
,2.6617937,Validation,2021,2021-01-24,,exper2_11
,2.6825728,Validation,2021,2021-01-25,,exper2_11
,2.7546988,Validation,2021,2021-01-26,,exper2_11
,2.8539925,Validation,2021,2021-01-27,,exper2_11
,2.9632392,Validation,2021,2021-01-28,,exper2_11
,2.8430383,Validation,2021,2021-01-29,,exper2_11
,2.8481193,Validation,2021,2021-01-30,,exper2_11
,2.7684698,Validation,2021,2021-01-31,,exper2_11
,2.6996467,Validation,2021,2021-02-01,,exper2_11
,2.629064,Validation,2021,2021-02-02,,exper2_11
,2.5391612,Validation,2021,2021-02-03,,exper2_11
,2.7701144,Validation,2021,2021-02-04,,exper2_11
,2.6922803,Validation,2021,2021-02-05,,exper2_11
,3.3739002,Validation,2021,2021-02-06,,exper2_11
,3.780659,Validation,2021,2021-02-07,,exper2_11
,4.081267,Validation,2021,2021-02-08,,exper2_11
,4.2230964,Validation,2021,2021-02-09,,exper2_11
,4.3460765,Validation,2021,2021-02-10,,exper2_11
,4.4613266,Validation,2021,2021-02-11,,exper2_11
,4.6129756,Validation,2021,2021-02-12,,exper2_11
,4.578047,Validation,2021,2021-02-13,,exper2_11
,4.304729,Validation,2021,2021-02-14,,exper2_11
,4.3886943,Validation,2021,2021-02-15,,exper2_11
,4.454373,Validation,2021,2021-02-16,,exper2_11
,4.4910064,Validation,2021,2021-02-17,,exper2_11
,4.55602,Validation,2021,2021-02-18,,exper2_11
,4.4990478,Validation,2021,2021-02-19,,exper2_11
,4.5654693,Validation,2021,2021-02-20,,exper2_11
,4.6922774,Validation,2021,2021-02-21,,exper2_11
,4.4568954,Validation,2021,2021-02-22,,exper2_11
,4.1720934,Validation,2021,2021-02-23,,exper2_11
,4.2974925,Validation,2021,2021-02-24,,exper2_11
,4.4366536,Validation,2021,2021-02-25,,exper2_11
,4.6605096,Validation,2021,2021-02-26,,exper2_11
,4.773089,Validation,2021,2021-02-27,,exper2_11
,5.249825,Validation,2021,2021-02-28,,exper2_11
,4.466251,Validation,2021,2021-03-01,,exper2_11
,4.560064,Validation,2021,2021-03-02,,exper2_11
,4.583777,Validation,2021,2021-03-03,,exper2_11
,4.8688025,Validation,2021,2021-03-04,,exper2_11
,4.91587,Validation,2021,2021-03-05,,exper2_11
,4.942925,Validation,2021,2021-03-06,,exper2_11
,5.0302453,Validation,2021,2021-03-07,,exper2_11
,5.073626,Validation,2021,2021-03-08,,exper2_11
,4.8799276,Validation,2021,2021-03-09,,exper2_11
,5.748959,Validation,2021,2021-03-10,,exper2_11
,4.6404023,Validation,2021,2021-03-11,,exper2_11
,4.7150965,Validation,2021,2021-03-12,,exper2_11
,4.8000464,Validation,2021,2021-03-13,,exper2_11
,4.9366603,Validation,2021,2021-03-14,,exper2_11
,4.891855,Validation,2021,2021-03-15,,exper2_11
,5.2189107,Validation,2021,2021-03-16,,exper2_11
,4.884355,Validation,2021,2021-03-17,,exper2_11
,4.8955674,Validation,2021,2021-03-18,,exper2_11
,4.8197136,Validation,2021,2021-03-19,,exper2_11
,4.6827655,Validation,2021,2021-03-20,,exper2_11
,4.5583005,Validation,2021,2021-03-21,,exper2_11
,4.386988,Validation,2021,2021-03-22,,exper2_11
,4.425242,Validation,2021,2021-03-23,,exper2_11
,5.1473327,Validation,2021,2021-03-24,,exper2_11
,4.506952,Validation,2021,2021-03-25,,exper2_11
,4.241939,Validation,2021,2021-03-26,,exper2_11
,4.2506256,Validation,2021,2021-03-27,,exper2_11
,4.262606,Validation,2021,2021-03-28,,exper2_11
,4.0837636,Validation,2021,2021-03-29,,exper2_11
,3.7812629,Validation,2021,2021-03-30,,exper2_11
,3.4161754,Validation,2021,2021-03-31,,exper2_11
,3.3573046,Validation,2021,2021-04-01,,exper2_11
,3.1832213,Validation,2021,2021-04-02,,exper2_11
,3.2644336,Validation,2021,2021-04-03,,exper2_11
,3.544061,Validation,2021,2021-04-04,,exper2_11
,3.4129257,Validation,2021,2021-04-05,,exper2_11
,3.6744852,Validation,2021,2021-04-06,,exper2_11
,3.5400248,Validation,2021,2021-04-07,,exper2_11
,3.3754532,Validation,2021,2021-04-08,,exper2_11
,3.2754407,Validation,2021,2021-04-09,,exper2_11
,3.8283925,Validation,2021,2021-04-10,,exper2_11
,3.6165886,Validation,2021,2021-04-11,,exper2_11
,3.6865554,Validation,2021,2021-04-12,,exper2_11
,4.065031,Validation,2021,2021-04-13,,exper2_11
,3.694092,Validation,2021,2021-04-14,,exper2_11
,3.376341,Validation,2021,2021-04-15,,exper2_11
,3.7730646,Validation,2021,2021-04-16,,exper2_11
,3.5286386,Validation,2021,2021-04-17,,exper2_11
,3.578526,Validation,2021,2021-04-18,,exper2_11
,3.1880727,Validation,2021,2021-04-19,,exper2_11
,3.2413821,Validation,2021,2021-04-20,,exper2_11
,3.286119,Validation,2021,2021-04-21,,exper2_11
,3.4416187,Validation,2021,2021-04-22,,exper2_11
,3.7884333,Validation,2021,2021-04-23,,exper2_11
,4.6456532,Validation,2021,2021-04-24,,exper2_11
,4.244828,Validation,2021,2021-04-25,,exper2_11
,4.3994327,Validation,2021,2021-04-26,,exper2_11
,4.113663,Validation,2021,2021-04-27,,exper2_11
,3.9911742,Validation,2021,2021-04-28,,exper2_11
,4.8221765,Validation,2021,2021-04-29,,exper2_11
,4.4961357,Validation,2021,2021-04-30,,exper2_11
,4.3481097,Validation,2021,2021-05-01,,exper2_11
,5.862227,Validation,2021,2021-05-02,,exper2_11
,6.1883354,Validation,2021,2021-05-03,,exper2_11
,6.1825137,Validation,2021,2021-05-04,,exper2_11
,5.968796,Validation,2021,2021-05-05,,exper2_11
,6.245431,Validation,2021,2021-05-06,,exper2_11
,5.7185316,Validation,2021,2021-05-07,,exper2_11
,5.939916,Validation,2021,2021-05-08,,exper2_11
,6.1279006,Validation,2021,2021-05-09,,exper2_11
,5.386776,Validation,2021,2021-05-10,,exper2_11
,5.3207307,Validation,2021,2021-05-11,,exper2_11
,7.242199,Validation,2021,2021-05-12,,exper2_11
,7.5760345,Validation,2021,2021-05-13,,exper2_11
,8.997292,Validation,2021,2021-05-14,,exper2_11
,9.53285,Validation,2021,2021-05-15,,exper2_11
,11.918014,Validation,2021,2021-05-16,,exper2_11
,14.8774605,Validation,2021,2021-05-17,,exper2_11
,14.474042,Validation,2021,2021-05-18,,exper2_11
,13.98941,Validation,2021,2021-05-19,,exper2_11
,13.381015,Validation,2021,2021-05-20,,exper2_11
,12.247921,Validation,2021,2021-05-21,,exper2_11
,11.280573,Validation,2021,2021-05-22,,exper2_11
,11.910547,Validation,2021,2021-05-23,,exper2_11
,11.377669,Validation,2021,2021-05-24,,exper2_11
,11.956113,Validation,2021,2021-05-25,,exper2_11
,13.098962,Validation,2021,2021-05-26,,exper2_11
,12.117857,Validation,2021,2021-05-27,,exper2_11
,11.514168,Validation,2021,2021-05-28,,exper2_11
,12.111014,Validation,2021,2021-05-29,,exper2_11
,12.664126,Validation,2021,2021-05-30,,exper2_11
,12.835097,Validation,2021,2021-05-31,,exper2_11
,13.338343,Validation,2021,2021-06-01,,exper2_11
,13.521155,Validation,2021,2021-06-02,,exper2_11
,14.416205,Validation,2021,2021-06-03,,exper2_11
,14.864322,Validation,2021,2021-06-04,,exper2_11
,15.634387,Validation,2021,2021-06-05,,exper2_11
,16.324543,Validation,2021,2021-06-06,,exper2_11
,16.978281,Validation,2021,2021-06-07,,exper2_11
,18.600033,Validation,2021,2021-06-08,,exper2_11
,19.140223,Validation,2021,2021-06-09,,exper2_11
,19.76281,Validation,2021,2021-06-10,,exper2_11
,20.280468,Validation,2021,2021-06-11,,exper2_11
,20.184502,Validation,2021,2021-06-12,,exper2_11
,20.592361,Validation,2021,2021-06-13,,exper2_11
,19.728111,Validation,2021,2021-06-14,,exper2_11
,19.3722,Validation,2021,2021-06-15,,exper2_11
,19.73278,Validation,2021,2021-06-16,,exper2_11
,19.620779,Validation,2021,2021-06-17,,exper2_11
22.726999999999975,20.104446,Validation,2021,2021-06-18,-0.06122962936375426,exper2_11
22.406600000000026,20.933197,Validation,2021,2021-06-19,-0.03399653620401719,exper2_11
23.425200000000018,21.145573,Validation,2021,2021-06-20,-0.051146237802872495,exper2_11
,19.773956,Validation,2021,2021-06-21,,exper2_11
,18.998878,Validation,2021,2021-06-22,,exper2_11
,18.776827,Validation,2021,2021-06-23,,exper2_11
,19.670725,Validation,2021,2021-06-24,,exper2_11
,19.430157,Validation,2021,2021-06-25,,exper2_11
,20.434538,Validation,2021,2021-06-26,,exper2_11
,20.526176,Validation,2021,2021-06-27,,exper2_11
,20.542126,Validation,2021,2021-06-28,,exper2_11
,20.699253,Validation,2021,2021-06-29,,exper2_11
,20.90896,Validation,2021,2021-06-30,,exper2_11
,20.27708,Validation,2021,2021-07-01,,exper2_11
,20.14185,Validation,2021,2021-07-02,,exper2_11
,20.990873,Validation,2021,2021-07-03,,exper2_11
,21.320274,Validation,2021,2021-07-04,,exper2_11
,22.064344,Validation,2021,2021-07-05,,exper2_11
,22.10664,Validation,2021,2021-07-06,,exper2_11
,20.640078,Validation,2021,2021-07-07,,exper2_11
,20.887346,Validation,2021,2021-07-08,,exper2_11
23.165399999999977,20.895554,Validation,2021,2021-07-09,-0.05151605279161069,exper2_11
23.105999999999995,21.604486,Validation,2021,2021-07-10,-0.03358302835076619,exper2_11
23.19500000000005,21.871029,Validation,2021,2021-07-11,-0.029378472702511864,exper2_11
23.41900000000004,22.046185,Validation,2021,2021-07-12,-0.030194872716364188,exper2_11
23.771600000000035,22.141497,Validation,2021,2021-07-13,-0.035504103628768414,exper2_11
23.902600000000007,22.66194,Validation,2021,2021-07-14,-0.02664388801279074,exper2_11
23.343600000000038,21.575726,Validation,2021,2021-07-15,-0.039356656021003064,exper2_11
23.894000000000005,22.11028,Validation,2021,2021-07-16,-0.038772934872430664,exper2_11
24.211599999999976,22.347958,Validation,2021,2021-07-17,-0.04002706392709223,exper2_11
24.404999999999973,22.685547,Validation,2021,2021-07-18,-0.0365137642075849,exper2_11
24.276800000000037,23.05406,Validation,2021,2021-07-19,-0.025833885506358772,exper2_11
24.088600000000042,22.9967,Validation,2021,2021-07-20,-0.023189821589380405,exper2_11
23.51320000000004,22.511318,Validation,2021,2021-07-21,-0.021768436308480146,exper2_11
23.355800000000045,22.711475,Validation,2021,2021-07-22,-0.013986601605547041,exper2_11
23.47240000000005,22.94077,Validation,2021,2021-07-23,-0.01145430949141703,exper2_11
23.49980000000005,23.408138,Validation,2021,2021-07-24,-0.00195407703310063,exper2_11
23.56540000000001,23.303982,Validation,2021,2021-07-25,-0.005577590509207295,exper2_11
23.90960000000001,23.552895,Validation,2021,2021-07-26,-0.0075155216930556466,exper2_11
24.304400000000044,23.632113,Validation,2021,2021-07-27,-0.014024539163241919,exper2_11
23.984200000000044,23.737005,Validation,2021,2021-07-28,-0.005179977434025391,exper2_11
23.82340000000005,23.096497,Validation,2021,2021-07-29,-0.015492434359865536,exper2_11
23.833799999999997,23.049505,Validation,2021,2021-07-30,-0.01672865772421077,exper2_11
23.53679999999997,22.795582,Validation,2021,2021-07-31,-0.015997843264147174,exper2_11
23.043600000000026,21.899014,Validation,2021,2021-08-01,-0.02546773298401343,exper2_11
22.94640000000004,21.866043,Validation,2021,2021-08-02,-0.024108413526800862,exper2_11
22.981600000000014,21.876236,Validation,2021,2021-08-03,-0.024641492715440975,exper2_11
23.233400000000017,22.043386,Validation,2021,2021-08-04,-0.026283083091990702,exper2_11
22.975000000000023,21.837433,Validation,2021,2021-08-05,-0.02538507878365126,exper2_11
22.90360000000004,21.982513,Validation,2021,2021-08-06,-0.020520524098139897,exper2_11
22.415200000000027,21.786024,Validation,2021,2021-08-07,-0.014234354800658097,exper2_11
22.342399999999998,22.446968,Validation,2021,2021-08-08,0.0023346629590698382,exper2_11
22.814800000000048,22.395073,Validation,2021,2021-08-09,-0.009283969091731578,exper2_11
22.807200000000023,22.501575,Validation,2021,2021-08-10,-0.0067453716605490365,exper2_11
22.742999999999995,22.366457,Validation,2021,2021-08-11,-0.008347318715178027,exper2_11
22.393400000000042,22.246311,Validation,2021,2021-08-12,-0.0032950215927088017,exper2_11
22.11500000000001,21.832733,Validation,2021,2021-08-13,-0.006422785100476476,exper2_11
22.30540000000002,21.718609,Validation,2021,2021-08-14,-0.013328889372967523,exper2_11
22.256400000000042,21.58841,Validation,2021,2021-08-15,-0.015235339939894612,exper2_11
22.31140000000005,21.343887,Validation,2021,2021-08-16,-0.022162554185126627,exper2_11
22.33680000000004,21.100298,Validation,2021,2021-08-17,-0.028466498249889238,exper2_11
22.915200000000027,21.397476,Validation,2021,2021-08-18,-0.03425033046950264,exper2_11
23.697600000000023,21.525143,Validation,2021,2021-08-19,-0.04803904411969555,exper2_11
23.708199999999977,21.64177,Validation,2021,2021-08-20,-0.045566306168268456,exper2_11
23.240400000000022,21.64312,Validation,2021,2021-08-21,-0.03558723100769024,exper2_11
23.054200000000037,21.678953,Validation,2021,2021-08-22,-0.030743346528098115,exper2_11
22.78679999999997,21.58125,Validation,2021,2021-08-23,-0.027171597211725747,exper2_11
22.836400000000026,20.79441,Validation,2021,2021-08-24,-0.04680154371216169,exper2_11
23.090599999999995,20.618902,Validation,2021,2021-08-25,-0.05654829427949893,exper2_11
23.04400000000004,20.576328,Validation,2021,2021-08-26,-0.05657159906520088,exper2_11
22.32280000000003,19.692802,Validation,2021,2021-08-27,-0.0625957363156374,exper2_11
22.383200000000045,20.580465,Validation,2021,2021-08-28,-0.04195951788414611,exper2_11
22.274800000000027,20.295202,Validation,2021,2021-08-29,-0.04650217617751974,exper2_11
22.087400000000002,20.249002,Validation,2021,2021-08-30,-0.043423565458041026,exper2_11
22.128000000000043,20.034143,Validation,2021,2021-08-31,-0.04966200436921921,exper2_11
22.05200000000002,20.383255,Validation,2021,2021-09-01,-0.039324495514995575,exper2_11
21.976800000000026,19.957808,Validation,2021,2021-09-02,-0.04814621091034654,exper2_11
21.49860000000001,19.466171,Validation,2021,2021-09-03,-0.04961406283026184,exper2_11
21.071199999999976,19.565512,Validation,2021,2021-09-04,-0.03705241475971611,exper2_11
20.66500000000002,19.490442,Validation,2021,2021-09-05,-0.029250274867499624,exper2_11
20.408600000000035,19.402807,Validation,2021,2021-09-06,-0.02526393398573185,exper2_11
20.143400000000042,19.389505,Validation,2021,2021-09-07,-0.01907005332089152,exper2_11
19.730000000000018,19.322752,Validation,2021,2021-09-08,-0.010428151161027206,exper2_11
19.777800000000013,19.117706,Validation,2021,2021-09-09,-0.016970950219814363,exper2_11
19.69840000000005,19.118427,Validation,2021,2021-09-10,-0.014941270682835453,exper2_11
19.639200000000017,19.159801,Validation,2021,2021-09-11,-0.012355949857468993,exper2_11
19.69300000000004,19.143536,Validation,2021,2021-09-12,-0.014148130807736125,exper2_11
19.724800000000016,19.108036,Validation,2021,2021-09-13,-0.015882537090130128,exper2_11
19.25460000000004,18.839882,Validation,2021,2021-09-14,-0.010886566305035893,exper2_11
19.12220000000002,18.833878,Validation,2021,2021-09-15,-0.0075962126497733234,exper2_11
18.857199999999978,18.891296,Validation,2021,2021-09-16,0.0009032515194636678,exper2_11
18.620799999999974,18.929567,Validation,2021,2021-09-17,0.008222751438482463,exper2_11
18.53460000000001,18.915653,Validation,2021,2021-09-18,0.010174917281123363,exper2_11
18.567000000000007,18.938257,Validation,2021,2021-09-19,0.00989880472636536,exper2_11
18.736800000000017,19.014805,Validation,2021,2021-09-20,0.007364053561841286,exper2_11
18.515800000000013,18.866291,Validation,2021,2021-09-21,0.009375907990538479,exper2_11
18.24739999999997,18.461607,Validation,2021,2021-09-22,0.005835270332715014,exper2_11
18.026599999999974,18.076504,Validation,2021,2021-09-23,0.0013822566060424626,exper2_11
17.84820000000002,17.722908,Validation,2021,2021-09-24,-0.0035222962385645616,exper2_11
17.389400000000023,17.24931,Validation,2021,2021-09-25,-0.004044332542012208,exper2_11
17.265600000000006,17.088884,Validation,2021,2021-09-26,-0.005143888772808754,exper2_11
17.294399999999996,16.965885,Validation,2021,2021-09-27,-0.009588794608384195,exper2_11
17.23780000000005,16.78538,Validation,2021,2021-09-28,-0.013297422464868987,exper2_11
17.713600000000042,16.764675,Validation,2021,2021-09-29,-0.027522399416895525,exper2_11
17.94580000000002,16.765907,Validation,2021,2021-09-30,-0.03399120367738102,exper2_11
18.276400000000024,16.797668,Validation,2021,2021-10-01,-0.04216025137717759,exper2_11
18.634599999999978,16.565258,Validation,2021,2021-10-02,-0.05878836137183283,exper2_11
18.374000000000024,16.443863,Validation,2021,2021-10-03,-0.05543525430239044,exper2_11
17.8322,16.207905,Validation,2021,2021-10-04,-0.04771710290322791,exper2_11
18.198200000000043,16.139055,Validation,2021,2021-10-05,-0.05996823953482417,exper2_11
18.084600000000023,15.204762,Validation,2021,2021-10-06,-0.08650924284785635,exper2_11
17.970000000000027,15.371432,Validation,2021,2021-10-07,-0.07793809431744632,exper2_11
18.020399999999995,15.050486,Validation,2021,2021-10-08,-0.08980450127569768,exper2_11
18.015000000000043,14.979635,Validation,2021,2021-10-09,-0.09199570595031697,exper2_11
17.91840000000002,14.297448,Validation,2021,2021-10-10,-0.11239660132328361,exper2_11
17.74640000000005,13.9517145,Validation,2021,2021-10-11,-0.11971328712426044,exper2_11
17.391999999999996,14.007683,Validation,2021,2021-10-12,-0.10778189134048993,exper2_11
17.221400000000017,13.924935,Validation,2021,2021-10-13,-0.10583796209218453,exper2_11
16.772199999999998,13.351617,Validation,2021,2021-10-14,-0.11355078795376801,exper2_11
16.24640000000005,12.959064,Validation,2021,2021-10-15,-0.11255895550702653,exper2_11
15.656799999999976,12.602034,Validation,2021,2021-10-16,-0.10809952125037604,exper2_11
15.141399999999976,13.038669,Validation,2021,2021-10-17,-0.0746176808479108,exper2_11
15.052999999999997,13.011341,Validation,2021,2021-10-18,-0.07274921930717168,exper2_11
14.928600000000017,12.550525,Validation,2021,2021-10-19,-0.08654115854667244,exper2_11
14.739599999999996,12.515824,Validation,2021,2021-10-20,-0.08159020590278541,exper2_11
14.264200000000017,11.914075,Validation,2021,2021-10-21,-0.08977387209095457,exper2_11
13.818600000000004,11.721026,Validation,2021,2021-10-22,-0.08213015902673555,exper2_11
13.471400000000017,11.351359,Validation,2021,2021-10-23,-0.0854071298542334,exper2_11
13.139800000000037,11.195285,Validation,2021,2021-10-24,-0.07990583016516609,exper2_11
12.68180000000001,10.96465,Validation,2021,2021-10-25,-0.07261765866313372,exper2_11
12.381600000000049,10.453624,Validation,2021,2021-10-26,-0.08442992490945836,exper2_11
12.050000000000011,10.155954,Validation,2021,2021-10-27,-0.0852944939114092,exper2_11
11.84820000000002,10.482711,Validation,2021,2021-10-28,-0.06114793845932557,exper2_11
11.609200000000044,10.313528,Validation,2021,2021-10-29,-0.05910176577873358,exper2_11
11.545399999999972,10.093628,Validation,2021,2021-10-30,-0.06709044764070601,exper2_11
11.145600000000002,9.840438,Validation,2021,2021-10-31,-0.062191925784086534,exper2_11
10.538400000000024,9.504163,Validation,2021,2021-11-01,-0.051602044235977244,exper2_11
9.977599999999995,8.912513,Validation,2021,2021-11-02,-0.05638331719940328,exper2_11
9.615200000000016,8.827322,Validation,2021,2021-11-03,-0.04272072949179443,exper2_11
9.355999999999995,8.3420105,Validation,2021,2021-11-04,-0.05729398239790976,exper2_11
9.0942,8.269188,Validation,2021,2021-11-05,-0.047514464124787735,exper2_11
8.950800000000015,8.456565,Validation,2021,2021-11-06,-0.028392298287961956,exper2_11
8.941400000000044,8.496704,Validation,2021,2021-11-07,-0.025501390280018868,exper2_11
9.006600000000049,8.568853,Validation,2021,2021-11-08,-0.02490670438378145,exper2_11
8.867000000000019,8.611337,Validation,2021,2021-11-09,-0.014627438308425776,exper2_11
8.732799999999997,8.534493,Validation,2021,2021-11-10,-0.011484518651752988,exper2_11
8.498400000000004,8.481567,Validation,2021,2021-11-11,-0.0009913221155266809,exper2_11
8.303600000000017,8.253219,Validation,2021,2021-11-12,-0.0030429365836931064,exper2_11
7.998800000000017,7.9081993,Validation,2021,2021-11-13,-0.0056956493132304204,exper2_11
7.748400000000004,7.573987,Validation,2021,2021-11-14,-0.011382886542260284,exper2_11
7.451600000000042,7.1452017,Validation,2021,2021-11-15,-0.020990784392961776,exper2_11
7.2538000000000125,6.7557526,Validation,2021,2021-11-16,-0.03555055982457842,exper2_11
7.132000000000005,6.790255,Validation,2021,2021-11-17,-0.02454666493004434,exper2_11
6.745200000000011,6.565892,Validation,2021,2021-11-18,-0.01347055354280341,exper2_11
6.444000000000017,6.1856914,Validation,2021,2021-11-19,-0.02045249056738739,exper2_11
6.2309999999999945,6.353008,Validation,2021,2021-11-20,0.009695463911763642,exper2_11
5.980800000000045,5.902159,Validation,2021,2021-11-21,-0.006617946301413451,exper2_11
5.481400000000008,5.4356833,Validation,2021,2021-11-22,-0.004187634052435438,exper2_11
5.255800000000022,5.773946,Validation,2021,2021-11-23,0.04697713051696201,exper2_11
5.076600000000042,5.836406,Validation,2021,2021-11-24,0.06962391616466268,exper2_11
,5.765328,Validation,2021,2021-11-25,,exper2_11
,5.6602063,Validation,2021,2021-11-26,,exper2_11
,6.0609317,Validation,2021,2021-11-27,,exper2_11
,5.51932,Validation,2021,2021-11-28,,exper2_11
,5.922417,Validation,2021,2021-11-29,,exper2_11
,5.29754,Validation,2021,2021-11-30,,exper2_11
,5.6865497,Validation,2021,2021-12-01,,exper2_11
,5.3803186,Validation,2021,2021-12-02,,exper2_11
,5.535863,Validation,2021,2021-12-03,,exper2_11
,5.079409,Validation,2021,2021-12-04,,exper2_11
,5.604957,Validation,2021,2021-12-05,,exper2_11
,4.8073244,Validation,2021,2021-12-06,,exper2_11
,4.5643015,Validation,2021,2021-12-07,,exper2_11
,4.0212517,Validation,2021,2021-12-08,,exper2_11
,3.8041296,Validation,2021,2021-12-09,,exper2_11
,3.7663732,Validation,2021,2021-12-10,,exper2_11
,3.6071625,Validation,2021,2021-12-11,,exper2_11
,3.4714775,Validation,2021,2021-12-12,,exper2_11
,3.7610936,Validation,2021,2021-12-13,,exper2_11
,3.8095148,Validation,2021,2021-12-14,,exper2_11
,4.484004,Validation,2021,2021-12-15,,exper2_11
,5.008069,Validation,2021,2021-12-16,,exper2_11
,4.3045154,Validation,2021,2021-12-17,,exper2_11
,4.176986,Validation,2021,2021-12-18,,exper2_11
,3.8275666,Validation,2021,2021-12-19,,exper2_11
,3.8899145,Validation,2021,2021-12-20,,exper2_11
,3.555055,Validation,2021,2021-12-21,,exper2_11
,3.591342,Validation,2021,2021-12-22,,exper2_11
,3.6112475,Validation,2021,2021-12-23,,exper2_11
,3.6646695,Validation,2021,2021-12-24,,exper2_11
,3.5159473,Validation,2021,2021-12-25,,exper2_11
,3.5186553,Validation,2021,2021-12-26,,exper2_11
,3.6685264,Validation,2021,2021-12-27,,exper2_11
,3.4104016,Validation,2021,2021-12-28,,exper2_11
,3.5393987,Validation,2021,2021-12-29,,exper2_11
,3.465423,Validation,2021,2021-12-30,,exper2_11
,3.568449,Validation,2021,2021-12-31,,exper2_11
