train_rmse,test_rmse,train_r2,test_r2,train_mae,test_mae,lake_id,Model
1.4188830464927649,1.6390355336853775,-0.3099148029529024,-1.010250209962761,1.221835434782592,1.4367526695842263,3.0,MixedTemp
2.6193414842924234,2.3941578419477523,0.8990446335923998,0.9182485583088612,1.9523855300245094,1.7828602491375989,12.0,MixedTemp
3.2322956678788297,3.37308177477112,0.7846200860762681,0.7749391657988839,2.3646966679521846,2.4961136111111175,13.0,MixedTemp
2.7488154466296866,2.795371150588228,0.8826776036714828,0.8856911123176306,2.1028004423831623,2.146947728170684,17.0,MixedTemp
2.133380258585624,2.187361608766641,0.885894552074769,0.8780635266399611,1.6447466440000034,1.6776182100800778,18.0,MixedTemp
1.7681228349911777,1.6869778630913754,-0.09342681987353552,-0.05178126638196634,1.5227183194328406,1.4464348156551128,19.0,MixedTemp
0.7227488114689239,0.6549805634566545,0.5397429389852816,0.4453981774619513,0.5989670629370781,0.5368406312292477,21.0,MixedTemp
1.5395681399196115,1.9407342703162291,-0.9947644845312265,-2.10075571903216,1.2768430708661218,1.6656249999999795,22.0,MixedTemp
4.394546090668715,3.9841576917491888,0.3683374060228537,0.48689285060645615,3.3761057009345827,3.2625186388584013,23.0,MixedTemp
3.1835550365131438,3.6416835617144105,-3.375058668677104,-4.23303613653285,2.913278921568605,3.368969563492041,24.0,MixedTemp
2.447731751099907,2.3891267981604734,0.7510033466357589,0.7681412394031896,1.8601073794096505,1.8116242226148447,27.0,MixedTemp
2.966359981534546,3.0341083357104224,0.7003684670068213,0.6967229805357827,2.2805962514029217,2.3930421105866517,28.0,MixedTemp
1.6159704077960946,1.590722819225547,0.9308496846525343,0.9313254041645681,1.2327954699121022,1.2004451904578661,29.0,MixedTemp
2.5550303285997167,2.4613729328667553,0.8986366316848226,0.9051301409652116,2.032223508924692,1.9332637178841372,33.0,MixedTemp
0.988484060191434,0.9422629886211271,0.7593169501017923,0.7839065450135703,0.8054185544217684,0.7295666771159839,35.0,MixedTemp
2.7021556690581883,2.8906568527194203,0.8592965147302557,0.8461608744373328,2.075025495363586,2.194930937499994,37.0,MixedTemp
4.412535993770724,4.296511417679805,0.5558950977476774,0.6126057190849531,3.112978388914992,3.0045818849840336,39.0,MixedTemp
3.2453417426881708,3.0256296940561507,0.8115195392849115,0.8520576454685913,2.5355802775290956,2.416252533589251,40.0,MixedTemp
3.2962619194544485,3.0986495507830294,0.6161654862471093,0.6691242320430681,2.3285551438385643,2.233506545637928,41.0,MixedTemp
1.2860861764248552,1.322908922363521,0.577884462939801,0.5783667706393658,1.0297671005917122,1.0196202629016506,42.0,MixedTemp
3.906254826426576,4.266983097052937,0.702009035354747,0.64977726902645,2.9569346954023,3.1576483554007004,44.0,MixedTemp
2.4448446184867345,2.422315316170446,0.8803570873967547,0.8925447953709958,1.7965555578619632,1.739100835380834,47.0,MixedTemp
1.4703700672837647,1.3782394763045807,0.8841091582077555,0.903233302656787,1.1969917500758362,1.130940000000005,48.0,MixedTemp
2.1056814762060005,2.0290967802979845,0.5778337868763543,0.6611415750997505,1.5449081434599223,1.5429339591078135,49.0,MixedTemp
2.225494826029484,2.2311713307227232,0.9009251350311234,0.9060355858664734,1.7003719088838258,1.688265569105688,50.0,MixedTemp
3.617593783615166,3.385388698690651,0.705377680290943,0.7704701526362088,2.8933371421778387,2.7675941260744965,53.0,MixedTemp
2.124435556653818,2.2726330575651748,0.8476498475231955,0.8137279630772938,1.5067454754307665,1.6313888718342364,54.0,MixedTemp
1.1118277093676734,1.298318037257224,0.173514466021214,-0.09490045059477836,0.876256040787615,1.0151547113470352,55.0,MixedTemp
5.333710553191392,5.009162878139828,-3.3016472151597114,-2.9271804896179914,3.898356359570663,3.5717096602972402,56.0,MixedTemp
3.3728615019802333,3.5963300300332226,0.7743107417251709,0.7394847617233772,2.427512583106267,2.5588085611038114,57.0,MixedTemp
2.9717632029486243,2.9471269555635238,0.875150631016681,0.8785440807371094,2.275975879593437,2.2233239964237845,61.0,MixedTemp
2.1833277752371725,2.4251203564088692,0.819145133325748,0.7634201340217003,1.6427473068432732,1.8234186062717845,63.0,MixedTemp
1.5164705367036446,1.3962757844157478,0.8337809005893949,0.8482489174030303,1.2670679306930823,1.1598649093183344,65.0,MixedTemp
3.3108760920570055,3.367678697687442,0.5447119133267276,0.5526182264450324,2.405516143939398,2.5052626247848555,68.0,MixedTemp
2.3403063721546298,2.2805759052335515,0.9184507832507804,0.9301892589469243,1.8419338558402059,1.7732624254090439,71.0,MixedTemp
3.9766868203872043,3.698405843168665,0.5001178592269434,0.5647704657916351,2.8849640684931575,2.7823544006568186,72.0,MixedTemp
3.852329943396203,3.677124832162908,0.7543530001312941,0.7902692133433745,2.6421533953997782,2.4744567474489796,75.0,MixedTemp
1.593587263099115,1.7223842118047654,0.9365595427347997,0.9290986596817852,1.2304459526493723,1.3531658313155643,77.0,MixedTemp
1.981637470026344,1.8683982669588648,0.9175886372451968,0.9282381171428203,1.5545959634551392,1.4767354337464158,78.0,MixedTemp
2.2663921620617202,2.170656837690007,0.9285600251597381,0.9407016016871613,1.7083513946830255,1.6722521240517612,79.0,MixedTemp
6.216649766076825,6.456670523943353,0.039640435169868704,-0.013789152705326657,4.624623513689706,4.837971938291145,80.0,MixedTemp
2.2299980883203157,2.1396602412835355,0.9201464359754635,0.934612770054215,1.7271050920245394,1.6550436181163122,87.0,MixedTemp
4.196379342956446,4.162377221095212,0.5834365336050502,0.6029362383277588,3.3673559563862923,3.4456645062179967,88.0,MixedTemp
2.638965350927383,2.671103335759932,0.5499353859730703,0.5664910642714114,2.1409466666666757,2.187407098681226,91.0,MixedTemp
4.254972593316059,4.066287873778631,0.6171601768089869,0.6815606879123803,3.0556677913486086,2.931250363636373,93.0,MixedTemp
1.4391426523963573,1.5722458502780983,0.9394507229003366,0.9270152484484043,1.1321522317118373,1.2326676252545716,95.0,MixedTemp
1.4465448414117899,1.316772885159006,0.8488413105692154,0.878805420556425,1.201339132519622,1.100332859522494,98.0,MixedTemp
4.834839259574308,4.655153069191328,-0.015007410255247322,0.2130126466341773,3.82108357195572,3.713671201885312,100.0,MixedTemp
4.2363442155397255,4.104394891337806,0.6447156135953591,0.6723645590755012,2.9678456813417284,2.846682786697255,102.0,MixedTemp
4.008636414480365,4.052698541293522,0.6946473617224882,0.6849260154623725,2.848036537276646,2.8869771225709995,104.0,MixedTemp
3.368262367795485,3.302003968310476,0.4635598903955538,0.49840181775010184,2.4985849788705443,2.5352272802436997,105.0,MixedTemp
3.454221483843016,3.582222617371822,0.7459846751502903,0.7135510870302462,2.53033596153846,2.5784262311955635,107.0,MixedTemp
2.057298454119165,2.064571171822766,0.9397408938993083,0.9355733126660289,1.561991328077609,1.5560261118690175,109.0,MixedTemp
2.683923955805751,2.837919917014528,0.8642217090250879,0.861692710166158,2.0236049976201915,1.994985800325567,110.0,MixedTemp
3.7739171181767506,2.9329037927129518,0.3250146566467381,0.6542923244917361,2.645857948922593,2.158858947368424,112.0,MixedTemp
3.051154646634428,3.1720691915241286,0.848684873847783,0.8347353298228066,2.3140694594594686,2.4134078663366427,113.0,MixedTemp
1.5140190288019377,1.4577426671161826,0.7981031779813043,0.7931719475057646,1.1718686306439592,1.1020029604709742,114.0,MixedTemp
2.666049368551406,2.437184356417243,0.8201742535240248,0.842918979765666,1.9218537814313459,1.7844815921483175,118.0,MixedTemp
2.444439036356678,2.347030045305615,0.9098135089459994,0.920356861207931,2.059970251798575,1.9162055380059353,122.0,MixedTemp
2.991114911394388,3.048825855624445,0.5642127019851557,0.5230467257618143,2.275366459790212,2.3505263608870983,124.0,MixedTemp
4.654243070630705,4.660252462478579,-0.42223782537936927,-0.3243907200989835,3.4955000199999984,3.4973608324324315,126.0,MixedTemp
3.330992915643433,3.3894318657347546,0.6907724517491337,0.6840364807553445,2.511524229747675,2.630999524922116,127.0,MixedTemp
2.7954607419595723,2.7301173754210097,0.5404863461038574,0.509746892581973,2.072025776965271,2.0901323491379373,128.0,MixedTemp
2.6718482342810095,2.5384256722402028,0.00011418918846806125,0.0684494247997609,2.3639119178768344,2.258790913770933,129.0,MixedTemp
3.414495623556267,3.69177036207508,0.7697245798971636,0.7255030029303422,2.5386825487559017,2.6937651912123854,130.0,MixedTemp
1.6616880610736855,1.6184444464568424,0.883562986271245,0.8958882378535957,1.261342948784269,1.2361656426155523,132.0,MixedTemp
1.325315206272995,1.3779514245999243,0.9612747308802341,0.9602290326153757,1.079978759689918,1.0914275020308593,135.0,MixedTemp
2.937772247817949,3.030664755256042,0.7527300907942774,0.7530410984669477,2.204727026850034,2.1890862935507776,136.0,MixedTemp
3.236234221301192,3.338930035443061,0.6337901661464218,0.6247131878181357,2.2163981235340158,2.345136378091876,137.0,MixedTemp
2.992240838808721,2.9657501411391864,-0.2654085843613556,-0.1131407618141651,2.8495725362739623,2.8176825971223245,139.0,MixedTemp
2.135543826362307,2.2313548163189316,0.8786629511736084,0.868949283557265,1.6371601498559172,1.7183655638082465,147.0,MixedTemp
3.2465943764257625,3.3233886499615277,0.7861337565131363,0.7887319848291627,2.5380986354238377,2.5152645411013497,151.0,MixedTemp
4.174960006781908,4.007526339976105,-0.10045378626922319,0.055946510102849345,3.1195648467966617,3.0997842050209248,152.0,MixedTemp
1.9361677896229565,2.0356637424799757,0.45904832624563197,0.3448961942670131,1.6964358475426073,1.8414298917995224,153.0,MixedTemp
6.109767970454277,6.620871382065353,-0.35934879239230666,-0.7143938477243308,4.8504857969151765,5.267909878787886,155.0,MixedTemp
2.514891086529568,2.5496687581231288,0.8494417507848127,0.8448808433503852,2.074673816023739,2.1185904336399473,157.0,MixedTemp
2.6756869017098732,2.8301005510490103,0.8349131829576082,0.8181016175036875,2.063739948755486,2.1662295889261696,158.0,MixedTemp
4.641442208869364,4.209800930498848,0.388633086297538,0.49540559799624895,3.1900500642791636,2.899539293873321,159.0,MixedTemp
2.632650058957315,2.5875811417408663,0.8411779965639702,0.85538599461801,1.853041145287958,1.844999872849661,160.0,MixedTemp
2.2114209759065173,2.140205371583744,0.8159503932114966,0.8247164958302559,1.9737259004639587,1.9382357353689774,161.0,MixedTemp
4.343100897662012,4.201781710664498,-0.38983092877125225,-0.14819603590080788,3.2339204895104907,3.1689316509926875,162.0,MixedTemp
2.5090585760727815,2.653016799695996,0.8941417847947953,0.8866956537532411,2.0933416613923983,2.2208433820093374,165.0,MixedTemp
2.587907145496573,2.7422423356718606,0.7169711659080131,0.6734148319311251,1.905313290816339,2.006767671957681,168.0,MixedTemp
3.6243829162615206,3.722123728636943,0.6089346899398511,0.5929837043022557,2.5769744624903343,2.7422646056210342,172.0,MixedTemp
1.7967193393392964,2.2083938842490376,0.9418926047235819,0.918446070928397,1.4358075224215188,1.8150963491379288,173.0,MixedTemp
3.989820282269729,4.497227062153926,0.5874316460371747,0.47996627390628355,2.5898419486768294,2.955923157894741,174.0,MixedTemp
4.067302517317437,4.070482609327473,0.28546070947589086,0.3129621054540376,2.783201357285437,2.8673231270358372,179.0,MixedTemp
3.4487442428819146,3.5316643808812787,0.7826604409884198,0.779071264726541,2.508239189976691,2.440171037267081,181.0,MixedTemp
4.13969192652362,4.100169278986707,0.17900665043411224,0.25664471230303665,3.2689072667910573,3.3280648484848627,184.0,MixedTemp
2.1686609904903613,2.3952669366796298,0.8208648555896081,0.7995048547858641,1.7830653382949946,1.9143441277258546,186.0,MixedTemp
1.953343071501992,2.0870860750711278,0.26751947135657883,0.23080847284026706,1.7858714771395285,1.9120090673155128,188.0,MixedTemp
4.498503437236925,4.39766759873151,0.06505462994106648,0.2559449016952524,3.686604104769351,3.5612039197267307,189.0,MixedTemp
4.937479950159886,4.144646650106771,0.4200007118917817,0.6402250128029789,3.219503035971225,2.83408718111346,190.0,MixedTemp
2.6730696905224334,2.4255433316968356,0.8589249339782659,0.8995390681260471,1.837152299819382,1.6894541328175317,192.0,MixedTemp
3.363850375317333,3.024115628459195,0.7766609841206229,0.8361863267063704,2.3720415977084675,2.1563207199424035,193.0,MixedTemp
2.111724531921575,2.1937336562423844,0.8807879942172233,0.8726813420651943,1.7168219601643901,1.7947489049980807,194.0,MixedTemp
3.1599854249042187,3.2829224876055307,0.7357276941921425,0.7263659713868789,2.6196012258064525,2.700353533236995,195.0,MixedTemp
2.7303921106261,2.783179180453382,0.8480045692242225,0.8461303327754546,2.06493773203593,2.0974713858695666,198.0,MixedTemp
2.14991410282036,1.9229645405222613,0.56958643021657,0.6615666002727882,1.8801556745802173,1.660236571637446,199.0,MixedTemp
2.339222280743623,2.327609583034931,0.9008200225563716,0.9067796919502114,1.9384259076212578,1.8552650926416197,201.0,MixedTemp
2.5934855213852086,2.5206214435161094,0.8112364173504845,0.8284651969513852,2.1021704073587415,1.9730883235294119,202.0,MixedTemp
1.61926491942757,1.4847956454675277,0.5776341757839898,0.6510279750992367,1.3639421869688533,1.2319215088968114,203.0,MixedTemp
3.128584588908899,3.081031462749729,0.023713925183443174,0.15191280421476705,2.360011008814891,2.273434987893465,212.0,MixedTemp
1.5377043053689357,1.7301970867736187,0.3125504546802552,0.051613527324847586,1.3406931210636999,1.5400619868791205,216.0,MixedTemp
3.398102176630437,3.353529140806481,-0.4240486120785525,-0.46720993787568,3.2504766707317296,3.2269383924528516,217.0,MixedTemp
2.671139649393947,2.824362504221008,0.6910860291923773,0.6581648902173122,2.102048288508551,2.243245700245693,220.0,MixedTemp
3.8097909042412126,3.8336086232443005,0.5906494577110484,0.6014323599966316,3.079452767978291,3.088005712062256,222.0,MixedTemp
2.6278015771824643,2.688886739577009,0.824237012777759,0.8151496002507577,1.8443795283018865,1.9047280726538822,223.0,MixedTemp
1.71188293991806,1.8213827044253739,0.8556900072643823,0.8347057562551865,1.3248064775725732,1.3477681940298618,224.0,MixedTemp
3.881644916620326,4.0456237679940195,0.6462984203790443,0.5937917411040001,2.5982937717466976,2.70782850977199,225.0,MixedTemp
3.147988403416726,2.9634027315313425,0.39671876447165966,0.5213021615322802,2.4005680519480634,2.3391901950162626,226.0,MixedTemp
3.8926947124797753,3.743095564492732,0.17174058655269597,0.25913960638411704,2.6880523909091023,2.5632429841269944,227.0,MixedTemp
2.205634962346845,2.2889911944730383,0.8491096619252925,0.841852706296302,1.7503977893277904,1.8193322696115766,228.0,MixedTemp
3.643666757304167,3.6274632588313267,0.24437542240478738,0.28235248645168554,2.86646774162681,2.901259180651545,232.0,MixedTemp
3.1040927840988783,2.9108182165400027,-1.7493989143795243,-1.5497467219514824,2.919797293012353,2.7328088458618294,234.0,MixedTemp
2.5113026048687357,2.5919905694585244,0.8881261105980349,0.8863718552073616,2.0912543530192442,2.138211281657715,236.0,MixedTemp
2.43029201601564,2.156713787520646,0.8881403109637849,0.9099637811957528,1.8481091093647806,1.624326958174916,237.0,MixedTemp
3.4366391893897608,3.3614007210256514,0.7678010856647759,0.7939196997057864,2.7741643893333325,2.768272519264967,239.0,MixedTemp
4.183505011045793,3.3428274448942723,0.13513037693452845,0.5345311138879898,2.9196252440191466,2.448007487487491,240.0,MixedTemp
2.6007784493152895,2.7295306547672906,0.918177331264142,0.9172830112738424,2.0918518896321094,2.2116958353221974,241.0,MixedTemp
2.5290643523875875,2.677196466853522,0.7720148289873563,0.7776336708073092,2.071606223880602,2.1008373344509694,242.0,MixedTemp
1.131610771878382,1.0690153644960068,0.9657327707089317,0.96868438985953,0.8826187773851689,0.8354881702127754,243.0,MixedTemp
3.869364753594707,3.931557716376986,0.2776012002357958,0.2443171747041779,2.993456495726499,3.0721687515923604,246.0,MixedTemp
2.98171427788934,3.0158428839832117,0.7803364749458463,0.7811994459704141,1.921601506968655,1.9513073595505757,248.0,MixedTemp
1.4463595343544182,1.512672796150042,0.7146615971301952,0.7264769390374699,1.1204487046632048,1.1788363581833667,249.0,MixedTemp
5.087905843248811,5.312061489727464,0.4065470897375556,0.3317956737987461,3.7165866689235028,3.870784031327297,251.0,MixedTemp
4.617919015030558,4.689273136366998,-0.28326047241061536,-0.16255201526162,3.8376506270627226,3.924557829373666,252.0,MixedTemp
3.956105682108168,3.660869247639892,0.3259799336497652,0.3841109531015664,2.853026797116383,2.6862355838150385,254.0,MixedTemp
2.857816862300975,2.7563059260740954,0.6361918369743651,0.6928340521143083,2.071111622397704,2.0435715772089202,258.0,MixedTemp
1.37074536998414,1.2844826025676017,0.7670174620389147,0.789460278264088,1.057390606235565,0.9810039329050642,259.0,MixedTemp
3.4512358235580582,3.4149539073182082,0.4941217799183293,0.5138877039784345,2.944643093999327,2.8846538624338827,261.0,MixedTemp
3.931166854972977,4.217594024637509,0.22402512480686876,0.09873639222660335,2.939338885135134,3.2403789988221434,264.0,MixedTemp
2.0681101768595904,2.0776118350745882,-0.20515634694356755,-0.1594770426605241,1.811592875888485,1.803461728481478,266.0,MixedTemp
1.880814614934076,2.103450497031339,0.9390675562234833,0.926570304741953,1.467089841269831,1.6556723690878248,267.0,MixedTemp
1.3197628907975654,1.4479027652725887,0.9516373904713288,0.9387000214754794,1.058226923562859,1.1640172926343761,268.0,MixedTemp
5.862158993858832,5.929148013913156,-1.8987445500980016,-1.6567662416543114,4.280367317365265,4.307481339712917,269.0,MixedTemp
3.921276799189221,3.6095519914597136,0.5730793058170103,0.6143934002902376,2.588414072072072,2.4491559956236317,270.0,MixedTemp
2.4152911964435693,2.479843158163711,0.777253954928022,0.7799605770781354,1.9490421279554935,1.9831555142405033,273.0,MixedTemp
2.3105281950482746,1.6817276403726786,-0.1149968862394748,0.40346757552929624,2.0411364759036337,1.3847420730738829,274.0,MixedTemp
2.514591714541537,2.212840343295042,0.6058062195864282,0.7159383335653529,1.8551495471236361,1.6933548581560394,275.0,MixedTemp
2.1678707490508473,2.1249242556286356,0.8801336812896622,0.8877787284383576,1.781711077044032,1.7250346666666718,279.0,MixedTemp
3.5974563279108676,3.7559402108133786,0.5897499789072752,0.5291645710516348,2.606509582963617,2.714549385875125,280.0,MixedTemp
3.9057778028320143,4.061520411709539,0.5900349926362153,0.5130744636159383,3.1693546756949385,3.305931749585403,281.0,MixedTemp
4.0552082049665374,4.262563674416542,0.5844547107230912,0.5335324258401195,2.6910524035874404,2.8264069415448807,285.0,MixedTemp
2.2310776105567034,2.1638829558261143,0.9267665498989444,0.9276696872289372,1.864668914089326,1.7478778576835536,287.0,MixedTemp
5.3075268850287625,5.358041931487394,0.30719618134413573,0.2986132424751672,3.9198053969594753,3.9727992261904927,288.0,MixedTemp
3.2351435800696544,3.3291912339940413,-1.8128821497562586,-1.919958402437496,3.0483544083769862,3.1823358064516345,289.0,MixedTemp
3.8065316224743735,4.124600825810511,0.5319518701019263,0.4334499051666003,2.5998827313769874,2.9060112323491794,290.0,MixedTemp
3.5872774588286975,3.4526589785095005,0.7691668577518841,0.8058777655050825,2.385597109375001,2.3308384540702063,291.0,MixedTemp
3.3329953800520182,3.605424485533491,0.5814817168210741,0.4916849741638376,2.4157947216494913,2.635193895809745,292.0,MixedTemp
2.6174974952637977,2.641473810624383,0.9090081807733744,0.9160533786417308,2.125822943276462,2.1488516198979437,296.0,MixedTemp
4.121654545877731,3.9918334126240556,0.7731790778628405,0.7737759518068007,3.882553682432454,3.7639421727917686,298.0,MixedTemp
3.594822875366242,3.64149142851719,0.23409866076768793,0.24141917387456768,2.5172375503573847,2.6189102487198346,300.0,MixedTemp
4.589945247878703,4.813751773803065,0.48192951634068915,0.39420078240652545,2.9241717789968664,3.079473105646631,301.0,MixedTemp
4.3405685319769844,4.530195074939724,0.5656832208784836,0.49663321019398776,2.878889266903918,3.0052361413485014,303.0,MixedTemp
2.2028210903691123,2.588152504336484,-0.6308142916711417,-0.5663191348945495,1.829752478336203,2.2484984036144375,306.0,MixedTemp
4.203243216857729,4.3708726875074495,0.1571250986613082,-0.02587458756270289,2.931689059967587,3.191662781104459,312.0,MixedTemp
5.066423944161647,5.156484064246508,0.0647436715126729,0.03784933867238949,4.142443828451903,4.204964829106965,313.0,MixedTemp
3.2323377129095148,3.3188598119497175,0.4160961089725319,0.42006188134209876,2.3990783940774474,2.540439518072291,319.0,MixedTemp
4.107580772529915,4.307197248284665,0.048856605490464444,-0.003609172776642744,3.0414905932203404,3.1960690394088695,320.0,MixedTemp
3.6551177932848193,3.828806383675566,0.6223176451926573,0.5840256532881876,2.7663515244865713,2.9337018623124433,323.0,MixedTemp
2.4710181606242747,2.1515268910750307,0.7436335934081937,0.7978966844511547,1.830552273342369,1.726000490066236,324.0,MixedTemp
3.882815722346254,4.162358537082231,0.6243981831463932,0.5568531341977929,2.574455999999997,2.8020955045871525,326.0,MixedTemp
2.5962536142499246,2.3980180818644152,0.8654015988985103,0.8953405528169005,2.154490449260046,2.029825303766711,328.0,MixedTemp
3.620789485726093,3.48475247253667,0.536080065609811,0.5857050557164045,2.5811395315161927,2.5764241240875974,333.0,MixedTemp
2.1237276112584516,1.9954279834356234,0.6954383515951853,0.7491641527891408,1.4543965720081171,1.4549456082474257,334.0,MixedTemp
3.5160365406131415,4.014835707546765,0.5507388342475955,0.4016515730895479,2.434996915983618,2.83283388221155,335.0,MixedTemp
4.080210767309546,4.027182304128235,0.13931122376905736,0.14374186106730724,2.9176751263297884,2.9361207116104895,336.0,MixedTemp
5.4717641761431155,5.577612248087024,0.11162490472376119,0.039677347840069266,4.205657002881862,4.454203277962367,337.0,MixedTemp
2.4646895148929344,2.4459421740152276,0.901338102164735,0.9088678997153953,1.863822636300891,1.824160472972968,340.0,MixedTemp
1.1109231467288783,1.1430644267781647,0.8711469839080956,0.86180759582757,0.8518635259778138,0.8788959104258389,342.0,MixedTemp
2.6349967237919234,3.0860830739773295,0.8243355792785589,0.7568639651022862,1.749692322070465,1.927098332040352,346.0,MixedTemp
3.2594238384509184,3.1133977539733637,0.3841964789801927,0.4409592445532854,2.52717392130258,2.419880645161294,353.0,MixedTemp
5.401770547502533,5.454766159713669,-0.4694043611337948,-0.43012391065296707,3.87331968038742,4.062822940860226,354.0,MixedTemp
5.426405970993214,5.69185217693391,0.2673191251513296,0.15537540836246944,3.908420333598102,4.13543012567326,356.0,MixedTemp
1.6971227550667773,1.607058502570013,0.5101440612365685,0.5653666552118681,1.4849870221328139,1.4164968485523561,360.0,MixedTemp
2.086214841300633,1.9599238811585276,0.9319451795467183,0.9460083433434328,1.6657974669073479,1.546361425247244,361.0,MixedTemp
1.624644307641408,1.5447844133243096,0.9192310041025991,0.9240464151489356,1.3320725242718494,1.2554052865064724,362.0,MixedTemp
3.704447829691046,3.105381876069133,0.4755405155063549,0.6826418140700988,2.6832005294705428,2.325079582463478,364.0,MixedTemp
3.7799314549485055,3.616523305947072,0.3258921388179066,0.332662805176554,2.7998286611740495,2.7628241844769432,365.0,MixedTemp
2.849408486736988,3.067432114603003,0.8414140060912708,0.8184695340698142,2.256338582866292,2.388407891344381,366.0,MixedTemp
5.884796283986995,5.744276213631642,-0.2629477456624769,-0.09644085581886097,4.837310666666674,4.828384529262093,367.0,MixedTemp
4.527457414249253,4.234595029981649,0.3625243250234462,0.43080993957033775,3.2465849476135182,3.0626442709677537,368.0,MixedTemp
2.57286788648201,2.7373423422506984,0.8380794122943671,0.8209441369334758,2.034919379172248,2.0849005551497632,369.0,MixedTemp
3.9869701949542304,3.7116720059086585,-0.1630757998889074,0.08291053126321524,3.0293951673360136,2.901922207267836,371.0,MixedTemp
3.0772412430998703,2.9805337372751683,-0.027458210464451627,0.09107792051200503,2.9398573657289235,2.8488771565802344,372.0,MixedTemp
2.6373987734938673,2.8035018656369206,0.5999434128546892,0.5433683815377317,2.024376841432226,2.17429600499376,373.0,MixedTemp
4.1349629399496095,3.6708845143536304,0.386152770815962,0.528425978312301,3.009892357080035,2.723864008016031,376.0,MixedTemp
2.7114260852071954,2.8090021381583905,0.5840073451839183,0.5692038110946145,2.2448507174231236,2.340466217244285,379.0,MixedTemp
3.3456265343917457,3.436436756567905,0.3595853600208344,0.3437362855753431,2.486771103008213,2.670940048449621,382.0,MixedTemp
2.7239476269405927,2.794363859530998,0.5957830029215334,0.6098506337443461,1.8616916906747547,1.9420560437375776,383.0,MixedTemp
2.263489957117044,2.0315546896260783,-0.02196112607806966,0.28179621408286826,1.9894638297872524,1.7661175098425377,386.0,MixedTemp
2.346560297879946,2.2323303971276864,0.8792524968039661,0.8952499125926843,1.7744123945205486,1.6486138775510215,387.0,MixedTemp
1.8575736981067565,1.8314154614548388,0.06250413350554362,0.17726070475296152,1.4220330424798997,1.353006650544129,389.0,MixedTemp
4.769058521184694,5.0732106027062365,0.42711733260243023,0.30796347754555176,3.7416526289752845,4.029172377115249,391.0,MixedTemp
3.960612482880636,3.8317020015864314,0.30945399454036127,0.39869001857077746,3.454684748299321,3.304398219749654,393.0,MixedTemp
1.6193300393722545,1.8050543069101752,0.7240553311255131,0.686301050147696,1.1979836386138554,1.3472446236559088,395.0,MixedTemp
4.325128671638805,3.8148162988987147,-0.4212147955613963,-0.023986505087406407,3.1544698732572916,2.9502890612777093,396.0,MixedTemp
3.1444021488950846,2.980645522836106,0.4111445275344848,0.5691998052667786,2.517448508691674,2.418940482180294,400.0,MixedTemp
3.1561483399034564,3.3303934936897854,0.7978032654124156,0.7884485312407967,2.699860547203867,2.7523951844532473,402.0,MixedTemp
5.274060357520528,5.822290213119306,0.29776626525404337,0.08178399860305652,3.9903238086956687,4.401739400000018,404.0,MixedTemp
5.090687007063085,5.307742985174262,0.35826773889209973,0.2502000254535157,3.7804516050354118,3.943304827272735,405.0,MixedTemp
6.469287519436315,6.7291364337654525,-0.05388013644484335,-0.16122929833810917,5.313280388848133,5.546079237779623,409.0,MixedTemp
1.8695921992969782,1.9099535141033521,0.9135295995259558,0.9126549784236215,1.5938574878387641,1.6064402449455524,411.0,MixedTemp
2.7571309136853905,2.6220792738882213,0.5278758302540982,0.607993591415351,2.292367174163801,2.120002729528552,412.0,MixedTemp
2.5844865832529536,2.811217195265683,0.582057156627041,0.5211922408516578,1.989361795543905,2.1529490213299893,413.0,MixedTemp
2.7725551148275995,2.723044331586797,0.2761692308149297,0.3701325616904274,2.2761738231917485,2.2902209319899396,417.0,MixedTemp
7.023926584832123,7.396605968915591,-0.7324683478936227,-0.7748158074157772,5.83070370786518,6.144409278033803,419.0,MixedTemp
6.681905028127188,7.066575139827301,-0.5239875393590911,-0.7874103431486037,5.499210663265316,5.846016506024109,421.0,MixedTemp
2.7302528246504183,3.0519543347178604,0.8173612621520702,0.7782342516868348,1.7993181269113196,2.0182750527169544,422.0,MixedTemp
3.0181881834939075,2.9132561185942802,-0.04430163505019258,0.09709876238036641,2.3295799325842754,2.3599380733945003,424.0,MixedTemp
4.151912324770087,3.829927842196671,0.20801301878397227,0.40084398149576095,3.0103244285714332,2.841593987667012,426.0,MixedTemp
3.533183540421735,3.73390321360237,0.6852177222431669,0.6812049190442617,2.2331603160453737,2.3126944869402917,427.0,MixedTemp
3.5491154637272153,3.568400229920176,0.3951661446848984,0.5008435697772256,3.0064770129870153,3.0212667414634176,430.0,MixedTemp
3.553087589339671,3.568541475716533,0.568335917022001,0.5679200830818034,2.6847022329317327,2.7912906250000065,432.0,MixedTemp
3.3468919777532924,3.277710317516616,0.7579921006768533,0.7913459229499578,2.217140452065465,2.149085241320908,434.0,MixedTemp
2.1913326214910445,2.1838045021530736,0.5804297115968113,0.6383016096510812,1.6775342976190477,1.695072690476191,438.0,MixedTemp
2.7636436924368946,2.663215045168832,0.8994391810836523,0.9077738349841491,2.4334054382368215,2.3340021921749337,441.0,MixedTemp
1.9592801954373502,1.9889526780276483,0.5977951623631594,0.6497184689771285,1.6469413481481463,1.6645964466615473,442.0,MixedTemp
2.4980666706078445,2.6105179105511853,0.4887399257214279,0.4667879023038337,2.0277525425841305,2.0782284918478258,443.0,MixedTemp
4.7620485862421695,4.617314795555744,0.08093041338370921,0.14426822565271402,3.287701960687963,3.1786518664563665,444.0,MixedTemp
1.2665657574854328,1.4505599723997733,0.4407823545222521,0.39675644009721955,1.0173995812395231,1.1868284628820835,445.0,MixedTemp
2.0551193118544506,2.3519050742915155,0.7935799824589295,0.726326051103082,1.5064739023481168,1.6965705602358852,448.0,MixedTemp
2.4462022133127803,2.461190821435828,0.6679803084577477,0.6925426979307879,1.766726657458571,1.8140985312899178,449.0,MixedTemp
3.852180364302649,3.9823222977292034,0.583259902636165,0.5530116682716024,3.109423708961845,3.23799099800399,454.0,MixedTemp
4.0539319494144985,3.9220936825229202,-0.22001027478633794,-0.23569564858649805,2.6902605242203137,2.6417302006980883,456.0,MixedTemp
7.457589217026731,7.735384103059574,-0.8903233942673945,-0.8601619995421237,6.118830025839802,6.411193924050642,458.0,MixedTemp
1.4862949781193375,1.1021365672061245,0.9226458071146155,0.9554158839129572,1.185264610834385,0.8632053104762019,460.0,MixedTemp
2.6637823512117986,2.8135848204717964,0.8996867852415389,0.8959300603924342,2.185251815834754,2.278726599007654,461.0,MixedTemp
1.1039144053736996,1.036603534730926,0.7742468716911093,0.8057891479322881,0.8109626287262749,0.7816459353869148,462.0,MixedTemp
2.8447308911859874,3.067347550740594,0.8472425053982241,0.8410187118264113,2.2842885089369585,2.4556844178082113,464.0,MixedTemp
3.9485689943296185,3.959494622656544,0.32896729649427303,0.4384737687395953,3.1493611826086934,3.1792404397705525,465.0,MixedTemp
2.451921827810278,2.553472955852449,0.49356044241134645,0.4487066828487801,1.9143129548989055,2.0247658236272836,467.0,MixedTemp
2.181284496597552,2.134883758091159,0.925643207279883,0.9348134429818863,1.7010872249388798,1.6663480931677035,471.0,MixedTemp
2.122660829689882,2.160695822031149,0.8425394134123965,0.856700141219442,1.593871870170024,1.520045940170947,472.0,MixedTemp
4.720550411435023,4.947307168259027,0.46040992876200737,0.3801692593209307,3.05590016060862,3.196880355140184,474.0,MixedTemp
1.4691722836712993,1.3812559821667452,0.5555984324422287,0.6116683005552668,1.1532951026694154,1.0790913245033191,477.0,MixedTemp
1.7515955878716736,1.7523673386382896,0.8758885992079986,0.8770974882654841,1.396299541176472,1.3778223278488722,481.0,MixedTemp
5.251972735144673,5.168867864715375,0.24977671041747984,0.28348812470898266,4.2199893538219255,4.218880461393614,482.0,MixedTemp
4.76168471627137,4.624696440809116,0.5398202681199131,0.5998176585715498,3.0279616666666573,3.037587335722813,483.0,MixedTemp
2.3696642109912496,2.2377757908912153,0.8849739254719744,0.8985818085003108,1.8848086810431435,1.7659790847457748,484.0,MixedTemp
3.347666310644355,3.5041961546542426,0.7089756899087629,0.6504717268580817,2.515153817307691,2.6511770802138996,486.0,MixedTemp
2.3029005416677117,2.355708817187148,0.9067877758934838,0.9071097612046283,1.939261412989588,1.9827128517110253,488.0,MixedTemp
3.8049865505323943,3.676159310798007,0.6251286719364415,0.6471155723257256,2.4301479212454287,2.3596042436974876,493.0,MixedTemp
2.300633839417055,2.231813667806778,-0.4903517331891025,-0.3233482583665981,2.0693487962963175,2.0464277356181353,494.0,MixedTemp
2.658036615315084,2.5195493445558026,0.003776321788446002,0.4307718144297997,1.9205213636363694,1.9172727881040934,495.0,MixedTemp
2.921749841196991,2.870629836737464,-0.40733681325611726,-0.3926973127810467,2.760444579863762,2.7423101528013802,496.0,MixedTemp
3.3477514078302373,3.1718634567175843,0.582011247820063,0.5890808068316877,2.6494926116373634,2.5751842920354147,503.0,MixedTemp
3.6812359077221006,3.606182067353182,0.634034469682599,0.6829295204541184,3.0196020875420904,2.9769662102874452,508.0,MixedTemp
4.54882356766296,4.730441529353202,-10.955789934107951,-13.825068089899029,4.443719742120366,4.620575053191511,510.0,MixedTemp
3.765390014074458,4.127372366103774,0.5099986887194163,0.4497661286203113,3.0431282323232356,3.3188979065743984,514.0,MixedTemp
5.204523051894919,5.471960893920881,0.27103755721254064,0.15526227969111772,4.083492837022149,4.316801103678947,516.0,MixedTemp
4.646180300522851,4.855367607038536,0.2702253878400369,0.17569665732950712,3.252537258883259,3.4300256948640566,517.0,MixedTemp
4.455895855908697,4.456483046664848,-0.08031283606478135,0.04600091405877604,3.708241906614802,3.683057641277659,519.0,MixedTemp
2.882035141751394,2.971015813150225,0.7944929256100781,0.785037088240138,1.8757538176197845,1.927439455842998,522.0,MixedTemp
3.488747329183768,3.6145929772854926,0.8031727275522228,0.7960241156552297,2.750751249999989,2.9876249976065,523.0,MixedTemp
1.2159895949725636,1.13695025238436,0.7429740665578892,0.7675180643260325,0.9803197176820061,0.9333967117726535,527.0,MixedTemp
1.8577489382650882,1.6698524191429391,-0.24806628830536281,0.2068708908602198,1.6051143954248528,1.458274501845035,528.0,MixedTemp
3.6807898912219397,3.7759351550175353,0.5873206431725032,0.550779243356423,2.4181607453416243,2.5106962195122007,529.0,MixedTemp
2.781923526181315,3.236832759692101,0.8132827412136587,0.744640351026453,1.8394230617495835,2.036514611211583,530.0,MixedTemp
1.4713789053784865,1.4421954742226306,0.9602829770192272,0.9612984876600018,1.1772813357843217,1.1712909895227073,531.0,MixedTemp
2.608198049379866,2.3792809755458366,0.8402374679419005,0.8751311869744491,2.1316133451327617,1.9665445654250415,533.0,MixedTemp
1.9835585701857998,2.0408106540105715,0.8839797915641655,0.8779424533873227,1.5837568421052588,1.6149990328638408,534.0,MixedTemp
2.2195348431296806,2.0935617222942753,0.9063290322274746,0.9177755289511738,1.8879494591611294,1.763611687861256,539.0,MixedTemp
3.19998652168941,3.325497327694601,0.40367927063801556,0.4122807369403505,2.5023109313971057,2.6468595952024065,543.0,MixedTemp
3.4778893864579823,3.7270082753101654,0.6935367775405372,0.6326214196320341,2.5397336492103046,2.7606470664206606,545.0,MixedTemp
2.5449600584371797,2.610494079211051,0.6212182281070368,0.6518087021143635,2.0415571202303795,2.0674431116794505,548.0,MixedTemp
3.9466148612779093,3.758482359175486,0.6544704142813673,0.7024765199096763,3.205801491130827,3.118621246219002,549.0,MixedTemp
1.653581372164214,1.5631719688836205,0.6114622125618976,0.6459902884040135,1.356518217948725,1.2553296831530187,553.0,MixedTemp
3.4402164420119545,3.892491703381272,0.7349680203631661,0.6625338632515374,2.4741717652582293,2.774953834254158,555.0,MixedTemp
1.817230366423734,1.8972998696123338,0.9105189384400411,0.8980661840836214,1.4230033770718211,1.4649129260182832,556.0,MixedTemp
5.290342440540776,5.278383957552341,-0.2552212253260169,-0.17934615660633857,4.329009433139549,4.455881046831973,557.0,MixedTemp
4.310718985310338,3.9472367910991535,0.5906672541478422,0.655299200266225,3.3431244485566234,3.1059922196796323,558.0,MixedTemp
1.342009866881447,1.5072190280420978,0.9068767437873282,0.8893456061847194,1.041489558823533,1.2017910375060878,562.0,MixedTemp
2.827078893369256,3.0367257578198856,0.7814494487974342,0.7414382098868444,2.155403469210757,2.3069292897196263,566.0,MixedTemp
2.602207743307965,2.442047387969375,0.7822001328843153,0.8209153446767136,2.259273024487114,2.0691764534883905,567.0,MixedTemp
5.461635356892273,5.3143800691157095,-0.25453669359864795,-0.1733474543109137,4.286741757812517,4.260991895424853,568.0,MixedTemp
7.5107529533025765,7.866255657602798,-0.7395407175342446,-0.7025336847536654,6.233405285359809,6.581248214599831,569.0,MixedTemp
6.034335388030991,6.105016705633763,0.06364556830477175,0.02643522352385974,4.947300349386223,5.026511568848768,570.0,MixedTemp
3.0639206638824086,2.9318936717904065,0.882870597353895,0.8909367998845145,2.6297933999112475,2.474582205804765,571.0,MixedTemp
3.241455511310391,3.357892307854764,0.7097138431447237,0.6941098973223098,2.7288766081871354,2.8651430434782625,573.0,MixedTemp
1.5027161561256464,1.1758016297569132,0.9594040567284319,0.9754748902495325,1.2213317850288035,0.9088613043478314,576.0,MixedTemp
1.5383233378413685,1.4211381196440291,0.7519575101640588,0.795460572891993,1.2520340375000096,1.1253887884378893,590.0,MixedTemp
2.0004109024319656,1.8782837338719285,0.5458418985776603,0.6210152610149917,1.5461434271978163,1.4757630838079847,594.0,MixedTemp
1.3988901420343043,1.4886646332613696,0.9725227124183743,0.9705759888322649,1.0741799147575883,1.1578023753665636,601.0,MixedTemp
1.1091871611503237,1.1893817237238982,0.7263508717723566,0.733465516784249,0.9342522955145234,0.992640028985518,603.0,MixedTemp
1.6712145392555653,1.6722722954675822,0.9467148294417932,0.9485553848235175,1.3243309382150943,1.3491669921436524,623.0,MixedTemp
4.250373228442875,4.5507225480240505,0.6014121233502452,0.5346744874356995,3.014248597904905,3.2560375045871464,624.0,MixedTemp
6.741708366973003,6.431134556517823,-0.06320256485280495,0.12430082798716868,4.384386368159201,4.203071617647055,630.0,MixedTemp
2.203609701491549,2.0120915614302213,0.8889886281191453,0.9092456647146804,1.9083470222930135,1.763581505768083,634.0,MixedTemp
3.067305543014696,3.00456703615372,0.45631496541667116,0.5672795842067164,2.5189660924750683,2.453811493440969,635.0,MixedTemp
1.707776468196698,1.759496326361543,0.873134579246497,0.8687722013512229,1.428638305722881,1.4645739907833981,637.0,MixedTemp
5.016809933897419,4.690622122147951,-0.3352935419498846,-0.45191190273857873,3.45006000641026,3.235743361603705,639.0,MixedTemp
4.246193651577129,3.988770171480181,0.6101823439820462,0.6765213385995938,3.1248923042505656,2.9219802599873232,645.0,MixedTemp
2.152466101437599,2.302400509469366,0.8651227385179292,0.8509650688168576,1.7115386003372746,1.8369021381886137,646.0,MixedTemp
2.155340260357348,2.0117321043665983,0.2966301900486389,0.2075984203376815,1.6815172790294524,1.5581102183406013,648.0,MixedTemp
2.625849818630009,2.41698161777193,0.8290255407327596,0.8591680280389272,1.8660429721166185,1.7143086804657335,654.0,MixedTemp
3.263936507490471,3.420023791532627,0.7022927130768107,0.6825914979766834,2.690103820512842,2.793762419495233,657.0,MixedTemp
2.2029973263467055,2.217312347263282,0.8671426952051119,0.8551144248782879,1.7861354272152044,1.7546885317815717,672.0,MixedTemp
1.6504556087516655,1.3646951625500683,0.9423993889377245,0.9633291114413116,1.2267758327477256,1.0156268877551102,679.0,MixedTemp
3.8568544589809863,4.036043209383726,0.30767877821433987,0.2738778045658692,2.650972252559739,2.8834346968869586,681.0,MixedTemp
4.229721383493744,4.363629199727919,0.5561432754846742,0.4939567563731869,3.226352399697212,3.289728092691636,684.0,MixedTemp
4.600213613076246,4.529954952323305,0.25022421402354444,0.31698489479433556,3.5437099914530017,3.5688187155090496,710.0,MixedTemp
4.057830570037742,4.70112012629926,0.6316696600013274,0.5116658937708769,2.6450686838006194,3.0355701999999964,713.0,MixedTemp
5.108301335135546,4.970808393251986,-0.3898634832986254,-0.34491018543348106,3.6155636672850995,3.5176589377537253,725.0,MixedTemp
4.564999599949105,4.745011741804379,0.515803438416101,0.483786801864161,3.1802979424216833,3.2110284600939054,728.0,MixedTemp
2.9226770815594216,2.9483227291398597,0.7935936899842129,0.7823479133538911,2.2141277769347663,2.1781101659388833,733.0,MixedTemp
3.611825731348095,3.8174357397889835,0.09920797225702283,-0.06293939444813934,2.4161167610619527,2.8193694499549204,736.0,MixedTemp
3.9410080467188324,3.8677148228037534,0.29677626551262193,0.2903150164889907,2.868224100758396,2.8495128678592057,744.0,MixedTemp
5.318048201663012,5.567876827359558,0.3286117025233375,0.27660479494991297,3.6976614542483643,3.8689463611859827,754.0,MixedTemp
2.607376006980965,2.5597950672809784,0.6821750952253494,0.7071258594276539,2.1610099700150114,2.0506753510274165,758.0,MixedTemp
2.0725265626954896,2.223350389470918,0.6426470324679017,0.6094672614505943,1.6158164869151406,1.7192575810810742,767.0,MixedTemp
2.5731349330794413,2.2693805608950104,0.5025538964279563,0.660841051871294,2.1703663777089983,1.8010197512953514,770.0,MixedTemp
4.364249080314793,4.870485681104756,0.4432795103397743,0.2804982703307306,3.380229060283707,3.77982114785994,771.0,MixedTemp
3.042001476023825,3.228124380329037,0.748507775364673,0.673084870128549,2.092968042194106,2.1867863412228887,779.0,MixedTemp
4.463932851253133,4.209943860633477,-0.012361366276618657,0.010179748450705017,3.7688788059701617,3.5020977914110527,792.0,MixedTemp
4.057350467859925,4.374014130947998,0.4720242239323488,0.38111027273489106,3.2114924943566794,3.425573561643854,797.0,MixedTemp
1.6629269802265139,1.7336135962781218,0.8929742225514434,0.8818943568409578,1.3484869979188288,1.3869786466591094,800.0,MixedTemp
5.887001655407758,6.13495622333915,0.021444368418306214,-0.17156894457444993,4.3168576237623775,4.663026666666667,804.0,MixedTemp
5.261367167487751,5.646223292959332,0.32344920172000957,0.15509497593942168,4.255905897644199,4.604551131221728,805.0,MixedTemp
3.404916836535637,3.5179852260765836,0.6665193970248681,0.6266171775588125,2.8954042915309444,2.95056153211009,810.0,MixedTemp
3.6338748502735014,3.602940178163164,0.227567574948619,0.25458777846875036,2.699689559505425,2.6642983333333485,819.0,MixedTemp
2.781789764672829,2.5807020675282972,0.7742244107440259,0.7980945291659758,2.3150007137707433,2.159948766519836,824.0,MixedTemp
3.3542986072683534,3.4301376602171656,0.5940315591843299,0.6268742132597859,2.4893444968268366,2.4937922831505475,825.0,MixedTemp
3.0758202848787066,2.9842890049420605,0.8009055963179634,0.8249289767644598,2.405291783115005,2.280882962066194,827.0,MixedTemp
0.9343374786056288,1.0964530411548001,0.5752415485623183,0.5149381410231065,0.7388195515695049,0.8644474972557555,829.0,MixedTemp
1.66511974056106,1.709961965992562,0.9590290625204116,0.9615592956105243,1.2456879112122894,1.2463437328990168,840.0,MixedTemp
2.843750766497036,2.872430215365754,0.6781805671525971,0.6762159630867514,2.403098805579772,2.4009293665158373,849.0,MixedTemp
1.5092810735582904,1.3945155756947418,0.9525703193870525,0.9614134150099394,1.2364064245324045,1.1430470517000435,881.0,MixedTemp
2.0464093914566934,1.9316087863328755,0.9157548473842086,0.9266295493038788,1.5171738231046963,1.4800470825185739,883.0,MixedTemp
3.8713932125112427,3.748026504791005,0.6416248964612862,0.6817542641305125,3.3675770360824964,3.2885797336715497,893.0,MixedTemp
1.459914461900755,1.5749766229711073,0.9676190033569882,0.9666246529008624,1.152082552570085,1.1854655370370304,894.0,MixedTemp
5.317588372398409,5.3844266656223585,0.18479230306935424,0.16485562587828806,4.411555714285728,4.3701967650834534,904.0,MixedTemp
2.281515484252942,2.3308531502225573,0.9012837677536019,0.9094401600697295,1.8898396943648437,1.8618135918367238,905.0,MixedTemp
2.0730548874920984,2.0532921105573334,0.9292705674617753,0.9311098124409892,1.5549902127659627,1.4880681908127256,907.0,MixedTemp
3.136371252972186,3.3933372816962537,0.7172842026401322,0.6592502006330523,2.5341398637602373,2.647075231660249,908.0,MixedTemp
3.280888965488824,3.469901380020964,0.7269143755201801,0.6650611526431828,2.330050166374783,2.3992217145593884,910.0,MixedTemp
2.700952000778501,2.836787603846653,0.49004468634236,0.481425911327216,2.204660423060983,2.3112241080402125,913.0,MixedTemp
4.6897492356282475,4.461171247341939,0.3064142723022891,0.4197326198292809,3.2294356528301966,3.09918890253891,920.0,MixedTemp
4.243485212314373,4.256758602753703,-0.31298185770579057,-0.21132363661930564,2.891991499578777,2.9343236072664434,924.0,MixedTemp
1.4868788224864486,1.5367014225027358,0.8955181435079023,0.8701360611957695,1.178245420726295,1.20261419580418,929.0,MixedTemp
1.8178721173553611,1.7228302629028396,0.9467388451515459,0.9497230139036255,1.5046911332312476,1.3854938309636695,931.0,MixedTemp
2.5297623578821504,2.634136534609183,0.8382184538935638,0.8255298692096706,1.9700021057192372,2.0348569557362226,936.0,MixedTemp
1.9369634683322254,1.8243174654884045,0.9436390391399077,0.9554612546231023,1.4380947937671837,1.3431701373895917,945.0,MixedTemp
3.987435695897699,4.055581410118454,0.596347666821532,0.5921542073828405,2.719307606142741,2.7870908587786376,949.0,MixedTemp
5.295811780306171,5.3141805695318505,-0.11128198050697868,0.11166218975647402,3.216435696629211,3.378260170212763,976.0,MixedTemp
3.586146120062325,3.721113177724518,0.6663248107671325,0.6228264730897052,2.951092194637558,3.1193030362694505,977.0,MixedTemp
3.6984194588375114,3.8588921471064315,0.5955154450598887,0.5815779219546047,2.651047118499592,2.7359180891174124,982.0,MixedTemp
4.49383656012966,4.6512307075373895,0.5092010361519971,0.42912339251723,3.0158175140788357,3.1972658348623786,1003.0,MixedTemp
3.967459498621626,4.353634664400824,0.5464358297208245,0.35487708949299757,2.89848077537057,3.213697824967815,1009.0,MixedTemp
3.053974688147994,2.7818550248793117,0.7864449805201407,0.8242323207123116,2.0133160555005096,1.8767917433155206,1011.0,MixedTemp
3.2683217825936364,3.2776861005125353,0.5199143981796019,0.5890249980523625,2.622618568665381,2.6592588229273337,1019.0,MixedTemp
3.078408190116808,2.691788730262824,0.8258100671712933,0.8738989862174205,2.7272554678068626,2.3456313945946152,1026.0,MixedTemp
1.7570702871545425,1.652449940741475,0.9293114703862161,0.9395452909937391,1.4101037726523968,1.2646773387755144,1028.0,MixedTemp
4.650917506456404,4.055610335068195,0.622968144330472,0.7232451338392789,3.2056387557603867,2.692198786127185,1050.0,MixedTemp
3.2694800693053048,3.3930303520183753,0.7042798552568827,0.69028345542731,2.3609561617021275,2.4739812931034475,1053.0,MixedTemp
2.1476525717744326,2.075991290651004,0.777076051674773,0.7824913293980177,1.6300645772594888,1.5658971821305983,1057.0,MixedTemp
3.6414352104672982,4.179905879714719,0.6475033088277308,0.5386044853000722,2.475244902723746,2.8920736080402114,1061.0,MixedTemp
3.9616209845135324,4.214047165547982,0.5693943280849013,0.4855870627348019,2.6383536116700173,2.88326778024417,1062.0,MixedTemp
3.453858472343142,3.452189770228204,0.38911975464170967,0.40458950704748897,2.618715481812399,2.643688626001251,1066.0,MixedTemp
2.8553116198761046,2.6558038667260333,0.7656441376854191,0.7642321909677491,1.8535509214092207,1.6904135045317252,1071.0,MixedTemp
3.329031783755442,3.5621481499525687,0.7876006791443003,0.7403522853210853,2.6412778869565376,2.7770403524229246,1075.0,MixedTemp
5.737693530268836,5.611190727485729,0.5844374875054534,0.6153248578817636,4.5112266255678275,4.388439054545469,1083.0,MixedTemp
1.4829689207308134,1.3488204729474973,0.9492199461373657,0.9563411960006909,1.0808248821081756,1.0067399693251466,1107.0,MixedTemp
1.4607687488650716,1.6189680851632633,0.9570476866670696,0.9492991787515863,1.200858789840644,1.3213584462151433,1110.0,MixedTemp
1.7202452780747817,1.6706199708123641,0.9444705636191162,0.9538628247808127,1.2476109371672073,1.2608994874371902,1116.0,MixedTemp
2.322764191404997,2.206509448333534,0.8921725156948236,0.9137217477112435,2.0020367758284556,1.8649681525285413,1128.0,MixedTemp
3.5208480900721715,3.417504050488047,0.6505817969999794,0.6902285907669069,2.5518592778993576,2.506448083832347,1130.0,MixedTemp
1.3866368203570023,1.4111411661455144,0.9656292432593021,0.9669034645424943,1.0315270326409454,1.04455362700964,1145.0,MixedTemp
2.3052167515171416,2.3837435141415564,0.915306241416403,0.9122969652990949,1.5840280989247322,1.7397083207642043,1154.0,MixedTemp
4.893128413355603,5.176603905906964,0.39830753290976517,0.3084243191612186,3.981923047722362,4.165301967213133,1169.0,MixedTemp
1.2577119443405125,1.3271345434266066,0.9364570640210572,0.9330901569616049,0.9823745155901952,1.0413067645488456,1170.0,MixedTemp
2.9625000889992332,2.951046656432202,0.8209918061510604,0.8389993716432831,2.3993110529891335,2.420755488826819,1174.0,MixedTemp
4.296584596683052,4.228964230876073,0.5550689655953406,0.6040834649282967,3.3043970105605345,3.3586683857264372,1184.0,MixedTemp
2.946973288857004,2.6437323049108143,0.7989879244189447,0.8505627093878871,2.7728141759145313,2.4472450107991572,1188.0,MixedTemp
4.861676571773676,4.731794235371893,-0.21042432081555273,-0.12964881033309217,3.26886617604619,3.21423452083335,1192.0,MixedTemp
4.756711650332587,4.753887310738339,0.5701646972767782,0.5840811964089644,3.4263234564339404,3.4683240858085904,1193.0,MixedTemp
2.9729269544823884,2.7663559108139943,-0.8176763370199684,-0.3803258569610335,2.6643382015691084,2.46113010012516,1195.0,MixedTemp
2.8659044986759565,2.660533425366098,0.6860336807889451,0.7508315503134436,2.7098705280313133,2.5133207674685214,1196.0,MixedTemp
2.2049740177666193,2.262193270463629,0.9059682333153958,0.9051774702612305,1.753920525547451,1.825804184339319,1199.0,MixedTemp
3.9736224903705692,4.083842986144326,0.6103197827210354,0.6123326753050934,3.280718630573267,3.25975771720615,1201.0,MixedTemp
2.5404275539087338,2.17468231406384,0.8955979008347875,0.934364184371078,1.9065542236842146,1.6750697089783315,1203.0,MixedTemp
1.4350724509347634,1.416662946111937,0.9522081036786281,0.9520006789585068,1.2145420282318107,1.1924191622239266,1204.0,MixedTemp
1.5279897373156262,1.6515630179791845,0.3935518444204842,0.4649233442437044,1.2576433889468068,1.3955574708818452,1219.0,MixedTemp
4.896938391597895,5.08280504038927,0.45520445190313175,0.3980331216784656,3.6180121330724098,3.75161653444677,1221.0,MixedTemp
1.4990962070017397,1.3530534662884202,0.961064149773495,0.9704133872743681,1.2152095757218742,1.1155177028714218,1236.0,MixedTemp
6.425399818281126,6.766513284939623,-0.10385358920891719,-0.4344931692250362,4.935210874861575,5.1408413748531165,1237.0,MixedTemp
1.869824867253104,1.6203022225956611,0.9095389396566942,0.9410000600612979,1.5271393009118723,1.2751594802342776,1240.0,MixedTemp
2.9377779261300185,2.6791840716096234,0.7707319327672274,0.8128865596914171,2.4532301779661183,2.2508784028394113,1246.0,MixedTemp
3.257344898652021,3.432378758560761,0.7365726766326122,0.6839872938960084,2.2806752978453853,2.37410553482588,1249.0,MixedTemp
2.658259730880853,2.647146186545436,-1.222589735199473,-1.1330362252060557,2.2733242921236383,2.247664620512826,1259.0,MixedTemp
1.6625195630548315,1.6677037113001192,0.948020630490279,0.9467783754617126,1.3072552895752896,1.3190354073199542,1270.0,MixedTemp
4.118325938313381,4.240512503125838,0.06999473097973052,0.07885874284639072,3.45435146461878,3.4868044924406236,1283.0,MixedTemp
4.129408976857212,3.5916273195811987,0.621541397505812,0.6866298628900395,2.975132439807401,2.609701516427987,1286.0,MixedTemp
4.03670655265919,3.8413992547117743,0.6923108458065659,0.7374290648083934,2.7394439583333363,2.596980522918015,1294.0,MixedTemp
3.5811037280481806,3.254032494047028,0.7225053760678135,0.786753770800312,2.7723293522626595,2.5309394075404095,1319.0,MixedTemp
2.3358749793310096,2.1568844018875946,0.6968696513119017,0.7427618774057034,2.010222020997391,1.7915755532359203,1321.0,MixedTemp
2.7752003461967756,2.8893589148592587,0.45022370601259365,0.4421913906407221,2.287616645344718,2.361877325737277,1336.0,MixedTemp
2.765880104003572,2.5847708198007244,0.8929327524754421,0.9036118859589874,2.4420735271013565,2.24138484399378,1344.0,MixedTemp
1.3780379267920817,1.2251681556770526,0.964241883892876,0.973361323094681,1.1035646376811687,1.0021021409214161,1358.0,MixedTemp
2.7931052955627136,2.7447973040005222,0.8526144775795826,0.8540041496507087,2.297636310211946,2.2182817152466368,1359.0,MixedTemp
2.926303841121979,2.7947468165262355,0.8686577409668159,0.8786261837712673,2.321523068459674,2.2212287771084522,1360.0,MixedTemp
1.144845354964626,1.0509075853862917,0.904078093075949,0.9135762215650087,0.878073163716817,0.8192978503562947,1368.0,MixedTemp
2.5502268279855373,2.835111964192433,0.8250625147186172,0.770760010837795,1.9132850708924134,2.0441391444866954,1370.0,MixedTemp
6.095490103791764,6.308723730655275,-0.008880483208614232,-0.1739813505361807,4.908474923215915,5.211120204918051,1375.0,MixedTemp
4.784718824810449,4.90780443454942,0.41290426275581027,0.3918780311558915,3.4135914629948507,3.4963386504854506,1424.0,MixedTemp
5.209429810577652,5.751952348524587,0.25513563650497106,0.044063031647494366,4.114771772541002,4.633405683530698,1425.0,MixedTemp
3.0719228678299317,3.089242502085645,0.4967750370291877,0.5340068322994529,2.0129584897025263,2.156622187096783,1432.0,MixedTemp
2.920593223064357,2.6008111117063635,0.48598906317166257,0.5763810827179257,2.7212425359835732,2.325788951005046,1434.0,MixedTemp
3.379754817998981,3.1204709039400336,0.7548751562982806,0.7727424304473164,3.0209263370593504,2.7954985533980774,1467.0,MixedTemp
5.282187332411509,5.372619494627432,0.21126590754717056,0.07954712709254697,4.334177831094058,4.410683261093921,1489.0,MixedTemp
1.8506986381333206,1.4800300894080372,0.8271139138281105,0.8747643142086517,1.4887365055762223,1.1879906955645285,1493.0,MixedTemp
2.764597725400265,2.6747439198102407,0.8736945744705272,0.8922451788666131,2.438165104477634,2.3280467148289192,1498.0,MixedTemp
2.2550133892284316,2.063704719843972,0.8830395097036898,0.9142853959757963,1.9596157035176067,1.7768349956255647,1505.0,MixedTemp
6.708210054236629,6.742678521780478,-0.2516188323689268,-0.23446759700497655,4.787370591397871,4.767409426406947,1516.0,MixedTemp
5.1512063342604,5.197983043040907,0.27710379386427875,0.2826653041495686,3.156344850597605,3.0655915851063784,1524.0,MixedTemp
1.7765376174546468,1.847135815528195,0.8609901463257719,0.8463399375270395,1.4415565232163274,1.4748123766364725,1526.0,MixedTemp
2.6806183690347085,2.5395425947284735,0.8860399711562269,0.8962308403059926,2.4176182421875216,2.2768717122888966,1529.0,MixedTemp
5.632364145505535,5.807697259703659,0.15739369366752798,0.03448373686662709,4.5436480342651215,4.6985571818182015,1547.0,MixedTemp
2.629944089074477,2.3760357773154364,0.715759048636872,0.8135963432277539,2.2948928670520417,2.0762314007782297,1567.0,MixedTemp
4.396296588138387,4.56159006219635,0.3305250372488945,0.23846782916900888,2.8016605997210706,3.0568594177583814,1573.0,MixedTemp
3.4438111235713107,3.420458627088117,0.5242293348655569,0.5785203745995644,2.6033299808061545,2.6148076406926535,1576.0,MixedTemp
3.929758654001147,4.150848972274749,0.6175282751866851,0.5260643321097693,2.6197054599056697,2.6509542838541758,1582.0,MixedTemp
5.182882729228314,5.470688361648408,0.3417288829312366,0.2159017570750218,3.5710922253787865,3.7194374842767264,1594.0,MixedTemp
1.1770598445282965,1.1406733250262184,0.9667097358247404,0.9695409122343925,0.8972940963855459,0.8762040794627889,1596.0,MixedTemp
4.366953266423129,4.453495548235451,0.34311061088307215,0.2728011590785612,2.790467447335822,2.884205589041106,1613.0,MixedTemp
3.3532410724172195,3.2990873404556096,-1.608228464705904,-1.6372621706614696,3.2295638751625706,3.18720184035479,1616.0,MixedTemp
4.269153353667026,4.127126500536116,0.7351752746516491,0.7625946178221003,3.4946810110294257,3.294137536012145,1618.0,MixedTemp
4.987757786008203,5.388226505149175,0.40640352419820225,0.2110854939292769,3.715262474332661,4.0493904474273075,1623.0,MixedTemp
2.7766860842017906,2.415270613213765,0.8482840140773207,0.8880301392720245,1.8036692307692361,1.6301434960767267,1632.0,MixedTemp
6.486514341414557,6.8958899188111,-0.4125687884485665,-0.5281714165935631,4.781552062937068,5.187166096440879,1640.0,MixedTemp
1.903800397467131,1.8279827485624018,0.9205829006170785,0.9294217421390184,1.5369474852941152,1.43135733333333,1649.0,MixedTemp
4.31302445209958,4.181878459977683,-0.6774296647930795,-0.4593875099195326,3.4395961860465296,3.3167933274179395,1652.0,MixedTemp
1.8414055666284017,2.0809205750226702,0.9539870763627739,0.9422153950707153,1.3441400803571388,1.5919867256637172,1658.0,MixedTemp
3.4788490715859517,3.0108454368902304,-6.428967305769556,-6.6566009876356595,3.318003792613659,2.864301878646464,1659.0,MixedTemp
6.108034498977742,6.350358284011255,0.04038201918986317,-0.07519077431709098,4.7045433472803495,4.911250346756167,1676.0,MixedTemp
3.239834227870254,2.9971979491416754,0.7789836182533447,0.8076121572885138,2.735788365577074,2.499961532567071,1679.0,MixedTemp
5.209611685103847,5.293189354914832,0.19396556034451296,0.13259990804868904,3.6996865306122575,3.802024911564641,1703.0,MixedTemp
4.125781567606207,4.411845689891443,0.5749922044338582,0.47384538456336633,2.5544254054054156,2.740946822633308,1706.0,MixedTemp
3.162223602391126,3.180953512156324,0.8514595113837241,0.8518361443320952,2.6185667277992453,2.5738801580135604,1714.0,MixedTemp
4.952174195555664,4.797402373772594,-0.1655030816280305,0.02278608074054822,3.845377318244191,3.742533397548183,1730.0,MixedTemp
3.3417739111905056,3.383235377193208,0.7028220692031268,0.7000679034101345,2.386703952912038,2.3464389917127235,1735.0,MixedTemp
0.9658861025767889,0.8634786474255741,0.6854674539631754,0.7653475538862939,0.7678233333333347,0.686850156250002,1740.0,MixedTemp
3.5498832436745293,3.220260701760681,0.40370812523312627,0.5305882383396516,2.733298719646807,2.4926277119228195,1745.0,MixedTemp
3.0874593453151915,3.1465061414053848,0.8165894628211462,0.8294480236542703,2.3045987225274844,2.366400199468096,1756.0,MixedTemp
5.175965468309703,5.423024876660224,0.3510874662695693,0.3773102366145672,3.1711380021715483,3.5180526542491246,1787.0,MixedTemp
5.213048215253597,5.580544618625491,-0.438484852695018,-0.8678122042450487,3.8930358274021346,4.165273939130434,1790.0,MixedTemp
5.8062434050530936,5.857360194357584,-0.019193158792037313,-0.11991935842395818,4.0681081495098095,4.165009278350522,1815.0,MixedTemp
2.297499492626823,2.533798638597961,0.8920806379299437,0.8630677988623028,2.0213845171026357,2.27038398512223,1818.0,MixedTemp
4.962236676865506,5.170167265504882,-0.006819814983535899,0.01049362865204062,3.600212478347773,3.877430653235659,1827.0,MixedTemp
2.7032143712217676,2.512549369284425,0.8405088273804865,0.8671650508167894,2.3465308830549136,2.1305033434882157,1831.0,MixedTemp
3.3423791546350916,3.419677310036627,0.7207631352386817,0.6777509210235615,2.8578337053980065,2.924676034318418,1832.0,MixedTemp
3.2625976083279173,3.0217821730342607,0.818499862310691,0.8574052445812977,2.569140892772812,2.3314258076392287,1840.0,MixedTemp
2.1315639908964132,2.0861079537498117,0.1397884851850585,0.22640615648792806,1.757076972343541,1.7513914261745145,1853.0,MixedTemp
5.327374787984353,4.535057477955619,0.4916041777879109,0.61514939607368,4.350369117132889,3.6896518376449814,1887.0,MixedTemp
4.8787448098346715,4.606028074410093,-0.5635528848207418,-0.583243411700066,3.311533696646346,3.1133588440860294,1891.0,MixedTemp
2.125358233521798,1.9684024331775156,0.904347215208098,0.9183269450139417,1.880513793615463,1.7025119222462386,1893.0,MixedTemp
3.752610750055269,3.925290839758066,0.6596083951993148,0.580537291912006,2.757983343283599,2.823904339622659,1908.0,MixedTemp
2.906897403466755,2.883173651291823,0.7798578140608804,0.7729472349603245,2.5925833789954553,2.5297304089581507,1910.0,MixedTemp
4.970001092098466,4.88479428029546,0.30687740366395433,0.367556701995122,4.804725830965931,4.7193494294671074,1913.0,MixedTemp
3.355704347600687,3.520236160660141,0.7115568992322852,0.6511160017290785,3.003386676528622,3.1071152845528682,1945.0,MixedTemp
3.949047189454925,4.034126660433027,0.6968724253846668,0.6615866187557886,2.9529683121019294,3.11570480637815,1958.0,MixedTemp
5.889553827309534,5.886959274742466,-0.588058210433209,-0.5476038232347629,4.05829400204709,4.06504044309297,1970.0,MixedTemp
3.88541139066139,4.162496599322992,0.1550202977507955,0.05631180235063005,3.139175926236399,3.305280288600309,1971.0,MixedTemp
1.2017433407185947,1.2294150918380844,0.9641390268557748,0.9622483024392776,0.9331741916167705,0.9572651382333109,1984.0,MixedTemp
3.66083001096979,3.6262633916040463,0.7160492205139416,0.6843497773349039,2.3338767233009796,2.3397187739463656,1997.0,MixedTemp
3.9235121839001823,4.284869503162448,0.5817797145274626,0.4483779413631034,2.3739528174603266,2.6587014760638374,2021.0,MixedTemp
3.421787169257274,3.2753914706067127,0.7682398071699175,0.800906087837111,2.7885166700611204,2.634547843137274,2027.0,MixedTemp
1.8810750998671038,1.5844970097953814,0.9358801898921272,0.9572045513060788,1.4927231829831014,1.237101109474729,2032.0,MixedTemp
3.004070940469024,2.9555507707348694,0.79043280447375,0.7882480369254423,2.0362428983957304,2.022031563517922,2054.0,MixedTemp
3.9767762505451,3.400290138880562,0.6577693931537887,0.7231809873456354,3.259735265265285,2.81897880044845,2064.0,MixedTemp
5.127835338577692,5.340125404240891,0.360164974978612,0.2654027109813718,4.159036996047451,4.299925837765977,2097.0,MixedTemp
3.7271435028721616,3.988274922830649,0.27390683443921393,0.2577367279866868,3.111448896434654,3.272530504555029,2116.0,MixedTemp
5.099784154829067,4.998170261293584,0.15982483577932283,0.2632330187506843,3.8664848115299537,3.8312177015250746,2117.0,MixedTemp
3.009911237698038,2.853688421164218,-4.571275337380798,-3.2045631228497156,2.9006656711409615,2.736905677321179,2124.0,MixedTemp
2.0776516126860507,2.1050304472774504,0.9384337275501813,0.9417217638850905,1.730829354166685,1.7353241772152082,2129.0,MixedTemp
3.27340338747857,3.092452210223589,0.7152766883584081,0.7206010504316879,2.9620836811594433,2.7620922211155605,2162.0,MixedTemp
1.8824994594362803,1.6968742346199133,0.9340185717910743,0.9422163399313093,1.5774016196013458,1.3835923464711417,2168.0,MixedTemp
5.394628260129016,5.639666108501231,0.12307582975279896,-0.025769860064955408,3.8942126449787953,4.080430618705049,2179.0,MixedTemp
1.5870402744862206,1.6437661745200751,0.8348619100531575,0.8063353257860596,1.279313237150589,1.3395685108225126,2186.0,MixedTemp
2.747374783505574,2.8182166158994475,0.8171629047383681,0.795137145707252,1.8412923813708284,1.8760422634146372,2192.0,MixedTemp
3.3418285899596016,3.1815360215469615,0.3295439396597116,0.4795844339526697,2.6466100317796726,2.545030239726037,2199.0,MixedTemp
5.725154138455186,5.802903835610209,-0.07367413517757737,-0.05992127608401421,4.254908685503697,4.395318134657848,2202.0,MixedTemp
2.710361775044022,2.698675364802821,-0.06556911193082016,0.04598511943105266,1.5773382237762361,1.654469852744322,2203.0,MixedTemp
2.1408837599476853,1.9658098279505378,0.623568804950503,0.7091137753190846,1.969258979591858,1.7856566459144163,2228.0,MixedTemp
2.5579987333461456,2.2689898336661742,0.8908042190045808,0.917559439550567,2.0857810478128327,1.824093556034496,2253.0,MixedTemp
6.261464875378155,6.0704776951090516,-0.9739322932805674,-0.8272649765437676,4.856626986951374,4.690817562130188,2262.0,MixedTemp
4.169733073751075,3.939055371675268,0.5222020601860484,0.5750901971041629,3.3431636467486943,3.1730483954900373,2270.0,MixedTemp
1.1954263445666344,1.1179241671597169,0.5254275542822324,0.4022528184713645,1.043058095238115,0.9834212788260147,2271.0,MixedTemp
4.492125786044585,4.659648318936445,-0.7151253417148875,-0.8565595080802528,3.2466863297872504,3.5990407912844233,2304.0,MixedTemp
5.480407979288931,5.203283632926424,-2.061358068575073,-1.7743361209025328,4.312603141762462,4.089116589068837,2305.0,MixedTemp
3.1961895421707567,3.1687791708214412,0.7990184614401079,0.8052998805079539,2.840387743668479,2.8373087520525675,2317.0,MixedTemp
3.2750929088463416,3.3028361176789494,0.6772539678445313,0.6609385224692252,2.693823792775667,2.7071513352826524,2323.0,MixedTemp
4.58708797575116,4.5965546816660625,0.3949146414738316,0.4155397680371774,2.859160122075286,2.85489753151261,2326.0,MixedTemp
4.055362880721961,4.166555040172961,0.5536938414803793,0.5057252387443228,3.1094659687500155,3.1481672093023394,2330.0,MixedTemp
2.4779228165519798,2.6610410136249856,0.8379387208079464,0.8190046224227421,1.8320798388278423,1.9461576096823034,2336.0,MixedTemp
2.9324449262917027,2.920822949789662,0.8232026418921526,0.8342267348956247,2.6409448179871733,2.5833300000000214,2345.0,MixedTemp
4.997833779728156,5.065752501406348,0.24803580028550787,0.23483737389405535,3.6533489529914713,3.653049097744379,2351.0,MixedTemp
2.9878605361408583,2.8648296510877453,0.8122250930965,0.8276641338181372,2.5046939309827643,2.3214253879310514,2358.0,MixedTemp
2.1754336012282325,2.207869697620182,0.8519756137716799,0.8653812803251606,1.7887991631205837,1.77048031196825,2364.0,MixedTemp
5.2672898761714055,5.420149126728743,0.21907322251551453,0.12458986521199367,4.012188979591852,4.2112644924154194,2367.0,MixedTemp
5.881863881185346,6.300344363995049,0.10383918935574732,-0.00590013357694863,4.4439491720430215,4.859203668122282,2368.0,MixedTemp
1.5190724916892684,1.4262833535183805,0.44404047308356653,0.5260901494394159,1.247865365474354,1.1789381406250148,2395.0,MixedTemp
4.374866872650522,4.638715796581942,-0.3687197576867045,-0.6434115136443992,3.231936443569575,3.530935254901982,2415.0,MixedTemp
3.1583351391337176,3.070636752072222,0.7566311812203881,0.758738170988685,2.699107185821718,2.544871932960914,2418.0,MixedTemp
3.730539022092372,3.8404951579503144,0.6711439658032992,0.607018828302785,3.3231244593203106,3.324139957582206,2420.0,MixedTemp
1.7500276301892506,1.7531357350847152,0.929194350985409,0.9372430413201516,1.389427538314186,1.3707839083558027,2425.0,MixedTemp
6.717542363331275,7.0105754857973315,-0.27897685748320633,-0.4420681850607784,5.357413340961113,5.7277937976190625,2436.0,MixedTemp
3.7428350997834223,3.7800293699062557,0.40404848854153474,0.3932453438219916,3.0856776330690963,3.143366411075626,2447.0,MixedTemp
2.802185696009365,2.627274389425722,0.8134813462572091,0.8527134046296844,2.4697398588899544,2.258496864406798,2473.0,MixedTemp
6.4074284530762515,6.145829588488015,-0.8233134899820587,-0.5206947053178028,5.0439075541125735,4.835267065462775,2477.0,MixedTemp
3.49973235859845,3.2878736698655544,0.7605960233881911,0.7737879618696766,2.4724143609865634,2.4723420116959227,2497.0,MixedTemp
4.991090493271513,4.916648314105256,-0.9371358339156932,-0.9216039685751924,3.5677078216704348,3.4835706170421266,2511.0,MixedTemp
2.3992081024398937,2.3295031229753467,0.7199572226576827,0.7694413736642703,2.095334280639452,1.9412029664429724,2516.0,MixedTemp
4.103278120352659,4.511571166039353,0.7456585885914307,0.6994158881675323,3.307917854671302,3.5533001279317915,2517.0,MixedTemp
2.183243463103203,2.178456559979512,0.7306603934887183,0.7383464281367029,1.766516408393876,1.7648329017857263,2518.0,MixedTemp
1.7695889870638266,1.891916329603233,0.31410111820264686,0.3210001125188522,1.4585062480376942,1.5660232521739301,2559.0,MixedTemp
4.2841403496868,4.274812804920353,0.2463521400847959,0.2848357015582853,2.9823156677966187,2.9929738963414745,2569.0,MixedTemp
3.5430539228098294,3.7172717019909505,0.7216367481717266,0.6604958414975955,2.6936800464684163,2.8596260980592616,2594.0,MixedTemp
5.778323441419925,6.057954008269932,0.08515171653577402,-0.10862136584816806,4.759329099783099,5.095205062429078,2595.0,MixedTemp
4.404511920999949,4.6969987720478334,-0.39236489025184706,-0.5149936149437975,3.0566668740955327,3.484922032710302,2613.0,MixedTemp
1.421631056910561,1.2826814780615934,0.8867415379537651,0.8984471290783458,1.1609964149043397,1.0362080477223496,2616.0,MixedTemp
3.0933895878268496,2.5788394158875794,0.7993461978659459,0.8617396548698085,2.1195613169165033,1.8630909967497447,2627.0,MixedTemp
7.112391425008353,6.901823490088427,-1.1715457453720166,-0.6650075309816819,4.484014567307691,4.428890277108433,2655.0,MixedTemp
4.756585796963087,4.9788654873583145,0.43022750163725687,0.4132855870352259,2.6470669782608827,2.824309283667632,2663.0,MixedTemp
4.442984755129117,4.119518737222984,0.47799372271685303,0.6072867250398171,3.27682990112996,3.0426389924812196,2682.0,MixedTemp
3.96242134280827,3.603527912766187,0.685018028107372,0.752621037813868,3.38578868081183,3.0672543966244947,2696.0,MixedTemp
4.04020843944025,4.322498449218832,0.5796766235496201,0.42221522164047876,3.259932130822617,3.3691847034339424,2709.0,MixedTemp
3.622317655913048,3.9717380789229852,0.6977627242891606,0.6163631271689449,3.153105276073641,3.425582094240858,2731.0,MixedTemp
4.9536319004435105,4.203928430239686,0.21144535986728608,0.40513957062127925,3.882188504155146,3.2565349556213223,2750.0,MixedTemp
3.4332894573341113,3.1450427049684078,0.7209532603396471,0.7881222501419444,3.1406870386266315,2.8270293366834385,2798.0,MixedTemp
2.4281242790758295,2.220233899585266,0.8756984892080233,0.8894463039405445,2.124799841129765,1.9480228571428768,2799.0,MixedTemp
2.8474386923126964,2.7004306671572595,0.8786204092620984,0.9049199383786233,2.440125636083288,2.272444434782627,2803.0,MixedTemp
2.5753125958950402,2.224331655473163,0.8918519610779556,0.9225014443857253,2.311092408312979,1.9553279306072067,2812.0,MixedTemp
4.1921750401092455,4.288957254519449,-0.3403749676473993,-0.37984482350826143,2.8720278296703468,3.085834663742709,2819.0,MixedTemp
5.0975652257507305,5.073768112304992,-0.13488293162152565,-0.2529378348275433,3.488443408360142,3.4551590075377,2881.0,MixedTemp
3.4992552331555387,3.1375476992796534,0.7664462102746739,0.7992986109829858,3.1446555810147507,2.784114189054746,2898.0,MixedTemp
5.817012167035753,6.19097579403823,0.003985518817641198,-0.15154397197087022,4.170094226804142,4.471197629310365,2926.0,MixedTemp
3.6180519090981935,3.408764692145513,0.7261068859760877,0.7724903546289796,3.3757511492734706,3.1332803415941277,2927.0,MixedTemp
4.244825914484102,4.171418785497308,0.6236273234916604,0.6245421163958711,2.593834458333348,2.6744046756756905,2940.0,MixedTemp
4.039336140792132,4.494496458933881,0.637596807463543,0.5295412032074971,2.996061027466951,3.4014351434426353,2944.0,MixedTemp
3.8632910486309053,3.898501065770188,0.4197553190769603,0.43027012276490884,2.583468430744597,2.6320426987447703,2946.0,MixedTemp
3.333849193946815,3.0686248942034138,0.7615511990169971,0.7978484855351001,2.90096439675176,2.7471331497006197,2955.0,MixedTemp
3.421361432414805,3.6778422295861515,0.7619092572381148,0.7245091818074522,2.934401632406308,3.1423184769038914,2978.0,MixedTemp
2.894344876373055,2.6041778647411915,0.80981092221969,0.8594933995818452,2.5272829083665513,2.218343069948204,2985.0,MixedTemp
3.213669305347499,2.8541021180666593,0.7731029752974622,0.8296319563673787,2.4160455688622946,2.1805449551856793,3097.0,MixedTemp
2.156516774483102,1.9640866068880354,0.884545049474359,0.9126491686200309,1.830248834688367,1.6141212179487343,3109.0,MixedTemp
5.376288686753225,5.425629895267532,-0.18911613574432518,0.021268505229510737,3.9520283526383686,4.029872142857158,3133.0,MixedTemp
3.6487811203267726,3.8261050460395176,0.6115340211867013,0.5461248716575303,2.478221701427013,2.603540741163067,3135.0,MixedTemp
3.479466578497898,3.424458989806756,0.6943319664515688,0.6745766398218216,3.1288721457086037,3.071930303712059,3188.0,MixedTemp
2.5351920017025007,2.408709120158827,0.8983679364351599,0.9212429654134318,2.08233791107976,1.8819301957672092,3200.0,MixedTemp
1.2718171325855039,1.5655806768883216,0.691421950896155,0.6603012953024883,1.0461451284916286,1.2483995990279602,3211.0,MixedTemp
1.4926288594210522,1.5727028444623752,0.45004555535586377,0.4772669008485122,1.2196929240506356,1.2075743615676418,3219.0,MixedTemp
3.345152857382955,3.407763726256664,0.7396895325728616,0.6895929637277662,3.016404134509391,3.0619722613636573,3231.0,MixedTemp
4.848082678965492,5.0987922560021985,0.3840242218874158,0.33620661593299217,3.792297362204745,4.048084946695117,3243.0,MixedTemp
3.427273239671531,3.3334848101587093,0.7141041023559419,0.7323253567441446,2.744684859437771,2.648279903568006,3281.0,MixedTemp
2.3440525069775324,2.1829134357532416,0.8641092937052791,0.887225674539343,2.1062033356890666,1.9724498234552552,3307.0,MixedTemp
3.668592323817829,3.6381822095973826,0.643152893038528,0.6946646686694089,3.110874607721065,3.0791451515151693,3365.0,MixedTemp
2.634855806547882,2.302869382382656,0.83915271924571,0.8914875579729155,2.347285476992163,1.993645849256919,3379.0,MixedTemp
4.8344436861089175,5.1332380242761895,0.26657117580579404,0.15139164053909382,3.371638041697712,3.610986124590185,3394.0,MixedTemp
4.03839477080769,4.0689067298276855,0.5503439686848122,0.5646889710193035,3.3201303846154033,3.3060440586419935,3397.0,MixedTemp
5.20399574210078,4.839676045514928,-0.27535270114007515,0.047388011967395505,4.293228482758633,4.002270568356385,3446.0,MixedTemp
4.8312038389934795,5.260544231042215,0.6297558389418285,0.5223255569692772,3.5374800917431273,3.8869736214953368,3476.0,MixedTemp
1.9905514102067818,1.7753913245119453,0.8546241622741333,0.8877501198999166,1.5782033513879554,1.4459935400819242,3478.0,MixedTemp
5.113626740995313,4.914507691893554,0.5337391572701392,0.5703678031730888,4.461042550750243,4.275850938566576,3500.0,MixedTemp
4.360205112396077,4.514499408516444,0.4526897093952058,0.37340935350112414,3.612292583333355,3.68724175900279,3570.0,MixedTemp
3.5758476248933433,3.5082856130562337,0.6455684695403345,0.6758344136981715,2.5778275570776454,2.568141843003433,3587.0,MixedTemp
2.5966260433458173,2.2431598249239126,0.7522129815483244,0.8374103441152397,2.2605552585366047,1.8994773101555504,3614.0,MixedTemp
2.882780220003542,2.7560924982293966,0.8730471295988048,0.8957921822373609,2.4414893509351137,2.330638408119677,4292.0,MixedTemp
2.7245574725985464,2.6445248959359993,0.8867041843551242,0.8969609536640468,2.3994303765227234,2.365990449704162,4503.0,MixedTemp
3.4686629180632926,3.1553500710450306,0.7630060043872985,0.7937967388578345,3.020006630581888,2.749785835294137,5729.0,MixedTemp
4.878095186495647,4.936864484059718,0.6091546825415058,0.6021104022991648,3.7562393460490555,3.8036555095184865,6048.0,MixedTemp
2.876881311996853,2.647829628931517,0.8223145022323368,0.8465375939546801,2.5546700791556924,2.340321101511897,6785.0,MixedTemp
3.3451759669995766,3.33658813959697,0.7960302495226889,0.7916676937051272,3.069692642007949,3.065279778086014,7739.0,MixedTemp
2.6284954769465365,2.6620563877262717,0.8971671865506626,0.904912398515094,2.289354754098379,2.3394994341463606,8089.0,MixedTemp
3.4604037120182856,3.64755077836233,0.7627541667463695,0.7368542856638248,2.183993857493859,2.343744515235458,10161.0,MixedTemp
3.2312794192235956,3.0119680260063215,0.590527803600152,0.6440171871152764,2.8795115049614326,2.6909694407697127,100000003.0,MixedTemp
3.596821952483145,3.618665036030904,0.7924174991480597,0.7122171942311069,2.9991671200671717,3.1295924938271535,200000001.0,MixedTemp
2.279455006797776,2.258892021863325,0.9338133908385217,0.9400515329749457,1.7324470243601557,1.6757288103953099,300000138.0,MixedTemp
2.451917219614816,2.3002979022293086,0.9167431851347448,0.9260524122169793,1.9050264214506694,1.7407502625391813,300000140.0,MixedTemp
3.7824640293844127,3.903413733683838,0.14258474326657944,0.19675017916346682,3.074583883597886,3.084764066749075,300000223.0,MixedTemp
2.424397280242038,2.458953878790294,0.6307832967038884,0.6162641604817458,1.9435734782608816,1.9680952929687607,300000250.0,MixedTemp
3.920663993274073,4.00145611602474,-0.18395966539379982,-0.2692010063016199,2.994395965189874,2.954634338983052,300000274.0,MixedTemp
4.752227947598375,4.508328940264471,-0.18619858696949199,-0.027979164500681053,3.8879479365079512,3.7694079796511795,300000311.0,MixedTemp
2.620520010984369,3.073719085078137,0.6526078076918415,0.5679170481401745,2.092497226775956,2.452812279005524,300000328.0,MixedTemp
2.4639661793464285,2.8888034608564577,0.6909070755718023,0.5818954263517642,1.9541903172413828,2.3385344016506187,300000337.0,MixedTemp
4.010980589198227,3.7165737493286053,0.3311477102496386,0.432961570359893,3.3868544894366357,3.2235554710743983,300000347.0,MixedTemp
3.6798944388490216,3.9091199355458874,0.12504519403342118,0.028637607635147444,2.8364243851132676,3.10141526636225,300000349.0,MixedTemp
4.341452449036132,4.664068475117279,0.36168890099227835,0.2872138098058271,3.4217291337825038,3.715543038906435,300000428.0,MixedTemp
5.878557667778049,5.71780433335864,-0.19036705455844105,-0.20195275416516956,4.325300161849727,4.182664403794053,300000437.0,MixedTemp
6.27738444834187,6.414529289131847,0.017641711609701072,-0.1357367918657073,4.89002993303573,5.028785337500016,300000525.0,MixedTemp
5.539808394782718,5.7059980426446515,0.1994894087478346,0.09387129574514042,4.0804303099885315,4.154707673796803,300000566.0,MixedTemp
6.226718047158525,6.6157713809252865,0.09667804297289095,-0.20757465515202345,5.030469025069655,5.487097206537907,300000654.0,MixedTemp
2.168096508226178,1.9501788091678638,0.8657229482521168,0.8892706164403128,1.6984515266486184,1.5604407009760584,300000704.0,MixedTemp
3.146734930126269,3.000004977401528,0.794242285201019,0.813469365329804,2.754734559471388,2.6538729927007516,300000709.0,MixedTemp
2.832648430884738,2.43000234955186,0.8606364177318001,0.8993323452295905,2.3835005862265373,2.0529220843230536,300000725.0,MixedTemp
3.811768084695241,3.8789434984608606,0.6366727496371114,0.6203027210272412,3.1444659416768093,3.1846400932256227,300000727.0,MixedTemp
3.8980897506631726,3.8576515655956083,0.7528718776434786,0.7721200584339613,3.4175423918269456,3.3643795530145755,300000767.0,MixedTemp
4.2313791463664865,3.1039973116237958,0.6786869003562386,0.8339637732894254,3.134275311572715,2.4231115407855093,300000771.0,MixedTemp
3.414321805162743,3.2799961157815454,0.8253714891616335,0.8458226837237308,2.698555619596561,2.5789824529721788,300000772.0,MixedTemp
3.234532727354318,3.1575952641142346,0.8176471660494458,0.8210137193414828,2.9654455495169305,2.8504898632109636,300000836.0,MixedTemp
1.4937264839014557,1.284421618807555,0.7484764334813335,0.8141411343791386,1.2366181692477987,1.0483900700770932,300000946.0,MixedTemp
3.038811321431533,2.988161138179498,0.5794449094531763,0.5790121174778042,2.6443326576311343,2.649769639210368,300000962.0,MixedTemp
4.0077502531666145,4.191923808951621,-20.53421571525072,-8.129656330718957,2.9768383373786373,3.085890095011873,300001007.0,MixedTemp
3.403951779165198,3.062448021179085,0.23991696299690768,0.5101442444634854,2.6721821367521392,2.3845422916666705,300001024.0,MixedTemp
2.4355642651318505,2.352714944360434,0.4278952884526098,0.4570563408872327,2.014865490693746,1.9120549287749338,300001038.0,MixedTemp
2.223287100315133,2.1581887796454438,0.7847513982344103,0.8384499504106212,1.555783569165791,1.492895333333335,300001048.0,MixedTemp
1.652569835023407,1.7839571147324942,-0.07315577788330829,-0.5981859604300439,1.2926572222222124,1.4404350405405297,300001053.0,MixedTemp
6.68180429370624,6.028549095109991,-0.7961237651222242,-0.4550953409311327,5.318075163636379,4.770033607305951,300001063.0,MixedTemp
1.8882745273377715,1.6996174130100985,0.8467734339670319,0.8619107921593949,1.5774525260170464,1.3730200680272249,300001098.0,MixedTemp
2.723093239682029,3.0342350111249523,0.7961275165615407,0.7393955715882283,1.9527897072710276,2.110809571713164,300001112.0,MixedTemp
3.109480808427835,3.458343444608204,0.758492399276374,0.6926970006148067,2.3327223471222984,2.642449348882409,300001118.0,MixedTemp
2.0760496518642664,1.964662973842402,0.7637679203741844,0.7763298167588406,1.7117562709030216,1.5938499217391415,300001127.0,MixedTemp
3.0339688048681936,3.0078762527702274,0.77723567494723,0.7908569897770064,2.703491338141046,2.61867750663132,300001141.0,MixedTemp
4.608591729545673,4.539365696267174,0.6935026241609465,0.7289558421063242,2.7980084809264323,2.8055967916999243,300001252.0,MixedTemp
2.710640775350664,2.75183160465743,0.8999863510331338,0.9055416988888044,2.3295233763587158,2.4160506788866467,300001256.0,MixedTemp
5.431526069590453,5.396106644387985,0.5859051879168091,0.6201981989868783,3.7754107017543905,3.8164022933730535,300001257.0,MixedTemp
5.655254122204816,5.796132287472701,0.5205105235736909,0.4950279190810898,4.659783321364474,4.6893328299894605,300001297.0,MixedTemp
4.2827654700061775,4.486001397237321,0.7730890994686308,0.7448014193500988,3.5989440395257133,3.738136596263222,300001323.0,MixedTemp
4.579654216476574,4.3834092316748094,-0.8406745361128503,-0.6076900521916093,3.7621039233227025,3.5399522897526667,300001459.0,MixedTemp
3.3078602306092413,3.02261318620091,0.10847046903630642,0.3500167179796321,3.029136449942484,2.7152705224787566,300001496.0,MixedTemp
4.104229771424739,3.7269039443201226,-0.8982931142541952,-0.49101230181636235,3.9772960893417157,3.6013188898525796,300001497.0,MixedTemp
1.4934749973358292,1.4029996150905726,0.794827699462463,0.8404944190958915,1.201216641651039,1.121166602800296,300001503.0,MixedTemp
2.2387600051334244,1.8711047311628648,0.31588952256238134,0.5704151306012303,1.9889514312977306,1.6406768717568778,300001509.0,MixedTemp
3.5523941813660294,3.4742033260131664,0.6280921372836592,0.6277937222928371,3.0311099746963768,3.1257031350233015,300001694.0,MixedTemp
1.4091935065448775,1.3781330732183439,0.9315109369655759,0.9344145342474827,1.1436392087644547,1.1135608396946537,300001695.0,MixedTemp
1.6737816537328747,1.8478272242391578,-0.299512714801939,-0.24843997323337663,1.3511776082474154,1.390967806691444,300001887.0,MixedTemp
3.5073067856907643,3.0886218911174645,-0.42014019895757815,0.04749545981063297,2.8241091680000063,2.4978155263157955,300001914.0,MixedTemp
1.1771761541201191,1.4103743319385567,0.7715826156646912,0.6837667580186444,0.8766874027777802,1.0033661925925996,300001994.0,MixedTemp
2.0381937336326756,2.387564738628582,0.5091780023514707,0.3920796126875372,1.5056173603082954,1.8929236071428717,300002119.0,MixedTemp
4.979254197451347,4.463895261379817,-4.380045147185193,-3.37907550596434,3.8119497748592828,3.4854908969465614,300002123.0,MixedTemp
1.747476102132577,1.8645978186677001,0.6129204340691623,0.5799593438956195,1.341151747572817,1.4066142134831492,300002129.0,MixedTemp
4.231754556304213,4.009279783977349,-0.024403926500779827,0.21555599315295293,3.505487344213665,3.2932113556338165,300002202.0,MixedTemp
2.5019109752688133,2.4961520184678756,0.5093780170055004,0.5375703965233448,1.9830575849056618,1.8992160035842323,300002332.0,MixedTemp
3.1339101205155226,3.259562109341554,0.3340650068314429,0.33006918005117725,2.6035793853428104,2.694697224199309,300002545.0,MixedTemp
3.24469297373713,3.456742952536547,-0.7710135205863358,-0.922613845852726,2.573065328596794,2.7934056185566942,300002559.0,MixedTemp
2.7811857416003978,2.835494862477169,0.3374244511809561,0.33804323996023145,2.2016058830549095,2.27383878751502,300002685.0,MixedTemp
4.2584744723394214,4.615707512741766,-1.2610976465468857,-1.2948272877683267,3.384257033898299,3.6603763507108944,300002883.0,MixedTemp
3.9735074541850905,4.316381678500943,0.46972914185568293,0.44629783583240346,2.4679908351648425,2.78146026829269,300002949.0,MixedTemp
1.882026148709394,1.8634523612157594,0.655637017867612,0.6138630506607271,1.4122075445544513,1.432678612716758,300003024.0,MixedTemp
3.057858972983174,3.0536953776423696,0.5903987507615306,0.6601064629496725,2.541239218107008,2.5513358911564774,300003035.0,MixedTemp
3.683251026911599,3.87225008604615,0.23010691457706445,0.2214998621068549,3.105625974576275,3.1795214855072493,300003237.0,MixedTemp
6.089806875050012,6.021968468956529,-0.8291855859323174,-0.6037659666187367,5.2065245017182304,5.188543058103994,300003273.0,MixedTemp
3.2380799211505025,3.251754966315971,0.5297305096246149,0.5942725483409181,2.643127375504717,2.6651544974874444,300003350.0,MixedTemp
4.5107218097732265,4.202323624503251,0.014853595020894006,0.20832123417856097,3.5705555451127964,3.459963136593607,300003430.0,MixedTemp
3.7955245639632706,3.363965700410268,0.3729480306537576,0.5441279669496076,2.688360485981312,2.4858380662020942,300003602.0,MixedTemp
4.237508793361847,3.850594562455054,0.16550124938221678,0.3242111854733264,3.361640549019626,3.0717059152542534,300003644.0,MixedTemp
2.304986375832455,2.4918068871010344,0.7652386300282271,0.7455731919464132,1.7967147316103564,1.8888317407407567,300003701.0,MixedTemp
2.454975983610962,2.6234083868925175,0.6731286674602022,0.6376028909356886,1.9308575875486413,2.0749530588235348,300003732.0,MixedTemp
4.143605286879413,3.8570879025918234,0.147180390439416,0.31517850840955697,3.330145522388076,3.14805123456792,300003763.0,MixedTemp
2.3152862784155985,2.4934560466852456,0.7353523433964317,0.69263573214344,1.8169735387323993,1.9574865539452544,300003809.0,MixedTemp
5.881878725674053,5.794066209736243,-0.3279289646776449,-0.13459919621607597,5.031646014068014,4.951294963942327,300003835.0,MixedTemp
2.1686543513782053,2.4907293030110957,0.7897955028636143,0.727885043562249,1.76945167714886,1.9436714311594325,300003861.0,MixedTemp
4.029700482745153,4.282836009227274,0.38673300362689056,0.3529294589843468,3.09707258757064,3.2877603148751535,300003890.0,MixedTemp
4.719640867859442,4.834926160716573,0.2578802787288589,0.32913909301632605,3.6355141231126784,3.7503886502347603,300003949.0,MixedTemp
5.7835518763110665,5.929516318989787,-1.711040973299149,-1.730169214853364,4.467794313725486,4.61668977029096,300004104.0,MixedTemp
3.365115689843867,3.5467431409007784,0.4949697321258628,0.4261375804893054,2.5173825932203413,2.6766822550544345,300004112.0,MixedTemp
8.950114617681745,9.196852131046905,-1.5786087689352648,-1.3997935085248256,7.2357490829694475,7.518798337874673,300004151.0,MixedTemp
4.451040620489678,4.0474722965078875,0.18562206685607818,0.2799430740017087,3.598868820000016,3.305844264432048,300004337.0,MixedTemp
5.0413885277619555,5.121892024157631,0.0038008980356520894,-0.035428909037338085,4.207942099871979,4.186902535377379,300004437.0,MixedTemp
5.591936639400421,5.0546555825496595,-0.4186275372140189,-0.33917293043206853,4.451801794554474,4.04162362934365,300004530.0,MixedTemp
5.6191817323858295,5.972184503974651,-0.10358846967345592,-0.17557668789011327,4.5730158502674,4.910960800426914,300004657.0,MixedTemp
5.103983008016971,4.992928102109226,-0.15785434671426746,-0.27642391576641945,4.010807973621124,3.9323404691358217,300004781.0,MixedTemp
7.595533709848401,7.608743513585279,-0.7667160026821072,-0.7429226339937187,6.194634730964485,6.236590380267231,300004787.0,MixedTemp
6.157099232611602,6.379959612868082,-0.09825843092368292,-0.25313399299901174,5.004395060728763,5.241863137500019,300004793.0,MixedTemp
3.422673438738763,3.44717594215512,0.591640228789992,0.5854350301582789,2.8384776517754995,2.8004173933649392,300004882.0,MixedTemp
3.373216565643964,3.585181763104909,0.6019270482168817,0.5849221289806181,2.9582732812500208,3.1306658186101517,300004897.0,MixedTemp
3.3137656427789004,3.3335603208493363,0.6010102913368218,0.6247483630950135,2.7379991685393383,2.690315071038261,300004974.0,MixedTemp
5.8780921745482955,6.269072784308287,0.029953401269953828,-0.13957300036986564,4.783701013874083,5.180818194130946,300004989.0,MixedTemp
4.2546980175777,4.1509880850407495,0.3517384029008017,0.41843524126754084,3.5471694362416293,3.447570471464038,300005063.0,MixedTemp
4.441319345068522,4.697072278148411,0.3688653375071881,0.34014721658250835,3.747303078758972,3.980697104591859,300005336.0,MixedTemp
4.566314530832381,4.982383645355456,0.3493258270875962,0.21465434991739551,3.7072540660592472,4.1257535279188025,300005345.0,MixedTemp
3.6734701063166497,3.7847558490606557,0.5549221195039742,0.512548464042966,3.031894771838346,3.1596676590330937,300005460.0,MixedTemp
5.664905744816574,5.7301572608899916,0.030196370606305534,-0.06510530180063023,4.603901085164854,4.689271503759419,300005648.0,MixedTemp
6.803726876144452,6.666473949325147,-0.2312776596501458,-0.31585027483177064,5.360961538461553,5.347851556728248,300005808.0,MixedTemp
6.330026967284226,6.34383122119616,-0.11103620980030993,-0.040950414630380516,4.789003654524099,4.8713542404227335,300005829.0,MixedTemp
7.142522171549294,6.935079567861595,-0.39043613959921175,-0.35909813107768995,5.552105177142871,5.404989220297042,300005839.0,MixedTemp
5.034343148147929,5.47836205764085,0.37780670893340806,0.20363511908073995,3.3674430389610435,3.75608933002482,300005860.0,MixedTemp
4.5383987812084445,4.925748566476829,0.5119074432649231,0.4270394572009769,2.8866546259673336,3.0396193231649256,300005889.0,MixedTemp
6.497464333393371,6.676948665316609,-0.20797279794552215,-0.361423001675806,4.980954962121219,5.073041084507049,300005999.0,MixedTemp
4.117646793641815,4.846674806676924,0.5728990280836328,0.3688030315926458,2.555987348066313,3.02294943779906,300006033.0,MixedTemp
3.605526342814914,3.562620382863399,0.6601775508484893,0.6544286264218877,3.2142844475138355,3.16430576963353,300006162.0,MixedTemp
4.661777098808942,4.692523067048743,0.37711894907116306,0.3809968029330115,3.5951497666068426,3.551956285160058,300006293.0,MixedTemp
4.688931577818108,4.660726170031661,0.38149337276695894,0.4106072276889289,3.8361120786026413,3.7437285060691137,300006356.0,MixedTemp
4.6578865084963255,4.746442458038956,0.34862586668890105,0.28543727814710185,3.7256407506361513,3.855784211229966,300006407.0,MixedTemp
6.056371522770288,6.506026966971769,0.08124165272356165,-0.14821042947437912,4.7116780022831195,5.170816417322852,300006409.0,MixedTemp
5.2379114644282945,5.6168027388887225,0.3514056037937945,0.19397320028066845,4.03667808893095,4.274271915113887,300006490.0,MixedTemp
5.931967710532059,5.718179227183863,-0.09679344532997014,0.05139125250933718,4.91522024321798,4.766875480673955,300006584.0,MixedTemp
3.8300233690215304,4.02804358464259,0.6490134993914958,0.5640490573685573,3.102050010080662,3.3307810862262226,300006797.0,MixedTemp
4.031791901623217,4.310809400741311,0.43985925593943265,0.2238777647332727,2.8304468321168,2.964596595419861,300006864.0,MixedTemp
3.962881177030894,4.018343928264216,0.670224284147541,0.6290937734836535,3.3045558098591767,3.2949967250000203,300007084.0,MixedTemp
5.2170441524458795,5.628910914923482,0.30278585515645784,0.13164770492213695,4.0761975184638315,4.423633913043498,300007173.0,MixedTemp
3.5282340014271227,3.4894067456700477,0.6908331475013332,0.6539177130953918,3.1976740100000223,3.1506383570646443,300007237.0,MixedTemp
3.575893944043865,3.443206144865468,0.7215825880668427,0.7363250468284969,3.1720165558397495,3.119026673469409,300007453.0,MixedTemp
3.58891639238896,3.3378781303894773,0.6693740861886043,0.7143077468160561,3.143286346911973,2.9022377419354983,300007706.0,MixedTemp
5.67093927434399,6.258428228268378,0.18450349936681043,-0.1341045084661694,4.523661206395366,5.066119489953651,300007752.0,MixedTemp
3.6839947900734575,3.835487168136639,0.6683731834877917,0.6360769045345698,2.6664405052006126,2.7159042360060694,300007930.0,MixedTemp
4.13327241576587,3.94955976305122,0.5533283865442249,0.5650264042978558,3.24224367663346,3.1283040377358646,300007960.0,MixedTemp
4.9108420418675145,5.410050928453482,0.3863069402440197,0.20762802548120385,3.8742104197531035,4.351953425655996,300008088.0,MixedTemp
5.9101953996425145,6.088984425255091,0.1789098281598296,0.1541852878137253,4.74314257759786,4.879068057971034,300008127.0,MixedTemp
4.500205244282376,4.47459348693253,0.39115555450736994,0.38940631132661485,3.617903151326069,3.5968914903846305,300008201.0,MixedTemp
4.221921819300117,4.172040332544968,0.541130172325983,0.5621695608746375,3.2829994087403813,3.195772067620305,300008212.0,MixedTemp
4.4495180108474335,4.5092575669879515,0.5068444002647071,0.4751756791715638,3.6125334787736043,3.6778664227642475,300008270.0,MixedTemp
3.9493509311285657,3.9421875518261693,0.5729725462877653,0.5908476154674243,3.15005207301174,3.1457502127659627,300008341.0,MixedTemp
4.96924240822496,4.974568728169359,0.36115796679016543,0.386838214004814,3.916152291993733,3.9983693655589265,300008388.0,MixedTemp
3.97098668107072,4.179544626483279,0.6867138045790133,0.6305387335366267,3.3415705808081007,3.4973887257617937,300008411.0,MixedTemp
2.9019207703410625,3.2409958271579433,0.8528554776026989,0.8168154457131603,2.503634408983472,2.7504756417112515,300008638.0,MixedTemp
4.314797432530599,4.2436982112845305,0.5955392292487222,0.6301996572086179,3.5922824750000166,3.537438719008282,300008713.0,MixedTemp
3.3277028743390717,3.8318879624506876,0.7839008977240336,0.6945747017792363,2.8509947200000205,3.3647142699115253,300008770.0,MixedTemp
5.283504020869432,5.931863123877478,0.5756489145559978,0.47836623988681015,4.014051076233192,4.436549766666676,300008783.0,MixedTemp
2.960825675688568,3.18985171241896,0.8393356660721547,0.8133057273232469,2.4899520413923066,2.6818491480298405,300008819.0,MixedTemp
3.3843068975187856,3.4256926541014407,0.7881672319732699,0.7903915608659393,2.937298600000018,3.024238680142706,300008848.0,MixedTemp
3.4943446963773823,3.4149807859433796,0.8180030010837115,0.8446006385497224,2.9443439139344445,2.849481871345048,300009100.0,MixedTemp
3.5762782215071534,3.4637718692217865,0.804923999265713,0.826899400772505,3.280006013245054,3.1146484591195183,300009124.0,MixedTemp
4.245317921100135,3.8569444996324087,0.7146635155564497,0.7843884408227434,3.9264017655172623,3.494971121076254,300009151.0,MixedTemp
6.23507135250679,6.027714473900689,0.1856618686716085,0.29963095362587866,5.76739297450427,5.514378885017443,300009172.0,MixedTemp
4.76569286665331,4.543766254866448,0.38726085760791695,0.4710097681643195,4.536014053815637,4.279807117158693,300009243.0,MixedTemp
3.04802375524304,2.965407137284558,0.7914903679718366,0.7943844814638714,2.659574658101964,2.570671944317678,300009360.0,MixedTemp
3.5472492628753267,3.4552986188668755,0.8326933757724616,0.838178644061158,3.248581939775933,3.114409992272046,300009411.0,MixedTemp
2.471352591158126,2.3301895836210895,0.9047816596890127,0.9114460698037551,2.1440234080108804,2.011710829053577,300009430.0,MixedTemp
3.2867233717696824,3.1509121403159726,0.8362352741312568,0.8488494899035225,3.0003618659076747,2.8397839839767145,300009432.0,MixedTemp
2.5725945390912828,2.507997789400003,0.8950851029807135,0.8977698222675659,2.256644812221535,2.1654047186147385,300009443.0,MixedTemp
2.842314181205072,2.6136416077427147,0.8725117684152035,0.8840411175476331,2.533428963768136,2.2954356829268496,300009460.0,MixedTemp
3.66925439167423,3.5467312373742437,0.7006864046248702,0.7058884509485406,3.4265510447761423,3.278987847147491,300009523.0,MixedTemp
2.326707390631092,2.3256645499929665,0.7265523238578147,0.7379152815322905,1.9935169623915339,1.948210513739564,300009692.0,MixedTemp
4.937342599911318,4.53018459454633,-1.8019765069992832,-1.379873911150154,4.737881316279092,4.333043843303358,300009739.0,MixedTemp
3.8463701440442457,3.867324717600954,-0.10525594516133263,-0.2988499202011752,3.2809440020366796,3.3656447797062956,300010266.0,MixedTemp
3.4832869610858745,3.7675223361966896,-0.00828205417044936,-0.35327325013914823,2.959239276111706,3.1953631779661222,300010271.0,MixedTemp
3.371919417054726,3.070591812418691,0.5903502823654108,0.6282729756698227,2.936457198917477,2.688370259740281,300010368.0,MixedTemp
3.4166359412921175,3.2467076784815934,0.49816037601308705,0.5336655867602405,3.017330243137276,2.916488283712806,300010436.0,MixedTemp
4.583520624312036,4.063063710682328,0.31970974157034227,0.4399651903220373,4.3848210142954605,3.852038188302447,300010470.0,MixedTemp
4.795848123415165,4.580623537151252,-0.009363760998900572,0.05531450344734645,4.5441719045412645,4.3273913504189485,300010567.0,MixedTemp
3.007942631538807,2.970161898410946,0.2383692091912668,0.20820643780202552,2.8729912058111604,2.837678531044949,300010626.0,MixedTemp
1.261048494822885,1.341196437565008,0.714314343778365,0.6727568692779384,1.0337935526315851,1.0954580971896992,300010656.0,MixedTemp
2.0884430570739863,1.8672848225926955,0.5984921059383268,0.690502414554849,1.89260878917381,1.672837520476566,300010690.0,MixedTemp
3.3716749366371594,3.1013290077650284,-0.694565969081248,0.058823487874712255,2.5014735062611835,2.238898330341116,300010732.0,MixedTemp
5.026619147526543,5.0218823310696585,-3.4281458724998153,-1.8417738102094527,3.8004055979202715,3.5807615721231736,300010784.0,MixedTemp
4.93736321231857,5.192565123876444,-2.337793867486871,-1.6316786215650767,3.5809355740740707,3.7016829729729706,300010794.0,MixedTemp
2.298389701423362,1.8804849814661555,0.7382669661828258,0.8554324347142841,1.7756438617200772,1.4875663823064833,300010851.0,MixedTemp
5.087294582709138,4.148562619273118,-0.4602804455513936,-0.1486819213463051,4.20733315789475,3.368182724358987,300010866.0,MixedTemp
6.8012930680605805,5.674843285789624,-1.1938951873061212,-0.8858256112987113,5.723474914728698,4.691745464684032,300010885.0,MixedTemp
4.676253962249722,4.478800086270899,-0.010726161086849428,-0.04195941374552281,3.8997061280487935,3.7152347145187714,300010974.0,MixedTemp
3.7140157493443784,3.544924146379085,0.46526172559914636,0.3979440228598884,2.998597186544355,2.883203008695664,300010987.0,MixedTemp
2.8779608235864265,3.045000647091867,0.43853564515270815,0.507722498662196,2.351410579268307,2.334892192362105,300011120.0,MixedTemp
2.910510378941777,3.080524678470365,0.71584402607377,0.5899254760383187,1.964175111695154,2.1302227327327485,300011169.0,MixedTemp
2.385297499590421,2.3075904454167735,0.6862407135258866,0.7420123559060869,1.8918688145048876,1.7745078335724587,300011237.0,MixedTemp
2.5106581950547286,2.597276147020446,0.6447292786027166,0.6855727143428847,2.0319839848675945,2.0724864729194206,300011445.0,MixedTemp
4.036869660610852,3.967018347689886,0.24564105644354484,0.2846880048501462,3.3094311374876555,3.1763576844495085,300011663.0,MixedTemp
2.6109380453334485,2.498048649914174,0.7789014797870116,0.7991050604636473,2.2902988824663,2.1708738152174107,300011666.0,MixedTemp
2.5954397929032273,2.1697284021601155,0.7554794705839412,0.8554227084552796,1.8459083764367932,1.6637151472650848,300011707.0,MixedTemp
9.764768968119757,8.99152976812367,-1.6621809161519,-1.3898638306476774,8.176143210382529,7.538677703081247,300011781.0,MixedTemp
2.767151130428274,3.014336622563135,0.7681590920291753,0.6934590815678504,2.2829328023598983,2.5859195682451444,300011804.0,MixedTemp
4.260422501668201,4.231474193684662,0.49425889160871717,0.4796762519078993,3.695075437881893,3.5647672461273863,300011810.0,MixedTemp
2.959890074349018,2.8286385712951065,0.6864149088696794,0.7333689464566047,2.448979277251201,2.4133008975979933,300011834.0,MixedTemp
2.338178443039469,1.9907256492637393,0.719589905692192,0.7813276501292197,1.6662767945544648,1.3961165128901045,300011902.0,MixedTemp
3.4349005349955335,3.27246095626534,0.6393700823094288,0.6745530634102462,3.028114319899265,2.861401482352961,300011916.0,MixedTemp
3.3673700269162294,3.1392713428740184,0.5137584963962365,0.5779851349077233,2.748205835240296,2.536003540724002,300011976.0,MixedTemp
2.4845917514205995,2.450680600650576,0.8064971108201183,0.8177386020050759,2.122303341013845,2.043922064056958,300011991.0,MixedTemp
3.272154943411824,3.193188023608366,0.6820132360850122,0.7112178009148598,2.9065132478632703,2.8132788770571366,300012019.0,MixedTemp
3.199925730349921,3.2259029290993024,0.6982814585632304,0.6956285818742143,2.783765796943253,2.7063173814898644,300012021.0,MixedTemp
2.84703407084765,2.688625736581408,0.7258207200469984,0.7951409085384257,2.4383393203883696,2.3012143601895922,300012023.0,MixedTemp
2.737196767367528,2.5669761959540955,0.7806824981206003,0.8130448372849438,2.329903298208661,2.174413919213993,300012060.0,MixedTemp
3.1883332163520857,3.1080595403766558,0.7047089700688809,0.7120527840011175,2.775447125456782,2.6091801715686502,300012093.0,MixedTemp
2.0614494004919646,2.3610852559994315,0.7986382055257699,0.7040374019317606,1.6494864226682464,1.773820384167639,300012120.0,MixedTemp
3.8660022199951665,4.083051042685545,0.5555025250000919,0.5221296579632607,3.0728785064292983,3.232417431578968,300012150.0,MixedTemp
4.038774125774756,4.101367348921887,0.5365925713307488,0.5625342805830771,3.559851064356458,3.5645352065081553,300012163.0,MixedTemp
2.8608922931056173,2.7635583155367676,0.7692426790347451,0.7818687534419375,2.407102074592087,2.3455578555045977,300012234.0,MixedTemp
3.2571434610993437,3.702049107678412,0.7340703835815219,0.6083048475267048,2.488219766536984,2.7888058567775134,300012266.0,MixedTemp
3.2069722935323286,3.244689052944376,0.7377504865155793,0.7378445948063974,2.8347334090909313,2.7714626072234974,300012284.0,MixedTemp
5.20026572674031,5.454206025363318,0.06195492859626428,-0.26392831754882895,3.734424429429447,3.9819802551020573,300012287.0,MixedTemp
3.6448911609389665,3.4708287276953658,0.646094203085027,0.6810357214833467,3.2968396269554976,3.114624052812881,300012316.0,MixedTemp
3.004782826184778,3.008785040429776,0.7727505840774123,0.7599815039372111,2.457904682454273,2.4870258315098686,300012336.0,MixedTemp
2.6201131485472193,2.6943373253271257,0.8437371273410103,0.8320300951499066,1.8478040695488895,1.847413751253778,300012472.0,MixedTemp
2.0077741387535153,2.105276706429903,0.8920280257259185,0.8843885264373262,1.5411090603514268,1.583897652173926,300012482.0,MixedTemp
2.8190805977501676,2.6594695771520582,0.7839425020166257,0.8088168095842655,2.473348311111133,2.2541650954654124,300012491.0,MixedTemp
4.498585420749613,4.68919371590424,0.5384045673283878,0.49379177236333593,3.697157287173684,3.7986541299559646,300012614.0,MixedTemp
4.4811382548380045,4.821000509404148,0.5265488192487277,0.4393196349764318,3.7633749010654665,4.0110221015514975,300012628.0,MixedTemp
2.974599678534529,2.819710367336641,0.7905492570673734,0.819681997929625,2.6511847803163646,2.450992408088256,300012654.0,MixedTemp
2.4666492880030617,2.3052498692535845,0.8640064578190929,0.8786921970609508,2.0508874693877757,1.8870464466019592,300012879.0,MixedTemp
3.828305412749948,3.512586343221308,0.7089838340578569,0.7459144324183697,3.1511344325897412,3.0570567431694213,300012969.0,MixedTemp
2.610598510936104,2.452417968051189,0.8521123681456935,0.8652147776838144,2.245711568998131,2.061202473021603,300013003.0,MixedTemp
2.9106282041143783,2.8134293002868054,0.8365296310784047,0.85019458877181,2.4984141848906765,2.3871151199166,300013091.0,MixedTemp
2.9435985222632843,2.7015954135052582,0.8162285524029239,0.8405845042922155,2.523815219907425,2.2934741007194406,300013120.0,MixedTemp
3.7884316628250794,3.3056028234957515,0.5667921828541483,0.6632499193576777,2.9475997731958965,2.493375845238114,300013141.0,MixedTemp
2.8529237516365398,2.8355542379675547,0.826474164491308,0.8338214487726358,2.2996354174228832,2.243009528795826,300013156.0,MixedTemp
2.912067917844383,2.736010746467451,0.8235840445149675,0.8553022556700567,2.5878578807947217,2.390685696347052,300013161.0,MixedTemp
4.146010248775185,4.408356763391761,0.6863972816383059,0.6085261635053527,2.5233443340857953,2.9692372655218158,300013176.0,MixedTemp
2.946539908508322,2.7668176518137684,0.8176480420565831,0.8459372897780666,2.5775358637469785,2.3674507456140548,300013178.0,MixedTemp
2.872200904772863,2.5413595018241315,0.8193261691252411,0.8665692570598482,2.490518370086309,2.1589727384325017,300013182.0,MixedTemp
3.2018679123168776,2.9210116159372514,0.7771158336242087,0.8198224351232788,2.8880029090909294,2.5788615963060884,300013186.0,MixedTemp
5.284847098307823,4.763803316946796,0.5083884126411065,0.5975931438574091,3.1884361939690438,2.970667186932863,300013283.0,MixedTemp
2.4270235105327354,2.2874338610320284,0.8572148800259389,0.8738401099735993,2.011874035308972,1.9041684502262635,300013383.0,MixedTemp
2.580991334748557,2.4102030286582092,0.8648519149371074,0.8876371673083688,2.194889329205381,2.0101529981024804,300013431.0,MixedTemp
2.3561697430384547,2.1770337662130888,0.884023666141218,0.9017256402896658,2.0100432142857305,1.8409814879852255,300013454.0,MixedTemp
2.3048209885799014,2.3540847850450053,0.8922563169914814,0.8868343562884479,1.9072327080891114,1.9434225284974254,300013475.0,MixedTemp
4.263448538940669,4.2070762426385055,0.6497715728146144,0.6595800957762703,3.5384920389171097,3.569763537604477,300013521.0,MixedTemp
3.3476825028461605,3.001944865255311,0.7591403138481214,0.8132730888340263,2.893001155115531,2.6208114272211933,300013529.0,MixedTemp
2.9243517677011366,2.6876163848882486,0.8178733790921396,0.8483790767479392,2.359165843478272,2.151663041385955,300013582.0,MixedTemp
3.2095597131962843,2.9257108628075064,0.8001712334555129,0.8267380352681949,2.809062891036927,2.576235174632375,300013597.0,MixedTemp
5.091095019671562,5.371107639325897,0.3650533220275817,0.3288666010868251,3.800247739018108,3.9504456433121216,300013610.0,MixedTemp
4.167358088075662,4.355369966737955,0.6367099636767855,0.6249976457804627,3.2189495929593157,3.3470568470588447,300013635.0,MixedTemp
3.3173178315260143,2.9734055588124164,0.7716652620048479,0.8061866447422686,2.842648481717031,2.61891822727275,300013715.0,MixedTemp
3.621204815267555,3.365984696508958,0.7715863219232932,0.8262145211489477,3.1932086091127294,2.913173880597035,300013746.0,MixedTemp
4.5812650364625025,4.331274921566847,0.4871939987027052,0.5419909961951619,3.6925051764706063,3.5017526496479046,300013782.0,MixedTemp
5.812228623841154,5.2815393086837386,0.5444282351343463,0.6245422893887929,5.462622626865692,4.920603477246228,300013821.0,MixedTemp
4.781428964143387,4.827396427133103,0.679823662031255,0.6960785077032022,4.2548883972125635,4.223995130315523,300013927.0,MixedTemp
4.71273821190977,4.428757199011562,0.28274553909443667,0.3359176705286604,3.896959297205779,3.7003895180723103,300013943.0,MixedTemp
3.069891107830063,3.0901833849123923,0.8410686369439554,0.8346330869209293,2.8210627782358,2.8497355760774186,300013962.0,MixedTemp
3.174656733300116,3.1353476882110045,0.8299626583938491,0.830755462700661,2.921467182506329,2.8844686212766173,300013966.0,MixedTemp
4.039957043274116,4.079149162812741,0.7688514379480115,0.7661185506913469,3.4606805639097926,3.5178850692155748,300014249.0,MixedTemp
3.4035129554153776,3.4582834490281713,0.8501418271597778,0.8526863752912393,2.950004863436145,2.9933840562613634,300014305.0,MixedTemp
2.9490916574507358,2.75191470833764,0.8655307673780563,0.8857330193034123,2.4362691930022744,2.2616746559905265,300014333.0,MixedTemp
3.017190979970634,2.876880441020891,0.8127193216215565,0.8246683761823288,2.6608010688259327,2.541359760000021,300014338.0,MixedTemp
4.177498489167595,3.983636169124186,0.754885202372915,0.772147496845703,3.7286125286728775,3.526586110444199,300014360.0,MixedTemp
4.0672589428598505,3.899579294743698,0.6987309370822596,0.7407067747823736,3.859973193069328,3.6548284000000213,300014434.0,MixedTemp
3.6495504307363533,3.3139582909183374,0.8302861694767976,0.8702364132432511,3.2159034262760136,2.8667870482247158,300014478.0,MixedTemp
2.684224508836121,2.445665446373172,0.8875789852629055,0.9147095872389139,2.2811450216919873,2.0575414450867187,300014495.0,MixedTemp
2.922035941815213,2.7589161863890865,0.8197145589383008,0.8438012448953156,2.6903382404508673,2.562641244755267,300014510.0,MixedTemp
2.7959217969532166,2.6900664223947826,0.8717068862205832,0.8814855609836773,2.4421038850347068,2.3079512704686804,300014514.0,MixedTemp
3.631752212225618,3.2885955311377524,0.7126371894317274,0.7753661499234007,3.146812572992721,2.839887018518537,300014657.0,MixedTemp
1.4222470236564844,1.2696094552169972,0.9660390420709352,0.9725535654360737,1.1341395859738144,0.998060888173036,300014682.0,MixedTemp
2.915684325023216,2.6177321592175646,0.7876699649162353,0.8291116842678571,2.6393569026548884,2.373358226917798,300014741.0,MixedTemp
3.9100940163067137,3.548441320872983,0.727602409511411,0.7725270682699222,3.6422466755674443,3.26366633312225,300014784.0,MixedTemp
3.997404001457256,4.4938252054183945,0.5017614048264174,0.3224245350324152,2.4608135233160624,2.888126943359374,300014787.0,MixedTemp
3.6886989647289092,3.4359284008615743,0.7135266921440027,0.7564180779656233,3.4898735094501947,3.2738962134088987,300014802.0,MixedTemp
4.58371332530981,4.468712024213576,0.5608447636017355,0.5926073226969689,4.008787044917278,3.8583718880597218,300014804.0,MixedTemp
3.9299084076416757,3.9347720393218926,0.783321488457797,0.7889732219648573,3.2542318895116265,3.2402981639928856,300014891.0,MixedTemp
5.116781918123724,5.143451727819375,-0.07203477082988474,-0.14869869370875266,3.962941657963468,3.956893572343172,300014904.0,MixedTemp
1.6189795727435419,2.0254337701591916,0.9657972683744007,0.9432939393208786,1.3417921545454676,1.701269564459943,300014941.0,MixedTemp
4.717871919255505,4.604546367090927,-0.23647556852773,-0.23604291016165235,3.4880050923483044,3.4632806417112505,300014944.0,MixedTemp
5.877906832116401,5.73790962396007,-1.1082222694769874,-1.031438255936187,4.616259236401687,4.540455468468484,300014998.0,MixedTemp
3.6259570970340564,3.6987553243684506,-0.8190006816471349,-1.0789971119517676,2.844852745709848,2.9072367595308077,300015002.0,MixedTemp
5.6806197541231445,5.4517188774108565,-0.23504333588466553,-0.09442109775796559,3.9906398098159674,3.9010095698924903,300015130.0,MixedTemp
6.777675399502031,6.662501450190449,-0.9710096338231298,-1.1529934685953718,5.53161066115703,5.452768253343829,300015160.0,MixedTemp
4.076658053430979,4.23696667396469,0.1856828691258552,0.09743187614154714,3.0260481802120336,3.2128650712025526,300015169.0,MixedTemp
7.274372767976926,7.144722174818731,-1.3113959905362043,-1.4814796937937205,5.712676885572151,5.723534668560617,300015175.0,MixedTemp
3.8582550130450795,3.9687113472897515,0.2277585233825119,0.1643820894341017,3.127029645247677,3.181786104336062,300015197.0,MixedTemp
5.45375968130659,5.286196002488363,-0.9794750024104901,-0.8187112856169954,4.2791770998279,4.199657960992928,300015245.0,MixedTemp
4.547429892888339,4.7749032804901965,-0.010368234277260413,-0.040144177617778665,3.268944651866819,3.444556191780842,300015248.0,MixedTemp
4.845941352508096,4.717916987945094,0.12310467334459496,0.1350549577966773,3.5439842447629744,3.5031927609055984,300015252.0,MixedTemp
4.94415061812075,4.654522858377828,0.012121560511935803,0.15874930963807066,3.7036763314358203,3.400067476751415,300015257.0,MixedTemp
5.617908451637742,5.579713313374778,-0.06472157202317641,-0.052312568200188814,4.281211449094339,4.210676695070015,300015265.0,MixedTemp
4.99393325515468,4.9839319129407045,-0.003094961786924033,-0.027262524978346026,3.6495886565547324,3.589328116458723,300015267.0,MixedTemp
5.725411110065614,5.75152741812367,-0.8312153050444495,-0.7968918610747058,4.3004882785003975,4.422939025875203,300015276.0,MixedTemp
3.884540669550421,4.017200663282181,0.2510234253667295,0.21019214264545305,2.465483649681539,2.5744933961079832,300015296.0,MixedTemp
2.0372813721683416,1.7866709680060084,0.8498743123592257,0.8879406403273884,1.8182931356301995,1.586958068609042,300015374.0,MixedTemp
2.6279341338429187,2.6080605727266817,0.752183386512279,0.7811358430248585,2.348841921424206,2.3597712448132993,300015380.0,MixedTemp
3.8528613395927596,3.560105892949104,-0.04808171197342048,0.1483265087051855,3.507802726723116,3.1697604317460524,300015455.0,MixedTemp
4.372821141138924,3.974802656232269,-0.25725337055818653,0.11058221875775043,4.129024413938775,3.754010000000022,300015520.0,MixedTemp
2.5486315571928175,2.080678700602092,0.22405564656801957,0.5900944537273727,2.2261296766169356,1.7856128067361856,300015606.0,MixedTemp
4.096907299743678,3.83082631360608,-2.8175698404832477,-1.5140953857647248,3.929053034825891,3.6642881074766565,300015630.0,MixedTemp
3.6485688086846615,3.6436472104018502,-2.4488027123641443,-2.1017808231473434,3.5116235842294126,3.4845315861027406,300015657.0,MixedTemp
3.2690077714199575,3.019469573046747,-1.3035307745676445,-0.6725883987375036,3.1311766666666894,2.8964760111732075,300015672.0,MixedTemp
3.3129592124253238,2.8858162484026595,-1.3191706572316146,-0.7909484338608368,3.127422323232344,2.715843773049667,300015697.0,MixedTemp
1.1064755143372451,1.0381627106342035,0.5277544851865326,0.6330217100454447,0.8867341722595148,0.8324999690082697,300015736.0,MixedTemp
3.840613131795978,3.6762695802525833,-4.32470559334867,-3.9546477514071885,3.6821080626450335,3.5570557971014725,300015761.0,MixedTemp
1.5505722521144074,1.51920843691997,0.7542530581465294,0.7582540540886326,1.25056578743961,1.2159996239837307,300015812.0,MixedTemp
4.656873105384229,4.49920041899629,-1.725471021907135,-1.5423572348932342,4.548512234219291,4.396897335025402,300016225.0,MixedTemp
3.8104307057401527,3.5779734131452456,-0.27628852032733464,-0.09543331442899561,3.5962952909648007,3.3856491672649187,300016238.0,MixedTemp
4.0560193579289505,3.7713616991067376,-0.7220685900388268,-0.4913938078961946,3.9700542321899963,3.6930044752358717,300016239.0,MixedTemp
3.470787436527171,3.3283888411573503,0.47775510343126815,0.5030392160117276,3.1347833672949776,3.0668559570112808,300016309.0,MixedTemp
2.4289361579405573,2.323834096690388,0.28356444691518023,0.2621638704714181,2.321623322981389,2.2246560034159057,300016372.0,MixedTemp
5.302955343307128,4.995112744585587,-0.5011710700166552,-0.2595634868422503,5.106710335570492,4.800596909621014,300016455.0,MixedTemp
4.028504215897385,3.2896048375445672,0.40891459630572957,0.5830543819225003,3.316271014695608,2.7072144895371117,300016597.0,MixedTemp
2.8485870459908527,2.5784882527120554,0.6890188871166034,0.7366122675145959,2.4464960359965087,2.2981065911379868,300016632.0,MixedTemp
1.4437516475225447,1.3030842801957667,0.8929304013942365,0.916757317446681,1.2547542274555041,1.121989015015033,300016649.0,MixedTemp
2.673061858634055,2.5440472766218223,0.7378142583463451,0.7681334143286843,2.1444922626865837,2.047788411531954,300016665.0,MixedTemp
2.866414290876042,2.724158210571186,0.2309963863824105,0.30616427621848796,2.411676611740488,2.2899408285264915,300016679.0,MixedTemp
2.6478694877555964,2.305471386508521,0.7128061661639998,0.7932311005243915,2.2014485825458765,1.903221511035669,300016680.0,MixedTemp
