LSWT,projection,Phase,Year,Date,Error,Lake
,1.2205018,Calibration,2016,2016-01-01,,exper2_35
,0.01,Calibration,2016,2016-01-02,,exper2_35
,0.772642,Calibration,2016,2016-01-03,,exper2_35
,1.306083,Calibration,2016,2016-01-04,,exper2_35
,1.8063138,Calibration,2016,2016-01-05,,exper2_35
,1.6866798,Calibration,2016,2016-01-06,,exper2_35
,1.6456603,Calibration,2016,2016-01-07,,exper2_35
,2.6018195,Calibration,2016,2016-01-08,,exper2_35
,3.0703022,Calibration,2016,2016-01-09,,exper2_35
,3.8328536,Calibration,2016,2016-01-10,,exper2_35
,3.1817348,Calibration,2016,2016-01-11,,exper2_35
,3.180834,Calibration,2016,2016-01-12,,exper2_35
,2.4199998,Calibration,2016,2016-01-13,,exper2_35
,2.906274,Calibration,2016,2016-01-14,,exper2_35
,3.159097,Calibration,2016,2016-01-15,,exper2_35
,3.4407403,Calibration,2016,2016-01-16,,exper2_35
,3.0471947,Calibration,2016,2016-01-17,,exper2_35
,2.9077551,Calibration,2016,2016-01-18,,exper2_35
,2.751115,Calibration,2016,2016-01-19,,exper2_35
,3.143474,Calibration,2016,2016-01-20,,exper2_35
,3.2406461,Calibration,2016,2016-01-21,,exper2_35
,3.3949025,Calibration,2016,2016-01-22,,exper2_35
,3.578541,Calibration,2016,2016-01-23,,exper2_35
,3.0923774,Calibration,2016,2016-01-24,,exper2_35
,3.3958418,Calibration,2016,2016-01-25,,exper2_35
,3.3248787,Calibration,2016,2016-01-26,,exper2_35
,3.6323454,Calibration,2016,2016-01-27,,exper2_35
,3.6630847,Calibration,2016,2016-01-28,,exper2_35
,3.8473525,Calibration,2016,2016-01-29,,exper2_35
,3.9053345,Calibration,2016,2016-01-30,,exper2_35
,4.0730915,Calibration,2016,2016-01-31,,exper2_35
,4.1516685,Calibration,2016,2016-02-01,,exper2_35
,4.2612715,Calibration,2016,2016-02-02,,exper2_35
,4.1381483,Calibration,2016,2016-02-03,,exper2_35
,4.1398063,Calibration,2016,2016-02-04,,exper2_35
,4.58588,Calibration,2016,2016-02-05,,exper2_35
,4.5971994,Calibration,2016,2016-02-06,,exper2_35
,4.6240034,Calibration,2016,2016-02-07,,exper2_35
,4.70762,Calibration,2016,2016-02-08,,exper2_35
,4.564788,Calibration,2016,2016-02-09,,exper2_35
,4.717796,Calibration,2016,2016-02-10,,exper2_35
,4.342857,Calibration,2016,2016-02-11,,exper2_35
,4.312039,Calibration,2016,2016-02-12,,exper2_35
,4.2094755,Calibration,2016,2016-02-13,,exper2_35
,4.1427846,Calibration,2016,2016-02-14,,exper2_35
,4.2205,Calibration,2016,2016-02-15,,exper2_35
,4.118865,Calibration,2016,2016-02-16,,exper2_35
,4.042863,Calibration,2016,2016-02-17,,exper2_35
,3.888151,Calibration,2016,2016-02-18,,exper2_35
,4.450207,Calibration,2016,2016-02-19,,exper2_35
,4.218535,Calibration,2016,2016-02-20,,exper2_35
,4.4764776,Calibration,2016,2016-02-21,,exper2_35
,4.2415657,Calibration,2016,2016-02-22,,exper2_35
,4.4981165,Calibration,2016,2016-02-23,,exper2_35
,4.354072,Calibration,2016,2016-02-24,,exper2_35
,4.281928,Calibration,2016,2016-02-25,,exper2_35
,3.7794302,Calibration,2016,2016-02-26,,exper2_35
,4.018946,Calibration,2016,2016-02-27,,exper2_35
,4.4970064,Calibration,2016,2016-02-28,,exper2_35
,4.5386143,Calibration,2016,2016-02-29,,exper2_35
,4.3299103,Calibration,2016,2016-03-01,,exper2_35
,4.5636168,Calibration,2016,2016-03-02,,exper2_35
,4.0956697,Calibration,2016,2016-03-03,,exper2_35
,4.334119,Calibration,2016,2016-03-04,,exper2_35
,3.8397024,Calibration,2016,2016-03-05,,exper2_35
,4.2531557,Calibration,2016,2016-03-06,,exper2_35
,4.3012133,Calibration,2016,2016-03-07,,exper2_35
,4.5035357,Calibration,2016,2016-03-08,,exper2_35
,5.6250052,Calibration,2016,2016-03-09,,exper2_35
,6.567642,Calibration,2016,2016-03-10,,exper2_35
,6.5354548,Calibration,2016,2016-03-11,,exper2_35
,6.8520947,Calibration,2016,2016-03-12,,exper2_35
,6.6225414,Calibration,2016,2016-03-13,,exper2_35
,5.926172,Calibration,2016,2016-03-14,,exper2_35
,6.294649,Calibration,2016,2016-03-15,,exper2_35
,6.572305,Calibration,2016,2016-03-16,,exper2_35
,7.403532,Calibration,2016,2016-03-17,,exper2_35
,7.169053,Calibration,2016,2016-03-18,,exper2_35
,6.286927,Calibration,2016,2016-03-19,,exper2_35
,6.200285,Calibration,2016,2016-03-20,,exper2_35
,5.64526,Calibration,2016,2016-03-21,,exper2_35
,5.9334364,Calibration,2016,2016-03-22,,exper2_35
,6.286993,Calibration,2016,2016-03-23,,exper2_35
,7.5609646,Calibration,2016,2016-03-24,,exper2_35
,8.27328,Calibration,2016,2016-03-25,,exper2_35
,8.762538,Calibration,2016,2016-03-26,,exper2_35
,8.609598,Calibration,2016,2016-03-27,,exper2_35
,8.5475645,Calibration,2016,2016-03-28,,exper2_35
,7.744246,Calibration,2016,2016-03-29,,exper2_35
,8.583004,Calibration,2016,2016-03-30,,exper2_35
,9.8943405,Calibration,2016,2016-03-31,,exper2_35
,11.434554,Calibration,2016,2016-04-01,,exper2_35
,11.315707,Calibration,2016,2016-04-02,,exper2_35
,9.124918,Calibration,2016,2016-04-03,,exper2_35
,9.637693,Calibration,2016,2016-04-04,,exper2_35
,7.2987075,Calibration,2016,2016-04-05,,exper2_35
,7.3191624,Calibration,2016,2016-04-06,,exper2_35
,7.302865,Calibration,2016,2016-04-07,,exper2_35
,7.2776146,Calibration,2016,2016-04-08,,exper2_35
,6.6714516,Calibration,2016,2016-04-09,,exper2_35
,6.6028204,Calibration,2016,2016-04-10,,exper2_35
,6.8882914,Calibration,2016,2016-04-11,,exper2_35
,7.420621,Calibration,2016,2016-04-12,,exper2_35
,7.9902077,Calibration,2016,2016-04-13,,exper2_35
,8.843247,Calibration,2016,2016-04-14,,exper2_35
,9.62496,Calibration,2016,2016-04-15,,exper2_35
,10.351759,Calibration,2016,2016-04-16,,exper2_35
,11.430196,Calibration,2016,2016-04-17,,exper2_35
,12.536514,Calibration,2016,2016-04-18,,exper2_35
,12.950315,Calibration,2016,2016-04-19,,exper2_35
,13.208622,Calibration,2016,2016-04-20,,exper2_35
,13.60051,Calibration,2016,2016-04-21,,exper2_35
,13.611985,Calibration,2016,2016-04-22,,exper2_35
,14.250908,Calibration,2016,2016-04-23,,exper2_35
,14.512872,Calibration,2016,2016-04-24,,exper2_35
,14.241002,Calibration,2016,2016-04-25,,exper2_35
,14.332481,Calibration,2016,2016-04-26,,exper2_35
,13.526072,Calibration,2016,2016-04-27,,exper2_35
,13.435124,Calibration,2016,2016-04-28,,exper2_35
,12.852411,Calibration,2016,2016-04-29,,exper2_35
,12.570587,Calibration,2016,2016-04-30,,exper2_35
,12.111049,Calibration,2016,2016-05-01,,exper2_35
,12.199047,Calibration,2016,2016-05-02,,exper2_35
,12.198792,Calibration,2016,2016-05-03,,exper2_35
,12.436064,Calibration,2016,2016-05-04,,exper2_35
,12.670292,Calibration,2016,2016-05-05,,exper2_35
,12.65482,Calibration,2016,2016-05-06,,exper2_35
,12.829582,Calibration,2016,2016-05-07,,exper2_35
,12.942629,Calibration,2016,2016-05-08,,exper2_35
,13.486496,Calibration,2016,2016-05-09,,exper2_35
,13.993174,Calibration,2016,2016-05-10,,exper2_35
,14.941077,Calibration,2016,2016-05-11,,exper2_35
,16.284584,Calibration,2016,2016-05-12,,exper2_35
,16.258615,Calibration,2016,2016-05-13,,exper2_35
,16.350557,Calibration,2016,2016-05-14,,exper2_35
,14.844997,Calibration,2016,2016-05-15,,exper2_35
,14.756325,Calibration,2016,2016-05-16,,exper2_35
,15.550486,Calibration,2016,2016-05-17,,exper2_35
,15.937316,Calibration,2016,2016-05-18,,exper2_35
,16.342123,Calibration,2016,2016-05-19,,exper2_35
,17.152468,Calibration,2016,2016-05-20,,exper2_35
,16.841719,Calibration,2016,2016-05-21,,exper2_35
,16.44078,Calibration,2016,2016-05-22,,exper2_35
,17.597036,Calibration,2016,2016-05-23,,exper2_35
,19.069252,Calibration,2016,2016-05-24,,exper2_35
,20.278658,Calibration,2016,2016-05-25,,exper2_35
,20.71979,Calibration,2016,2016-05-26,,exper2_35
,21.774233,Calibration,2016,2016-05-27,,exper2_35
,22.74177,Calibration,2016,2016-05-28,,exper2_35
,23.490515,Calibration,2016,2016-05-29,,exper2_35
,23.65708,Calibration,2016,2016-05-30,,exper2_35
,24.08484,Calibration,2016,2016-05-31,,exper2_35
,23.951897,Calibration,2016,2016-06-01,,exper2_35
,24.093328,Calibration,2016,2016-06-02,,exper2_35
,23.914877,Calibration,2016,2016-06-03,,exper2_35
,23.322226,Calibration,2016,2016-06-04,,exper2_35
,23.885996,Calibration,2016,2016-06-05,,exper2_35
,23.364107,Calibration,2016,2016-06-06,,exper2_35
,24.222488,Calibration,2016,2016-06-07,,exper2_35
,22.739307,Calibration,2016,2016-06-08,,exper2_35
,21.53679,Calibration,2016,2016-06-09,,exper2_35
,21.589,Calibration,2016,2016-06-10,,exper2_35
,22.111021,Calibration,2016,2016-06-11,,exper2_35
,22.975039,Calibration,2016,2016-06-12,,exper2_35
,22.38911,Calibration,2016,2016-06-13,,exper2_35
,22.215767,Calibration,2016,2016-06-14,,exper2_35
,22.489794,Calibration,2016,2016-06-15,,exper2_35
,22.899832,Calibration,2016,2016-06-16,,exper2_35
,23.892532,Calibration,2016,2016-06-17,,exper2_35
,24.36491,Calibration,2016,2016-06-18,,exper2_35
,25.265295,Calibration,2016,2016-06-19,,exper2_35
,26.287241,Calibration,2016,2016-06-20,,exper2_35
,26.162731,Calibration,2016,2016-06-21,,exper2_35
,25.741322,Calibration,2016,2016-06-22,,exper2_35
,25.281137,Calibration,2016,2016-06-23,,exper2_35
,25.75783,Calibration,2016,2016-06-24,,exper2_35
,26.01861,Calibration,2016,2016-06-25,,exper2_35
,26.466722,Calibration,2016,2016-06-26,,exper2_35
,27.161669,Calibration,2016,2016-06-27,,exper2_35
,26.254189,Calibration,2016,2016-06-28,,exper2_35
,25.631838,Calibration,2016,2016-06-29,,exper2_35
,25.899645,Calibration,2016,2016-06-30,,exper2_35
,26.138235,Calibration,2016,2016-07-01,,exper2_35
,26.030237,Calibration,2016,2016-07-02,,exper2_35
,25.720892,Calibration,2016,2016-07-03,,exper2_35
,26.127556,Calibration,2016,2016-07-04,,exper2_35
,26.48111,Calibration,2016,2016-07-05,,exper2_35
,27.624456,Calibration,2016,2016-07-06,,exper2_35
,27.345348,Calibration,2016,2016-07-07,,exper2_35
,27.44738,Calibration,2016,2016-07-08,,exper2_35
,26.49427,Calibration,2016,2016-07-09,,exper2_35
,26.023403,Calibration,2016,2016-07-10,,exper2_35
,25.889479,Calibration,2016,2016-07-11,,exper2_35
,26.226137,Calibration,2016,2016-07-12,,exper2_35
,26.98836,Calibration,2016,2016-07-13,,exper2_35
,26.68931,Calibration,2016,2016-07-14,,exper2_35
,26.80614,Calibration,2016,2016-07-15,,exper2_35
,27.802782,Calibration,2016,2016-07-16,,exper2_35
,27.503021,Calibration,2016,2016-07-17,,exper2_35
,28.209276,Calibration,2016,2016-07-18,,exper2_35
,27.373457,Calibration,2016,2016-07-19,,exper2_35
,26.845814,Calibration,2016,2016-07-20,,exper2_35
,27.2217,Calibration,2016,2016-07-21,,exper2_35
,27.868837,Calibration,2016,2016-07-22,,exper2_35
,29.3679,Calibration,2016,2016-07-23,,exper2_35
,29.547379,Calibration,2016,2016-07-24,,exper2_35
,29.393808,Calibration,2016,2016-07-25,,exper2_35
,28.841784,Calibration,2016,2016-07-26,,exper2_35
,28.967846,Calibration,2016,2016-07-27,,exper2_35
,29.166777,Calibration,2016,2016-07-28,,exper2_35
,28.772655,Calibration,2016,2016-07-29,,exper2_35
,28.043442,Calibration,2016,2016-07-30,,exper2_35
,27.209347,Calibration,2016,2016-07-31,,exper2_35
,26.71824,Calibration,2016,2016-08-01,,exper2_35
,25.99159,Calibration,2016,2016-08-02,,exper2_35
,25.402412,Calibration,2016,2016-08-03,,exper2_35
,24.999403,Calibration,2016,2016-08-04,,exper2_35
,25.442713,Calibration,2016,2016-08-05,,exper2_35
,25.749865,Calibration,2016,2016-08-06,,exper2_35
,26.225067,Calibration,2016,2016-08-07,,exper2_35
,25.735245,Calibration,2016,2016-08-08,,exper2_35
,25.706694,Calibration,2016,2016-08-09,,exper2_35
,25.651861,Calibration,2016,2016-08-10,,exper2_35
,26.60908,Calibration,2016,2016-08-11,,exper2_35
,28.087357,Calibration,2016,2016-08-12,,exper2_35
,28.924402,Calibration,2016,2016-08-13,,exper2_35
,28.041943,Calibration,2016,2016-08-14,,exper2_35
,28.450636,Calibration,2016,2016-08-15,,exper2_35
,27.661104,Calibration,2016,2016-08-16,,exper2_35
,27.693663,Calibration,2016,2016-08-17,,exper2_35
,27.75773,Calibration,2016,2016-08-18,,exper2_35
,26.67045,Calibration,2016,2016-08-19,,exper2_35
,27.026611,Calibration,2016,2016-08-20,,exper2_35
,26.738615,Calibration,2016,2016-08-21,,exper2_35
,25.270071,Calibration,2016,2016-08-22,,exper2_35
,24.357801,Calibration,2016,2016-08-23,,exper2_35
,24.336802,Calibration,2016,2016-08-24,,exper2_35
,24.208542,Calibration,2016,2016-08-25,,exper2_35
,25.37036,Calibration,2016,2016-08-26,,exper2_35
,26.050478,Calibration,2016,2016-08-27,,exper2_35
,26.241594,Calibration,2016,2016-08-28,,exper2_35
,26.05017,Calibration,2016,2016-08-29,,exper2_35
,25.632298,Calibration,2016,2016-08-30,,exper2_35
,25.298738,Calibration,2016,2016-08-31,,exper2_35
,25.267242,Calibration,2016,2016-09-01,,exper2_35
,24.479696,Calibration,2016,2016-09-02,,exper2_35
,23.856968,Calibration,2016,2016-09-03,,exper2_35
,23.588285,Calibration,2016,2016-09-04,,exper2_35
,23.392166,Calibration,2016,2016-09-05,,exper2_35
,23.846388,Calibration,2016,2016-09-06,,exper2_35
,24.414988,Calibration,2016,2016-09-07,,exper2_35
,24.929474,Calibration,2016,2016-09-08,,exper2_35
,24.934317,Calibration,2016,2016-09-09,,exper2_35
,24.829615,Calibration,2016,2016-09-10,,exper2_35
,24.596724,Calibration,2016,2016-09-11,,exper2_35
,23.548283,Calibration,2016,2016-09-12,,exper2_35
,22.937365,Calibration,2016,2016-09-13,,exper2_35
,23.208227,Calibration,2016,2016-09-14,,exper2_35
,22.806385,Calibration,2016,2016-09-15,,exper2_35
,22.136908,Calibration,2016,2016-09-16,,exper2_35
,21.615915,Calibration,2016,2016-09-17,,exper2_35
,21.775833,Calibration,2016,2016-09-18,,exper2_35
,21.366558,Calibration,2016,2016-09-19,,exper2_35
,21.637384,Calibration,2016,2016-09-20,,exper2_35
,22.081686,Calibration,2016,2016-09-21,,exper2_35
,22.258368,Calibration,2016,2016-09-22,,exper2_35
,22.289583,Calibration,2016,2016-09-23,,exper2_35
,21.537964,Calibration,2016,2016-09-24,,exper2_35
,20.1138,Calibration,2016,2016-09-25,,exper2_35
,19.2717,Calibration,2016,2016-09-26,,exper2_35
,19.225615,Calibration,2016,2016-09-27,,exper2_35
,18.782743,Calibration,2016,2016-09-28,,exper2_35
,17.951355,Calibration,2016,2016-09-29,,exper2_35
,16.869125,Calibration,2016,2016-09-30,,exper2_35
,16.22208,Calibration,2016,2016-10-01,,exper2_35
,15.914324,Calibration,2016,2016-10-02,,exper2_35
,16.270609,Calibration,2016,2016-10-03,,exper2_35
,16.11269,Calibration,2016,2016-10-04,,exper2_35
,16.363764,Calibration,2016,2016-10-05,,exper2_35
,16.806505,Calibration,2016,2016-10-06,,exper2_35
,17.00896,Calibration,2016,2016-10-07,,exper2_35
,16.68411,Calibration,2016,2016-10-08,,exper2_35
,16.322279,Calibration,2016,2016-10-09,,exper2_35
,15.902996,Calibration,2016,2016-10-10,,exper2_35
,15.56168,Calibration,2016,2016-10-11,,exper2_35
,14.962058,Calibration,2016,2016-10-12,,exper2_35
,14.5915365,Calibration,2016,2016-10-13,,exper2_35
,14.207493,Calibration,2016,2016-10-14,,exper2_35
,14.023751,Calibration,2016,2016-10-15,,exper2_35
15.142802000000017,13.9885435,Calibration,2016,2016-10-16,-0.03962256014400241,exper2_35
15.757563000000005,14.99825,Calibration,2016,2016-10-17,-0.02468843831838398,exper2_35
16.340593000000013,16.352304,Calibration,2016,2016-10-18,0.00035822638947727233,exper2_35
17.299427000000037,17.510656,Calibration,2016,2016-10-19,0.006068050876130797,exper2_35
17.035853999999972,17.08333,Calibration,2016,2016-10-20,0.0013914797670454967,exper2_35
17.28554200000002,17.431803,Calibration,2016,2016-10-21,0.0042129013808093994,exper2_35
16.081968000000018,16.241415,Calibration,2016,2016-10-22,0.004932869300415512,exper2_35
14.203323000000012,14.366788,Calibration,2016,2016-10-23,0.00572153573270024,exper2_35
13.687146000000041,13.657051,Calibration,2016,2016-10-24,-0.0011005959867514102,exper2_35
12.936811999999975,12.974323,Calibration,2016,2016-10-25,0.0014476892776140858,exper2_35
12.239156999999977,11.904749,Calibration,2016,2016-10-26,-0.01385062071268763,exper2_35
11.570729000000028,11.430958,Calibration,2016,2016-10-27,-0.006076563299952564,exper2_35
10.896271000000013,10.993902,Calibration,2016,2016-10-28,0.00446004723216388,exper2_35
10.700302000000022,10.688883,Calibration,2016,2016-10-29,-0.0005338759907489853,exper2_35
11.16862500000002,11.380495,Calibration,2016,2016-10-30,0.00939593521787716,exper2_35
10.713603999999975,11.043129,Calibration,2016,2016-10-31,0.015145884622506357,exper2_35
10.441948000000025,10.7415,Calibration,2016,2016-11-01,0.014140847241693854,exper2_35
10.858479500000044,11.101035,Calibration,2016,2016-11-02,0.011045581941188461,exper2_35
11.50094800000005,11.183571,Calibration,2016,2016-11-03,-0.013990913367700612,exper2_35
10.926594000000023,10.880266,Calibration,2016,2016-11-04,-0.002124460377242869,exper2_35
10.525510999999995,10.577826,Calibration,2016,2016-11-05,0.0024789703822409906,exper2_35
10.337900000000047,10.326768,Calibration,2016,2016-11-06,-0.0005387010618612228,exper2_35
10.252896000000021,9.95692,Calibration,2016,2016-11-07,-0.014645177112271151,exper2_35
10.266812000000016,9.967286,Calibration,2016,2016-11-08,-0.01480302647780428,exper2_35
10.191229000000021,10.030707,Calibration,2016,2016-11-09,-0.007937995542752362,exper2_35
9.831759999999974,9.431368,Calibration,2016,2016-11-10,-0.020785415975557293,exper2_35
9.48936500000002,9.396322,Calibration,2016,2016-11-11,-0.004926627683724111,exper2_35
9.002250000000004,8.933033,Calibration,2016,2016-11-12,-0.0038592650329836026,exper2_35
8.737500000000011,8.577804,Calibration,2016,2016-11-13,-0.009222846553855526,exper2_35
8.727021000000036,8.573774,Calibration,2016,2016-11-14,-0.008857781347019087,exper2_35
8.569157000000018,8.614023,Calibration,2016,2016-11-15,0.0026110538371496086,exper2_35
8.454864500000042,8.549485,Calibration,2016,2016-11-16,0.005564500156522523,exper2_35
8.498041999999998,8.496122,Calibration,2016,2016-11-17,-0.00011295876218534977,exper2_35
8.749907000000007,8.464899,Calibration,2016,2016-11-18,-0.01655597721198846,exper2_35
8.733094000000051,8.570176,Calibration,2016,2016-11-19,-0.009415438483846666,exper2_35
7.963823000000048,8.030067,Calibration,2016,2016-11-20,0.00414185929809783,exper2_35
6.921302300000036,7.222868,Calibration,2016,2016-11-21,0.02132084526934377,exper2_35
6.126250000000027,6.704838,Calibration,2016,2016-11-22,0.045092653727618566,exper2_35
5.6888647000000105,6.2917852,Calibration,2016,2016-11-23,0.0503245268982966,exper2_35
5.562021000000016,5.7399964,Calibration,2016,2016-11-24,0.015747226927319946,exper2_35
5.506437300000016,5.608281,Calibration,2016,2016-11-25,0.009162970357687074,exper2_35
5.4214167999999745,5.516818,Calibration,2016,2016-11-26,0.008721813702854195,exper2_35
5.305395599999997,5.2761383,Calibration,2016,2016-11-27,-0.0027649388639461644,exper2_35
5.254229000000009,5.1204267,Calibration,2016,2016-11-28,-0.012897039635453104,exper2_35
5.266332999999975,5.129624,Calibration,2016,2016-11-29,-0.01315021902499353,exper2_35
5.620937300000037,5.452121,Calibration,2016,2016-11-30,-0.015245699771567313,exper2_35
5.651323000000048,5.5390024,Calibration,2016,2016-12-01,-0.010037293580051699,exper2_35
5.341604000000018,5.4875274,Calibration,2016,2016-12-02,0.01347507620518967,exper2_35
5.115239599999995,5.1803436,Calibration,2016,2016-12-03,0.006323491004674613,exper2_35
4.932291500000019,5.04622,Calibration,2016,2016-12-04,0.011417366982454932,exper2_35
4.803135399999974,4.6850734,Calibration,2016,2016-12-05,-0.012443025558249898,exper2_35
4.623791700000027,4.4497213,Calibration,2016,2016-12-06,-0.019184450712490555,exper2_35
4.479448000000048,4.0722113,Calibration,2016,2016-12-07,-0.0476207858369605,exper2_35
4.36427070000002,3.9762022,Calibration,2016,2016-12-08,-0.04652835070882288,exper2_35
3.8985210000000166,3.8327596,Calibration,2016,2016-12-09,-0.008505884663052837,exper2_35
3.032489499999997,3.6891847,Calibration,2016,2016-12-10,0.09769815517582545,exper2_35
2.9148228000000245,3.3412688,Calibration,2016,2016-12-11,0.06816491934953471,exper2_35
2.963354000000038,3.0903804,Calibration,2016,2016-12-12,0.020983152083344666,exper2_35
2.9559790000000135,2.9455776,Calibration,2016,2016-12-13,-0.001762480512722649,exper2_35
3.1040520000000242,2.928697,Calibration,2016,2016-12-14,-0.02906716119016819,exper2_35
3.066041700000028,2.616173,Calibration,2016,2016-12-15,-0.07917136055461171,exper2_35
2.9862604000000488,2.7371495,Calibration,2016,2016-12-16,-0.04352491405445152,exper2_35
2.9317187999999987,2.8757243,Calibration,2016,2016-12-17,-0.009641848097634874,exper2_35
2.8581561999999963,2.934265,Calibration,2016,2016-12-18,0.013139358656522633,exper2_35
2.956395900000018,2.783564,Calibration,2016,2016-12-19,-0.030110281177990354,exper2_35
3.0861042000000225,3.1697712,Calibration,2016,2016-12-20,0.013374146571414199,exper2_35
3.272864600000048,3.3224213,Calibration,2016,2016-12-21,0.00751395966616725,exper2_35
3.397302200000013,3.3820632,Calibration,2016,2016-12-22,-0.002247857846046995,exper2_35
3.515260500000011,3.4261138,Calibration,2016,2016-12-23,-0.01284279620508809,exper2_35
3.5726874000000066,3.5554218,Calibration,2016,2016-12-24,-0.0024221810049695736,exper2_35
3.6637084000000186,3.516075,Calibration,2016,2016-12-25,-0.020562389985559492,exper2_35
3.7283542000000125,2.9471962,Calibration,2016,2016-12-26,-0.11701775924245732,exper2_35
3.8002290000000016,3.922907,Calibration,2016,2016-12-27,0.015884494616906535,exper2_35
3.864489600000013,4.017853,Calibration,2016,2016-12-28,0.01945654930315142,exper2_35
3.8765000000000214,3.544257,Calibration,2016,2016-12-29,-0.04477212739198268,exper2_35
3.860385400000041,3.7832544,Calibration,2016,2016-12-30,-0.010090875181867198,exper2_35
3.865885500000047,3.644584,Calibration,2016,2016-12-31,-0.029465742620631074,exper2_35
3.828625000000045,3.7345679,Calibration,2017,2017-01-01,-0.012436165631903121,exper2_35
3.8217083999999772,3.7422705,Calibration,2017,2017-01-02,-0.010502135410904818,exper2_35
3.834625000000017,3.940218,Calibration,2017,2017-01-03,0.013581363917536515,exper2_35
3.82823970000004,4.2386875,Calibration,2017,2017-01-04,0.0508803171649268,exper2_35
3.9256770000000074,4.120802,Calibration,2017,2017-01-05,0.02424972804401985,exper2_35
4.016281000000049,4.0399895,Calibration,2017,2017-01-06,0.002942859418580699,exper2_35
4.022948000000042,4.0112348,Calibration,2017,2017-01-07,-0.0014579254748249713,exper2_35
4.066500000000019,3.6611466,Calibration,2017,2017-01-08,-0.052454955313748906,exper2_35
4.157562699999971,3.8083515,Calibration,2017,2017-01-09,-0.0438381802484398,exper2_35
4.179583500000035,3.8723285,Calibration,2017,2017-01-10,-0.03815925700908131,exper2_35
4.226458500000035,3.85268,Calibration,2017,2017-01-11,-0.04626465230244458,exper2_35
4.2578125,4.150544,Calibration,2017,2017-01-12,-0.012757348158362653,exper2_35
4.349823000000015,4.4455853,Calibration,2017,2017-01-13,0.010887755078926968,exper2_35
4.487656000000015,4.1516576,Calibration,2017,2017-01-14,-0.03889179568580592,exper2_35
4.431239600000026,4.455893,Calibration,2017,2017-01-15,0.0027740600599571656,exper2_35
4.394625000000019,4.401185,Calibration,2017,2017-01-16,0.0007458137089043069,exper2_35
4.382541700000047,4.3065023,Calibration,2017,2017-01-17,-0.008751176470784912,exper2_35
4.378323000000023,4.1636415,Calibration,2017,2017-01-18,-0.02513257323853805,exper2_35
4.37906270000002,4.290465,Calibration,2017,2017-01-19,-0.010219452111984913,exper2_35
4.410760400000015,4.4837475,Calibration,2017,2017-01-20,0.008205859533278367,exper2_35
4.552073000000007,4.5780964,Calibration,2017,2017-01-21,0.002850263632529907,exper2_35
4.672979399999974,4.8980136,Calibration,2017,2017-01-22,0.02351210495713183,exper2_35
4.618958500000019,4.6628013,Calibration,2017,2017-01-23,0.004723540236246213,exper2_35
4.581291700000008,4.5499353,Calibration,2017,2017-01-24,-0.0034339699339722253,exper2_35
4.607479000000012,4.5995803,Calibration,2017,2017-01-25,-0.0008578973828282415,exper2_35
4.697760600000038,4.3613024,Calibration,2017,2017-01-26,-0.037140510569980884,exper2_35
4.671458200000018,4.3549733,Calibration,2017,2017-01-27,-0.03506201573009711,exper2_35
4.615656399999978,4.5958114,Calibration,2017,2017-01-28,-0.002154383369400145,exper2_35
4.584198000000015,4.6485248,Calibration,2017,2017-01-29,0.00696725796536057,exper2_35
4.708937600000013,4.6908274,Calibration,2017,2017-01-30,-0.0019266684186752473,exper2_35
4.6118020000000115,4.514738,Calibration,2017,2017-01-31,-0.010635346608106753,exper2_35
4.510989700000039,4.7213326,Calibration,2017,2017-02-01,0.022783308939164904,exper2_35
4.474541699999975,4.744937,Calibration,2017,2017-02-02,0.029328691298388814,exper2_35
4.44639600000005,4.542235,Calibration,2017,2017-02-03,0.010662235295357413,exper2_35
4.458177000000035,4.4930687,Calibration,2017,2017-02-04,0.0038979708810303283,exper2_35
4.460802000000001,4.377498,Calibration,2017,2017-02-05,-0.009425324860616206,exper2_35
4.517916700000001,4.7199345,Calibration,2017,2017-02-06,0.0218684800096319,exper2_35
4.476177000000007,4.3976364,Calibration,2017,2017-02-07,-0.0088508268954185,exper2_35
4.539905999999974,4.390177,Calibration,2017,2017-02-08,-0.01676683528401262,exper2_35
4.48394780000001,4.648951,Calibration,2017,2017-02-09,0.01806690912316231,exper2_35
4.476896000000011,4.409016,Calibration,2017,2017-02-10,-0.007639043311953874,exper2_35
4.465906000000018,4.5822635,Calibration,2017,2017-02-11,0.01285978010090646,exper2_35
4.443323000000021,4.156863,Calibration,2017,2017-02-12,-0.033308556388624205,exper2_35
4.420114500000011,4.233985,Calibration,2017,2017-02-13,-0.021507674360680445,exper2_35
4.435812499999997,4.2758145,Calibration,2017,2017-02-14,-0.018366025790129078,exper2_35
4.423114999999996,4.699527,Calibration,2017,2017-02-15,0.030299533102793784,exper2_35
4.409406000000047,4.3261223,Calibration,2017,2017-02-16,-0.009533907207152711,exper2_35
4.442844000000036,4.256237,Calibration,2017,2017-02-17,-0.02145134288628535,exper2_35
4.523687399999972,4.5423236,Calibration,2017,2017-02-18,0.002055610714229596,exper2_35
4.628260599999976,4.660468,Calibration,2017,2017-02-19,0.003467374550005193,exper2_35
4.757969000000003,4.587764,Calibration,2017,2017-02-20,-0.01821207791574143,exper2_35
4.729562299999998,4.5690355,Calibration,2017,2017-02-21,-0.017263545842384962,exper2_35
4.686687500000005,4.6414967,Calibration,2017,2017-02-22,-0.004844548618230039,exper2_35
4.785395600000015,4.9573665,Calibration,2017,2017-02-23,0.017651140954485823,exper2_35
4.927937500000041,5.4679394,Calibration,2017,2017-02-24,0.05194385074283588,exper2_35
5.5038750000000505,5.597437,Calibration,2017,2017-02-25,0.008428004339362588,exper2_35
5.254166600000019,5.123827,Calibration,2017,2017-02-26,-0.012559231068803408,exper2_35
5.082947699999977,5.418805,Calibration,2017,2017-02-27,0.031981082401779604,exper2_35
5.329583000000014,5.7670183,Calibration,2017,2017-02-28,0.03942065733764218,exper2_35
6.129229000000009,5.448937,Calibration,2017,2017-03-01,-0.05875646145776272,exper2_35
5.916104299999972,5.6328764,Calibration,2017,2017-03-02,-0.024524060717711238,exper2_35
5.332020800000009,4.805392,Calibration,2017,2017-03-03,-0.051949055730024986,exper2_35
4.584166500000038,4.514092,Calibration,2017,2017-03-04,-0.007701971943970625,exper2_35
3.7683230000000094,4.060039,Calibration,2017,2017-03-05,0.03726399492106504,exper2_35
3.72555200000005,3.9293416,Calibration,2017,2017-03-06,0.02662212781758403,exper2_35
4.036354000000017,4.433037,Calibration,2017,2017-03-07,0.04683722989881646,exper2_35
4.71506260000001,4.3377247,Calibration,2017,2017-03-08,-0.04168195964666163,exper2_35
4.960427300000049,4.635011,Calibration,2017,2017-03-09,-0.03391362510369889,exper2_35
4.861041499999999,4.6848593,Calibration,2017,2017-03-10,-0.01845632259539519,exper2_35
4.010250000000042,4.243779,Calibration,2017,2017-03-11,0.028292749791947323,exper2_35
3.2456088000000136,4.0612974,Calibration,2017,2017-03-12,0.11163255589953827,exper2_35
3.007968700000049,3.933176,Calibration,2017,2017-03-13,0.13329319229306202,exper2_35
3.2425208000000225,4.0393195,Calibration,2017,2017-03-14,0.1094227119430136,exper2_35
3.2473543000000404,3.696933,Calibration,2017,2017-03-15,0.06474080199271519,exper2_35
3.309343800000022,3.6007166,Calibration,2017,2017-03-16,0.04216646084104071,exper2_35
3.39991660000004,3.5999696,Calibration,2017,2017-03-17,0.028579468155493136,exper2_35
3.472572800000023,3.631632,Calibration,2017,2017-03-18,0.022389456960533613,exper2_35
3.4987187000000404,3.5877616,Calibration,2017,2017-03-19,0.012565185574447043,exper2_35
3.5851144999999747,3.68709,Calibration,2017,2017-03-20,0.014022628374266021,exper2_35
3.6693125000000464,3.8865345,Calibration,2017,2017-03-21,0.02874885552945284,exper2_35
3.7832500000000095,3.7227566,Calibration,2017,2017-03-22,-0.008059328855772156,exper2_35
3.9108958000000484,3.5988948,Calibration,2017,2017-03-23,-0.04154589397572746,exper2_35
3.9899688000000424,3.828775,Calibration,2017,2017-03-24,-0.02061633895923401,exper2_35
4.0306562999999755,3.6290495,Calibration,2017,2017-03-25,-0.05243109446311189,exper2_35
4.062541500000009,3.8270626,Calibration,2017,2017-03-26,-0.029846731217499683,exper2_35
4.1484479999999735,4.075673,Calibration,2017,2017-03-27,-0.008848957323593505,exper2_35
4.200135000000046,4.4966683,Calibration,2017,2017-03-28,0.03409682008715337,exper2_35
4.460645700000043,4.640715,Calibration,2017,2017-03-29,0.019784889945597878,exper2_35
4.552750000000003,4.759035,Calibration,2017,2017-03-30,0.022153121880100723,exper2_35
4.625968999999998,4.607089,Calibration,2017,2017-03-31,-0.0020448216884572977,exper2_35
4.62467700000002,4.5426054,Calibration,2017,2017-04-01,-0.008952664086556917,exper2_35
5.030552,5.057827,Calibration,2017,2017-04-02,0.0027036053919891646,exper2_35
5.701166600000022,6.102348,Calibration,2017,2017-04-03,0.03398828818923183,exper2_35
6.568156199999976,6.8555937,Calibration,2017,2017-04-04,0.021412607049177117,exper2_35
7.444416500000045,7.409976,Calibration,2017,2017-04-05,-0.0023185394106806007,exper2_35
7.411270600000023,6.82446,Calibration,2017,2017-04-06,-0.04122096614962257,exper2_35
6.874114500000019,7.2487507,Calibration,2017,2017-04-07,0.026526925074647188,exper2_35
6.662458400000048,6.627074,Calibration,2017,2017-04-08,-0.002662594496196282,exper2_35
7.538989500000014,7.805109,Calibration,2017,2017-04-09,0.017343444688572938,exper2_35
9.138927000000024,9.391855,Calibration,2017,2017-04-10,0.013649085969181374,exper2_35
10.99851000000001,11.718907,Calibration,2017,2017-04-11,0.03171123481884767,exper2_35
12.704802500000028,12.403299,Calibration,2017,2017-04-12,-0.012008202386480224,exper2_35
12.417281000000003,11.732887,Calibration,2017,2017-04-13,-0.02833908751015061,exper2_35
12.486417000000017,11.81068,Calibration,2017,2017-04-14,-0.027811413016371304,exper2_35
13.283302000000049,12.527971,Calibration,2017,2017-04-15,-0.029263598291567453,exper2_35
14.301739999999995,14.530373,Calibration,2017,2017-04-16,0.007929790738721585,exper2_35
15.128563000000042,15.276793,Calibration,2017,2017-04-17,0.004875112416203346,exper2_35
15.047646000000043,15.051554,Calibration,2017,2017-04-18,0.0001298282423384535,exper2_35
14.739469000000042,14.224398,Calibration,2017,2017-04-19,-0.01778323822426756,exper2_35
14.290052000000003,14.31205,Calibration,2017,2017-04-20,0.0007690996216266217,exper2_35
14.56659400000001,14.632838,Calibration,2017,2017-04-21,0.00226868278263643,exper2_35
14.253282000000013,14.512566,Calibration,2017,2017-04-22,0.009013591960962943,exper2_35
13.766073000000006,13.5039015,Calibration,2017,2017-04-23,-0.009613926061728102,exper2_35
14.565999999999974,13.911739,Calibration,2017,2017-04-24,-0.022974458843388623,exper2_35
14.122749999999996,13.248774,Calibration,2017,2017-04-25,-0.031930134352280086,exper2_35
13.630625000000009,13.514957,Calibration,2017,2017-04-26,-0.004261009036309227,exper2_35
14.36443700000001,14.798414,Calibration,2017,2017-04-27,0.014881166005300473,exper2_35
16.605197999999973,16.341112,Calibration,2017,2017-04-28,-0.008015643089082989,exper2_35
17.824562000000014,17.007135,Calibration,2017,2017-04-29,-0.023467894762152774,exper2_35
17.201000000000022,16.56765,Calibration,2017,2017-04-30,-0.018755566528948445,exper2_35
16.42249000000004,16.525244,Calibration,2017,2017-05-01,0.003118689737702581,exper2_35
16.705926999999974,16.481201,Calibration,2017,2017-05-02,-0.006771475584182127,exper2_35
15.444489499999975,15.8388,Calibration,2017,2017-05-03,0.012604522451968431,exper2_35
14.788053000000048,15.283792,Calibration,2017,2017-05-04,0.016485139159319644,exper2_35
14.10918700000002,14.378457,Calibration,2017,2017-05-05,0.009452170517891916,exper2_35
14.069875000000025,14.654539,Calibration,2017,2017-05-06,0.020354257046721898,exper2_35
13.806573000000014,13.905164,Calibration,2017,2017-05-07,0.0035577259480280665,exper2_35
13.274572999999975,13.1254225,Calibration,2017,2017-05-08,-0.00564964196314614,exper2_35
13.422271000000023,13.431229,Calibration,2017,2017-05-09,0.0003335743130744466,exper2_35
14.095062000000041,13.987232,Calibration,2017,2017-05-10,-0.0038397785789311446,exper2_35
14.348343999999997,14.324968,Calibration,2017,2017-05-11,-0.0008152410754551193,exper2_35
14.743937500000015,15.006014,Calibration,2017,2017-05-12,0.008809304155751114,exper2_35
14.826760000000036,14.141718,Calibration,2017,2017-05-13,-0.02364784547340081,exper2_35
14.462041999999997,13.725173,Calibration,2017,2017-05-14,-0.02614195845775997,exper2_35
14.150990000000036,14.123908,Calibration,2017,2017-05-15,-0.0009578091864813598,exper2_35
14.956177000000025,15.007724,Calibration,2017,2017-05-16,0.001720296987309817,exper2_35
16.86883400000005,17.239008,Calibration,2017,2017-05-17,0.010853045184551947,exper2_35
19.587656000000038,19.765396,Calibration,2017,2017-05-18,0.004516552302737028,exper2_35
21.744460000000004,21.401148,Calibration,2017,2017-05-19,-0.007957059241041455,exper2_35
,20.361237,Calibration,2017,2017-05-20,,exper2_35
20.087782000000004,19.527102,Calibration,2017,2017-05-21,-0.014153278603979162,exper2_35
18.803417000000024,19.17161,Calibration,2017,2017-05-22,0.009695658141800626,exper2_35
18.174405999999976,18.648552,Calibration,2017,2017-05-23,0.012876367555228852,exper2_35
18.498594000000026,19.325514,Calibration,2017,2017-05-24,0.021862243075915954,exper2_35
18.069770000000005,18.278706,Calibration,2017,2017-05-25,0.005748125430093824,exper2_35
17.702031999999974,17.77432,Calibration,2017,2017-05-26,0.0020376559909400893,exper2_35
18.01567600000004,18.311735,Calibration,2017,2017-05-27,0.008149745434643647,exper2_35
18.62267700000001,18.333778,Calibration,2017,2017-05-28,-0.007817270776411209,exper2_35
18.453696999999977,18.386742,Calibration,2017,2017-05-29,-0.0018174420362896209,exper2_35
17.687000000000012,17.870522,Calibration,2017,2017-05-30,0.005161258080819014,exper2_35
18.216927,18.604631,Calibration,2017,2017-05-31,0.010529277970429919,exper2_35
19.677427000000023,19.270327,Calibration,2017,2017-06-01,-0.010452474092622238,exper2_35
19.72139500000003,19.497654,Calibration,2017,2017-06-02,-0.005704907302567278,exper2_35
19.443645000000004,19.60294,Calibration,2017,2017-06-03,0.004079604076039487,exper2_35
18.97191600000002,19.441278,Calibration,2017,2017-06-04,0.012218782224923985,exper2_35
18.949490000000026,19.342106,Calibration,2017,2017-06-05,0.01025331685986087,exper2_35
19.25380100000001,19.508034,Calibration,2017,2017-06-06,0.006558842068882806,exper2_35
19.057218999999975,18.663542,Calibration,2017,2017-06-07,-0.010436618930580996,exper2_35
19.455051000000026,19.230307,Calibration,2017,2017-06-08,-0.0058095462580510975,exper2_35
20.302333999999973,19.913755,Calibration,2017,2017-06-09,-0.009662266738616634,exper2_35
21.052197999999976,21.069996,Calibration,2017,2017-06-10,0.0004225297518364618,exper2_35
22.752188000000046,22.664703,Calibration,2017,2017-06-11,-0.0019262575711834055,exper2_35
24.281686999999977,24.141336,Calibration,2017,2017-06-12,-0.0028984261821409976,exper2_35
25.525239999999997,25.5027,Calibration,2017,2017-06-13,-0.00044170299604628113,exper2_35
26.182875000000024,25.529612,Calibration,2017,2017-06-14,-0.012632604919702486,exper2_35
,24.977177,Calibration,2017,2017-06-15,,exper2_35
23.84942600000005,24.622639,Calibration,2017,2017-06-16,0.015951717904732883,exper2_35
23.499344000000008,23.658464,Calibration,2017,2017-06-17,0.003374211759499694,exper2_35
24.44578200000001,24.14391,Calibration,2017,2017-06-18,-0.006212687025146909,exper2_35
25.22304200000002,24.665293,Calibration,2017,2017-06-19,-0.011179953450844137,exper2_35
24.853530000000035,24.205679,Calibration,2017,2017-06-20,-0.013205493406455325,exper2_35
24.51082200000002,24.38307,Calibration,2017,2017-06-21,-0.0026128418648963514,exper2_35
24.758947000000035,24.473164,Calibration,2017,2017-06-22,-0.005804817054424899,exper2_35
25.368749999999977,25.650764,Calibration,2017,2017-06-23,0.005527580344256002,exper2_35
25.610603000000026,25.745733,Calibration,2017,2017-06-24,0.002631228606755289,exper2_35
25.539260000000013,25.25474,Calibration,2017,2017-06-25,-0.005601453714695565,exper2_35
24.89555200000001,24.821228,Calibration,2017,2017-06-26,-0.0014949474325445403,exper2_35
24.22317700000002,24.42415,Calibration,2017,2017-06-27,0.00413123345893132,exper2_35
23.706938000000036,24.361715,Calibration,2017,2017-06-28,0.01362171127319588,exper2_35
23.90399000000002,24.496494,Calibration,2017,2017-06-29,0.012241701748756148,exper2_35
24.29781300000002,25.575375,Calibration,2017,2017-06-30,0.025616201102567217,exper2_35
24.659334,26.067923,Calibration,2017,2017-07-01,0.0277678843050365,exper2_35
25.274479000000042,25.898554,Calibration,2017,2017-07-02,0.012195385216213512,exper2_35
25.842062,25.798763,Calibration,2017,2017-07-03,-0.0008384591962427994,exper2_35
26.139385000000004,25.665098,Calibration,2017,2017-07-04,-0.00915532364158637,exper2_35
26.437084000000027,25.696302,Calibration,2017,2017-07-05,-0.014209350993963296,exper2_35
26.175854000000015,26.132246,Calibration,2017,2017-07-06,-0.0008336755211794711,exper2_35
25.809698000000026,26.141281,Calibration,2017,2017-07-07,0.006382615563666962,exper2_35
25.905750000000012,25.689533,Calibration,2017,2017-07-08,-0.004190630476400797,exper2_35
25.882334000000014,25.903196,Calibration,2017,2017-07-09,0.00040286031066901325,exper2_35
25.735167000000047,25.70564,Calibration,2017,2017-07-10,-0.0005739841270041824,exper2_35
25.588634000000013,25.98726,Calibration,2017,2017-07-11,0.007728936548447243,exper2_35
25.480343000000005,25.63856,Calibration,2017,2017-07-12,0.003095065312120925,exper2_35
25.65789600000005,25.590769,Calibration,2017,2017-07-13,-0.0013098328738251348,exper2_35
25.27405200000004,25.199966,Calibration,2017,2017-07-14,-0.0014677961382795113,exper2_35
25.228989000000013,25.34465,Calibration,2017,2017-07-15,0.0022869872571458336,exper2_35
25.201292000000024,25.66265,Calibration,2017,2017-07-16,0.009070416963172467,exper2_35
25.92484300000001,26.51369,Calibration,2017,2017-07-17,0.011229298459502712,exper2_35
25.948229000000026,26.300676,Calibration,2017,2017-07-18,0.0067455450691720625,exper2_35
27.22926000000001,26.995462,Calibration,2017,2017-07-19,-0.0043116418484712375,exper2_35
27.758595000000014,27.666899,Calibration,2017,2017-07-20,-0.0016544060578690496,exper2_35
27.810655999999994,27.67732,Calibration,2017,2017-07-21,-0.0024029623733087657,exper2_35
27.827427,28.05609,Calibration,2017,2017-07-22,0.0040917683061193755,exper2_35
27.550062000000025,27.251364,Calibration,2017,2017-07-23,-0.0054505561053633175,exper2_35
26.31799000000001,26.3664,Calibration,2017,2017-07-24,0.0009188635425134281,exper2_35
25.26493800000003,25.386765,Calibration,2017,2017-07-25,0.0024051812731021305,exper2_35
24.800947000000008,24.611403,Calibration,2017,2017-07-26,-0.0038359740080532614,exper2_35
24.50116700000001,24.301573,Calibration,2017,2017-07-27,-0.004089815472177451,exper2_35
24.706718000000023,24.661482,Calibration,2017,2017-07-28,-0.0009163012390764734,exper2_35
24.74018700000005,24.553934,Calibration,2017,2017-07-29,-0.0037783999098474365,exper2_35
24.639050999999995,24.662842,Calibration,2017,2017-07-30,0.00048255341783780465,exper2_35
25.11546900000002,25.042088,Calibration,2017,2017-07-31,-0.0014630187375258607,exper2_35
25.364084000000048,25.332142,Calibration,2017,2017-08-01,-0.000630069067810578,exper2_35
25.62659500000001,25.322117,Calibration,2017,2017-08-02,-0.005976169703347886,exper2_35
25.24973,25.779606,Calibration,2017,2017-08-03,0.010383749984035722,exper2_35
25.918041000000017,25.310373,Calibration,2017,2017-08-04,-0.01186192666617783,exper2_35
25.54860500000001,25.258648,Calibration,2017,2017-08-05,-0.005707001749588976,exper2_35
24.779709000000025,25.282187,Calibration,2017,2017-08-06,0.010037125104393913,exper2_35
,24.26832,Calibration,2017,2017-08-07,,exper2_35
,23.682692,Calibration,2017,2017-08-08,,exper2_35
,24.26135,Calibration,2017,2017-08-09,,exper2_35
,24.00419,Calibration,2017,2017-08-10,,exper2_35
23.631012,23.96906,Calibration,2017,2017-08-11,0.007101856725151809,exper2_35
23.764580000000024,23.847185,Calibration,2017,2017-08-12,0.0017349731658476673,exper2_35
23.92601400000001,23.856771,Calibration,2017,2017-08-13,-0.0014491103899447696,exper2_35
23.630127000000016,23.502378,Calibration,2017,2017-08-14,-0.0027104125910124665,exper2_35
23.554085000000043,23.805244,Calibration,2017,2017-08-15,0.005303272844860927,exper2_35
23.86883400000005,24.127813,Calibration,2017,2017-08-16,0.005395779780260902,exper2_35
24.10795200000001,23.956223,Calibration,2017,2017-08-17,-0.003156809979383403,exper2_35
24.356344000000036,24.08637,Calibration,2017,2017-08-18,-0.005573047151144804,exper2_35
24.643557000000044,24.724714,Calibration,2017,2017-08-19,0.001643915759492992,exper2_35
24.642674999999997,24.438465,Calibration,2017,2017-08-20,-0.004160658882396329,exper2_35
24.718586000000016,24.425024,Calibration,2017,2017-08-21,-0.005973553168205347,exper2_35
25.141989000000024,25.33568,Calibration,2017,2017-08-22,0.0038371622886171765,exper2_35
25.16173200000003,25.14143,Calibration,2017,2017-08-23,-0.0004035948856830992,exper2_35
24.58819600000004,24.472658,Calibration,2017,2017-08-24,-0.0023549904427030885,exper2_35
23.987791000000016,23.92887,Calibration,2017,2017-08-25,-0.001229671522581635,exper2_35
23.53859700000004,23.82076,Calibration,2017,2017-08-26,0.005957929762384276,exper2_35
23.284080000000017,23.634071,Calibration,2017,2017-08-27,0.00745961509621394,exper2_35
22.901351999999974,22.98007,Calibration,2017,2017-08-28,0.0017156860120845151,exper2_35
22.010744000000045,21.935644,Calibration,2017,2017-08-29,-0.001708896985204167,exper2_35
21.516748000000007,21.489258,Calibration,2017,2017-08-30,-0.0006392174065143396,exper2_35
21.309116000000017,21.393642,Calibration,2017,2017-08-31,0.001979413711282491,exper2_35
20.56811300000004,20.538393,Calibration,2017,2017-09-01,-0.0007229994044067174,exper2_35
19.884299999999996,19.786846,Calibration,2017,2017-09-02,-0.002456542059967071,exper2_35
19.314678000000015,18.86999,Calibration,2017,2017-09-03,-0.011645737286557923,exper2_35
19.400862000000018,19.107132,Calibration,2017,2017-09-04,-0.007627767946377883,exper2_35
19.812080000000037,20.024252,Calibration,2017,2017-09-05,0.005326091222382215,exper2_35
19.650772000000018,19.739782,Calibration,2017,2017-09-06,0.002259687249402095,exper2_35
19.174464999999998,19.307987,Calibration,2017,2017-09-07,0.0034696908709262084,exper2_35
18.797213,18.933245,Calibration,2017,2017-09-08,0.00360535528784342,exper2_35
18.237656000000015,17.957178,Calibration,2017,2017-09-09,-0.007749113678974043,exper2_35
18.129494000000022,17.809326,Calibration,2017,2017-09-10,-0.008908690563403057,exper2_35
18.29008300000004,18.449587,Calibration,2017,2017-09-11,0.004341461664133757,exper2_35
18.614854999999977,18.753328,Calibration,2017,2017-09-12,0.0037056477208433332,exper2_35
18.754389000000003,18.709394,Calibration,2017,2017-09-13,-0.0012010144436705665,exper2_35
19.150472999999977,19.265453,Calibration,2017,2017-09-14,0.0029930382937940485,exper2_35
19.573004000000026,19.422804,Calibration,2017,2017-09-15,-0.003851699179633178,exper2_35
20.274635000000046,20.166235,Calibration,2017,2017-09-16,-0.002680457418137583,exper2_35
20.853160000000003,20.377573,Calibration,2017,2017-09-17,-0.01153476913788704,exper2_35
21.133123000000012,20.742239,Calibration,2017,2017-09-18,-0.009334462627492959,exper2_35
21.318810000000042,20.94897,Calibration,2017,2017-09-19,-0.00874990828401562,exper2_35
21.608225000000004,21.539331,Calibration,2017,2017-09-20,-0.0015966967664719422,exper2_35
22.002165000000048,22.062056,Calibration,2017,2017-09-21,0.0013591659393864663,exper2_35
22.257807000000014,22.13771,Calibration,2017,2017-09-22,-0.0027051476203223423,exper2_35
22.192656999999997,22.234007,Calibration,2017,2017-09-23,0.0009307446947617857,exper2_35
22.559551,22.540115,Calibration,2017,2017-09-24,-0.0004309487214623024,exper2_35
23.093103000000042,22.810074,Calibration,2017,2017-09-25,-0.006165785613710172,exper2_35
23.494799,23.38744,Calibration,2017,2017-09-26,-0.002289977508117043,exper2_35
23.64369000000005,23.770967,Calibration,2017,2017-09-27,0.002684348897061952,exper2_35
22.988856999999996,22.809473,Calibration,2017,2017-09-28,-0.003916823214569785,exper2_35
21.11193700000001,21.404118,Calibration,2017,2017-09-29,0.006872241252999268,exper2_35
19.82574999999997,20.179033,Calibration,2017,2017-09-30,0.008831025953857036,exper2_35
18.80004100000002,18.766771,Calibration,2017,2017-10-01,-0.0008856136951780575,exper2_35
18.409366999999975,18.378458,Calibration,2017,2017-10-02,-0.0008401958231915391,exper2_35
18.183051999999975,17.900005,Calibration,2017,2017-10-03,-0.007844309221145498,exper2_35
18.09888000000001,17.807486,Calibration,2017,2017-10-04,-0.008115397224005715,exper2_35
18.450113000000044,18.408503,Calibration,2017,2017-10-05,-0.0011289198091503703,exper2_35
18.74927500000001,18.77758,Calibration,2017,2017-10-06,0.0007542668052897001,exper2_35
18.993092000000047,19.337322,Calibration,2017,2017-10-07,0.008980603053125596,exper2_35
19.333259999999996,19.517662,Calibration,2017,2017-10-08,0.004746400821849423,exper2_35
19.675250000000005,19.655014,Calibration,2017,2017-10-09,-0.0005145137570007722,exper2_35
20.131798000000003,19.96847,Calibration,2017,2017-10-10,-0.004072999756455019,exper2_35
19.842533000000003,19.690004,Calibration,2017,2017-10-11,-0.003858306637378648,exper2_35
18.85155900000001,18.491083,Calibration,2017,2017-10-12,-0.00965319629653753,exper2_35
17.804057999999998,17.522156,Calibration,2017,2017-10-13,-0.007979973177502852,exper2_35
17.64458300000001,17.7289,Calibration,2017,2017-10-14,0.0023836473003258116,exper2_35
17.832302000000027,17.713972,Calibration,2017,2017-10-15,-0.0033288976509899784,exper2_35
17.35638,17.318819,Calibration,2017,2017-10-16,-0.0010832224475378848,exper2_35
16.268760000000043,16.534555,Calibration,2017,2017-10-17,0.008102700341550305,exper2_35
15.875810999999999,15.834494,Calibration,2017,2017-10-18,-0.0013029632918353457,exper2_35
15.757400000000018,15.424635,Calibration,2017,2017-10-19,-0.010671691800689343,exper2_35
15.526995,15.502132,Calibration,2017,2017-10-20,-0.0008012659813268841,exper2_35
15.425318000000004,15.628177,Calibration,2017,2017-10-21,0.006532555874261602,exper2_35
15.432880000000011,15.746184,Calibration,2017,2017-10-22,0.010048548781082715,exper2_35
15.362099,15.555828,Calibration,2017,2017-10-23,0.006265914719651239,exper2_35
15.741472000000044,15.6548,Calibration,2017,2017-10-24,-0.0027605692744424436,exper2_35
15.627707000000044,15.65514,Calibration,2017,2017-10-25,0.0008769317947020414,exper2_35
14.900703000000021,15.018207,Calibration,2017,2017-10-26,0.003927402367255023,exper2_35
14.275054000000011,14.237185,Calibration,2017,2017-10-27,-0.001328183174088213,exper2_35
13.991696000000047,13.95322,Calibration,2017,2017-10-28,-0.0013768383509369841,exper2_35
13.875226999999995,14.1207905,Calibration,2017,2017-10-29,0.008771371918490438,exper2_35
13.312024000000008,12.969755,Calibration,2017,2017-10-30,-0.01302304630980466,exper2_35
12.553674,12.351443,Calibration,2017,2017-10-31,-0.00812004645185844,exper2_35
11.887165000000039,11.943197,Calibration,2017,2017-11-01,0.0023512966264418057,exper2_35
11.773558000000037,12.232692,Calibration,2017,2017-11-02,0.01912559309884891,exper2_35
12.123209999999972,12.249757,Calibration,2017,2017-11-03,0.00519209721245718,exper2_35
11.751413000000014,11.939453,Calibration,2017,2017-11-04,0.007937241467147341,exper2_35
11.46734600000002,11.676757,Calibration,2017,2017-11-05,0.009048130320843567,exper2_35
11.623419000000013,11.921704,Calibration,2017,2017-11-06,0.01266866554888386,exper2_35
11.040706999999998,10.975107,Calibration,2017,2017-11-07,-0.002979667544056199,exper2_35
10.593737999999973,10.072935,Calibration,2017,2017-11-08,-0.025200132261236057,exper2_35
10.192684000000042,9.903671,Calibration,2017,2017-11-09,-0.014381350824346124,exper2_35
9.365181000000007,9.304055,Calibration,2017,2017-11-10,-0.003274144982223813,exper2_35
8.260627,8.611548,Calibration,2017,2017-11-11,0.0207988249857077,exper2_35
7.97082800000004,8.178139,Calibration,2017,2017-11-12,0.012837399218095789,exper2_35
7.692974000000049,8.071966,Calibration,2017,2017-11-13,0.024040190901288755,exper2_35
7.462685600000043,7.3934445,Calibration,2017,2017-11-14,-0.00466077378428017,exper2_35
7.364998300000025,6.9092493,Calibration,2017,2017-11-15,-0.03192805721627913,exper2_35
7.33155400000004,7.223557,Calibration,2017,2017-11-16,-0.00741986815781656,exper2_35
6.960726000000022,6.867955,Calibration,2017,2017-11-17,-0.006708578408968062,exper2_35
6.648479000000009,6.4599457,Calibration,2017,2017-11-18,-0.014382607056915351,exper2_35
6.503333600000019,6.3897886,Calibration,2017,2017-11-19,-0.008806631192266856,exper2_35
6.10546880000004,6.1220746,Calibration,2017,2017-11-20,0.001358065433560849,exper2_35
5.87551400000001,5.789578,Calibration,2017,2017-11-21,-0.007366940553879757,exper2_35
5.713053700000046,5.757578,Calibration,2017,2017-11-22,0.003881581911599853,exper2_35
5.282698000000039,5.552291,Calibration,2017,2017-11-23,0.024881697482283957,exper2_35
5.164271000000042,5.2331066,Calibration,2017,2017-11-24,0.006620478328306295,exper2_35
5.082958000000019,5.045549,Calibration,2017,2017-11-25,-0.0036934450899562253,exper2_35
4.980213600000013,4.8781695,Calibration,2017,2017-11-26,-0.010350993869439716,exper2_35
4.696701500000017,4.7394066,Calibration,2017,2017-11-27,0.004525709678769958,exper2_35
4.623494600000015,4.6189494,Calibration,2017,2017-11-28,-0.0004917732467639593,exper2_35
4.604070999999976,4.7784085,Calibration,2017,2017-11-29,0.018581178553669697,exper2_35
4.578047000000026,4.8766174,Calibration,2017,2017-11-30,0.03157916748916156,exper2_35
4.541733000000022,4.6564374,Calibration,2017,2017-12-01,0.012470349216461897,exper2_35
4.45913900000005,4.4263916,Calibration,2017,2017-12-02,-0.003685474723568158,exper2_35
4.3740660000000275,4.26447,Calibration,2017,2017-12-03,-0.012686860172070645,exper2_35
4.260298700000021,4.076691,Calibration,2017,2017-12-04,-0.02202324251601264,exper2_35
4.2931475999999975,4.046885,Calibration,2017,2017-12-05,-0.029527772591521843,exper2_35
4.486942999999997,4.223213,Calibration,2017,2017-12-06,-0.03027842420625719,exper2_35
4.1909722999999985,3.9112148,Calibration,2017,2017-12-07,-0.03452863616603287,exper2_35
3.739628600000003,3.6364539,Calibration,2017,2017-12-08,-0.013987741257443809,exper2_35
3.3160017000000153,3.2323823,Calibration,2017,2017-12-09,-0.012769471447591798,exper2_35
2.943868199999997,3.0825555,Calibration,2017,2017-12-10,0.023013206274982524,exper2_35
2.7416494000000284,2.8120608,Calibration,2017,2017-12-11,0.012678269125236515,exper2_35
2.5189530000000104,2.5583308,Calibration,2017,2017-12-12,0.007755677259267077,exper2_35
1.7897500000000264,2.1290987,Calibration,2017,2017-12-13,0.08659396771162019,exper2_35
1.568451400000015,2.1253812,Calibration,2017,2017-12-14,0.15077289279096487,exper2_35
1.6301423000000455,1.820714,Calibration,2017,2017-12-15,0.055224466188018725,exper2_35
1.6966371999999978,1.8623658,Calibration,2017,2017-12-16,0.04656602984488348,exper2_35
1.7308316000000445,1.8837496,Calibration,2017,2017-12-17,0.042305870468856324,exper2_35
1.7849705000000426,1.8171914,Calibration,2017,2017-12-18,0.008944868002028329,exper2_35
1.891371500000048,1.7854044,Calibration,2017,2017-12-19,-0.028820645554863012,exper2_35
2.0481093000000214,1.9372005,Calibration,2017,2017-12-20,-0.027829392949038825,exper2_35
2.2179290000000265,3.4125812,Calibration,2017,2017-12-21,0.2121747695668941,exper2_35
2.293605800000023,2.3594344,Calibration,2017,2017-12-22,0.01414743132973266,exper2_35
2.30527950000004,2.2307785,Calibration,2017,2017-12-23,-0.016424182625710528,exper2_35
2.3840642000000116,2.6221747,Calibration,2017,2017-12-24,0.04756275972823548,exper2_35
2.414704800000038,2.8635516,Calibration,2017,2017-12-25,0.08503694804428301,exper2_35
2.432651000000021,2.5978796,Calibration,2017,2017-12-26,0.032845172758749513,exper2_35
2.4642431999999985,2.4308045,Calibration,2017,2017-12-27,-0.00683113037245654,exper2_35
2.4992359999999962,2.1908097,Calibration,2017,2017-12-28,-0.06576189044982524,exper2_35
2.5345120000000065,2.476643,Calibration,2017,2017-12-29,-0.011548019076070988,exper2_35
2.5493731000000253,2.5332284,Calibration,2017,2017-12-30,-0.0031764643832487105,exper2_35
2.562157900000045,2.4090242,Calibration,2017,2017-12-31,-0.030804274948003037,exper2_35
2.569666600000005,2.9560924,Calibration,2018,2018-01-01,0.06993170722757085,exper2_35
2.5707934000000137,2.7320719,Calibration,2018,2018-01-02,0.03041345916136962,exper2_35
2.5779150000000186,2.6096964,Calibration,2018,2018-01-03,0.006126401124923949,exper2_35
2.579177100000038,2.6270738,Calibration,2018,2018-01-04,0.009199838049451636,exper2_35
2.5826876000000425,2.4411244,Calibration,2018,2018-01-05,-0.02817843495234925,exper2_35
2.5963714000000095,2.388309,Calibration,2018,2018-01-06,-0.04174036875005093,exper2_35
2.609267500000044,2.4236825,Calibration,2018,2018-01-07,-0.03687401038149574,exper2_35
2.600933999999995,2.471638,Calibration,2018,2018-01-08,-0.02548924621722725,exper2_35
2.606923600000016,2.5787306,Calibration,2018,2018-01-09,-0.005436732919924438,exper2_35
2.6216736000000083,2.6926553,Calibration,2018,2018-01-10,0.013356667594067053,exper2_35
2.6550190000000384,2.9908073,Calibration,2018,2018-01-11,0.059475491683494044,exper2_35
2.6732256000000234,2.6290634,Calibration,2018,2018-01-12,-0.008328899542107658,exper2_35
2.757138999999995,2.925628,Calibration,2018,2018-01-13,0.02964910376043655,exper2_35
2.916741400000035,2.9145415,Calibration,2018,2018-01-14,-0.00037726125087524527,exper2_35
3.0057952000000228,2.9243715,Calibration,2018,2018-01-15,-0.01373042672138164,exper2_35
3.05045130000002,3.1451063,Calibration,2018,2018-01-16,0.015277884814474492,exper2_35
3.05910590000002,3.033223,Calibration,2018,2018-01-17,-0.004248455237605029,exper2_35
3.0574981999999977,2.7998905,Calibration,2018,2018-01-18,-0.043979953219015995,exper2_35
3.064880100000039,3.1218371,Calibration,2018,2018-01-19,0.009206342706170323,exper2_35
3.0645468000000164,3.2007759,Calibration,2018,2018-01-20,0.02174334333521135,exper2_35
3.0645400000000222,3.34904,Calibration,2018,2018-01-21,0.044359005428908804,exper2_35
3.0927675000000363,3.3807251,Calibration,2018,2018-01-22,0.0444825785887342,exper2_35
3.141463500000043,3.300802,Calibration,2018,2018-01-23,0.024733301135121743,exper2_35
3.1690729000000033,3.517522,Calibration,2018,2018-01-24,0.05211160490643144,exper2_35
3.2498820000000137,3.4857943,Calibration,2018,2018-01-25,0.03502429378890844,exper2_35
3.381861200000003,3.7448769,Calibration,2018,2018-01-26,0.050937141008403464,exper2_35
3.503470400000026,3.8366244,Calibration,2018,2018-01-27,0.045388240034163745,exper2_35
3.5760226000000443,3.7152402,Calibration,2018,2018-01-28,0.019093762376991435,exper2_35
3.673090200000047,3.872794,Calibration,2018,2018-01-29,0.026465250446458914,exper2_35
3.7591562000000067,3.69859,Calibration,2018,2018-01-30,-0.008121241705244335,exper2_35
3.917138799999975,3.6166174,Calibration,2018,2018-01-31,-0.03988997642106387,exper2_35
3.9015640999999732,3.606883,Calibration,2018,2018-02-01,-0.03924660387701466,exper2_35
3.8999567000000184,3.6929471,Calibration,2018,2018-02-02,-0.027263554870776256,exper2_35
3.943052000000023,3.6029243,Calibration,2018,2018-02-03,-0.04507404177258642,exper2_35
3.9026406000000406,3.904607,Calibration,2018,2018-02-04,0.00025187590526392706,exper2_35
3.899333200000001,3.6809149,Calibration,2018,2018-02-05,-0.02881413891510266,exper2_35
3.900541800000042,3.628078,Calibration,2018,2018-02-06,-0.03619040726802139,exper2_35
3.889128400000004,3.8093297,Calibration,2018,2018-02-07,-0.010365536879025005,exper2_35
3.881722200000013,3.527288,Calibration,2018,2018-02-08,-0.04783827154922014,exper2_35
3.875335000000007,3.6374004,Calibration,2018,2018-02-09,-0.03167083611645323,exper2_35
3.8695849999999723,3.8148105,Calibration,2018,2018-02-10,-0.007128014877279406,exper2_35
3.892729300000042,3.907774,Calibration,2018,2018-02-11,0.0019286796035880849,exper2_35
3.9647639000000368,3.8226082,Calibration,2018,2018-02-12,-0.0182546390596418,exper2_35
4.105453000000011,3.5721145,Calibration,2018,2018-02-13,-0.06946712414165651,exper2_35
4.066517400000009,3.98344,Calibration,2018,2018-02-14,-0.01032023827465098,exper2_35
4.106831600000021,3.9253843,Calibration,2018,2018-02-15,-0.022589945237498816,exper2_35
4.102481000000012,3.9984987,Calibration,2018,2018-02-16,-0.01283577121818227,exper2_35
4.191699500000027,3.935533,Calibration,2018,2018-02-17,-0.03151951808994589,exper2_35
4.146465300000045,4.244607,Calibration,2018,2018-02-18,0.011695963109648844,exper2_35
4.034199700000045,3.9197884,Calibration,2018,2018-02-19,-0.014384147742330435,exper2_35
4.1703352999999765,3.8585398,Calibration,2018,2018-02-20,-0.0388342670216478,exper2_35
4.3673906000000215,4.573204,Calibration,2018,2018-02-21,0.02302010646969475,exper2_35
4.25746700000002,4.344307,Calibration,2018,2018-02-22,0.010095585671971184,exper2_35
4.180113000000006,4.4891543,Calibration,2018,2018-02-23,0.035647918879167274,exper2_35
4.0871629999999755,4.2906933,Calibration,2018,2018-02-24,0.02429383797047294,exper2_35
4.0475660000000175,4.240396,Calibration,2018,2018-02-25,0.02326627731476329,exper2_35
4.087973999999974,4.188153,Calibration,2018,2018-02-26,0.01210454994355686,exper2_35
4.1999530000000505,4.1231728,Calibration,2018,2018-02-27,-0.009224928494916107,exper2_35
4.5169096000000195,4.4447947,Calibration,2018,2018-02-28,-0.008047012387719734,exper2_35
4.888914999999997,4.61405,Calibration,2018,2018-03-01,-0.028924140103724315,exper2_35
4.318370000000016,4.2091074,Calibration,2018,2018-03-02,-0.012813003881567734,exper2_35
3.502140499999996,4.031606,Calibration,2018,2018-03-03,0.07027920085804286,exper2_35
3.4241667000000007,4.1141987,Calibration,2018,2018-03-04,0.09153602266262928,exper2_35
3.2920833000000016,3.5975533,Calibration,2018,2018-03-05,0.04433760051291915,exper2_35
3.2649913000000197,3.4877913,Calibration,2018,2018-03-06,0.032993806112737376,exper2_35
3.3556962000000112,3.4648006,Calibration,2018,2018-03-07,0.015996546805412078,exper2_35
2.984720500000037,3.302725,Calibration,2018,2018-03-08,0.05057770644649076,exper2_35
2.8259480000000394,3.2943149,Calibration,2018,2018-03-09,0.07652724595529262,exper2_35
2.6119964000000095,3.292468,Calibration,2018,2018-03-10,0.11524697528927397,exper2_35
2.660107000000039,3.0422938,Calibration,2018,2018-03-11,0.06702208443040993,exper2_35
2.8638506000000348,2.929045,Calibration,2018,2018-03-12,0.011254192524674685,exper2_35
3.032987800000001,3.04132,Calibration,2018,2018-03-13,0.0013717259122421066,exper2_35
3.098729100000014,2.8760247,Calibration,2018,2018-03-14,-0.037274234812445815,exper2_35
2.909137199999975,3.0193274,Calibration,2018,2018-03-15,0.018586634062989132,exper2_35
2.8665937999999755,3.0545797,Calibration,2018,2018-03-16,0.0317480873845981,exper2_35
2.867370000000051,3.1232677,Calibration,2018,2018-03-17,0.0427162625298133,exper2_35
3.053670199999999,3.1911514,Calibration,2018,2018-03-18,0.022015229541125888,exper2_35
3.3908837000000176,3.3193,Calibration,2018,2018-03-19,-0.010667929163409775,exper2_35
3.670807400000001,3.2375023,Calibration,2018,2018-03-20,-0.06272229822129019,exper2_35
3.572239600000046,3.677746,Calibration,2018,2018-03-21,0.014552643618133737,exper2_35
3.507017399999995,3.640394,Calibration,2018,2018-03-22,0.018660822142118887,exper2_35
3.4723749999999995,3.761505,Calibration,2018,2018-03-23,0.03996885391929267,exper2_35
3.648904600000037,3.7536345,Calibration,2018,2018-03-24,0.014147828477837233,exper2_35
3.7474792000000434,3.718794,Calibration,2018,2018-03-25,-0.0038419558703183723,exper2_35
4.089828000000011,4.0150094,Calibration,2018,2018-03-26,-0.009231350741403604,exper2_35
4.204417999999976,4.044004,Calibration,2018,2018-03-27,-0.01944784556851455,exper2_35
4.3738140000000385,4.085457,Calibration,2018,2018-03-28,-0.0340877076797647,exper2_35
4.599910000000023,4.214616,Calibration,2018,2018-03-29,-0.043711276811630555,exper2_35
5.056512399999974,4.298136,Calibration,2018,2018-03-30,-0.08106944422660504,exper2_35
5.058654300000001,4.7028856,Calibration,2018,2018-03-31,-0.03644595779833546,exper2_35
5.2602640000000065,5.16811,Calibration,2018,2018-04-01,-0.00883686250029616,exper2_35
5.438194300000021,5.214471,Calibration,2018,2018-04-02,-0.021001639798799564,exper2_35
5.298045000000002,5.037173,Calibration,2018,2018-04-03,-0.02524109417421023,exper2_35
5.293569600000012,5.4765596,Calibration,2018,2018-04-04,0.016990514683407728,exper2_35
5.18548770000001,4.9361153,Calibration,2018,2018-04-05,-0.024637642473469456,exper2_35
5.105628500000023,5.2734413,Calibration,2018,2018-04-06,0.016168386733424914,exper2_35
5.251229299999977,5.0090637,Calibration,2018,2018-04-07,-0.02360220890458131,exper2_35
5.212829999999997,5.067986,Calibration,2018,2018-04-08,-0.014088763803649129,exper2_35
5.127264000000025,4.931436,Calibration,2018,2018-04-09,-0.01946851351930055,exper2_35
5.412106000000051,5.0878077,Calibration,2018,2018-04-10,-0.03088581061814898,exper2_35
5.427373400000022,5.0996976,Calibration,2018,2018-04-11,-0.031126968787513344,exper2_35
5.520444399999974,5.2165704,Calibration,2018,2018-04-12,-0.028301537154550176,exper2_35
6.245376600000043,6.1042976,Calibration,2018,2018-04-13,-0.011423699066262031,exper2_35
7.064786400000003,7.960166,Calibration,2018,2018-04-14,0.0595928396299061,exper2_35
7.41656260000002,7.2432528,Calibration,2018,2018-04-15,-0.011822102912012892,exper2_35
6.5784807,6.7918406,Calibration,2018,2018-04-16,0.015957720778869925,exper2_35
6.200628300000005,6.367432,Calibration,2018,2018-04-17,0.01327204134302174,exper2_35
5.977600600000017,6.231227,Calibration,2018,2018-04-18,0.020774011316285517,exper2_35
5.995401000000015,6.0527143,Calibration,2018,2018-04-19,0.004757038440009488,exper2_35
5.850603999999976,5.8174405,Calibration,2018,2018-04-20,-0.0028422492025968983,exper2_35
6.3178334000000405,5.973093,Calibration,2018,2018-04-21,-0.02804836307880776,exper2_35
7.213135200000011,6.777644,Calibration,2018,2018-04-22,-0.031127003826252293,exper2_35
7.85199300000005,7.8813424,Calibration,2018,2018-04-23,0.0018654284215292984,exper2_35
8.60462700000005,9.028036,Calibration,2018,2018-04-24,0.024012771906935942,exper2_35
9.509177000000022,9.669789,Calibration,2018,2018-04-25,0.008374398892942113,exper2_35
10.31902100000002,10.164147,Calibration,2018,2018-04-26,-0.007561018888057216,exper2_35
10.342880000000036,10.214774,Calibration,2018,2018-04-27,-0.0062315411770221055,exper2_35
10.728245000000015,10.432806,Calibration,2018,2018-04-28,-0.01396145138423136,exper2_35
11.369118000000014,10.284899,Calibration,2018,2018-04-29,-0.05007012113206011,exper2_35
10.501458000000014,10.061264,Calibration,2018,2018-04-30,-0.021407377928795414,exper2_35
10.58043600000002,10.62695,Calibration,2018,2018-05-01,0.002193304889063104,exper2_35
11.683215000000018,11.805976,Calibration,2018,2018-05-02,0.005226272563022634,exper2_35
13.05275800000004,13.744928,Calibration,2018,2018-05-03,0.025829482093605974,exper2_35
13.912382000000036,14.3835125,Calibration,2018,2018-05-04,0.01665013618845014,exper2_35
14.575008000000025,14.763032,Calibration,2018,2018-05-05,0.006408879386387422,exper2_35
14.732921999999974,14.953194,Calibration,2018,2018-05-06,0.007420023119220067,exper2_35
14.52588400000002,14.408804,Calibration,2018,2018-05-07,-0.004046356415669508,exper2_35
14.747422000000029,14.764101,Calibration,2018,2018-05-08,0.0005651700329488024,exper2_35
15.141349000000048,15.100889,Calibration,2018,2018-05-09,-0.0013378571318671004,exper2_35
15.568979000000013,15.642244,Calibration,2018,2018-05-10,0.0023474036308509974,exper2_35
15.839755000000025,15.702511,Calibration,2018,2018-05-11,-0.004351119446624625,exper2_35
15.780888000000004,15.297066,Calibration,2018,2018-05-12,-0.01556802192526501,exper2_35
15.335835999999972,14.770847,Calibration,2018,2018-05-13,-0.018766221221636906,exper2_35
15.325643000000014,15.02962,Calibration,2018,2018-05-14,-0.009751944094279002,exper2_35
16.184423000000038,16.622179,Calibration,2018,2018-05-15,0.01334353466273092,exper2_35
16.396546999999998,16.77982,Calibration,2018,2018-05-16,0.01155257579692923,exper2_35
16.184950000000015,16.28594,Calibration,2018,2018-05-17,0.0031101755990810605,exper2_35
16.62595699999997,16.858906,Calibration,2018,2018-05-18,0.006956838786580535,exper2_35
16.356348000000025,16.205496,Calibration,2018,2018-05-19,-0.00463278942116602,exper2_35
16.357748000000015,16.262877,Calibration,2018,2018-05-20,-0.0029083284211499703,exper2_35
16.733267000000012,16.93894,Calibration,2018,2018-05-21,0.00610809525859836,exper2_35
16.951157000000023,16.920185,Calibration,2018,2018-05-22,-0.0009143986915904281,exper2_35
17.122469000000024,17.377424,Calibration,2018,2018-05-23,0.007390029828145951,exper2_35
,18.234463,Calibration,2018,2018-05-24,,exper2_35
,18.879644,Calibration,2018,2018-05-25,,exper2_35
,20.069334,Calibration,2018,2018-05-26,,exper2_35
,19.903334,Calibration,2018,2018-05-27,,exper2_35
,19.375347,Calibration,2018,2018-05-28,,exper2_35
,20.375542,Calibration,2018,2018-05-29,,exper2_35
,21.165873,Calibration,2018,2018-05-30,,exper2_35
,21.253876,Calibration,2018,2018-05-31,,exper2_35
,20.47653,Calibration,2018,2018-06-01,,exper2_35
,21.049917,Calibration,2018,2018-06-02,,exper2_35
,20.6805,Calibration,2018,2018-06-03,,exper2_35
,20.053879,Calibration,2018,2018-06-04,,exper2_35
,20.148958,Calibration,2018,2018-06-05,,exper2_35
,20.380428,Calibration,2018,2018-06-06,,exper2_35
,20.445995,Calibration,2018,2018-06-07,,exper2_35
,21.690557,Calibration,2018,2018-06-08,,exper2_35
22.165272000000016,22.264349,Calibration,2018,2018-06-09,0.002229975893803753,exper2_35
21.662678000000028,21.892548,Calibration,2018,2018-06-10,0.0052776585178031235,exper2_35
21.491750000000025,21.480556,Calibration,2018,2018-06-11,-0.0002604819912571203,exper2_35
21.70317600000004,21.12626,Calibration,2018,2018-06-12,-0.013470063727920732,exper2_35
21.24814600000002,20.898773,Calibration,2018,2018-06-13,-0.008289403195469893,exper2_35
20.961081999999976,20.823725,Calibration,2018,2018-06-14,-0.0032872535256300833,exper2_35
20.731802000000016,21.425158,Calibration,2018,2018-06-15,0.016447000790559697,exper2_35
21.763844000000006,21.774008,Calibration,2018,2018-06-16,0.00023344737559718106,exper2_35
23.343458,22.906343,Calibration,2018,2018-06-17,-0.009451165758933096,exper2_35
25.23009300000001,24.625229,Calibration,2018,2018-06-18,-0.012132388185110617,exper2_35
25.495791999999994,25.122538,Calibration,2018,2018-06-19,-0.007373897754810962,exper2_35
25.016615,24.636892,Calibration,2018,2018-06-20,-0.007647449329953228,exper2_35
24.956282000000044,24.991243,Calibration,2018,2018-06-21,0.0006999618534257425,exper2_35
24.27760500000005,24.107918,Calibration,2018,2018-06-22,-0.0035069831756755123,exper2_35
23.00150000000002,23.765648,Calibration,2018,2018-06-23,0.01633941607922268,exper2_35
23.14462500000002,23.394152,Calibration,2018,2018-06-24,0.00536169416950785,exper2_35
23.09279300000003,23.44974,Calibration,2018,2018-06-25,0.007669252989463355,exper2_35
23.307365000000004,23.322783,Calibration,2018,2018-06-26,0.0003306340919045812,exper2_35
22.603957999999977,22.881184,Calibration,2018,2018-06-27,0.006094861186926445,exper2_35
22.728480000000047,22.860657,Calibration,2018,2018-06-28,0.002899303380978776,exper2_35
23.827072000000044,24.175085,Calibration,2018,2018-06-29,0.007249946440069403,exper2_35
25.458094000000017,25.586525,Calibration,2018,2018-06-30,0.0025160529353942273,exper2_35
26.689959000000044,27.06551,Calibration,2018,2018-07-01,0.00698628073669562,exper2_35
28.13620800000001,27.973146,Calibration,2018,2018-07-02,-0.002906138611518309,exper2_35
28.82411400000001,27.926317,Calibration,2018,2018-07-03,-0.015820087456840815,exper2_35
28.579605000000015,27.869034,Calibration,2018,2018-07-04,-0.012587924199047478,exper2_35
28.181105000000002,28.06397,Calibration,2018,2018-07-05,-0.002082572261229859,exper2_35
27.47049000000004,27.934662,Calibration,2018,2018-07-06,0.008377774441686758,exper2_35
25.88993800000003,25.841219,Calibration,2018,2018-07-07,-0.0009417738653013417,exper2_35
,25.45566,Calibration,2018,2018-07-08,,exper2_35
,25.596764,Calibration,2018,2018-07-09,,exper2_35
,26.354033,Calibration,2018,2018-07-10,,exper2_35
,26.268108,Calibration,2018,2018-07-11,,exper2_35
,26.512655,Calibration,2018,2018-07-12,,exper2_35
,26.658915,Calibration,2018,2018-07-13,,exper2_35
,27.435913,Calibration,2018,2018-07-14,,exper2_35
26.88713800000005,27.304361,Calibration,2018,2018-07-15,0.007699055173580048,exper2_35
27.560354000000018,28.131784,Calibration,2018,2018-07-16,0.010260522492090978,exper2_35
27.20070800000002,27.428835,Calibration,2018,2018-07-17,0.004175889143267963,exper2_35
26.28064500000005,26.444456,Calibration,2018,2018-07-18,0.0031068902106358653,exper2_35
26.108722999999998,25.760569,Calibration,2018,2018-07-19,-0.0067121483706472475,exper2_35
26.167444000000046,25.565517,Calibration,2018,2018-07-20,-0.01163526227527746,exper2_35
25.361542000000043,25.46954,Calibration,2018,2018-07-21,0.0021246378956452745,exper2_35
24.40214500000002,25.15556,Calibration,2018,2018-07-22,0.015202773146805251,exper2_35
24.517105000000015,24.601454,Calibration,2018,2018-07-23,0.001717248698272529,exper2_35
24.62323600000002,24.368984,Calibration,2018,2018-07-24,-0.005189635751016643,exper2_35
24.684874999999977,24.131212,Calibration,2018,2018-07-25,-0.011341809572800983,exper2_35
25.368221000000005,25.090902,Calibration,2018,2018-07-26,-0.005495907443802327,exper2_35
25.565410000000043,26.064566,Calibration,2018,2018-07-27,0.009667942938230789,exper2_35
25.704416000000037,25.864765,Calibration,2018,2018-07-28,0.0031093991334918826,exper2_35
25.72553400000004,25.898993,Calibration,2018,2018-07-29,0.003360002504292417,exper2_35
25.304348000000005,25.55018,Calibration,2018,2018-07-30,0.004834032341760839,exper2_35
25.097590000000025,25.203148,Calibration,2018,2018-07-31,0.0020985355804962395,exper2_35
24.908569999999997,25.711763,Calibration,2018,2018-08-01,0.015867010908392848,exper2_35
25.20183400000002,25.482653,Calibration,2018,2018-08-02,0.0055405249745379605,exper2_35
25.638548000000014,25.23554,Calibration,2018,2018-08-03,-0.007921667448776662,exper2_35
25.954653000000008,26.362791,Calibration,2018,2018-08-04,0.007801185029650076,exper2_35
26.51009799999997,26.557299,Calibration,2018,2018-08-05,0.0008894474432298623,exper2_35
27.144604000000015,27.322483,Calibration,2018,2018-08-06,0.0032658082584665297,exper2_35
27.63584000000003,27.668425,Calibration,2018,2018-08-07,0.0005891879506067319,exper2_35
27.506867999999997,27.68883,Calibration,2018,2018-08-08,0.003296659531374202,exper2_35
27.35863900000004,26.940645,Calibration,2018,2018-08-09,-0.007697961181719817,exper2_35
26.806494000000043,26.908056,Calibration,2018,2018-08-10,0.0018907774274423796,exper2_35
26.27469400000001,26.306223,Calibration,2018,2018-08-11,0.000599626585059025,exper2_35
26.363916000000017,26.174292,Calibration,2018,2018-08-12,-0.0036092664349584823,exper2_35
25.922582999999975,25.944042,Calibration,2018,2018-08-13,0.0004137382319636293,exper2_35
25.369722000000024,25.568579,Calibration,2018,2018-08-14,0.003903874241613823,exper2_35
25.432861000000003,25.210285,Calibration,2018,2018-08-15,-0.0043949839216462575,exper2_35
26.113966000000005,26.016459,Calibration,2018,2018-08-16,-0.001870452611147094,exper2_35
26.369604000000038,26.182768,Calibration,2018,2018-08-17,-0.0035552369059038413,exper2_35
26.36313800000005,26.055063,Calibration,2018,2018-08-18,-0.005877247692336943,exper2_35
25.635035000000016,25.49626,Calibration,2018,2018-08-19,-0.0027140973353432032,exper2_35
24.942541000000006,25.140566,Calibration,2018,2018-08-20,0.003953925476263263,exper2_35
24.324193999999977,24.56665,Calibration,2018,2018-08-21,0.004959136902767725,exper2_35
24.040894999999978,24.82245,Calibration,2018,2018-08-22,0.015994722170897094,exper2_35
23.71209699999997,23.959911,Calibration,2018,2018-08-23,0.005198319832357233,exper2_35
23.529570000000035,23.645939,Calibration,2018,2018-08-24,0.002466722163051515,exper2_35
23.60777900000005,23.432028,Calibration,2018,2018-08-25,-0.003736222470304102,exper2_35
23.63862400000005,23.331072,Calibration,2018,2018-08-26,-0.006547884562010315,exper2_35
24.11602800000003,24.181574,Calibration,2018,2018-08-27,0.0013571246865887437,exper2_35
25.64425,25.356838,Calibration,2018,2018-08-28,-0.005635404727174539,exper2_35
26.68662500000005,26.627455,Calibration,2018,2018-08-29,-0.0011098427015629807,exper2_35
26.556965000000048,26.436365,Calibration,2018,2018-08-30,-0.0022757556874849704,exper2_35
25.11625700000002,25.109886,Calibration,2018,2018-08-31,-0.00012684291813794068,exper2_35
24.059410000000014,24.598719,Calibration,2018,2018-09-01,0.01108362894806804,exper2_35
24.02124200000003,24.492481,Calibration,2018,2018-09-02,0.009713524345243559,exper2_35
24.68937500000004,24.812435,Calibration,2018,2018-09-03,0.002485972730556383,exper2_35
25.371298000000024,25.550364,Calibration,2018,2018-09-04,0.0035164905313713373,exper2_35
25.53781300000003,26.329803,Calibration,2018,2018-09-05,0.015269459457498689,exper2_35
26.479985999999997,26.198141,Calibration,2018,2018-09-06,-0.005350321233955112,exper2_35
25.822771000000046,25.446125,Calibration,2018,2018-09-07,-0.007346480978608753,exper2_35
24.22499300000004,24.041845,Calibration,2018,2018-09-08,-0.0037944826036512167,exper2_35
22.497825999999975,21.976059,Calibration,2018,2018-09-09,-0.011731986996611057,exper2_35
20.448423000000048,20.619596,Calibration,2018,2018-09-10,0.004168048118342781,exper2_35
19.780624000000046,19.957918,Calibration,2018,2018-09-11,0.0044615166396549935,exper2_35
20.102097000000015,19.964956,Calibration,2018,2018-09-12,-0.003422780194492549,exper2_35
20.61015900000001,20.561003,Calibration,2018,2018-09-13,-0.0011939490315467478,exper2_35
21.003499999999974,20.914682,Calibration,2018,2018-09-14,-0.002118832607567651,exper2_35
21.450459000000023,21.320955,Calibration,2018,2018-09-15,-0.0030278101788640565,exper2_35
21.815179999999998,21.903887,Calibration,2018,2018-09-16,0.002029018493459774,exper2_35
22.410312999999974,21.928818,Calibration,2018,2018-09-17,-0.010859375067634618,exper2_35
22.460020000000043,22.025278,Calibration,2018,2018-09-18,-0.009772709798995905,exper2_35
22.401755999999978,22.31621,Calibration,2018,2018-09-19,-0.0019130165111932412,exper2_35
21.67998,21.631388,Calibration,2018,2018-09-20,-0.0011219292300679567,exper2_35
20.773889999999994,20.970768,Calibration,2018,2018-09-21,0.004716243572342075,exper2_35
20.18789000000004,20.894934,Calibration,2018,2018-09-22,0.017210202144693872,exper2_35
19.601534000000015,20.137478,Calibration,2018,2018-09-23,0.013486592883712378,exper2_35
19.202612000000045,19.02558,Calibration,2018,2018-09-24,-0.0046309422643050725,exper2_35
18.53214600000001,18.254553,Calibration,2018,2018-09-25,-0.007546019826674247,exper2_35
18.818249999999978,18.609972,Calibration,2018,2018-09-26,-0.005564731337684922,exper2_35
18.94597200000004,18.667276,Calibration,2018,2018-09-27,-0.007409506744007125,exper2_35
18.566930000000013,18.455063,Calibration,2018,2018-09-28,-0.0030216399801420283,exper2_35
18.33069400000005,18.005507,Calibration,2018,2018-09-29,-0.008949408025156034,exper2_35
17.937702,17.811289,Calibration,2018,2018-09-30,-0.003536132445533518,exper2_35
17.94416000000001,17.957567,Calibration,2018,2018-10-01,0.0003734420599190747,exper2_35
18.69550700000002,18.420776,Calibration,2018,2018-10-02,-0.007401889626033917,exper2_35
18.685339999999997,18.73443,Calibration,2018,2018-10-03,0.0013118817325598556,exper2_35
18.326958000000047,18.743645,Calibration,2018,2018-10-04,0.01124035445461102,exper2_35
18.100306000000046,18.546734,Calibration,2018,2018-10-05,0.012181825816023822,exper2_35
18.250868000000025,18.027922,Calibration,2018,2018-10-06,-0.006145362768479151,exper2_35
18.53061100000002,18.471708,Calibration,2018,2018-10-07,-0.001591865142197825,exper2_35
18.687742000000014,18.465189,Calibration,2018,2018-10-08,-0.005990187423346617,exper2_35
18.87316000000004,18.414349,Calibration,2018,2018-10-09,-0.01230469438435156,exper2_35
19.315521000000047,18.968952,Calibration,2018,2018-10-10,-0.00905246415237278,exper2_35
19.462131999999997,19.269138,Calibration,2018,2018-10-11,-0.004982890107739821,exper2_35
18.186874000000046,18.277765,Calibration,2018,2018-10-12,0.002492586677320944,exper2_35
17.034708000000023,17.309248,Calibration,2018,2018-10-13,0.007993836552090896,exper2_35
16.27749300000005,16.446344,Calibration,2018,2018-10-14,0.00515988921690919,exper2_35
15.674160000000029,15.817567,Calibration,2018,2018-10-15,0.004553795103950586,exper2_35
15.05413900000002,14.915618,Calibration,2018,2018-10-16,-0.004622028048285324,exper2_35
14.299146000000007,14.306828,Calibration,2018,2018-10-17,0.0002685294088620951,exper2_35
13.106576000000018,12.973427,Calibration,2018,2018-10-18,-0.00510541283592718,exper2_35
12.573360999999977,12.592538,Calibration,2018,2018-10-19,0.0007620184772797324,exper2_35
12.331375000000037,12.594347,Calibration,2018,2018-10-20,0.010550225992279992,exper2_35
11.786604000000011,11.657177,Calibration,2018,2018-10-21,-0.005520740392608222,exper2_35
11.052597000000048,11.174326,Calibration,2018,2018-10-22,0.005476643946862169,exper2_35
10.939472000000023,11.011886,Calibration,2018,2018-10-23,0.0032988229786516943,exper2_35
10.465618000000006,10.709255,Calibration,2018,2018-10-24,0.01150595878387245,exper2_35
9.914708000000019,9.934201,Calibration,2018,2018-10-25,0.0009820811966694324,exper2_35
9.569159500000012,9.765778,Calibration,2018,2018-10-26,0.01016905754577054,exper2_35
9.214674000000002,9.611917,Calibration,2018,2018-10-27,0.02110007869804647,exper2_35
8.966368000000045,9.171308,Calibration,2018,2018-10-28,0.01129910848063279,exper2_35
8.89450000000005,8.825775,Calibration,2018,2018-10-29,-0.0038783175175081857,exper2_35
8.715584000000035,8.772795,Calibration,2018,2018-10-30,0.0032713566200276043,exper2_35
8.755417000000023,8.901695,Calibration,2018,2018-10-31,0.008284381351921551,exper2_35
9.20224300000001,9.543867,Calibration,2018,2018-11-01,0.018223733306774317,exper2_35
10.01469400000002,9.780519,Calibration,2018,2018-11-02,-0.01182990421671505,exper2_35
10.267875000000004,9.826898,Calibration,2018,2018-11-03,-0.021944880251144477,exper2_35
9.600607000000025,9.452015,Calibration,2018,2018-11-04,-0.007799035613266301,exper2_35
9.200388999999973,9.194488,Calibration,2018,2018-11-05,-0.00032081912921004335,exper2_35
9.055506999999977,8.917589,Calibration,2018,2018-11-06,-0.007673570037025123,exper2_35
8.950702000000035,9.177769,Calibration,2018,2018-11-07,0.012525419873626055,exper2_35
8.769563000000005,9.009596,Calibration,2018,2018-11-08,0.013500800162350767,exper2_35
8.401207999999997,8.316055,Calibration,2018,2018-11-09,-0.005093698689269188,exper2_35
7.964764000000002,7.7215514,Calibration,2018,2018-11-10,-0.015504761647961825,exper2_35
7.3784722999999985,7.411173,Calibration,2018,2018-11-11,0.0022110447176008075,exper2_35
7.159930700000018,6.826545,Calibration,2018,2018-11-12,-0.023836308100367482,exper2_35
6.9161596000000145,6.7914314,Calibration,2018,2018-11-13,-0.009099204430039164,exper2_35
6.3170623999999975,6.2679234,Calibration,2018,2018-11-14,-0.0039045769183755504,exper2_35
5.728750000000048,5.43202,Calibration,2018,2018-11-15,-0.026586858042977893,exper2_35
4.864145800000017,4.9027615,Calibration,2018,2018-11-16,0.003953724380212495,exper2_35
4.631875000000036,4.8866,Calibration,2018,2018-11-17,0.026761116363490635,exper2_35
4.532388700000013,4.400715,Calibration,2018,2018-11-18,-0.01473998646021859,exper2_35
4.4958544000000416,4.255079,Calibration,2018,2018-11-19,-0.02751427786380479,exper2_35
4.430236300000047,4.1746964,Calibration,2018,2018-11-20,-0.02969690317098997,exper2_35
4.201493300000038,4.0885067,Calibration,2018,2018-11-21,-0.013629264343860777,exper2_35
3.382166600000005,3.5490432,Calibration,2018,2018-11-22,0.024076111370135708,exper2_35
2.8466666000000487,3.2257805,Calibration,2018,2018-11-23,0.06243181399938893,exper2_35
3.1575348000000076,3.4752963,Calibration,2018,2018-11-24,0.04790736506076748,exper2_35
3.2193472000000156,3.254449,Calibration,2018,2018-11-25,0.005422118675705723,exper2_35
3.2887291999999775,3.3171477,Calibration,2018,2018-11-26,0.004302007451017798,exper2_35
3.1556528000000412,3.1536326,Calibration,2018,2018-11-27,-0.0003201882654321069,exper2_35
2.8631458000000407,2.912892,Calibration,2018,2018-11-28,0.008612530601232845,exper2_35
2.7273680000000127,2.8219833,Calibration,2018,2018-11-29,0.01704980125598254,exper2_35
2.5404930000000263,2.6973562,Calibration,2018,2018-11-30,0.029948022050631073,exper2_35
2.5352637999999956,2.5358126,Calibration,2018,2018-12-01,0.00010822482313650163,exper2_35
2.666020900000035,2.4561257,Calibration,2018,2018-12-02,-0.040977968549076704,exper2_35
2.8329582000000073,2.8745468,Calibration,2018,2018-12-03,0.007286645658097197,exper2_35
2.77874300000002,2.7400565,Calibration,2018,2018-12-04,-0.007009945760251489,exper2_35
2.5813265000000456,2.6540534,Calibration,2018,2018-12-05,0.013891436787853508,exper2_35
2.7847361999999976,2.6410763,Calibration,2018,2018-12-06,-0.02647711710118078,exper2_35
2.8767291999999998,2.844941,Calibration,2018,2018-12-07,-0.00555577281411739,exper2_35
2.9312985000000253,2.9044936,Calibration,2018,2018-12-08,-0.004593194779601011,exper2_35
2.9865070000000173,2.9062266,Calibration,2018,2018-12-09,-0.013623620206456485,exper2_35
3.062923699999999,3.0385284,Calibration,2018,2018-12-10,-0.003998270747340368,exper2_35
3.1536112000000003,3.3109052,Calibration,2018,2018-12-11,0.02433190790317871,exper2_35
3.2039237000000185,3.3974402,Calibration,2018,2018-12-12,0.029314623183812217,exper2_35
3.212840300000039,3.223754,Calibration,2018,2018-12-13,0.0016955596002524208,exper2_35
3.2222222999999985,3.076554,Calibration,2018,2018-12-14,-0.023126434674386204,exper2_35
3.2476597000000424,2.9471004,Calibration,2018,2018-12-15,-0.04851831131127963,exper2_35
3.257465400000001,3.3151553,Calibration,2018,2018-12-16,0.008777300658597918,exper2_35
3.2784860000000435,2.9549425,Calibration,2018,2018-12-17,-0.05190458781986715,exper2_35
3.326062400000012,2.982787,Calibration,2018,2018-12-18,-0.05441174613099932,exper2_35
3.4264376000000425,2.9755538,Calibration,2018,2018-12-19,-0.07042868762051131,exper2_35
3.503639000000021,3.1960618,Calibration,2018,2018-12-20,-0.04590908718327888,exper2_35
3.532132000000047,3.8670416,Calibration,2018,2018-12-21,0.04526310727192715,exper2_35
3.5414096999999742,4.1206746,Calibration,2018,2018-12-22,0.07560147953103621,exper2_35
3.5980694000000426,3.9357486,Calibration,2018,2018-12-23,0.04482178599794833,exper2_35
3.5958264000000213,3.6725643,Calibration,2018,2018-12-24,0.010557752275042779,exper2_35
3.5622640000000274,3.6312525,Calibration,2018,2018-12-25,0.00959037585799634,exper2_35
3.565576299999975,3.4921834,Calibration,2018,2018-12-26,-0.010398887996750168,exper2_35
3.5988402000000406,3.4122097,Calibration,2018,2018-12-27,-0.026619472422807794,exper2_35
3.6455486000000406,3.3294494,Calibration,2018,2018-12-28,-0.04531889243609378,exper2_35
3.667680500000017,3.6398783,Calibration,2018,2018-12-29,-0.003804584794096768,exper2_35
3.6025624000000107,3.4540572,Calibration,2018,2018-12-30,-0.021044804938252247,exper2_35
3.5785208000000353,3.4286005,Calibration,2018,2018-12-31,-0.021395412298464415,exper2_35
3.5662153000000103,3.521231,Calibration,2019,2019-01-01,-0.006347048351602509,exper2_35
3.57690980000001,3.3304355,Calibration,2019,2019-01-02,-0.035682925107901504,exper2_35
3.647062500000004,3.3369536,Calibration,2019,2019-01-03,-0.044402655119949036,exper2_35
3.632763900000043,3.390592,Calibration,2019,2019-01-04,-0.03448092362465737,exper2_35
3.664631799999995,3.8320446,Calibration,2019,2019-01-05,0.02233160302987969,exper2_35
3.6645070000000146,3.4662373,Calibration,2019,2019-01-06,-0.027804908559376673,exper2_35
3.2187430000000177,3.082067,Calibration,2019,2019-01-07,-0.021691812153640844,exper2_35
3.376756999999998,3.2237742,Calibration,2019,2019-01-08,-0.02317734751485261,exper2_35
3.4417362000000367,3.4891315,Calibration,2019,2019-01-09,0.00683828534059128,exper2_35
3.2424166000000127,3.403186,Calibration,2019,2019-01-10,0.02419185896488905,exper2_35
2.8410416000000396,3.087847,Calibration,2019,2019-01-11,0.041627598574393306,exper2_35
2.2455764000000045,3.1904519,Calibration,2019,2019-01-12,0.17381724582010954,exper2_35
2.4825069999999982,2.8035457,Calibration,2019,2019-01-13,0.06073316533703136,exper2_35
2.6595416000000114,3.0625694,Calibration,2019,2019-01-14,0.070433408444681,exper2_35
2.8415556000000493,3.1073034,Calibration,2019,2019-01-15,0.04467205926656098,exper2_35
2.9270208000000366,3.1269925,Calibration,2019,2019-01-16,0.03303125634898653,exper2_35
3.0109030000000416,3.268616,Calibration,2019,2019-01-17,0.041040239335573964,exper2_35
3.059201499999972,3.2785656,Calibration,2019,2019-01-18,0.03461221281748159,exper2_35
3.067236200000025,3.4736211,Calibration,2019,2019-01-19,0.06213022383569438,exper2_35
3.0651457000000164,3.5207407,Calibration,2019,2019-01-20,0.0691774829534214,exper2_35
3.063993000000039,3.097193,Calibration,2019,2019-01-21,0.005388573350360291,exper2_35
3.0659512999999947,2.8074324,Calibration,2019,2019-01-22,-0.044015323964301065,exper2_35
3.066527800000017,3.1781166,Calibration,2019,2019-01-23,0.017869514026672077,exper2_35
2.997430599999973,3.2615943,Calibration,2019,2019-01-24,0.042205247608391644,exper2_35
3.0126874000000043,3.0028389,Calibration,2019,2019-01-25,-0.001637188430290211,exper2_35
3.140541600000006,3.3298728,Calibration,2019,2019-01-26,0.029261069467161532,exper2_35
3.201701400000047,3.356212,Calibration,2019,2019-01-27,0.02356092458469343,exper2_35
3.2619097000000465,3.3545117,Calibration,2019,2019-01-28,0.013995788916055076,exper2_35
3.226916600000038,3.4959028,Calibration,2019,2019-01-29,0.04001091828372312,exper2_35
3.2152987000000053,3.1652422,Calibration,2019,2019-01-30,-0.007845182045431524,exper2_35
3.230263999999977,3.4409404,Calibration,2019,2019-01-31,0.03157996189189064,exper2_35
3.218701400000043,3.290699,Calibration,2019,2019-02-01,0.011060558676065242,exper2_35
3.218722000000014,3.2308865,Calibration,2019,2019-02-02,0.001886077182396419,exper2_35
3.2215347000000065,3.4855354,Calibration,2019,2019-02-03,0.039361551310577586,exper2_35
3.2971180000000118,3.4829674,Calibration,2019,2019-02-04,0.02741106732186646,exper2_35
3.3915280000000507,3.5947669,Calibration,2019,2019-02-05,0.02909107895544697,exper2_35
3.4485140000000456,3.65224,Calibration,2019,2019-02-06,0.028690761126233217,exper2_35
3.5398126000000047,3.8256934,Calibration,2019,2019-02-07,0.0388134596751915,exper2_35
3.5884513999999967,4.1850452,Calibration,2019,2019-02-08,0.07674716665630679,exper2_35
3.6892291999999998,3.7763054,Calibration,2019,2019-02-09,0.01166376439477316,exper2_35
3.8444097000000284,4.0594277,Calibration,2019,2019-02-10,0.027204258674494712,exper2_35
3.8943958000000407,3.8229554,Calibration,2019,2019-02-11,-0.009257117951154277,exper2_35
3.913569500000051,4.086164,Calibration,2019,2019-02-12,0.021575030930816953,exper2_35
3.899639000000036,3.9268706,Calibration,2019,2019-02-13,0.0034794034548749123,exper2_35
3.8715625000000387,3.8459322,Calibration,2019,2019-02-14,-0.0033210589176341137,exper2_35
3.85684040000001,4.25953,Calibration,2019,2019-02-15,0.049614500602097246,exper2_35
3.926826500000004,3.9467058,Calibration,2019,2019-02-16,0.0025248284217203685,exper2_35
4.069541500000014,4.10778,Calibration,2019,2019-02-17,0.004676161968279648,exper2_35
3.990513799999974,4.0338607,Calibration,2019,2019-02-18,0.00540190185922126,exper2_35
3.965666800000008,3.8588645,Calibration,2019,2019-02-19,-0.0136496678788169,exper2_35
3.9438054999999963,4.1774564,Calibration,2019,2019-02-20,0.02877026777609108,exper2_35
3.937847099999999,4.0134916,Calibration,2019,2019-02-21,0.009513433286840723,exper2_35
3.9455484999999726,4.125765,Calibration,2019,2019-02-22,0.02232800773038953,exper2_35
3.971298699999977,4.2337694,Calibration,2019,2019-02-23,0.03198885287392099,exper2_35
3.957638999999972,4.3782797,Calibration,2019,2019-02-24,0.05046122710888647,exper2_35
4.016903000000013,3.8023636,Calibration,2019,2019-02-25,-0.027437274610210165,exper2_35
4.140521000000035,3.8954017,Calibration,2019,2019-02-26,-0.030502941905178035,exper2_35
4.050034500000038,4.247066,Calibration,2019,2019-02-27,0.023747033131353186,exper2_35
4.0133122999999955,3.7906034,Calibration,2019,2019-02-28,-0.0285380966818879,exper2_35
4.003499999999974,3.9814968,Calibration,2019,2019-03-01,-0.002755566421368695,exper2_35
4.001111000000037,4.014759,Calibration,2019,2019-03-02,0.0017026303585478673,exper2_35
3.976930600000003,4.075464,Calibration,2019,2019-03-03,0.012236505972048433,exper2_35
3.964868000000024,4.0177145,Calibration,2019,2019-03-04,0.006620226026401034,exper2_35
3.9633124000000066,3.9613097,Calibration,2019,2019-03-05,-0.00025272228504832244,exper2_35
3.9605417000000216,3.9454057,Calibration,2019,2019-03-06,-0.0019145053120535782,exper2_35
3.939993100000038,3.8281686,Calibration,2019,2019-03-07,-0.014395229306255055,exper2_35
3.796909800000037,3.7430353,Calibration,2019,2019-03-08,-0.007145208977063981,exper2_35
3.905680700000005,3.930424,Calibration,2019,2019-03-09,0.0031575988347639994,exper2_35
3.898007199999995,3.8662674,Calibration,2019,2019-03-10,-0.004087923052358345,exper2_35
3.9455626000000166,3.7899032,Calibration,2019,2019-03-11,-0.020122826580958927,exper2_35
3.980284700000027,3.8786237,Calibration,2019,2019-03-12,-0.012935762898828761,exper2_35
4.0419445,3.8935716,Calibration,2019,2019-03-13,-0.01869732007680341,exper2_35
4.147041999999999,4.088039,Calibration,2019,2019-03-14,-0.007164845033979444,exper2_35
4.258278000000018,4.4968615,Calibration,2019,2019-03-15,0.027250674757837188,exper2_35
4.406680600000016,4.2619486,Calibration,2019,2019-03-16,-0.016696067093478078,exper2_35
4.4941597000000115,4.172144,Calibration,2019,2019-03-17,-0.03715722150551966,exper2_35
4.441528000000005,4.1944485,Calibration,2019,2019-03-18,-0.028610491211780123,exper2_35
4.438312499999995,4.191031,Calibration,2019,2019-03-19,-0.028655890386191048,exper2_35
4.51409000000001,4.2651596,Calibration,2019,2019-03-20,-0.02835440432970697,exper2_35
4.279576299999974,4.223547,Calibration,2019,2019-03-21,-0.006589263301438802,exper2_35
3.9375693999999726,4.165707,Calibration,2019,2019-03-22,0.028153761140803014,exper2_35
3.7035624999999754,4.11264,Calibration,2019,2019-03-23,0.05233710475713007,exper2_35
3.7483332000000473,4.0957246,Calibration,2019,2019-03-24,0.04428720342161083,exper2_35
4.0643334000000095,4.159058,Calibration,2019,2019-03-25,0.011518932802053523,exper2_35
4.131214999999997,4.2506957,Calibration,2019,2019-03-26,0.014254590583582478,exper2_35
4.383013700000049,4.483039,Calibration,2019,2019-03-27,0.011281819178121278,exper2_35
4.7527847000000065,4.948195,Calibration,2019,2019-03-28,0.020143355316131886,exper2_35
5.204124999999976,5.191666,Calibration,2019,2019-03-29,-0.0011984536431570664,exper2_35
5.852451300000041,5.3245373,Calibration,2019,2019-03-30,-0.047232223521658616,exper2_35
6.214750000000038,6.4710727,Calibration,2019,2019-03-31,0.020205443540291627,exper2_35
5.561992999999973,5.311544,Calibration,2019,2019-04-01,-0.02303289719340134,exper2_35
5.629312500000026,5.689205,Calibration,2019,2019-04-02,0.005291564798998419,exper2_35
5.903993000000014,6.0216217,Calibration,2019,2019-04-03,0.00986353383202062,exper2_35
6.242694400000005,6.186697,Calibration,2019,2019-04-04,-0.004505240195941625,exper2_35
6.196978999999999,6.2966027,Calibration,2019,2019-04-05,0.007973992420082508,exper2_35
6.4397220000000175,6.2369876,Calibration,2019,2019-04-06,-0.015992668109831753,exper2_35
7.577360999999996,6.8373737,Calibration,2019,2019-04-07,-0.051335475827987136,exper2_35
8.797964999999976,8.655574,Calibration,2019,2019-04-08,-0.00815829708551267,exper2_35
9.867598000000044,9.165899,Calibration,2019,2019-04-09,-0.036866515547008906,exper2_35
9.17168700000002,9.192032,Calibration,2019,2019-04-10,0.0011078834579344612,exper2_35
8.847139000000027,8.915641,Calibration,2019,2019-04-11,0.0038564814542202926,exper2_35
9.152791999999977,9.8344,Calibration,2019,2019-04-12,0.03589831348668648,exper2_35
10.763896000000045,10.51062,Calibration,2019,2019-04-13,-0.011905130129278251,exper2_35
12.013832999999977,11.869349,Calibration,2019,2019-04-14,-0.006049632618740686,exper2_35
12.013424000000043,12.236066,Calibration,2019,2019-04-15,0.009181300959584415,exper2_35
10.243132000000003,10.765976,Calibration,2019,2019-04-16,0.02488653746457462,exper2_35
10.942326999999977,11.358981,Calibration,2019,2019-04-17,0.01868294586271442,exper2_35
11.515361000000041,11.872813,Calibration,2019,2019-04-18,0.015283459980964384,exper2_35
12.078854999999976,12.425932,Calibration,2019,2019-04-19,0.014163637966973338,exper2_35
13.301257000000021,13.31295,Calibration,2019,2019-04-20,0.00043935685246331366,exper2_35
13.627063000000021,13.523842,Calibration,2019,2019-04-21,-0.0038017569812150184,exper2_35
13.524500000000046,13.785204,Calibration,2019,2019-04-22,0.009546201392315936,exper2_35
14.209798999999975,14.300178,Calibration,2019,2019-04-23,0.003170068341608576,exper2_35
14.571465500000045,14.590282,Calibration,2019,2019-04-24,0.0006452610530787787,exper2_35
14.665422999999976,14.642626,Calibration,2019,2019-04-25,-0.0007778474586604278,exper2_35
14.721222000000012,14.763349,Calibration,2019,2019-04-26,0.0014287669305975805,exper2_35
13.296722000000045,13.600588,Calibration,2019,2019-04-27,0.011297257852230281,exper2_35
12.184840000000008,12.7852335,Calibration,2019,2019-04-28,0.024044522643349657,exper2_35
11.934028000000012,11.973656,Calibration,2019,2019-04-29,0.0016575299045991888,exper2_35
12.526589999999999,12.406005,Calibration,2019,2019-04-30,-0.004836443810016107,exper2_35
12.407493000000045,12.406833,Calibration,2019,2019-05-01,-2.6609830177798967e-05,exper2_35
13.030048000000022,13.419067,Calibration,2019,2019-05-02,0.014708219053151212,exper2_35
14.109931000000017,14.351052,Calibration,2019,2019-05-03,0.008471994162415945,exper2_35
15.151611000000003,14.929417,Calibration,2019,2019-05-04,-0.007386527682603716,exper2_35
15.413388999999995,15.248583,Calibration,2019,2019-05-05,-0.005374936774919383,exper2_35
15.633327000000008,15.207629,Calibration,2019,2019-05-06,-0.013803002520110581,exper2_35
16.550362000000007,16.168486,Calibration,2019,2019-05-07,-0.011671448906299158,exper2_35
17.27799200000004,16.637754,Calibration,2019,2019-05-08,-0.01887729526517286,exper2_35
16.81696500000004,16.162474,Calibration,2019,2019-05-09,-0.01984543544812011,exper2_35
15.820181000000048,16.198437,Calibration,2019,2019-05-10,0.011813618569257578,exper2_35
16.469250000000045,16.037264,Calibration,2019,2019-05-11,-0.013289217400709449,exper2_35
15.652687000000014,15.061528,Calibration,2019,2019-05-12,-0.01924707469053031,exper2_35
13.660235999999998,13.52983,Calibration,2019,2019-05-13,-0.004796090644212428,exper2_35
12.950882000000036,13.185124,Calibration,2019,2019-05-14,0.008962440310015897,exper2_35
12.926535000000001,13.022121,Calibration,2019,2019-05-15,0.003683675480588597,exper2_35
14.022604000000001,14.359794,Calibration,2019,2019-05-16,0.011880238837755915,exper2_35
15.116895999999997,15.439675,Calibration,2019,2019-05-17,0.010563336037215662,exper2_35
16.384861,16.449053,Calibration,2019,2019-05-18,0.0019550459637280963,exper2_35
18.430695000000014,17.792196,Calibration,2019,2019-05-19,-0.01762693986435212,exper2_35
20.251041000000043,19.334639,Calibration,2019,2019-05-20,-0.023149846454102195,exper2_35
18.65900000000005,18.889368,Calibration,2019,2019-05-21,0.006135234876244938,exper2_35
18.12095000000005,18.977667,Calibration,2019,2019-05-22,0.023092959454798438,exper2_35
18.976646000000017,18.792398,Calibration,2019,2019-05-23,-0.004878268696251575,exper2_35
19.01081300000004,19.508574,Calibration,2019,2019-05-24,0.012922337994391086,exper2_35
19.031263000000024,19.571959,Calibration,2019,2019-05-25,0.014006487548808318,exper2_35
19.984339999999975,20.382488,Calibration,2019,2019-05-26,0.009863253269724589,exper2_35
20.94470800000005,20.950022,Calibration,2019,2019-05-27,0.0001268356140942858,exper2_35
20.85873600000002,20.411016,Calibration,2019,2019-05-28,-0.010848612095617511,exper2_35
20.766076999999996,20.36582,Calibration,2019,2019-05-29,-0.009731062723435076,exper2_35
21.241499999999974,20.73247,Calibration,2019,2019-05-30,-0.012127288570410047,exper2_35
21.746249999999975,21.171616,Calibration,2019,2019-05-31,-0.013389165359756209,exper2_35
22.40539000000001,21.93083,Calibration,2019,2019-06-01,-0.010703663915177195,exper2_35
22.47972900000002,21.841059,Calibration,2019,2019-06-02,-0.01441017413309789,exper2_35
21.287603000000047,21.101475,Calibration,2019,2019-06-03,-0.0043909480428511475,exper2_35
20.56737499999997,20.713425,Calibration,2019,2019-06-04,0.0035379567193490505,exper2_35
20.623812000000044,21.041174,Calibration,2019,2019-06-05,0.010017090503479978,exper2_35
21.37400600000001,21.961067,Calibration,2019,2019-06-06,0.013547022223813654,exper2_35
21.56789600000002,22.517946,Calibration,2019,2019-06-07,0.02155000777898935,exper2_35
22.305200000000013,22.413164,Calibration,2019,2019-06-08,0.0024143132440811064,exper2_35
22.78352700000005,22.472044,Calibration,2019,2019-06-09,-0.006882755030811892,exper2_35
21.89223000000004,21.503664,Calibration,2019,2019-06-10,-0.008953980372582352,exper2_35
21.148104000000046,20.780344,Calibration,2019,2019-06-11,-0.008771132919543987,exper2_35
21.258883000000026,21.169333,Calibration,2019,2019-06-12,-0.0021106354500944574,exper2_35
20.70393800000005,20.507324,Calibration,2019,2019-06-13,-0.004770875014854469,exper2_35
19.85590400000001,19.717709,Calibration,2019,2019-06-14,-0.0034921101036063857,exper2_35
19.81064600000002,20.097092,Calibration,2019,2019-06-15,0.007177697646978168,exper2_35
20.016715999999974,20.354826,Calibration,2019,2019-06-16,0.008374958126013984,exper2_35
20.139881000000003,20.547014,Calibration,2019,2019-06-17,0.010006495557946972,exper2_35
20.47580000000005,20.90168,Calibration,2019,2019-06-18,0.010292555098839183,exper2_35
20.748827000000006,20.75136,Calibration,2019,2019-06-19,6.103441362511504e-05,exper2_35
21.443014000000005,21.16986,Calibration,2019,2019-06-20,-0.006410108709700392,exper2_35
21.510340000000042,22.155706,Calibration,2019,2019-06-21,0.014779593271266578,exper2_35
21.028520000000015,21.750895,Calibration,2019,2019-06-22,0.016886031615122393,exper2_35
21.586640000000045,21.389893,Calibration,2019,2019-06-23,-0.004578019911620076,exper2_35
22.098554999999976,22.361906,Calibration,2019,2019-06-24,0.005923264073440759,exper2_35
23.50208299999997,23.400154,Calibration,2019,2019-06-25,-0.002173220138374063,exper2_35
24.465472999999974,24.1793,Calibration,2019,2019-06-26,-0.005882907295284563,exper2_35
25.575445000000002,24.542976,Calibration,2019,2019-06-27,-0.020600581426731754,exper2_35
25.628512999999998,25.427618,Calibration,2019,2019-06-28,-0.003934786463968636,exper2_35
26.54889000000003,25.828669,Calibration,2019,2019-06-29,-0.013750572286452942,exper2_35
25.56687500000004,25.443066,Calibration,2019,2019-06-30,-0.002427161355768566,exper2_35
25.08921399999997,24.989393,Calibration,2019,2019-07-01,-0.001993281587886585,exper2_35
24.988230000000044,25.505655,Calibration,2019,2019-07-02,0.010247286096878682,exper2_35
25.033562000000018,26.194895,Calibration,2019,2019-07-03,0.02266968133346876,exper2_35
25.99805600000002,26.483873,Calibration,2019,2019-07-04,0.009256850370523172,exper2_35
27.025361999999973,26.428844,Calibration,2019,2019-07-05,-0.011159412657868115,exper2_35
27.44207,26.814726,Calibration,2019,2019-07-06,-0.011562498559276171,exper2_35
,26.520695,Calibration,2019,2019-07-07,,exper2_35
,26.141363,Calibration,2019,2019-07-08,,exper2_35
,25.833048,Calibration,2019,2019-07-09,,exper2_35
,26.252596,Calibration,2019,2019-07-10,,exper2_35
,26.325783,Calibration,2019,2019-07-11,,exper2_35
26.22758300000004,26.50594,Calibration,2019,2019-07-12,0.005278549024083932,exper2_35
26.36361100000005,26.396582,Calibration,2019,2019-07-13,0.0006249152651712727,exper2_35
26.50154900000001,26.503223,Calibration,2019,2019-07-14,3.1589970355869006e-05,exper2_35
26.49741700000004,26.334476,Calibration,2019,2019-07-15,-0.003084131920094403,exper2_35
26.912555999999995,26.925943,Calibration,2019,2019-07-16,0.000248658019619721,exper2_35
27.328561999999977,27.894506,Calibration,2019,2019-07-17,0.010248334080429205,exper2_35
26.955512999999996,27.038706,Calibration,2019,2019-07-18,0.0015407728385526177,exper2_35
27.596382000000006,27.094368,Calibration,2019,2019-07-19,-0.009179139419696608,exper2_35
28.616679999999974,28.359571,Calibration,2019,2019-07-20,-0.00451255631103152,exper2_35
28.942103999999972,28.970097,Calibration,2019,2019-07-21,0.0004833625358820983,exper2_35
27.99963200000002,27.61999,Calibration,2019,2019-07-22,-0.00682569559690638,exper2_35
26.496792000000028,26.454155,Calibration,2019,2019-07-23,-0.0008052175490622501,exper2_35
26.12905500000005,25.86119,Calibration,2019,2019-07-24,-0.005152201148522846,exper2_35
26.035841000000005,25.809704,Calibration,2019,2019-07-25,-0.004361747452952954,exper2_35
26.442444000000023,25.917067,Calibration,2019,2019-07-26,-0.01003404004626541,exper2_35
26.769472000000007,26.217733,Calibration,2019,2019-07-27,-0.010412676283479768,exper2_35
26.730465000000038,26.569534,Calibration,2019,2019-07-28,-0.003019337717644545,exper2_35
27.127493000000015,27.216738,Calibration,2019,2019-07-29,0.0016422119876446698,exper2_35
27.71775600000001,27.904978,Calibration,2019,2019-07-30,0.003365922270923739,exper2_35
27.359519999999975,27.364607,Calibration,2019,2019-07-31,9.295456304116745e-05,exper2_35
27.491993000000036,27.49624,Calibration,2019,2019-08-01,7.724590453959047e-05,exper2_35
27.32752000000005,26.934034,Calibration,2019,2019-08-02,-0.007251647270287803,exper2_35
27.576333999999974,26.969646,Calibration,2019,2019-08-03,-0.011122497773337734,exper2_35
27.485506000000044,26.794565,Calibration,2019,2019-08-04,-0.012729180045440387,exper2_35
27.320929999999976,27.013771,Calibration,2019,2019-08-05,-0.005653089773110462,exper2_35
26.786688000000026,26.591589,Calibration,2019,2019-08-06,-0.00365502667116882,exper2_35
26.410292000000027,26.33381,Calibration,2019,2019-08-07,-0.0014500425574878577,exper2_35
26.300396000000035,26.010653,Calibration,2019,2019-08-08,-0.005538857774041976,exper2_35
25.929395999999997,25.88448,Calibration,2019,2019-08-09,-0.0008668812522089044,exper2_35
25.235104000000035,25.400248,Calibration,2019,2019-08-10,0.0032614284036645604,exper2_35
24.789597000000015,25.44869,Calibration,2019,2019-08-11,0.013119344793576716,exper2_35
24.841904,25.28596,Calibration,2019,2019-08-12,0.008858451468696175,exper2_35
25.01884700000005,25.37409,Calibration,2019,2019-08-13,0.007049463962172945,exper2_35
,24.856913,Calibration,2019,2019-08-14,,exper2_35
25.085631999999976,24.856384,Calibration,2019,2019-08-15,-0.004590277680883783,exper2_35
25.04023600000005,24.885195,Calibration,2019,2019-08-16,-0.0031054558596740876,exper2_35
25.332132,24.664446,Calibration,2019,2019-08-17,-0.013354636482649316,exper2_35
25.64654200000001,25.42818,Calibration,2019,2019-08-18,-0.004275330220111105,exper2_35
26.080610000000036,25.952076,Calibration,2019,2019-08-19,-0.002470255751379253,exper2_35
26.528917000000035,26.40969,Calibration,2019,2019-08-20,-0.0022521586398465522,exper2_35
26.744375000000048,26.257454,Calibration,2019,2019-08-21,-0.009186873198133237,exper2_35
26.34871000000004,26.735136,Calibration,2019,2019-08-22,0.007279540971291838,exper2_35
25.41303400000004,25.816338,Calibration,2019,2019-08-23,0.00787250698120472,exper2_35
24.39366000000001,24.915642,Calibration,2019,2019-08-24,0.010585868503014583,exper2_35
23.95438200000001,23.861238,Calibration,2019,2019-08-25,-0.0019479726384699463,exper2_35
23.61277800000005,23.566813,Calibration,2019,2019-08-26,-0.0009742662926757115,exper2_35
23.039319999999975,22.695745,Calibration,2019,2019-08-27,-0.00751227812496892,exper2_35
22.65114600000004,22.560572,Calibration,2019,2019-08-28,-0.0020033375004207595,exper2_35
22.420673000000022,22.382921,Calibration,2019,2019-08-29,-0.0008426060852066642,exper2_35
22.619478000000015,22.633976,Calibration,2019,2019-08-30,0.0003203729525607899,exper2_35
22.744347000000005,22.96211,Calibration,2019,2019-08-31,0.004764392850106617,exper2_35
22.44434700000005,22.415558,Calibration,2019,2019-09-01,-0.0006417565699463426,exper2_35
22.11864700000001,22.325354,Calibration,2019,2019-09-02,0.004650945449140382,exper2_35
22.442409999999995,22.004147,Calibration,2019,2019-09-03,-0.009860458443469715,exper2_35
22.570500000000038,22.423946,Calibration,2019,2019-09-04,-0.0032571490744676165,exper2_35
22.540785000000028,22.683788,Calibration,2019,2019-09-05,0.00316207073117721,exper2_35
21.906605000000013,21.899487,Calibration,2019,2019-09-06,-0.0001624992781011358,exper2_35
21.282515000000046,21.375189,Calibration,2019,2019-09-07,0.0021724992017696583,exper2_35
21.136826000000042,21.072023,Calibration,2019,2019-09-08,-0.0015352848800734085,exper2_35
21.284632000000045,20.901733,Calibration,2019,2019-09-09,-0.009076359101955866,exper2_35
21.291089999999997,20.960474,Calibration,2019,2019-09-10,-0.007824940766832036,exper2_35
22.056069999999977,21.900187,Calibration,2019,2019-09-11,-0.0035463315936937923,exper2_35
22.670202000000018,22.128834,Calibration,2019,2019-09-12,-0.012084372351636829,exper2_35
21.498980000000017,21.338785,Calibration,2019,2019-09-13,-0.003739570163145977,exper2_35
20.586784000000023,20.9289,Calibration,2019,2019-09-14,0.008240639054653534,exper2_35
20.882284000000027,21.103876,Calibration,2019,2019-09-15,0.005277741838988943,exper2_35
21.08169399999997,21.229204,Calibration,2019,2019-09-16,0.003486340026070989,exper2_35
20.812855000000013,21.28369,Calibration,2019,2019-09-17,0.011184635330665719,exper2_35
20.609514000000047,21.033043,Calibration,2019,2019-09-18,0.010170578830050944,exper2_35
20.410187000000008,20.486313,Calibration,2019,2019-09-19,0.0018614274194605526,exper2_35
20.230443999999977,20.26715,Calibration,2019,2019-09-20,0.0009063965160408106,exper2_35
20.528584000000023,20.348225,Calibration,2019,2019-09-21,-0.004412266175090503,exper2_35
20.89425700000004,20.745655,Calibration,2019,2019-09-22,-0.0035687380888826887,exper2_35
21.324847999999974,21.33054,Calibration,2019,2019-09-23,0.00013343457123744717,exper2_35
20.753813000000036,21.14041,Calibration,2019,2019-09-24,0.009227918476943752,exper2_35
20.332818999999972,20.632978,Calibration,2019,2019-09-25,0.007327074244694212,exper2_35
19.929958,20.194561,Calibration,2019,2019-09-26,0.00659454645694526,exper2_35
19.807743000000016,19.962023,Calibration,2019,2019-09-27,0.0038793233588596517,exper2_35
19.93858300000005,20.10275,Calibration,2019,2019-09-28,0.004099957786310736,exper2_35
20.522812000000044,20.501335,Calibration,2019,2019-09-29,-0.0005235174269843242,exper2_35
19.74738100000002,19.776558,Calibration,2019,2019-09-30,0.0007382088718580111,exper2_35
19.604570000000024,19.902588,Calibration,2019,2019-10-01,0.007543389768761253,exper2_35
20.64423000000005,20.655634,Calibration,2019,2019-10-02,0.0002761250354692846,exper2_35
19.73070100000001,19.745153,Calibration,2019,2019-10-03,0.00036610802562091297,exper2_35
18.367700000000013,18.635534,Calibration,2019,2019-10-04,0.007238131792083151,exper2_35
17.40008400000005,17.667469,Calibration,2019,2019-10-05,0.007624855503038324,exper2_35
16.67164600000001,16.975805,Calibration,2019,2019-10-06,0.009039593520419713,exper2_35
16.533270000000016,16.903538,Calibration,2019,2019-10-07,0.011073657300357,exper2_35
16.517520000000047,16.696041,Calibration,2019,2019-10-08,0.0053749462938229445,exper2_35
16.121965000000046,16.208555,Calibration,2019,2019-10-09,0.0026782811091246865,exper2_35
15.995375000000024,16.109606,Calibration,2019,2019-10-10,0.00355803948099629,exper2_35
15.879534999999976,15.719119,Calibration,2019,2019-10-11,-0.0050766696478339625,exper2_35
15.66788200000002,15.45149,Calibration,2019,2019-10-12,-0.006953597745528171,exper2_35
15.372826999999972,15.262365,Calibration,2019,2019-10-13,-0.00360571128730739,exper2_35
15.273562000000027,15.239469,Calibration,2019,2019-10-14,-0.0011173398654333061,exper2_35
15.128674000000046,14.910616,Calibration,2019,2019-10-15,-0.0072590956561509245,exper2_35
14.58562500000005,14.31085,Calibration,2019,2019-10-16,-0.009508940284361334,exper2_35
13.688687000000016,13.594608,Calibration,2019,2019-10-17,-0.0034482159158945136,exper2_35
12.677091000000019,13.06008,Calibration,2019,2019-10-18,0.014880756743444717,exper2_35
12.515035000000012,12.750256,Calibration,2019,2019-10-19,0.009310028868580365,exper2_35
12.179575999999997,12.622023,Calibration,2019,2019-10-20,0.017839439925081635,exper2_35
12.454875000000015,12.436911,Calibration,2019,2019-10-21,-0.000721698756172342,exper2_35
12.414021000000048,12.477841,Calibration,2019,2019-10-22,0.002563905275185849,exper2_35
12.367208500000004,12.511425,Calibration,2019,2019-10-23,0.005796802232100103,exper2_35
12.220479000000012,12.517571,Calibration,2019,2019-10-24,0.012009533648938888,exper2_35
12.205673000000047,12.417731,Calibration,2019,2019-10-25,0.008612062030087703,exper2_35
12.368736000000013,12.388171,Calibration,2019,2019-10-26,0.0007850413555303432,exper2_35
12.329069000000004,12.414799,Calibration,2019,2019-10-27,0.0034646861794185124,exper2_35
12.469257000000027,12.555742,Calibration,2019,2019-10-28,0.003455954698829676,exper2_35
12.689417000000049,12.671117,Calibration,2019,2019-10-29,-0.000721600389212783,exper2_35
12.967354,12.85714,Calibration,2019,2019-10-30,-0.0042678247387364495,exper2_35
13.431111000000044,13.298786,Calibration,2019,2019-10-31,-0.004950443163376551,exper2_35
12.839916000000017,12.680982,Calibration,2019,2019-11-01,-0.006227616528979921,exper2_35
12.028264000000036,11.912895,Calibration,2019,2019-11-02,-0.004818847591582396,exper2_35
11.439733500000045,11.010319,Calibration,2019,2019-11-03,-0.019127560996201397,exper2_35
10.837276999999972,10.538581,Calibration,2019,2019-11-04,-0.013973525975162288,exper2_35
10.561653000000035,10.542399,Calibration,2019,2019-11-05,-0.0009123173690120637,exper2_35
10.250931000000037,10.07284,Calibration,2019,2019-11-06,-0.0087627077360147,exper2_35
9.876764000000037,9.895292,Calibration,2019,2019-11-07,0.0009370943436583768,exper2_35
9.114549000000011,9.33365,Calibration,2019,2019-11-08,0.011876532752390867,exper2_35
8.410277000000008,8.787374,Calibration,2019,2019-11-09,0.02192721278104045,exper2_35
8.017389000000037,8.202946,Calibration,2019,2019-11-10,0.011439758337594986,exper2_35
8.12439500000005,8.1402645,Calibration,2019,2019-11-11,0.0009757050922283568,exper2_35
7.661708400000009,7.420872,Calibration,2019,2019-11-12,-0.015967836986780483,exper2_35
6.595361000000025,6.547036,Calibration,2019,2019-11-13,-0.003677017853891612,exper2_35
6.073284600000022,6.3583894,Calibration,2019,2019-11-14,0.022933739905649463,exper2_35
5.784715000000006,5.9960313,Calibration,2019,2019-11-15,0.01793742766647206,exper2_35
5.467666599999973,5.9926085,Calibration,2019,2019-11-16,0.0458053528792009,exper2_35
5.016659700000048,2.6835153,Validation,2019,2019-11-17,-0.30299887815477755,exper2_35
4.842375000000004,1.6543128,Validation,2019,2019-11-18,-0.4907211528446667,exper2_35
4.832583399999976,1.8056386,Validation,2019,2019-11-19,-0.45598729152273737,exper2_35
4.702396000000022,2.2319407,Validation,2019,2019-11-20,-0.3562641019717122,exper2_35
4.730222000000026,2.920584,Validation,2019,2019-11-21,-0.23652907226561476,exper2_35
4.776340500000003,3.3269098,Validation,2019,2019-11-22,-0.17887028899813687,exper2_35
4.501250000000027,3.9187002,Validation,2019,2019-11-23,-0.0691868439483281,exper2_35
4.328381999999976,3.8043053,Validation,2019,2019-11-24,-0.06444077642263775,exper2_35
4.150347000000011,3.833159,Validation,2019,2019-11-25,-0.039730418104223106,exper2_35
4.234173999999996,3.79576,Validation,2019,2019-11-26,-0.05459747094608248,exper2_35
4.394743000000005,4.161917,Validation,2019,2019-11-27,-0.027209890853543448,exper2_35
4.369395700000041,4.3447046,Validation,2019,2019-11-28,-0.002833461984596108,exper2_35
4.015868000000012,4.08074,Validation,2019,2019-11-29,0.00801224107380223,exper2_35
3.7506250000000136,3.9687204,Validation,2019,2019-11-30,0.028253099683342074,exper2_35
3.2773956999999996,3.797894,Validation,2019,2019-12-01,0.07356565215032736,exper2_35
2.6508958000000007,3.584471,Validation,2019,2019-12-02,0.14972257754242074,exper2_35
2.5949790000000235,3.4248617,Validation,2019,2019-12-03,0.13785791270846665,exper2_35
2.3232846000000222,3.4472525,Validation,2019,2019-12-04,0.19477700085232186,exper2_35
2.293326400000012,3.3447063,Validation,2019,2019-12-05,0.18647992188746534,exper2_35
2.1785347,3.3983839,Validation,2019,2019-12-06,0.21873175008925821,exper2_35
1.9397639000000026,3.2996202,Validation,2019,2019-12-07,0.25954506066897726,exper2_35
1.9901875000000473,3.3523173,Validation,2019,2019-12-08,0.25496089863152,exper2_35
2.2230277000000456,3.4051502,Validation,2019,2019-12-09,0.21003644542323194,exper2_35
2.3614445000000046,3.2771392,Validation,2019,2019-12-10,0.16239799526132356,exper2_35
2.3046875,3.524343,Validation,2019,2019-12-11,0.2092381418974551,exper2_35
1.9568055999999956,3.3243566,Validation,2019,2019-12-12,0.2589488668513807,exper2_35
2.0869791999999734,3.2109451,Validation,2019,2019-12-13,0.21215212968566785,exper2_35
2.1318889000000354,2.9774525,Validation,2019,2019-12-14,0.16549366104521165,exper2_35
2.1509793000000172,3.0546172,Validation,2019,2019-12-15,0.1735896880081029,exper2_35
1.6945903000000158,3.0627844,Validation,2019,2019-12-16,0.2875943582432765,exper2_35
1.4493680000000495,2.869427,Validation,2019,2019-12-17,0.32880907220350747,exper2_35
1.2694376000000034,2.6522775,Validation,2019,2019-12-18,0.3526109992900899,exper2_35
0.7453611000000251,2.3666246,Validation,2019,2019-12-19,0.5209739546678315,exper2_35
0.7264097300000003,2.627297,Validation,2019,2019-12-20,0.5668018674170086,exper2_35
1.0724028000000203,2.9239814,Validation,2019,2019-12-21,0.46331346598401224,exper2_35
1.2650901999999746,2.7355943,Validation,2019,2019-12-22,0.3675631214307997,exper2_35
1.4470415999999773,2.7822063,Validation,2019,2019-12-23,0.3156979040866606,exper2_35
1.6127986000000192,2.8269153,Validation,2019,2019-12-24,0.2734673227342388,exper2_35
1.7477223000000208,2.888029,Validation,2019,2019-12-25,0.2459810072811595,exper2_35
1.8657500000000482,2.9597576,Validation,2019,2019-12-26,0.22671347032128697,exper2_35
1.92082640000001,3.005912,Validation,2019,2019-12-27,0.22024421899053045,exper2_35
2.020840200000009,3.0267906,Validation,2019,2019-12-28,0.199291599363916,exper2_35
2.0840070000000424,3.1765273,Validation,2019,2019-12-29,0.20768237737393513,exper2_35
2.1090765000000147,3.0315676,Validation,2019,2019-12-30,0.1794504852600639,exper2_35
2.162548500000014,2.8379095,Validation,2019,2019-12-31,0.13505982161253546,exper2_35
2.2030487000000107,2.6448777,Validation,2020,2020-01-01,0.0911377232809202,exper2_35
2.307624999999973,2.7667353,Validation,2020,2020-01-02,0.09047649098479373,exper2_35
2.38020130000001,2.8398662,Validation,2020,2020-01-03,0.08805726453731712,exper2_35
2.407527700000003,3.5742095,Validation,2020,2020-01-04,0.19504062483732468,exper2_35
2.448444400000028,3.5552974,Validation,2020,2020-01-05,0.1843605231965435,exper2_35
2.4758959999999774,3.676112,Validation,2020,2020-01-06,0.1950933660918787,exper2_35
2.4842987000000107,3.6521308,Validation,2020,2020-01-07,0.19031134215361298,exper2_35
2.462923500000045,3.6235974,Validation,2020,2020-01-08,0.19069578593671394,exper2_35
2.448000000000036,3.594591,Validation,2020,2020-01-09,0.18975153553529722,exper2_35
2.4049237000000403,3.4087026,Validation,2020,2020-01-10,0.17265968916242716,exper2_35
2.507284600000048,3.2261355,Validation,2020,2020-01-11,0.12537907230748374,exper2_35
3.1278819999999996,2.9545517,Validation,2020,2020-01-12,-0.02849686685684572,exper2_35
3.1712916000000178,3.859105,Validation,2020,2020-01-13,0.09783423873842201,exper2_35
3.083020999999974,4.479703,Validation,2020,2020-01-14,0.18467974751503102,exper2_35
3.1979792000000202,4.432292,Validation,2020,2020-01-15,0.16176525770880124,exper2_35
3.248125000000016,4.2937484,Validation,2020,2020-01-16,0.1386423937717235,exper2_35
2.6166390000000206,3.635258,Validation,2020,2020-01-17,0.16292958217103173,exper2_35
1.6427916000000096,3.703336,Validation,2020,2020-01-18,0.385427463473176,exper2_35
1.7477499999999964,3.6866512,Validation,2020,2020-01-19,0.35678286306970464,exper2_35
1.7813264000000117,3.279756,Validation,2020,2020-01-20,0.2960690086176603,exper2_35
1.6504375000000095,3.2447884,Validation,2020,2020-01-21,0.3256950625267039,exper2_35
1.884361100000035,3.5548885,Validation,2020,2020-01-22,0.30712460610321757,exper2_35
2.095972300000028,3.2260911,Validation,2020,2020-01-23,0.21234599283457456,exper2_35
2.234132000000045,3.3996727,Validation,2020,2020-01-24,0.20688341166768476,exper2_35
2.286069399999974,3.675175,Validation,2020,2020-01-25,0.2330227498880183,exper2_35
2.353326300000049,3.6572773,Validation,2020,2020-01-26,0.21694177865136585,exper2_35
2.4070902000000274,3.6350367,Validation,2020,2020-01-27,0.203230836730216,exper2_35
2.457340199999976,3.6060226,Validation,2020,2020-01-28,0.1894464235339848,exper2_35
2.5657916000000114,3.7990677,Validation,2020,2020-01-29,0.19376329791925795,exper2_35
2.7117362000000185,3.7011783,Validation,2020,2020-01-30,0.15428899144119376,exper2_35
2.763861200000008,3.700022,Validation,2020,2020-01-31,0.14482947104798605,exper2_35
2.8054720999999745,3.8829691,Validation,2020,2020-02-01,0.16109837885700834,exper2_35
2.830048599999998,3.8217518,Validation,2020,2020-02-02,0.14908794137115067,exper2_35
2.9232986000000096,4.337662,Validation,2020,2020-02-03,0.19479014624416766,exper2_35
2.9879236000000446,4.012841,Validation,2020,2020-02-04,0.14640080767441166,exper2_35
3.062951300000009,3.8102913,Validation,2020,2020-02-05,0.10873179295893297,exper2_35
3.1013265000000274,3.8197362,Validation,2020,2020-02-06,0.10380049553721148,exper2_35
3.0799513000000047,3.8932712,Validation,2020,2020-02-07,0.116634727616764,exper2_35
3.1598749999999995,3.8120494,Validation,2020,2020-02-08,0.09354295206143971,exper2_35
3.2017290000000003,4.0091586,Validation,2020,2020-02-09,0.11197367852919694,exper2_35
3.208034800000007,3.8251429,Validation,2020,2020-02-10,0.08774242457802317,exper2_35
3.211888799999997,3.8128984,Validation,2020,2020-02-11,0.08555555927220378,exper2_35
3.334215200000017,4.029119,Validation,2020,2020-02-12,0.094373526241537,exper2_35
3.381861200000003,3.7562165,Validation,2020,2020-02-13,0.05244483744780103,exper2_35
3.4527848000000176,3.5259316,Validation,2020,2020-02-14,0.010481411279295647,exper2_35
3.5520833000000493,3.6213825,Validation,2020,2020-02-15,0.009660487283807395,exper2_35
3.642534699999999,3.9116943,Validation,2020,2020-02-16,0.035630318947480526,exper2_35
3.7692568000000506,3.827892,Validation,2020,2020-02-17,0.00771806187949361,exper2_35
3.792562499999974,3.9776804,Validation,2020,2020-02-18,0.023823958405738914,exper2_35
3.8963749999999777,4.08347,Validation,2020,2020-02-19,0.023445927935701785,exper2_35
4.010125000000016,3.8987703,Validation,2020,2020-02-20,-0.014079673960066715,exper2_35
4.159680400000013,3.766535,Validation,2020,2020-02-21,-0.049600639684258284,exper2_35
4.270347000000015,3.6233418,Validation,2020,2020-02-22,-0.08196487316772229,exper2_35
4.319153000000028,3.7608752,Validation,2020,2020-02-23,-0.069093542668689,exper2_35
4.334854000000007,4.0469537,Validation,2020,2020-02-24,-0.0343482376265995,exper2_35
4.193639000000019,4.316615,Validation,2020,2020-02-25,0.014450344626926515,exper2_35
4.130396000000019,4.1565433,Validation,2020,2020-02-26,0.003155236698153168,exper2_35
3.9460970999999745,4.106712,Validation,2020,2020-02-27,0.019945184988255073,exper2_35
3.3408194000000435,3.8520136,Validation,2020,2020-02-28,0.07106993708986269,exper2_35
2.7742569999999773,3.993661,Validation,2020,2020-02-29,0.1801741599121365,exper2_35
2.4170139999999947,3.880373,Validation,2020,2020-03-01,0.23237558702416478,exper2_35
2.7592778000000067,4.089688,Validation,2020,2020-03-02,0.19424977394233733,exper2_35
3.332728999999972,3.924351,Validation,2020,2020-03-03,0.0815234197257859,exper2_35
3.565118000000041,4.045751,Validation,2020,2020-03-04,0.06315088182837258,exper2_35
3.7333472000000256,4.384752,Validation,2020,2020-03-05,0.08024102649960065,exper2_35
3.82487500000002,4.243019,Validation,2020,2020-03-06,0.05182815969242458,exper2_35
3.8702780000000416,4.213958,Validation,2020,2020-03-07,0.04251234076217551,exper2_35
4.014050999999995,4.164652,Validation,2020,2020-03-08,0.018413784325942567,exper2_35
4.508368000000019,4.9659457,Validation,2020,2020-03-09,0.04829666128472926,exper2_35
4.994549000000006,5.2142234,Validation,2020,2020-03-10,0.021518197935632054,exper2_35
5.3394513000000074,5.006905,Validation,2020,2020-03-11,-0.032141384747836316,exper2_35
5.4343057000000385,5.1134143,Validation,2020,2020-03-12,-0.030422822449888833,exper2_35
5.610131700000011,5.2743793,Validation,2020,2020-03-13,-0.03084681048605746,exper2_35
5.653603999999973,4.877498,Validation,2020,2020-03-14,-0.07369654563056297,exper2_35
5.841659500000048,5.408565,Validation,2020,2020-03-15,-0.038496516570634354,exper2_35
6.054118000000017,5.0508413,Validation,2020,2020-03-16,-0.09034492055039309,exper2_35
5.972111000000041,5.3036633,Validation,2020,2020-03-17,-0.059281760273936474,exper2_35
6.108139000000051,5.05515,Validation,2020,2020-03-18,-0.09432605076640553,exper2_35
6.504020700000012,5.3943667,Validation,2020,2020-03-19,-0.09326086953422524,exper2_35
6.932653000000016,5.5294175,Validation,2020,2020-03-20,-0.11260050916357647,exper2_35
7.335736300000008,5.622094,Validation,2020,2020-03-21,-0.1322476128761025,exper2_35
7.366354000000001,5.4375315,Validation,2020,2020-03-22,-0.15064353184650028,exper2_35
6.892118000000039,5.2649956,Validation,2020,2020-03-23,-0.13384117989992514,exper2_35
6.349541699999975,5.4199324,Validation,2020,2020-03-24,-0.07898478125832224,exper2_35
6.291507000000024,5.326517,Validation,2020,2020-03-25,-0.08305972566141152,exper2_35
6.592146000000014,5.2463217,Validation,2020,2020-03-26,-0.11368230740884046,exper2_35
7.623069299999997,6.004983,Validation,2020,2020-03-27,-0.11873203317797941,exper2_35
7.712784999999997,5.743886,Validation,2020,2020-03-28,-0.14631397371062851,exper2_35
7.375187400000016,6.250946,Validation,2020,2020-03-29,-0.08250626339617395,exper2_35
7.711569300000008,6.8038177,Validation,2020,2020-03-30,-0.06253719228504082,exper2_35
7.956646000000035,6.943509,Validation,2020,2020-03-31,-0.06799505717932855,exper2_35
7.905215300000009,7.747339,Validation,2020,2020-04-01,-0.01008631099151876,exper2_35
7.548021000000006,7.1298933,Validation,2020,2020-04-02,-0.02848686049348409,exper2_35
7.38266660000005,7.9341183,Validation,2020,2020-04-03,0.03600309565766618,exper2_35
7.776458300000002,8.231605,Validation,2020,2020-04-04,0.028432314367659205,exper2_35
8.467624999999998,9.277824,Validation,2020,2020-04-05,0.04565674182197696,exper2_35
9.038825999999972,9.794505,Validation,2020,2020-04-06,0.0401245597253055,exper2_35
10.037172999999996,10.991134,Validation,2020,2020-04-07,0.04536554958747383,exper2_35
10.799715000000049,11.773261,Validation,2020,2020-04-08,0.043128831006667014,exper2_35
10.187263499999972,11.897757,Validation,2020,2020-04-09,0.07745037453487535,exper2_35
8.859688000000006,9.160376,Validation,2020,2020-04-10,0.016686267143621574,exper2_35
8.290070000000014,9.432298,Validation,2020,2020-04-11,0.06445119103235585,exper2_35
8.643084000000044,10.127385,Validation,2020,2020-04-12,0.079076400724823,exper2_35
9.237805000000037,11.287629,Validation,2020,2020-04-13,0.09986751631020559,exper2_35
9.384042000000022,11.037293,Validation,2020,2020-04-14,0.08095706764499445,exper2_35
9.39645900000005,10.006155,Validation,2020,2020-04-15,0.031423395507270836,exper2_35
9.301625000000001,9.537455,Validation,2020,2020-04-16,0.012518106512945758,exper2_35
9.03777100000002,9.407588,Validation,2020,2020-04-17,0.02004932541374384,exper2_35
8.637062000000014,9.387936,Validation,2020,2020-04-18,0.04165735016946253,exper2_35
8.839540999999997,8.901754,Validation,2020,2020-04-19,0.0035066988031296296,exper2_35
9.33979899999997,10.033147,Validation,2020,2020-04-20,0.035789490317567764,exper2_35
9.183222,10.34944,Validation,2020,2020-04-21,0.05970602694102596,exper2_35
8.401237000000037,8.157963,Validation,2020,2020-04-22,-0.014691180967657671,exper2_35
8.579695000000015,9.553961,Validation,2020,2020-04-23,0.05372693796039189,exper2_35
8.895396000000005,9.651022,Validation,2020,2020-04-24,0.04074242040340006,exper2_35
9.165916000000038,9.700232,Validation,2020,2020-04-25,0.028321391563792188,exper2_35
9.309033999999997,9.348583,Validation,2020,2020-04-26,0.00211973592158983,exper2_35
8.49753499999997,9.319242,Validation,2020,2020-04-27,0.046119819858979456,exper2_35
9.198215500000003,9.099178,Validation,2020,2020-04-28,-0.005412638914407086,exper2_35
9.815840999999978,10.305843,Validation,2020,2020-04-29,0.024351955068405606,exper2_35
9.672235999999998,11.042662,Validation,2020,2020-04-30,0.06615652603787067,exper2_35
10.11809100000005,12.093166,Validation,2020,2020-05-01,0.08892226676222245,exper2_35
10.790076,13.252596,Validation,2020,2020-05-02,0.10242288842018114,exper2_35
12.650013999999999,15.000142,Validation,2020,2020-05-03,0.08499511139063393,exper2_35
13.090389000000016,15.382748,Validation,2020,2020-05-04,0.08050952300454307,exper2_35
12.151584000000014,15.354606,Validation,2020,2020-05-05,0.11644730559262705,exper2_35
11.962444000000005,14.387899,Validation,2020,2020-05-06,0.09204644364952828,exper2_35
11.810805000000016,13.616409,Validation,2020,2020-05-07,0.07101070059542353,exper2_35
11.66662500000001,13.8357315,Validation,2020,2020-05-08,0.08505514013215776,exper2_35
10.440215000000023,10.33477,Validation,2020,2020-05-09,-0.005075565461770901,exper2_35
10.146534999999972,11.303838,Validation,2020,2020-05-10,0.0539525717459345,exper2_35
10.470993000000021,11.976641,Validation,2020,2020-05-11,0.06707378253446522,exper2_35
10.356889000000024,12.017192,Validation,2020,2020-05-12,0.07420652921094058,exper2_35
10.960284999999999,13.018348,Validation,2020,2020-05-13,0.08582902797144486,exper2_35
11.739472000000035,14.111318,Validation,2020,2020-05-14,0.09175138044562815,exper2_35
13.727771000000018,15.646369,Validation,2020,2020-05-15,0.06531588607146908,exper2_35
16.013860000000022,16.980886,Validation,2020,2020-05-16,0.029308497961696302,exper2_35
17.02270900000002,17.193573,Validation,2020,2020-05-17,0.004993645950679498,exper2_35
17.591244000000017,17.465788,Validation,2020,2020-05-18,-0.0035786290416458767,exper2_35
17.620881999999995,17.504694,Validation,2020,2020-05-19,-0.003307789602206334,exper2_35
17.210882000000026,17.486776,Validation,2020,2020-05-20,0.007951382457293358,exper2_35
17.709944000000007,17.35649,Validation,2020,2020-05-21,-0.01007957714580842,exper2_35
18.588396000000046,16.949778,Validation,2020,2020-05-22,-0.0461086834441434,exper2_35
19.722313000000042,17.296871,Validation,2020,2020-05-23,-0.06551851068777059,exper2_35
20.011723000000018,17.548626,Validation,2020,2020-05-24,-0.06557705460865951,exper2_35
20.705389000000025,18.130438,Validation,2020,2020-05-25,-0.06630349751352711,exper2_35
22.258347000000015,19.338263,Validation,2020,2020-05-26,-0.07020005892418173,exper2_35
24.20350000000002,20.4932,Validation,2020,2020-05-27,-0.08301059525192016,exper2_35
23.66488800000002,20.639978,Validation,2020,2020-05-28,-0.06827488346934282,exper2_35
23.535360000000026,20.47626,Validation,2020,2020-05-29,-0.06950666260055476,exper2_35
23.273840000000007,21.081987,Validation,2020,2020-05-30,-0.04941521212516864,exper2_35
21.316708000000006,20.42897,Validation,2020,2020-05-31,-0.021265378799724795,exper2_35
19.90210300000001,19.63936,Validation,2020,2020-06-01,-0.006644735661413758,exper2_35
19.250263000000018,20.483763,Validation,2020,2020-06-02,0.031043915588278518,exper2_35
19.324896000000024,20.880953,Validation,2020,2020-06-03,0.03870225054731817,exper2_35
20.70670100000001,21.838514,Validation,2020,2020-06-04,0.026602599593801308,exper2_35
22.326937000000044,22.525787,Validation,2020,2020-06-05,0.004433406362304836,exper2_35
23.287687000000005,23.141752,Validation,2020,2020-06-06,-0.0031431514000006626,exper2_35
22.068348000000015,23.041035,Validation,2020,2020-06-07,0.02156284658089441,exper2_35
21.785744000000022,22.311815,Validation,2020,2020-06-08,0.011929713812891811,exper2_35
22.877167000000043,22.489305,Validation,2020,2020-06-09,-0.008549518674095168,exper2_35
24.591395999999975,23.740646,Validation,2020,2020-06-10,-0.01760218679189952,exper2_35
24.79227800000001,24.383305,Validation,2020,2020-06-11,-0.008316594994167889,exper2_35
24.582195000000013,23.766314,Validation,2020,2020-06-12,-0.016875007555850755,exper2_35
23.43154100000004,22.673082,Validation,2020,2020-06-13,-0.016450815410202345,exper2_35
,21.848003,Validation,2020,2020-06-14,,exper2_35
,21.760805,Validation,2020,2020-06-15,,exper2_35
,22.298107,Validation,2020,2020-06-16,,exper2_35
,22.556597,Validation,2020,2020-06-17,,exper2_35
,22.510834,Validation,2020,2020-06-18,,exper2_35
25.084766000000002,23.415007,Validation,2020,2020-06-19,-0.03442818948666949,exper2_35
24.855146000000047,24.091969,Validation,2020,2020-06-20,-0.015591878517290506,exper2_35
25.499653000000023,24.474043,Validation,2020,2020-06-21,-0.020522998934301206,exper2_35
26.405763999999976,25.589258,Validation,2020,2020-06-22,-0.015703537984544737,exper2_35
26.918048999999996,26.136786,Validation,2020,2020-06-23,-0.014725585331753171,exper2_35
26.542181000000028,25.922298,Validation,2020,2020-06-24,-0.011815281030551593,exper2_35
26.107145000000003,25.847929,Validation,2020,2020-06-25,-0.0049892335663162994,exper2_35
25.811630000000036,25.60777,Validation,2020,2020-06-26,-0.003964633514851642,exper2_35
24.911617000000035,25.581217,Validation,2020,2020-06-27,0.013261284059141948,exper2_35
25.042922999999973,25.318546,Validation,2020,2020-06-28,0.005472900195795088,exper2_35
25.215021000000036,25.281301,Validation,2020,2020-06-29,0.0013125807015972933,exper2_35
24.944416000000047,25.04388,Validation,2020,2020-06-30,0.001989754996367241,exper2_35
24.989013999999997,25.232328,Validation,2020,2020-07-01,0.004844840922546195,exper2_35
25.58143000000001,25.803627,Validation,2020,2020-07-02,0.004324156225007473,exper2_35
26.428020000000004,26.37853,Validation,2020,2020-07-03,-0.0009371848229036288,exper2_35
27.020736999999997,26.757675,Validation,2020,2020-07-04,-0.004891587878526326,exper2_35
27.591417000000035,27.429214,Validation,2020,2020-07-05,-0.002948030913225493,exper2_35
27.579195000000027,28.065,Validation,2020,2020-07-06,0.008730569817659553,exper2_35
27.111792000000037,28.465088,Validation,2020,2020-07-07,0.024349979583025195,exper2_35
27.089966000000004,27.649717,Validation,2020,2020-07-08,0.010225695452942192,exper2_35
27.470827000000043,27.281664,Validation,2020,2020-07-09,-0.0034548767052567865,exper2_35
26.47564,26.879717,Validation,2020,2020-07-10,0.0075733140372292555,exper2_35
26.07249300000001,26.677572,Validation,2020,2020-07-11,0.011470682500473334,exper2_35
26.17434700000001,26.198027,Validation,2020,2020-07-12,0.00045214023063986866,exper2_35
26.09414700000002,25.685617,Validation,2020,2020-07-13,-0.007889753023491583,exper2_35
26.068159999999978,25.538315,Validation,2020,2020-07-14,-0.010267029137698776,exper2_35
26.51697200000001,25.56432,Validation,2020,2020-07-15,-0.018291642928657585,exper2_35
25.608570000000043,25.61678,Validation,2020,2020-07-16,0.0001602590807154398,exper2_35
25.611008000000027,26.050972,Validation,2020,2020-07-17,0.008516204469750516,exper2_35
26.490583000000015,26.362677,Validation,2020,2020-07-18,-0.0024200282146277733,exper2_35
27.169298000000026,27.332338,Validation,2020,2020-07-19,0.002991475928049326,exper2_35
27.746770000000026,28.175562,Validation,2020,2020-07-20,0.007667632773903929,exper2_35
28.182236000000046,28.313461,Validation,2020,2020-07-21,0.0023227486335011924,exper2_35
28.36734800000005,28.695139,Validation,2020,2020-07-22,0.005744420702679029,exper2_35
28.117222000000027,27.144148,Validation,2020,2020-07-23,-0.01760857773364712,exper2_35
27.73791,27.555086,Validation,2020,2020-07-24,-0.003306456095931434,exper2_35
28.328438000000006,27.790318,Validation,2020,2020-07-25,-0.009588959332146308,exper2_35
28.321000000000026,27.867493,Validation,2020,2020-07-26,-0.008071177969403867,exper2_35
28.430124000000035,28.617119,Validation,2020,2020-07-27,0.003277894358340225,exper2_35
28.142626000000007,28.763075,Validation,2020,2020-07-28,0.010903105758105708,exper2_35
28.057154000000025,28.5811,Validation,2020,2020-07-29,0.00925075231973149,exper2_35
27.838612000000012,28.670763,Validation,2020,2020-07-30,0.014725893102076754,exper2_35
27.790493000000026,27.761156,Validation,2020,2020-07-31,-0.0005281016555119845,exper2_35
27.823368000000016,28.893644,Validation,2020,2020-08-01,0.018870463884874917,exper2_35
27.517237000000023,27.893545,Validation,2020,2020-08-02,0.006791244161343662,exper2_35
27.466146000000037,27.758383,Validation,2020,2020-08-03,0.005291793404234029,exper2_35
25.894243000000017,26.951553,Validation,2020,2020-08-04,0.020007463561140054,exper2_35
25.43732600000004,26.278288,Validation,2020,2020-08-05,0.016261276321719833,exper2_35
25.44182600000005,24.932184,Validation,2020,2020-08-06,-0.010117157209052713,exper2_35
25.09251400000005,25.034626,Validation,2020,2020-08-07,-0.0011548233733621473,exper2_35
25.295923000000016,24.795427,Validation,2020,2020-08-08,-0.009991658727327829,exper2_35
25.81338900000003,25.437338,Validation,2020,2020-08-09,-0.007337478852706145,exper2_35
26.72606300000001,26.237322,Validation,2020,2020-08-10,-0.009227906179201589,exper2_35
27.288055000000043,26.984804,Validation,2020,2020-08-11,-0.00558752295876465,exper2_35
27.19503400000002,27.191763,Validation,2020,2020-08-12,-6.014466728467925e-05,exper2_35
27.008764000000042,27.431087,Validation,2020,2020-08-13,0.007757616567778309,exper2_35
26.94282000000004,27.355026,Validation,2020,2020-08-14,0.007591576344599769,exper2_35
26.70951500000001,27.097853,Validation,2020,2020-08-15,0.007217184624686713,exper2_35
25.924778000000003,26.515322,Validation,2020,2020-08-16,0.011261300695274794,exper2_35
25.42610400000001,25.500364,Validation,2020,2020-08-17,0.0014581867948542696,exper2_35
25.16207700000001,24.838224,Validation,2020,2020-08-18,-0.006477012734926268,exper2_35
24.783555999999976,24.488743,Validation,2020,2020-08-19,-0.005983345178550774,exper2_35
24.784708000000023,24.56979,Validation,2020,2020-08-20,-0.0043545800834560045,exper2_35
24.72851400000002,24.540922,Validation,2020,2020-08-21,-0.0038074686800780464,exper2_35
25.576347,25.013653,Validation,2020,2020-08-22,-0.011122636898478314,exper2_35
25.81619500000005,25.688995,Validation,2020,2020-08-23,-0.0024696469963429346,exper2_35
26.133500000000026,26.419193,Validation,2020,2020-08-24,0.0054363201970690925,exper2_35
25.537132000000042,27.039242,Validation,2020,2020-08-25,0.028570053095504658,exper2_35
24.652098000000024,26.087872,Validation,2020,2020-08-26,0.028296697144368225,exper2_35
24.763256000000013,26.194809,Validation,2020,2020-08-27,0.028092765317633873,exper2_35
24.94015300000001,25.993856,Validation,2020,2020-08-28,0.020687619958541133,exper2_35
24.747500000000002,26.10525,Validation,2020,2020-08-29,0.02669962628955128,exper2_35
23.733181000000002,25.470087,Validation,2020,2020-08-30,0.03530062372233982,exper2_35
23.27023700000001,24.453085,Validation,2020,2020-08-31,0.024785532470373375,exper2_35
22.956984999999975,24.638441,Validation,2020,2020-09-01,0.03532810238495942,exper2_35
22.78553400000004,23.945028,Validation,2020,2020-09-02,0.024812333681854166,exper2_35
23.366513999999995,23.962362,Validation,2020,2020-09-03,0.012589529609470221,exper2_35
23.317570000000046,23.851397,Validation,2020,2020-09-04,0.01131732576719247,exper2_35
23.16909000000004,23.370266,Validation,2020,2020-09-05,0.0043227061599913534,exper2_35
23.196556000000044,22.950708,Validation,2020,2020-09-06,-0.005327457953822185,exper2_35
22.752117,23.223083,Validation,2020,2020-09-07,0.010243924790143482,exper2_35
23.400867000000005,23.607998,Validation,2020,2020-09-08,0.004406209227831756,exper2_35
23.792756999999995,23.628126,Validation,2020,2020-09-09,-0.0034716952674514784,exper2_35
23.86547900000005,24.18933,Validation,2020,2020-09-10,0.006739183025054911,exper2_35
23.502027999999996,23.726522,Validation,2020,2020-09-11,0.00475336303062962,exper2_35
22.684680000000014,22.820848,Validation,2020,2020-09-12,0.002992349931077944,exper2_35
22.27873999999997,22.225052,Validation,2020,2020-09-13,-0.0012063718134864598,exper2_35
21.84827800000005,21.961657,Validation,2020,2020-09-14,0.0025879648428197882,exper2_35
21.0625,21.119753,Validation,2020,2020-09-15,0.0013572742088645013,exper2_35
20.553840000000037,20.84434,Validation,2020,2020-09-16,0.007017201605076214,exper2_35
20.460811999999976,20.484304,Validation,2020,2020-09-17,0.0005737540920627918,exper2_35
19.845000000000027,20.217424,Validation,2020,2020-09-18,0.00929610222910093,exper2_35
18.979034000000013,18.672132,Validation,2020,2020-09-19,-0.008151181929496373,exper2_35
18.509409000000005,17.647257,Validation,2020,2020-09-20,-0.023844901859920543,exper2_35
18.18805500000002,16.80736,Validation,2020,2020-09-21,-0.03945360603900978,exper2_35
17.806930000000023,16.561518,Validation,2020,2020-09-22,-0.03623708277013363,exper2_35
17.821687999999995,16.657587,Validation,2020,2020-09-23,-0.0337623382995522,exper2_35
17.963675000000023,17.3102,Validation,2020,2020-09-24,-0.01852575786792071,exper2_35
18.140188000000023,18.032896,Validation,2020,2020-09-25,-0.0029660716240206744,exper2_35
18.41178500000001,18.087114,Validation,2020,2020-09-26,-0.00889535497828491,exper2_35
18.992173999999977,18.351675,Validation,2020,2020-09-27,-0.01715139127342982,exper2_35
19.56534000000005,18.78449,Validation,2020,2020-09-28,-0.020361222012064285,exper2_35
19.445757000000015,19.083673,Validation,2020,2020-09-29,-0.009397583051264745,exper2_35
18.546680000000038,18.935751,Validation,2020,2020-09-30,0.010380088786272798,exper2_35
18.19136800000001,18.859426,Validation,2020,2020-10-01,0.01803088185981242,exper2_35
17.794722000000036,18.258474,Validation,2020,2020-10-02,0.012863002366664331,exper2_35
17.33357600000005,17.362482,Validation,2020,2020-10-03,0.0008331226234321371,exper2_35
16.84954300000004,16.815548,Validation,2020,2020-10-04,-0.0010098014273078183,exper2_35
16.633820000000014,16.384033,Validation,2020,2020-10-05,-0.00756520405304161,exper2_35
16.55889000000002,15.969955,Validation,2020,2020-10-06,-0.01810499412504139,exper2_35
16.264110000000016,16.335747,Validation,2020,2020-10-07,0.002197456438315176,exper2_35
15.389340000000004,15.865147,Validation,2020,2020-10-08,0.015223626690453365,exper2_35
15.344438000000025,15.874346,Validation,2020,2020-10-09,0.016974004598099134,exper2_35
15.562549000000047,16.44635,Validation,2020,2020-10-10,0.027611105741556584,exper2_35
15.655222000000037,17.031063,Validation,2020,2020-10-11,0.04209230496746721,exper2_35
14.915605000000028,16.185923,Validation,2020,2020-10-12,0.0408442195538415,exper2_35
14.496195,15.605241,Validation,2020,2020-10-13,0.036843618636748676,exper2_35
14.531959000000029,15.351768,Validation,2020,2020-10-14,0.02743327673278195,exper2_35
14.573249999999973,15.990362,Validation,2020,2020-10-15,0.04636599102222239,exper2_35
14.320870000000014,15.751562,Validation,2020,2020-10-16,0.04757487232463263,exper2_35
13.914889000000016,15.103989,Validation,2020,2020-10-17,0.04097676215830363,exper2_35
13.541412000000037,14.671337,Validation,2020,2020-10-18,0.04005016039279555,exper2_35
13.515597000000014,14.452657,Validation,2020,2020-10-19,0.03350440661843758,exper2_35
13.926173000000006,14.573645,Validation,2020,2020-10-20,0.02271844845760763,exper2_35
14.613827000000015,14.653383,Validation,2020,2020-10-21,0.0013515553638428397,exper2_35
15.259472000000017,15.685251,Validation,2020,2020-10-22,0.01375934865260274,exper2_35
15.869951000000015,16.098986,Validation,2020,2020-10-23,0.007164288082114307,exper2_35
15.280840000000012,15.8445835,Validation,2020,2020-10-24,0.01811199488247637,exper2_35
13.931486000000007,14.662586,Validation,2020,2020-10-25,0.025568243891030407,exper2_35
13.430777999999975,13.72172,Validation,2020,2020-10-26,0.010715100488644725,exper2_35
13.24935400000004,13.61047,Validation,2020,2020-10-27,0.013444459671833177,exper2_35
13.071763999999973,13.186932,Validation,2020,2020-10-28,0.004385884653886567,exper2_35
12.646042000000023,12.773182,Validation,2020,2020-10-29,0.0050017229364244286,exper2_35
11.899868000000026,11.961057,Validation,2020,2020-10-30,0.002564389688791163,exper2_35
11.256793000000016,10.801883,Validation,2020,2020-10-31,-0.020622736443809252,exper2_35
10.590040000000045,10.447805,Validation,2020,2020-11-01,-0.0067608917453795755,exper2_35
9.665333999999973,9.655964,Validation,2020,2020-11-02,-0.0004849623635277546,exper2_35
9.063117999999974,9.727274,Validation,2020,2020-11-03,0.03534550759366996,exper2_35
9.161896000000013,9.673464,Validation,2020,2020-11-04,0.02715997072854397,exper2_35
9.32914500000004,10.044046,Validation,2020,2020-11-05,0.03690158152799356,exper2_35
9.833200999999974,10.59002,Validation,2020,2020-11-06,0.037056797901156575,exper2_35
10.378679999999974,10.957567,Validation,2020,2020-11-07,0.02713163234065827,exper2_35
10.384541500000012,11.236482,Validation,2020,2020-11-08,0.03940332333033997,exper2_35
10.503219999999999,11.321572,Validation,2020,2020-11-09,0.037496453225377924,exper2_35
11.243179999999995,11.330381,Validation,2020,2020-11-10,0.0038629878517083102,exper2_35
11.969118000000037,14.468143,Validation,2020,2020-11-11,0.09452663872237567,exper2_35
11.40328500000004,14.827595,Validation,2020,2020-11-12,0.1305449831950743,exper2_35
10.604971999999975,12.817105,Validation,2020,2020-11-13,0.0944465029969484,exper2_35
9.822430999999995,10.140307,Validation,2020,2020-11-14,0.015923488033656945,exper2_35
9.199903000000006,8.57645,Validation,2020,2020-11-15,-0.035072021797611985,exper2_35
8.698339999999973,7.932368,Validation,2020,2020-11-16,-0.04605770286319207,exper2_35
8.140326500000015,7.0327654,Validation,2020,2020-11-17,-0.07299508364221449,exper2_35
7.218409500000007,6.521627,Validation,2020,2020-11-18,-0.0507118415049532,exper2_35
6.833145600000023,6.06723,Validation,2020,2020-11-19,-0.05937155520148101,exper2_35
6.899569500000041,6.307272,Validation,2020,2020-11-20,-0.04484778169808486,exper2_35
6.896514000000025,6.6297817,Validation,2020,2020-11-21,-0.019719536112431064,exper2_35
6.644819299999995,6.0311856,Validation,2020,2020-11-22,-0.048409074984666435,exper2_35
6.584767999999997,6.002125,Validation,2020,2020-11-23,-0.04628967796195502,exper2_35
6.319410000000005,5.636569,Validation,2020,2020-11-24,-0.05711292864821238,exper2_35
6.144729000000041,5.262888,Validation,2020,2020-11-25,-0.07730282746948995,exper2_35
6.4819794,5.53776,Validation,2020,2020-11-26,-0.07855574941408873,exper2_35
6.675708299999997,5.794938,Validation,2020,2020-11-27,-0.07062747071571589,exper2_35
6.536739300000022,6.0655117,Validation,2020,2020-11-28,-0.037392335415178266,exper2_35
6.361437299999977,5.9382634,Validation,2020,2020-11-29,-0.03440521793747584,exper2_35
6.286055599999997,6.076266,Validation,2020,2020-11-30,-0.016970096561115543,exper2_35
6.135125000000016,6.6300087,Validation,2020,2020-12-01,0.038768391247346747,exper2_35
5.6802845000000275,6.0314627,Validation,2020,2020-12-02,0.02998512214222809,exper2_35
5.347409700000014,5.6117663,Validation,2020,2020-12-03,0.02412194469943145,exper2_35
5.243757000000016,5.4935007,Validation,2020,2020-12-04,0.023259543198998128,exper2_35
5.057285000000036,5.2639523,Validation,2020,2020-12-05,0.020023496228020837,exper2_35
4.589951500000041,4.8589745,Validation,2020,2020-12-06,0.028471273668287132,exper2_35
4.149291500000004,4.67146,Validation,2020,2020-12-07,0.0591977500662723,exper2_35
3.64714570000001,4.591966,Validation,2020,2020-12-08,0.11467503647736975,exper2_35
3.1409930000000372,4.3724046,Validation,2020,2020-12-09,0.16389543651838998,exper2_35
3.0247223000000076,4.2171903,Validation,2020,2020-12-10,0.16466202192370294,exper2_35
3.0695279000000255,4.3627076,Validation,2020,2020-12-11,0.17399606246415897,exper2_35
3.240993000000003,4.464597,Validation,2020,2020-12-12,0.15879435441418896,exper2_35
3.531472199999996,4.618024,Validation,2020,2020-12-13,0.13332746745637425,exper2_35
3.431520999999975,4.6702867,Validation,2020,2020-12-14,0.1528999092685711,exper2_35
2.878027999999972,4.4099474,Validation,2020,2020-12-15,0.21019821174306916,exper2_35
2.3460486000000174,4.1449003,Validation,2020,2020-12-16,0.2771323181845534,exper2_35
1.772923100000014,4.1495957,Validation,2020,2020-12-17,0.4012942301552284,exper2_35
1.854541700000027,4.21508,Validation,2020,2020-12-18,0.38891026243776067,exper2_35
2.0023193000000106,4.279895,Validation,2020,2020-12-19,0.3625434412298096,exper2_35
2.076812500000017,4.0812535,Validation,2020,2020-12-20,0.32549846320051284,exper2_35
2.1542569999999728,3.9615939,Validation,2020,2020-12-21,0.2955168309111256,exper2_35
2.2270348000000126,4.064934,Validation,2020,2020-12-22,0.2921023769279499,exper2_35
2.338070000000016,4.2054086,Validation,2020,2020-12-23,0.2853739875931931,exper2_35
2.391312600000049,4.2726274,Validation,2020,2020-12-24,0.28231268089871775,exper2_35
2.4318888000000243,4.356399,Validation,2020,2020-12-25,0.2835045153042918,exper2_35
2.0438541999999984,4.1964283,Validation,2020,2020-12-26,0.344948181322292,exper2_35
1.8121320000000196,4.4521027,Validation,2020,2020-12-27,0.4214354672108304,exper2_35
1.894388900000024,4.4702215,Validation,2020,2020-12-28,0.4047117497703169,exper2_35
1.7644825000000424,4.415156,Validation,2020,2020-12-29,0.42893664990509817,exper2_35
1.8259027999999944,4.458913,Validation,2020,2020-12-30,0.4189478572321593,exper2_35
1.800194499999975,4.216724,Validation,2020,2020-12-31,0.4016224337225886,exper2_35
1.8932639000000222,3.849929,Validation,2021,2021-01-01,0.3406929205150392,exper2_35
1.959335699999997,4.136733,Validation,2021,2021-01-02,0.35718057695590494,exper2_35
1.971436600000004,4.1688013,Validation,2021,2021-01-03,0.3578631220348098,exper2_35
1.985349699999972,4.3270464,Validation,2021,2021-01-04,0.370967958814378,exper2_35
1.9804126000000224,4.441418,Validation,2021,2021-01-05,0.38322491805135583,exper2_35
1.999201400000004,4.3491726,Validation,2021,2021-01-06,0.370168990526403,exper2_35
2.0418403000000467,4.4658775,Validation,2021,2021-01-07,0.37248652986798886,exper2_35
2.1309582999999748,4.432742,Validation,2021,2021-01-08,0.350683863058435,exper2_35
2.1984792000000084,4.5036507,Validation,2021,2021-01-09,0.3439461054349154,exper2_35
2.287944600000003,4.572666,Validation,2021,2021-01-10,0.3330201414134488,exper2_35
2.3239028000000417,4.321465,Validation,2021,2021-01-11,0.30059468051997734,exper2_35
2.4363542000000393,4.181354,Validation,2021,2021-01-12,0.26368642754195815,exper2_35
2.4499375999999984,3.9598129,Validation,2021,2021-01-13,0.23555913516082233,exper2_35
2.4995663000000263,4.0818276,Validation,2021,2021-01-14,0.24041431873399852,exper2_35
2.535382000000027,4.096609,Validation,2021,2021-01-15,0.23540850528705354,exper2_35
2.560729300000048,4.1860113,Validation,2021,2021-01-16,0.2408988439432505,exper2_35
2.605652799999973,3.8718276,Validation,2021,2021-01-17,0.19547335132345822,exper2_35
2.656472199999996,4.0747576,Validation,2021,2021-01-18,0.21070226736992326,exper2_35
2.672319400000049,3.840599,Validation,2021,2021-01-19,0.17937882490364013,exper2_35
2.6706736000000433,3.9329956,Validation,2021,2021-01-20,0.19115463352624765,exper2_35
2.646430500000008,3.8703778,Validation,2021,2021-01-21,0.18781391543307077,exper2_35
2.6428263000000243,3.8069808,Validation,2021,2021-01-22,0.18049447394980728,exper2_35
2.645035000000007,3.7633665,Validation,2021,2021-01-23,0.1745102062723337,exper2_35
2.7140763000000447,3.4404218,Validation,2021,2021-01-24,0.11801864352893693,exper2_35
2.77546140000004,3.6628559,Validation,2021,2021-01-25,0.13783018562817867,exper2_35
2.756319500000018,3.64841,Validation,2021,2021-01-26,0.13928622129333315,exper2_35
2.7349436000000082,3.6931078,Validation,2021,2021-01-27,0.14905982813547256,exper2_35
2.7320278000000258,3.3321214,Validation,2021,2021-01-28,0.09895758748343904,exper2_35
2.7122223000000076,3.2264943,Validation,2021,2021-01-29,0.0865964897571323,exper2_35
2.705083400000035,3.2564204,Validation,2021,2021-01-30,0.09248286922652856,exper2_35
2.667720300000042,3.3946595,Validation,2021,2021-01-31,0.11990987712346446,exper2_35
2.648978999999997,3.469364,Validation,2021,2021-02-01,0.1340861304305244,exper2_35
2.590503500000011,3.5281231,Validation,2021,2021-02-02,0.15324021148048378,exper2_35
2.556590300000039,3.2518532,Validation,2021,2021-02-03,0.11969866355931526,exper2_35
2.5209231000000045,3.3686414,Validation,2021,2021-02-04,0.1439356475132434,exper2_35
2.4953985000000216,3.612017,Validation,2021,2021-02-05,0.18282994362876268,exper2_35
2.438312499999995,3.4273148,Validation,2021,2021-02-06,0.16860980330811065,exper2_35
2.4087499999999977,3.6362581,Validation,2021,2021-02-07,0.20306145167393122,exper2_35
2.397243000000003,3.4200537,Validation,2021,2021-02-08,0.17582233976039252,exper2_35
2.3566854000000035,3.7049787,Validation,2021,2021-02-09,0.22242956409645653,exper2_35
2.326368000000002,3.4539883,Validation,2021,2021-02-10,0.1950779938958515,exper2_35
2.2899444000000244,3.6594553,Validation,2021,2021-02-11,0.23019312343743187,exper2_35
2.2840278000000467,3.3656728,Validation,2021,2021-02-12,0.1914517419989175,exper2_35
2.250201500000003,3.7259886,Validation,2021,2021-02-13,0.24694447386152993,exper2_35
2.2282169999999724,3.8382049,Validation,2021,2021-02-14,0.26539332371865376,exper2_35
2.2154791000000387,4.0630836,Validation,2021,2021-02-15,0.2942718935268341,exper2_35
2.1981944999999996,4.040952,Validation,2021,2021-02-16,0.2953541233429978,exper2_35
2.187048700000048,3.7496672,Validation,2021,2021-02-17,0.2632126081988981,exper2_35
2.1649861000000215,4.0257435,Validation,2021,2021-02-18,0.30057158192740036,exper2_35
2.1528099000000225,3.9524972,Validation,2021,2021-02-19,0.29477425155994874,exper2_35
2.1638541000000373,3.8280637,Validation,2021,2021-02-20,0.2777423981159643,exper2_35
2.1856666000000473,3.803878,Validation,2021,2021-02-21,0.27017270232907525,exper2_35
2.1944156000000135,4.057322,Validation,2021,2021-02-22,0.2979821830270647,exper2_35
2.203454000000022,3.7711854,Validation,2021,2021-02-23,0.26239766011650184,exper2_35
2.1962447000000225,4.0687265,Validation,2021,2021-02-24,0.2988811549161729,exper2_35
2.2032153999999764,4.1739354,Validation,2021,2021-02-25,0.3090282903819406,exper2_35
2.226708400000007,3.7212393,Validation,2021,2021-02-26,0.2512683360097955,exper2_35
2.223833300000024,3.973928,Validation,2021,2021-02-27,0.2823752960354782,exper2_35
2.2211049000000003,3.9431944,Validation,2021,2021-02-28,0.279365002981017,exper2_35
2.214236000000028,4.1418843,Validation,2021,2021-03-01,0.30327436042488676,exper2_35
2.346340200000043,3.7627847,Validation,2021,2021-03-02,0.2318571870994991,exper2_35
2.5288333999999963,3.8922336,Validation,2021,2021-03-03,0.21233234414114513,exper2_35
2.6580280000000016,4.031418,Validation,2021,2021-03-04,0.20530696834347928,exper2_35
2.8653889000000277,3.7044036,Validation,2021,2021-03-05,0.12770795027081133,exper2_35
3.005875000000003,3.7079713,Validation,2021,2021-03-06,0.10457438247492096,exper2_35
3.168312500000013,3.632039,Validation,2021,2021-03-07,0.06819155823741578,exper2_35
3.348854000000017,3.5373476,Validation,2021,2021-03-08,0.02737264566693488,exper2_35
3.455242999999996,3.8807244,Validation,2021,2021-03-09,0.05799936193001169,exper2_35
3.530124999999998,4.1077065,Validation,2021,2021-03-10,0.07562114236817498,exper2_35
3.592791599999998,4.1616917,Validation,2021,2021-03-11,0.07336402003335452,exper2_35
3.676451400000019,4.812553,Validation,2021,2021-03-12,0.13383212976503067,exper2_35
3.801702999999975,4.1855764,Validation,2021,2021-03-13,0.048060599587150345,exper2_35
3.9279350000000477,4.4335146,Validation,2021,2021-03-14,0.06046554359809767,exper2_35
4.232270700000015,4.1507044,Validation,2021,2021-03-15,-0.00972999625241112,exper2_35
4.149882000000048,4.504551,Validation,2021,2021-03-16,0.04098118693035611,exper2_35
4.07558350000005,4.087566,Validation,2021,2021-03-17,0.0014678647063393196,exper2_35
4.005778000000021,4.8019614,Validation,2021,2021-03-18,0.09039588750557767,exper2_35
4.230263700000023,3.947151,Validation,2021,2021-03-19,-0.03462130350534532,exper2_35
4.416479000000038,4.29331,Validation,2021,2021-03-20,-0.014141425499021582,exper2_35
4.430153000000018,4.9917912,Validation,2021,2021-03-21,0.05960959155766246,exper2_35
4.510535000000004,5.8077183,Validation,2021,2021-03-22,0.12571733239693356,exper2_35
4.637707999999975,6.708041,Validation,2021,2021-03-23,0.18247655189883352,exper2_35
4.65454150000005,7.593463,Validation,2021,2021-03-24,0.23995104324631628,exper2_35
5.728056000000038,7.589645,Validation,2021,2021-03-25,0.1397830542702918,exper2_35
6.848986000000025,8.8480835,Validation,2021,2021-03-26,0.12735482228649123,exper2_35
7.840222400000016,10.082716,Validation,2021,2021-03-27,0.12511863510286175,exper2_35
7.990840400000025,10.022779,Validation,2021,2021-03-28,0.11280015232813102,exper2_35
7.133458000000019,8.54751,Validation,2021,2021-03-29,0.09017632928211088,exper2_35
7.322514000000012,8.813501,Validation,2021,2021-03-30,0.09240121089064442,exper2_35
7.787236000000007,9.585093,Validation,2021,2021-03-31,0.10348966978978122,exper2_35
7.451771000000008,8.976221,Validation,2021,2021-04-01,0.09279588623762876,exper2_35
6.756347000000005,7.3143764,Validation,2021,2021-04-02,0.03965889600482134,exper2_35
6.923666500000024,7.4215193,Validation,2021,2021-04-03,0.03470521658855802,exper2_35
7.678014000000019,8.0006895,Validation,2021,2021-04-04,0.02058049674811034,exper2_35
7.778332999999975,8.363979,Validation,2021,2021-04-05,0.036280201205310184,exper2_35
8.311069499999974,9.080074,Validation,2021,2021-04-06,0.0442181847663863,exper2_35
9.37468050000001,9.794174,Validation,2021,2021-04-07,0.02188412928289761,exper2_35
11.041430000000048,10.484533,Validation,2021,2021-04-08,-0.025870930004161824,exper2_35
11.959238000000028,10.948675,Validation,2021,2021-04-09,-0.044114138092565175,exper2_35
12.969556000000011,11.387562,Validation,2021,2021-04-10,-0.06494997540423242,exper2_35
13.493547999999976,12.410107,Validation,2021,2021-04-11,-0.041825810115588974,exper2_35
12.239591000000019,11.14481,Validation,2021,2021-04-12,-0.04681673437230767,exper2_35
12.659673999999995,11.015771,Validation,2021,2021-04-13,-0.06943493961477927,exper2_35
13.009118,11.560261,Validation,2021,2021-04-14,-0.05897003911651626,exper2_35
12.381208000000015,11.931658,Validation,2021,2021-04-15,-0.01849021882999023,exper2_35
10.978860999999995,10.458516,Validation,2021,2021-04-16,-0.02427278655194207,exper2_35
10.181979000000013,10.660412,Validation,2021,2021-04-17,0.022954796237669002,exper2_35
10.396396000000038,10.401254,Validation,2021,2021-04-18,0.0002335696738006597,exper2_35
10.819028000000003,10.960367,Validation,2021,2021-04-19,0.006489583454589349,exper2_35
11.295146000000045,11.433559,Validation,2021,2021-04-20,0.006089806488345987,exper2_35
11.435764000000006,11.567366,Validation,2021,2021-04-21,0.0057210322415024075,exper2_35
,9.391495,Validation,2021,2021-04-22,,exper2_35
,10.105669,Validation,2021,2021-04-23,,exper2_35
,10.99617,Validation,2021,2021-04-24,,exper2_35
,12.294871,Validation,2021,2021-04-25,,exper2_35
,11.821227,Validation,2021,2021-04-26,,exper2_35
,12.617486,Validation,2021,2021-04-27,,exper2_35
,14.192085,Validation,2021,2021-04-28,,exper2_35
,15.259592,Validation,2021,2021-04-29,,exper2_35
,15.207843,Validation,2021,2021-04-30,,exper2_35
,14.679448,Validation,2021,2021-05-01,,exper2_35
,15.406946,Validation,2021,2021-05-02,,exper2_35
,15.661598,Validation,2021,2021-05-03,,exper2_35
,16.029049,Validation,2021,2021-05-04,,exper2_35
,16.639412,Validation,2021,2021-05-05,,exper2_35
,14.983846,Validation,2021,2021-05-06,,exper2_35
,15.154005,Validation,2021,2021-05-07,,exper2_35
,14.830844,Validation,2021,2021-05-08,,exper2_35
,13.572243,Validation,2021,2021-05-09,,exper2_35
,13.812547,Validation,2021,2021-05-10,,exper2_35
,13.08322,Validation,2021,2021-05-11,,exper2_35
,13.490594,Validation,2021,2021-05-12,,exper2_35
,14.059948,Validation,2021,2021-05-13,,exper2_35
,15.299693,Validation,2021,2021-05-14,,exper2_35
,16.438211,Validation,2021,2021-05-15,,exper2_35
,16.700527,Validation,2021,2021-05-16,,exper2_35
,17.363592,Validation,2021,2021-05-17,,exper2_35
,17.45557,Validation,2021,2021-05-18,,exper2_35
,18.717932,Validation,2021,2021-05-19,,exper2_35
,19.29513,Validation,2021,2021-05-20,,exper2_35
,19.974836,Validation,2021,2021-05-21,,exper2_35
,20.401724,Validation,2021,2021-05-22,,exper2_35
,21.28176,Validation,2021,2021-05-23,,exper2_35
,21.011847,Validation,2021,2021-05-24,,exper2_35
,20.95804,Validation,2021,2021-05-25,,exper2_35
,22.011274,Validation,2021,2021-05-26,,exper2_35
,22.213846,Validation,2021,2021-05-27,,exper2_35
,20.976446,Validation,2021,2021-05-28,,exper2_35
,18.74193,Validation,2021,2021-05-29,,exper2_35
,17.547415,Validation,2021,2021-05-30,,exper2_35
,17.088938,Validation,2021,2021-05-31,,exper2_35
,18.06462,Validation,2021,2021-06-01,,exper2_35
,18.900087,Validation,2021,2021-06-02,,exper2_35
18.447461999999973,19.075804,Validation,2021,2021-06-03,0.016745391000554586,exper2_35
18.625473,19.441196,Validation,2021,2021-06-04,0.021428810390169643,exper2_35
20.41504900000001,21.59223,Validation,2021,2021-06-05,0.028023258719884616,exper2_35
22.650172999999995,23.722109,Validation,2021,2021-06-06,0.023115874362601856,exper2_35
23.588459,24.63402,Validation,2021,2021-06-07,0.021682022089746743,exper2_35
23.840260999999998,24.52057,Validation,2021,2021-06-08,0.014067370851918384,exper2_35
24.467375000000004,24.733313,Validation,2021,2021-06-09,0.005405160369642922,exper2_35
25.193577000000005,25.128418,Validation,2021,2021-06-10,-0.0012948419729875292,exper2_35
24.55759800000004,24.101969,Validation,2021,2021-06-11,-0.009363610591505617,exper2_35
22.885640000000024,23.6415,Validation,2021,2021-06-12,0.016245581940732053,exper2_35
22.078209000000015,23.405682,Validation,2021,2021-06-13,0.029185555419755923,exper2_35
22.59639500000003,23.928339,Validation,2021,2021-06-14,0.028628729062422295,exper2_35
22.545389999999998,23.64036,Validation,2021,2021-06-15,0.02370795930388939,exper2_35
21.810152000000016,22.496077,Validation,2021,2021-06-16,0.01548144822491443,exper2_35
21.81319400000001,21.97256,Validation,2021,2021-06-17,0.003639697042925604,exper2_35
22.01231200000001,21.936499,Validation,2021,2021-06-18,-0.0017250377638169596,exper2_35
22.47033300000004,23.657507,Validation,2021,2021-06-19,0.02573660384319814,exper2_35
23.014181000000008,24.148998,Validation,2021,2021-06-20,0.02406150896295737,exper2_35
24.393965000000037,25.509233,Validation,2021,2021-06-21,0.022348637137880555,exper2_35
24.13519500000001,24.826326,Validation,2021,2021-06-22,0.014115806676288135,exper2_35
22.273027000000013,23.544424,Validation,2021,2021-06-23,0.02774918786784819,exper2_35
22.304153000000042,22.67027,Validation,2021,2021-06-24,0.008140580532007223,exper2_35
22.487840000000006,22.673277,Validation,2021,2021-06-25,0.004106118580960051,exper2_35
23.185778000000028,23.096788,Validation,2021,2021-06-26,-0.0019227454425626946,exper2_35
24.21354100000002,24.80483,Validation,2021,2021-06-27,0.012062611066760308,exper2_35
25.480673000000024,26.240473,Validation,2021,2021-06-28,0.014690312480923458,exper2_35
26.861063,27.047846,Validation,2021,2021-06-29,0.0034647861452156733,exper2_35
28.206688000000042,27.429937,Validation,2021,2021-06-30,-0.013961138589298771,exper2_35
27.16583300000002,26.538496,Validation,2021,2021-07-01,-0.011681311246623267,exper2_35
26.05022200000002,26.205395,Validation,2021,2021-07-02,0.002969494085786519,exper2_35
25.07478500000002,25.246607,Validation,2021,2021-07-03,0.0034144887600417884,exper2_35
24.546228000000042,24.304422,Validation,2021,2021-07-04,-0.004949895642867986,exper2_35
24.85588800000005,24.837818,Validation,2021,2021-07-05,-0.00036362460459475095,exper2_35
25.466007000000047,25.981913,Validation,2021,2021-07-06,0.010027725451224713,exper2_35
26.34447300000005,26.485544,Validation,2021,2021-07-07,0.002670285042028745,exper2_35
26.459270000000004,26.035557,Validation,2021,2021-07-08,-0.008071523094193641,exper2_35
25.98705000000001,25.736324,Validation,2021,2021-07-09,-0.0048474348984485025,exper2_35
25.573076000000015,25.44823,Validation,2021,2021-07-10,-0.0024469239335572495,exper2_35
25.057367,25.259192,Validation,2021,2021-07-11,0.004011095333738558,exper2_35
25.059555000000046,25.221357,Validation,2021,2021-07-12,0.0032179675752289486,exper2_35
25.669264,25.208601,Validation,2021,2021-07-13,-0.00905429113611554,exper2_35
25.832449999999994,25.664206,Validation,2021,2021-07-14,-0.003267094669583539,exper2_35
26.25436000000002,25.713633,Validation,2021,2021-07-15,-0.010405008727474083,exper2_35
27.08282700000001,26.977404,Validation,2021,2021-07-16,-0.0019501093133235227,exper2_35
27.232695000000035,26.749994,Validation,2021,2021-07-17,-0.00894176871330978,exper2_35
27.035055,26.20071,Validation,2021,2021-07-18,-0.015672634716907954,exper2_35
26.203868999999997,25.908705,Validation,2021,2021-07-19,-0.005663973606101337,exper2_35
26.30083300000001,25.69221,Validation,2021,2021-07-20,-0.011705869284817108,exper2_35
25.94561200000004,25.38115,Validation,2021,2021-07-21,-0.010997434745525569,exper2_35
25.183048000000042,25.06325,Validation,2021,2021-07-22,-0.0023842236689679414,exper2_35
24.883493000000044,24.774778,Validation,2021,2021-07-23,-0.00218925530270103,exper2_35
24.803020000000004,24.921108,Validation,2021,2021-07-24,0.0023748680975510593,exper2_35
24.933868000000018,25.240025,Validation,2021,2021-07-25,0.006101909797882987,exper2_35
25.637264000000016,26.22487,Validation,2021,2021-07-26,0.011330167671816077,exper2_35
25.94491000000005,26.821527,Validation,2021,2021-07-27,0.01661316402861927,exper2_35
25.644993,25.998938,Validation,2021,2021-07-28,0.006853556703618543,exper2_35
24.920083999999974,25.329182,Validation,2021,2021-07-29,0.008141366160850044,exper2_35
24.15757000000002,25.038748,Validation,2021,2021-07-30,0.017911458155917007,exper2_35
23.676603,24.700531,Validation,2021,2021-07-31,0.021165536712765127,exper2_35
23.38243700000004,23.96049,Validation,2021,2021-08-01,0.012209897413967984,exper2_35
22.912390000000016,23.85543,Validation,2021,2021-08-02,0.02016430508986093,exper2_35
22.725945000000024,23.658049,Validation,2021,2021-08-03,0.020095372494244743,exper2_35
22.897209999999973,23.502712,Validation,2021,2021-08-04,0.013049639318287282,exper2_35
22.99929800000001,23.53242,Validation,2021,2021-08-05,0.011457157327043985,exper2_35
23.31300699999997,24.495195,Validation,2021,2021-08-06,0.02472773142943094,exper2_35
24.227070000000026,24.534185,Validation,2021,2021-08-07,0.0062983491086603316,exper2_35
24.513382000000036,25.58859,Validation,2021,2021-08-08,0.021460404963719686,exper2_35
25.112896000000035,25.37729,Validation,2021,2021-08-09,0.005236556702479998,exper2_35
25.575986999999998,25.875607,Validation,2021,2021-08-10,0.005823328613730073,exper2_35
26.08620000000002,26.364155,Validation,2021,2021-08-11,0.005299388662872247,exper2_35
26.613522000000046,27.589758,Validation,2021,2021-08-12,0.018010642912471866,exper2_35
26.904799000000025,28.332272,Validation,2021,2021-08-13,0.0258426553226702,exper2_35
27.015048999999976,26.974699,Validation,2021,2021-08-14,-0.0007473637328145817,exper2_35
25.909708000000023,26.366383,Validation,2021,2021-08-15,0.00873582155140615,exper2_35
25.602165000000014,25.535368,Validation,2021,2021-08-16,-0.0013062232459781968,exper2_35
25.18557000000004,25.59966,Validation,2021,2021-08-17,0.008153765697062686,exper2_35
25.01152000000002,25.100473,Validation,2021,2021-08-18,0.0017750921064670342,exper2_35
24.931187000000023,24.89093,Validation,2021,2021-08-19,-0.0008080111103416062,exper2_35
24.835090000000037,24.714548,Validation,2021,2021-08-20,-0.0024327501397321968,exper2_35
24.908472000000017,24.90027,Validation,2021,2021-08-21,-0.00016466061093864848,exper2_35
24.99251400000003,25.046688,Validation,2021,2021-08-22,0.0010826327675554285,exper2_35
24.622034000000042,24.741884,Validation,2021,2021-08-23,0.002427891380200419,exper2_35
25.093353000000036,25.316158,Validation,2021,2021-08-24,0.004419905866082502,exper2_35
25.290493000000026,25.905897,Validation,2021,2021-08-25,0.012020459622524035,exper2_35
25.882736000000023,26.490578,Validation,2021,2021-08-26,0.011605943081274833,exper2_35
26.301563000000044,26.07993,Validation,2021,2021-08-27,-0.0042311442122507465,exper2_35
25.838311999999974,25.338873,Validation,2021,2021-08-28,-0.009759018424651895,exper2_35
24.86785500000002,24.924665,Validation,2021,2021-08-29,0.0011409434697252179,exper2_35
24.891777000000047,24.708826,Validation,2021,2021-08-30,-0.003688482067376986,exper2_35
25.055902000000003,24.752052,Validation,2021,2021-08-31,-0.006100425064588681,exper2_35
24.228034999999977,23.773335,Validation,2021,2021-09-01,-0.009472656749847203,exper2_35
22.530403000000035,21.668276,Validation,2021,2021-09-02,-0.01950572256073703,exper2_35
21.861216000000013,21.282263,Validation,2021,2021-09-03,-0.013419251621579637,exper2_35
21.52141800000004,21.286085,Validation,2021,2021-09-04,-0.005497467827260864,exper2_35
21.635140000000035,20.644608,Validation,2021,2021-09-05,-0.023428059853601742,exper2_35
21.670605000000023,20.917116,Validation,2021,2021-09-06,-0.017692630979637417,exper2_35
21.620077000000038,21.462734,Validation,2021,2021-09-07,-0.0036521009916380925,exper2_35
21.920105000000035,21.640358,Validation,2021,2021-09-08,-0.006422039843645337,exper2_35
22.14202700000004,21.510036,Validation,2021,2021-09-09,-0.014477907372011193,exper2_35
21.396140000000003,21.06795,Validation,2021,2021-09-10,-0.007728664629441634,exper2_35
21.02364,20.834661,Validation,2021,2021-09-11,-0.004514720128064679,exper2_35
21.085480000000018,21.008451,Validation,2021,2021-09-12,-0.0018299202648235314,exper2_35
21.43677100000002,21.088717,Validation,2021,2021-09-13,-0.008184609123765247,exper2_35
21.58108500000003,21.62302,Validation,2021,2021-09-14,0.000970629340708404,exper2_35
22.19656199999997,22.521992,Validation,2021,2021-09-15,0.007277286553208827,exper2_35
22.589111000000003,22.10904,Validation,2021,2021-09-16,-0.010740303347363688,exper2_35
22.516534999999976,21.679752,Validation,2021,2021-09-17,-0.018933324501277018,exper2_35
22.703714000000048,21.767889,Validation,2021,2021-09-18,-0.02104320315803642,exper2_35
22.475195000000042,21.589457,Validation,2021,2021-09-19,-0.02010088382526019,exper2_35
22.012535000000014,20.855852,Validation,2021,2021-09-20,-0.026982187818171265,exper2_35
21.67063300000001,20.370447,Validation,2021,2021-09-21,-0.030926556507943626,exper2_35
21.523618999999997,20.55398,Validation,2021,2021-09-22,-0.023044069820956792,exper2_35
21.247951999999998,20.389507,Validation,2021,2021-09-23,-0.020617125080652794,exper2_35
20.771784000000025,20.091784,Validation,2021,2021-09-24,-0.01664075159488719,exper2_35
20.347646999999995,19.832909,Validation,2021,2021-09-25,-0.012810633440813554,exper2_35
20.153812000000016,19.47616,Validation,2021,2021-09-26,-0.017099480910967264,exper2_35
19.86513100000002,19.50158,Validation,2021,2021-09-27,-0.009235003704986795,exper2_35
19.52711899999997,19.195051,Validation,2021,2021-09-28,-0.008575650721680384,exper2_35
18.859312000000045,18.426588,Validation,2021,2021-09-29,-0.011605565129171302,exper2_35
18.41137500000002,17.993246,Validation,2021,2021-09-30,-0.01148560015519159,exper2_35
17.970471999999972,17.06311,Validation,2021,2021-10-01,-0.02589976780941458,exper2_35
17.77992400000005,16.997732,Validation,2021,2021-10-02,-0.02249121774826314,exper2_35
17.580630000000042,17.036726,Validation,2021,2021-10-03,-0.015711887473666152,exper2_35
17.672506,16.99322,Validation,2021,2021-10-04,-0.01959533853768917,exper2_35
17.643943999999976,16.810154,Validation,2021,2021-10-05,-0.024200025197517624,exper2_35
17.718526999999995,16.912003,Validation,2021,2021-10-06,-0.023289405235490286,exper2_35
17.958563000000026,17.595222,Validation,2021,2021-10-07,-0.010219461079044407,exper2_35
18.198397,18.042799,Validation,2021,2021-10-08,-0.0042934014662655015,exper2_35
18.11625700000002,17.574835,Validation,2021,2021-10-09,-0.015169672563322602,exper2_35
17.771473000000015,17.126713,Validation,2021,2021-10-10,-0.01847546473160473,exper2_35
17.562508000000037,17.377165,Validation,2021,2021-10-11,-0.005304662128544714,exper2_35
17.634388,17.572823,Validation,2021,2021-10-12,-0.0017486596694564474,exper2_35
17.840153000000043,17.690874,Validation,2021,2021-10-13,-0.004201367437242653,exper2_35
18.003237000000013,18.41712,Validation,2021,2021-10-14,0.011364056098826153,exper2_35
18.145318999999972,19.102077,Validation,2021,2021-10-15,0.025686586834022397,exper2_35
18.328333000000043,18.957003,Validation,2021,2021-10-16,0.016861042792917533,exper2_35
17.561117000000024,17.815254,Validation,2021,2021-10-17,0.007183812322267698,exper2_35
16.511923000000024,16.837477,Validation,2021,2021-10-18,0.009761906750315918,exper2_35
15.697361,15.931604,Validation,2021,2021-10-19,0.007405976848179832,exper2_35
15.52363200000002,16.198982,Validation,2021,2021-10-20,0.0212892365580683,exper2_35
15.655105000000049,16.386961,Validation,2021,2021-10-21,0.02284047425837938,exper2_35
15.541347500000029,15.966191,Validation,2021,2021-10-22,0.013483877449656526,exper2_35
15.085076000000015,15.228418,Validation,2021,2021-10-23,0.0047286646852269755,exper2_35
14.591833000000008,14.335426,Validation,2021,2021-10-24,-0.008863842457507412,exper2_35
14.317542000000003,14.361033,Validation,2021,2021-10-25,0.0015165132496824962,exper2_35
,14.57978,Validation,2021,2021-10-26,,exper2_35
14.03231100000005,13.999527,Validation,2021,2021-10-27,-0.0011695281089757958,exper2_35
13.878949999999975,13.93898,Validation,2021,2021-10-28,0.002157964389076114,exper2_35
13.48621700000001,13.327462,Validation,2021,2021-10-29,-0.005920664690861323,exper2_35
12.987854000000027,12.879145,Validation,2021,2021-10-30,-0.004202626397200682,exper2_35
12.973979000000043,12.649638,Validation,2021,2021-10-31,-0.012657885957644067,exper2_35
12.683118000000036,12.476819,Validation,2021,2021-11-01,-0.008199502299792494,exper2_35
12.280014000000051,12.016302,Validation,2021,2021-11-02,-0.010853986672500968,exper2_35
11.665847000000042,11.007008,Validation,2021,2021-11-03,-0.02905851128052141,exper2_35
11.170792000000006,10.316104,Validation,2021,2021-11-04,-0.03977717709129363,exper2_35
10.801291000000049,9.672047,Validation,2021,2021-11-05,-0.05515682676173596,exper2_35
10.396947000000011,8.564957,Validation,2021,2021-11-06,-0.09661426232950825,exper2_35
10.222094000000027,7.8029203,Validation,2021,2021-11-07,-0.13421202406145327,exper2_35
10.237868000000049,7.9541683,Validation,2021,2021-11-08,-0.12553293321125494,exper2_35
10.40736800000002,8.474876,Validation,2021,2021-11-09,-0.10234437998279673,exper2_35
10.373424,8.938126,Validation,2021,2021-11-10,-0.0743233152495994,exper2_35
10.023221999999976,8.024848,Validation,2021,2021-11-11,-0.11072508126480289,exper2_35
10.380632000000048,8.081545,Validation,2021,2021-11-12,-0.12452957954691879,exper2_35
9.844848000000013,7.081492,Validation,2021,2021-11-13,-0.16325774275184005,exper2_35
9.392965000000004,6.107653,Validation,2021,2021-11-14,-0.21194715133868344,exper2_35
8.916868000000022,5.4305067,Validation,2021,2021-11-15,-0.24299646208072215,exper2_35
8.589666000000022,5.005104,Validation,2021,2021-11-16,-0.2636721267027961,exper2_35
8.296125000000018,4.6574883,Validation,2021,2021-11-17,-0.2808974265852779,exper2_35
8.456021000000021,4.7916,Validation,2021,2021-11-18,-0.2766097180584492,exper2_35
8.004465000000039,4.73386,Validation,2021,2021-11-19,-0.25675314298044966,exper2_35
7.611514,4.361552,Validation,2021,2021-11-20,-0.27143943774105833,exper2_35
7.472041600000011,4.272352,Validation,2021,2021-11-21,-0.2724439788707537,exper2_35
7.214174000000014,4.2905035,Validation,2021,2021-11-22,-0.25412885303626165,exper2_35
6.570729300000039,4.061986,Validation,2021,2021-11-23,-0.2359456890228842,exper2_35
6.216479000000049,3.8709748,Validation,2021,2021-11-24,-0.2325169732845631,exper2_35
6.068881999999974,3.7009354,Validation,2021,2021-11-25,-0.24237368499965628,exper2_35
5.826194299999997,3.5837457,Validation,2021,2021-11-26,-0.2383063630275657,exper2_35
5.231118000000038,3.49599,Validation,2021,2021-11-27,-0.1988204975282815,exper2_35
4.896749999999997,3.4226568,Validation,2021,2021-11-28,-0.17718730018030868,exper2_35
4.534159699999975,3.3151505,Validation,2021,2021-11-29,-0.15530144301826734,exper2_35
4.253194300000018,3.2675774,Validation,2021,2021-11-30,-0.13105262708330076,exper2_35
4.069576300000051,3.2013168,Validation,2021,2021-12-01,-0.11941579260792443,exper2_35
4.102270599999997,3.2892997,Validation,2021,2021-12-02,-0.10998621911242239,exper2_35
3.965510600000016,3.5538812,Validation,2021,2021-12-03,-0.054742384000563145,exper2_35
3.823361200000022,3.613921,Validation,2021,2021-12-04,-0.028160861639308348,exper2_35
3.8460417000000007,3.59491,Validation,2021,2021-12-05,-0.033749956577744634,exper2_35
4.01267340000004,3.4641442,Validation,2021,2021-12-06,-0.07336398950247905,exper2_35
3.809583400000008,3.6270065,Validation,2021,2021-12-07,-0.024551154620352737,exper2_35
3.4657291999999984,3.5168612,Validation,2021,2021-12-08,0.007322783866888047,exper2_35
3.1769652000000406,3.290426,Validation,2021,2021-12-09,0.01754352134686203,exper2_35
3.0933194000000412,3.1183436,Validation,2021,2021-12-10,0.004028581673458352,exper2_35
3.410520799999972,2.9832284,Validation,2021,2021-12-11,-0.06682970172430099,exper2_35
3.4961042000000475,3.2436388,Validation,2021,2021-12-12,-0.03745920991887399,exper2_35
3.250882000000047,3.3779252,Validation,2021,2021-12-13,0.019165312027867445,exper2_35
3.2033334000000195,3.441684,Validation,2021,2021-12-14,0.0358690719711925,exper2_35
3.2788333999999963,3.538707,Validation,2021,2021-12-15,0.03811838316591409,exper2_35
3.614771000000019,3.4750764,Validation,2021,2021-12-16,-0.019703465306545247,exper2_35
3.821208200000001,3.9756134,Validation,2021,2021-12-17,0.019803602600725265,exper2_35
3.7354374000000234,4.2629795,Validation,2021,2021-12-18,0.06595581520077279,exper2_35
3.4359097000000247,3.9648292,Validation,2021,2021-12-19,0.07146847269594729,exper2_35
2.9934096000000068,3.891771,Validation,2021,2021-12-20,0.13047754592205849,exper2_35
3.333500000000015,3.8215406,Validation,2021,2021-12-21,0.0682093396511693,exper2_35
3.272666700000002,3.8183005,Validation,2021,2021-12-22,0.07694772396044414,exper2_35
2.975736100000006,3.5942564,Validation,2021,2021-12-23,0.09414322785939618,exper2_35
2.897909600000048,3.715761,Validation,2021,2021-12-24,0.12366073280359176,exper2_35
2.966020800000024,3.5184958,Validation,2021,2021-12-25,0.08519910308686392,exper2_35
2.9516179999999963,3.3262885,Validation,2021,2021-12-26,0.05968079708925954,exper2_35
2.5509722000000465,3.4682956,Validation,2021,2021-12-27,0.1523978345209755,exper2_35
2.5308542000000216,3.2655005,Validation,2021,2021-12-28,0.12674281988551697,exper2_35
2.6437848000000486,3.112883,Validation,2021,2021-12-29,0.08148781549626069,exper2_35
2.7877152000000365,2.8691835,Validation,2021,2021-12-30,0.014401590709619756,exper2_35
3.0018542000000252,3.009372,Validation,2021,2021-12-31,0.001250626025514267,exper2_35
