LSWT,projection,Phase,Year,Date,Error,Lake
4.099999904632568,3.9868312,Calibration,1990,1990-01-01,-0.013994198114381278,exper2_05
3.9000000953674316,4.092609,Calibration,1990,1990-01-02,0.02409836797139386,exper2_05
4.0,3.7715147,Calibration,1990,1990-01-03,-0.02940036222130289,exper2_05
4.0,3.4646857,Calibration,1990,1990-01-04,-0.07171290856372677,exper2_05
3.700000047683716,3.1615684,Calibration,1990,1990-01-05,-0.07847063660304918,exper2_05
3.5999999046325684,2.886791,Calibration,1990,1990-01-06,-0.10994788105502831,exper2_05
3.5999999046325684,2.5693,Calibration,1990,1990-01-07,-0.16706919665345993,exper2_05
3.5,2.379194,Calibration,1990,1990-01-08,-0.19063939287063975,exper2_05
3.5,2.2886817,Calibration,1990,1990-01-09,-0.20925632254811272,exper2_05
3.4000000953674316,2.2898984,Calibration,1990,1990-01-10,-0.19510044012268257,exper2_05
3.0999999046325684,2.3338113,Calibration,1990,1990-01-11,-0.14100390960383757,exper2_05
2.5,2.3307798,Calibration,1990,1990-01-12,-0.03502958454890318,exper2_05
2.200000047683716,2.3214726,Calibration,1990,1990-01-13,0.026865715085256182,exper2_05
2.200000047683716,2.4059875,Calibration,1990,1990-01-14,0.04472166962611559,exper2_05
2.5999999046325684,2.4090028,Calibration,1990,1990-01-15,-0.0381307688792762,exper2_05
2.4000000953674316,2.5137174,Calibration,1990,1990-01-16,0.023142827683667218,exper2_05
2.5,2.6148462,Calibration,1990,1990-01-17,0.02245350581404563,exper2_05
2.5,2.7579365,Calibration,1990,1990-01-18,0.04905659829802084,exper2_05
2.4000000953674316,2.6446915,Calibration,1990,1990-01-19,0.04850472400121556,exper2_05
2.799999952316284,2.6009936,Calibration,1990,1990-01-20,-0.03684624243529969,exper2_05
2.9000000953674316,2.617203,Calibration,1990,1990-01-21,-0.05125732974020332,exper2_05
3.200000047683716,2.589685,Calibration,1990,1990-01-22,-0.10541421222524625,exper2_05
3.200000047683716,2.492583,Calibration,1990,1990-01-23,-0.12426994930229082,exper2_05
3.0999999046325684,2.6243434,Calibration,1990,1990-01-24,-0.08309363790438139,exper2_05
2.700000047683716,2.711254,Calibration,1990,1990-01-25,0.00207970905045742,exper2_05
2.5,2.803335,Calibration,1990,1990-01-26,0.057197019268156485,exper2_05
2.5,2.7554803,Calibration,1990,1990-01-27,0.048612167754037296,exper2_05
2.700000047683716,2.8395557,Calibration,1990,1990-01-28,0.025192578252218104,exper2_05
3.200000047683716,2.975967,Calibration,1990,1990-01-29,-0.0362749862636424,exper2_05
3.200000047683716,2.921413,Calibration,1990,1990-01-30,-0.04551026098588175,exper2_05
3.200000047683716,2.8747296,Calibration,1990,1990-01-31,-0.053544837619518275,exper2_05
3.0,2.8938484,Calibration,1990,1990-02-01,-0.01801057191510624,exper2_05
2.9000000953674316,2.882687,Calibration,1990,1990-02-02,-0.002993937416911805,exper2_05
3.4000000953674316,2.8866131,Calibration,1990,1990-02-03,-0.08166351998240896,exper2_05
3.200000047683716,2.7215211,Calibration,1990,1990-02-04,-0.0808033769435987,exper2_05
3.4000000953674316,2.604114,Calibration,1990,1990-02-05,-0.13255678018733213,exper2_05
3.4000000953674316,2.5803144,Calibration,1990,1990-02-06,-0.13706397857343647,exper2_05
3.200000047683716,2.6351862,Calibration,1990,1990-02-07,-0.09679448586276068,exper2_05
3.5,2.5563462,Calibration,1990,1990-02-08,-0.15581239813611103,exper2_05
3.5,2.6254954,Calibration,1990,1990-02-09,-0.14276470787426063,exper2_05
3.5,2.6669369,Calibration,1990,1990-02-10,-0.1350853985663346,exper2_05
3.5,2.8916557,Calibration,1990,1990-02-11,-0.0951778923341127,exper2_05
3.200000047683716,2.9808114,Calibration,1990,1990-02-12,-0.03546276950009879,exper2_05
3.200000047683716,3.0806227,Calibration,1990,1990-02-13,-0.019007251343923004,exper2_05
3.299999952316284,2.989254,Calibration,1990,1990-02-14,-0.04940903276892949,exper2_05
3.5,3.0718944,Calibration,1990,1990-02-15,-0.06514188545907361,exper2_05
3.4000000953674316,3.2753518,Calibration,1990,1990-02-16,-0.01867292320236956,exper2_05
3.5999999046325684,3.1431472,Calibration,1990,1990-02-17,-0.06775066083428984,exper2_05
3.5999999046325684,3.0250926,Calibration,1990,1990-02-18,-0.08677724911770163,exper2_05
3.4000000953674316,2.9355078,Calibration,1990,1990-02-19,-0.07331571999687202,exper2_05
3.799999952316284,3.1119432,Calibration,1990,1990-02-20,-0.09954605929862348,exper2_05
3.5,3.3536038,Calibration,1990,1990-02-21,-0.021360464296754294,exper2_05
4.300000190734863,3.5896492,Calibration,1990,1990-02-22,-0.09003581212240404,exper2_05
4.5,3.6908658,Calibration,1990,1990-02-23,-0.09878494766159236,exper2_05
4.599999904632568,3.9535396,Calibration,1990,1990-02-24,-0.07557810350025065,exper2_05
4.699999809265137,3.9744809,Calibration,1990,1990-02-25,-0.08363831437565403,exper2_05
4.699999809265137,3.8814585,Calibration,1990,1990-02-26,-0.09538487013327084,exper2_05
4.5,3.7908998,Calibration,1990,1990-02-27,-0.08552753832586897,exper2_05
4.099999904632568,4.285461,Calibration,1990,1990-02-28,0.022116976937817143,exper2_05
4.0,4.3294024,Calibration,1990,1990-03-01,0.03954694815778523,exper2_05
3.9000000953674316,3.9415255,Calibration,1990,1990-03-02,0.005295572096612981,exper2_05
4.099999904632568,3.7449164,Calibration,1990,1990-03-03,-0.0452628747101717,exper2_05
3.700000047683716,3.6800265,Calibration,1990,1990-03-04,-0.002706428798146932,exper2_05
3.9000000953674316,3.8617442,Calibration,1990,1990-03-05,-0.004928780008917185,exper2_05
4.199999809265137,4.238013,Calibration,1990,1990-03-06,0.004504968553263642,exper2_05
4.5,4.364034,Calibration,1990,1990-03-07,-0.015339045566553144,exper2_05
4.5,4.458809,Calibration,1990,1990-03-08,-0.004597832316655156,exper2_05
5.0,4.4128237,Calibration,1990,1990-03-09,-0.06238046553106409,exper2_05
4.900000095367432,4.8043976,Calibration,1990,1990-03-10,-0.009851462762357176,exper2_05
5.099999904632568,4.9738913,Calibration,1990,1990-03-11,-0.012518364984684387,exper2_05
5.199999809265137,5.1243434,Calibration,1990,1990-03-12,-0.007327963874643291,exper2_05
6.099999904632568,5.1883225,Calibration,1990,1990-03-13,-0.08076287372861138,exper2_05
6.099999904632568,5.2249703,Calibration,1990,1990-03-14,-0.07726550665881157,exper2_05
6.699999809265137,5.4743676,Calibration,1990,1990-03-15,-0.1006731723820838,exper2_05
6.699999809265137,5.459698,Calibration,1990,1990-03-16,-0.10200102075489197,exper2_05
6.699999809265137,5.5684605,Calibration,1990,1990-03-17,-0.09223156936892496,exper2_05
7.099999904632568,5.657677,Calibration,1990,1990-03-18,-0.11305527818048866,exper2_05
7.0,6.0447593,Calibration,1990,1990-03-19,-0.07322793057663854,exper2_05
7.099999904632568,6.577374,Calibration,1990,1990-03-20,-0.03821098461653886,exper2_05
8.0,7.250753,Calibration,1990,1990-03-21,-0.049128530097429124,exper2_05
8.199999809265137,7.9600883,Calibration,1990,1990-03-22,-0.014845931242403953,exper2_05
8.699999809265137,7.287803,Calibration,1990,1990-03-23,-0.08832962463702532,exper2_05
8.899999618530273,7.4439483,Calibration,1990,1990-03-24,-0.0890881052527439,exper2_05
8.0,7.5368385,Calibration,1990,1990-03-25,-0.029810534978979293,exper2_05
7.599999904632568,7.0000243,Calibration,1990,1990-03-26,-0.041094150034276695,exper2_05
7.300000190734863,6.8848777,Calibration,1990,1990-03-27,-0.029265145088661043,exper2_05
6.800000190734863,6.78555,Calibration,1990,1990-03-28,-0.0010636354740401201,exper2_05
7.099999904632568,6.6981993,Calibration,1990,1990-03-29,-0.029119787830916774,exper2_05
7.5,6.816092,Calibration,1990,1990-03-30,-0.04777197471233824,exper2_05
7.5,7.1748977,Calibration,1990,1990-03-31,-0.022153635176771023,exper2_05
8.399999618530273,8.052102,Calibration,1990,1990-04-01,-0.021146084299025016,exper2_05
8.600000381469727,8.222,Calibration,1990,1990-04-02,-0.02247058899563505,exper2_05
8.100000381469727,8.2312565,Calibration,1990,1990-04-03,0.008037109733129556,exper2_05
8.300000190734863,8.36608,Calibration,1990,1990-04-04,0.003964945056127233,exper2_05
8.0,8.296401,Calibration,1990,1990-04-05,0.018188127760889725,exper2_05
7.900000095367432,8.58577,Calibration,1990,1990-04-06,0.04159766686098886,exper2_05
8.300000190734863,8.721714,Calibration,1990,1990-04-07,0.024775050492866064,exper2_05
8.300000190734863,8.604559,Calibration,1990,1990-04-08,0.01801636774595552,exper2_05
7.699999809265137,8.480842,Calibration,1990,1990-04-09,0.04825718303971947,exper2_05
7.400000095367432,8.606982,Calibration,1990,1990-04-10,0.07540347775445108,exper2_05
7.199999809265137,9.121077,Calibration,1990,1990-04-11,0.1177052743534798,exper2_05
7.300000190734863,8.94451,Calibration,1990,1990-04-12,0.1012348296931172,exper2_05
7.5,8.649955,Calibration,1990,1990-04-13,0.07120483062490053,exper2_05
8.100000381469727,9.530454,Calibration,1990,1990-04-14,0.08113536357775201,exper2_05
8.300000190734863,9.27501,Calibration,1990,1990-04-15,0.05547706098530697,exper2_05
8.5,9.443347,Calibration,1990,1990-04-16,0.05257363514347597,exper2_05
8.300000190734863,9.967708,Calibration,1990,1990-04-17,0.0912926492606661,exper2_05
8.800000190734863,9.854409,Calibration,1990,1990-04-18,0.05652331328244796,exper2_05
8.699999809265137,10.024779,Calibration,1990,1990-04-19,0.07075007407934072,exper2_05
8.600000381469727,9.67083,Calibration,1990,1990-04-20,0.05860868840820041,exper2_05
8.600000381469727,9.960843,Calibration,1990,1990-04-21,0.07331793445379835,exper2_05
8.800000190734863,10.127602,Calibration,1990,1990-04-22,0.07014102715323287,exper2_05
9.300000190734863,10.10997,Calibration,1990,1990-04-23,0.04172957970609393,exper2_05
9.300000190734863,9.853888,Calibration,1990,1990-04-24,0.028917751555978505,exper2_05
9.0,10.281657,Calibration,1990,1990-04-25,0.06647028335690029,exper2_05
9.699999809265137,10.423511,Calibration,1990,1990-04-26,0.03595350558716802,exper2_05
10.300000190734863,11.218785,Calibration,1990,1990-04-27,0.04269688436693325,exper2_05
10.800000190734863,11.886273,Calibration,1990,1990-04-28,0.047882398569177885,exper2_05
10.800000190734863,11.73301,Calibration,1990,1990-04-29,0.04140636698460875,exper2_05
11.199999809265137,12.48059,Calibration,1990,1990-04-30,0.0540776253843095,exper2_05
13.0,13.314188,Calibration,1990,1990-05-01,0.011939870745689415,exper2_05
12.899999618530273,13.966643,Calibration,1990,1990-05-02,0.03970141401037076,exper2_05
14.0,13.607107,Calibration,1990,1990-05-03,-0.014231583019985733,exper2_05
13.600000381469727,14.236413,Calibration,1990,1990-05-04,0.022862594105677234,exper2_05
14.0,15.223777,Calibration,1990,1990-05-05,0.041876066361019065,exper2_05
15.300000190734863,16.06762,Calibration,1990,1990-05-06,0.024471705053729503,exper2_05
15.5,16.621798,Calibration,1990,1990-05-07,0.034923249842809895,exper2_05
15.5,16.628836,Calibration,1990,1990-05-08,0.03513465876605091,exper2_05
15.699999809265137,16.878683,Calibration,1990,1990-05-09,0.03617958665123982,exper2_05
16.5,17.042273,Calibration,1990,1990-05-10,0.01616684041469569,exper2_05
16.399999618530273,17.24269,Calibration,1990,1990-05-11,0.025048221335447804,exper2_05
17.0,17.237896,Calibration,1990,1990-05-12,0.006948323162596199,exper2_05
16.5,17.439241,Calibration,1990,1990-05-13,0.027674201611481482,exper2_05
17.0,17.863321,Calibration,1990,1990-05-14,0.024763025208796755,exper2_05
17.299999237060547,17.860842,Calibration,1990,1990-05-15,0.015950770751671048,exper2_05
17.5,17.979742,Calibration,1990,1990-05-16,0.013521576608209518,exper2_05
17.899999618530273,18.041164,Calibration,1990,1990-05-17,0.003927662988249383,exper2_05
18.100000381469727,17.932928,Calibration,1990,1990-05-18,-0.004636656060206974,exper2_05
18.0,18.354132,Calibration,1990,1990-05-19,0.00974116784150711,exper2_05
17.399999618530273,17.75889,Calibration,1990,1990-05-20,0.010207675378541455,exper2_05
17.299999237060547,18.233522,Calibration,1990,1990-05-21,0.026271619999764892,exper2_05
17.899999618530273,18.146654,Calibration,1990,1990-05-22,0.006842646538716581,exper2_05
17.799999237060547,17.973475,Calibration,1990,1990-05-23,0.004849270908538638,exper2_05
19.450000762939453,18.303965,Calibration,1990,1990-05-24,-0.03035538483448807,exper2_05
19.0,18.670637,Calibration,1990,1990-05-25,-0.008743225343378971,exper2_05
18.100000381469727,18.62502,Calibration,1990,1990-05-26,0.014295940473511447,exper2_05
17.299999237060547,18.673182,Calibration,1990,1990-05-27,0.03817239030096382,exper2_05
17.299999237060547,18.677612,Calibration,1990,1990-05-28,0.03829084279339626,exper2_05
17.399999618530273,18.20133,Calibration,1990,1990-05-29,0.022508444792088012,exper2_05
17.200000762939453,18.414803,Calibration,1990,1990-05-30,0.03410946222593394,exper2_05
17.200000762939453,18.899467,Calibration,1990,1990-05-31,0.04707733350635336,exper2_05
17.299999237060547,19.330458,Calibration,1990,1990-06-01,0.05543087967769074,exper2_05
17.899999618530273,19.864286,Calibration,1990,1990-06-02,0.05201440329238892,exper2_05
18.600000381469727,19.89525,Calibration,1990,1990-06-03,0.03364700619811186,exper2_05
18.200000762939453,18.864838,Calibration,1990,1990-06-04,0.017937131580098443,exper2_05
18.5,18.005766,Calibration,1990,1990-06-05,-0.013538521181418461,exper2_05
17.899999618530273,17.729815,Calibration,1990,1990-06-06,-0.00477647984366833,exper2_05
17.799999237060547,17.16487,Calibration,1990,1990-06-07,-0.018164802414794817,exper2_05
18.100000381469727,17.248077,Calibration,1990,1990-06-08,-0.024100970761048668,exper2_05
17.899999618530273,17.522108,Calibration,1990,1990-06-09,-0.010668239839503633,exper2_05
17.600000381469727,17.958456,Calibration,1990,1990-06-10,0.010080742924158895,exper2_05
17.299999237060547,17.964155,Calibration,1990,1990-06-11,0.018833741251961415,exper2_05
17.600000381469727,18.612661,Calibration,1990,1990-06-12,0.02796427910786678,exper2_05
17.5,18.531023,Calibration,1990,1990-06-13,0.028614869602305016,exper2_05
17.5,18.356684,Calibration,1990,1990-06-14,0.023891884076735273,exper2_05
17.799999237060547,18.833588,Calibration,1990,1990-06-15,0.028214229000002602,exper2_05
18.0,18.814283,Calibration,1990,1990-06-16,0.022118680479700656,exper2_05
18.399999618530273,18.978178,Calibration,1990,1990-06-17,0.01546834121466985,exper2_05
18.5,19.369604,Calibration,1990,1990-06-18,0.02296311596433246,exper2_05
19.0,19.859358,Calibration,1990,1990-06-19,0.022114566008434,exper2_05
19.899999618530273,20.347113,Calibration,1990,1990-06-20,0.011109195463852604,exper2_05
20.5,20.13268,Calibration,1990,1990-06-21,-0.009039991922350544,exper2_05
20.0,20.451283,Calibration,1990,1990-06-22,0.01115619761146225,exper2_05
20.700000762939453,19.548655,Calibration,1990,1990-06-23,-0.02860583036957785,exper2_05
20.200000762939453,20.130968,Calibration,1990,1990-06-24,-0.0017116541214884265,exper2_05
19.700000762939453,20.338028,Calibration,1990,1990-06-25,0.01593552958541517,exper2_05
20.600000381469727,20.822245,Calibration,1990,1990-06-26,0.005365336006239482,exper2_05
21.399999618530273,21.539284,Calibration,1990,1990-06-27,0.003243746121885521,exper2_05
22.200000762939453,21.712122,Calibration,1990,1990-06-28,-0.011110344231769835,exper2_05
22.100000381469727,21.949133,Calibration,1990,1990-06-29,-0.0034249813981136234,exper2_05
22.600000381469727,22.334501,Calibration,1990,1990-06-30,-0.0059085803837406435,exper2_05
23.399999618530273,22.621965,Calibration,1990,1990-07-01,-0.016905714689737113,exper2_05
22.299999237060547,21.809479,Calibration,1990,1990-07-02,-0.011120523288219745,exper2_05
21.700000762939453,21.052965,Calibration,1990,1990-07-03,-0.01513428565067997,exper2_05
20.5,21.253004,Calibration,1990,1990-07-04,0.018034728058377938,exper2_05
20.100000381469727,21.50814,Calibration,1990,1990-07-05,0.03384290070401774,exper2_05
20.5,21.67014,Calibration,1990,1990-07-06,0.027748054234919627,exper2_05
20.0,21.208397,Calibration,1990,1990-07-07,0.02932404563595912,exper2_05
20.399999618530273,21.370447,Calibration,1990,1990-07-08,0.023232874320357352,exper2_05
20.600000381469727,21.024158,Calibration,1990,1990-07-09,0.010190190214959441,exper2_05
21.600000381469727,21.1413,Calibration,1990,1990-07-10,-0.010732012685579844,exper2_05
20.5,20.349684,Calibration,1990,1990-07-11,-0.003679740564959638,exper2_05
20.5,20.818316,Calibration,1990,1990-07-12,0.007703980718559651,exper2_05
20.700000762939453,21.045383,Calibration,1990,1990-07-13,0.008273553996773552,exper2_05
21.5,21.768784,Calibration,1990,1990-07-14,0.006211951138058366,exper2_05
21.200000762939453,22.091522,Calibration,1990,1990-07-15,0.020593441683137842,exper2_05
21.200000762939453,22.288641,Calibration,1990,1990-07-16,0.0250327480804978,exper2_05
22.0,22.662046,Calibration,1990,1990-07-17,0.014823468366944934,exper2_05
22.100000381469727,23.039236,Calibration,1990,1990-07-18,0.02080752270349481,exper2_05
21.799999237060547,23.248896,Calibration,1990,1990-07-19,0.03216275142530705,exper2_05
22.399999618530273,23.521107,Calibration,1990,1990-07-20,0.024413765059934454,exper2_05
22.5,23.593847,Calibration,1990,1990-07-21,0.02373087384655695,exper2_05
23.0,23.647512,Calibration,1990,1990-07-22,0.013880963894970264,exper2_05
23.5,24.03676,Calibration,1990,1990-07-23,0.011291478983248894,exper2_05
23.5,23.945677,Calibration,1990,1990-07-24,0.00939341228988761,exper2_05
23.399999618530273,23.607943,Calibration,1990,1990-07-25,0.004423570846029936,exper2_05
23.600000381469727,23.892279,Calibration,1990,1990-07-26,0.006154227500229722,exper2_05
23.399999618530273,23.846167,Calibration,1990,1990-07-27,0.009443453888355864,exper2_05
23.100000381469727,24.460175,Calibration,1990,1990-07-28,0.028599015473248713,exper2_05
23.5,23.799086,Calibration,1990,1990-07-29,0.006323285390479517,exper2_05
24.649999618530273,24.380331,Calibration,1990,1990-07-30,-0.005500035905994605,exper2_05
24.399999618530273,24.111382,Calibration,1990,1990-07-31,-0.005949492282653078,exper2_05
24.299999237060547,23.74381,Calibration,1990,1990-08-01,-0.01157669603303342,exper2_05
24.0,23.894556,Calibration,1990,1990-08-02,-0.0022015853820114826,exper2_05
24.0,23.749716,Calibration,1990,1990-08-03,-0.0052415850173457915,exper2_05
24.0,23.892176,Calibration,1990,1990-08-04,-0.002251397520431977,exper2_05
24.0,24.025469,Calibration,1990,1990-08-05,0.000530319160153646,exper2_05
24.200000762939453,24.365704,Calibration,1990,1990-08-06,0.0034119307452992677,exper2_05
24.100000381469727,23.664724,Calibration,1990,1990-08-07,-0.009112918245451167,exper2_05
23.299999237060547,23.589788,Calibration,1990,1990-08-08,0.006180219920042314,exper2_05
22.700000762939453,23.552258,Calibration,1990,1990-08-09,0.018426273791002076,exper2_05
22.299999237060547,23.192625,Calibration,1990,1990-08-10,0.019621330331839812,exper2_05
22.700000762939453,23.475739,Calibration,1990,1990-08-11,0.016799682569396845,exper2_05
22.899999618530273,23.413286,Calibration,1990,1990-08-12,0.01108292321314581,exper2_05
23.100000381469727,23.229818,Calibration,1990,1990-08-13,0.002802039080174332,exper2_05
22.899999618530273,23.437605,Calibration,1990,1990-08-14,0.011601922265556664,exper2_05
23.5,23.522352,Calibration,1990,1990-08-15,0.0004753530517572629,exper2_05
22.899999618530273,23.146448,Calibration,1990,1990-08-16,0.005352172184113729,exper2_05
23.0,23.180845,Calibration,1990,1990-08-17,0.003916023182328577,exper2_05
22.5,23.085299,Calibration,1990,1990-08-18,0.012839633763008725,exper2_05
22.5,23.299267,Calibration,1990,1990-08-19,0.01745151987718144,exper2_05
22.600000381469727,23.29102,Calibration,1990,1990-08-20,0.015057827455575745,exper2_05
22.799999237060547,23.279581,Calibration,1990,1990-08-21,0.01040768665188596,exper2_05
22.299999237060547,22.780794,Calibration,1990,1990-08-22,0.01066518289852572,exper2_05
22.0,23.074503,Calibration,1990,1990-08-23,0.023838375905302387,exper2_05
21.899999618530273,23.03291,Calibration,1990,1990-08-24,0.02521336365027527,exper2_05
22.200000762939453,22.75785,Calibration,1990,1990-08-25,0.012408286128865376,exper2_05
22.5,23.089357,Calibration,1990,1990-08-26,0.012927521027256642,exper2_05
22.700000762939453,23.090422,Calibration,1990,1990-08-27,0.008526257083814557,exper2_05
22.700000762939453,23.023138,Calibration,1990,1990-08-28,0.007067259417022953,exper2_05
22.799999237060547,22.642876,Calibration,1990,1990-08-29,-0.003457606192178233,exper2_05
22.799999237060547,22.549349,Calibration,1990,1990-08-30,-0.005527100533102143,exper2_05
22.899999618530273,22.87203,Calibration,1990,1990-08-31,-0.0006110578977358104,exper2_05
22.600000381469727,22.38212,Calibration,1990,1990-09-01,-0.004843707822890039,exper2_05
22.299999237060547,22.218164,Calibration,1990,1990-09-02,-0.0018382337977181909,exper2_05
21.899999618530273,21.83306,Calibration,1990,1990-09-03,-0.0015306568819067861,exper2_05
21.600000381469727,21.67819,Calibration,1990,1990-09-04,0.001806680194952578,exper2_05
21.399999618530273,21.377607,Calibration,1990,1990-09-05,-0.0005234578214719901,exper2_05
21.100000381469727,21.20335,Calibration,1990,1990-09-06,0.00244306147321589,exper2_05
20.899999618530273,20.97885,Calibration,1990,1990-09-07,0.0018828070567280567,exper2_05
20.700000762939453,20.80401,Calibration,1990,1990-09-08,0.0025060138864538718,exper2_05
20.299999237060547,20.75929,Calibration,1990,1990-09-09,0.011186054578336038,exper2_05
20.399999618530273,20.577534,Calibration,1990,1990-09-10,0.004332474136950756,exper2_05
19.799999237060547,20.45177,Calibration,1990,1990-09-11,0.01619236980371047,exper2_05
19.700000762939453,20.302843,Calibration,1990,1990-09-12,0.015069986851196522,exper2_05
19.399999618530273,20.21543,Calibration,1990,1990-09-13,0.02058363899209115,exper2_05
18.799999237060547,20.20883,Calibration,1990,1990-09-14,0.03611568648936153,exper2_05
19.200000762939453,19.853115,Calibration,1990,1990-09-15,0.01672374418073092,exper2_05
19.0,19.942318,Calibration,1990,1990-09-16,0.024197788214619296,exper2_05
19.0,19.836433,Calibration,1990,1990-09-17,0.02153733845228116,exper2_05
19.100000381469727,19.645617,Calibration,1990,1990-09-18,0.014082009614912221,exper2_05
18.700000762939453,19.478312,Calibration,1990,1990-09-19,0.020386201715980237,exper2_05
18.799999237060547,19.567986,Calibration,1990,1990-09-20,0.020016331380878605,exper2_05
18.799999237060547,19.529606,Calibration,1990,1990-09-21,0.019035067709832407,exper2_05
18.600000381469727,19.417616,Calibration,1990,1990-09-22,0.021506227617852137,exper2_05
18.600000381469727,19.2957,Calibration,1990,1990-09-23,0.018358275039773234,exper2_05
18.700000762939453,19.156929,Calibration,1990,1990-09-24,0.012069870849026403,exper2_05
18.100000381469727,18.606758,Calibration,1990,1990-09-25,0.01380557033435277,exper2_05
17.799999237060547,18.653658,Calibration,1990,1990-09-26,0.023417641544949134,exper2_05
17.5,18.178118,Calibration,1990,1990-09-27,0.01900654504218494,exper2_05
17.100000381469727,17.880194,Calibration,1990,1990-09-28,0.022303859344233404,exper2_05
17.200000762939453,18.146254,Calibration,1990,1990-09-29,0.02677095042488737,exper2_05
17.0,17.810352,Calibration,1990,1990-09-30,0.023279061293707347,exper2_05
17.0,18.053984,Calibration,1990,1990-10-01,0.030067443909510428,exper2_05
17.600000381469727,18.235271,Calibration,1990,1990-10-02,0.017727536023919094,exper2_05
17.200000762939453,18.02687,Calibration,1990,1990-10-03,0.023472705057646245,exper2_05
17.200000762939453,18.14457,Calibration,1990,1990-10-04,0.026724575507910263,exper2_05
17.200000762939453,16.75389,Calibration,1990,1990-10-05,-0.013138750260720698,exper2_05
16.899999618530273,17.285412,Calibration,1990,1990-10-06,0.011274172221493487,exper2_05
16.600000381469727,17.699522,Calibration,1990,1990-10-07,0.03205647076199583,exper2_05
16.600000381469727,16.317385,Calibration,1990,1990-10-08,-0.008585604863545945,exper2_05
16.299999237060547,16.372366,Calibration,1990,1990-10-09,0.002214921205116555,exper2_05
16.100000381469727,16.666876,Calibration,1990,1990-10-10,0.01730025938223255,exper2_05
15.899999618530273,16.668957,Calibration,1990,1990-10-11,0.023610125212636363,exper2_05
16.0,16.512127,Calibration,1990,1990-10-12,0.015751873872370762,exper2_05
15.899999618530273,16.367601,Calibration,1990,1990-10-13,0.014491370955405036,exper2_05
16.0,16.349745,Calibration,1990,1990-10-14,0.010811361850002444,exper2_05
16.299999237060547,16.29293,Calibration,1990,1990-10-15,-0.00021687630010202433,exper2_05
16.200000762939453,16.303335,Calibration,1990,1990-10-16,0.0031791944996068036,exper2_05
16.100000381469727,16.661345,Calibration,1990,1990-10-17,0.017134343790717252,exper2_05
16.100000381469727,16.937563,Calibration,1990,1990-10-18,0.025351826126576233,exper2_05
16.0,16.707888,Calibration,1990,1990-10-19,0.02164271985770295,exper2_05
15.600000381469727,15.694832,Calibration,1990,1990-10-20,0.0030302596281396835,exper2_05
15.899999618530273,15.8674135,Calibration,1990,1990-10-21,-0.0010257712069393517,exper2_05
15.300000190734863,15.740216,Calibration,1990,1990-10-22,0.014182119677549723,exper2_05
14.699999809265137,14.770428,Calibration,1990,1990-10-23,0.0023897819114067857,exper2_05
14.399999618530273,14.0441,Calibration,1990,1990-10-24,-0.012512254491078194,exper2_05
13.800000190734863,15.092018,Calibration,1990,1990-10-25,0.04471885357672368,exper2_05
13.800000190734863,14.400817,Calibration,1990,1990-10-26,0.02130494036326499,exper2_05
14.199999809265137,14.312023,Calibration,1990,1990-10-27,0.003928986508121561,exper2_05
13.0,13.413981,Calibration,1990,1990-10-28,0.01567281474244186,exper2_05
12.899999618530273,13.875896,Calibration,1990,1990-10-29,0.03644684131910453,exper2_05
12.800000190734863,12.978511,Calibration,1990,1990-10-30,0.006924785747538875,exper2_05
12.5,13.361268,Calibration,1990,1990-10-31,0.03330339572169342,exper2_05
12.199999809265137,13.147581,Calibration,1990,1990-11-01,0.03738350001025251,exper2_05
12.0,12.491366,Calibration,1990,1990-11-02,0.020062840866492303,exper2_05
11.800000190734863,12.222033,Calibration,1990,1990-11-03,0.017568553039198534,exper2_05
11.5,11.875697,Calibration,1990,1990-11-04,0.016072125410450205,exper2_05
11.0,11.619342,Calibration,1990,1990-11-05,0.027381072994087763,exper2_05
10.699999809265137,11.472717,Calibration,1990,1990-11-06,0.0348499226594799,exper2_05
10.5,11.460077,Calibration,1990,1990-11-07,0.043719212517930185,exper2_05
10.300000190734863,11.330917,Calibration,1990,1990-11-08,0.04765942846954639,exper2_05
10.0,10.971581,Calibration,1990,1990-11-09,0.046328478419368324,exper2_05
9.600000381469727,10.632993,Calibration,1990,1990-11-10,0.05105484673214073,exper2_05
9.399999618530273,10.425405,Calibration,1990,1990-11-11,0.051721766752805876,exper2_05
9.300000190734863,10.196189,Calibration,1990,1990-11-12,0.045967380115359426,exper2_05
9.199999809265137,10.008164,Calibration,1990,1990-11-13,0.04207401537742004,exper2_05
9.0,9.831679,Calibration,1990,1990-11-14,0.04416384375376492,exper2_05
8.800000190734863,9.676703,Calibration,1990,1990-11-15,0.04744911642414862,exper2_05
8.800000190734863,9.535422,Calibration,1990,1990-11-16,0.040109363924551666,exper2_05
8.5,9.410962,Calibration,1990,1990-11-17,0.05086059026127729,exper2_05
8.399999618530273,9.298955,Calibration,1990,1990-11-18,0.050791437481689856,exper2_05
8.300000190734863,9.198483,Calibration,1990,1990-11-19,0.05134635057162742,exper2_05
8.199999809265137,9.120546,Calibration,1990,1990-11-20,0.05314766195557967,exper2_05
8.199999809265137,9.455432,Calibration,1990,1990-11-21,0.07110741594232224,exper2_05
8.199999809265137,9.6549635,Calibration,1990,1990-11-22,0.08148791232010877,exper2_05
8.399999618530273,9.297608,Calibration,1990,1990-11-23,0.050719213428126644,exper2_05
8.199999809265137,9.137931,Calibration,1990,1990-11-24,0.054097059109232286,exper2_05
8.0,9.069298,Calibration,1990,1990-11-25,0.06264450967167223,exper2_05
8.0,8.968051,Calibration,1990,1990-11-26,0.057051393774978164,exper2_05
7.699999809265137,8.894193,Calibration,1990,1990-11-27,0.0719645072214963,exper2_05
7.599999904632568,8.830163,Calibration,1990,1990-11-28,0.074872239817168,exper2_05
7.5,8.775378,Calibration,1990,1990-11-29,0.07836243246868285,exper2_05
7.5,7.831133,Calibration,1990,1990-11-30,0.02159872275557547,exper2_05
6.900000095367432,7.163831,Calibration,1990,1990-12-01,0.018759549402468136,exper2_05
6.900000095367432,7.153295,Calibration,1990,1990-12-02,0.018023882820433407,exper2_05
6.300000190734863,6.753457,Calibration,1990,1990-12-03,0.0347384504829282,exper2_05
9.0,6.484426,Calibration,1990,1990-12-04,-0.16245832909265626,exper2_05
6.099999904632568,6.4851756,Calibration,1990,1990-12-05,0.030605509197770654,exper2_05
5.900000095367432,6.206164,Calibration,1990,1990-12-06,0.025289909205227286,exper2_05
5.800000190734863,5.954855,Calibration,1990,1990-12-07,0.013173686312653747,exper2_05
5.400000095367432,5.8734975,Calibration,1990,1990-12-08,0.042000930707152176,exper2_05
5.0,5.7372804,Calibration,1990,1990-12-09,0.06866546681103304,exper2_05
5.199999809265137,5.689322,Calibration,1990,1990-12-10,0.04493596518880709,exper2_05
5.300000190734863,5.7182155,Calibration,1990,1990-12-11,0.037956715302845175,exper2_05
5.300000190734863,5.562364,Calibration,1990,1990-12-12,0.02415348110399684,exper2_05
5.0,5.4912214,Calibration,1990,1990-12-13,0.04682213899425708,exper2_05
4.900000095367432,5.4505377,Calibration,1990,1990-12-14,0.05318927364704947,exper2_05
5.0,5.468507,Calibration,1990,1990-12-15,0.044753929229458804,exper2_05
4.599999904632568,5.3988934,Calibration,1990,1990-12-16,0.07989818781346869,exper2_05
4.599999904632568,5.3898215,Calibration,1990,1990-12-17,0.07906263690220425,exper2_05
4.5,5.344781,Calibration,1990,1990-12-18,0.08581002752978518,exper2_05
4.199999809265137,5.331067,Calibration,1990,1990-12-19,0.11867163335617359,exper2_05
4.300000190734863,5.3044252,Calibration,1990,1990-12-20,0.10457939999821268,exper2_05
4.300000190734863,5.284596,Calibration,1990,1990-12-21,0.10272689213697966,exper2_05
4.199999809265137,5.2703156,Calibration,1990,1990-12-22,0.11301797102628504,exper2_05
4.099999904632568,5.4010057,Calibration,1990,1990-12-23,0.1369334877051519,exper2_05
4.099999904632568,5.2969546,Calibration,1990,1990-12-24,0.1273768775331938,exper2_05
4.199999809265137,5.2616,Calibration,1990,1990-12-25,0.11220092032153549,exper2_05
4.0,5.242706,Calibration,1990,1990-12-26,0.13445259926311018,exper2_05
4.0,6.19758,Calibration,1990,1990-12-27,0.2155001373570172,exper2_05
4.099999904632568,7.7956624,Calibration,1990,1990-12-28,0.3106731178868235,exper2_05
4.099999904632568,7.211315,Calibration,1990,1990-12-29,0.27506220399538023,exper2_05
3.700000047683716,6.3282313,Calibration,1990,1990-12-30,0.2620832315081094,exper2_05
3.799999952316284,5.731911,Calibration,1990,1990-12-31,0.20267826701093777,exper2_05
3.4000000953674316,4.097591,Calibration,1991,1991-01-01,0.09304199524943034,exper2_05
3.4000000953674316,3.9584754,Calibration,1991,1991-01-02,0.07589551123888875,exper2_05
3.440000057220459,3.8810086,Calibration,1991,1991-01-03,0.06023877131565736,exper2_05
3.4000000953674316,3.837872,Calibration,1991,1991-01-04,0.06049732925627505,exper2_05
3.299999952316284,3.8450155,Calibration,1991,1991-01-05,0.07627913125863682,exper2_05
3.0,3.7247431,Calibration,1991,1991-01-06,0.10777261139155367,exper2_05
3.0,3.6009164,Calibration,1991,1991-01-07,0.09103529730461872,exper2_05
3.200000047683716,3.4900928,Calibration,1991,1991-01-08,0.0433615370165725,exper2_05
3.0,3.4156485,Calibration,1991,1991-01-09,0.0647866638819912,exper2_05
3.0999999046325684,3.3375368,Calibration,1991,1991-01-10,0.036898726587243885,exper2_05
3.0,3.295051,Calibration,1991,1991-01-11,0.0468703261153373,exper2_05
3.0,3.3214998,Calibration,1991,1991-01-12,0.050858156046557836,exper2_05
2.799999952316284,3.3230903,Calibration,1991,1991-01-13,0.08542914439012819,exper2_05
2.700000047683716,3.2486916,Calibration,1991,1991-01-14,0.09223734351141,exper2_05
2.799999952316284,3.110754,Calibration,1991,1991-01-15,0.052574352200324796,exper2_05
2.5999999046325684,2.6991754,Calibration,1991,1991-01-16,0.01871526195571815,exper2_05
2.0999999046325684,2.4115648,Calibration,1991,1991-01-17,0.06905917145566788,exper2_05
1.7000000476837158,2.2819886,Calibration,1991,1991-01-18,0.146155255962113,exper2_05
1.5,2.2312682,Calibration,1991,1991-01-19,0.1959838142608025,exper2_05
1.2000000476837158,2.270735,Calibration,1991,1991-01-20,0.30850380543998557,exper2_05
1.399999976158142,2.261277,Calibration,1991,1991-01-21,0.23523950773054955,exper2_05
1.399999976158142,2.3076153,Calibration,1991,1991-01-22,0.24479759663537698,exper2_05
1.2999999523162842,2.211178,Calibration,1991,1991-01-23,0.2595078084067384,exper2_05
1.2000000476837158,2.2487488,Calibration,1991,1991-01-24,0.30409542249307486,exper2_05
1.100000023841858,2.4605095,Calibration,1991,1991-01-25,0.3821109004005294,exper2_05
0.9800000190734863,2.467743,Calibration,1991,1991-01-26,0.43151213044958114,exper2_05
1.100000023841858,2.435042,Calibration,1991,1991-01-27,0.37765941895147587,exper2_05
1.100000023841858,2.4386344,Calibration,1991,1991-01-28,0.3782912313301038,exper2_05
1.399999976158142,2.136301,Calibration,1991,1991-01-29,0.2082122141163135,exper2_05
1.5,2.0893226,Calibration,1991,1991-01-30,0.16418768611285106,exper2_05
1.399999976158142,2.3023014,Calibration,1991,1991-01-31,0.2437136627614474,exper2_05
1.3600000143051147,2.051033,Calibration,1991,1991-02-01,0.2025876028641965,exper2_05
1.5,1.8650928,Calibration,1991,1991-02-02,0.10849411324265694,exper2_05
1.5,1.8177984,Calibration,1991,1991-02-03,0.09578592188550399,exper2_05
1.899999976158142,2.0099492,Calibration,1991,1991-02-04,0.02812037343420298,exper2_05
2.0999999046325684,2.1164532,Calibration,1991,1991-02-05,0.003902158010427543,exper2_05
2.0,2.2542915,Calibration,1991,1991-02-06,0.059772945122875225,exper2_05
2.0,2.0274339,Calibration,1991,1991-02-07,0.006811749886723416,exper2_05
2.200000047683716,2.440133,Calibration,1991,1991-02-08,0.051751326897483824,exper2_05
2.200000047683716,2.4786263,Calibration,1991,1991-02-09,0.05955299392093624,exper2_05
2.200000047683716,2.751854,Calibration,1991,1991-02-10,0.11144389479980361,exper2_05
2.200000047683716,2.8302503,Calibration,1991,1991-02-11,0.12529201860292813,exper2_05
2.0999999046325684,2.8166246,Calibration,1991,1991-02-12,0.14575543242598687,exper2_05
2.0,2.6738133,Calibration,1991,1991-02-13,0.14416779053667952,exper2_05
1.7000000476837158,2.2827363,Calibration,1991,1991-02-14,0.14631554857233608,exper2_05
1.7000000476837158,2.2225263,Calibration,1991,1991-02-15,0.13321166419122277,exper2_05
1.7999999523162842,2.3929615,Calibration,1991,1991-02-16,0.14141831643548153,exper2_05
1.7999999523162842,2.252822,Calibration,1991,1991-02-17,0.11173004489090296,exper2_05
1.7999999523162842,2.2257216,Calibration,1991,1991-02-18,0.10575039531894985,exper2_05
1.899999976158142,2.3287096,Calibration,1991,1991-02-19,0.10138072105402345,exper2_05
1.899999976158142,2.4003172,Calibration,1991,1991-02-20,0.11634425935256111,exper2_05
1.7999999523162842,2.712523,Calibration,1991,1991-02-21,0.20222014252418502,exper2_05
2.0,3.0460317,Calibration,1991,1991-02-22,0.20729788730620874,exper2_05
2.0,3.2068617,Calibration,1991,1991-02-23,0.23178294257732704,exper2_05
2.200000047683716,3.3536205,Calibration,1991,1991-02-24,0.2077240361536635,exper2_05
2.5199999809265137,3.4392247,Calibration,1991,1991-02-25,0.15425240450013603,exper2_05
2.4000000953674316,3.5242515,Calibration,1991,1991-02-26,0.18977103773518084,exper2_05
2.200000047683716,3.1853771,Calibration,1991,1991-02-27,0.18297271341052418,exper2_05
2.0999999046325684,3.231312,Calibration,1991,1991-02-28,0.21220145141954505,exper2_05
2.1600000858306885,3.2544174,Calibration,1991,1991-03-01,0.2021302074579278,exper2_05
2.200000047683716,3.4195404,Calibration,1991,1991-03-02,0.21701780916052785,exper2_05
2.4000000953674316,3.7073731,Calibration,1991,1991-03-03,0.21406470441728626,exper2_05
2.5999999046325684,3.739278,Calibration,1991,1991-03-04,0.17971733950674604,exper2_05
3.0,3.6651657,Calibration,1991,1991-03-05,0.09979731883956101,exper2_05
3.0,3.8935378,Calibration,1991,1991-03-06,0.12961962216179773,exper2_05
2.9000000953674316,4.299723,Calibration,1991,1991-03-07,0.19441345251718103,exper2_05
3.0,4.394537,Calibration,1991,1991-03-08,0.18859016829826764,exper2_05
3.0,4.1370316,Calibration,1991,1991-03-09,0.15931435168605987,exper2_05
3.200000047683716,4.310406,Calibration,1991,1991-03-10,0.14784901409409318,exper2_05
3.299999952316284,4.1617975,Calibration,1991,1991-03-11,0.11549463436598348,exper2_05
3.4000000953674316,4.205274,Calibration,1991,1991-03-12,0.10588362608386413,exper2_05
3.700000047683716,4.1583657,Calibration,1991,1991-03-13,0.058328371567374464,exper2_05
3.9000000953674316,4.173434,Calibration,1991,1991-03-14,0.03386832536206196,exper2_05
4.0,4.147159,Calibration,1991,1991-03-15,0.01806262744843959,exper2_05
4.099999904632568,4.3527,Calibration,1991,1991-03-16,0.02989581136187617,exper2_05
4.300000190734863,4.8110213,Calibration,1991,1991-03-17,0.056088237327536844,exper2_05
4.199999809265137,5.0763693,Calibration,1991,1991-03-18,0.09447332974331801,exper2_05
4.199999809265137,5.258024,Calibration,1991,1991-03-19,0.11186526949398419,exper2_05
5.0,5.3166003,Calibration,1991,1991-03-20,0.030688435416659828,exper2_05
5.599999904632568,5.379336,Calibration,1991,1991-03-21,-0.020098121478010135,exper2_05
4.900000095367432,6.0390277,Calibration,1991,1991-03-22,0.10412512133402124,exper2_05
4.800000190734863,6.2662115,Calibration,1991,1991-03-23,0.1324944216376686,exper2_05
5.980000019073486,6.253228,Calibration,1991,1991-03-24,0.02233491960358978,exper2_05
6.0,6.3488297,Calibration,1991,1991-03-25,0.02824800028945021,exper2_05
5.900000095367432,6.3379636,Calibration,1991,1991-03-26,0.035787284330682366,exper2_05
6.199999809265137,6.2659006,Calibration,1991,1991-03-27,0.005286485563492449,exper2_05
5.599999904632568,6.234726,Calibration,1991,1991-03-28,0.053632509548346384,exper2_05
5.0,6.2712255,Calibration,1991,1991-03-29,0.11278502570896644,exper2_05
4.900000095367432,6.425039,Calibration,1991,1991-03-30,0.13466079289515495,exper2_05
5.099999904632568,6.696048,Calibration,1991,1991-03-31,0.13530361359530166,exper2_05
5.71999979019165,6.79136,Calibration,1991,1991-04-01,0.08563098956815787,exper2_05
6.599999904632568,7.2840543,Calibration,1991,1991-04-02,0.049269065478374605,exper2_05
7.5,7.2490582,Calibration,1991,1991-04-03,-0.017014086539734533,exper2_05
7.800000190734863,7.1976376,Calibration,1991,1991-04-04,-0.0401638339879855,exper2_05
8.399999618530273,7.3562255,Calibration,1991,1991-04-05,-0.06624519012217915,exper2_05
9.199999809265137,7.3581443,Calibration,1991,1991-04-06,-0.11123562614714004,exper2_05
9.0,8.079839,Calibration,1991,1991-04-07,-0.05387411793366306,exper2_05
9.399999618530273,8.470281,Calibration,1991,1991-04-08,-0.052025987137499376,exper2_05
9.399999618530273,9.011378,Calibration,1991,1991-04-09,-0.021107672235531744,exper2_05
9.399999618530273,9.38145,Calibration,1991,1991-04-10,-0.0009876724002714156,exper2_05
9.600000381469727,9.563321,Calibration,1991,1991-04-11,-0.0019140349908946359,exper2_05
9.5,9.640569,Calibration,1991,1991-04-12,0.007344020711955019,exper2_05
9.800000190734863,9.786128,Calibration,1991,1991-04-13,-0.0007082638508285119,exper2_05
10.0,9.969861,Calibration,1991,1991-04-14,-0.0015092227920483162,exper2_05
10.199999809265137,10.506273,Calibration,1991,1991-04-15,0.014791336867860001,exper2_05
10.300000190734863,10.926754,Calibration,1991,1991-04-16,0.02952659655362273,exper2_05
10.300000190734863,10.538989,Calibration,1991,1991-04-17,0.011468352585919057,exper2_05
9.199999809265137,10.0713625,Calibration,1991,1991-04-18,0.0452154171760488,exper2_05
8.399999618530273,9.384283,Calibration,1991,1991-04-19,0.05534569286469473,exper2_05
8.100000381469727,8.81798,Calibration,1991,1991-04-20,0.0424388386152078,exper2_05
8.5,8.507205,Calibration,1991,1991-04-21,0.000423644535150917,exper2_05
8.199999809265137,8.917565,Calibration,1991,1991-04-22,0.04191983672912711,exper2_05
8.199999809265137,9.3748255,Calibration,1991,1991-04-23,0.06684707524307405,exper2_05
8.199999809265137,8.96162,Calibration,1991,1991-04-24,0.04437929026099813,exper2_05
8.300000190734863,8.693474,Calibration,1991,1991-04-25,0.023154395918636952,exper2_05
8.5,9.375084,Calibration,1991,1991-04-26,0.048955514116341,exper2_05
9.0,9.830451,Calibration,1991,1991-04-27,0.044101493434416,exper2_05
9.399999618530273,10.203177,Calibration,1991,1991-04-28,0.040971819550667435,exper2_05
9.699999809265137,10.800707,Calibration,1991,1991-04-29,0.053691176197630607,exper2_05
10.359999656677246,11.132503,Calibration,1991,1991-04-30,0.0359429019260381,exper2_05
10.800000190734863,11.4492855,Calibration,1991,1991-05-01,0.029182299390739,exper2_05
11.0,11.476406,Calibration,1991,1991-05-02,0.021195830656706362,exper2_05
11.0,11.45958,Calibration,1991,1991-05-03,0.02046255597049703,exper2_05
11.0,11.525495,Calibration,1991,1991-05-04,0.023328880692903165,exper2_05
10.800000190734863,11.425567,Calibration,1991,1991-05-05,0.028146255453075787,exper2_05
10.800000190734863,11.319073,Calibration,1991,1991-05-06,0.023467192077583365,exper2_05
10.899999618530273,12.154558,Calibration,1991,1991-05-07,0.05441694323959141,exper2_05
10.680000305175781,12.590228,Calibration,1991,1991-05-08,0.08208891395020033,exper2_05
11.399999618530273,12.937066,Calibration,1991,1991-05-09,0.06315742739122207,exper2_05
11.5,12.784009,Calibration,1991,1991-05-10,0.052874670770611684,exper2_05
11.300000190734863,13.223313,Calibration,1991,1991-05-11,0.0784279473129579,exper2_05
11.399999618530273,13.73946,Calibration,1991,1991-05-12,0.09305929440088581,exper2_05
11.199999809265137,14.564245,Calibration,1991,1991-05-13,0.13057807090370072,exper2_05
11.800000190734863,14.8075,Calibration,1991,1991-05-14,0.11303202804474526,exper2_05
12.399999618530273,15.276982,Calibration,1991,1991-05-15,0.10394856984767009,exper2_05
12.800000190734863,15.44761,Calibration,1991,1991-05-16,0.09372862702561525,exper2_05
12.199999809265137,15.5033,Calibration,1991,1991-05-17,0.11923850085794648,exper2_05
11.800000190734863,15.201343,Calibration,1991,1991-05-18,0.1259693793937476,exper2_05
11.5,14.882049,Calibration,1991,1991-05-19,0.12819507147718356,exper2_05
11.699999809265137,15.556931,Calibration,1991,1991-05-20,0.1415027548232017,exper2_05
12.0,16.12606,Calibration,1991,1991-05-21,0.1466988413794076,exper2_05
12.0,16.73177,Calibration,1991,1991-05-22,0.16468771794912307,exper2_05
12.899999618530273,16.710917,Calibration,1991,1991-05-23,0.12869972961705797,exper2_05
12.300000190734863,16.578857,Calibration,1991,1991-05-24,0.1481657373202944,exper2_05
12.699999809265137,16.518991,Calibration,1991,1991-05-25,0.13070237861831452,exper2_05
13.199999809265137,17.107992,Calibration,1991,1991-05-26,0.12894263550553578,exper2_05
13.199999809265137,16.326855,Calibration,1991,1991-05-27,0.1058986792835964,exper2_05
13.600000381469727,16.576172,Calibration,1991,1991-05-28,0.09862654110784998,exper2_05
13.5,16.981153,Calibration,1991,1991-05-29,0.11420675039451776,exper2_05
14.0,17.23097,Calibration,1991,1991-05-30,0.10345405035769158,exper2_05
14.5600004196167,18.03367,Calibration,1991,1991-05-31,0.10657498574843197,exper2_05
15.0,18.459658,Calibration,1991,1991-06-01,0.10339788001673877,exper2_05
15.5,19.040892,Calibration,1991,1991-06-02,0.10251303537532355,exper2_05
16.200000762939453,18.82404,Calibration,1991,1991-06-03,0.0749210736295413,exper2_05
16.600000381469727,18.147722,Calibration,1991,1991-06-04,0.04454167772269494,exper2_05
16.0,18.703693,Calibration,1991,1991-06-05,0.07790794367380005,exper2_05
16.0,17.984034,Calibration,1991,1991-06-06,0.05838134486466925,exper2_05
16.399999618530273,18.175306,Calibration,1991,1991-06-07,0.05134608800878316,exper2_05
16.399999618530273,18.607025,Calibration,1991,1991-06-08,0.06304521857452339,exper2_05
16.200000762939453,18.469137,Calibration,1991,1991-06-09,0.06545119269470061,exper2_05
16.600000381469727,19.14195,Calibration,1991,1991-06-10,0.0711195151778028,exper2_05
17.200000762939453,19.003538,Calibration,1991,1991-06-11,0.049816604228178574,exper2_05
17.200000762939453,18.88685,Calibration,1991,1991-06-12,0.046744161426197584,exper2_05
18.5,19.623669,Calibration,1991,1991-06-13,0.02947430585344587,exper2_05
18.799999237060547,19.51913,Calibration,1991,1991-06-14,0.018766904957924886,exper2_05
18.799999237060547,19.47359,Calibration,1991,1991-06-15,0.017599384124214905,exper2_05
19.5,19.945372,Calibration,1991,1991-06-16,0.011290846287619855,exper2_05
19.299999237060547,20.150843,Calibration,1991,1991-06-17,0.02156718053426185,exper2_05
18.700000762939453,20.276485,Calibration,1991,1991-06-18,0.040447070365488384,exper2_05
18.200000762939453,20.210348,Calibration,1991,1991-06-19,0.05233869059545632,exper2_05
18.100000381469727,19.772898,Calibration,1991,1991-06-20,0.0441713579555029,exper2_05
18.700000762939453,19.776245,Calibration,1991,1991-06-21,0.027971657047859987,exper2_05
19.399999618530273,20.211252,Calibration,1991,1991-06-22,0.020480357385679226,exper2_05
20.700000762939453,20.884373,Calibration,1991,1991-06-23,0.004433683444982678,exper2_05
20.799999237060547,21.432539,Calibration,1991,1991-06-24,0.014977545176222235,exper2_05
21.399999618530273,21.875315,Calibration,1991,1991-06-25,0.01098351569113967,exper2_05
23.1200008392334,22.119696,Calibration,1991,1991-06-26,-0.02211122649158067,exper2_05
22.299999237060547,21.531866,Calibration,1991,1991-06-27,-0.017524537411488624,exper2_05
21.399999618530273,21.38505,Calibration,1991,1991-06-28,-0.0003494164148502779,exper2_05
21.399999618530273,21.668554,Calibration,1991,1991-06-29,0.006235516706003271,exper2_05
21.200000762939453,21.901674,Calibration,1991,1991-06-30,0.016279495104167943,exper2_05
21.280000686645508,22.26174,Calibration,1991,1991-07-01,0.02254707861414101,exper2_05
21.799999237060547,22.263851,Calibration,1991,1991-07-02,0.01052681335086244,exper2_05
22.200000762939453,23.254797,Calibration,1991,1991-07-03,0.023205388016359085,exper2_05
22.399999618530273,23.531755,Calibration,1991,1991-07-04,0.02463994304666144,exper2_05
23.0,23.516905,Calibration,1991,1991-07-05,0.01111219314378991,exper2_05
23.600000381469727,23.359472,Calibration,1991,1991-07-06,-0.005122035940440664,exper2_05
23.899999618530273,23.171886,Calibration,1991,1991-07-07,-0.015468111336559393,exper2_05
24.399999618530273,24.220762,Calibration,1991,1991-07-08,-0.0036864367982747982,exper2_05
24.200000762939453,24.099346,Calibration,1991,1991-07-09,-0.0020839743901614545,exper2_05
24.100000381469727,23.943731,Calibration,1991,1991-07-10,-0.0032526422904953765,exper2_05
24.399999618530273,24.271147,Calibration,1991,1991-07-11,-0.0026474174904021516,exper2_05
25.239999771118164,24.746489,Calibration,1991,1991-07-12,-0.009872891981765702,exper2_05
24.799999237060547,25.036037,Calibration,1991,1991-07-13,0.004736295735420214,exper2_05
23.399999618530273,23.86792,Calibration,1991,1991-07-14,0.009899320890244425,exper2_05
22.799999237060547,23.477785,Calibration,1991,1991-07-15,0.014646031199832073,exper2_05
22.799999237060547,22.994467,Calibration,1991,1991-07-16,0.004246529361786917,exper2_05
23.200000762939453,23.503931,Calibration,1991,1991-07-17,0.006507595202887033,exper2_05
23.399999618530273,23.541224,Calibration,1991,1991-07-18,0.0030085263657463088,exper2_05
23.600000381469727,23.63835,Calibration,1991,1991-07-19,0.0008118224214160257,exper2_05
24.100000381469727,23.331053,Calibration,1991,1991-07-20,-0.01621190233111995,exper2_05
24.0,23.131502,Calibration,1991,1991-07-21,-0.018427120054846362,exper2_05
23.899999618530273,23.116995,Calibration,1991,1991-07-22,-0.016653654055589908,exper2_05
24.200000762939453,23.546984,Calibration,1991,1991-07-23,-0.013676613322379334,exper2_05
24.5,23.582823,Calibration,1991,1991-07-24,-0.01907494499934885,exper2_05
24.0,22.89847,Calibration,1991,1991-07-25,-0.023487548247022313,exper2_05
23.399999618530273,23.103613,Calibration,1991,1991-07-26,-0.006373412788808597,exper2_05
23.0,22.858168,Calibration,1991,1991-07-27,-0.0030928482091189795,exper2_05
22.5,22.758768,Calibration,1991,1991-07-28,0.005717523755797269,exper2_05
22.399999618530273,22.665379,Calibration,1991,1991-07-29,0.005888754575915923,exper2_05
22.600000381469727,22.906284,Calibration,1991,1991-07-30,0.006730585736285155,exper2_05
22.799999237060547,23.069101,Calibration,1991,1991-07-31,0.005866740206579014,exper2_05
22.5,22.906918,Calibration,1991,1991-08-01,0.008961576644705255,exper2_05
22.299999237060547,22.666132,Calibration,1991,1991-08-02,0.008142411329395551,exper2_05
22.100000381469727,23.069761,Calibration,1991,1991-08-03,0.021469249763237542,exper2_05
22.1200008392334,23.032167,Calibration,1991,1991-08-04,0.02020205519090735,exper2_05
22.399999618530273,23.074306,Calibration,1991,1991-08-05,0.014828304755802591,exper2_05
22.799999237060547,23.112818,Calibration,1991,1991-08-06,0.006813315924669378,exper2_05
23.100000381469727,23.423306,Calibration,1991,1991-08-07,0.0069493154839178105,exper2_05
23.600000381469727,24.1426,Calibration,1991,1991-08-08,0.011365085483238458,exper2_05
24.299999237060547,24.603489,Calibration,1991,1991-08-09,0.006205890346118912,exper2_05
24.5,24.55765,Calibration,1991,1991-08-10,0.0011751401235528135,exper2_05
24.799999237060547,24.337187,Calibration,1991,1991-08-11,-0.009418781597122929,exper2_05
25.1200008392334,24.558586,Calibration,1991,1991-08-12,-0.011300939760661636,exper2_05
24.700000762939453,24.04333,Calibration,1991,1991-08-13,-0.013472028357996541,exper2_05
24.799999237060547,23.921072,Calibration,1991,1991-08-14,-0.01803998164256454,exper2_05
24.600000381469727,23.860514,Calibration,1991,1991-08-15,-0.015259571809103742,exper2_05
24.399999618530273,23.672905,Calibration,1991,1991-08-16,-0.015124832928616582,exper2_05
24.299999237060547,23.814325,Calibration,1991,1991-08-17,-0.010094164446086329,exper2_05
24.200000762939453,23.73269,Calibration,1991,1991-08-18,-0.009749295030925526,exper2_05
24.0,23.851454,Calibration,1991,1991-08-19,-0.003104319871900219,exper2_05
23.700000762939453,23.358694,Calibration,1991,1991-08-20,-0.007252786919943326,exper2_05
23.399999618530273,23.392355,Calibration,1991,1991-08-21,-0.00016337398253023417,exper2_05
23.399999618530273,23.526354,Calibration,1991,1991-08-22,0.0026926067812102334,exper2_05
23.5,23.280865,Calibration,1991,1991-08-23,-0.004684293156104589,exper2_05
23.600000381469727,23.370724,Calibration,1991,1991-08-24,-0.0048812672461229995,exper2_05
23.899999618530273,23.083942,Calibration,1991,1991-08-25,-0.017368853482894592,exper2_05
23.700000762939453,23.270882,Calibration,1991,1991-08-26,-0.009135853704194749,exper2_05
23.700000762939453,23.195408,Calibration,1991,1991-08-27,-0.010759963720222723,exper2_05
23.399999618530273,22.851812,Calibration,1991,1991-08-28,-0.011852233077531818,exper2_05
23.0,22.761988,Calibration,1991,1991-08-29,-0.005201092126397538,exper2_05
22.799999237060547,22.456675,Calibration,1991,1991-08-30,-0.0075861664662876215,exper2_05
22.399999618530273,22.629763,Calibration,1991,1991-08-31,0.005102470442505525,exper2_05
22.399999618530273,22.364286,Calibration,1991,1991-09-01,-0.0007978055490009151,exper2_05
22.299999237060547,22.39165,Calibration,1991,1991-09-02,0.0020507189209986046,exper2_05
22.299999237060547,22.056768,Calibration,1991,1991-09-03,-0.005483510917593137,exper2_05
22.299999237060547,22.277607,Calibration,1991,1991-09-04,-0.0005023211172032403,exper2_05
22.31999969482422,22.098034,Calibration,1991,1991-09-05,-0.004997199826415861,exper2_05
22.100000381469727,21.900936,Calibration,1991,1991-09-06,-0.004524091316186894,exper2_05
22.200000762939453,21.733892,Calibration,1991,1991-09-07,-0.01060931067460976,exper2_05
21.799999237060547,21.338305,Calibration,1991,1991-09-08,-0.01070266276604282,exper2_05
21.700000762939453,21.268715,Calibration,1991,1991-09-09,-0.010037206173193853,exper2_05
21.600000381469727,21.205713,Calibration,1991,1991-09-10,-0.009211085991137716,exper2_05
21.600000381469727,21.188814,Calibration,1991,1991-09-11,-0.00960966604560593,exper2_05
21.600000381469727,21.395227,Calibration,1991,1991-09-12,-0.004762690178220257,exper2_05
21.200000762939453,20.943304,Calibration,1991,1991-09-13,-0.006091043455580388,exper2_05
21.100000381469727,20.6685,Calibration,1991,1991-09-14,-0.010330738905152648,exper2_05
21.0,20.821735,Calibration,1991,1991-09-15,-0.004262487347579205,exper2_05
21.0,20.637245,Calibration,1991,1991-09-16,-0.008712267591782796,exper2_05
21.0,20.534445,Calibration,1991,1991-09-17,-0.011208894044000987,exper2_05
21.0,20.388311,Calibration,1991,1991-09-18,-0.014779259974759665,exper2_05
20.899999618530273,20.400404,Calibration,1991,1991-09-19,-0.012096628570251582,exper2_05
21.0,20.704695,Calibration,1991,1991-09-20,-0.007080863530115862,exper2_05
20.600000381469727,20.798607,Calibration,1991,1991-09-21,0.004797419629848578,exper2_05
20.700000762939453,20.955687,Calibration,1991,1991-09-22,0.006138076758537951,exper2_05
20.700000762939453,20.562172,Calibration,1991,1991-09-23,-0.003340319180713477,exper2_05
20.600000381469727,20.109966,Calibration,1991,1991-09-24,-0.012037202277556981,exper2_05
20.399999618530273,20.009064,Calibration,1991,1991-09-25,-0.009674460765033038,exper2_05
20.0,19.915365,Calibration,1991,1991-09-26,-0.0021203559185587985,exper2_05
19.899999618530273,19.715763,Calibration,1991,1991-09-27,-0.004650586379852662,exper2_05
19.799999237060547,19.322966,Calibration,1991,1991-09-28,-0.012193186708406094,exper2_05
19.5,19.401846,Calibration,1991,1991-09-29,-0.002523121092112674,exper2_05
19.15999984741211,19.261934,Calibration,1991,1991-09-30,0.0026530271132192713,exper2_05
19.3799991607666,19.255926,Calibration,1991,1991-10-01,-0.0032113383495705446,exper2_05
19.0,18.680944,Calibration,1991,1991-10-02,-0.00846729194210451,exper2_05
18.799999237060547,18.676252,Calibration,1991,1991-10-03,-0.003302007715762785,exper2_05
18.600000381469727,18.586618,Calibration,1991,1991-10-04,-0.0003598594988700022,exper2_05
18.0,18.271486,Calibration,1991,1991-10-05,0.007484840302250048,exper2_05
17.799999237060547,18.074465,Calibration,1991,1991-10-06,0.007650722269886712,exper2_05
17.700000762939453,17.827164,Calibration,1991,1991-10-07,0.003579315582462073,exper2_05
17.399999618530273,17.893965,Calibration,1991,1991-10-08,0.013995739994623923,exper2_05
17.399999618530273,17.569914,Calibration,1991,1991-10-09,0.004858869487615184,exper2_05
17.100000381469727,17.271652,Calibration,1991,1991-10-10,0.0049939943881032005,exper2_05
17.0,17.5631,Calibration,1991,1991-10-11,0.016291964596472197,exper2_05
16.899999618530273,17.614958,Calibration,1991,1991-10-12,0.020714445104266864,exper2_05
16.799999237060547,17.471186,Calibration,1991,1991-10-13,0.01958457078987939,exper2_05
16.799999237060547,16.825645,Calibration,1991,1991-10-14,0.0007626979336138552,exper2_05
16.600000381469727,17.138895,Calibration,1991,1991-10-15,0.01597250433577038,exper2_05
16.600000381469727,16.48144,Calibration,1991,1991-10-16,-0.003583906598873791,exper2_05
16.299999237060547,16.616762,Calibration,1991,1991-10-17,0.009623149749189689,exper2_05
16.0,15.589874,Calibration,1991,1991-10-18,-0.01298282256358337,exper2_05
15.5,15.115359,Calibration,1991,1991-10-19,-0.012563651133924611,exper2_05
15.100000381469727,14.074149,Calibration,1991,1991-10-20,-0.03516302160682021,exper2_05
14.800000190734863,13.994792,Calibration,1991,1991-10-21,-0.02796367486436166,exper2_05
14.199999809265137,13.599879,Calibration,1991,1991-10-22,-0.021587163844636034,exper2_05
13.800000190734863,13.19432,Calibration,1991,1991-10-23,-0.02243733006010543,exper2_05
13.600000381469727,13.444875,Calibration,1991,1991-10-24,-0.0057358600159732815,exper2_05
13.600000381469727,12.676183,Calibration,1991,1991-10-25,-0.03515798432632885,exper2_05
12.899999618530273,12.348298,Calibration,1991,1991-10-26,-0.021851039323908483,exper2_05
12.800000190734863,12.115264,Calibration,1991,1991-10-27,-0.02748260055635962,exper2_05
12.399999618530273,11.911651,Calibration,1991,1991-10-28,-0.02008703462450083,exper2_05
12.0,12.027353,Calibration,1991,1991-10-29,0.0011384227974146426,exper2_05
11.699999809265137,11.666739,Calibration,1991,1991-10-30,-0.0014234055111538328,exper2_05
11.34000015258789,11.53515,Calibration,1991,1991-10-31,0.008531066420198536,exper2_05
11.15999984741211,11.329144,Calibration,1991,1991-11-01,0.007521125814491788,exper2_05
10.899999618530273,11.200261,Calibration,1991,1991-11-02,0.013586332808646039,exper2_05
10.800000190734863,10.910072,Calibration,1991,1991-11-03,0.005070095267397129,exper2_05
10.600000381469727,11.544585,Calibration,1991,1991-11-04,0.04265534082038025,exper2_05
10.5,10.892775,Calibration,1991,1991-11-05,0.018360151480366176,exper2_05
10.300000190734863,10.584193,Calibration,1991,1991-11-06,0.013608044764739986,exper2_05
10.0,10.396858,Calibration,1991,1991-11-07,0.019456830612947954,exper2_05
10.0,10.301214,Calibration,1991,1991-11-08,0.014837251353690259,exper2_05
9.899999618530273,10.074424,Calibration,1991,1991-11-09,0.008732375792807928,exper2_05
9.600000381469727,9.874539,Calibration,1991,1991-11-10,0.014097328987707717,exper2_05
9.5,9.770385,Calibration,1991,1991-11-11,0.014031104800478936,exper2_05
9.300000190734863,9.583844,Calibration,1991,1991-11-12,0.015031049213010196,exper2_05
9.0,9.5980215,Calibration,1991,1991-11-13,0.03215511429695009,exper2_05
9.0,9.540398,Calibration,1991,1991-11-14,0.029147036348306076,exper2_05
9.0,9.336211,Calibration,1991,1991-11-15,0.018335914697894008,exper2_05
8.699999809265137,9.295722,Calibration,1991,1991-11-16,0.03310354563955408,exper2_05
8.300000190734863,9.156732,Calibration,1991,1991-11-17,0.04907742324243323,exper2_05
8.100000381469727,9.099797,Calibration,1991,1991-11-18,0.05812840876736421,exper2_05
8.0,8.997598,Calibration,1991,1991-11-19,0.05869051099649318,exper2_05
8.0,8.96368,Calibration,1991,1991-11-20,0.05680844322382625,exper2_05
7.900000095367432,8.880359,Calibration,1991,1991-11-21,0.058422982059342904,exper2_05
7.800000190734863,8.81647,Calibration,1991,1991-11-22,0.06117243523049615,exper2_05
7.599999904632568,8.764641,Calibration,1991,1991-11-23,0.07116813157812613,exper2_05
7.599999904632568,8.719993,Calibration,1991,1991-11-24,0.06862703705905873,exper2_05
7.5,8.680433,Calibration,1991,1991-11-25,0.07295436737545129,exper2_05
7.400000095367432,8.643889,Calibration,1991,1991-11-26,0.0775304099463614,exper2_05
7.199999809265137,8.6128,Calibration,1991,1991-11-27,0.08934533314854265,exper2_05
7.0,8.586854,Calibration,1991,1991-11-28,0.10180720130890838,exper2_05
7.0,8.552114,Calibration,1991,1991-11-29,0.09980081033517373,exper2_05
6.739999771118164,8.369233,Calibration,1991,1991-11-30,0.10783031612531803,exper2_05
6.679999828338623,7.9671907,Calibration,1991,1991-12-01,0.08787971371912029,exper2_05
6.300000190734863,7.2966866,Calibration,1991,1991-12-02,0.07330362685498468,exper2_05
6.0,6.968001,Calibration,1991,1991-12-03,0.07464534411457857,exper2_05
6.0,6.8522267,Calibration,1991,1991-12-04,0.06630965604552772,exper2_05
6.0,6.476401,Calibration,1991,1991-12-05,0.03818415726192665,exper2_05
5.800000190734863,6.2179255,Calibration,1991,1991-12-06,0.03477516560552087,exper2_05
5.599999904632568,6.091124,Calibration,1991,1991-12-07,0.04200829233499023,exper2_05
5.5,6.0063396,Calibration,1991,1991-12-08,0.0440052675151156,exper2_05
5.199999809265137,5.843927,Calibration,1991,1991-12-09,0.05830599150901267,exper2_05
5.099999904632568,5.6987147,Calibration,1991,1991-12-10,0.05544315676218351,exper2_05
4.800000190734863,5.6115947,Calibration,1991,1991-12-11,0.07795102446349496,exper2_05
4.800000190734863,5.545957,Calibration,1991,1991-12-12,0.07210129305626642,exper2_05
4.800000190734863,5.4909863,Calibration,1991,1991-12-13,0.06714479257324807,exper2_05
4.699999809265137,5.4440217,Calibration,1991,1991-12-14,0.07334585122232744,exper2_05
4.699999809265137,5.408469,Calibration,1991,1991-12-15,0.07008671542746647,exper2_05
4.699999809265137,5.3793445,Calibration,1991,1991-12-16,0.06739968749049398,exper2_05
4.5,5.378082,Calibration,1991,1991-12-17,0.08889193433102081,exper2_05
4.400000095367432,5.332323,Calibration,1991,1991-12-18,0.09579654957155899,exper2_05
4.400000095367432,5.307572,Calibration,1991,1991-12-19,0.09349112158636001,exper2_05
4.300000190734863,5.287581,Calibration,1991,1991-12-20,0.10300624943582,exper2_05
4.199999809265137,5.3134513,Calibration,1991,1991-12-21,0.11703970191597449,exper2_05
4.300000190734863,6.1977487,Calibration,1991,1991-12-22,0.18077670718759048,exper2_05
4.400000095367432,8.596652,Calibration,1991,1991-12-23,0.3229025363448098,exper2_05
4.300000190734863,7.710983,Calibration,1991,1991-12-24,0.2839886303693733,exper2_05
4.300000190734863,6.6336026,Calibration,1991,1991-12-25,0.21343398594304167,exper2_05
4.099999904632568,5.861643,Calibration,1991,1991-12-26,0.17684261305986157,exper2_05
4.0,5.3722324,Calibration,1991,1991-12-27,0.14641468255704554,exper2_05
4.0,5.066821,Calibration,1991,1991-12-28,0.11766208760029581,exper2_05
4.0,4.8797193,Calibration,1991,1991-12-29,0.09907061606999547,exper2_05
4.0,4.7613673,Calibration,1991,1991-12-30,0.08690051371185428,exper2_05
3.700000047683716,4.678295,Calibration,1991,1991-12-31,0.11676541186781285,exper2_05
3.799999952316284,3.6047645,Calibration,1992,1992-01-01,-0.026366198826556896,exper2_05
3.880000114440918,3.427654,Calibration,1992,1992-01-02,-0.06190031406641903,exper2_05
3.5999999046325684,3.4040806,Calibration,1992,1992-01-03,-0.027972161989469196,exper2_05
3.5999999046325684,3.5362458,Calibration,1992,1992-01-04,-0.008933840587922109,exper2_05
3.299999952316284,3.533474,Calibration,1992,1992-01-05,0.03416622627009099,exper2_05
3.200000047683716,3.5095925,Calibration,1992,1992-01-06,0.046141771158206515,exper2_05
3.0999999046325684,3.4834042,Calibration,1992,1992-01-07,0.05823799529479048,exper2_05
3.0,3.4973872,Calibration,1992,1992-01-08,0.07655187504102907,exper2_05
3.0999999046325684,3.5634007,Calibration,1992,1992-01-09,0.06954419598911248,exper2_05
3.0,3.6558943,Calibration,1992,1992-01-10,0.09854337402895542,exper2_05
3.0,3.626188,Calibration,1992,1992-01-11,0.09450200266282896,exper2_05
3.0,3.4584398,Calibration,1992,1992-01-12,0.07098306080847115,exper2_05
3.0,3.3409722,Calibration,1992,1992-01-13,0.053772856145659687,exper2_05
3.0,3.255567,Calibration,1992,1992-01-14,0.04085434154986613,exper2_05
3.0,3.2009847,Calibration,1992,1992-01-15,0.032411741942106935,exper2_05
2.9000000953674316,3.1624186,Calibration,1992,1992-01-16,0.04328610766549313,exper2_05
3.0,3.0693278,Calibration,1992,1992-01-17,0.011422653907594752,exper2_05
2.799999952316284,3.015432,Calibration,1992,1992-01-18,0.037044872128371265,exper2_05
3.0,3.0050695,Calibration,1992,1992-01-19,0.0008442024280140057,exper2_05
2.5,3.0145142,Calibration,1992,1992-01-20,0.09330181924429222,exper2_05
2.700000047683716,2.9860535,Calibration,1992,1992-01-21,0.05030790132113091,exper2_05
2.5999999046325684,3.0431898,Calibration,1992,1992-01-22,0.07853534710199768,exper2_05
2.5999999046325684,3.0504775,Calibration,1992,1992-01-23,0.07972381224836307,exper2_05
2.3399999141693115,3.0862045,Calibration,1992,1992-01-24,0.1375187062118442,exper2_05
2.5999999046325684,3.0112615,Calibration,1992,1992-01-25,0.07329217649580189,exper2_05
2.5999999046325684,2.9105046,Calibration,1992,1992-01-26,0.056347776470032904,exper2_05
2.5999999046325684,2.8106637,Calibration,1992,1992-01-27,0.03893492755431752,exper2_05
2.799999952316284,2.718616,Calibration,1992,1992-01-28,-0.014747165617570637,exper2_05
2.700000047683716,2.7548926,Calibration,1992,1992-01-29,0.010062991821753976,exper2_05
2.799999952316284,2.7600791,Calibration,1992,1992-01-30,-0.007179899095488799,exper2_05
3.0,2.8419566,Calibration,1992,1992-01-31,-0.027053159575695034,exper2_05
3.0,2.8187077,Calibration,1992,1992-02-01,-0.031156797120837337,exper2_05
2.9000000953674316,2.772884,Calibration,1992,1992-02-02,-0.02240768603585808,exper2_05
2.799999952316284,2.7361798,Calibration,1992,1992-02-03,-0.011527827165579815,exper2_05
3.0999999046325684,2.7379594,Calibration,1992,1992-02-04,-0.06201490996389146,exper2_05
3.0,2.6849139,Calibration,1992,1992-02-05,-0.05542496040031778,exper2_05
3.200000047683716,2.706575,Calibration,1992,1992-02-06,-0.0835382829825707,exper2_05
3.200000047683716,2.698826,Calibration,1992,1992-02-07,-0.08496164536706995,exper2_05
3.200000047683716,2.650089,Calibration,1992,1992-02-08,-0.09400045286613894,exper2_05
3.7200000286102295,2.6036494,Calibration,1992,1992-02-09,-0.176535822756347,exper2_05
3.0999999046325684,2.7592254,Calibration,1992,1992-02-10,-0.058160340360259855,exper2_05
3.200000047683716,2.693715,Calibration,1992,1992-02-11,-0.08590251477415099,exper2_05
3.200000047683716,2.6689668,Calibration,1992,1992-02-12,-0.09048156072308551,exper2_05
3.5,2.7855117,Calibration,1992,1992-02-13,-0.11367225109922499,exper2_05
3.5999999046325684,2.9347925,Calibration,1992,1992-02-14,-0.10179472321879611,exper2_05
3.5,2.8592978,Calibration,1992,1992-02-15,-0.10075047160353601,exper2_05
3.4000000953674316,2.9185476,Calibration,1992,1992-02-16,-0.076196696766384,exper2_05
3.200000047683716,3.0635607,Calibration,1992,1992-02-17,-0.021783028598760974,exper2_05
3.200000047683716,2.7707794,Calibration,1992,1992-02-18,-0.07188687544882329,exper2_05
3.0,2.4053125,Calibration,1992,1992-02-19,-0.11001907061916084,exper2_05
3.0,2.3196254,Calibration,1992,1992-02-20,-0.1278989729620566,exper2_05
2.819999933242798,2.302622,Calibration,1992,1992-02-21,-0.10099863938258109,exper2_05
3.0,2.7057061,Calibration,1992,1992-02-22,-0.05157887109799291,exper2_05
3.0,2.8590174,Calibration,1992,1992-02-23,-0.024062503814930112,exper2_05
3.4000000953674316,3.034928,Calibration,1992,1992-02-24,-0.05673288058615686,exper2_05
3.299999952316284,3.1281776,Calibration,1992,1992-02-25,-0.026729552342169723,exper2_05
3.4000000953674316,3.2295933,Calibration,1992,1992-02-26,-0.02570396234265836,exper2_05
3.4000000953674316,3.4574053,Calibration,1992,1992-02-27,0.008371275990373841,exper2_05
3.5,3.8279896,Calibration,1992,1992-02-28,0.04475846679977522,exper2_05
3.5999999046325684,4.0753345,Calibration,1992,1992-02-29,0.06193015394863293,exper2_05
3.680000066757202,4.0952168,Calibration,1992,1992-03-01,0.05340258594305472,exper2_05
3.9000000953674316,4.110718,Calibration,1992,1992-03-02,0.02630446877809017,exper2_05
3.799999952316284,4.12266,Calibration,1992,1992-03-03,0.040726246383355785,exper2_05
3.799999952316284,4.331223,Calibration,1992,1992-03-04,0.0653312621110077,exper2_05
4.0,4.4285293,Calibration,1992,1992-03-05,0.050842709231271696,exper2_05
4.199999809265137,4.551256,Calibration,1992,1992-03-06,0.040137823757292794,exper2_05
4.599999904632568,4.6179566,Calibration,1992,1992-03-07,0.001948016745350169,exper2_05
4.400000095367432,4.6913285,Calibration,1992,1992-03-08,0.03204464851327748,exper2_05
4.5,4.35535,Calibration,1992,1992-03-09,-0.01633475607014479,exper2_05
4.599999904632568,4.1732864,Calibration,1992,1992-03-10,-0.04863781369716638,exper2_05
4.699999809265137,4.5149913,Calibration,1992,1992-03-11,-0.02007690772433994,exper2_05
5.0,4.6990223,Calibration,1992,1992-03-12,-0.03103175740956732,exper2_05
4.199999809265137,4.7884183,Calibration,1992,1992-03-13,0.06546407577389994,exper2_05
4.0,4.9627013,Calibration,1992,1992-03-14,0.10741196054702062,exper2_05
4.400000095367432,5.0201373,Calibration,1992,1992-03-15,0.06583101583056027,exper2_05
4.599999904632568,4.8350697,Calibration,1992,1992-03-16,0.02491446938674948,exper2_05
4.400000095367432,5.0578814,Calibration,1992,1992-03-17,0.06955905118400332,exper2_05
4.400000095367432,5.147733,Calibration,1992,1992-03-18,0.07831524950646875,exper2_05
4.800000190734863,5.0080743,Calibration,1992,1992-03-19,0.021214571056680717,exper2_05
5.0,5.3096204,Calibration,1992,1992-03-20,0.030032180524337607,exper2_05
5.199999809265137,5.3454037,Calibration,1992,1992-03-21,0.013788364026845832,exper2_05
5.199999809265137,5.53085,Calibration,1992,1992-03-22,0.03083167990292311,exper2_05
5.199999809265137,5.4625907,Calibration,1992,1992-03-23,0.024627306569769705,exper2_05
5.199999809265137,6.127662,Calibration,1992,1992-03-24,0.08189354284373743,exper2_05
5.099999904632568,5.935885,Calibration,1992,1992-03-25,0.07574245823785833,exper2_05
4.900000095367432,6.0994306,Calibration,1992,1992-03-26,0.10904477724006066,exper2_05
5.28000020980835,6.000968,Calibration,1992,1992-03-27,0.0639100968576888,exper2_05
5.0,6.0285234,Calibration,1992,1992-03-28,0.09326030363417585,exper2_05
4.900000095367432,6.0877037,Calibration,1992,1992-03-29,0.10809388668129012,exper2_05
5.300000190734863,6.240288,Calibration,1992,1992-03-30,0.08147869380289961,exper2_05
5.400000095367432,6.15516,Calibration,1992,1992-03-31,0.06535260886974158,exper2_05
5.800000190734863,6.2499022,Calibration,1992,1992-04-01,0.03733657263374965,exper2_05
5.539999961853027,6.3659673,Calibration,1992,1992-04-02,0.06937423020885053,exper2_05
5.800000190734863,6.539349,Calibration,1992,1992-04-03,0.05991798045645152,exper2_05
6.199999809265137,6.925484,Calibration,1992,1992-04-04,0.055272961496410596,exper2_05
6.0,7.0204973,Calibration,1992,1992-04-05,0.07837621688626095,exper2_05
6.0,7.350508,Calibration,1992,1992-04-06,0.10115781298301363,exper2_05
6.199999809265137,7.4869366,Calibration,1992,1992-04-07,0.09402664879572886,exper2_05
6.599999904632568,7.904113,Calibration,1992,1992-04-08,0.08991331881901925,exper2_05
6.199999809265137,8.192253,Calibration,1992,1992-04-09,0.1384253955455737,exper2_05
6.800000190734863,7.856684,Calibration,1992,1992-04-10,0.07209570653500902,exper2_05
6.900000095367432,7.490989,Calibration,1992,1992-04-11,0.04106660774924079,exper2_05
7.0,8.706549,Calibration,1992,1992-04-12,0.10865204854303498,exper2_05
7.099999904632568,8.995085,Calibration,1992,1992-04-13,0.11774308101665117,exper2_05
8.300000190734863,9.44822,Calibration,1992,1992-04-14,0.06469494031227126,exper2_05
8.0,9.024474,Calibration,1992,1992-04-15,0.06017655143516313,exper2_05
7.800000190734863,8.824662,Calibration,1992,1992-04-16,0.06163505719465941,exper2_05
7.5,9.220056,Calibration,1992,1992-04-17,0.10287379559804335,exper2_05
7.400000095367432,8.401852,Calibration,1992,1992-04-18,0.06340089595651754,exper2_05
7.199999809265137,8.850581,Calibration,1992,1992-04-19,0.10283623764679962,exper2_05
7.199999809265137,9.243928,Calibration,1992,1992-04-20,0.12429683318884713,exper2_05
8.0,9.610581,Calibration,1992,1992-04-21,0.09145532232071718,exper2_05
9.0,9.398734,Calibration,1992,1992-04-22,0.02167182213206385,exper2_05
8.399999618530273,9.818696,Calibration,1992,1992-04-23,0.07787036083662803,exper2_05
9.0,10.375652,Calibration,1992,1992-04-24,0.07099901933587717,exper2_05
9.600000381469727,10.96643,Calibration,1992,1992-04-25,0.06643979158344139,exper2_05
10.199999809265137,11.695441,Calibration,1992,1992-04-26,0.06829921502794935,exper2_05
12.079999923706055,12.167607,Calibration,1992,1992-04-27,0.0036130321187121932,exper2_05
12.199999809265137,11.936613,Calibration,1992,1992-04-28,-0.010912331715981854,exper2_05
12.199999809265137,11.818732,Calibration,1992,1992-04-29,-0.015873758301712584,exper2_05
10.199999809265137,11.6352,Calibration,1992,1992-04-30,0.06572872150806613,exper2_05
9.600000381469727,11.527498,Calibration,1992,1992-05-01,0.09123171170546544,exper2_05
9.539999961853027,11.482126,Calibration,1992,1992-05-02,0.09238486420611218,exper2_05
10.199999809265137,11.673603,Calibration,1992,1992-05-03,0.0673690227233141,exper2_05
11.199999809265137,12.182227,Calibration,1992,1992-05-04,0.042007432730558174,exper2_05
13.0,12.722741,Calibration,1992,1992-05-05,-0.010778745220689607,exper2_05
13.399999618530273,13.32268,Calibration,1992,1992-05-06,-0.002893390368662721,exper2_05
14.399999618530273,13.788448,Calibration,1992,1992-05-07,-0.021695103108391612,exper2_05
15.0,14.455419,Calibration,1992,1992-05-08,-0.018488327085406465,exper2_05
16.0,15.039581,Calibration,1992,1992-05-09,-0.030941741511446703,exper2_05
16.399999618530273,15.318095,Calibration,1992,1992-05-10,-0.034110006204968166,exper2_05
16.600000381469727,15.913683,Calibration,1992,1992-05-11,-0.021108572569649642,exper2_05
16.399999618530273,15.484224,Calibration,1992,1992-05-12,-0.028721893964029348,exper2_05
17.0,16.82807,Calibration,1992,1992-05-13,-0.005082474841211072,exper2_05
17.600000381469727,17.766075,Calibration,1992,1992-05-14,0.004695877345329732,exper2_05
18.200000762939453,18.297583,Calibration,1992,1992-05-15,0.0026736527282509317,exper2_05
18.600000381469727,18.828325,Calibration,1992,1992-05-16,0.006100323382164254,exper2_05
19.6200008392334,18.861872,Calibration,1992,1992-05-17,-0.01970094149443208,exper2_05
18.0,18.893469,Calibration,1992,1992-05-18,0.02421753455277397,exper2_05
16.399999618530273,18.905453,Calibration,1992,1992-05-19,0.07096504769661093,exper2_05
16.299999237060547,18.768274,Calibration,1992,1992-05-20,0.07038484706330267,exper2_05
16.200000762939453,18.547312,Calibration,1992,1992-05-21,0.06755374294933157,exper2_05
16.399999618530273,18.357063,Calibration,1992,1992-05-22,0.05630693479142593,exper2_05
16.700000762939453,18.673292,Calibration,1992,1992-05-23,0.055784780947355554,exper2_05
17.0,18.275648,Calibration,1992,1992-05-24,0.03616228716286306,exper2_05
17.799999237060547,18.339787,Calibration,1992,1992-05-25,0.01493609552548347,exper2_05
18.0,18.674063,Calibration,1992,1992-05-26,0.018379821561219967,exper2_05
17.799999237060547,19.134361,Calibration,1992,1992-05-27,0.036127931059733706,exper2_05
18.200000762939453,18.900408,Calibration,1992,1992-05-28,0.018878687742139997,exper2_05
18.5,18.740442,Calibration,1992,1992-05-29,0.006456482826357995,exper2_05
18.799999237060547,19.11458,Calibration,1992,1992-05-30,0.008297096325670803,exper2_05
19.200000762939453,19.304491,Calibration,1992,1992-05-31,0.0027137166405869235,exper2_05
19.799999237060547,19.438623,Calibration,1992,1992-06-01,-0.009209696573637058,exper2_05
20.600000381469727,19.31639,Calibration,1992,1992-06-02,-0.03215750008457696,exper2_05
21.200000762939453,18.977455,Calibration,1992,1992-06-03,-0.05531822694784291,exper2_05
20.600000381469727,19.014013,Calibration,1992,1992-06-04,-0.040036011099538395,exper2_05
20.399999618530273,19.23887,Calibration,1992,1992-06-05,-0.029292686466446453,exper2_05
20.0,18.698448,Calibration,1992,1992-06-06,-0.03363317859039017,exper2_05
19.799999237060547,19.143549,Calibration,1992,1992-06-07,-0.01685645766515074,exper2_05
19.479999542236328,19.06803,Calibration,1992,1992-06-08,-0.010687190754363536,exper2_05
19.399999618530273,19.032053,Calibration,1992,1992-06-09,-0.00957395194234447,exper2_05
19.600000381469727,19.004164,Calibration,1992,1992-06-10,-0.01543451731003918,exper2_05
19.600000381469727,19.321043,Calibration,1992,1992-06-11,-0.007167263326040649,exper2_05
19.600000381469727,18.475718,Calibration,1992,1992-06-12,-0.029527554519086202,exper2_05
19.799999237060547,18.99523,Calibration,1992,1992-06-13,-0.020744033160875686,exper2_05
20.0,19.472406,Calibration,1992,1992-06-14,-0.013366137536531328,exper2_05
20.200000762939453,19.728748,Calibration,1992,1992-06-15,-0.01180233421310734,exper2_05
20.600000381469727,20.396267,Calibration,1992,1992-06-16,-0.004969560829280895,exper2_05
20.399999618530273,20.720758,Calibration,1992,1992-06-17,0.007800411148506989,exper2_05
20.600000381469727,21.197313,Calibration,1992,1992-06-18,0.0142907013516122,exper2_05
20.600000381469727,21.594341,Calibration,1992,1992-06-19,0.02356574027459649,exper2_05
20.700000762939453,21.63407,Calibration,1992,1992-06-20,0.022064230424129132,exper2_05
21.299999237060547,21.47251,Calibration,1992,1992-06-21,0.004033201527234222,exper2_05
21.600000381469727,21.970419,Calibration,1992,1992-06-22,0.008501606237377125,exper2_05
21.600000381469727,22.231213,Calibration,1992,1992-06-23,0.014400975727821789,exper2_05
22.139999389648438,22.31655,Calibration,1992,1992-06-24,0.003971291445203339,exper2_05
21.799999237060547,22.128468,Calibration,1992,1992-06-25,0.007477345482434933,exper2_05
21.399999618530273,22.558065,Calibration,1992,1992-06-26,0.026344785536627696,exper2_05
21.299999237060547,22.679958,Calibration,1992,1992-06-27,0.03137699948703635,exper2_05
21.200000762939453,22.221613,Calibration,1992,1992-06-28,0.023527733781978474,exper2_05
21.399999618530273,22.63221,Calibration,1992,1992-06-29,0.027984290958689803,exper2_05
21.799999237060547,22.287703,Calibration,1992,1992-06-30,0.011062117177359315,exper2_05
22.200000762939453,22.144316,Calibration,1992,1992-07-01,-0.0012557425111486666,exper2_05
22.399999618530273,22.414532,Calibration,1992,1992-07-02,0.0003242718110246542,exper2_05
22.399999618530273,23.395063,Calibration,1992,1992-07-03,0.02172862566713378,exper2_05
22.799999237060547,23.18075,Calibration,1992,1992-07-04,0.008280653606781888,exper2_05
22.5,22.63087,Calibration,1992,1992-07-05,0.002899807088066077,exper2_05
22.0,22.458342,Calibration,1992,1992-07-06,0.010309462342295189,exper2_05
22.0,22.510668,Calibration,1992,1992-07-07,0.01147293056099591,exper2_05
21.799999237060547,22.213842,Calibration,1992,1992-07-08,0.009402568364636587,exper2_05
22.0,22.375559,Calibration,1992,1992-07-09,0.00846319151477593,exper2_05
22.0,22.41646,Calibration,1992,1992-07-10,0.009376254588554645,exper2_05
22.0,22.031399,Calibration,1992,1992-07-11,0.0007130996077389024,exper2_05
21.600000381469727,21.950504,Calibration,1992,1992-07-12,0.00804821721466647,exper2_05
21.5,21.704927,Calibration,1992,1992-07-13,0.004743149834505608,exper2_05
21.799999237060547,21.358004,Calibration,1992,1992-07-14,-0.01024133628770972,exper2_05
21.899999618530273,22.504583,Calibration,1992,1992-07-15,0.013615345527363976,exper2_05
21.899999618530273,22.39079,Calibration,1992,1992-07-16,0.011081114484954005,exper2_05
22.100000381469727,22.729822,Calibration,1992,1992-07-17,0.01404916954060669,exper2_05
22.5,23.36178,Calibration,1992,1992-07-18,0.01879081369050523,exper2_05
23.0,23.798052,Calibration,1992,1992-07-19,0.01705309949515515,exper2_05
23.399999618530273,24.133905,Calibration,1992,1992-07-20,0.01543962760442247,exper2_05
24.0,23.246199,Calibration,1992,1992-07-21,-0.015954751224384216,exper2_05
24.5,24.232443,Calibration,1992,1992-07-22,-0.005490328998210752,exper2_05
24.799999237060547,24.636187,Calibration,1992,1992-07-23,-0.003313618042255739,exper2_05
24.600000381469727,24.590925,Calibration,1992,1992-07-24,-0.00018448859590607474,exper2_05
24.799999237060547,24.437288,Calibration,1992,1992-07-25,-0.007366590870819634,exper2_05
24.799999237060547,24.688757,Calibration,1992,1992-07-26,-0.0022478296667497997,exper2_05
25.399999618530273,25.001501,Calibration,1992,1992-07-27,-0.00790648154532418,exper2_05
25.5,25.163979,Calibration,1992,1992-07-28,-0.006632353652041094,exper2_05
25.0,24.8226,Calibration,1992,1992-07-29,-0.003560644990153855,exper2_05
25.0,25.13308,Calibration,1992,1992-07-30,0.0026545253166049896,exper2_05
25.600000381469727,25.492212,Calibration,1992,1992-07-31,-0.0021096773909347337,exper2_05
25.600000381469727,25.581476,Calibration,1992,1992-08-01,-0.000361931135148261,exper2_05
25.399999618530273,25.792578,Calibration,1992,1992-08-02,0.0076686532546209425,exper2_05
25.600000381469727,25.928225,Calibration,1992,1992-08-03,0.006369794078464948,exper2_05
25.799999237060547,25.98213,Calibration,1992,1992-08-04,0.0035172523050693793,exper2_05
25.5,25.899977,Calibration,1992,1992-08-05,0.007781651973210572,exper2_05
25.799999237060547,25.696749,Calibration,1992,1992-08-06,-0.002004990753960304,exper2_05
26.200000762939453,25.976828,Calibration,1992,1992-08-07,-0.004277246210431213,exper2_05
26.600000381469727,25.618029,Calibration,1992,1992-08-08,-0.018805224155528055,exper2_05
26.920000076293945,25.531923,Calibration,1992,1992-08-09,-0.026463791850403606,exper2_05
26.600000381469727,25.86366,Calibration,1992,1992-08-10,-0.014035230335357274,exper2_05
26.0,25.987194,Calibration,1992,1992-08-11,-0.0002463287152141405,exper2_05
25.700000762939453,25.633686,Calibration,1992,1992-08-12,-0.00129183585599508,exper2_05
25.600000381469727,25.21385,Calibration,1992,1992-08-13,-0.0075993131212489335,exper2_05
25.600000381469727,25.023886,Calibration,1992,1992-08-14,-0.011380292957111385,exper2_05
25.299999237060547,24.272959,Calibration,1992,1992-08-15,-0.020717756679390673,exper2_05
24.799999237060547,24.075539,Calibration,1992,1992-08-16,-0.014822560187455478,exper2_05
24.799999237060547,23.613329,Calibration,1992,1992-08-17,-0.024511231683118077,exper2_05
25.0,23.662653,Calibration,1992,1992-08-18,-0.02748200003566775,exper2_05
25.399999618530273,23.823378,Calibration,1992,1992-08-19,-0.032029943861459576,exper2_05
25.399999618530273,23.965183,Calibration,1992,1992-08-20,-0.029065350857925058,exper2_05
25.399999618530273,24.234825,Calibration,1992,1992-08-21,-0.023474939018234792,exper2_05
25.299999237060547,24.767767,Calibration,1992,1992-08-22,-0.010630238276073052,exper2_05
24.799999237060547,24.598854,Calibration,1992,1992-08-23,-0.004071859135867612,exper2_05
24.700000762939453,24.432455,Calibration,1992,1992-08-24,-0.005445396440629783,exper2_05
24.799999237060547,24.33354,Calibration,1992,1992-08-25,-0.009493703931949088,exper2_05
25.399999618530273,24.317085,Calibration,1992,1992-08-26,-0.021781533549877923,exper2_05
25.299999237060547,24.371511,Calibration,1992,1992-08-27,-0.01869256168560716,exper2_05
25.200000762939453,24.302694,Calibration,1992,1992-08-28,-0.018126415960687484,exper2_05
25.0,24.266127,Calibration,1992,1992-08-29,-0.014896104432586146,exper2_05
24.399999618530273,24.258074,Calibration,1992,1992-08-30,-0.0029167988326846417,exper2_05
23.959999084472656,23.858662,Calibration,1992,1992-08-31,-0.0021192026564821557,exper2_05
23.600000381469727,23.123247,Calibration,1992,1992-09-01,-0.010203769217385809,exper2_05
23.100000381469727,23.319214,Calibration,1992,1992-09-02,0.004722472994555582,exper2_05
23.0,23.053293,Calibration,1992,1992-09-03,0.0011572077567916326,exper2_05
22.399999618530273,22.485846,Calibration,1992,1992-09-04,0.0019125393966203362,exper2_05
21.600000381469727,22.053694,Calibration,1992,1992-09-05,0.010393012520411055,exper2_05
20.799999237060547,22.0759,Calibration,1992,1992-09-06,0.029757974429741398,exper2_05
20.600000381469727,21.711761,Calibration,1992,1992-09-07,0.026275462055237418,exper2_05
20.700000762939453,21.356163,Calibration,1992,1992-09-08,0.015602047425746984,exper2_05
20.600000381469727,21.339031,Calibration,1992,1992-09-09,0.017621552282001594,exper2_05
20.399999618530273,21.275045,Calibration,1992,1992-09-10,0.020996876574104407,exper2_05
20.600000381469727,20.970049,Calibration,1992,1992-09-11,0.00890180621158982,exper2_05
20.700000762939453,20.774698,Calibration,1992,1992-09-12,0.0018010376511742845,exper2_05
20.799999237060547,20.696987,Calibration,1992,1992-09-13,-0.0024823991794220104,exper2_05
20.899999618530273,20.621073,Calibration,1992,1992-09-14,-0.0067177178556663145,exper2_05
20.799999237060547,20.445545,Calibration,1992,1992-09-15,-0.008593753468281227,exper2_05
21.0,20.392212,Calibration,1992,1992-09-16,-0.014683633897105445,exper2_05
21.0,20.403278,Calibration,1992,1992-09-17,-0.01441242512521858,exper2_05
21.0,20.453588,Calibration,1992,1992-09-18,-0.013181283798156211,exper2_05
20.799999237060547,20.34666,Calibration,1992,1992-09-19,-0.011017628762278249,exper2_05
20.600000381469727,20.347952,Calibration,1992,1992-09-20,-0.006155338141613861,exper2_05
20.600000381469727,20.333496,Calibration,1992,1992-09-21,-0.0065106651194838105,exper2_05
20.5,20.21787,Calibration,1992,1992-09-22,-0.006928881171446866,exper2_05
20.399999618530273,20.492247,Calibration,1992,1992-09-23,0.002255855761056534,exper2_05
20.200000762939453,20.219149,Calibration,1992,1992-09-24,0.0004737327036716762,exper2_05
20.100000381469727,20.014383,Calibration,1992,1992-09-25,-0.002134323340856972,exper2_05
20.0,19.857635,Calibration,1992,1992-09-26,-0.00357182507627933,exper2_05
19.799999237060547,19.717638,Calibration,1992,1992-09-27,-0.0020841636048882207,exper2_05
19.700000762939453,19.679102,Calibration,1992,1992-09-28,-0.0005307083588285978,exper2_05
19.600000381469727,19.541683,Calibration,1992,1992-09-29,-0.0014898997466804961,exper2_05
19.360000610351562,19.012907,Calibration,1992,1992-09-30,-0.009045277085143964,exper2_05
19.280000686645508,18.766336,Calibration,1992,1992-10-01,-0.01350101703303485,exper2_05
19.0,18.563822,Calibration,1992,1992-10-02,-0.01161165681718141,exper2_05
18.799999237060547,18.626263,Calibration,1992,1992-10-03,-0.004642103256831314,exper2_05
18.299999237060547,17.320957,Calibration,1992,1992-10-04,-0.027485001852680817,exper2_05
18.0,18.26607,Calibration,1992,1992-10-05,0.007336593585785952,exper2_05
17.799999237060547,18.266394,Calibration,1992,1992-10-06,0.012931551701060284,exper2_05
17.799999237060547,17.808178,Calibration,1992,1992-10-07,0.0002296863132025707,exper2_05
18.0,17.529541,Calibration,1992,1992-10-08,-0.01324134708546063,exper2_05
17.799999237060547,17.780838,Calibration,1992,1992-10-09,-0.0005385265172579898,exper2_05
17.5,16.57002,Calibration,1992,1992-10-10,-0.027296118578678474,exper2_05
17.299999237060547,16.877745,Calibration,1992,1992-10-11,-0.012354664587232946,exper2_05
17.0,17.147036,Calibration,1992,1992-10-12,0.004305955002437876,exper2_05
16.600000381469727,16.734673,Calibration,1992,1992-10-13,0.004040002588549536,exper2_05
16.200000762939453,16.79622,Calibration,1992,1992-10-14,0.01806934214313308,exper2_05
15.800000190734863,16.614676,Calibration,1992,1992-10-15,0.025132916285798706,exper2_05
15.5,15.22779,Calibration,1992,1992-10-16,-0.00885876017208092,exper2_05
15.199999809265137,15.123745,Calibration,1992,1992-10-17,-0.0025146908877576833,exper2_05
14.899999618530273,14.014968,Calibration,1992,1992-10-18,-0.030608082094646487,exper2_05
14.399999618530273,13.78669,Calibration,1992,1992-10-19,-0.021758846951838967,exper2_05
14.100000381469727,13.541663,Calibration,1992,1992-10-20,-0.020199117559334102,exper2_05
13.899999618530273,13.89086,Calibration,1992,1992-10-21,-0.0003288856445671345,exper2_05
13.5,14.163601,Calibration,1992,1992-10-22,0.023988233618276834,exper2_05
13.399999618530273,13.796328,Calibration,1992,1992-10-23,0.014572849096846642,exper2_05
13.199999809265137,12.871951,Calibration,1992,1992-10-24,-0.012582438006114617,exper2_05
12.899999618530273,12.46247,Calibration,1992,1992-10-25,-0.017251063068470945,exper2_05
12.699999809265137,13.403456,Calibration,1992,1992-10-26,0.02694876637367167,exper2_05
12.600000381469727,12.345075,Calibration,1992,1992-10-27,-0.010219481299839081,exper2_05
12.399999618530273,12.867157,Calibration,1992,1992-10-28,0.018488719220349375,exper2_05
12.300000190734863,12.70525,Calibration,1992,1992-10-29,0.01620658045862485,exper2_05
12.100000381469727,12.237729,Calibration,1992,1992-10-30,0.005659060815889242,exper2_05
11.899999618530273,12.275901,Calibration,1992,1992-10-31,0.015548592403496783,exper2_05
11.819999694824219,11.882705,Calibration,1992,1992-11-01,0.002645480399259888,exper2_05
11.699999809265137,12.404224,Calibration,1992,1992-11-02,0.029215816302448683,exper2_05
11.699999809265137,12.624475,Calibration,1992,1992-11-03,0.038005948390304106,exper2_05
11.699999809265137,11.860177,Calibration,1992,1992-11-04,0.006798642975350861,exper2_05
11.600000381469727,11.397026,Calibration,1992,1992-11-05,-0.008826111495625179,exper2_05
11.5,11.372174,Calibration,1992,1992-11-06,-0.005588700729964747,exper2_05
11.399999618530273,11.295019,Calibration,1992,1992-11-07,-0.004625705306601732,exper2_05
11.199999809265137,10.800934,Calibration,1992,1992-11-08,-0.01813859256041628,exper2_05
11.0,10.524173,Calibration,1992,1992-11-09,-0.022106643628140715,exper2_05
11.0,10.348797,Calibration,1992,1992-11-10,-0.030503037724389653,exper2_05
10.899999618530273,10.116675,Calibration,1992,1992-11-11,-0.03727155897918197,exper2_05
10.800000190734863,9.902362,Calibration,1992,1992-11-12,-0.04335922240648609,exper2_05
10.5,9.734349,Calibration,1992,1992-11-13,-0.03783915853762973,exper2_05
10.199999809265137,9.632438,Calibration,1992,1992-11-14,-0.028617869227361002,exper2_05
10.0,9.4705,Calibration,1992,1992-11-15,-0.02719498769096201,exper2_05
9.899999618530273,9.932853,Calibration,1992,1992-11-16,0.00165650033205501,exper2_05
9.800000190734863,9.533456,Calibration,1992,1992-11-17,-0.013786688810186045,exper2_05
9.600000381469727,9.327277,Calibration,1992,1992-11-18,-0.014409002932428678,exper2_05
9.399999618530273,9.029385,Calibration,1992,1992-11-19,-0.02011000480734152,exper2_05
9.100000381469727,8.867389,Calibration,1992,1992-11-20,-0.012946324855934178,exper2_05
8.899999618530273,8.651189,Calibration,1992,1992-11-21,-0.014176291740462747,exper2_05
8.800000190734863,8.680131,Calibration,1992,1992-11-22,-0.0068574561113970535,exper2_05
8.699999809265137,8.677453,Calibration,1992,1992-11-23,-0.0012974725572645182,exper2_05
8.699999809265137,8.658338,Calibration,1992,1992-11-24,-0.002400127110151583,exper2_05
8.600000381469727,8.63119,Calibration,1992,1992-11-25,0.0018100849264949446,exper2_05
8.5,8.615695,Calibration,1992,1992-11-26,0.006759585263519073,exper2_05
8.399999618530273,8.569518,Calibration,1992,1992-11-27,0.009989586839347506,exper2_05
8.199999809265137,8.510508,Calibration,1992,1992-11-28,0.018581588640765447,exper2_05
8.100000381469727,8.492776,Calibration,1992,1992-11-29,0.023671477787503233,exper2_05
8.0,8.481615,Calibration,1992,1992-11-30,0.02922135146247943,exper2_05
8.0,8.479373,Calibration,1992,1992-12-01,0.029089272925874755,exper2_05
8.0,8.620725,Calibration,1992,1992-12-02,0.03734642682937255,exper2_05
8.100000381469727,8.737537,Calibration,1992,1992-12-03,0.03786402806885901,exper2_05
8.0600004196167,8.597715,Calibration,1992,1992-12-04,0.032280233660491535,exper2_05
8.0,8.590997,Calibration,1992,1992-12-05,0.035621533258672615,exper2_05
7.699999809265137,7.3679867,Calibration,1992,1992-12-06,-0.022034339521399115,exper2_05
7.400000095367432,6.8506126,Calibration,1992,1992-12-07,-0.03855184792218861,exper2_05
7.300000190734863,6.48938,Calibration,1992,1992-12-08,-0.058785841248759525,exper2_05
7.199999809265137,6.22795,Calibration,1992,1992-12-09,-0.07239003123955538,exper2_05
7.099999904632568,6.0470967,Calibration,1992,1992-12-10,-0.08008636466839261,exper2_05
7.0,5.9081464,Calibration,1992,1992-12-11,-0.08458639888039846,exper2_05
6.800000190734863,5.775681,Calibration,1992,1992-12-12,-0.0814523805777209,exper2_05
6.699999809265137,5.8010187,Calibration,1992,1992-12-13,-0.07191262796885141,exper2_05
6.599999904632568,5.6921453,Calibration,1992,1992-12-14,-0.07385647813369414,exper2_05
6.400000095367432,5.632298,Calibration,1992,1992-12-15,-0.06380344777379393,exper2_05
6.400000095367432,6.211519,Calibration,1992,1992-12-16,-0.014945172977652377,exper2_05
6.199999809265137,7.8217607,Calibration,1992,1992-12-17,0.11566028740692769,exper2_05
6.099999904632568,7.249178,Calibration,1992,1992-12-18,0.08608605279716151,exper2_05
5.900000095367432,6.443496,Calibration,1992,1992-12-19,0.04403097126544859,exper2_05
5.800000190734863,5.7691016,Calibration,1992,1992-12-20,-0.0026707839139664576,exper2_05
5.699999809265137,5.2966833,Calibration,1992,1992-12-21,-0.03667619530133837,exper2_05
5.699999809265137,5.0167375,Calibration,1992,1992-12-22,-0.06375656423574905,exper2_05
5.599999904632568,4.838562,Calibration,1992,1992-12-23,-0.07294471202216812,exper2_05
5.5,4.7284565,Calibration,1992,1992-12-24,-0.07543107828824405,exper2_05
5.5,4.646545,Calibration,1992,1992-12-25,-0.08411287510079846,exper2_05
5.400000095367432,4.5885262,Calibration,1992,1992-12-26,-0.08124059730779744,exper2_05
5.199999809265137,4.5468435,Calibration,1992,1992-12-27,-0.06701208359123494,exper2_05
5.0,4.510884,Calibration,1992,1992-12-28,-0.05142699687337199,exper2_05
4.800000190734863,4.4820027,Calibration,1992,1992-12-29,-0.034259572867676294,exper2_05
4.800000190734863,4.459643,Calibration,1992,1992-12-30,-0.03675706512203923,exper2_05
4.659999847412109,4.440457,Calibration,1992,1992-12-31,-0.024124391454018883,exper2_05
4.519999980926514,3.2796295,Calibration,1993,1993-01-01,-0.15902941543375734,exper2_05
4.400000095367432,2.9024472,Calibration,1993,1993-01-02,-0.20507547761438266,exper2_05
4.400000095367432,3.1253443,Calibration,1993,1993-01-03,-0.16938172606645216,exper2_05
4.300000190734863,3.206904,Calibration,1993,1993-01-04,-0.14561212425568276,exper2_05
4.099999904632568,2.9758434,Calibration,1993,1993-01-05,-0.15887243710357737,exper2_05
4.0,2.9169972,Calibration,1993,1993-01-06,-0.15657123680834154,exper2_05
3.9000000953674316,3.2474816,Calibration,1993,1993-01-07,-0.0912934849000012,exper2_05
3.9000000953674316,3.3375072,Calibration,1993,1993-01-08,-0.07771914013516665,exper2_05
3.700000047683716,3.3850005,Calibration,1993,1993-01-09,-0.04446006457121709,exper2_05
3.5999999046325684,3.4015453,Calibration,1993,1993-01-10,-0.028344402991846963,exper2_05
3.9000000953674316,3.507769,Calibration,1993,1993-01-11,-0.052948597180934316,exper2_05
3.799999952316284,3.5774946,Calibration,1993,1993-01-12,-0.03016001283631708,exper2_05
3.9000000953674316,3.6200156,Calibration,1993,1993-01-13,-0.037231900136304126,exper2_05
4.0,3.6182914,Calibration,1993,1993-01-14,-0.0501042298119482,exper2_05
3.9000000953674316,3.5578232,Calibration,1993,1993-01-15,-0.045881606673678944,exper2_05
3.799999952316284,3.558485,Calibration,1993,1993-01-16,-0.03282128342066833,exper2_05
3.9000000953674316,3.4972444,Calibration,1993,1993-01-17,-0.05444672537730258,exper2_05
3.700000047683716,3.3896008,Calibration,1993,1993-01-18,-0.043782337340526736,exper2_05
3.5999999046325684,3.284648,Calibration,1993,1993-01-19,-0.0458050970924051,exper2_05
3.5,3.231904,Calibration,1993,1993-01-20,-0.039824686888760355,exper2_05
3.5,3.1729302,Calibration,1993,1993-01-21,-0.049014413095072804,exper2_05
3.5,3.0872507,Calibration,1993,1993-01-22,-0.06265880997499287,exper2_05
3.4000000953674316,3.0592022,Calibration,1993,1993-01-23,-0.0527616083031293,exper2_05
3.299999952316284,3.0819182,Calibration,1993,1993-01-24,-0.03417181263765422,exper2_05
3.299999952316284,3.0719247,Calibration,1993,1993-01-25,-0.03579377955876251,exper2_05
3.4000000953674316,2.8116922,Calibration,1993,1993-01-26,-0.09470975475830214,exper2_05
3.1600000858306885,2.886756,Calibration,1993,1993-01-27,-0.045188550888451605,exper2_05
3.5999999046325684,2.951108,Calibration,1993,1993-01-28,-0.09905071590268315,exper2_05
3.4000000953674316,2.9613366,Calibration,1993,1993-01-29,-0.06895775256002501,exper2_05
3.4000000953674316,2.9451332,Calibration,1993,1993-01-30,-0.07168752243699024,exper2_05
3.4000000953674316,2.5687318,Calibration,1993,1993-01-31,-0.139270506237029,exper2_05
3.299999952316284,2.3998203,Calibration,1993,1993-02-01,-0.15793122946424526,exper2_05
3.0,2.5145628,Calibration,1993,1993-02-02,-0.08802822062129241,exper2_05
2.7799999713897705,2.495322,Calibration,1993,1993-02-03,-0.05396409630817691,exper2_05
3.0999999046325684,2.4840543,Calibration,1993,1993-02-04,-0.11030436884567205,exper2_05
3.0999999046325684,2.5224757,Calibration,1993,1993-02-05,-0.10271706340651399,exper2_05
3.299999952316284,2.531721,Calibration,1993,1993-02-06,-0.13174135530846653,exper2_05
3.4000000953674316,2.5801315,Calibration,1993,1993-02-07,-0.1370987489679055,exper2_05
3.299999952316284,2.573496,Calibration,1993,1993-02-08,-0.12369189357614226,exper2_05
3.200000047683716,2.5537407,Calibration,1993,1993-02-09,-0.11231985098540426,exper2_05
3.0,2.5271413,Calibration,1993,1993-02-10,-0.0855521215971816,exper2_05
3.0,2.5321965,Calibration,1993,1993-02-11,-0.08456016997968514,exper2_05
3.4000000953674316,2.6254678,Calibration,1993,1993-02-12,-0.12854309980388282,exper2_05
3.4000000953674316,2.755588,Calibration,1993,1993-02-13,-0.10468732231669745,exper2_05
3.4000000953674316,2.7355928,Calibration,1993,1993-02-14,-0.10828737499971827,exper2_05
3.4000000953674316,2.7319312,Calibration,1993,1993-02-15,-0.10894917972514213,exper2_05
3.299999952316284,2.689882,Calibration,1993,1993-02-16,-0.10185808553035008,exper2_05
3.299999952316284,2.5925102,Calibration,1993,1993-02-17,-0.1200659324857205,exper2_05
3.5,2.8196187,Calibration,1993,1993-02-18,-0.10766176412777562,exper2_05
3.4000000953674316,2.6432443,Calibration,1993,1993-02-19,-0.12522343687295845,exper2_05
3.4000000953674316,2.7034993,Calibration,1993,1993-02-20,-0.11411499061794383,exper2_05
3.200000047683716,2.824188,Calibration,1993,1993-02-21,-0.062383851745633365,exper2_05
3.0,2.7346215,Calibration,1993,1993-02-22,-0.046276545721640264,exper2_05
3.0,2.7733898,Calibration,1993,1993-02-23,-0.03925080254873024,exper2_05
2.5999999046325684,2.7982342,Calibration,1993,1993-02-24,0.03672206780060008,exper2_05
2.799999952316284,2.8114443,Calibration,1993,1993-02-25,0.002039462522746438,exper2_05
3.0,2.8570955,Calibration,1993,1993-02-26,-0.02439853004336526,exper2_05
3.359999895095825,3.2109504,Calibration,1993,1993-02-27,-0.022683099761060758,exper2_05
3.4000000953674316,3.4869628,Calibration,1993,1993-02-28,0.012627148028997838,exper2_05
3.299999952316284,3.43071,Calibration,1993,1993-03-01,0.019419960805711695,exper2_05
3.0999999046325684,3.4868178,Calibration,1993,1993-03-02,0.058726071878078046,exper2_05
3.299999952316284,3.2796454,Calibration,1993,1993-03-03,-0.0030935571950796307,exper2_05
3.4000000953674316,3.2707243,Calibration,1993,1993-03-04,-0.019379574271402963,exper2_05
3.4000000953674316,3.2974973,Calibration,1993,1993-03-05,-0.015304645488609657,exper2_05
3.299999952316284,3.8032746,Calibration,1993,1993-03-06,0.07085108047640118,exper2_05
3.299999952316284,3.9812772,Calibration,1993,1993-03-07,0.09356562842891707,exper2_05
3.5,3.5335674,Calibration,1993,1993-03-08,0.004772461333409263,exper2_05
3.5999999046325684,3.5514753,Calibration,1993,1993-03-09,-0.006785259943162734,exper2_05
3.799999952316284,3.461701,Calibration,1993,1993-03-10,-0.046586749047804896,exper2_05
3.9000000953674316,3.9625077,Calibration,1993,1993-03-11,0.00795008804118462,exper2_05
3.9000000953674316,3.9710343,Calibration,1993,1993-03-12,0.009024759590096309,exper2_05
4.099999904632568,4.0761046,Calibration,1993,1993-03-13,-0.002922573156767426,exper2_05
4.099999904632568,4.3343015,Calibration,1993,1993-03-14,0.02777960575784322,exper2_05
4.199999809265137,4.435583,Calibration,1993,1993-03-15,0.02728053304973515,exper2_05
4.800000190734863,4.572152,Calibration,1993,1993-03-16,-0.024311176877253773,exper2_05
4.800000190734863,4.8446,Calibration,1993,1993-03-17,0.00462435021756195,exper2_05
5.0,4.9302697,Calibration,1993,1993-03-18,-0.0070219927362338615,exper2_05
5.5,5.1394978,Calibration,1993,1993-03-19,-0.033883389167146664,exper2_05
7.0,5.4295416,Calibration,1993,1993-03-20,-0.1263488601790534,exper2_05
6.699999809265137,5.442151,Calibration,1993,1993-03-21,-0.10359356856693325,exper2_05
6.5,5.5945563,Calibration,1993,1993-03-22,-0.07486373567893516,exper2_05
5.599999904632568,5.758969,Calibration,1993,1993-03-23,0.013995013912651285,exper2_05
5.400000095367432,6.193533,Calibration,1993,1993-03-24,0.06844616267382748,exper2_05
5.099999904632568,5.8727746,Calibration,1993,1993-03-25,0.07042655400916478,exper2_05
5.0,5.312561,Calibration,1993,1993-03-26,0.030308769479347304,exper2_05
4.800000190734863,4.8016047,Calibration,1993,1993-03-27,0.00016711341985322327,exper2_05
4.400000095367432,4.920021,Calibration,1993,1993-03-28,0.05579611389853859,exper2_05
4.400000095367432,5.2376356,Calibration,1993,1993-03-29,0.08691296729940108,exper2_05
4.5,5.708485,Calibration,1993,1993-03-30,0.11838045621076808,exper2_05
4.800000190734863,6.2894244,Calibration,1993,1993-03-31,0.13431032547050123,exper2_05
5.239999771118164,6.4216404,Calibration,1993,1993-04-01,0.10132713821164274,exper2_05
6.0,6.474549,Calibration,1993,1993-04-02,0.03804136114697341,exper2_05
5.599999904632568,6.472138,Calibration,1993,1993-04-03,0.07224387556430222,exper2_05
6.099999904632568,6.482142,Calibration,1993,1993-04-04,0.030371781745505987,exper2_05
6.599999904632568,7.2391005,Calibration,1993,1993-04-05,0.04618078740235616,exper2_05
6.5,6.984983,Calibration,1993,1993-04-06,0.0359646703707372,exper2_05
6.5,7.330829,Calibration,1993,1993-04-07,0.060070812451123244,exper2_05
6.400000095367432,8.0703745,Calibration,1993,1993-04-08,0.11543408111129509,exper2_05
6.599999904632568,8.175408,Calibration,1993,1993-04-09,0.10662368376814033,exper2_05
7.0,7.9717097,Calibration,1993,1993-04-10,0.06490305689055952,exper2_05
7.599999904632568,8.337487,Calibration,1993,1993-04-11,0.046273751334135346,exper2_05
7.400000095367432,8.071517,Calibration,1993,1993-04-12,0.043403429124644566,exper2_05
8.0,7.824466,Calibration,1993,1993-04-13,-0.011092555602218035,exper2_05
8.5,8.512639,Calibration,1993,1993-04-14,0.0007429209355097204,exper2_05
9.0,8.411441,Calibration,1993,1993-04-15,-0.03380301238649764,exper2_05
9.0,8.847209,Calibration,1993,1993-04-16,-0.008561059796715374,exper2_05
8.5,9.119005,Calibration,1993,1993-04-17,0.035132812330005536,exper2_05
9.399999618530273,9.596108,Calibration,1993,1993-04-18,0.010323631424143035,exper2_05
9.899999618530273,10.138462,Calibration,1993,1993-04-19,0.011900237247077245,exper2_05
10.399999618530273,10.899367,Calibration,1993,1993-04-20,0.023445190417034474,exper2_05
11.100000381469727,10.279708,Calibration,1993,1993-04-21,-0.03836780472908478,exper2_05
11.699999809265137,11.258584,Calibration,1993,1993-04-22,-0.019226612145475875,exper2_05
12.399999618530273,11.796273,Calibration,1993,1993-04-23,-0.024951214212440658,exper2_05
13.199999809265137,12.283273,Calibration,1993,1993-04-24,-0.03597367897516978,exper2_05
13.300000190734863,12.780664,Calibration,1993,1993-04-25,-0.019912673010413835,exper2_05
14.039999961853027,12.9803295,Calibration,1993,1993-04-26,-0.0392175250589695,exper2_05
13.199999809265137,13.410125,Calibration,1993,1993-04-27,0.007896429375497128,exper2_05
12.199999809265137,13.794879,Calibration,1993,1993-04-28,0.061353590627144586,exper2_05
12.399999618530273,14.070915,Calibration,1993,1993-04-29,0.06312269952486539,exper2_05
12.800000190734863,13.813478,Calibration,1993,1993-04-30,0.038081390713300654,exper2_05
13.0,13.986792,Calibration,1993,1993-05-01,0.03656572537232882,exper2_05
13.600000381469727,14.154595,Calibration,1993,1993-05-02,0.019982095882654326,exper2_05
13.699999809265137,14.264608,Calibration,1993,1993-05-03,0.020190112088397997,exper2_05
13.800000190734863,14.640116,Calibration,1993,1993-05-04,0.029539807407531107,exper2_05
13.800000190734863,14.788896,Calibration,1993,1993-05-05,0.03459019275373003,exper2_05
13.039999961853027,14.831397,Calibration,1993,1993-05-06,0.06427367431714422,exper2_05
13.399999618530273,15.145634,Calibration,1993,1993-05-07,0.061152403229344544,exper2_05
13.899999618530273,15.479141,Calibration,1993,1993-05-08,0.05375043554456558,exper2_05
14.5,15.795088,Calibration,1993,1993-05-09,0.04274910250362156,exper2_05
15.0,15.963177,Calibration,1993,1993-05-10,0.031107167580962523,exper2_05
15.399999618530273,16.488705,Calibration,1993,1993-05-11,0.0341407745083174,exper2_05
15.800000190734863,17.142437,Calibration,1993,1993-05-12,0.040750985832036214,exper2_05
16.299999237060547,17.383226,Calibration,1993,1993-05-13,0.032159246547126395,exper2_05
16.799999237060547,17.591202,Calibration,1993,1993-05-14,0.023005958550918217,exper2_05
16.399999618530273,17.885817,Calibration,1993,1993-05-15,0.04333619906315446,exper2_05
16.700000762939453,18.153706,Calibration,1993,1993-05-16,0.041708758861250625,exper2_05
17.399999618530273,18.433687,Calibration,1993,1993-05-17,0.02884681100487077,exper2_05
18.200000762939453,18.680466,Calibration,1993,1993-05-18,0.013027626312927617,exper2_05
19.0,18.9283,Calibration,1993,1993-05-19,-0.0018903863562291302,exper2_05
19.399999618530273,19.157768,Calibration,1993,1993-05-20,-0.006282297508703153,exper2_05
18.799999237060547,19.290754,Calibration,1993,1993-05-21,0.012883837555597561,exper2_05
18.399999618530273,19.151636,Calibration,1993,1993-05-22,0.020016078934279948,exper2_05
18.399999618530273,19.480885,Calibration,1993,1993-05-23,0.028533783124114795,exper2_05
18.600000381469727,19.874063,Calibration,1993,1993-05-24,0.03311485666155549,exper2_05
19.299999237060547,20.307127,Calibration,1993,1993-05-25,0.025427943341326864,exper2_05
20.68000030517578,20.49803,Calibration,1993,1993-05-26,-0.004419118550631019,exper2_05
20.200000762939453,20.503775,Calibration,1993,1993-05-27,0.007463039410368107,exper2_05
19.799999237060547,20.050497,Calibration,1993,1993-05-28,0.006285939732267108,exper2_05
19.399999618530273,19.989338,Calibration,1993,1993-05-29,0.014961873933998624,exper2_05
19.799999237060547,20.455221,Calibration,1993,1993-05-30,0.016276694857493102,exper2_05
19.799999237060547,20.788698,Calibration,1993,1993-05-31,0.024358972370846527,exper2_05
19.899999618530273,21.003664,Calibration,1993,1993-06-01,0.02698204268534364,exper2_05
20.600000381469727,21.219568,Calibration,1993,1993-06-02,0.014815262120842136,exper2_05
20.0,20.936722,Calibration,1993,1993-06-03,0.022882188913270284,exper2_05
19.200000762939453,20.718397,Calibration,1993,1993-06-04,0.038037507948998545,exper2_05
19.280000686645508,20.968687,Calibration,1993,1993-06-05,0.04195630877668669,exper2_05
20.299999237060547,21.303047,Calibration,1993,1993-06-06,0.024109963800623677,exper2_05
21.200000762939453,21.49977,Calibration,1993,1993-06-07,0.007020376176738824,exper2_05
21.399999618530273,21.830162,Calibration,1993,1993-06-08,0.00995051633450702,exper2_05
21.5,22.01209,Calibration,1993,1993-06-09,0.011768928473567131,exper2_05
22.100000381469727,22.056187,Calibration,1993,1993-06-10,-0.0009922438589927785,exper2_05
22.719999313354492,22.160395,Calibration,1993,1993-06-11,-0.012468799739161315,exper2_05
21.799999237060547,22.254608,Calibration,1993,1993-06-12,0.010319213906455394,exper2_05
20.799999237060547,21.734503,Calibration,1993,1993-06-13,0.021970483036371346,exper2_05
20.5,21.951605,Calibration,1993,1993-06-14,0.0341943455024465,exper2_05
20.299999237060547,22.035236,Calibration,1993,1993-06-15,0.04098801145583211,exper2_05
21.0,21.632246,Calibration,1993,1993-06-16,0.014830230084457136,exper2_05
20.899999618530273,21.421808,Calibration,1993,1993-06-17,0.012329544758043872,exper2_05
21.0,21.31729,Calibration,1993,1993-06-18,0.007497865701524899,exper2_05
21.5,21.329218,Calibration,1993,1993-06-19,-0.003987513607865029,exper2_05
22.200000762939453,21.707342,Calibration,1993,1993-06-20,-0.011220415139070029,exper2_05
22.200000762939453,22.069693,Calibration,1993,1993-06-21,-0.002943506975356256,exper2_05
22.5,22.094738,Calibration,1993,1993-06-22,-0.009087663960449752,exper2_05
22.600000381469727,21.772306,Calibration,1993,1993-06-23,-0.01865338988340202,exper2_05
21.899999618530273,21.560217,Calibration,1993,1993-06-24,-0.007818247170260959,exper2_05
21.600000381469727,21.464983,Calibration,1993,1993-06-25,-0.003135201373840742,exper2_05
21.299999237060547,21.16485,Calibration,1993,1993-06-26,-0.003182608763611944,exper2_05
20.899999618530273,20.851866,Calibration,1993,1993-06-27,-0.0011528550796843235,exper2_05
20.899999618530273,21.091026,Calibration,1993,1993-06-28,0.004549226493410905,exper2_05
21.0,20.88208,Calibration,1993,1993-06-29,-0.0028155220957277512,exper2_05
21.399999618530273,20.766945,Calibration,1993,1993-06-30,-0.015013056808504469,exper2_05
22.0,21.282198,Calibration,1993,1993-07-01,-0.016584232818329818,exper2_05
22.399999618530273,21.275381,Calibration,1993,1993-07-02,-0.02574948431070397,exper2_05
22.799999237060547,22.127146,Calibration,1993,1993-07-03,-0.014976546357099836,exper2_05
23.200000762939453,22.187819,Calibration,1993,1993-07-04,-0.0223007461373494,exper2_05
24.200000762939453,22.823008,Calibration,1993,1993-07-05,-0.029283391848792542,exper2_05
23.399999618530273,22.765654,Calibration,1993,1993-07-06,-0.013740648381112983,exper2_05
22.600000381469727,22.357515,Calibration,1993,1993-07-07,-0.005393648704157359,exper2_05
22.5,22.625746,Calibration,1993,1993-07-08,0.002786563881893514,exper2_05
22.799999237060547,22.68458,Calibration,1993,1993-07-09,-0.0025375498715374026,exper2_05
22.700000762939453,23.1042,Calibration,1993,1993-07-10,0.008824509330639083,exper2_05
22.100000381469727,22.543436,Calibration,1993,1993-07-11,0.009932830095234482,exper2_05
21.600000381469727,21.369623,Calibration,1993,1993-07-12,-0.0053613966832528,exper2_05
21.200000762939453,21.726515,Calibration,1993,1993-07-13,0.012265473827546313,exper2_05
21.0,21.685703,Calibration,1993,1993-07-14,0.016064003282989573,exper2_05
21.200000762939453,21.778076,Calibration,1993,1993-07-15,0.013450471732653912,exper2_05
21.5,21.974848,Calibration,1993,1993-07-16,0.010922356665484011,exper2_05
21.899999618530273,22.511337,Calibration,1993,1993-07-17,0.013765351471768718,exper2_05
22.399999618530273,22.720377,Calibration,1993,1993-07-18,0.007100502568642842,exper2_05
22.5,22.699734,Calibration,1993,1993-07-19,0.0044189139543545156,exper2_05
22.5,22.471632,Calibration,1993,1993-07-20,-0.0006307975706426055,exper2_05
22.0,22.377516,Calibration,1993,1993-07-21,0.008506915858222339,exper2_05
21.700000762939453,21.566183,Calibration,1993,1993-07-22,-0.00309289289722628,exper2_05
21.399999618530273,22.05286,Calibration,1993,1993-07-23,0.015024572451718395,exper2_05
21.799999237060547,21.771336,Calibration,1993,1993-07-24,-0.0006578553390642801,exper2_05
22.200000762939453,22.515764,Calibration,1993,1993-07-25,0.0070615693036908175,exper2_05
21.399999618530273,22.039133,Calibration,1993,1993-07-26,0.014713310643744773,exper2_05
21.200000762939453,21.521803,Calibration,1993,1993-07-27,0.0075325035853917015,exper2_05
21.299999237060547,22.037827,Calibration,1993,1993-07-28,0.017025018856587915,exper2_05
22.0,22.224764,Calibration,1993,1993-07-29,0.005082307977918025,exper2_05
22.799999237060547,22.004045,Calibration,1993,1993-07-30,-0.017765220875084923,exper2_05
23.299999237060547,22.960136,Calibration,1993,1993-07-31,-0.007346775332719212,exper2_05
22.899999618530273,23.045872,Calibration,1993,1993-08-01,0.003174868857479361,exper2_05
22.899999618530273,23.185791,Calibration,1993,1993-08-02,0.0062012909654395685,exper2_05
23.200000762939453,23.460684,Calibration,1993,1993-08-03,0.005586781720150606,exper2_05
23.399999618530273,23.76812,Calibration,1993,1993-08-04,0.007804428031597175,exper2_05
23.899999618530273,24.454727,Calibration,1993,1993-08-05,0.011472044019906593,exper2_05
23.600000381469727,24.61764,Calibration,1993,1993-08-06,0.02110512173095416,exper2_05
23.600000381469727,24.142872,Calibration,1993,1993-08-07,0.011370733468059526,exper2_05
23.799999237060547,24.047712,Calibration,1993,1993-08-08,0.005177114660176136,exper2_05
23.600000381469727,24.063309,Calibration,1993,1993-08-09,0.009720439959485062,exper2_05
23.200000762939453,23.506542,Calibration,1993,1993-08-10,0.006563137055041556,exper2_05
23.100000381469727,23.707191,Calibration,1993,1993-08-11,0.012972175040481126,exper2_05
23.299999237060547,23.369757,Calibration,1993,1993-08-12,0.0014947038001228768,exper2_05
23.5,23.727528,Calibration,1993,1993-08-13,0.004817690653777059,exper2_05
23.600000381469727,24.385958,Calibration,1993,1993-08-14,0.016378902653111305,exper2_05
23.899999618530273,24.794415,Calibration,1993,1993-08-15,0.018367915859590033,exper2_05
24.100000381469727,24.567368,Calibration,1993,1993-08-16,0.00960329666612935,exper2_05
24.299999237060547,25.289133,Calibration,1993,1993-08-17,0.019946584841940188,exper2_05
24.200000762939453,24.93417,Calibration,1993,1993-08-18,0.014942126800860978,exper2_05
24.100000381469727,24.733126,Calibration,1993,1993-08-19,0.012965078342366652,exper2_05
24.0,24.536793,Calibration,1993,1993-08-20,0.011059501970703484,exper2_05
24.399999618530273,24.352884,Calibration,1993,1993-08-21,-0.0009664110540335748,exper2_05
24.719999313354492,24.154514,Calibration,1993,1993-08-22,-0.011570140726850869,exper2_05
24.600000381469727,24.496801,Calibration,1993,1993-08-23,-0.0021019496470670138,exper2_05
24.399999618530273,24.64406,Calibration,1993,1993-08-24,0.004976352234796648,exper2_05
23.899999618530273,23.559645,Calibration,1993,1993-08-25,-0.007171459548995877,exper2_05
23.100000381469727,22.939905,Calibration,1993,1993-08-26,-0.003477314146018526,exper2_05
22.600000381469727,22.464312,Calibration,1993,1993-08-27,-0.003011003070342771,exper2_05
22.299999237060547,22.095564,Calibration,1993,1993-08-28,-0.004604859903056621,exper2_05
21.799999237060547,21.870852,Calibration,1993,1993-08-29,0.0016224158320741306,exper2_05
21.5,22.14245,Calibration,1993,1993-08-30,0.014720766770537907,exper2_05
21.239999771118164,21.744318,Calibration,1993,1993-08-31,0.011732610015849194,exper2_05
21.079999923706055,21.684143,Calibration,1993,1993-09-01,0.014127329591052066,exper2_05
20.799999237060547,21.391905,Calibration,1993,1993-09-02,0.01402889030365166,exper2_05
20.600000381469727,21.446909,Calibration,1993,1993-09-03,0.02014199337799715,exper2_05
20.399999618530273,20.976963,Calibration,1993,1993-09-04,0.013944073889601213,exper2_05
20.0,20.676388,Calibration,1993,1993-09-05,0.016628511617338006,exper2_05
19.799999237060547,20.534113,Calibration,1993,1993-09-06,0.018200814491496565,exper2_05
19.799999237060547,20.073824,Calibration,1993,1993-09-07,0.0068672795842330825,exper2_05
19.799999237060547,19.86487,Calibration,1993,1993-09-08,0.001635473291140549,exper2_05
19.899999618530273,19.756662,Calibration,1993,1993-09-09,-0.003614455745209872,exper2_05
19.899999618530273,19.968521,Calibration,1993,1993-09-10,0.0017186867826456122,exper2_05
19.600000381469727,20.029001,Calibration,1993,1993-09-11,0.010825426757748106,exper2_05
19.600000381469727,19.797426,Calibration,1993,1993-09-12,0.0050111354800766355,exper2_05
19.399999618530273,20.143913,Calibration,1993,1993-09-13,0.01881234294207824,exper2_05
19.100000381469727,19.938908,Calibration,1993,1993-09-14,0.021489003783583944,exper2_05
19.0,19.365664,Calibration,1993,1993-09-15,0.009531010148470341,exper2_05
19.100000381469727,19.665678,Calibration,1993,1993-09-16,0.014592228643628982,exper2_05
18.899999618530273,19.42454,Calibration,1993,1993-09-17,0.013686790726526166,exper2_05
18.700000762939453,19.229647,Calibration,1993,1993-09-18,0.013963903053893181,exper2_05
18.600000381469727,19.124067,Calibration,1993,1993-09-19,0.01389211071784012,exper2_05
18.399999618530273,18.684599,Calibration,1993,1993-09-20,0.007674326146003114,exper2_05
18.399999618530273,18.545738,Calibration,1993,1993-09-21,0.0039446661566394205,exper2_05
18.5,18.531197,Calibration,1993,1993-09-22,0.0008424408905850792,exper2_05
18.700000762939453,19.068674,Calibration,1993,1993-09-23,0.009761351862214804,exper2_05
18.899999618530273,19.045986,Calibration,1993,1993-09-24,0.0038472200405888523,exper2_05
18.700000762939453,18.922758,Calibration,1993,1993-09-25,0.005920813523397857,exper2_05
18.399999618530273,18.82586,Calibration,1993,1993-09-26,0.011439882552048922,exper2_05
18.200000762939453,18.594007,Calibration,1993,1993-09-27,0.010708448136318011,exper2_05
18.0,17.93547,Calibration,1993,1993-09-28,-0.0017957026275685576,exper2_05
17.5,16.758879,Calibration,1993,1993-09-29,-0.021632969906387092,exper2_05
17.260000228881836,17.001003,Calibration,1993,1993-09-30,-0.007559526490353613,exper2_05
17.0,17.439138,Calibration,1993,1993-10-01,0.012751143980899009,exper2_05
16.899999618530273,17.528938,Calibration,1993,1993-10-02,0.018267733861978268,exper2_05
16.799999237060547,17.014582,Calibration,1993,1993-10-03,0.006345855468732153,exper2_05
16.799999237060547,17.22812,Calibration,1993,1993-10-04,0.012581405210101603,exper2_05
16.940000534057617,17.084051,Calibration,1993,1993-10-05,0.004233787308975322,exper2_05
16.700000762939453,17.286207,Calibration,1993,1993-10-06,0.017248362536121744,exper2_05
16.600000381469727,17.36589,Calibration,1993,1993-10-07,0.02254880120961984,exper2_05
16.5,17.437937,Calibration,1993,1993-10-08,0.027636823912974205,exper2_05
16.399999618530273,16.940977,Calibration,1993,1993-10-09,0.016225603786302206,exper2_05
16.399999618530273,17.030952,Calibration,1993,1993-10-10,0.018873313381007513,exper2_05
16.399999618530273,16.696564,Calibration,1993,1993-10-11,0.008960570894721806,exper2_05
16.299999237060547,17.049837,Calibration,1993,1993-10-12,0.022484004644230837,exper2_05
16.399999618530273,17.079662,Calibration,1993,1993-10-13,0.02030076365928644,exper2_05
16.299999237060547,17.223177,Calibration,1993,1993-10-14,0.02753849199117491,exper2_05
16.0,16.658022,Calibration,1993,1993-10-15,0.0201488604653757,exper2_05
16.0,16.132374,Calibration,1993,1993-10-16,0.00411963991823166,exper2_05
15.800000190734863,16.235779,Calibration,1993,1993-10-17,0.013602872521627132,exper2_05
15.600000381469727,15.328592,Calibration,1993,1993-10-18,-0.008775312987766636,exper2_05
15.300000190734863,14.82598,Calibration,1993,1993-10-19,-0.015734591815350602,exper2_05
15.0,15.320855,Calibration,1993,1993-10-20,0.010581995105259935,exper2_05
14.699999809265137,14.711712,Calibration,1993,1993-10-21,0.00039821124326634385,exper2_05
13.800000190734863,14.325965,Calibration,1993,1993-10-22,0.0187003267167617,exper2_05
13.600000381469727,14.31902,Calibration,1993,1993-10-23,0.025753764746048832,exper2_05
13.300000190734863,14.097632,Calibration,1993,1993-10-24,0.029113180291348312,exper2_05
13.100000381469727,14.390136,Calibration,1993,1993-10-25,0.04693084736752327,exper2_05
13.0,13.127205,Calibration,1993,1993-10-26,0.004868675984692857,exper2_05
12.699999809265137,12.887481,Calibration,1993,1993-10-27,0.007327056924718803,exper2_05
12.399999618530273,12.877755,Calibration,1993,1993-10-28,0.01890023661750268,exper2_05
12.199999809265137,12.755719,Calibration,1993,1993-10-29,0.022268217386997722,exper2_05
11.899999618530273,12.51971,Calibration,1993,1993-10-30,0.025377450785699137,exper2_05
11.680000305175781,12.302158,Calibration,1993,1993-10-31,0.02594253750609016,exper2_05
11.619999885559082,11.885959,Calibration,1993,1993-11-01,0.011314526287637055,exper2_05
11.399999618530273,12.01273,Calibration,1993,1993-11-02,0.026170807314012622,exper2_05
11.399999618530273,11.749602,Calibration,1993,1993-11-03,0.015101888155190157,exper2_05
11.399999618530273,11.498327,Calibration,1993,1993-11-04,0.004294096999346456,exper2_05
11.300000190734863,12.109242,Calibration,1993,1993-11-05,0.03456934772840139,exper2_05
11.300000190734863,12.361282,Calibration,1993,1993-11-06,0.044853112088585494,exper2_05
11.300000190734863,11.689988,Calibration,1993,1993-11-07,0.016963381625478342,exper2_05
11.199999809265137,11.351827,Calibration,1993,1993-11-08,0.006732353083463553,exper2_05
11.0,10.957759,Calibration,1993,1993-11-09,-0.001923743524201022,exper2_05
11.0,10.801209,Calibration,1993,1993-11-10,-0.009118326700633962,exper2_05
11.0,10.621692,Calibration,1993,1993-11-11,-0.017496701987346763,exper2_05
10.899999618530273,10.5124655,Calibration,1993,1993-11-12,-0.01809852998296812,exper2_05
10.699999809265137,10.218037,Calibration,1993,1993-11-13,-0.023040554430394867,exper2_05
10.399999618530273,10.021739,Calibration,1993,1993-11-14,-0.01852244901580737,exper2_05
10.300000190734863,9.85226,Calibration,1993,1993-11-15,-0.022217883188327996,exper2_05
10.0,9.698762,Calibration,1993,1993-11-16,-0.015292233131963076,exper2_05
9.699999809265137,9.553384,Calibration,1993,1993-11-17,-0.007615076125004185,exper2_05
9.5,9.011834,Calibration,1993,1993-11-18,-0.0263704747781742,exper2_05
9.0,8.036257,Calibration,1993,1993-11-19,-0.05657012697739172,exper2_05
8.600000381469727,7.378493,Calibration,1993,1993-11-20,-0.07644697988431819,exper2_05
8.300000190734863,7.6536307,Calibration,1993,1993-11-21,-0.04051550774334329,exper2_05
8.0,7.718602,Calibration,1993,1993-11-22,-0.017902216513150077,exper2_05
7.900000095367432,7.4590483,Calibration,1993,1993-11-23,-0.028709579764633373,exper2_05
7.599999904632568,7.640254,Calibration,1993,1993-11-24,0.002641302189293751,exper2_05
7.300000190734863,7.695036,Calibration,1993,1993-11-25,0.026344434279150834,exper2_05
7.199999809265137,6.994323,Calibration,1993,1993-11-26,-0.014490091459010607,exper2_05
7.099999904632568,6.505216,Calibration,1993,1993-11-27,-0.043717334719930175,exper2_05
6.900000095367432,6.254974,Calibration,1993,1993-11-28,-0.04903287591190076,exper2_05
6.800000190734863,6.0375934,Calibration,1993,1993-11-29,-0.05938860914439787,exper2_05
6.440000057220459,5.981624,Calibration,1993,1993-11-30,-0.036901448957801744,exper2_05
6.420000076293945,5.8161902,Calibration,1993,1993-12-01,-0.04934622768869565,exper2_05
6.400000095367432,6.2744846,Calibration,1993,1993-12-02,-0.00990300305252145,exper2_05
6.199999809265137,6.492151,Calibration,1993,1993-12-03,0.023018240457950596,exper2_05
6.099999904632568,6.601418,Calibration,1993,1993-12-04,0.03947733369213514,exper2_05
6.0,6.0540347,Calibration,1993,1993-12-05,0.004482707344944407,exper2_05
6.0,6.4305973,Calibration,1993,1993-12-06,0.03464011380324688,exper2_05
5.800000190734863,5.959957,Calibration,1993,1993-12-07,0.013601829309680827,exper2_05
5.800000190734863,6.289167,Calibration,1993,1993-12-08,0.04046322892430787,exper2_05
5.5,5.94615,Calibration,1993,1993-12-09,0.038978157094749125,exper2_05
5.400000095367432,6.2856383,Calibration,1993,1993-12-10,0.07578860517347193,exper2_05
5.199999809265137,6.198479,Calibration,1993,1993-12-11,0.08759759680489859,exper2_05
5.300000190734863,7.9223275,Calibration,1993,1993-12-12,0.198325694643317,exper2_05
5.300000190734863,7.788612,Calibration,1993,1993-12-13,0.19013564486532003,exper2_05
5.199999809265137,6.9260316,Calibration,1993,1993-12-14,0.14234102844377797,exper2_05
5.199999809265137,6.1986322,Calibration,1993,1993-12-15,0.0876098488562734,exper2_05
5.199999809265137,5.5806003,Calibration,1993,1993-12-16,0.03530419920209857,exper2_05
5.099999904632568,5.2712336,Calibration,1993,1993-12-17,0.016510442526277983,exper2_05
5.099999904632568,5.53996,Calibration,1993,1993-12-18,0.041349780512909315,exper2_05
5.300000190734863,5.2569337,Calibration,1993,1993-12-19,-0.004079451676743304,exper2_05
5.199999809265137,5.041871,Calibration,1993,1993-12-20,-0.01543943877579525,exper2_05
5.099999904632568,4.8707595,Calibration,1993,1993-12-21,-0.022991269618776445,exper2_05
5.0,4.8256702,Calibration,1993,1993-12-22,-0.017742276444385606,exper2_05
5.0,4.7582145,Calibration,1993,1993-12-23,-0.024777640102775254,exper2_05
5.0,4.639789,Calibration,1993,1993-12-24,-0.03736709295555132,exper2_05
4.800000190734863,4.577622,Calibration,1993,1993-12-25,-0.02371371451232385,exper2_05
4.900000095367432,4.527926,Calibration,1993,1993-12-26,-0.039465108730143555,exper2_05
4.800000190734863,4.49164,Calibration,1993,1993-12-27,-0.0331868314360549,exper2_05
4.400000095367432,4.469546,Calibration,1993,1993-12-28,0.00784095897883025,exper2_05
4.199999809265137,4.446131,Calibration,1993,1993-12-29,0.02846723222615879,exper2_05
4.0,4.424713,Calibration,1993,1993-12-30,0.0504127710904474,exper2_05
3.640000104904118,4.4096365,Calibration,1993,1993-12-31,0.09561132143081008,exper2_05
4.039999961853027,3.461535,Calibration,1994,1994-01-01,-0.07711288284493269,exper2_05
3.9000000953674316,3.430048,Calibration,1994,1994-01-02,-0.06411310008798336,exper2_05
3.799999952316284,3.4861703,Calibration,1994,1994-01-03,-0.04307196371986203,exper2_05
3.9000000953674316,3.5406861,Calibration,1994,1994-01-04,-0.048290433695948216,exper2_05
3.9000000953674316,3.5067315,Calibration,1994,1994-01-05,-0.05309610313292142,exper2_05
4.0,3.5278454,Calibration,1994,1994-01-06,-0.06272108329898025,exper2_05
3.9000000953674316,3.5908175,Calibration,1994,1994-01-07,-0.04127488648026469,exper2_05
4.0,3.6343331,Calibration,1994,1994-01-08,-0.04789768273124703,exper2_05
4.0,3.6385548,Calibration,1994,1994-01-09,-0.04731853046066159,exper2_05
4.0,3.591972,Calibration,1994,1994-01-10,-0.053744650439928175,exper2_05
4.0,3.649404,Calibration,1994,1994-01-11,-0.04583310658427525,exper2_05
3.799999952316284,3.5577111,Calibration,1994,1994-01-12,-0.032929918743640936,exper2_05
3.799999952316284,3.5139115,Calibration,1994,1994-01-13,-0.039115659120282815,exper2_05
4.0,3.4919538,Calibration,1994,1994-01-14,-0.0678122370203324,exper2_05
4.0,3.4917827,Calibration,1994,1994-01-15,-0.06783663614595434,exper2_05
3.799999952316284,3.484003,Calibration,1994,1994-01-16,-0.043382311135920365,exper2_05
3.700000047683716,3.4700234,Calibration,1994,1994-01-17,-0.0320747422843245,exper2_05
3.5,3.479969,Calibration,1994,1994-01-18,-0.0028697799762482123,exper2_05
3.299999952316284,3.0715723,Calibration,1994,1994-01-19,-0.035851064598073266,exper2_05
3.200000047683716,3.2199297,Calibration,1994,1994-01-20,0.0031043404280224817,exper2_05
3.4000000953674316,3.2902849,Calibration,1994,1994-01-21,-0.016399185363048456,exper2_05
3.5999999046325684,3.087762,Calibration,1994,1994-01-22,-0.07659330364331739,exper2_05
3.200000047683716,2.9782143,Calibration,1994,1994-01-23,-0.035898039883675216,exper2_05
2.9200000762939453,3.053037,Calibration,1994,1994-01-24,0.022272899327989485,exper2_05
3.200000047683716,3.0638356,Calibration,1994,1994-01-25,-0.021738186314011063,exper2_05
3.200000047683716,3.0670924,Calibration,1994,1994-01-26,-0.02120722324213212,exper2_05
3.200000047683716,2.9859793,Calibration,1994,1994-01-27,-0.03459771143609015,exper2_05
3.299999952316284,2.9571364,Calibration,1994,1994-01-28,-0.054795603103938786,exper2_05
3.0,2.578566,Calibration,1994,1994-01-29,-0.07554520642227125,exper2_05
3.4000000953674316,2.7233763,Calibration,1994,1994-01-30,-0.110498486526382,exper2_05
3.5999999046325684,2.8180602,Calibration,1994,1994-01-31,-0.12183428280718347,exper2_05
3.5,2.8119144,Calibration,1994,1994-02-01,-0.10901376470456697,exper2_05
3.5999999046325684,2.896018,Calibration,1994,1994-02-02,-0.10837129509891885,exper2_05
3.5,3.0436053,Calibration,1994,1994-02-03,-0.0697466686244597,exper2_05
3.5999999046325684,3.0737903,Calibration,1994,1994-02-04,-0.07884718814242904,exper2_05
3.700000047683716,3.1050615,Calibration,1994,1994-02-05,-0.08742588288613992,exper2_05
3.799999952316284,3.2953758,Calibration,1994,1994-02-06,-0.07112014137825791,exper2_05
3.799999952316284,3.1887913,Calibration,1994,1994-02-07,-0.08745556383209359,exper2_05
3.799999952316284,3.241703,Calibration,1994,1994-02-08,-0.07928436061528672,exper2_05
4.0,3.1546824,Calibration,1994,1994-02-09,-0.11814886463898243,exper2_05
4.0,3.2144575,Calibration,1994,1994-02-10,-0.1088844846341138,exper2_05
4.099999904632568,3.1349516,Calibration,1994,1994-02-11,-0.13338697759865306,exper2_05
3.799999952316284,2.9587631,Calibration,1994,1994-02-12,-0.12446609245483337,exper2_05
3.700000047683716,2.8302598,Calibration,1994,1994-02-13,-0.13318616226896818,exper2_05
3.5999999046325684,2.723074,Calibration,1994,1994-02-14,-0.13868665211662926,exper2_05
4.179999828338623,2.3070216,Calibration,1994,1994-02-15,-0.28872699527427786,exper2_05
3.799999952316284,2.5054827,Calibration,1994,1994-02-16,-0.20530026890271683,exper2_05
3.799999952316284,2.2418427,Calibration,1994,1994-02-17,-0.2578943681910871,exper2_05
3.4000000953674316,2.1585195,Calibration,1994,1994-02-18,-0.22334734386940858,exper2_05
3.0,2.2544248,Calibration,1994,1994-02-19,-0.14189472996423783,exper2_05
2.9200000762939453,2.563317,Calibration,1994,1994-02-20,-0.06504876645413725,exper2_05
2.799999952316284,2.7987838,Calibration,1994,1994-02-21,-0.00021722095910995363,exper2_05
3.200000047683716,3.04127,Calibration,1994,1994-02-22,-0.02543232842015963,exper2_05
3.4000000953674316,2.9713192,Calibration,1994,1994-02-23,-0.0672829090773016,exper2_05
3.200000047683716,3.0368109,Calibration,1994,1994-02-24,-0.02616548341281561,exper2_05
3.4000000953674316,3.5376709,Calibration,1994,1994-02-25,0.019843944236548568,exper2_05
3.799999952316284,3.4394782,Calibration,1994,1994-02-26,-0.04979941755806734,exper2_05
3.799999952316284,3.0524487,Calibration,1994,1994-02-27,-0.10909256461435415,exper2_05
3.799999952316284,3.3108263,Calibration,1994,1994-02-28,-0.06879280034073466,exper2_05
3.9200000762939453,3.5943658,Calibration,1994,1994-03-01,-0.04333489278270017,exper2_05
4.199999809265137,3.7820556,Calibration,1994,1994-03-02,-0.05236047240960326,exper2_05
4.599999904632568,3.8505707,Calibration,1994,1994-03-03,-0.08868386087429328,exper2_05
4.599999904632568,3.971445,Calibration,1994,1994-03-04,-0.07333125533395977,exper2_05
4.599999904632568,4.0620503,Calibration,1994,1994-03-05,-0.062104183965813256,exper2_05
4.800000190734863,4.445597,Calibration,1994,1994-03-06,-0.0383320844565617,exper2_05
5.199999809265137,4.6349382,Calibration,1994,1994-03-07,-0.05745451230911848,exper2_05
5.199999809265137,4.4461303,Calibration,1994,1994-03-08,-0.07815253649873272,exper2_05
5.800000190734863,4.8718114,Calibration,1994,1994-03-09,-0.0869757485686925,exper2_05
6.199999809265137,5.032067,Calibration,1994,1994-03-10,-0.10398202090047395,exper2_05
6.199999809265137,5.5486526,Calibration,1994,1994-03-11,-0.05544015900183086,exper2_05
6.400000095367432,5.4478965,Calibration,1994,1994-03-12,-0.08036056094054617,exper2_05
6.800000190734863,5.38065,Calibration,1994,1994-03-13,-0.1165249900419559,exper2_05
6.800000190734863,5.459033,Calibration,1994,1994-03-14,-0.10938604669109593,exper2_05
7.0,5.5216255,Calibration,1994,1994-03-15,-0.11806569993501842,exper2_05
7.599999904632568,5.712847,Calibration,1994,1994-03-16,-0.14175425078720405,exper2_05
7.5,5.7331862,Calibration,1994,1994-03-17,-0.13351385844113667,exper2_05
7.599999904632568,5.7838597,Calibration,1994,1994-03-18,-0.13569629572308495,exper2_05
7.599999904632568,5.8455157,Calibration,1994,1994-03-19,-0.13048842637005187,exper2_05
7.0,5.9127955,Calibration,1994,1994-03-20,-0.08419590108528054,exper2_05
6.0,5.9737105,Calibration,1994,1994-03-21,-0.002195598679462863,exper2_05
6.0,5.9821477,Calibration,1994,1994-03-22,-0.0014899087227452142,exper2_05
7.0,6.4771094,Calibration,1994,1994-03-23,-0.03879842116065616,exper2_05
7.599999904632568,6.43763,Calibration,1994,1994-03-24,-0.08280384376612229,exper2_05
7.800000190734863,6.4078813,Calibration,1994,1994-03-25,-0.09798216121465883,exper2_05
7.0,7.0511208,Calibration,1994,1994-03-26,0.003638197901568028,exper2_05
7.199999809265137,7.434426,Calibration,1994,1994-03-27,0.016018805748923573,exper2_05
7.300000190734863,7.3895483,Calibration,1994,1994-03-28,0.006096042435072195,exper2_05
7.0,7.271294,Calibration,1994,1994-03-29,0.019009776881495796,exper2_05
7.400000095367432,7.473204,Calibration,1994,1994-03-30,0.004921874223543243,exper2_05
8.579999923706055,7.6455655,Calibration,1994,1994-03-31,-0.05759025272429102,exper2_05
7.179999828338623,7.4484468,Calibration,1994,1994-04-01,0.01835102044860962,exper2_05
7.0,7.485052,Calibration,1994,1994-04-02,0.03348639032310778,exper2_05
6.800000190734863,7.0202656,Calibration,1994,1994-04-03,0.015937854752950315,exper2_05
7.0,7.2406836,Calibration,1994,1994-04-04,0.01690112378828402,exper2_05
7.400000095367432,7.2791243,Calibration,1994,1994-04-05,-0.008234539914836612,exper2_05
7.599999904632568,7.4227815,Calibration,1994,1994-04-06,-0.01179664622719604,exper2_05
8.0,7.387103,Calibration,1994,1994-04-07,-0.03983185892978588,exper2_05
7.599999904632568,7.9829893,Calibration,1994,1994-04-08,0.024577403043834562,exper2_05
7.800000190734863,7.728825,Calibration,1994,1994-04-09,-0.00458341807070725,exper2_05
7.699999809265137,7.605575,Calibration,1994,1994-04-10,-0.006169302703956123,exper2_05
7.599999904632568,7.75032,Calibration,1994,1994-04-11,0.009792633277246854,exper2_05
7.400000095367432,7.6908116,Calibration,1994,1994-04-12,0.019270768459003974,exper2_05
7.5,7.646202,Calibration,1994,1994-04-13,0.009652722613805967,exper2_05
8.399999618530273,7.554223,Calibration,1994,1994-04-14,-0.05301270860587302,exper2_05
8.600000381469727,7.8438516,Calibration,1994,1994-04-15,-0.04598367934448046,exper2_05
8.300000190734863,8.059508,Calibration,1994,1994-04-16,-0.014700433503468658,exper2_05
8.199999809265137,8.701211,Calibration,1994,1994-04-17,0.029655340836839482,exper2_05
8.600000381469727,9.4024725,Calibration,1994,1994-04-18,0.04457566024531173,exper2_05
8.399999618530273,9.911946,Calibration,1994,1994-04-19,0.08256613934758214,exper2_05
8.800000190734863,10.013684,Calibration,1994,1994-04-20,0.0645107067882332,exper2_05
9.399999618530273,10.344544,Calibration,1994,1994-04-21,0.047838268170523515,exper2_05
10.199999809265137,10.960437,Calibration,1994,1994-04-22,0.03593673538057806,exper2_05
11.199999809265137,11.506122,Calibration,1994,1994-04-23,0.013481907375391941,exper2_05
13.039999961853027,11.831388,Calibration,1994,1994-04-24,-0.04859445187321357,exper2_05
11.199999809265137,12.037916,Calibration,1994,1994-04-25,0.03605815489084477,exper2_05
10.800000190734863,12.110975,Calibration,1994,1994-04-26,0.05722039540709025,exper2_05
11.199999809265137,12.6652155,Calibration,1994,1994-04-27,0.06139545210348326,exper2_05
11.800000190734863,13.184632,Calibration,1994,1994-04-28,0.055419350716302586,exper2_05
12.800000190734863,13.792226,Calibration,1994,1994-04-29,0.03731262083555534,exper2_05
13.600000381469727,14.725474,Calibration,1994,1994-04-30,0.03973363152790071,exper2_05
14.0,15.003781,Calibration,1994,1994-05-01,0.034608636289041254,exper2_05
14.0,15.179336,Calibration,1994,1994-05-02,0.04041680765385841,exper2_05
13.380000114440918,14.217089,Calibration,1994,1994-05-03,0.030332495958119605,exper2_05
14.600000381469727,14.614095,Calibration,1994,1994-05-04,0.0004824504290263645,exper2_05
15.0,14.184388,Calibration,1994,1994-05-05,-0.0279468541469233,exper2_05
14.0,14.031226,Calibration,1994,1994-05-06,0.0011139776036168771,exper2_05
14.0,14.525256,Calibration,1994,1994-05-07,0.018413722703553643,exper2_05
14.5,15.153813,Calibration,1994,1994-05-08,0.022048205205092885,exper2_05
14.300000190734863,15.298947,Calibration,1994,1994-05-09,0.03374941432326701,exper2_05
14.399999618530273,15.49805,Calibration,1994,1994-05-10,0.036726480195118545,exper2_05
14.800000190734863,15.616039,Calibration,1994,1994-05-11,0.026829235485355037,exper2_05
15.399999618530273,15.8744335,Calibration,1994,1994-05-12,0.015170023925385486,exper2_05
16.200000762939453,16.108963,Calibration,1994,1994-05-13,-0.0028177242351794377,exper2_05
16.200000762939453,16.197155,Calibration,1994,1994-05-14,-8.78399382058987e-05,exper2_05
16.5,16.755428,Calibration,1994,1994-05-15,0.007680800613830856,exper2_05
17.0,17.076374,Calibration,1994,1994-05-16,0.002241261169223894,exper2_05
17.600000381469727,17.438509,Calibration,1994,1994-05-17,-0.004608968730454153,exper2_05
17.600000381469727,17.76741,Calibration,1994,1994-05-18,0.004733450759541122,exper2_05
17.200000762939453,16.852625,Calibration,1994,1994-05-19,-0.010201147872086763,exper2_05
17.0,17.33363,Calibration,1994,1994-05-20,0.009717283373822477,exper2_05
17.0,17.38373,Calibration,1994,1994-05-21,0.011160218377157746,exper2_05
17.399999618530273,17.998476,Calibration,1994,1994-05-22,0.016906841296802907,exper2_05
17.799999237060547,17.942602,Calibration,1994,1994-05-23,0.003989718570220195,exper2_05
18.399999618530273,18.006124,Calibration,1994,1994-05-24,-0.010818924882699454,exper2_05
18.799999237060547,18.509562,Calibration,1994,1994-05-25,-0.007784538127100645,exper2_05
20.040000915527344,18.368448,Calibration,1994,1994-05-26,-0.04352044131105544,exper2_05
19.799999237060547,18.655771,Calibration,1994,1994-05-27,-0.02975438970307311,exper2_05
19.600000381469727,18.766142,Calibration,1994,1994-05-28,-0.021734228165497946,exper2_05
19.700000762939453,18.727688,Calibration,1994,1994-05-29,-0.025302404664554478,exper2_05
19.399999618530273,18.761213,Calibration,1994,1994-05-30,-0.016739151274829105,exper2_05
19.5,19.013693,Calibration,1994,1994-05-31,-0.012626863541374527,exper2_05
20.200000762939453,19.076033,Calibration,1994,1994-06-01,-0.02861714962150506,exper2_05
21.200000762939453,20.000004,Calibration,1994,1994-06-02,-0.0291261362843038,exper2_05
21.799999237060547,20.35201,Calibration,1994,1994-06-03,-0.03435158872302559,exper2_05
21.200000762939453,20.252966,Calibration,1994,1994-06-04,-0.02284600865593631,exper2_05
20.200000762939453,19.989084,Calibration,1994,1994-06-05,-0.0052481045321087555,exper2_05
19.200000762939453,19.932314,Calibration,1994,1994-06-06,0.018713770500896273,exper2_05
19.0,20.495827,Calibration,1994,1994-06-07,0.037873032301633615,exper2_05
19.600000381469727,20.693369,Calibration,1994,1994-06-08,0.027135197414667606,exper2_05
20.399999618530273,20.401392,Calibration,1994,1994-06-09,3.412541698454726e-05,exper2_05
19.5,19.620659,Calibration,1994,1994-06-10,0.0030842751114892805,exper2_05
19.0,19.474497,Calibration,1994,1994-06-11,0.012332762748951911,exper2_05
18.600000381469727,18.487417,Calibration,1994,1994-06-12,-0.003035616057362889,exper2_05
18.200000762939453,18.459282,Calibration,1994,1994-06-13,0.007072728636835067,exper2_05
18.139999389648438,19.15003,Calibration,1994,1994-06-14,0.02708581246261326,exper2_05
18.799999237060547,19.557503,Calibration,1994,1994-06-15,0.019748509948445524,exper2_05
19.600000381469727,19.519781,Calibration,1994,1994-06-16,-0.002050606259414905,exper2_05
20.0,19.796541,Calibration,1994,1994-06-17,-0.0051124740945884635,exper2_05
20.5,20.072672,Calibration,1994,1994-06-18,-0.010532412331557819,exper2_05
21.200000762939453,20.413048,Calibration,1994,1994-06-19,-0.018911206935511772,exper2_05
20.700000762939453,20.65207,Calibration,1994,1994-06-20,-0.0011591117762896745,exper2_05
20.600000381469727,20.971373,Calibration,1994,1994-06-21,0.008933364385797131,exper2_05
21.0,21.065796,Calibration,1994,1994-06-22,0.0015641187105161591,exper2_05
21.399999618530273,21.664545,Calibration,1994,1994-06-23,0.006142998669868808,exper2_05
22.0,21.540354,Calibration,1994,1994-06-24,-0.010556786638680182,exper2_05
22.799999237060547,22.140532,Calibration,1994,1994-06-25,-0.014674230271472263,exper2_05
24.020000457763672,22.154558,Calibration,1994,1994-06-26,-0.04039978574703949,exper2_05
24.200000762939453,22.544443,Calibration,1994,1994-06-27,-0.035417206721308055,exper2_05
24.0,23.16996,Calibration,1994,1994-06-28,-0.017596792060894168,exper2_05
23.0,23.81039,Calibration,1994,1994-06-29,0.017312192105932468,exper2_05
23.399999618530273,23.835247,Calibration,1994,1994-06-30,0.009214462759409264,exper2_05
24.399999618530273,23.740648,Calibration,1994,1994-07-01,-0.013696353867285505,exper2_05
24.799999237060547,23.916367,Calibration,1994,1994-07-02,-0.018138312354456915,exper2_05
25.299999237060547,23.934538,Calibration,1994,1994-07-03,-0.027733811044688705,exper2_05
25.079999923706055,24.085926,Calibration,1994,1994-07-04,-0.020218756140381162,exper2_05
25.600000381469727,24.608423,Calibration,1994,1994-07-05,-0.019749218897027822,exper2_05
25.399999618530273,24.581484,Calibration,1994,1994-07-06,-0.016376380229922185,exper2_05
25.0,24.74407,Calibration,1994,1994-07-07,-0.005144933790624994,exper2_05
24.200000762939453,23.602232,Calibration,1994,1994-07-08,-0.01250503897572661,exper2_05
24.0,23.12213,Calibration,1994,1994-07-09,-0.01862968779465778,exper2_05
23.899999618530273,22.648296,Calibration,1994,1994-07-10,-0.02689042071504795,exper2_05
23.520000457763672,22.737192,Calibration,1994,1994-07-11,-0.01692295315896679,exper2_05
23.700000762939453,23.69414,Calibration,1994,1994-07-12,-0.00012367103440457346,exper2_05
23.799999237060547,23.794088,Calibration,1994,1994-07-13,-0.0001241934389555985,exper2_05
23.799999237060547,24.11976,Calibration,1994,1994-07-14,0.00667284806749628,exper2_05
23.799999237060547,24.429604,Calibration,1994,1994-07-15,0.013054313178388751,exper2_05
24.0,24.753054,Calibration,1994,1994-07-16,0.015446287125584997,exper2_05
24.600000381469727,24.828836,Calibration,1994,1994-07-17,0.004629606405508234,exper2_05
25.0,25.184687,Calibration,1994,1994-07-18,0.0036801397608602774,exper2_05
24.600000381469727,24.835964,Calibration,1994,1994-07-19,0.004773120609561836,exper2_05
24.299999237060547,24.183767,Calibration,1994,1994-07-20,-0.0023973368117186766,exper2_05
24.200000762939453,23.775988,Calibration,1994,1994-07-21,-0.00883802819001214,exper2_05
24.399999618530273,24.023937,Calibration,1994,1994-07-22,-0.00776604335993938,exper2_05
24.700000762939453,24.088333,Calibration,1994,1994-07-23,-0.01253716993903391,exper2_05
25.0,24.054485,Calibration,1994,1994-07-24,-0.019274785430262006,exper2_05
25.399999618530273,24.289803,Calibration,1994,1994-07-25,-0.02234255357803561,exper2_05
25.600000381469727,25.010813,Calibration,1994,1994-07-26,-0.01164153637346982,exper2_05
25.600000381469727,25.103842,Calibration,1994,1994-07-27,-0.009785424115546323,exper2_05
25.399999618530273,25.265497,Calibration,1994,1994-07-28,-0.002654714141067951,exper2_05
25.399999618530273,24.948872,Calibration,1994,1994-07-29,-0.008960042101261155,exper2_05
25.600000381469727,25.285124,Calibration,1994,1994-07-30,-0.0061879883621468405,exper2_05
25.600000381469727,25.46322,Calibration,1994,1994-07-31,-0.0026786360620643323,exper2_05
26.0,25.635592,Calibration,1994,1994-08-01,-0.007057312260921565,exper2_05
26.200000762939453,25.664196,Calibration,1994,1994-08-02,-0.010330917700999007,exper2_05
26.0,25.97719,Calibration,1994,1994-08-03,-0.0004388460071049825,exper2_05
26.399999618530273,26.10608,Calibration,1994,1994-08-04,-0.005597837891011605,exper2_05
26.700000762939453,25.778906,Calibration,1994,1994-08-05,-0.01755171655685433,exper2_05
27.15999984741211,25.71058,Calibration,1994,1994-08-06,-0.02741447139695717,exper2_05
26.600000381469727,25.634533,Calibration,1994,1994-08-07,-0.01848331729651483,exper2_05
26.200000762939453,25.450066,Calibration,1994,1994-08-08,-0.014519538942912925,exper2_05
26.200000762939453,25.396217,Calibration,1994,1994-08-09,-0.01557833977381771,exper2_05
26.0,25.224901,Calibration,1994,1994-08-10,-0.015131289324363868,exper2_05
26.0,25.247068,Calibration,1994,1994-08-11,-0.01469218861254799,exper2_05
25.700000762939453,25.036985,Calibration,1994,1994-08-12,-0.013067693132306244,exper2_05
25.600000381469727,24.841413,Calibration,1994,1994-08-13,-0.015038969473748373,exper2_05
25.299999237060547,24.297865,Calibration,1994,1994-08-14,-0.020205191095913195,exper2_05
25.299999237060547,24.095758,Calibration,1994,1994-08-15,-0.024379437741786372,exper2_05
25.200000762939453,23.909807,Calibration,1994,1994-08-16,-0.02627160665291708,exper2_05
25.0,23.9709,Calibration,1994,1994-08-17,-0.021014529585464067,exper2_05
24.799999237060547,23.476562,Calibration,1994,1994-08-18,-0.027413649386811696,exper2_05
24.600000381469727,23.55523,Calibration,1994,1994-08-19,-0.021695903099625786,exper2_05
24.600000381469727,23.556465,Calibration,1994,1994-08-20,-0.021669680717852607,exper2_05
24.799999237060547,23.629385,Calibration,1994,1994-08-21,-0.0241715698253846,exper2_05
24.799999237060547,23.682444,Calibration,1994,1994-08-22,-0.023050728314355815,exper2_05
24.600000381469727,23.553633,Calibration,1994,1994-08-23,-0.02172977566836138,exper2_05
24.5,23.297297,Calibration,1994,1994-08-24,-0.025162583732053597,exper2_05
24.0,22.774664,Calibration,1994,1994-08-25,-0.026196576779030797,exper2_05
23.700000762939453,23.016659,Calibration,1994,1994-08-26,-0.01462737247531783,exper2_05
23.360000610351562,22.981443,Calibration,1994,1994-08-27,-0.008168869426545143,exper2_05
23.600000381469727,22.793913,Calibration,1994,1994-08-28,-0.01737485452503008,exper2_05
23.600000381469727,22.371227,Calibration,1994,1994-08-29,-0.02672917779205128,exper2_05
23.399999618530273,21.868385,Calibration,1994,1994-08-30,-0.033834083231372006,exper2_05
23.600000381469727,22.00305,Calibration,1994,1994-08-31,-0.035018502553752266,exper2_05
23.920000076293945,22.298971,Calibration,1994,1994-09-01,-0.03507280357437331,exper2_05
23.200000762939453,22.309235,Calibration,1994,1994-09-02,-0.019573304985686053,exper2_05
22.799999237060547,21.783648,Calibration,1994,1994-09-03,-0.022796513371247024,exper2_05
22.899999618530273,21.678625,Calibration,1994,1994-09-04,-0.02739820977528789,exper2_05
23.0,21.580172,Calibration,1994,1994-09-05,-0.03184887730203537,exper2_05
23.0,21.763643,Calibration,1994,1994-09-06,-0.027619662857123136,exper2_05
23.200000762939453,21.761183,Calibration,1994,1994-09-07,-0.03200133680578166,exper2_05
23.100000381469727,21.849749,Calibration,1994,1994-09-08,-0.027814432739467793,exper2_05
22.600000381469727,21.264847,Calibration,1994,1994-09-09,-0.03043789424672685,exper2_05
22.299999237060547,21.145754,Calibration,1994,1994-09-10,-0.026567507622567252,exper2_05
22.0,21.259272,Calibration,1994,1994-09-11,-0.017122997002202395,exper2_05
22.200000762939453,21.298216,Calibration,1994,1994-09-12,-0.02073153721545412,exper2_05
22.200000762939453,21.306154,Calibration,1994,1994-09-13,-0.020545288627606916,exper2_05
21.799999237060547,20.765394,Calibration,1994,1994-09-14,-0.024306248396647776,exper2_05
21.299999237060547,20.806763,Calibration,1994,1994-09-15,-0.01171395089796327,exper2_05
20.799999237060547,20.745413,Calibration,1994,1994-09-16,-0.001313897439238269,exper2_05
20.399999618530273,20.227356,Calibration,1994,1994-09-17,-0.004249443732017679,exper2_05
20.0,19.203451,Calibration,1994,1994-09-18,-0.0203183347354193,exper2_05
19.399999618530273,18.767239,Calibration,1994,1994-09-19,-0.01657864259612081,exper2_05
19.299999237060547,18.849741,Calibration,1994,1994-09-20,-0.011802393736334429,exper2_05
19.1200008392334,18.515284,Calibration,1994,1994-09-21,-0.016067827409743333,exper2_05
19.200000762939453,18.488043,Calibration,1994,1994-09-22,-0.018890816917466427,exper2_05
19.299999237060547,18.235226,Calibration,1994,1994-09-23,-0.028367315288353206,exper2_05
19.5,18.57767,Calibration,1994,1994-09-24,-0.024222355965199775,exper2_05
19.799999237060547,18.909754,Calibration,1994,1994-09-25,-0.022997962213364347,exper2_05
20.0,19.227442,Calibration,1994,1994-09-26,-0.019694330730537855,exper2_05
20.0,19.374851,Calibration,1994,1994-09-27,-0.0158768542284105,exper2_05
20.0,19.1671,Calibration,1994,1994-09-28,-0.02126527300600964,exper2_05
20.100000381469727,18.917912,Calibration,1994,1994-09-29,-0.030296056196567733,exper2_05
19.799999237060547,18.756296,Calibration,1994,1994-09-30,-0.027069589246941927,exper2_05
20.040000915527344,19.25062,Calibration,1994,1994-10-01,-0.020090826031047882,exper2_05
20.0,19.10442,Calibration,1994,1994-10-02,-0.022902278014345738,exper2_05
19.799999237060547,19.008337,Calibration,1994,1994-10-03,-0.020399282538804117,exper2_05
19.700000762939453,18.508976,Calibration,1994,1994-10-04,-0.031171334113531866,exper2_05
19.200000762939453,18.236933,Calibration,1994,1994-10-05,-0.025725077294960423,exper2_05
19.600000381469727,18.204046,Calibration,1994,1994-10-06,-0.03692605042288154,exper2_05
17.799999237060547,17.732248,Calibration,1994,1994-10-07,-0.0019067448717817272,exper2_05
17.200000762939453,15.393979,Calibration,1994,1994-10-08,-0.05540967072701692,exper2_05
16.700000762939453,15.749834,Calibration,1994,1994-10-09,-0.029281095186938458,exper2_05
16.399999618530273,16.255508,Calibration,1994,1994-10-10,-0.0044247113073729635,exper2_05
16.200000762939453,16.260508,Calibration,1994,1994-10-11,0.001864013343005073,exper2_05
15.800000190734863,16.193663,Calibration,1994,1994-10-12,0.01230438836397763,exper2_05
15.699999809265137,16.175304,Calibration,1994,1994-10-13,0.014911374657469634,exper2_05
15.600000381469727,16.074705,Calibration,1994,1994-10-14,0.014986871538589198,exper2_05
15.399999618530273,15.989682,Calibration,1994,1994-10-15,0.018785873093433353,exper2_05
15.399999618530273,15.936149,Calibration,1994,1994-10-16,0.01710960199959018,exper2_05
15.0,15.53185,Calibration,1994,1994-10-17,0.017419509907319906,exper2_05
14.600000381469727,13.741756,Calibration,1994,1994-10-18,-0.03028195985488628,exper2_05
14.399999618530273,13.206332,Calibration,1994,1994-10-19,-0.0432388996611329,exper2_05
14.0,13.474801,Calibration,1994,1994-10-20,-0.019115659299874067,exper2_05
13.800000190734863,12.77072,Calibration,1994,1994-10-21,-0.038737402427349445,exper2_05
13.600000381469727,12.58298,Calibration,1994,1994-10-22,-0.03884279805622651,exper2_05
13.399999618530273,13.21054,Calibration,1994,1994-10-23,-0.007119727924849263,exper2_05
13.199999809265137,13.42688,Calibration,1994,1994-10-24,0.008520715764335973,exper2_05
13.199999809265137,14.232568,Calibration,1994,1994-10-25,0.037640223587362645,exper2_05
12.779999732971248,13.256189,Calibration,1994,1994-10-26,0.01828952815990651,exper2_05
12.600000381469727,13.846524,Calibration,1994,1994-10-27,0.04713374914189585,exper2_05
12.800000190734863,12.667746,Calibration,1994,1994-10-28,-0.0051930234290251285,exper2_05
12.800000190734863,12.459971,Calibration,1994,1994-10-29,-0.013461169630384717,exper2_05
12.800000190734863,12.035523,Calibration,1994,1994-10-30,-0.030781584808562988,exper2_05
12.699999809265137,11.87795,Calibration,1994,1994-10-31,-0.03344665077956381,exper2_05
12.600000381469727,12.3142805,Calibration,1994,1994-11-01,-0.011468116329193761,exper2_05
12.399999618530273,12.6526785,Calibration,1994,1994-11-02,0.010085902595456496,exper2_05
12.399999618530273,12.764647,Calibration,1994,1994-11-03,0.014490444628811019,exper2_05
12.399999618530273,12.791717,Calibration,1994,1994-11-04,0.015549435142620626,exper2_05
12.460000038146916,12.603663,Calibration,1994,1994-11-05,0.005731939645275115,exper2_05
12.199999809265137,12.759561,Calibration,1994,1994-11-06,0.022418695157984895,exper2_05
12.199999809265137,12.680344,Calibration,1994,1994-11-07,0.01930615708248069,exper2_05
12.0,11.915767,Calibration,1994,1994-11-08,-0.0035220816876515475,exper2_05
11.899999618530273,11.517309,Calibration,1994,1994-11-09,-0.016342203659500284,exper2_05
11.800000190734863,12.098212,Calibration,1994,1994-11-10,0.012478424996404499,exper2_05
11.5,11.752828,Calibration,1994,1994-11-11,0.010872984921023017,exper2_05
11.399999618530273,11.169646,Calibration,1994,1994-11-12,-0.010206334499690673,exper2_05
11.300000190734863,10.83301,Calibration,1994,1994-11-13,-0.021099275370717943,exper2_05
11.199999809265137,10.556867,Calibration,1994,1994-11-14,-0.02956000878067802,exper2_05
11.199999809265137,10.312427,Calibration,1994,1994-11-15,-0.04125863008942426,exper2_05
11.199999809265137,10.096335,Calibration,1994,1994-11-16,-0.05182414658553159,exper2_05
11.0,9.910672,Calibration,1994,1994-11-17,-0.05209434696365742,exper2_05
10.800000190734863,9.736894,Calibration,1994,1994-11-18,-0.051765692753217234,exper2_05
10.600000381469727,9.583912,Calibration,1994,1994-11-19,-0.050341503260716625,exper2_05
10.5,9.459744,Calibration,1994,1994-11-20,-0.05211767861041184,exper2_05
10.399999618530273,9.330932,Calibration,1994,1994-11-21,-0.054182336339593726,exper2_05
10.399999618530273,9.224844,Calibration,1994,1994-11-22,-0.05988101937298512,exper2_05
10.199999809265137,9.123812,Calibration,1994,1994-11-23,-0.055692329938800696,exper2_05
10.199999809265137,9.040131,Calibration,1994,1994-11-24,-0.06028385299061366,exper2_05
10.0,8.966404,Calibration,1994,1994-11-25,-0.054496152298232736,exper2_05
9.899999618530273,8.900945,Calibration,1994,1994-11-26,-0.05313854938914902,exper2_05
9.800000190734863,8.842406,Calibration,1994,1994-11-27,-0.05136643274650373,exper2_05
9.600000381469727,8.790484,Calibration,1994,1994-11-28,-0.04401819535661527,exper2_05
9.399999618530273,8.74514,Calibration,1994,1994-11-29,-0.036090079981886375,exper2_05
9.199999809265137,8.703818,Calibration,1994,1994-11-30,-0.027713724772037884,exper2_05
9.119999885559082,8.229332,Calibration,1994,1994-12-01,-0.051337303519721454,exper2_05
8.800000190734863,7.5283303,Calibration,1994,1994-12-02,-0.07788119326375433,exper2_05
8.600000381469727,7.2741027,Calibration,1994,1994-12-03,-0.08352583373342357,exper2_05
8.399999618530273,7.2756615,Calibration,1994,1994-12-04,-0.07172508666663178,exper2_05
8.199999809265137,7.414646,Calibration,1994,1994-12-05,-0.05029596333459006,exper2_05
8.100000381469727,8.188813,Calibration,1994,1994-12-06,0.0054523816340447066,exper2_05
8.0,10.607824,Calibration,1994,1994-12-07,0.1401466544360676,exper2_05
8.199999809265137,10.629113,Calibration,1994,1994-12-08,0.12900838118137198,exper2_05
8.100000381469727,9.935209,Calibration,1994,1994-12-09,0.10175700354201152,exper2_05
8.0,9.510228,Calibration,1994,1994-12-10,0.08624834259717916,exper2_05
8.0,9.146178,Calibration,1994,1994-12-11,0.06684744723462074,exper2_05
7.800000190734863,8.780731,Calibration,1994,1994-12-12,0.05914883892973013,exper2_05
7.599999904632568,8.105411,Calibration,1994,1994-12-13,0.032180672505292204,exper2_05
7.400000095367432,6.972882,Calibration,1994,1994-12-14,-0.029716956187352195,exper2_05
7.199999809265137,6.122429,Calibration,1994,1994-12-15,-0.08088396937373703,exper2_05
7.0,5.6493964,Calibration,1994,1994-12-16,-0.10677217597435014,exper2_05
6.800000190734863,5.324696,Calibration,1994,1994-12-17,-0.12167761531872928,exper2_05
6.599999904632568,5.258643,Calibration,1994,1994-12-18,-0.1131121619974638,exper2_05
6.599999904632568,5.0875354,Calibration,1994,1994-12-19,-0.12940833856849654,exper2_05
6.599999904632568,5.0723543,Calibration,1994,1994-12-20,-0.13087724712189588,exper2_05
6.599999904632568,4.9082437,Calibration,1994,1994-12-21,-0.147003862017484,exper2_05
6.599999904632568,4.814165,Calibration,1994,1994-12-22,-0.15645776858392063,exper2_05
6.699999809265137,4.7460723,Calibration,1994,1994-12-23,-0.17070725219923402,exper2_05
6.699999809265137,4.6877303,Calibration,1994,1994-12-24,-0.17670505670824407,exper2_05
6.699999809265137,4.6649876,Calibration,1994,1994-12-25,-0.17905978936235326,exper2_05
6.599999904632568,4.6410503,Calibration,1994,1994-12-26,-0.17426748599771674,exper2_05
6.599999904632568,4.6079183,Calibration,1994,1994-12-27,-0.1777387747169631,exper2_05
6.199999809265137,4.552707,Calibration,1994,1994-12-28,-0.15319794478604737,exper2_05
5.699999809265137,4.7888894,Calibration,1994,1994-12-29,-0.08686433637263974,exper2_05
5.539999961853027,4.6441493,Calibration,1994,1994-12-30,-0.08796519327049544,exper2_05
5.5,4.8034835,Calibration,1994,1994-12-31,-0.06760009998162252,exper2_05
5.519999980926514,3.6035607,Calibration,1995,1995-01-01,-0.21005387751065951,exper2_05
5.199999809265137,3.5352714,Calibration,1995,1995-01-02,-0.19057546835514003,exper2_05
5.199999809265137,3.2646694,Calibration,1995,1995-01-03,-0.22863626904874115,exper2_05
5.0,3.047338,Calibration,1995,1995-01-04,-0.24264694597946931,exper2_05
4.800000190734863,3.195641,Calibration,1995,1995-01-05,-0.20065421940204825,exper2_05
4.800000190734863,3.3591857,Calibration,1995,1995-01-06,-0.1765880217891909,exper2_05
4.900000095367432,3.2635746,Calibration,1995,1995-01-07,-0.20045452588708218,exper2_05
4.800000190734863,3.1631508,Calibration,1995,1995-01-08,-0.2055529786996814,exper2_05
4.800000190734863,3.18989,Calibration,1995,1995-01-09,-0.20151845182273062,exper2_05
4.599999904632568,3.3107066,Calibration,1995,1995-01-10,-0.16298080151397648,exper2_05
4.599999904632568,3.3461828,Calibration,1995,1995-01-11,-0.15778860421403698,exper2_05
4.199999809265137,3.1721582,Calibration,1995,1995-01-12,-0.1394220743705134,exper2_05
4.199999809265137,2.9187303,Calibration,1995,1995-01-13,-0.17998569099365205,exper2_05
4.300000190734863,2.725626,Calibration,1995,1995-01-14,-0.22409023167537295,exper2_05
4.199999809265137,2.9646144,Calibration,1995,1995-01-15,-0.17242874261619662,exper2_05
4.199999809265137,3.0858288,Calibration,1995,1995-01-16,-0.1529230360437423,exper2_05
4.199999809265137,3.0735908,Calibration,1995,1995-01-17,-0.154862862265694,exper2_05
4.199999809265137,3.2382736,Calibration,1995,1995-01-18,-0.12929427745927832,exper2_05
4.300000190734863,3.4059563,Calibration,1995,1995-01-19,-0.1160198512898252,exper2_05
4.300000190734863,3.4304383,Calibration,1995,1995-01-20,-0.11248545783131156,exper2_05
4.300000190734863,3.5179648,Calibration,1995,1995-01-21,-0.10003055113851328,exper2_05
4.199999809265137,3.540344,Calibration,1995,1995-01-22,-0.08522306316995455,exper2_05
4.199999809265137,3.6062574,Calibration,1995,1995-01-23,-0.07605980071478015,exper2_05
4.199999809265137,3.5365841,Calibration,1995,1995-01-24,-0.0857504649134958,exper2_05
3.700000047683716,3.4768646,Calibration,1995,1995-01-25,-0.03109094054764289,exper2_05
3.700000047683716,3.517111,Calibration,1995,1995-01-26,-0.025341023835610592,exper2_05
3.799999952316284,3.4594817,Calibration,1995,1995-01-27,-0.04690668724175429,exper2_05
3.5999999046325684,3.3606067,Calibration,1995,1995-01-28,-0.03439258226608072,exper2_05
3.799999952316284,3.2681339,Calibration,1995,1995-01-29,-0.07524844411885326,exper2_05
4.0,3.263519,Calibration,1995,1995-01-30,-0.10139450951697444,exper2_05
3.799999952316284,2.9866245,Calibration,1995,1995-01-31,-0.11984978411859604,exper2_05
3.799999952316284,2.8074996,Calibration,1995,1995-02-01,-0.1502081521514396,exper2_05
3.799999952316284,2.761519,Calibration,1995,1995-02-02,-0.158268384457617,exper2_05
4.0,2.8857105,Calibration,1995,1995-02-03,-0.1618263686454544,exper2_05
3.799999952316284,2.866063,Calibration,1995,1995-02-04,-0.14010321001863588,exper2_05
3.3399999141693115,2.8396783,Calibration,1995,1995-02-05,-0.08096240780427084,exper2_05
3.5999999046325684,2.7791,Calibration,1995,1995-02-06,-0.12868586214531352,exper2_05
3.799999952316284,2.736039,Calibration,1995,1995-02-07,-0.1627837669429937,exper2_05
3.5999999046325684,2.838448,Calibration,1995,1995-02-08,-0.11828190002313663,exper2_05
3.700000047683716,2.9860482,Calibration,1995,1995-02-09,-0.10678233200570873,exper2_05
3.799999952316284,3.061036,Calibration,1995,1995-02-10,-0.10770441019233547,exper2_05
4.0,3.1454515,Calibration,1995,1995-02-11,-0.11959334533547929,exper2_05
4.0,3.1960394,Calibration,1995,1995-02-12,-0.1117226453039136,exper2_05
4.0,3.025087,Calibration,1995,1995-02-13,-0.13877591344491366,exper2_05
4.0,3.2757914,Calibration,1995,1995-02-14,-0.09953674492488272,exper2_05
4.0,3.0917354,Calibration,1995,1995-02-15,-0.12807367879677098,exper2_05
4.0,3.164902,Calibration,1995,1995-02-16,-0.11655400610752568,exper2_05
4.0,3.0461283,Calibration,1995,1995-02-17,-0.13537529974347629,exper2_05
3.799999952316284,3.2815614,Calibration,1995,1995-02-18,-0.07320964314419451,exper2_05
4.0,3.397668,Calibration,1995,1995-02-19,-0.08142189194635,exper2_05
4.099999904632568,3.3906763,Calibration,1995,1995-02-20,-0.09469420771220528,exper2_05
4.199999809265137,3.3236651,Calibration,1995,1995-02-21,-0.11647709897708045,exper2_05
4.199999809265137,3.237338,Calibration,1995,1995-02-22,-0.12943633317407427,exper2_05
4.199999809265137,3.1090157,Calibration,1995,1995-02-23,-0.14926553435316076,exper2_05
4.199999809265137,3.0863655,Calibration,1995,1995-02-24,-0.1528381170248018,exper2_05
4.400000095367432,3.241287,Calibration,1995,1995-02-25,-0.15163847254222254,exper2_05
4.199999809265137,3.272795,Calibration,1995,1995-02-26,-0.12407738680445658,exper2_05
4.0,3.7735662,Calibration,1995,1995-02-27,-0.029128683901400717,exper2_05
4.099999904632568,3.458687,Calibration,1995,1995-02-28,-0.08484447629658759,exper2_05
4.199999809265137,3.3471441,Calibration,1995,1995-03-01,-0.11300376534322396,exper2_05
4.400000095367432,3.699629,Calibration,1995,1995-03-02,-0.0864695176574261,exper2_05
4.5,3.6576765,Calibration,1995,1995-03-03,-0.1032553259424929,exper2_05
4.300000190734863,4.0305467,Calibration,1995,1995-03-04,-0.03234523857836757,exper2_05
4.039999961853027,4.1360765,Calibration,1995,1995-03-05,0.011750928397819377,exper2_05
4.199999809265137,3.9389222,Calibration,1995,1995-03-06,-0.0320776686651856,exper2_05
4.199999809265137,4.2435746,Calibration,1995,1995-03-07,0.005160706570039213,exper2_05
4.400000095367432,4.5602136,Calibration,1995,1995-03-08,0.017880541303703437,exper2_05
4.400000095367432,4.224556,Calibration,1995,1995-03-09,-0.02034239499574418,exper2_05
4.699999809265137,4.659227,Calibration,1995,1995-03-10,-0.004356440566890063,exper2_05
4.800000190734863,4.546079,Calibration,1995,1995-03-11,-0.027168722033694744,exper2_05
5.199999809265137,4.4546437,Calibration,1995,1995-03-12,-0.07720182316071982,exper2_05
5.199999809265137,4.7293067,Calibration,1995,1995-03-13,-0.04740442961274325,exper2_05
4.699999809265137,4.8293576,Calibration,1995,1995-03-14,0.01357466289768111,exper2_05
4.599999904632568,4.6882634,Calibration,1995,1995-03-15,0.0095026926571829,exper2_05
4.699999809265137,4.8937974,Calibration,1995,1995-03-16,0.020200300691100456,exper2_05
5.0,4.7336974,Calibration,1995,1995-03-17,-0.0273588313119215,exper2_05
4.900000095367432,5.0386477,Calibration,1995,1995-03-18,0.013950344134716668,exper2_05
4.800000190734863,5.436114,Calibration,1995,1995-03-19,0.06214405604367362,exper2_05
4.699999809265137,5.369244,Calibration,1995,1995-03-20,0.06646420481196548,exper2_05
4.599999904632568,5.086504,Calibration,1995,1995-03-21,0.050224940141244956,exper2_05
4.699999809265137,4.913841,Calibration,1995,1995-03-22,0.022243031770410062,exper2_05
5.0,5.2316194,Calibration,1995,1995-03-23,0.022637605051269126,exper2_05
5.5,5.7094707,Calibration,1995,1995-03-24,0.018686943709799793,exper2_05
6.440000057220459,5.6335073,Calibration,1995,1995-03-25,-0.06679855197357976,exper2_05
6.400000095367432,5.7003946,Calibration,1995,1995-03-26,-0.0578167473697082,exper2_05
6.199999809265137,5.7388377,Calibration,1995,1995-03-27,-0.038627051353292974,exper2_05
5.800000190734863,5.5500875,Calibration,1995,1995-03-28,-0.022018573483126545,exper2_05
5.300000190734863,5.6337543,Calibration,1995,1995-03-29,0.030525110506026125,exper2_05
5.199999809265137,5.1585517,Calibration,1995,1995-03-30,-0.004001342880187071,exper2_05
4.900000095367432,5.717121,Calibration,1995,1995-03-31,0.07696257883813039,exper2_05
5.28000020980835,5.8211045,Calibration,1995,1995-04-01,0.0487432854264201,exper2_05
5.800000190734863,6.046372,Calibration,1995,1995-04-02,0.020797231710341355,exper2_05
6.599999904632568,6.217685,Calibration,1995,1995-04-03,-0.0298271238691766,exper2_05
8.0,7.0002365,Calibration,1995,1995-04-04,-0.06664984835545908,exper2_05
9.0,6.8476143,Calibration,1995,1995-04-05,-0.13581764879619157,exper2_05
9.300000190734863,6.976698,Calibration,1995,1995-04-06,-0.14273793449541536,exper2_05
9.399999618530273,8.116635,Calibration,1995,1995-04-07,-0.07326545882098529,exper2_05
7.599999904632568,7.825771,Calibration,1995,1995-04-08,0.01463595912555186,exper2_05
5.699999809265137,7.3942604,Calibration,1995,1995-04-09,0.1293895622442204,exper2_05
6.0,8.081197,Calibration,1995,1995-04-10,0.14779970884251184,exper2_05
6.800000190734863,7.9715505,Calibration,1995,1995-04-11,0.07931125859625032,exper2_05
7.199999809265137,8.466502,Calibration,1995,1995-04-12,0.08084142717116487,exper2_05
7.599999904632568,8.8212385,Calibration,1995,1995-04-13,0.0743694587287185,exper2_05
6.900000095367432,8.378637,Calibration,1995,1995-04-14,0.09677808163599692,exper2_05
7.5,8.306809,Calibration,1995,1995-04-15,0.05104188983640732,exper2_05
7.699999809265137,8.994334,Calibration,1995,1995-04-16,0.07753135939914807,exper2_05
8.300000190734863,9.764804,Calibration,1995,1995-04-17,0.08108605492885772,exper2_05
8.600000381469727,9.678067,Calibration,1995,1995-04-18,0.05898144432548923,exper2_05
8.899999618530273,9.278562,Calibration,1995,1995-04-19,0.020824638935140975,exper2_05
8.899999618530273,9.420796,Calibration,1995,1995-04-20,0.028426536458993498,exper2_05
9.0,10.029219,Calibration,1995,1995-04-21,0.05408622872825541,exper2_05
9.600000381469727,10.496562,Calibration,1995,1995-04-22,0.04461268576280872,exper2_05
10.199999809265137,11.099818,Calibration,1995,1995-04-23,0.042245357155873534,exper2_05
10.800000190734863,11.048722,Calibration,1995,1995-04-24,0.0113838269901335,exper2_05
11.0,11.188112,Calibration,1995,1995-04-25,0.008478065042941347,exper2_05
10.899999618530273,10.992887,Calibration,1995,1995-04-26,0.0042427902861756584,exper2_05
10.199999809265137,11.415654,Calibration,1995,1995-04-27,0.056239537033474785,exper2_05
10.300000190734863,11.418214,Calibration,1995,1995-04-28,0.051487366859937725,exper2_05
11.600000381469727,12.114806,Calibration,1995,1995-04-29,0.021708201267900542,exper2_05
13.520000457763672,12.698697,Calibration,1995,1995-04-30,-0.031325101718492274,exper2_05
12.539999961853027,12.893191,Calibration,1995,1995-05-01,0.013887025484694867,exper2_05
13.399999618530273,13.088865,Calibration,1995,1995-05-02,-0.01174585394915852,exper2_05
13.600000381469727,12.513101,Calibration,1995,1995-05-03,-0.04162277613654819,exper2_05
14.199999809265137,13.421527,Calibration,1995,1995-05-04,-0.02818355800294649,exper2_05
14.800000190734863,14.52452,Calibration,1995,1995-05-05,-0.009394195347176955,exper2_05
15.399999618530273,15.01303,Calibration,1995,1995-05-06,-0.012723808529928451,exper2_05
16.100000381469727,16.236834,Calibration,1995,1995-05-07,0.004231496228518256,exper2_05
16.799999237060547,16.276346,Calibration,1995,1995-05-08,-0.015831647159642363,exper2_05
16.5,16.350271,Calibration,1995,1995-05-09,-0.004557915945320337,exper2_05
16.0,15.701293,Calibration,1995,1995-05-10,-0.00942254968718803,exper2_05
16.200000762939453,15.966569,Calibration,1995,1995-05-11,-0.007256969524795701,exper2_05
16.200000762939453,15.410152,Calibration,1995,1995-05-12,-0.02498717176988062,exper2_05
15.800000190734863,14.926952,Calibration,1995,1995-05-13,-0.028413095219066563,exper2_05
15.100000381469727,15.537694,Calibration,1995,1995-05-14,0.014286114051534226,exper2_05
14.399999618530273,15.799766,Calibration,1995,1995-05-15,0.046350226857831224,exper2_05
15.0,15.896414,Calibration,1995,1995-05-16,0.029013522695977973,exper2_05
14.5,15.337867,Calibration,1995,1995-05-17,0.0280806529914354,exper2_05
14.800000190734863,15.608592,Calibration,1995,1995-05-18,0.026590900252526837,exper2_05
15.199999809265137,15.800128,Calibration,1995,1995-05-19,0.019358893545466542,exper2_05
14.699999809265137,15.341974,Calibration,1995,1995-05-20,0.021369249827300738,exper2_05
14.300000190734863,16.449354,Calibration,1995,1995-05-21,0.06989915806623043,exper2_05
14.399999618530273,17.11666,Calibration,1995,1995-05-22,0.08619757457815712,exper2_05
15.199999809265137,16.818895,Calibration,1995,1995-05-23,0.05056063062624342,exper2_05
17.0,16.878988,Calibration,1995,1995-05-24,-0.0035718815762353926,exper2_05
17.399999618530273,17.297064,Calibration,1995,1995-05-25,-0.0029667003715081984,exper2_05
18.8799991607666,17.735271,Calibration,1995,1995-05-26,-0.03126366916572724,exper2_05
19.399999618530273,18.203436,Calibration,1995,1995-05-27,-0.03182059575866737,exper2_05
19.0,18.855867,Calibration,1995,1995-05-28,-0.0038074048777327098,exper2_05
19.399999618530273,19.202374,Calibration,1995,1995-05-29,-0.005119532761911661,exper2_05
19.799999237060547,19.226063,Calibration,1995,1995-05-30,-0.014706491836916623,exper2_05
19.0,19.461348,Calibration,1995,1995-05-31,0.011995096609575992,exper2_05
18.200000762939453,19.52698,Calibration,1995,1995-06-01,0.035173201674455506,exper2_05
17.940000534057617,19.739317,Calibration,1995,1995-06-02,0.04775342354526851,exper2_05
18.0,19.17718,Calibration,1995,1995-06-03,0.031664030395942365,exper2_05
18.200000762939453,19.469418,Calibration,1995,1995-06-04,0.03369886940632389,exper2_05
18.200000762939453,19.745008,Calibration,1995,1995-06-05,0.04071702015566112,exper2_05
18.100000381469727,19.81636,Calibration,1995,1995-06-06,0.045267004887999666,exper2_05
18.0,19.908508,Calibration,1995,1995-06-07,0.050345117397877615,exper2_05
18.200000762939453,20.29767,Calibration,1995,1995-06-08,0.054488220716079824,exper2_05
18.799999237060547,20.479582,Calibration,1995,1995-06-09,0.04275968709631383,exper2_05
19.0,20.666542,Calibration,1995,1995-06-10,0.04201379719428455,exper2_05
19.0,20.56407,Calibration,1995,1995-06-11,0.0395325798859922,exper2_05
18.600000381469727,20.363274,Calibration,1995,1995-06-12,0.045254750384729724,exper2_05
18.600000381469727,20.081495,Calibration,1995,1995-06-13,0.03829983505129426,exper2_05
18.799999237060547,19.861311,Calibration,1995,1995-06-14,0.027451519786147384,exper2_05
19.0,19.726728,Calibration,1995,1995-06-15,0.018765552077799213,exper2_05
19.100000381469727,19.892683,Calibration,1995,1995-06-16,0.02032900991596504,exper2_05
19.399999618530273,19.62237,Calibration,1995,1995-06-17,0.005698530130563821,exper2_05
19.5,20.09609,Calibration,1995,1995-06-18,0.015054272075946947,exper2_05
20.200000762939453,20.72669,Calibration,1995,1995-06-19,0.012869096324139958,exper2_05
21.0,21.138178,Calibration,1995,1995-06-20,0.003279161052592366,exper2_05
21.959999084472656,21.571383,Calibration,1995,1995-06-21,-0.008927273786014194,exper2_05
21.200000762939453,21.715015,Calibration,1995,1995-06-22,0.01200080285058179,exper2_05
20.200000762939453,21.713476,Calibration,1995,1995-06-23,0.036109517235089955,exper2_05
19.399999618530273,21.226292,Calibration,1995,1995-06-24,0.04495345207861998,exper2_05
18.700000762939453,20.94258,Calibration,1995,1995-06-25,0.05656994334475118,exper2_05
18.799999237060547,20.882984,Calibration,1995,1995-06-26,0.05249063316137725,exper2_05
18.799999237060547,21.467527,Calibration,1995,1995-06-27,0.06624514530536292,exper2_05
19.399999618530273,21.216568,Calibration,1995,1995-06-28,0.04472481259373483,exper2_05
20.5,21.288534,Calibration,1995,1995-06-29,0.018869629677030594,exper2_05
21.299999237060547,21.744774,Calibration,1995,1995-06-30,0.010332837081835591,exper2_05
22.020000457763672,22.20717,Calibration,1995,1995-07-01,0.004232014499019419,exper2_05
23.0,22.62914,Calibration,1995,1995-07-02,-0.008127681985198145,exper2_05
23.200000762939453,23.007452,Calibration,1995,1995-07-03,-0.004167049691585652,exper2_05
22.399999618530273,23.046072,Calibration,1995,1995-07-04,0.014216242781771641,exper2_05
22.399999618530273,23.137318,Calibration,1995,1995-07-05,0.01619151243520905,exper2_05
21.899999618530273,22.78731,Calibration,1995,1995-07-06,0.01985597348928807,exper2_05
21.899999618530273,22.672733,Calibration,1995,1995-07-07,0.017336466436723364,exper2_05
22.399999618530273,22.776,Calibration,1995,1995-07-08,0.008322991446907386,exper2_05
23.299999237060547,22.757463,Calibration,1995,1995-07-09,-0.011779541254484183,exper2_05
23.899999618530273,23.717356,Calibration,1995,1995-07-10,-0.003835658008537321,exper2_05
24.600000381469727,23.87091,Calibration,1995,1995-07-11,-0.015041799741444411,exper2_05
24.600000381469727,24.0978,Calibration,1995,1995-07-12,-0.010312603107230893,exper2_05
24.700000762939453,24.282999,Calibration,1995,1995-07-13,-0.008513192861439218,exper2_05
24.799999237060547,24.33857,Calibration,1995,1995-07-14,-0.009390375146888365,exper2_05
24.200000762939453,24.067167,Calibration,1995,1995-07-15,-0.0027520462918188596,exper2_05
24.200000762939453,24.109484,Calibration,1995,1995-07-16,-0.00187369095402917,exper2_05
24.0,24.006723,Calibration,1995,1995-07-17,0.00014005129810866384,exper2_05
23.899999618530273,24.30902,Calibration,1995,1995-07-18,0.008484293627680026,exper2_05
24.200000762939453,24.859444,Calibration,1995,1995-07-19,0.01344171156658701,exper2_05
24.700000762939453,25.141172,Calibration,1995,1995-07-20,0.008851550195171438,exper2_05
25.399999618530273,25.471172,Calibration,1995,1995-07-21,0.0013990775424152207,exper2_05
26.0,25.669687,Calibration,1995,1995-07-22,-0.006392775848412596,exper2_05
26.0,25.191645,Calibration,1995,1995-07-23,-0.015790766963130188,exper2_05
26.0,24.797922,Calibration,1995,1995-07-24,-0.02366391803231969,exper2_05
26.0,25.166916,Calibration,1995,1995-07-25,-0.01628169476109177,exper2_05
26.0,24.727255,Calibration,1995,1995-07-26,-0.02508996664158867,exper2_05
26.520000457763672,25.437777,Calibration,1995,1995-07-27,-0.020828910592658324,exper2_05
26.200000762939453,24.999739,Calibration,1995,1995-07-28,-0.023442737843021352,exper2_05
25.5,24.58301,Calibration,1995,1995-07-29,-0.018309408425747034,exper2_05
25.399999618530273,24.130972,Calibration,1995,1995-07-30,-0.025620892763361634,exper2_05
25.399999618530273,24.261633,Calibration,1995,1995-07-31,-0.022922458264965875,exper2_05
25.55999946594244,24.349543,Calibration,1995,1995-08-01,-0.024253014505996342,exper2_05
25.399999618530273,24.641897,Calibration,1995,1995-08-02,-0.01514935414454883,exper2_05
25.399999618530273,24.662178,Calibration,1995,1995-08-03,-0.014738103963809349,exper2_05
25.200000762939453,24.609764,Calibration,1995,1995-08-04,-0.01184981831279302,exper2_05
25.299999237060547,24.760162,Calibration,1995,1995-08-05,-0.010783762305045099,exper2_05
25.299999237060547,25.0189,Calibration,1995,1995-08-06,-0.0055863567005709856,exper2_05
25.200000762939453,25.17372,Calibration,1995,1995-08-07,-0.0005217275341848156,exper2_05
25.200000762939453,24.958904,Calibration,1995,1995-08-08,-0.004806653902058095,exper2_05
24.700000762939453,24.152166,Calibration,1995,1995-08-09,-0.011214126794209335,exper2_05
24.600000381469727,24.14369,Calibration,1995,1995-08-10,-0.009361422322005881,exper2_05
24.700000762939453,23.472746,Calibration,1995,1995-08-11,-0.02547612400551417,exper2_05
24.799999237060547,23.569992,Calibration,1995,1995-08-12,-0.025429137746558472,exper2_05
24.799999237060547,23.785719,Calibration,1995,1995-08-13,-0.02087610017371789,exper2_05
24.799999237060547,24.110487,Calibration,1995,1995-08-14,-0.01409743198396486,exper2_05
24.399999618530273,24.236212,Calibration,1995,1995-08-15,-0.0033676110268084144,exper2_05
24.0,23.874125,Calibration,1995,1995-08-16,-0.0026293007812921753,exper2_05
23.5,23.525888,Calibration,1995,1995-08-17,0.000550514702652501,exper2_05
23.200000762939453,23.261492,Calibration,1995,1995-08-18,0.001323483366840861,exper2_05
22.799999237060547,23.12926,Calibration,1995,1995-08-19,0.00716884801300523,exper2_05
22.5,22.636713,Calibration,1995,1995-08-20,0.0030288653910051527,exper2_05
22.600000381469727,22.94655,Calibration,1995,1995-08-21,0.007608698838460253,exper2_05
22.600000381469727,23.095867,Calibration,1995,1995-08-22,0.010851457740580883,exper2_05
22.799999237060547,23.10774,Calibration,1995,1995-08-23,0.0067034702117593605,exper2_05
23.0,23.322063,Calibration,1995,1995-08-24,0.006952700766883051,exper2_05
23.0,23.036627,Calibration,1995,1995-08-25,0.0007956016400257022,exper2_05
22.700000762939453,22.722538,Calibration,1995,1995-08-26,0.000496168467502897,exper2_05
22.700000762939453,22.64152,Calibration,1995,1995-08-27,-0.001289793902620371,exper2_05
22.100000381469727,22.177628,Calibration,1995,1995-08-28,0.0017531919754905493,exper2_05
21.399999618530273,21.914284,Calibration,1995,1995-08-29,0.01187331507961171,exper2_05
21.0,21.9776,Calibration,1995,1995-08-30,0.022746735402509426,exper2_05
20.55999946594244,21.707462,Calibration,1995,1995-08-31,0.0271476638675334,exper2_05
20.200000762939453,21.212383,Calibration,1995,1995-09-01,0.02444637107857695,exper2_05
20.0,21.02631,Calibration,1995,1995-09-02,0.025015897551242464,exper2_05
19.899999618530273,21.108767,Calibration,1995,1995-09-03,0.029475818221834343,exper2_05
19.959999084472656,20.853144,Calibration,1995,1995-09-04,0.02188374986055836,exper2_05
19.399999618530273,20.77712,Calibration,1995,1995-09-05,0.03427624888306716,exper2_05
19.600000381469727,20.738768,Calibration,1995,1995-09-06,0.028230094738639865,exper2_05
19.399999618530273,20.678679,Calibration,1995,1995-09-07,0.03190421824442946,exper2_05
19.5,20.676323,Calibration,1995,1995-09-08,0.02927900940202898,exper2_05
19.399999618530273,20.51996,Calibration,1995,1995-09-09,0.028055157978506568,exper2_05
19.600000381469727,20.531748,Calibration,1995,1995-09-10,0.023217215255424823,exper2_05
19.5,20.242302,Calibration,1995,1995-09-11,0.01867787985762616,exper2_05
19.600000381469727,20.568266,Calibration,1995,1995-09-12,0.02410523586710947,exper2_05
19.399999618530273,20.2744,Calibration,1995,1995-09-13,0.02203942807617318,exper2_05
19.100000381469727,20.057804,Calibration,1995,1995-09-14,0.024460097768301332,exper2_05
18.799999237060547,20.091885,Calibration,1995,1995-09-15,0.033217351490504324,exper2_05
18.799999237060547,20.17283,Calibration,1995,1995-09-16,0.03522534419465935,exper2_05
19.0,19.786322,Calibration,1995,1995-09-17,0.020273168652410304,exper2_05
19.0,19.96896,Calibration,1995,1995-09-18,0.024864913333970926,exper2_05
18.700000762939453,19.766249,Calibration,1995,1995-09-19,0.027719051242765982,exper2_05
18.600000381469727,19.826817,Calibration,1995,1995-09-20,0.031926042151081774,exper2_05
18.600000381469727,19.433275,Calibration,1995,1995-09-21,0.02190910007276688,exper2_05
18.5,19.13014,Calibration,1995,1995-09-22,0.016745627294112924,exper2_05
18.200000762939453,18.775255,Calibration,1995,1995-09-23,0.015557821718223702,exper2_05
18.200000762939453,18.557556,Calibration,1995,1995-09-24,0.009727398102881835,exper2_05
18.399999618530273,18.55739,Calibration,1995,1995-09-25,0.0042587042862017735,exper2_05
18.399999618530273,18.697985,Calibration,1995,1995-09-26,0.00803237918217907,exper2_05
18.399999618530273,18.812464,Calibration,1995,1995-09-27,0.011084032186901847,exper2_05
17.899999618530273,18.808073,Calibration,1995,1995-09-28,0.024737703710177524,exper2_05
17.600000381469727,18.692392,Calibration,1995,1995-09-29,0.030099750542184205,exper2_05
16.940000534057617,18.20097,Calibration,1995,1995-09-30,0.03588316297844077,exper2_05
16.600000381469727,17.444052,Calibration,1995,1995-10-01,0.024792917071360412,exper2_05
16.700000762939453,17.77742,Calibration,1995,1995-10-02,0.031249996542395377,exper2_05
16.799999237060547,17.463655,Calibration,1995,1995-10-03,0.019369102344168675,exper2_05
16.799999237060547,17.717932,Calibration,1995,1995-10-04,0.026592918063027726,exper2_05
16.799999237060547,17.793703,Calibration,1995,1995-10-05,0.02872499257459711,exper2_05
17.0,17.817596,Calibration,1995,1995-10-06,0.023482276757971536,exper2_05
17.0,17.650694,Calibration,1995,1995-10-07,0.018778668485941747,exper2_05
17.0,17.503168,Calibration,1995,1995-10-08,0.014583243617865008,exper2_05
17.200000762939453,17.447872,Calibration,1995,1995-10-09,0.00715401489331624,exper2_05
17.399999618530273,17.323223,Calibration,1995,1995-10-10,-0.002211099617912011,exper2_05
17.440000534057617,17.255674,Calibration,1995,1995-10-11,-0.005312655609848775,exper2_05
17.200000762939453,17.255154,Calibration,1995,1995-10-12,0.001600715306505206,exper2_05
17.0,17.154255,Calibration,1995,1995-10-13,0.0045164186342672615,exper2_05
16.799999237060547,17.011763,Calibration,1995,1995-10-14,0.0062630093888447974,exper2_05
16.799999237060547,16.86587,Calibration,1995,1995-10-15,0.0019565894914346025,exper2_05
16.5,16.579792,Calibration,1995,1995-10-16,0.0024121077499613974,exper2_05
16.399999618530273,16.027555,Calibration,1995,1995-10-17,-0.011485421946385757,exper2_05
16.200000762939453,16.131826,Calibration,1995,1995-10-18,-0.0021085836515656806,exper2_05
16.200000762939453,15.932299,Calibration,1995,1995-10-19,-0.008331246361650042,exper2_05
16.100000381469727,15.909539,Calibration,1995,1995-10-20,-0.005950137399899626,exper2_05
15.800000190734863,15.304592,Calibration,1995,1995-10-21,-0.015927167699778838,exper2_05
16.0,13.757541,Calibration,1995,1995-10-22,-0.07535768226195118,exper2_05
15.399999618530273,14.187303,Calibration,1995,1995-10-23,-0.04098707684095829,exper2_05
14.800000190734863,13.760913,Calibration,1995,1995-10-24,-0.036381445243213906,exper2_05
14.399999618530273,14.006169,Calibration,1995,1995-10-25,-0.013864252523507078,exper2_05
14.199999809265137,14.677667,Calibration,1995,1995-10-26,0.016541047570397618,exper2_05
14.0,14.81302,Calibration,1995,1995-10-27,0.028217096280990464,exper2_05
13.800000190734863,14.727087,Calibration,1995,1995-10-28,0.03249847498492202,exper2_05
13.619999885559082,14.658683,Calibration,1995,1995-10-29,0.036730244768474994,exper2_05
13.699999809265137,13.652179,Calibration,1995,1995-10-30,-0.0017483450100028459,exper2_05
13.600000381469727,13.794465,Calibration,1995,1995-10-31,0.0070986850943557216,exper2_05
13.920000076293945,14.077379,Calibration,1995,1995-11-01,0.005621210067110893,exper2_05
13.5,12.728568,Calibration,1995,1995-11-02,-0.029411896244023347,exper2_05
13.199999809265137,12.438109,Calibration,1995,1995-11-03,-0.02971710609471845,exper2_05
12.5,12.364026,Calibration,1995,1995-11-04,-0.005468701246453019,exper2_05
12.0,12.177142,Calibration,1995,1995-11-05,0.007326843768380271,exper2_05
11.399999618530273,11.675109,Calibration,1995,1995-11-06,0.01192234007225573,exper2_05
11.199999809265137,11.550347,Calibration,1995,1995-11-07,0.015399655961476003,exper2_05
10.800000190734863,11.331008,Calibration,1995,1995-11-08,0.02399383539908827,exper2_05
10.800000190734863,11.126375,Calibration,1995,1995-11-09,0.014885041500824371,exper2_05
10.699999809265137,10.918177,Calibration,1995,1995-11-10,0.010092287022304847,exper2_05
10.5,11.526869,Calibration,1995,1995-11-11,0.04661891931045477,exper2_05
10.5,11.733196,Calibration,1995,1995-11-12,0.05546644055152284,exper2_05
10.300000190734863,11.943975,Calibration,1995,1995-11-13,0.07390653921441143,exper2_05
10.100000381469727,11.162472,Calibration,1995,1995-11-14,0.0499693253982742,exper2_05
10.100000381469727,10.878148,Calibration,1995,1995-11-15,0.03709324962200842,exper2_05
10.0,11.397565,Calibration,1995,1995-11-16,0.065314202588736,exper2_05
10.0,11.248694,Calibration,1995,1995-11-17,0.05876570085612901,exper2_05
9.600000381469727,9.476331,Calibration,1995,1995-11-18,-0.006482883077988918,exper2_05
9.199999809265137,8.538732,Calibration,1995,1995-11-19,-0.037278214542390685,exper2_05
8.800000190734863,8.531085,Calibration,1995,1995-11-20,-0.015516349565508316,exper2_05
8.399999618530273,8.311101,Calibration,1995,1995-11-21,-0.005319736921925811,exper2_05
8.199999809265137,8.264729,Calibration,1995,1995-11-22,0.003931357716945372,exper2_05
7.800000190734863,7.489449,Calibration,1995,1995-11-23,-0.020311468527660623,exper2_05
7.599999904632568,7.7894588,Calibration,1995,1995-11-24,0.012310949415248183,exper2_05
7.300000190734863,7.9923873,Calibration,1995,1995-11-25,0.04527658645131419,exper2_05
7.199999809265137,8.122267,Calibration,1995,1995-11-26,0.060191287980047505,exper2_05
7.199999809265137,8.273804,Calibration,1995,1995-11-27,0.06939495517507394,exper2_05
7.0,8.322192,Calibration,1995,1995-11-28,0.08629262546134085,exper2_05
7.0,8.3103895,Calibration,1995,1995-11-29,0.08558825476870187,exper2_05
7.0,8.318497,Calibration,1995,1995-11-30,0.08607219948342137,exper2_05
7.199999809265137,6.229132,Calibration,1995,1995-12-01,-0.07229563570638298,exper2_05
7.460000038146916,8.243395,Calibration,1995,1995-12-02,0.04988697151371586,exper2_05
7.199999809265137,7.6636996,Calibration,1995,1995-12-03,0.03119679724742879,exper2_05
7.099999904632568,6.6175632,Calibration,1995,1995-12-04,-0.03516926815609736,exper2_05
7.0,5.8432755,Calibration,1995,1995-12-05,-0.09006459829791016,exper2_05
6.800000190734863,5.3551383,Calibration,1995,1995-12-06,-0.11886840201508185,exper2_05
6.699999809265137,5.055074,Calibration,1995,1995-12-07,-0.13993323997308635,exper2_05
6.599999904632568,4.9240365,Calibration,1995,1995-12-08,-0.14543197735022378,exper2_05
6.5,5.3948255,Calibration,1995,1995-12-09,-0.09291221172826562,exper2_05
6.400000095367432,5.3017497,Calibration,1995,1995-12-10,-0.09385351829566557,exper2_05
6.0,5.556734,Calibration,1995,1995-12-11,-0.03835563850942482,exper2_05
5.699999809265137,5.1219645,Calibration,1995,1995-12-12,-0.05341316423873414,exper2_05
5.699999809265137,4.864252,Calibration,1995,1995-12-13,-0.0791109230208006,exper2_05
5.599999904632568,4.7242846,Calibration,1995,1995-12-14,-0.08482091434007122,exper2_05
5.400000095367432,4.658931,Calibration,1995,1995-12-15,-0.07367277160528268,exper2_05
5.300000190734863,4.6009645,Calibration,1995,1995-12-16,-0.07060278095156634,exper2_05
5.199999809265137,4.5500865,Calibration,1995,1995-12-17,-0.06665718543465621,exper2_05
5.300000190734863,4.515042,Calibration,1995,1995-12-18,-0.07997503842251381,exper2_05
5.300000190734863,4.661313,Calibration,1995,1995-12-19,-0.06411676030143625,exper2_05
5.300000190734863,4.6001143,Calibration,1995,1995-12-20,-0.070694722027623,exper2_05
5.199999809265137,4.5040183,Calibration,1995,1995-12-21,-0.07172096076218326,exper2_05
5.099999904632568,4.4649253,Calibration,1995,1995-12-22,-0.0663961926112146,exper2_05
5.099999904632568,4.438379,Calibration,1995,1995-12-23,-0.06936410405615437,exper2_05
5.199999809265137,4.4257245,Calibration,1995,1995-12-24,-0.08043813405591142,exper2_05
5.199999809265137,4.4088883,Calibration,1995,1995-12-25,-0.08233121844899428,exper2_05
5.099999904632568,4.3893447,Calibration,1995,1995-12-26,-0.0748898098439052,exper2_05
5.099999904632568,4.3752112,Calibration,1995,1995-12-27,-0.07649314139761153,exper2_05
4.800000190734863,4.3666263,Calibration,1995,1995-12-28,-0.047277363190614305,exper2_05
4.599999904632568,4.3574486,Calibration,1995,1995-12-29,-0.02707817156026221,exper2_05
4.5,4.3522954,Calibration,1995,1995-12-30,-0.016685457797683753,exper2_05
4.5,4.3453,Calibration,1995,1995-12-31,-0.017489491474877626,exper2_05
4.300000190734863,3.36674,Calibration,1996,1996-01-01,-0.12172842441649452,exper2_05
4.400000095367432,3.4424806,Calibration,1996,1996-01-02,-0.12209396144215612,exper2_05
4.5,3.4720342,Calibration,1996,1996-01-03,-0.12894648420087426,exper2_05
4.5,3.4477973,Calibration,1996,1996-01-04,-0.13238922207745155,exper2_05
4.300000190734863,3.4059024,Calibration,1996,1996-01-05,-0.11602765492468681,exper2_05
4.300000190734863,3.428699,Calibration,1996,1996-01-06,-0.11273581113626222,exper2_05
4.300000190734863,3.5190043,Calibration,1996,1996-01-07,-0.09988430652921357,exper2_05
4.400000095367432,3.5809793,Calibration,1996,1996-01-08,-0.10262158348223704,exper2_05
4.400000095367432,3.5785315,Calibration,1996,1996-01-09,-0.10295987193789027,exper2_05
4.300000190734863,3.6199474,Calibration,1996,1996-01-10,-0.08586581496886028,exper2_05
4.300000190734863,3.6587324,Calibration,1996,1996-01-11,-0.08057410750148346,exper2_05
4.400000095367432,3.681609,Calibration,1996,1996-01-12,-0.08889209798291722,exper2_05
4.199999809265137,3.7083478,Calibration,1996,1996-01-13,-0.062168740718650285,exper2_05
4.199999809265137,3.5924606,Calibration,1996,1996-01-14,-0.07796499982193093,exper2_05
4.199999809265137,3.547076,Calibration,1996,1996-01-15,-0.08428003540759776,exper2_05
4.199999809265137,3.4212093,Calibration,1996,1996-01-16,-0.10218725915566663,exper2_05
4.0,3.1258383,Calibration,1996,1996-01-17,-0.12267493113943112,exper2_05
3.9000000953674316,3.2361908,Calibration,1996,1996-01-18,-0.09302011529448351,exper2_05
3.799999952316284,3.3257327,Calibration,1996,1996-01-19,-0.06655697974493609,exper2_05
3.799999952316284,3.3800135,Calibration,1996,1996-01-20,-0.05849383029988319,exper2_05
3.799999952316284,3.4051156,Calibration,1996,1996-01-21,-0.05480610891070598,exper2_05
3.799999952316284,3.446916,Calibration,1996,1996-01-22,-0.04872194547866185,exper2_05
3.799999952316284,3.5245612,Calibration,1996,1996-01-23,-0.03760481769146468,exper2_05
3.5999999046325684,3.5956912,Calibration,1996,1996-01-24,-0.0005987889830779159,exper2_05
3.5999999046325684,3.5852933,Calibration,1996,1996-01-25,-0.0020467656960954437,exper2_05
3.4000000953674316,3.6493013,Calibration,1996,1996-01-26,0.03536537615543429,exper2_05
3.299999952316284,3.6073487,Calibration,1996,1996-01-27,0.044495904943889726,exper2_05
3.4000000953674316,3.6152697,Calibration,1996,1996-01-28,0.03068585714589643,exper2_05
3.4000000953674316,3.5998745,Calibration,1996,1996-01-29,0.02855399742816677,exper2_05
3.4000000953674316,3.4907022,Calibration,1996,1996-01-30,0.013162962732296024,exper2_05
3.3399999141693115,3.2261972,Calibration,1996,1996-01-31,-0.0173315952465425,exper2_05
3.0999999046325684,2.9636416,Calibration,1996,1996-02-01,-0.022487849920787194,exper2_05
2.5999999046325684,3.0300045,Calibration,1996,1996-02-02,0.07637731086921079,exper2_05
2.799999952316284,3.2189353,Calibration,1996,1996-02-03,0.06960289233092776,exper2_05
2.9000000953674316,3.2627926,Calibration,1996,1996-02-04,0.05886819670801845,exper2_05
3.0,3.0791655,Calibration,1996,1996-02-05,0.01302242210995837,exper2_05
3.200000047683716,2.7090912,Calibration,1996,1996-02-06,-0.08307687962549212,exper2_05
3.0999999046325684,2.4667106,Calibration,1996,1996-02-07,-0.11376365635170364,exper2_05
3.0,2.2168634,Calibration,1996,1996-02-08,-0.1501163720617294,exper2_05
2.4000000953674316,2.068111,Calibration,1996,1996-02-09,-0.0742795220818782,exper2_05
2.059999942779541,2.3145916,Calibration,1996,1996-02-10,0.05819782218221382,exper2_05
2.4000000953674316,2.4077995,Calibration,1996,1996-02-11,0.0016222362958523008,exper2_05
2.299999952316284,2.5120063,Calibration,1996,1996-02-12,0.04405778382884977,exper2_05
2.299999952316284,2.6932878,Calibration,1996,1996-02-13,0.07876331441835499,exper2_05
2.700000047683716,2.7671044,Calibration,1996,1996-02-14,0.012274201160383342,exper2_05
3.0,2.4732938,Calibration,1996,1996-02-15,-0.096232038653013,exper2_05
2.9000000953674316,2.5517788,Calibration,1996,1996-02-16,-0.06387296864773485,exper2_05
3.0,2.6957588,Calibration,1996,1996-02-17,-0.05341539030305222,exper2_05
3.200000047683716,2.6712613,Calibration,1996,1996-02-18,-0.09005539097018155,exper2_05
3.0,3.198244,Calibration,1996,1996-02-19,0.03198391218787167,exper2_05
2.9000000953674316,3.3090954,Calibration,1996,1996-02-20,0.06588645460014067,exper2_05
2.9000000953674316,3.3418245,Calibration,1996,1996-02-21,0.07078450014151964,exper2_05
3.0,3.3314176,Calibration,1996,1996-02-22,0.05234492235055952,exper2_05
3.0,2.6587849,Calibration,1996,1996-02-23,-0.06029830462314529,exper2_05
3.0,2.178563,Calibration,1996,1996-02-24,-0.15862254901689962,exper2_05
3.0,2.1536634,Calibration,1996,1996-02-25,-0.16422038809992454,exper2_05
3.0,2.508192,Calibration,1996,1996-02-26,-0.08928663562427651,exper2_05
3.2799999713897705,2.9312096,Calibration,1996,1996-02-27,-0.05615498964923634,exper2_05
2.5999999046325684,3.1721115,Calibration,1996,1996-02-28,0.09911652173338362,exper2_05
2.799999952316284,3.090325,Calibration,1996,1996-02-29,0.04928847922193537,exper2_05
2.799999952316284,3.585557,Calibration,1996,1996-03-01,0.12302091101407846,exper2_05
2.799999952316284,3.205898,Calibration,1996,1996-03-02,0.06758324804345374,exper2_05
2.9000000953674316,3.1114292,Calibration,1996,1996-03-03,0.03517118944804825,exper2_05
3.0,3.0651927,Calibration,1996,1996-03-04,0.01074866086917144,exper2_05
3.0,2.4736948,Calibration,1996,1996-03-05,-0.09615172525539739,exper2_05
3.200000047683716,2.9489257,Calibration,1996,1996-03-06,-0.04083222387933773,exper2_05
3.200000047683716,3.505596,Calibration,1996,1996-03-07,0.045573260922155946,exper2_05
3.0,3.6779594,Calibration,1996,1996-03-08,0.1015219466384704,exper2_05
3.299999952316284,3.818174,Calibration,1996,1996-03-09,0.07279590873259571,exper2_05
3.4000000953674316,3.4735475,Calibration,1996,1996-03-10,0.010700058841998896,exper2_05
3.4000000953674316,3.8694026,Calibration,1996,1996-03-11,0.06457236836171497,exper2_05
3.200000047683716,3.875239,Calibration,1996,1996-03-12,0.09543689664234745,exper2_05
3.4000000953674316,4.071478,Calibration,1996,1996-03-13,0.0898721505920195,exper2_05
3.4000000953674316,4.2334275,Calibration,1996,1996-03-14,0.10918128404372239,exper2_05
3.299999952316284,4.351579,Calibration,1996,1996-03-15,0.13743296874036492,exper2_05
3.0,4.272288,Calibration,1996,1996-03-16,0.17495014947453275,exper2_05
3.5,4.4051976,Calibration,1996,1996-03-17,0.11450664029661244,exper2_05
3.5,4.391139,Calibration,1996,1996-03-18,0.11292907487969908,exper2_05
3.5999999046325684,4.5850987,Calibration,1996,1996-03-19,0.12035271426304409,exper2_05
3.799999952316284,4.279319,Calibration,1996,1996-03-20,0.059326642669151074,exper2_05
4.199999809265137,4.3748965,Calibration,1996,1996-03-21,0.020396365183493328,exper2_05
4.199999809265137,4.6140494,Calibration,1996,1996-03-22,0.04697609622297201,exper2_05
4.0,4.6679883,Calibration,1996,1996-03-23,0.07706382117504211,exper2_05
4.5,4.7433996,Calibration,1996,1996-03-24,0.026332261944839914,exper2_05
5.0,4.9318256,Calibration,1996,1996-03-25,-0.006864232686791225,exper2_05
5.5,5.3950486,Calibration,1996,1996-03-26,-0.009632942941338174,exper2_05
5.400000095367432,5.2486606,Calibration,1996,1996-03-27,-0.014212071900862714,exper2_05
4.699999809265137,4.8106894,Calibration,1996,1996-03-28,0.011638445651597882,exper2_05
5.28000020980835,5.214935,Calibration,1996,1996-03-29,-0.006199693822760144,exper2_05
5.599999904632568,5.335859,Calibration,1996,1996-03-30,-0.024153666334730928,exper2_05
5.400000095367432,5.535866,Calibration,1996,1996-03-31,0.012423861980983573,exper2_05
5.32000017166132,5.547151,Calibration,1996,1996-04-01,0.020902526486543248,exper2_05
5.400000095367432,6.133136,Calibration,1996,1996-04-02,0.06356776744479692,exper2_05
5.300000190734863,5.992706,Calibration,1996,1996-04-03,0.06134097801496724,exper2_05
5.199999809265137,6.191504,Calibration,1996,1996-04-04,0.08703892030524432,exper2_05
5.199999809265137,5.984788,Calibration,1996,1996-04-05,0.07016567048371006,exper2_05
5.599999904632568,5.9040856,Calibration,1996,1996-04-06,0.026432846872412524,exper2_05
6.599999904632568,6.2525535,Calibration,1996,1996-04-07,-0.02703326192956099,exper2_05
8.0,7.151812,Calibration,1996,1996-04-08,-0.05597930591701766,exper2_05
7.599999904632568,7.47584,Calibration,1996,1996-04-09,-0.008235681259379648,exper2_05
7.599999904632568,7.8008356,Calibration,1996,1996-04-10,0.013040572027407485,exper2_05
7.800000190734863,7.4956393,Calibration,1996,1996-04-11,-0.019898538158517862,exper2_05
8.199999809265137,7.7226353,Calibration,1996,1996-04-12,-0.029980247474663685,exper2_05
7.800000190734863,7.560569,Calibration,1996,1996-04-13,-0.01558740312431007,exper2_05
7.599999904632568,7.5305123,Calibration,1996,1996-04-14,-0.00459254588511973,exper2_05
7.199999809265137,7.564073,Calibration,1996,1996-04-15,0.024659406595170512,exper2_05
7.300000190734863,7.7831264,Calibration,1996,1996-04-16,0.032030903012236905,exper2_05
7.800000190734863,7.8802743,Calibration,1996,1996-04-17,0.005119432388822026,exper2_05
8.399999618530273,8.582535,Calibration,1996,1996-04-18,0.010748405810188282,exper2_05
9.199999809265137,8.843341,Calibration,1996,1996-04-19,-0.01976679051918798,exper2_05
10.800000190734863,9.470759,Calibration,1996,1996-04-20,-0.06557429649042183,exper2_05
12.0,9.287452,Calibration,1996,1996-04-21,-0.12742475184587637,exper2_05
12.399999618530273,9.492997,Calibration,1996,1996-04-22,-0.1327822991608771,exper2_05
11.199999809265137,9.982957,Calibration,1996,1996-04-23,-0.05745387390745698,exper2_05
9.199999809265137,10.129021,Calibration,1996,1996-04-24,0.048063526118358214,exper2_05
10.399999618530273,10.131169,Calibration,1996,1996-04-25,-0.013093764909022188,exper2_05
11.0,10.292763,Calibration,1996,1996-04-26,-0.0332149121156909,exper2_05
11.199999809265137,10.767881,Calibration,1996,1996-04-27,-0.019670463976264287,exper2_05
12.399999618530273,11.100106,Calibration,1996,1996-04-28,-0.05531436271284951,exper2_05
13.800000190734863,11.350533,Calibration,1996,1996-04-29,-0.09739227737342801,exper2_05
12.800000190734863,11.450789,Calibration,1996,1996-04-30,-0.05563574461016558,exper2_05
13.199999809265137,11.5886755,Calibration,1996,1996-05-01,-0.06500243721244452,exper2_05
13.199999809265137,11.907207,Calibration,1996,1996-05-02,-0.05149092480389006,exper2_05
12.899999618530273,11.547437,Calibration,1996,1996-05-03,-0.0553253472450453,exper2_05
12.760000228881836,11.811888,Calibration,1996,1996-05-04,-0.03858525193308942,exper2_05
12.800000190734863,12.3248,Calibration,1996,1996-05-05,-0.01891360958945863,exper2_05
13.399999618530273,12.872636,Calibration,1996,1996-05-06,-0.02007273986523215,exper2_05
14.600000381469727,13.44917,Calibration,1996,1996-05-07,-0.04102903039869831,exper2_05
15.600000381469727,14.036929,Calibration,1996,1996-05-08,-0.05274066094739597,exper2_05
15.800000190734863,14.015936,Calibration,1996,1996-05-09,-0.059835930946743526,exper2_05
15.800000190734863,14.274621,Calibration,1996,1996-05-10,-0.05071981358420976,exper2_05
16.0,14.617476,Calibration,1996,1996-05-11,-0.04515471868945503,exper2_05
15.899999618530273,14.135225,Calibration,1996,1996-05-12,-0.05875682061747465,exper2_05
15.600000381469727,13.921195,Calibration,1996,1996-05-13,-0.056867797114780363,exper2_05
15.300000190734863,14.170129,Calibration,1996,1996-05-14,-0.03833954605042381,exper2_05
15.600000381469727,14.563103,Calibration,1996,1996-05-15,-0.034376358948847906,exper2_05
16.600000381469727,14.925647,Calibration,1996,1996-05-16,-0.05311083990982011,exper2_05
17.399999618530273,15.307163,Calibration,1996,1996-05-17,-0.06398709631744813,exper2_05
17.5,15.899342,Calibration,1996,1996-05-18,-0.047924849439268426,exper2_05
18.100000381469727,16.183937,Calibration,1996,1996-05-19,-0.05588807619527872,exper2_05
17.700000762939453,16.820175,Calibration,1996,1996-05-20,-0.025487285862253663,exper2_05
17.600000381469727,16.92314,Calibration,1996,1996-05-21,-0.019606003690151884,exper2_05
17.5,17.350134,Calibration,1996,1996-05-22,-0.004300302104254455,exper2_05
17.799999237060547,18.1064,Calibration,1996,1996-05-23,0.008533306305866989,exper2_05
18.399999618530273,18.143757,Calibration,1996,1996-05-24,-0.007011943399427948,exper2_05
19.84000015258789,18.626123,Calibration,1996,1996-05-25,-0.03155703281847912,exper2_05
19.399999618530273,19.007593,Calibration,1996,1996-05-26,-0.01021689815182672,exper2_05
18.600000381469727,17.834017,Calibration,1996,1996-05-27,-0.021023857394843807,exper2_05
18.200000762939453,18.184416,Calibration,1996,1996-05-28,-0.00042834122801881097,exper2_05
17.600000381469727,17.283243,Calibration,1996,1996-05-29,-0.009080497391144974,exper2_05
17.799999237060547,17.24754,Calibration,1996,1996-05-30,-0.015763153031150362,exper2_05
18.799999237060547,18.402845,Calibration,1996,1996-05-31,-0.010675362554380273,exper2_05
19.799999237060547,18.897528,Calibration,1996,1996-06-01,-0.023321168403080954,exper2_05
21.0,19.616373,Calibration,1996,1996-06-02,-0.034065743284108045,exper2_05
21.399999618530273,19.920769,Calibration,1996,1996-06-03,-0.03579872639301831,exper2_05
21.799999237060547,20.037506,Calibration,1996,1996-06-04,-0.04212710865997942,exper2_05
21.799999237060547,20.49045,Calibration,1996,1996-06-05,-0.030965604722092244,exper2_05
22.100000381469727,20.750864,Calibration,1996,1996-06-06,-0.03148446060779142,exper2_05
23.0,21.167923,Calibration,1996,1996-06-07,-0.04147980939608352,exper2_05
23.5,21.351095,Calibration,1996,1996-06-08,-0.04791198054033081,exper2_05
24.200000762939453,22.3133,Calibration,1996,1996-06-09,-0.04056262587720638,exper2_05
24.799999237060547,22.634443,Calibration,1996,1996-06-10,-0.0456536609038876,exper2_05
25.200000762939453,23.02615,Calibration,1996,1996-06-11,-0.04507618771295746,exper2_05
25.639999389648438,23.266714,Calibration,1996,1996-06-12,-0.048526779340267306,exper2_05
24.799999237060547,23.463047,Calibration,1996,1996-06-13,-0.02770136394088209,exper2_05
23.600000381469727,23.187376,Calibration,1996,1996-06-14,-0.008819138640508829,exper2_05
23.200000762939453,23.187395,Calibration,1996,1996-06-15,-0.00027174767802525906,exper2_05
22.799999237060547,23.246021,Calibration,1996,1996-06-16,0.009686440408367775,exper2_05
22.799999237060547,22.948694,Calibration,1996,1996-06-17,0.003250256582197963,exper2_05
23.0,22.59141,Calibration,1996,1996-06-18,-0.008962002263395153,exper2_05
22.899999618530273,22.515425,Calibration,1996,1996-06-19,-0.008467935633475317,exper2_05
22.600000381469727,22.281305,Calibration,1996,1996-06-20,-0.007100842175317128,exper2_05
22.399999618530273,21.29716,Calibration,1996,1996-06-21,-0.025238263848949817,exper2_05
21.600000381469727,20.956182,Calibration,1996,1996-06-22,-0.01512865718500288,exper2_05
20.799999237060547,21.030993,Calibration,1996,1996-06-23,0.0055220605880485895,exper2_05
20.799999237060547,20.20637,Calibration,1996,1996-06-24,-0.014476527836197408,exper2_05
20.299999237060547,20.499771,Calibration,1996,1996-06-25,0.0048963971944987646,exper2_05
19.600000381469727,20.62736,Calibration,1996,1996-06-26,0.02553881275377865,exper2_05
19.600000381469727,20.47822,Calibration,1996,1996-06-27,0.021912639744000366,exper2_05
19.700000762939453,21.421942,Calibration,1996,1996-06-28,0.04187401880198839,exper2_05
20.399999618530273,21.457846,Calibration,1996,1996-06-29,0.025272348865369887,exper2_05
20.600000381469727,21.784775,Calibration,1996,1996-06-30,0.02795282962532022,exper2_05
20.200000762939453,21.12692,Calibration,1996,1996-07-01,0.022428961662759612,exper2_05
19.520000457763672,20.612795,Calibration,1996,1996-07-02,0.027229461821536977,exper2_05
19.799999237060547,20.656973,Calibration,1996,1996-07-03,0.021182347642897434,exper2_05
20.399999618530273,20.419123,Calibration,1996,1996-07-04,0.0004684833065557384,exper2_05
21.399999618530273,21.030142,Calibration,1996,1996-07-05,-0.008716864367061301,exper2_05
21.5,21.229103,Calibration,1996,1996-07-06,-0.006339868895932196,exper2_05
20.799999237060547,20.826832,Calibration,1996,1996-07-07,0.0006445982047289352,exper2_05
20.299999237060547,21.131338,Calibration,1996,1996-07-08,0.020065460964766843,exper2_05
20.0,20.72747,Calibration,1996,1996-07-09,0.017861909685062335,exper2_05
19.5,21.773958,Calibration,1996,1996-07-10,0.05509426052179444,exper2_05
19.600000381469727,20.825914,Calibration,1996,1996-07-11,0.030324953896758367,exper2_05
19.700000762939453,21.744753,Calibration,1996,1996-07-12,0.04933681445895292,exper2_05
20.399999618530273,21.613031,Calibration,1996,1996-07-13,0.02887275066228028,exper2_05
21.600000381469727,22.391108,Calibration,1996,1996-07-14,0.017983342879230455,exper2_05
22.5,23.354837,Calibration,1996,1996-07-15,0.018642251630236684,exper2_05
23.0,23.653776,Calibration,1996,1996-07-16,0.014013360171692454,exper2_05
22.799999237060547,23.602304,Calibration,1996,1996-07-17,0.017290202374851772,exper2_05
22.600000381469727,23.65526,Calibration,1996,1996-07-18,0.02281383120370979,exper2_05
22.600000381469727,23.383524,Calibration,1996,1996-07-19,0.017039223746205194,exper2_05
22.200000762939453,23.528278,Calibration,1996,1996-07-20,0.029047180730023558,exper2_05
22.0,23.56753,Calibration,1996,1996-07-21,0.034400146099859155,exper2_05
22.100000381469727,23.481337,Calibration,1996,1996-07-22,0.030304863872528908,exper2_05
22.299999237060547,23.2018,Calibration,1996,1996-07-23,0.019819000188924844,exper2_05
22.799999237060547,23.594149,Calibration,1996,1996-07-24,0.01711744767850708,exper2_05
23.0,23.81626,Calibration,1996,1996-07-25,0.017435382384085395,exper2_05
23.0,23.516388,Calibration,1996,1996-07-26,0.01110120459321279,exper2_05
23.200000762939453,24.136381,Calibration,1996,1996-07-27,0.019781410165414095,exper2_05
23.600000381469727,24.196085,Calibration,1996,1996-07-28,0.012471410373171,exper2_05
24.0,24.03609,Calibration,1996,1996-07-29,0.0007513278077134469,exper2_05
23.799999237060547,23.94957,Calibration,1996,1996-07-30,0.0031323940385370188,exper2_05
23.899999618530273,23.672695,Calibration,1996,1996-07-31,-0.0047780446257412205,exper2_05
23.600000381469727,23.584806,Calibration,1996,1996-08-01,-0.00032200914302234565,exper2_05
24.799999237060547,24.089617,Calibration,1996,1996-08-02,-0.014530334240407169,exper2_05
23.799999237060547,23.955755,Calibration,1996,1996-08-03,0.0032615126371682715,exper2_05
23.899999618530273,23.569588,Calibration,1996,1996-08-04,-0.006960496806961341,exper2_05
23.600000381469727,23.647587,Calibration,1996,1996-08-05,0.0010071718759858922,exper2_05
23.5,23.688643,Calibration,1996,1996-08-06,0.003997625102772025,exper2_05
23.399999618530273,23.405334,Calibration,1996,1996-08-07,0.00011397961855337166,exper2_05
23.399999618530273,22.992895,Calibration,1996,1996-08-08,-0.008775147453640835,exper2_05
23.399999618530273,23.08227,Calibration,1996,1996-08-09,-0.006835508567549344,exper2_05
23.399999618530273,23.206522,Calibration,1996,1996-08-10,-0.004151299516599796,exper2_05
23.299999237060547,23.14858,Calibration,1996,1996-08-11,-0.003259920682257908,exper2_05
23.0,22.51769,Calibration,1996,1996-08-12,-0.010596085487914854,exper2_05
22.600000381469727,22.968353,Calibration,1996,1996-08-13,0.008083524211122534,exper2_05
22.600000381469727,22.57863,Calibration,1996,1996-08-14,-0.0004730097767456336,exper2_05
22.200000762939453,22.786955,Calibration,1996,1996-08-15,0.013047206872210991,exper2_05
22.200000762939453,22.633148,Calibration,1996,1996-08-16,0.009661320708079927,exper2_05
22.5,22.70004,Calibration,1996,1996-08-17,0.004425677801254368,exper2_05
22.200000762939453,22.621794,Calibration,1996,1996-08-18,0.009410443928471929,exper2_05
21.899999618530273,22.656675,Calibration,1996,1996-08-19,0.016982320178523348,exper2_05
22.100000381469727,22.508223,Calibration,1996,1996-08-20,0.009151276858513989,exper2_05
22.399999618530273,22.403954,Calibration,1996,1996-08-21,8.824966182669989e-05,exper2_05
22.5,22.551327,Calibration,1996,1996-08-22,0.001139295008820963,exper2_05
22.700000762939453,22.47595,Calibration,1996,1996-08-23,-0.004959508695912288,exper2_05
23.0,22.408453,Calibration,1996,1996-08-24,-0.013027244343464328,exper2_05
22.700000762939453,21.968756,Calibration,1996,1996-08-25,-0.01637039171080015,exper2_05
22.399999618530273,22.166994,Calibration,1996,1996-08-26,-0.005228208238144924,exper2_05
22.600000381469727,22.188929,Calibration,1996,1996-08-27,-0.009177977385347891,exper2_05
22.100000381469727,21.638391,Calibration,1996,1996-08-28,-0.010553860508294393,exper2_05
21.799999237060547,21.74938,Calibration,1996,1996-08-29,-0.001162338617063625,exper2_05
21.899999618530273,21.93976,Calibration,1996,1996-08-30,0.0009069527241212182,exper2_05
21.55999946594244,21.536016,Calibration,1996,1996-08-31,-0.0005565015974538917,exper2_05
21.440000534057617,21.281767,Calibration,1996,1996-09-01,-0.0037038177985946386,exper2_05
21.0,20.900763,Calibration,1996,1996-09-02,-0.002368392266829849,exper2_05
20.600000381469727,20.583738,Calibration,1996,1996-09-03,-0.0003948659095393046,exper2_05
20.299999237060547,20.7217,Calibration,1996,1996-09-04,0.010279959929670015,exper2_05
20.100000381469727,20.007708,Calibration,1996,1996-09-05,-0.0023011234074203,exper2_05
19.600000381469727,19.96257,Calibration,1996,1996-09-06,0.009164465395418158,exper2_05
19.200000762939453,19.733936,Calibration,1996,1996-09-07,0.013713885289259632,exper2_05
19.0,19.632288,Calibration,1996,1996-09-08,0.01636682713350082,exper2_05
18.600000381469727,19.366684,Calibration,1996,1996-09-09,0.020193587925574453,exper2_05
18.5,19.229662,Calibration,1996,1996-09-10,0.01933921227969433,exper2_05
18.600000381469727,18.939468,Calibration,1996,1996-09-11,0.009042962340306195,exper2_05
18.600000381469727,19.185247,Calibration,1996,1996-09-12,0.015488770719470305,exper2_05
18.299999237060547,18.119154,Calibration,1996,1996-09-13,-0.004965663522156685,exper2_05
17.799999237060547,17.91078,Calibration,1996,1996-09-14,0.00310216462521791,exper2_05
17.799999237060547,18.273832,Calibration,1996,1996-09-15,0.0131350916617111,exper2_05
17.700000762939453,18.295145,Calibration,1996,1996-09-16,0.016534014758404634,exper2_05
17.5,18.162191,Calibration,1996,1996-09-17,0.01856844364192634,exper2_05
17.100000381469727,18.168715,Calibration,1996,1996-09-18,0.030302043744176884,exper2_05
16.799999237060547,17.918238,Calibration,1996,1996-09-19,0.03220896416974617,exper2_05
16.600000381469727,18.00703,Calibration,1996,1996-09-20,0.04065734824047838,exper2_05
16.600000381469727,17.99969,Calibration,1996,1996-09-21,0.040453794285201454,exper2_05
16.700000762939453,18.02655,Calibration,1996,1996-09-22,0.03819986407212197,exper2_05
16.5,17.983725,Calibration,1996,1996-09-23,0.04302680790953108,exper2_05
16.5,17.563858,Calibration,1996,1996-09-24,0.031231284231518507,exper2_05
16.299999237060547,17.084902,Calibration,1996,1996-09-25,0.023510705379436097,exper2_05
16.399999618530273,17.215319,Calibration,1996,1996-09-26,0.02425439063355717,exper2_05
16.399999618530273,17.426064,Calibration,1996,1996-09-27,0.030333530518507918,exper2_05
16.040000915527344,17.219772,Calibration,1996,1996-09-28,0.035471421116316945,exper2_05
16.200000762939453,16.903206,Calibration,1996,1996-09-29,0.021242809387210387,exper2_05
16.5,17.130709,Calibration,1996,1996-09-30,0.018753951936848184,exper2_05
16.479999542236328,17.286228,Calibration,1996,1996-10-01,0.02387677546716339,exper2_05
15.800000190734863,16.156532,Calibration,1996,1996-10-02,0.011156782955238724,exper2_05
15.100000381469727,16.350147,Calibration,1996,1996-10-03,0.039750111210942365,exper2_05
15.399999618530273,16.392271,Calibration,1996,1996-10-04,0.03121109007718001,exper2_05
14.800000190734863,15.535722,Calibration,1996,1996-10-05,0.0242526480454936,exper2_05
14.5,15.347042,Calibration,1996,1996-10-06,0.02837943141446761,exper2_05
14.5,16.535263,Calibration,1996,1996-10-07,0.0655790497889059,exper2_05
14.300000190734863,16.771698,Calibration,1996,1996-10-08,0.07954820468114628,exper2_05
14.399999618530273,16.90999,Calibration,1996,1996-10-09,0.08016580962863526,exper2_05
14.399999618530273,16.239323,Calibration,1996,1996-10-10,0.0600314532730646,exper2_05
14.5,16.191685,Calibration,1996,1996-10-11,0.055118666119952406,exper2_05
14.5,15.768987,Calibration,1996,1996-10-12,0.04192365983242307,exper2_05
14.300000190734863,15.553005,Calibration,1996,1996-10-13,0.04197249190137285,exper2_05
13.800000190734863,14.998128,Calibration,1996,1996-10-14,0.04160436196597638,exper2_05
13.800000190734863,16.216948,Calibration,1996,1996-10-15,0.0805194247342125,exper2_05
13.800000190734863,16.492548,Calibration,1996,1996-10-16,0.08888482349489622,exper2_05
13.699999809265137,15.491868,Calibration,1996,1996-10-17,0.06138244460320213,exper2_05
13.600000381469727,15.022006,Calibration,1996,1996-10-18,0.04968224913018304,exper2_05
13.699999809265137,15.325929,Calibration,1996,1996-10-19,0.05601642954969087,exper2_05
13.600000381469727,15.544721,Calibration,1996,1996-10-20,0.06672632982722279,exper2_05
13.199999809265137,13.832431,Calibration,1996,1996-10-21,0.023395270609948834,exper2_05
13.300000190734863,14.925508,Calibration,1996,1996-10-22,0.057590012903513545,exper2_05
13.300000190734863,15.182009,Calibration,1996,1996-10-23,0.06607710000059935,exper2_05
13.199999809265137,13.524478,Calibration,1996,1996-10-24,0.012141608611834871,exper2_05
13.100000381469727,12.962712,Calibration,1996,1996-10-25,-0.005267605690493907,exper2_05
12.699999809265137,12.615251,Calibration,1996,1996-10-26,-0.0033477536454749007,exper2_05
12.699999809265137,13.182256,Calibration,1996,1996-10-27,0.018632685805109538,exper2_05
12.399999618530273,12.518903,Calibration,1996,1996-10-28,0.00477160503300444,exper2_05
12.399999618530273,12.999003,Calibration,1996,1996-10-29,0.023583752131067028,exper2_05
12.399999618530273,12.76651,Calibration,1996,1996-10-30,0.014563417678837218,exper2_05
11.960000038146916,12.447326,Calibration,1996,1996-10-31,0.019966368844905515,exper2_05
11.600000381469727,11.95097,Calibration,1996,1996-11-01,0.014902541739046418,exper2_05
11.600000381469727,12.022875,Calibration,1996,1996-11-02,0.017901057634158217,exper2_05
11.880000114440918,12.394484,Calibration,1996,1996-11-03,0.02119441379722453,exper2_05
11.800000190734863,11.871812,Calibration,1996,1996-11-04,0.003033636624478571,exper2_05
11.399999618530273,11.590833,Calibration,1996,1996-11-05,0.008300399437771477,exper2_05
11.399999618530273,11.797193,Calibration,1996,1996-11-06,0.017122458258234382,exper2_05
11.300000190734863,11.214705,Calibration,1996,1996-11-07,-0.0037884005594623605,exper2_05
11.399999618530273,10.854779,Calibration,1996,1996-11-08,-0.02449902461138403,exper2_05
11.0,10.600316,Calibration,1996,1996-11-09,-0.018503615940132733,exper2_05
10.800000190734863,10.403884,Calibration,1996,1996-11-10,-0.018681306424014804,exper2_05
10.899999618530273,10.981837,Calibration,1996,1996-11-11,0.003739980995232508,exper2_05
11.0,11.013012,Calibration,1996,1996-11-12,0.0005911018634351942,exper2_05
11.0,11.179032,Calibration,1996,1996-11-13,0.008072143234888321,exper2_05
10.800000190734863,11.46648,Calibration,1996,1996-11-14,0.02993198974631637,exper2_05
10.800000190734863,11.132476,Calibration,1996,1996-11-15,0.015159057352620686,exper2_05
10.800000190734863,11.143598,Calibration,1996,1996-11-16,0.015658207707849748,exper2_05
10.800000190734863,11.561711,Calibration,1996,1996-11-17,0.03406318521436881,exper2_05
10.399999618530273,11.076764,Calibration,1996,1996-11-18,0.031511474302042104,exper2_05
10.100000381469727,10.573298,Calibration,1996,1996-11-19,0.02289417265116751,exper2_05
9.899999618530273,10.306514,Calibration,1996,1996-11-20,0.020117976794955084,exper2_05
9.699999809265137,10.050237,Calibration,1996,1996-11-21,0.017733301193686567,exper2_05
9.300000190734863,9.84139,Calibration,1996,1996-11-22,0.028283707174089522,exper2_05
9.100000381469727,9.660389,Calibration,1996,1996-11-23,0.02987083877982242,exper2_05
8.699999809265137,8.811256,Calibration,1996,1996-11-24,0.006353433359748562,exper2_05
8.5,7.350782,Calibration,1996,1996-11-25,-0.0725022960005504,exper2_05
8.199999809265137,9.071417,Calibration,1996,1996-11-26,0.050454288871588815,exper2_05
8.0,9.360728,Calibration,1996,1996-11-27,0.07837967642682453,exper2_05
7.800000190734863,7.8009105,Calibration,1996,1996-11-28,5.83480127947503e-05,exper2_05
7.599999904632568,7.3771625,Calibration,1996,1996-11-29,-0.014878482502013889,exper2_05
7.360000133514404,6.2813973,Calibration,1996,1996-11-30,-0.07906835005098559,exper2_05
7.239999771118164,6.217743,Calibration,1996,1996-12-01,-0.07596049907217294,exper2_05
6.800000190734863,5.5360465,Calibration,1996,1996-12-02,-0.10246018979484986,exper2_05
6.699999809265137,5.797544,Calibration,1996,1996-12-03,-0.07221065357500324,exper2_05
6.599999904632568,5.970336,Calibration,1996,1996-12-04,-0.05009125857937809,exper2_05
6.5,6.0554805,Calibration,1996,1996-12-05,-0.0354044212411564,exper2_05
6.300000190734863,6.0881853,Calibration,1996,1996-12-06,-0.017098135990319903,exper2_05
6.199999809265137,5.9634447,Calibration,1996,1996-12-07,-0.019448035391369307,exper2_05
6.300000190734863,5.901736,Calibration,1996,1996-12-08,-0.032639979178467844,exper2_05
6.0,5.565188,Calibration,1996,1996-12-09,-0.0375966280471265,exper2_05
5.900000095367432,5.183106,Calibration,1996,1996-12-10,-0.06468350542990269,exper2_05
5.699999809265137,4.9956255,Calibration,1996,1996-12-11,-0.06585630042720685,exper2_05
5.5,4.940222,Calibration,1996,1996-12-12,-0.05361746378078526,exper2_05
5.5,4.871395,Calibration,1996,1996-12-13,-0.06060948234863997,exper2_05
5.5,4.7468853,Calibration,1996,1996-12-14,-0.07349693865907814,exper2_05
5.400000095367432,4.7977223,Calibration,1996,1996-12-15,-0.059060026351604546,exper2_05
5.300000190734863,4.9484973,Calibration,1996,1996-12-16,-0.03429799303082909,exper2_05
5.199999809265137,4.730904,Calibration,1996,1996-12-17,-0.04723595265001058,exper2_05
5.199999809265137,4.7708783,Calibration,1996,1996-12-18,-0.043037482651614285,exper2_05
5.199999809265137,4.6705284,Calibration,1996,1996-12-19,-0.05364164769484519,exper2_05
5.099999904632568,4.5881095,Calibration,1996,1996-12-20,-0.05283697678811669,exper2_05
5.199999809265137,4.524269,Calibration,1996,1996-12-21,-0.06948910106128149,exper2_05
5.199999809265137,4.4738984,Calibration,1996,1996-12-22,-0.07505778766228789,exper2_05
5.099999904632568,4.4403853,Calibration,1996,1996-12-23,-0.06913919574114645,exper2_05
5.0,4.4173713,Calibration,1996,1996-12-24,-0.06186744793922771,exper2_05
4.900000095367432,4.399667,Calibration,1996,1996-12-25,-0.05380120767181558,exper2_05
4.900000095367432,4.3752646,Calibration,1996,1996-12-26,-0.05657363595049055,exper2_05
4.400000095367432,4.364282,Calibration,1996,1996-12-27,-0.004075400956864493,exper2_05
4.0,4.3613434,Calibration,1996,1996-12-28,0.04321594834744301,exper2_05
3.799999952316284,4.3543935,Calibration,1996,1996-12-29,0.06798709607813928,exper2_05
4.0,4.3483753,Calibration,1996,1996-12-30,0.041729714712495196,exper2_05
3.7899999618530273,4.3438025,Calibration,1996,1996-12-31,0.06808654329802988,exper2_05
3.950000047683716,3.363477,Calibration,1997,1997-01-01,-0.08019756579196587,exper2_05
3.710000038146916,3.4442134,Calibration,1997,1997-01-02,-0.037151064956752695,exper2_05
3.4700000286102295,3.491172,Calibration,1997,1997-01-03,0.003041448529848953,exper2_05
3.130000114440918,3.556011,Calibration,1997,1997-01-04,0.06371674265131932,exper2_05
3.049999952316284,3.488879,Calibration,1997,1997-01-05,0.06711838811908942,exper2_05
2.799999952316284,3.4729967,Calibration,1997,1997-01-06,0.10728473095990229,exper2_05
3.0999999046325684,3.4596708,Calibration,1997,1997-01-07,0.05483063016939509,exper2_05
2.759999990463257,3.454832,Calibration,1997,1997-01-08,0.11180223037688225,exper2_05
2.609999895095825,3.454062,Calibration,1997,1997-01-09,0.1391908767765571,exper2_05
2.859999895095825,3.5035796,Calibration,1997,1997-01-10,0.1011348597551657,exper2_05
3.2300000190734863,3.4770403,Calibration,1997,1997-01-11,0.036832978533641064,exper2_05
2.700000047683716,3.4824042,Calibration,1997,1997-01-12,0.12655338424071405,exper2_05
3.009999990463257,3.4286573,Calibration,1997,1997-01-13,0.06502245490079385,exper2_05
3.0299999713897705,3.43931,Calibration,1997,1997-01-14,0.06326951399767666,exper2_05
2.9000000953674316,3.4333017,Calibration,1997,1997-01-15,0.08420593399444123,exper2_05
2.9200000762939453,3.430173,Calibration,1997,1997-01-16,0.08033999140064509,exper2_05
2.450000047683716,3.4471993,Calibration,1997,1997-01-17,0.1690970968779138,exper2_05
2.640000104904118,3.4550164,Calibration,1997,1997-01-18,0.13371846859252565,exper2_05
2.690000057220459,3.4671886,Calibration,1997,1997-01-19,0.12622457799907308,exper2_05
2.5299999713897705,3.5479689,Calibration,1997,1997-01-20,0.16748504649284196,exper2_05
2.4700000286102295,3.6106412,Calibration,1997,1997-01-21,0.18758567754198174,exper2_05
2.5799999237060547,3.605672,Calibration,1997,1997-01-22,0.165814157465133,exper2_05
2.7200000286102295,3.524663,Calibration,1997,1997-01-23,0.12885610366365474,exper2_05
2.799999952316284,3.502792,Calibration,1997,1997-01-24,0.11150486130090512,exper2_05
3.049999952316284,3.485118,Calibration,1997,1997-01-25,0.06658150151087525,exper2_05
3.2300000190734863,3.4671087,Calibration,1997,1997-01-26,0.03540463749892754,exper2_05
3.309999942779541,3.4319546,Calibration,1997,1997-01-27,0.018088920403198167,exper2_05
2.569999933242798,3.3860888,Calibration,1997,1997-01-28,0.1370175873512263,exper2_05
2.319999933242798,3.334499,Calibration,1997,1997-01-29,0.17941447724127743,exper2_05
2.319999933242798,3.2178583,Calibration,1997,1997-01-30,0.16213097936102444,exper2_05
2.0299999713897705,3.1353474,Calibration,1997,1997-01-31,0.21399284940062646,exper2_05
2.0999999046325684,3.1987839,Calibration,1997,1997-02-01,0.20736531545293505,exper2_05
1.940000057220459,3.1674826,Calibration,1997,1997-02-02,0.24033024411204473,exper2_05
1.7899999618530273,3.1323357,Calibration,1997,1997-02-03,0.2727030018543264,exper2_05
1.8899999856948853,3.0850263,Calibration,1997,1997-02-04,0.2402050197269367,exper2_05
1.850000023841858,3.2612772,Calibration,1997,1997-02-05,0.27611047366015246,exper2_05
2.0399999618530273,3.3021297,Calibration,1997,1997-02-06,0.23625966660769573,exper2_05
2.369999885559082,3.1174,Calibration,1997,1997-02-07,0.13620295046585995,exper2_05
2.549999952316284,2.9950137,Calibration,1997,1997-02-08,0.08025476370541201,exper2_05
2.5299999713897705,2.9627259,Calibration,1997,1997-02-09,0.07878163197220334,exper2_05
2.7899999618530273,2.9605062,Calibration,1997,1997-02-10,0.02965064884983941,exper2_05
2.7699999809265137,2.768989,Calibration,1997,1997-02-11,-0.00018250528447494692,exper2_05
2.700000047683716,2.8098826,Calibration,1997,1997-02-12,0.01994281899754493,exper2_05
2.859999895095825,3.0586064,Calibration,1997,1997-02-13,0.03355629377088718,exper2_05
3.569999933242798,3.2032695,Calibration,1997,1997-02-14,-0.05414378627506327,exper2_05
3.299999952316284,2.9590752,Calibration,1997,1997-02-15,-0.05446886814129143,exper2_05
3.450000047683716,3.1859584,Calibration,1997,1997-02-16,-0.03978952925580638,exper2_05
3.4700000286102295,2.8941586,Calibration,1997,1997-02-17,-0.09048194117936183,exper2_05
3.380000114440918,2.8626506,Calibration,1997,1997-02-18,-0.08287336622290883,exper2_05
3.460000038146916,2.8605793,Calibration,1997,1997-02-19,-0.0948363683713699,exper2_05
3.890000104904118,2.802744,Calibration,1997,1997-02-20,-0.1624529775016874,exper2_05
4.050000190734863,2.925861,Calibration,1997,1997-02-21,-0.1611470322071773,exper2_05
3.930000066757202,3.285708,Calibration,1997,1997-02-22,-0.08929021443440387,exper2_05
4.079999923706055,3.1375163,Calibration,1997,1997-02-23,-0.13058282649472422,exper2_05
3.640000104904118,3.1245441,Calibration,1997,1997-02-24,-0.07619965843752104,exper2_05
2.240000009536743,3.2837086,Calibration,1997,1997-02-25,0.18895069270423534,exper2_05
2.309999942779541,3.7401142,Calibration,1997,1997-02-26,0.23637806372930537,exper2_05
4.300000190734863,3.9683123,Calibration,1997,1997-02-27,-0.040115553092899915,exper2_05
4.480000019073486,4.099713,Calibration,1997,1997-02-28,-0.04432399734963037,exper2_05
4.389999866485596,4.3789124,Calibration,1997,1997-03-01,-0.001264400555483595,exper2_05
4.480000019073486,4.4103947,Calibration,1997,1997-03-02,-0.007829275632841819,exper2_05
4.849999904632568,4.5706944,Calibration,1997,1997-03-03,-0.029648075572410434,exper2_05
4.57000017166132,4.744417,Calibration,1997,1997-03-04,0.01872548889617254,exper2_05
4.289999961853027,4.754195,Calibration,1997,1997-03-05,0.05132521384978541,exper2_05
4.57000017166132,4.665719,Calibration,1997,1997-03-06,0.010363985577360452,exper2_05
5.349999904632568,4.806735,Calibration,1997,1997-03-07,-0.053488140519882967,exper2_05
5.769999980926514,4.6372504,Calibration,1997,1997-03-08,-0.10884234677593536,exper2_05
6.139999866485596,4.9286857,Calibration,1997,1997-03-09,-0.1094361383648514,exper2_05
6.809999942779541,4.934744,Calibration,1997,1997-03-10,-0.1596676853624608,exper2_05
7.110000133514404,4.932693,Calibration,1997,1997-03-11,-0.18079902094438732,exper2_05
7.849999904632568,5.144277,Calibration,1997,1997-03-12,-0.20822419044544976,exper2_05
7.460000038146916,5.39668,Calibration,1997,1997-03-13,-0.16048623543026863,exper2_05
7.210000038146916,5.5774193,Calibration,1997,1997-03-14,-0.12767085495474487,exper2_05
7.039999961853027,5.582269,Calibration,1997,1997-03-15,-0.11548880414231265,exper2_05
7.489999771118164,5.6529527,Calibration,1997,1997-03-16,-0.13977430932284055,exper2_05
5.960000038146916,5.7346554,Calibration,1997,1997-03-17,-0.019269029298924063,exper2_05
5.46999979019165,5.6074657,Calibration,1997,1997-03-18,0.012409513114924376,exper2_05
6.46999979019165,5.7048025,Calibration,1997,1997-03-19,-0.06285089958797858,exper2_05
6.57000017166132,5.660709,Calibration,1997,1997-03-20,-0.07434493468449985,exper2_05
6.489999771118164,5.762466,Calibration,1997,1997-03-21,-0.059378563762072595,exper2_05
6.590000152587891,5.8429418,Calibration,1997,1997-03-22,-0.0600870169556231,exper2_05
6.53000020980835,6.0298467,Calibration,1997,1997-03-23,-0.039821627319275375,exper2_05
6.349999904632568,6.194485,Calibration,1997,1997-03-24,-0.012397058624527002,exper2_05
6.260000228881836,6.180877,Calibration,1997,1997-03-25,-0.006359922808421838,exper2_05
6.46999979019165,6.4150896,Calibration,1997,1997-03-26,-0.004261529063494988,exper2_05
6.119999885559082,6.3810096,Calibration,1997,1997-03-27,0.02087908931609794,exper2_05
5.82000017166132,6.6327577,Calibration,1997,1997-03-28,0.06526726872948578,exper2_05
5.900000095367432,6.598632,Calibration,1997,1997-03-29,0.055896658611814774,exper2_05
6.349999904632568,6.7556815,Calibration,1997,1997-03-30,0.030954636933853082,exper2_05
6.739999771118164,6.970201,Calibration,1997,1997-03-31,0.01679050861015829,exper2_05
6.539999961853027,7.125898,Calibration,1997,1997-04-01,0.04287299152304483,exper2_05
7.159999847412109,7.7515817,Calibration,1997,1997-04-02,0.03967264108078277,exper2_05
8.430000305175781,8.607077,Calibration,1997,1997-04-03,0.010393586895251914,exper2_05
7.57000017166132,8.563043,Calibration,1997,1997-04-04,0.06155332757591731,exper2_05
7.21999979019165,8.260095,Calibration,1997,1997-04-05,0.06718918007642347,exper2_05
7.210000038146916,7.8618193,Calibration,1997,1997-04-06,0.043247548017752414,exper2_05
6.650000095367432,7.5480704,Calibration,1997,1997-04-07,0.06325298453306194,exper2_05
6.760000228881836,7.287389,Calibration,1997,1997-04-08,0.03754353008587041,exper2_05
7.57000017166132,7.545833,Calibration,1997,1997-04-09,-0.0015987911748153317,exper2_05
7.920000076293945,8.370589,Calibration,1997,1997-04-10,0.027659476940561895,exper2_05
8.119999885559082,8.822882,Calibration,1997,1997-04-11,0.04148537600039266,exper2_05
7.300000190734863,8.800517,Calibration,1997,1997-04-12,0.09319681262666876,exper2_05
6.909999847412109,8.570386,Calibration,1997,1997-04-13,0.10725741005883248,exper2_05
7.880000114440918,9.070443,Calibration,1997,1997-04-14,0.0702307910259962,exper2_05
7.07000017166132,9.050328,Calibration,1997,1997-04-15,0.12284663380679164,exper2_05
6.380000114440918,8.631019,Calibration,1997,1997-04-16,0.14995774512054935,exper2_05
6.559999942779541,8.701008,Calibration,1997,1997-04-17,0.1402926943154172,exper2_05
7.079999923706055,8.952173,Calibration,1997,1997-04-18,0.11677601601622561,exper2_05
7.260000228881836,8.811083,Calibration,1997,1997-04-19,0.09651388176137413,exper2_05
7.25,9.037272,Calibration,1997,1997-04-20,0.10973430072050479,exper2_05
6.940000057220459,8.493249,Calibration,1997,1997-04-21,0.10064302614584518,exper2_05
7.429999828338623,8.306187,Calibration,1997,1997-04-22,0.05567974473636166,exper2_05
8.270000457763672,8.602922,Calibration,1997,1997-04-23,0.01973113869109368,exper2_05
8.0,9.2498665,Calibration,1997,1997-04-24,0.07245658896197193,exper2_05
10.079999923706055,9.636847,Calibration,1997,1997-04-25,-0.02247587524254385,exper2_05
10.100000381469727,9.853187,Calibration,1997,1997-04-26,-0.012369641714230845,exper2_05
9.609999656677246,10.256324,Calibration,1997,1997-04-27,0.03253365720416584,exper2_05
10.619999885559082,10.717547,Calibration,1997,1997-04-28,0.0045716374870162025,exper2_05
10.84000015258789,10.846337,Calibration,1997,1997-04-29,0.0002922192758916283,exper2_05
11.050000190734863,11.012022,Calibration,1997,1997-04-30,-0.0017214275256447226,exper2_05
11.079999923706055,11.577106,Calibration,1997,1997-05-01,0.021940425372862303,exper2_05
11.369999885559082,11.5866585,Calibration,1997,1997-05-02,0.009437723417537392,exper2_05
12.130000114440918,11.849415,Calibration,1997,1997-05-03,-0.01170108985998741,exper2_05
12.920000076293945,12.535169,Calibration,1997,1997-05-04,-0.015118007376006583,exper2_05
13.779999732971248,12.766585,Calibration,1997,1997-05-05,-0.03817494339726961,exper2_05
12.819999694824219,12.460048,Calibration,1997,1997-05-06,-0.014238579818636988,exper2_05
12.380000114440918,12.40392,Calibration,1997,1997-05-07,0.0009651442921885264,exper2_05
11.4399995803833,12.28416,Calibration,1997,1997-05-08,0.035582296990615755,exper2_05
11.920000076293945,12.430704,Calibration,1997,1997-05-09,0.020972865362626228,exper2_05
12.430000305175781,12.334364,Calibration,1997,1997-05-10,-0.0038618543509191055,exper2_05
13.289999961853027,13.069695,Calibration,1997,1997-05-11,-0.008357626501511714,exper2_05
13.64000034332281,13.681708,Calibration,1997,1997-05-12,0.0015265513970364332,exper2_05
13.039999961853027,15.156663,Calibration,1997,1997-05-13,0.07506785417906252,exper2_05
13.550000190734863,15.604174,Calibration,1997,1997-05-14,0.07045898402201059,exper2_05
14.6899995803833,16.554523,Calibration,1997,1997-05-15,0.059675223230194425,exper2_05
15.470000267028809,17.696829,Calibration,1997,1997-05-16,0.06714023121725349,exper2_05
16.739999771118164,17.79391,Calibration,1997,1997-05-17,0.030518100528926947,exper2_05
17.299999237060547,18.004263,Calibration,1997,1997-05-18,0.019948404074188308,exper2_05
16.440000534057617,18.470484,Calibration,1997,1997-05-19,0.05816256307384937,exper2_05
17.670000076293945,18.628332,Calibration,1997,1997-05-20,0.026401545286110186,exper2_05
18.170000076293945,18.705822,Calibration,1997,1997-05-21,0.014530439855565075,exper2_05
18.389999389648438,18.75944,Calibration,1997,1997-05-22,0.009944701456923177,exper2_05
16.940000534057617,18.722227,Calibration,1997,1997-05-23,0.049975188901828387,exper2_05
16.079999923706055,18.741014,Calibration,1997,1997-05-24,0.07641978852162329,exper2_05
15.859999656677246,18.552792,Calibration,1997,1997-05-25,0.07824973914647446,exper2_05
16.40999984741211,18.633165,Calibration,1997,1997-05-26,0.06344077365610333,exper2_05
16.360000610351562,19.081274,Calibration,1997,1997-05-27,0.07678260586440175,exper2_05
15.819999694824219,18.268059,Calibration,1997,1997-05-28,0.07181573817309349,exper2_05
15.819999694824219,18.771627,Calibration,1997,1997-05-29,0.08532780840291189,exper2_05
15.14000034332281,19.02628,Calibration,1997,1997-05-30,0.11374604228818257,exper2_05
15.39000034332281,18.94013,Calibration,1997,1997-05-31,0.10341148812324231,exper2_05
16.299999237060547,19.428953,Calibration,1997,1997-06-01,0.08757474604907545,exper2_05
16.579999923706055,18.230145,Calibration,1997,1997-06-02,0.047404129006367535,exper2_05
16.84000015258789,18.326845,Calibration,1997,1997-06-03,0.042279738284170545,exper2_05
16.420000076293945,18.168064,Calibration,1997,1997-06-04,0.05053951650334919,exper2_05
16.80999946594244,18.638319,Calibration,1997,1997-06-05,0.05157704590465929,exper2_05
17.30999946594244,18.868685,Calibration,1997,1997-06-06,0.0430829737374147,exper2_05
17.799999237060547,19.257051,Calibration,1997,1997-06-07,0.03931916337422106,exper2_05
17.860000610351562,19.132298,Calibration,1997,1997-06-08,0.0343935621727636,exper2_05
18.510000228881836,19.500156,Calibration,1997,1997-06-09,0.02604977883427808,exper2_05
18.6200008392334,19.850859,Calibration,1997,1997-06-10,0.03199455027092472,exper2_05
19.489999771118164,20.228022,Calibration,1997,1997-06-11,0.018581536156766127,exper2_05
19.80999946594244,20.2602,Calibration,1997,1997-06-12,0.011235307907697062,exper2_05
20.489999771118164,20.394104,Calibration,1997,1997-06-13,-0.0023455514089193654,exper2_05
20.690000534057617,20.130522,Calibration,1997,1997-06-14,-0.013705820703112041,exper2_05
20.760000228881836,20.565132,Calibration,1997,1997-06-15,-0.0047154861120309996,exper2_05
21.450000762939453,20.849424,Calibration,1997,1997-06-16,-0.014198216618318705,exper2_05
21.639999389648438,20.746233,Calibration,1997,1997-06-17,-0.021086243176032606,exper2_05
21.360000610351562,20.333797,Calibration,1997,1997-06-18,-0.024612848988071947,exper2_05
21.440000534057617,19.98025,Calibration,1997,1997-06-19,-0.03524245100648642,exper2_05
21.149999618530273,20.387556,Calibration,1997,1997-06-20,-0.018355522604329707,exper2_05
20.760000228881836,20.357409,Calibration,1997,1997-06-21,-0.009791271326123176,exper2_05
20.350000381469727,20.255241,Calibration,1997,1997-06-22,-0.0023336639134089077,exper2_05
20.229999542236328,20.614462,Calibration,1997,1997-06-23,0.009412839415751962,exper2_05
20.81999969482422,20.307116,Calibration,1997,1997-06-24,-0.012470705443392734,exper2_05
21.209999084472656,19.975126,Calibration,1997,1997-06-25,-0.029983466299310785,exper2_05
21.469999313354492,20.632399,Calibration,1997,1997-06-26,-0.019894370615783013,exper2_05
21.530000686645508,20.742054,Calibration,1997,1997-06-27,-0.018639895958670435,exper2_05
21.75,21.22748,Calibration,1997,1997-06-28,-0.012157996841639552,exper2_05
21.719999313354492,21.408617,Calibration,1997,1997-06-29,-0.00721985354913555,exper2_05
21.18000030517578,21.485458,Calibration,1997,1997-06-30,0.007159376186352284,exper2_05
21.25,21.323668,Calibration,1997,1997-07-01,0.001730354243023668,exper2_05
20.760000228881836,21.801992,Calibration,1997,1997-07-02,0.024481752914732334,exper2_05
20.780000686645508,22.31086,Calibration,1997,1997-07-03,0.03552630373351724,exper2_05
21.18000030517578,22.138931,Calibration,1997,1997-07-04,0.02213653324935861,exper2_05
20.850000381469727,22.44055,Calibration,1997,1997-07-05,0.0367412624804399,exper2_05
20.280000686645508,22.60682,Calibration,1997,1997-07-06,0.05425486139787579,exper2_05
21.510000228881836,22.681309,Calibration,1997,1997-07-07,0.02650540444757737,exper2_05
21.170000076293945,22.297907,Calibration,1997,1997-07-08,0.02594803565224328,exper2_05
21.1200008392334,22.444115,Calibration,1997,1997-07-09,0.03039459954344419,exper2_05
21.790000915527344,22.586523,Calibration,1997,1997-07-10,0.01794917828655185,exper2_05
21.579999923706055,23.077173,Calibration,1997,1997-07-11,0.03352593107654565,exper2_05
21.780000686645508,22.691359,Calibration,1997,1997-07-12,0.020493141989552148,exper2_05
21.829999923706055,22.62502,Calibration,1997,1997-07-13,0.0178836758528994,exper2_05
,23.100515,Calibration,1997,1997-07-14,,exper2_05
20.690000534057617,23.219744,Calibration,1997,1997-07-15,0.05761234179469564,exper2_05
21.280000686645508,23.096174,Calibration,1997,1997-07-16,0.04092677109877909,exper2_05
21.93000030517578,23.193834,Calibration,1997,1997-07-17,0.02800812498665878,exper2_05
22.670000076293945,22.959341,Calibration,1997,1997-07-18,0.0063411166096975806,exper2_05
23.149999618530273,22.894041,Calibration,1997,1997-07-19,-0.00555899424440536,exper2_05
22.739999771118164,22.538412,Calibration,1997,1997-07-20,-0.004452180822992513,exper2_05
22.43000030517578,22.612251,Calibration,1997,1997-07-21,0.004046222605253788,exper2_05
22.700000762939453,23.005209,Calibration,1997,1997-07-22,0.006677755292362173,exper2_05
22.93000030517578,23.522425,Calibration,1997,1997-07-23,0.012753357712999378,exper2_05
23.350000381469727,23.308418,Calibration,1997,1997-07-24,-0.0008912026755783937,exper2_05
23.1299991607666,23.316553,Calibration,1997,1997-07-25,0.004016529665476727,exper2_05
23.299999237060547,22.960283,Calibration,1997,1997-07-26,-0.007343577236489707,exper2_05
23.05999946594244,23.293493,Calibration,1997,1997-07-27,0.005037242959388264,exper2_05
23.190000534057617,23.742235,Calibration,1997,1997-07-28,0.011766638456754139,exper2_05
23.040000915527344,23.511786,Calibration,1997,1997-07-29,0.010134618409497814,exper2_05
23.200000762939453,23.358482,Calibration,1997,1997-07-30,0.0034039252842291952,exper2_05
23.389999389648438,23.743979,Calibration,1997,1997-07-31,0.007510062306724255,exper2_05
22.8700008392334,24.051195,Calibration,1997,1997-08-01,0.025174002508920653,exper2_05
22.639999389648438,23.560394,Calibration,1997,1997-08-02,0.01992179772104331,exper2_05
22.80999946594244,23.513353,Calibration,1997,1997-08-03,0.015183570253739287,exper2_05
23.229999542236328,24.083168,Calibration,1997,1997-08-04,0.01803236881678045,exper2_05
23.219999313354492,24.275206,Calibration,1997,1997-08-05,0.02221711224285642,exper2_05
23.030000686645508,23.800138,Calibration,1997,1997-08-06,0.016445344828709768,exper2_05
23.40999984741211,23.561548,Calibration,1997,1997-08-07,0.003226386862118588,exper2_05
23.469999313354492,23.78153,Calibration,1997,1997-08-08,0.006593036646953326,exper2_05
23.299999237060547,23.32355,Calibration,1997,1997-08-09,0.0005051102784562059,exper2_05
23.440000534057617,23.307962,Calibration,1997,1997-08-10,-0.002824467808182625,exper2_05
23.43000030517578,23.171602,Calibration,1997,1997-08-11,-0.0055448319771636825,exper2_05
23.68000030517578,23.458612,Calibration,1997,1997-08-12,-0.004696529029110339,exper2_05
23.889999389648438,23.462622,Calibration,1997,1997-08-13,-0.009025428605044844,exper2_05
23.899999618530273,23.763304,Calibration,1997,1997-08-14,-0.002867947711056149,exper2_05
23.639999389648438,24.184242,Calibration,1997,1997-08-15,0.011380062500608207,exper2_05
23.690000534057617,24.237473,Calibration,1997,1997-08-16,0.01142292645686954,exper2_05
23.639999389648438,23.664156,Calibration,1997,1997-08-17,0.0005106648719541602,exper2_05
23.299999237060547,22.981436,Calibration,1997,1997-08-18,-0.006883180290660533,exper2_05
22.860000610351562,22.99047,Calibration,1997,1997-08-19,0.0028455601789969007,exper2_05
23.0,23.23807,Calibration,1997,1997-08-20,0.0051487775484472965,exper2_05
23.1299991607666,23.355843,Calibration,1997,1997-08-21,0.00485832720368223,exper2_05
23.100000381469727,23.092186,Calibration,1997,1997-08-22,-0.00016917162760985018,exper2_05
23.389999389648438,23.34976,Calibration,1997,1997-08-23,-0.0008609230039712149,exper2_05
23.479999542236328,23.2739,Calibration,1997,1997-08-24,-0.004408198459333496,exper2_05
23.229999542236328,23.310663,Calibration,1997,1997-08-25,0.0017331872009795125,exper2_05
23.440000534057617,23.41195,Calibration,1997,1997-08-26,-0.000598723778355364,exper2_05
23.950000762939453,23.068142,Calibration,1997,1997-08-27,-0.018755713753021777,exper2_05
23.540000915527344,22.86086,Calibration,1997,1997-08-28,-0.01463636806458886,exper2_05
23.299999237060547,22.897163,Calibration,1997,1997-08-29,-0.008719926138961442,exper2_05
22.670000076293945,22.683811,Calibration,1997,1997-08-30,0.00030451931304715754,exper2_05
22.43000030517578,22.77344,Calibration,1997,1997-08-31,0.007597632046520913,exper2_05
22.760000228881836,22.542727,Calibration,1997,1997-09-01,-0.004796040498363147,exper2_05
23.049999237060547,22.917284,Calibration,1997,1997-09-02,-0.0028871670422875926,exper2_05
23.55999946594244,22.888582,Calibration,1997,1997-09-03,-0.014455064327452007,exper2_05
23.639999389648438,22.817896,Calibration,1997,1997-09-04,-0.017695668205163977,exper2_05
23.8799991607666,22.94551,Calibration,1997,1997-09-05,-0.019956820459817337,exper2_05
23.850000381469727,22.953691,Calibration,1997,1997-09-06,-0.01915038885244293,exper2_05
23.6299991607666,22.727615,Calibration,1997,1997-09-07,-0.019465708357064987,exper2_05
23.43000030517578,22.494204,Calibration,1997,1997-09-08,-0.0203769833498972,exper2_05
23.3799991607666,22.121866,Calibration,1997,1997-09-09,-0.027650139700224036,exper2_05
23.149999618530273,21.940397,Calibration,1997,1997-09-10,-0.026826163432239637,exper2_05
22.93000030517578,21.71139,Calibration,1997,1997-09-11,-0.027297778311378217,exper2_05
22.93000030517578,21.747625,Calibration,1997,1997-09-12,-0.026464587964545507,exper2_05
22.80999946594244,21.671902,Calibration,1997,1997-09-13,-0.025585636700691562,exper2_05
22.360000610351562,21.14488,Calibration,1997,1997-09-14,-0.027930666405016562,exper2_05
21.950000762939453,20.871622,Calibration,1997,1997-09-15,-0.025183040847917518,exper2_05
21.649999618530273,20.602808,Calibration,1997,1997-09-16,-0.02478395351524694,exper2_05
21.15999984741211,20.451586,Calibration,1997,1997-09-17,-0.01702444324708116,exper2_05
21.219999313354492,20.377832,Calibration,1997,1997-09-18,-0.02024545188269708,exper2_05
21.1200008392334,20.329329,Calibration,1997,1997-09-19,-0.01907563558072182,exper2_05
21.139999389648438,20.24017,Calibration,1997,1997-09-20,-0.02174543720096394,exper2_05
20.8799991607666,19.317606,Calibration,1997,1997-09-21,-0.03886781770468517,exper2_05
20.469999313354492,19.28324,Calibration,1997,1997-09-22,-0.02985316387285647,exper2_05
20.219999313354492,19.322987,Calibration,1997,1997-09-23,-0.02268449611958144,exper2_05
19.770000457763672,19.379343,Calibration,1997,1997-09-24,-0.009978645619448286,exper2_05
19.860000610351562,19.35309,Calibration,1997,1997-09-25,-0.012927068805498022,exper2_05
19.81999969482422,19.366854,Calibration,1997,1997-09-26,-0.011563724601910607,exper2_05
19.59000015258789,19.398928,Calibration,1997,1997-09-27,-0.004900685260378348,exper2_05
19.6299991607666,19.167215,Calibration,1997,1997-09-28,-0.011928274216193038,exper2_05
19.399999618530273,18.981752,Calibration,1997,1997-09-29,-0.010897033119959895,exper2_05
19.59000015258789,18.912748,Calibration,1997,1997-09-30,-0.017589700537422752,exper2_05
19.299999237060547,19.042936,Calibration,1997,1997-10-01,-0.0067043096262345515,exper2_05
19.190000534057617,19.206758,Calibration,1997,1997-10-02,0.0004364421766274435,exper2_05
19.3799991607666,18.570646,Calibration,1997,1997-10-03,-0.021326458752616215,exper2_05
18.93000030517578,18.423605,Calibration,1997,1997-10-04,-0.013556799572631745,exper2_05
18.920000076293945,18.410673,Calibration,1997,1997-10-05,-0.013643657906816382,exper2_05
18.829999923706055,18.085146,Calibration,1997,1997-10-06,-0.020177462549668887,exper2_05
18.790000915527344,18.325277,Calibration,1997,1997-10-07,-0.012521085898393527,exper2_05
18.860000610351562,18.33586,Calibration,1997,1997-10-08,-0.014091388475142455,exper2_05
19.170000076293945,18.322826,Calibration,1997,1997-10-09,-0.02259562083587462,exper2_05
18.8700008392334,18.305387,Calibration,1997,1997-10-10,-0.015187826343044164,exper2_05
18.68000030517578,17.819208,Calibration,1997,1997-10-11,-0.023583858296704913,exper2_05
18.350000381469727,17.151794,Calibration,1997,1997-10-12,-0.033750573854580884,exper2_05
18.010000228881836,17.157393,Calibration,1997,1997-10-13,-0.024244268933425073,exper2_05
17.520000457763672,17.00503,Calibration,1997,1997-10-14,-0.014915867629623217,exper2_05
17.05999946594244,16.816969,Calibration,1997,1997-10-15,-0.0071739166664055885,exper2_05
16.75,14.760306,Calibration,1997,1997-10-16,-0.06314421761044348,exper2_05
16.43000030517578,14.216979,Calibration,1997,1997-10-17,-0.07221009465271429,exper2_05
16.100000381469727,14.535123,Calibration,1997,1997-10-18,-0.05108115600364907,exper2_05
16.1200008392334,15.105405,Calibration,1997,1997-10-19,-0.03249264382298434,exper2_05
15.770000457763672,15.214753,Calibration,1997,1997-10-20,-0.017920016852022394,exper2_05
15.350000381469727,14.450521,Calibration,1997,1997-10-21,-0.030183327555917617,exper2_05
15.119999885559082,13.374061,Calibration,1997,1997-10-22,-0.06127379612177285,exper2_05
14.720000267028809,14.377681,Calibration,1997,1997-10-23,-0.011764493809308276,exper2_05
14.479999542236328,14.315538,Calibration,1997,1997-10-24,-0.005711340977819993,exper2_05
14.350000381469727,13.53713,Calibration,1997,1997-10-25,-0.029148571550510476,exper2_05
14.039999961853027,13.512913,Calibration,1997,1997-10-26,-0.019129999688833912,exper2_05
13.729999542236328,12.6406975,Calibration,1997,1997-10-27,-0.04130729127488818,exper2_05
13.100000381469727,12.522462,Calibration,1997,1997-10-28,-0.022540319667560683,exper2_05
12.720000267028809,12.355645,Calibration,1997,1997-10-29,-0.014530237638493145,exper2_05
12.279999732971248,11.909022,Calibration,1997,1997-10-30,-0.015336601899353632,exper2_05
12.010000228881836,11.684308,Calibration,1997,1997-10-31,-0.013745587039600233,exper2_05
11.75,11.709676,Calibration,1997,1997-11-01,-0.0017188733332674777,exper2_05
11.600000381469727,11.6540165,Calibration,1997,1997-11-02,0.0023228723694823784,exper2_05
11.350000381469727,11.575767,Calibration,1997,1997-11-03,0.009847704658629502,exper2_05
11.100000381469727,11.083866,Calibration,1997,1997-11-04,-0.0007272971140688873,exper2_05
10.979999542236328,10.809739,Calibration,1997,1997-11-05,-0.0078137894206707,exper2_05
11.180000305175781,11.57087,Calibration,1997,1997-11-06,0.017180445503539,exper2_05
11.329999923706055,11.844611,Calibration,1997,1997-11-07,0.022205820074705947,exper2_05
11.34000015258789,11.790109,Calibration,1997,1997-11-08,0.019459853448200864,exper2_05
11.149999618530273,11.402772,Calibration,1997,1997-11-09,0.011208038465352364,exper2_05
11.430000305175781,10.846489,Calibration,1997,1997-11-10,-0.026194044572549577,exper2_05
11.149999618530273,10.544183,Calibration,1997,1997-11-11,-0.02792531334294502,exper2_05
10.989999771118164,10.887435,Calibration,1997,1997-11-12,-0.004688155305677342,exper2_05
10.859999656677246,10.484223,Calibration,1997,1997-11-13,-0.017605526820916276,exper2_05
10.649999618530273,10.160367,Calibration,1997,1997-11-14,-0.023528302754044668,exper2_05
10.359999656677246,10.084447,Calibration,1997,1997-11-15,-0.013478122226246312,exper2_05
10.39000034332281,9.828624,Calibration,1997,1997-11-16,-0.027765320155446187,exper2_05
10.039999961853027,9.643568,Calibration,1997,1997-11-17,-0.020140247078000148,exper2_05
10.069999694824219,9.496049,Calibration,1997,1997-11-18,-0.02933401519139069,exper2_05
9.630000114440918,8.98287,Calibration,1997,1997-11-19,-0.03476787862320502,exper2_05
9.1899995803833,7.4327345,Calibration,1997,1997-11-20,-0.10571456437677135,exper2_05
8.770000457763672,10.4144125,Calibration,1997,1997-11-21,0.08571604690023993,exper2_05
8.729999542236328,10.75952,Calibration,1997,1997-11-22,0.10413392051239166,exper2_05
8.529999732971248,9.972587,Calibration,1997,1997-11-23,0.07796677017826453,exper2_05
8.600000381469727,9.456402,Calibration,1997,1997-11-24,0.04742924053701612,exper2_05
8.470000267028809,9.113448,Calibration,1997,1997-11-25,0.03659395250418412,exper2_05
8.4399995803833,8.958138,Calibration,1997,1997-11-26,0.029781283728191273,exper2_05
,8.908362,Calibration,1997,1997-11-27,,exper2_05
8.260000228881836,8.905219,Calibration,1997,1997-11-28,0.037588733219449465,exper2_05
8.279999732971248,8.951898,Calibration,1997,1997-11-29,0.03899152103657678,exper2_05
8.289999961853027,8.93618,Calibration,1997,1997-11-30,0.037511517354382524,exper2_05
8.100000381469727,8.89537,Calibration,1997,1997-12-01,0.04679916662070013,exper2_05
7.789999961853027,8.833428,Calibration,1997,1997-12-02,0.06276854565631847,exper2_05
7.96999979019165,8.2706995,Calibration,1997,1997-12-03,0.018515194786491704,exper2_05
7.730000019073486,7.68614,Calibration,1997,1997-12-04,-0.0028450674697105527,exper2_05
7.619999885559082,6.766982,Calibration,1997,1997-12-05,-0.05929094852101082,exper2_05
7.510000228881836,6.170511,Calibration,1997,1997-12-06,-0.09791223881984981,exper2_05
7.289999961853027,5.702847,Calibration,1997,1997-12-07,-0.12215590332859598,exper2_05
7.289999961853027,5.855842,Calibration,1997,1997-12-08,-0.10909592859384779,exper2_05
7.269999980926514,5.533498,Calibration,1997,1997-12-09,-0.13562716992414514,exper2_05
7.190000057220459,6.0784163,Calibration,1997,1997-12-10,-0.08377666752462078,exper2_05
7.409999847412109,5.826813,Calibration,1997,1997-12-11,-0.11960481864135766,exper2_05
6.789999961853027,5.4928317,Calibration,1997,1997-12-12,-0.10560824163548496,exper2_05
6.769999980926514,5.242492,Calibration,1997,1997-12-13,-0.12715993976188175,exper2_05
6.71999979019165,5.192671,Calibration,1997,1997-12-14,-0.12821045907763062,exper2_05
6.650000095367432,4.994137,Calibration,1997,1997-12-15,-0.14220575543545586,exper2_05
6.639999866485596,4.859136,Calibration,1997,1997-12-16,-0.15486935421777157,exper2_05
6.360000133514404,4.768727,Calibration,1997,1997-12-17,-0.14298790091895702,exper2_05
6.380000114440918,4.7002254,Calibration,1997,1997-12-18,-0.151601135382977,exper2_05
6.409999847412109,4.6487603,Calibration,1997,1997-12-19,-0.15926193372419103,exper2_05
6.429999828338623,4.6072454,Calibration,1997,1997-12-20,-0.16514577124136612,exper2_05
6.559999942779541,4.5872626,Calibration,1997,1997-12-21,-0.17697056110010717,exper2_05
6.389999866485596,4.553799,Calibration,1997,1997-12-22,-0.16778457928064414,exper2_05
6.57000017166132,4.847963,Calibration,1997,1997-12-23,-0.15081825989036882,exper2_05
6.340000152587891,4.68821,Calibration,1997,1997-12-24,-0.14977862387712676,exper2_05
6.389999866485596,4.782829,Calibration,1997,1997-12-25,-0.1438463889050118,exper2_05
6.25,4.617662,Calibration,1997,1997-12-26,-0.15020140064083679,exper2_05
6.269999980926514,4.5384216,Calibration,1997,1997-12-27,-0.16020640314206136,exper2_05
6.21999979019165,4.5452685,Calibration,1997,1997-12-28,-0.15556799922609466,exper2_05
6.059999942779541,4.493276,Calibration,1997,1997-12-29,-0.14845852741283322,exper2_05
6.090000152587891,4.4743266,Calibration,1997,1997-12-30,-0.15293672547671971,exper2_05
6.190000057220459,4.439236,Calibration,1997,1997-12-31,-0.164712106935478,exper2_05
5.900000095367432,3.4394784,Calibration,1998,1998-01-01,-0.2634538641436522,exper2_05
,3.5700355,Calibration,1998,1998-01-02,,exper2_05
,3.6297336,Calibration,1998,1998-01-03,,exper2_05
,3.549241,Calibration,1998,1998-01-04,,exper2_05
5.599999904632568,3.5112622,Calibration,1998,1998-01-05,-0.22924790299869402,exper2_05
,3.4777074,Calibration,1998,1998-01-06,,exper2_05
5.400000095367432,3.4722047,Calibration,1998,1998-01-07,-0.21728481903125393,exper2_05
,3.4738026,Calibration,1998,1998-01-08,,exper2_05
5.400000095367432,3.4446452,Calibration,1998,1998-01-09,-0.22107782405059842,exper2_05
,3.4942403,Calibration,1998,1998-01-10,,exper2_05
,3.4607515,Calibration,1998,1998-01-11,,exper2_05
5.400000095367432,3.4403965,Calibration,1998,1998-01-12,-0.22166466361794046,exper2_05
,3.4627254,Calibration,1998,1998-01-13,,exper2_05
5.199999809265137,3.5732489,Calibration,1998,1998-01-14,-0.18542172993987227,exper2_05
,3.6566932,Calibration,1998,1998-01-15,,exper2_05
5.199999809265137,3.6736472,Calibration,1998,1998-01-16,-0.1720096199839796,exper2_05
,3.613842,Calibration,1998,1998-01-17,,exper2_05
,3.5529866,Calibration,1998,1998-01-18,,exper2_05
5.0,3.6197467,Calibration,1998,1998-01-19,-0.16012689994351362,exper2_05
,3.5230646,Calibration,1998,1998-01-20,,exper2_05
4.699999809265137,3.4931207,Calibration,1998,1998-01-21,-0.14730396580325278,exper2_05
,3.5157,Calibration,1998,1998-01-22,,exper2_05
4.900000095367432,3.6016474,Calibration,1998,1998-01-23,-0.1527177788271148,exper2_05
,3.5266452,Calibration,1998,1998-01-24,,exper2_05
,3.4995174,Calibration,1998,1998-01-25,,exper2_05
5.0,3.3163843,Calibration,1998,1998-01-26,-0.20244563269800414,exper2_05
,3.0762975,Calibration,1998,1998-01-27,,exper2_05
4.699999809265137,2.9024625,Calibration,1998,1998-01-28,-0.23644146565134083,exper2_05
,3.1412625,Calibration,1998,1998-01-29,,exper2_05
,3.2066028,Calibration,1998,1998-01-30,,exper2_05
4.300000190734863,3.2117076,Calibration,1998,1998-01-31,-0.14487951744132127,exper2_05
4.519999980926514,2.8815284,Calibration,1998,1998-02-01,-0.22136936103485796,exper2_05
,2.7334037,Calibration,1998,1998-02-02,,exper2_05
,2.9094357,Calibration,1998,1998-02-03,,exper2_05
,2.9377968,Calibration,1998,1998-02-04,,exper2_05
,2.7616541,Calibration,1998,1998-02-05,,exper2_05
,2.835156,Calibration,1998,1998-02-06,,exper2_05
,2.8835654,Calibration,1998,1998-02-07,,exper2_05
,3.061007,Calibration,1998,1998-02-08,,exper2_05
,2.9035819,Calibration,1998,1998-02-09,,exper2_05
,3.054983,Calibration,1998,1998-02-10,,exper2_05
,3.209423,Calibration,1998,1998-02-11,,exper2_05
,3.2902923,Calibration,1998,1998-02-12,,exper2_05
,3.3093581,Calibration,1998,1998-02-13,,exper2_05
,3.2888145,Calibration,1998,1998-02-14,,exper2_05
,3.4315555,Calibration,1998,1998-02-15,,exper2_05
,3.4895642,Calibration,1998,1998-02-16,,exper2_05
,3.4860342,Calibration,1998,1998-02-17,,exper2_05
,3.4864335,Calibration,1998,1998-02-18,,exper2_05
,3.5652387,Calibration,1998,1998-02-19,,exper2_05
,3.6100755,Calibration,1998,1998-02-20,,exper2_05
,3.5645518,Calibration,1998,1998-02-21,,exper2_05
,3.463352,Calibration,1998,1998-02-22,,exper2_05
,3.4816458,Calibration,1998,1998-02-23,,exper2_05
,3.74248,Calibration,1998,1998-02-24,,exper2_05
,3.9474528,Calibration,1998,1998-02-25,,exper2_05
,4.1978817,Calibration,1998,1998-02-26,,exper2_05
,4.2151628,Calibration,1998,1998-02-27,,exper2_05
,4.039465,Calibration,1998,1998-02-28,,exper2_05
6.079999923706055,3.8542857,Calibration,1998,1998-03-01,-0.2240437095520255,exper2_05
5.909999847412109,4.233688,Calibration,1998,1998-03-02,-0.1652566615999592,exper2_05
5.360000133514404,4.248998,Calibration,1998,1998-03-03,-0.1156209975123477,exper2_05
5.460000038146916,3.9988198,Calibration,1998,1998-03-04,-0.15447806711467893,exper2_05
5.550000190734863,4.3980455,Calibration,1998,1998-03-05,-0.11579708035886672,exper2_05
5.880000114440918,4.4856625,Calibration,1998,1998-03-06,-0.13451505333656572,exper2_05
5.590000152587891,4.6884284,Calibration,1998,1998-03-07,-0.08771494065044501,exper2_05
5.539999961853027,4.839818,Calibration,1998,1998-03-08,-0.06745609254220955,exper2_05
5.409999847412109,4.40597,Calibration,1998,1998-03-09,-0.1022853326316124,exper2_05
5.099999904632568,4.1881375,Calibration,1998,1998-03-10,-0.09817494407719309,exper2_05
5.210000038146916,4.5009274,Calibration,1998,1998-03-11,-0.07301800892508187,exper2_05
5.679999828338623,4.20262,Calibration,1998,1998-03-12,-0.1494927276520606,exper2_05
5.760000228881836,4.6266217,Calibration,1998,1998-03-13,-0.10911906786809948,exper2_05
5.599999904632568,4.808032,Calibration,1998,1998-03-14,-0.07609199062180373,exper2_05
5.670000076293945,5.097057,Calibration,1998,1998-03-15,-0.053212610808030324,exper2_05
5.57000017166132,5.227555,Calibration,1998,1998-03-16,-0.03171508498852658,exper2_05
6.119999885559082,5.453566,Calibration,1998,1998-03-17,-0.05758240921553885,exper2_05
6.190000057220459,5.49838,Calibration,1998,1998-03-18,-0.05917157542475597,exper2_05
5.900000095367432,5.477322,Calibration,1998,1998-03-19,-0.037150920617097065,exper2_05
5.78000020980835,5.4446254,Calibration,1998,1998-03-20,-0.02987848721902097,exper2_05
5.579999923706055,4.901875,Calibration,1998,1998-03-21,-0.06469500049699563,exper2_05
5.53000020980835,4.6000457,Calibration,1998,1998-03-22,-0.09180161065730458,exper2_05
5.130000114440918,5.128895,Calibration,1998,1998-03-23,-0.00010774148105585907,exper2_05
5.929999828338623,4.8617053,Calibration,1998,1998-03-24,-0.0989921900316925,exper2_05
5.289999961853027,4.660793,Calibration,1998,1998-03-25,-0.0632318597683331,exper2_05
5.630000114440918,4.5405746,Calibration,1998,1998-03-26,-0.10711543837870274,exper2_05
6.329999923706055,4.979246,Calibration,1998,1998-03-27,-0.11943800467576116,exper2_05
7.110000133514404,5.947774,Calibration,1998,1998-03-28,-0.08900645654818336,exper2_05
7.929999828338623,6.673802,Calibration,1998,1998-03-29,-0.08601855549945289,exper2_05
8.130000114440918,7.315177,Calibration,1998,1998-03-30,-0.0527558309307026,exper2_05
9.220000267028809,7.3113995,Calibration,1998,1998-03-31,-0.11545306741860376,exper2_05
10.279999732971248,7.635926,Calibration,1998,1998-04-01,-0.14758232628035212,exper2_05
9.720000267028809,7.262942,Calibration,1998,1998-04-02,-0.14467801954586967,exper2_05
8.630000114440918,7.627257,Calibration,1998,1998-04-03,-0.06167973140328549,exper2_05
7.630000114440918,7.796803,Calibration,1998,1998-04-04,0.010812537240338422,exper2_05
8.100000381469727,7.7236447,Calibration,1998,1998-04-05,-0.023784383769224926,exper2_05
8.449999809265137,7.549916,Calibration,1998,1998-04-06,-0.05625554791784231,exper2_05
8.369999885559082,7.4756684,Calibration,1998,1998-04-07,-0.05644012214581213,exper2_05
9.119999885559082,7.624597,Calibration,1998,1998-04-08,-0.0893065874738171,exper2_05
8.329999923706055,7.701559,Calibration,1998,1998-04-09,-0.03920023357097324,exper2_05
8.550000190734863,7.600885,Calibration,1998,1998-04-10,-0.058765527100123026,exper2_05
9.0,8.141917,Calibration,1998,1998-04-11,-0.050057572898828416,exper2_05
,7.7862515,Calibration,1998,1998-04-12,,exper2_05
8.470000267028809,7.9966006,Calibration,1998,1998-04-13,-0.028749080769635622,exper2_05
8.569999694824219,8.432464,Calibration,1998,1998-04-14,-0.008089183674900264,exper2_05
8.199999809265137,8.269466,Calibration,1998,1998-04-15,0.004217901782490702,exper2_05
8.420000076293945,8.730492,Calibration,1998,1998-04-16,0.01810394518470557,exper2_05
8.600000381469727,8.556333,Calibration,1998,1998-04-17,-0.0025452871164913693,exper2_05
,8.81671,Calibration,1998,1998-04-18,,exper2_05
8.5600004196167,9.182496,Calibration,1998,1998-04-19,0.03508500912366975,exper2_05
9.800000190734863,8.629592,Calibration,1998,1998-04-20,-0.06350700766909802,exper2_05
9.989999771118164,9.820881,Calibration,1998,1998-04-21,-0.00853666649753861,exper2_05
9.5600004196167,9.621661,Calibration,1998,1998-04-22,0.0032145685743306834,exper2_05
10.239999771118164,10.159827,Calibration,1998,1998-04-23,-0.003930059737450299,exper2_05
10.949999809265137,10.567693,Calibration,1998,1998-04-24,-0.017767102650116103,exper2_05
12.050000190734863,11.3356905,Calibration,1998,1998-04-25,-0.03054473360994849,exper2_05
13.819999694824219,11.822766,Calibration,1998,1998-04-26,-0.07788681575530614,exper2_05
13.329999923706055,12.430838,Calibration,1998,1998-04-27,-0.034904233628395114,exper2_05
13.289999961853027,12.615627,Calibration,1998,1998-04-28,-0.026031899035264257,exper2_05
13.0600004196167,12.4443035,Calibration,1998,1998-04-29,-0.024140902205386706,exper2_05
13.239999771118164,12.661426,Calibration,1998,1998-04-30,-0.022337542143917883,exper2_05
13.229999542236328,12.433038,Calibration,1998,1998-05-01,-0.031054850407725557,exper2_05
13.079999923706055,12.800761,Calibration,1998,1998-05-02,-0.01078943155054666,exper2_05
11.130000114440918,13.021787,Calibration,1998,1998-05-03,0.07832905244875969,exper2_05
12.460000038146916,13.483613,Calibration,1998,1998-05-04,0.03945529768764575,exper2_05
13.779999732971248,13.942573,Calibration,1998,1998-05-05,0.005864277629149648,exper2_05
14.1899995803833,14.49587,Calibration,1998,1998-05-06,0.010662743172932733,exper2_05
14.739999771118164,15.060703,Calibration,1998,1998-05-07,0.010761608742772648,exper2_05
15.729999542236328,15.23611,Calibration,1998,1998-05-08,-0.015949365942478113,exper2_05
16.290000915527344,16.221241,Calibration,1998,1998-05-09,-0.002114958216521737,exper2_05
17.15999984741211,16.886126,Calibration,1998,1998-05-10,-0.008044212947076957,exper2_05
17.709999084472656,17.562729,Calibration,1998,1998-05-11,-0.004175186075128259,exper2_05
18.790000915527344,17.832823,Calibration,1998,1998-05-12,-0.026136109091096583,exper2_05
19.270000457763672,18.17932,Calibration,1998,1998-05-13,-0.0291241891902147,exper2_05
18.3799991607666,18.359951,Calibration,1998,1998-05-14,-0.0005456768825553938,exper2_05
18.1299991607666,18.233948,Calibration,1998,1998-05-15,0.0028585618987829174,exper2_05
16.93000030517578,17.779518,Calibration,1998,1998-05-16,0.024475067953328822,exper2_05
,17.636276,Calibration,1998,1998-05-17,,exper2_05
15.979999542236328,17.806538,Calibration,1998,1998-05-18,0.05406112134916153,exper2_05
,18.21987,Calibration,1998,1998-05-19,,exper2_05
16.989999771118164,18.415075,Calibration,1998,1998-05-20,0.04025060045933577,exper2_05
17.09000015258789,18.51243,Calibration,1998,1998-05-21,0.03995317243017183,exper2_05
17.479999542236328,18.875822,Calibration,1998,1998-05-22,0.03839337039380206,exper2_05
16.209999084472656,18.900745,Calibration,1998,1998-05-23,0.0766359798832495,exper2_05
,17.80057,Calibration,1998,1998-05-24,,exper2_05
15.989999771118164,18.463318,Calibration,1998,1998-05-25,0.07178751624619446,exper2_05
17.56999969482422,18.341497,Calibration,1998,1998-05-26,0.02148330725245057,exper2_05
17.43000030517578,18.092386,Calibration,1998,1998-05-27,0.018646999958816496,exper2_05
18.1299991607666,18.851503,Calibration,1998,1998-05-28,0.01950986742041527,exper2_05
17.760000228881836,19.320639,Calibration,1998,1998-05-29,0.042087689819840964,exper2_05
18.3700008392334,18.893225,Calibration,1998,1998-05-30,0.01404129323627547,exper2_05
18.860000610351562,19.191513,Calibration,1998,1998-05-31,0.008712201412815429,exper2_05
18.34000015258789,18.99019,Calibration,1998,1998-06-01,0.017417279202786504,exper2_05
19.889999389648438,19.083591,Calibration,1998,1998-06-02,-0.020691137533446487,exper2_05
21.100000381469727,19.494802,Calibration,1998,1998-06-03,-0.039541955953587796,exper2_05
20.729999542236328,20.054245,Calibration,1998,1998-06-04,-0.016569009792500384,exper2_05
21.05999946594244,20.24776,Calibration,1998,1998-06-05,-0.019663101764530712,exper2_05
22.229999542236328,21.00442,Calibration,1998,1998-06-06,-0.0283473271415322,exper2_05
21.829999923706055,21.277208,Calibration,1998,1998-06-07,-0.01282364638943971,exper2_05
22.020000457763672,21.324974,Calibration,1998,1998-06-08,-0.01603476309391536,exper2_05
21.15999984741211,21.40045,Calibration,1998,1998-06-09,0.005649609147791203,exper2_05
21.969999313354492,21.67898,Calibration,1998,1998-06-10,-0.006667267943435936,exper2_05
,20.163279,Calibration,1998,1998-06-11,,exper2_05
20.510000228881836,20.567701,Calibration,1998,1998-06-12,0.0014046820692603169,exper2_05
19.700000762939453,20.653923,Calibration,1998,1998-06-13,0.023638897583116155,exper2_05
19.510000228881836,19.999422,Calibration,1998,1998-06-14,0.012387471543834709,exper2_05
19.209999084472656,20.133797,Calibration,1998,1998-06-15,0.023480134267491716,exper2_05
19.170000076293945,20.510664,Calibration,1998,1998-06-16,0.03378632746166909,exper2_05
19.040000915527344,20.77478,Calibration,1998,1998-06-17,0.043571239276105116,exper2_05
19.049999237060547,20.563477,Calibration,1998,1998-06-18,0.038206122913764684,exper2_05
19.389999389648438,21.039474,Calibration,1998,1998-06-19,0.040798826684621675,exper2_05
19.8700008392334,21.38434,Calibration,1998,1998-06-20,0.036707396257163245,exper2_05
21.079999923706055,21.49312,Calibration,1998,1998-06-21,0.009703781837888054,exper2_05
21.700000762939453,22.124323,Calibration,1998,1998-06-22,0.009682342884383032,exper2_05
,21.625305,Calibration,1998,1998-06-23,,exper2_05
21.09000015258789,21.659964,Calibration,1998,1998-06-24,0.013332489786306724,exper2_05
21.760000228881836,21.93427,Calibration,1998,1998-06-25,0.003988409133390564,exper2_05
22.209999084472656,22.287996,Calibration,1998,1998-06-26,0.0017528251999109291,exper2_05
22.75,22.415136,Calibration,1998,1998-06-27,-0.007414206839077399,exper2_05
22.65999984741211,22.53206,Calibration,1998,1998-06-28,-0.0028310110871454827,exper2_05
,21.653433,Calibration,1998,1998-06-29,,exper2_05
22.670000076293945,21.749376,Calibration,1998,1998-06-30,-0.02072572499803122,exper2_05
23.229999542236328,21.841555,Calibration,1998,1998-07-01,-0.030805347755387905,exper2_05
22.969999313354492,21.797495,Calibration,1998,1998-07-02,-0.026190977314190327,exper2_05
22.34000015258789,21.310736,Calibration,1998,1998-07-03,-0.023579544076641874,exper2_05
22.30999946594244,20.934591,Calibration,1998,1998-07-04,-0.03180532289607592,exper2_05
22.040000915527344,21.30229,Calibration,1998,1998-07-05,-0.017020580541768398,exper2_05
22.170000076293945,21.728502,Calibration,1998,1998-07-06,-0.010057240659733993,exper2_05
22.440000534057617,21.33749,Calibration,1998,1998-07-07,-0.025184414107817035,exper2_05
21.90999984741211,20.97273,Calibration,1998,1998-07-08,-0.02185656557398887,exper2_05
21.510000228881836,21.382612,Calibration,1998,1998-07-09,-0.002969928693785446,exper2_05
21.360000610351562,22.295343,Calibration,1998,1998-07-10,0.021425619472724824,exper2_05
21.6299991607666,22.098032,Calibration,1998,1998-07-11,0.010703268007154472,exper2_05
21.90999984741211,21.853466,Calibration,1998,1998-07-12,-0.0012918038445546808,exper2_05
23.06999969482422,22.000221,Calibration,1998,1998-07-13,-0.023735815354322443,exper2_05
21.68000030517578,21.442152,Calibration,1998,1998-07-14,-0.005515686695054017,exper2_05
21.729999542236328,21.440718,Calibration,1998,1998-07-15,-0.0067008811433156715,exper2_05
21.969999313354492,21.40267,Calibration,1998,1998-07-16,-0.013080343380781775,exper2_05
22.3700008392334,21.974733,Calibration,1998,1998-07-17,-0.008913515748269247,exper2_05
22.68000030517578,21.838507,Calibration,1998,1998-07-18,-0.018902107532398914,exper2_05
22.950000762939453,22.471754,Calibration,1998,1998-07-19,-0.010529022723992582,exper2_05
23.469999313354492,22.559847,Calibration,1998,1998-07-20,-0.01977309312566548,exper2_05
23.770000457763672,22.728773,Calibration,1998,1998-07-21,-0.022392576419733433,exper2_05
24.260000228881836,23.767889,Calibration,1998,1998-07-22,-0.010246363388480093,exper2_05
24.84000015258789,24.370031,Calibration,1998,1998-07-23,-0.009550264069361556,exper2_05
24.979999542236328,24.495844,Calibration,1998,1998-07-24,-0.0097856978546809,exper2_05
24.389999389648438,24.309002,Calibration,1998,1998-07-25,-0.00166322644938165,exper2_05
24.55999946594244,24.138584,Calibration,1998,1998-07-26,-0.008653543856959479,exper2_05
24.84000015258789,24.353323,Calibration,1998,1998-07-27,-0.009893154980819432,exper2_05
24.40999984741211,23.998518,Calibration,1998,1998-07-28,-0.008500195330930787,exper2_05
24.43000030517578,23.575378,Calibration,1998,1998-07-29,-0.017802627745857107,exper2_05
24.670000076293945,23.531096,Calibration,1998,1998-07-30,-0.023628188484181394,exper2_05
24.860000610351562,24.359543,Calibration,1998,1998-07-31,-0.010167866837464177,exper2_05
25.43000030517578,24.261534,Calibration,1998,1998-08-01,-0.023514399193173063,exper2_05
25.739999771118164,24.623653,Calibration,1998,1998-08-02,-0.022165714532203847,exper2_05
25.510000228881836,25.018896,Calibration,1998,1998-08-03,-0.009719272765267484,exper2_05
25.56999969482422,24.757008,Calibration,1998,1998-08-04,-0.0161541911523322,exper2_05
25.6200008392334,24.696175,Calibration,1998,1998-08-05,-0.01836042205494757,exper2_05
25.100000381469727,24.266338,Calibration,1998,1998-08-06,-0.016887256671859044,exper2_05
25.110000610351562,24.28292,Calibration,1998,1998-08-07,-0.01674490491160914,exper2_05
25.479999542236328,24.584072,Calibration,1998,1998-08-08,-0.01789561654849636,exper2_05
25.6200008392334,24.506716,Calibration,1998,1998-08-09,-0.022209415256044366,exper2_05
25.780000686645508,25.197071,Calibration,1998,1998-08-10,-0.011435133307119814,exper2_05
26.079999923706055,25.15906,Calibration,1998,1998-08-11,-0.0179734056223297,exper2_05
26.420000076293945,25.33677,Calibration,1998,1998-08-12,-0.020929261803736977,exper2_05
26.510000228881836,25.230835,Calibration,1998,1998-08-13,-0.024722547737227634,exper2_05
26.030000686645508,25.621988,Calibration,1998,1998-08-14,-0.007899258057028303,exper2_05
25.959999084472656,25.204758,Calibration,1998,1998-08-15,-0.014760969105465082,exper2_05
25.899999618530273,25.045103,Calibration,1998,1998-08-16,-0.01678074044888065,exper2_05
25.959999084472656,24.975569,Calibration,1998,1998-08-17,-0.019326972380019895,exper2_05
25.719999313354492,25.122509,Calibration,1998,1998-08-18,-0.011751786653697536,exper2_05
25.139999389648438,24.56207,Calibration,1998,1998-08-19,-0.01162785655294136,exper2_05
24.989999771118164,24.382853,Calibration,1998,1998-08-20,-0.012297187385385091,exper2_05
24.700000762939453,24.204987,Calibration,1998,1998-08-21,-0.010121957240902582,exper2_05
24.329999923706055,23.912933,Calibration,1998,1998-08-22,-0.0086451329925117,exper2_05
24.170000076293945,23.860727,Calibration,1998,1998-08-23,-0.006439060637677789,exper2_05
24.15999984741211,23.167223,Calibration,1998,1998-08-24,-0.02097686725497162,exper2_05
23.850000381469727,23.022219,Calibration,1998,1998-08-25,-0.017660390171259345,exper2_05
23.8799991607666,23.171743,Calibration,1998,1998-08-26,-0.01505270005704403,exper2_05
23.729999542236328,22.985683,Calibration,1998,1998-08-27,-0.015932895626051956,exper2_05
23.149999618530273,22.49307,Calibration,1998,1998-08-28,-0.014392743803894959,exper2_05
22.670000076293945,22.215885,Calibration,1998,1998-08-29,-0.010117098315562005,exper2_05
22.459999084472656,22.034864,Calibration,1998,1998-08-30,-0.009554690705291635,exper2_05
22.200000762939453,21.928585,Calibration,1998,1998-08-31,-0.00615056443422933,exper2_05
22.079999923706055,22.020792,Calibration,1998,1998-09-01,-0.0013425590259739024,exper2_05
21.93000030517578,21.473661,Calibration,1998,1998-09-02,-0.010513833724607104,exper2_05
22.30999946594244,20.981623,Calibration,1998,1998-09-03,-0.030684384268458487,exper2_05
22.360000610351562,21.301157,Calibration,1998,1998-09-04,-0.024251386602633408,exper2_05
,20.83054,Calibration,1998,1998-09-05,,exper2_05
21.489999771118164,20.711563,Calibration,1998,1998-09-06,-0.01844568323104463,exper2_05
21.270000457763672,20.879066,Calibration,1998,1998-09-07,-0.009275033090855611,exper2_05
21.3799991607666,20.442102,Calibration,1998,1998-09-08,-0.02242586318694735,exper2_05
20.709999084472656,20.54951,Calibration,1998,1998-09-09,-0.003889770946702931,exper2_05
21.459999084472656,20.527716,Calibration,1998,1998-09-10,-0.022203718555596514,exper2_05
21.229999542236328,20.73275,Calibration,1998,1998-09-11,-0.011849786046413534,exper2_05
,20.26909,Calibration,1998,1998-09-12,,exper2_05
20.489999771118164,19.756815,Calibration,1998,1998-09-13,-0.01821721344688161,exper2_05
19.81999969482422,18.876703,Calibration,1998,1998-09-14,-0.024376661586377947,exper2_05
19.610000610351562,18.644533,Calibration,1998,1998-09-15,-0.025237987707959254,exper2_05
19.239999771118164,18.444775,Calibration,1998,1998-09-16,-0.021102027439969532,exper2_05
18.90999984741211,18.48733,Calibration,1998,1998-09-17,-0.0113021537084948,exper2_05
,18.550455,Calibration,1998,1998-09-18,,exper2_05
,18.271708,Calibration,1998,1998-09-19,,exper2_05
,18.07145,Calibration,1998,1998-09-20,,exper2_05
18.30999946594244,18.072239,Calibration,1998,1998-09-21,-0.006535071902044308,exper2_05
18.639999389648438,18.071314,Calibration,1998,1998-09-22,-0.0154907433514964,exper2_05
18.25,18.22296,Calibration,1998,1998-09-23,-0.0007413843549963955,exper2_05
18.190000534057617,18.417934,Calibration,1998,1998-09-24,0.0062263518542417925,exper2_05
17.940000534057617,18.11922,Calibration,1998,1998-09-25,0.004970162784560637,exper2_05
18.110000610351562,18.40557,Calibration,1998,1998-09-26,0.008094313431802839,exper2_05
18.290000915527344,18.465212,Calibration,1998,1998-09-27,0.004766968804924174,exper2_05
17.6200008392334,18.474464,Calibration,1998,1998-09-28,0.023672980641670227,exper2_05
17.790000915527344,18.17115,Calibration,1998,1998-09-29,0.010598918001485096,exper2_05
17.850000381469727,18.220724,Calibration,1998,1998-09-30,0.010277690000258044,exper2_05
17.59000015258789,18.28927,Calibration,1998,1998-10-01,0.01948953358370717,exper2_05
17.899999618530273,17.87932,Calibration,1998,1998-10-02,-0.0005779728070244647,exper2_05
17.719999313354492,17.654247,Calibration,1998,1998-10-03,-0.0018587541995589091,exper2_05
17.459999084472656,17.839872,Calibration,1998,1998-10-04,0.01076132178985167,exper2_05
17.459999084472656,17.864511,Calibration,1998,1998-10-05,0.011451323707492196,exper2_05
17.079999923706055,17.936998,Calibration,1998,1998-10-06,0.024473783745861427,exper2_05
16.770000457763672,17.969835,Calibration,1998,1998-10-07,0.03453772299380043,exper2_05
17.290000915527344,17.976398,Calibration,1998,1998-10-08,0.019463216106221013,exper2_05
17.1299991607666,17.46142,Calibration,1998,1998-10-09,0.009581014769297479,exper2_05
17.209999084472656,16.924494,Calibration,1998,1998-10-10,-0.00836412879641915,exper2_05
16.420000076293945,17.005657,Calibration,1998,1998-10-11,0.01752118484849159,exper2_05
16.799999237060547,16.794153,Calibration,1998,1998-10-12,-0.00017401908168909904,exper2_05
16.209999084472656,16.727383,Calibration,1998,1998-10-13,0.01570809663787735,exper2_05
16.010000228881836,16.008741,Calibration,1998,1998-10-14,-3.931603912112688e-05,exper2_05
16.030000686645508,16.126188,Calibration,1998,1998-10-15,0.0029912621690927348,exper2_05
16.0,16.098728,Calibration,1998,1998-10-16,0.003075766098214639,exper2_05
15.59000015258789,16.496157,Calibration,1998,1998-10-17,0.028241354808922182,exper2_05
15.420000076293945,16.715357,Calibration,1998,1998-10-18,0.04030939361884861,exper2_05
15.239999771118164,15.478009,Calibration,1998,1998-10-19,0.007748205714052958,exper2_05
14.789999961853027,15.813634,Calibration,1998,1998-10-20,0.03344811798828778,exper2_05
14.819999694824219,14.446799,Calibration,1998,1998-10-21,-0.012751665014960183,exper2_05
14.229999542236328,15.362859,Calibration,1998,1998-10-22,0.03828150758542577,exper2_05
14.109999656677246,15.577797,Calibration,1998,1998-10-23,0.04944109862697648,exper2_05
14.039999961853027,13.698825,Calibration,1998,1998-10-24,-0.01229955058514558,exper2_05
13.989999771118164,13.29849,Calibration,1998,1998-10-25,-0.025340728533582536,exper2_05
13.5600004196167,14.124499,Calibration,1998,1998-10-26,0.020390431709312196,exper2_05
13.479999542236328,14.178687,Calibration,1998,1998-10-27,0.025261053156765332,exper2_05
13.210000038146916,13.008277,Calibration,1998,1998-10-28,-0.007693987630371004,exper2_05
13.15999984741211,12.854032,Calibration,1998,1998-10-29,-0.011761663533886614,exper2_05
12.859999656677246,12.690917,Calibration,1998,1998-10-30,-0.006617478494949141,exper2_05
,12.518504,Calibration,1998,1998-10-31,,exper2_05
12.420000076293945,12.113179,Calibration,1998,1998-11-01,-0.01250636396957454,exper2_05
,11.814884,Calibration,1998,1998-11-02,,exper2_05
11.979999542236328,12.039613,Calibration,1998,1998-11-03,0.002481856370915259,exper2_05
,12.561015,Calibration,1998,1998-11-04,,exper2_05
,11.738972,Calibration,1998,1998-11-05,,exper2_05
,11.658826,Calibration,1998,1998-11-06,,exper2_05
11.300000190734863,11.285152,Calibration,1998,1998-11-07,-0.000657412224658224,exper2_05
,11.07711,Calibration,1998,1998-11-08,,exper2_05
10.770000457763672,10.774593,Calibration,1998,1998-11-09,0.0002131808818535263,exper2_05
11.050000190734863,10.548704,Calibration,1998,1998-11-10,-0.02320954236649845,exper2_05
10.5600004196167,10.359414,Calibration,1998,1998-11-11,-0.009588524515130566,exper2_05
10.149999618530273,10.340509,Calibration,1998,1998-11-12,0.009297465272037567,exper2_05
10.319999694824219,10.129884,Calibration,1998,1998-11-13,-0.009296675407098838,exper2_05
,9.867686,Calibration,1998,1998-11-14,,exper2_05
9.850000381469727,8.420144,Calibration,1998,1998-11-15,-0.07826190445741345,exper2_05
9.369999885559082,11.08755,Calibration,1998,1998-11-16,0.08395679216770865,exper2_05
9.010000228881836,10.744269,Calibration,1998,1998-11-17,0.08779211670566553,exper2_05
9.40999984741211,9.560428,Calibration,1998,1998-11-18,0.00792959558735739,exper2_05
9.09000015258789,8.996764,Calibration,1998,1998-11-19,-0.00515492809069088,exper2_05
8.460000038146916,8.139289,Calibration,1998,1998-11-20,-0.019320775547383186,exper2_05
7.960000038146916,7.22068,Calibration,1998,1998-11-21,-0.048701361726841044,exper2_05
7.440000057220459,6.5606465,Calibration,1998,1998-11-22,-0.06280806515093038,exper2_05
7.690000057220459,5.994847,Calibration,1998,1998-11-23,-0.12387082234057781,exper2_05
7.239999771118164,5.564773,Calibration,1998,1998-11-24,-0.1308283018766044,exper2_05
7.110000133514404,5.324042,Calibration,1998,1998-11-25,-0.14363457139793578,exper2_05
7.550000190734863,5.621997,Calibration,1998,1998-11-26,-0.14637137412538806,exper2_05
,5.741462,Calibration,1998,1998-11-27,,exper2_05
7.670000076293945,6.0581093,Calibration,1998,1998-11-28,-0.11741535200569421,exper2_05
7.300000190734863,5.673037,Calibration,1998,1998-11-29,-0.12541112062806034,exper2_05
7.579999923706055,5.3366413,Calibration,1998,1998-11-30,-0.17367971837142132,exper2_05
7.010000228881836,5.116897,Calibration,1998,1998-12-01,-0.15610778836555456,exper2_05
,4.9368224,Calibration,1998,1998-12-02,,exper2_05
,5.090086,Calibration,1998,1998-12-03,,exper2_05
,4.869986,Calibration,1998,1998-12-04,,exper2_05
,4.9659815,Calibration,1998,1998-12-05,,exper2_05
,4.780746,Calibration,1998,1998-12-06,,exper2_05
,4.7214017,Calibration,1998,1998-12-07,,exper2_05
6.039999961853027,4.631965,Calibration,1998,1998-12-08,-0.131937725185319,exper2_05
,4.5843816,Calibration,1998,1998-12-09,,exper2_05
,4.534141,Calibration,1998,1998-12-10,,exper2_05
,4.5103383,Calibration,1998,1998-12-11,,exper2_05
,4.8353314,Calibration,1998,1998-12-12,,exper2_05
,4.6167665,Calibration,1998,1998-12-13,,exper2_05
,4.534762,Calibration,1998,1998-12-14,,exper2_05
5.860000133514404,5.1103086,Calibration,1998,1998-12-15,-0.0683382301580799,exper2_05
5.630000114440918,4.807749,Calibration,1998,1998-12-16,-0.07877669093730862,exper2_05
,4.753325,Calibration,1998,1998-12-17,,exper2_05
,4.6908813,Calibration,1998,1998-12-18,,exper2_05
,4.6425424,Calibration,1998,1998-12-19,,exper2_05
,4.5235095,Calibration,1998,1998-12-20,,exper2_05
,4.4659286,Calibration,1998,1998-12-21,,exper2_05
,4.4300647,Calibration,1998,1998-12-22,,exper2_05
5.039999961853027,4.409367,Calibration,1998,1998-12-23,-0.066738107881314,exper2_05
,4.3884997,Calibration,1998,1998-12-24,,exper2_05
5.0,4.3965774,Calibration,1998,1998-12-25,-0.06421728026584322,exper2_05
5.090000152587891,4.3742824,Calibration,1998,1998-12-26,-0.07562303762099622,exper2_05
4.849999904632568,4.3603344,Calibration,1998,1998-12-27,-0.0531647920985204,exper2_05
4.96999979019165,4.3615527,Calibration,1998,1998-12-28,-0.0652031989888033,exper2_05
4.809999942779541,4.4822364,Calibration,1998,1998-12-29,-0.03527283915950711,exper2_05
,4.414658,Calibration,1998,1998-12-30,,exper2_05
4.480000019073486,4.3852572,Calibration,1998,1998-12-31,-0.01068697412277418,exper2_05
4.389999866485596,3.398713,Calibration,1999,1999-01-01,-0.12727221523786258,exper2_05
,3.5086079,Calibration,1999,1999-01-02,,exper2_05
,3.5292912,Calibration,1999,1999-01-03,,exper2_05
,3.4904065,Calibration,1999,1999-01-04,,exper2_05
4.710000038146916,3.4597173,Calibration,1999,1999-01-05,-0.15303868135313087,exper2_05
4.57000017166132,3.451757,Calibration,1999,1999-01-06,-0.1394012807822445,exper2_05
4.239999771118164,3.43256,Calibration,1999,1999-01-07,-0.105237343420264,exper2_05
,3.4642954,Calibration,1999,1999-01-08,,exper2_05
,3.4560995,Calibration,1999,1999-01-09,,exper2_05
,3.4382577,Calibration,1999,1999-01-10,,exper2_05
,3.5351858,Calibration,1999,1999-01-11,,exper2_05
4.090000152587891,3.4986756,Calibration,1999,1999-01-12,-0.07792197061234282,exper2_05
,3.5164478,Calibration,1999,1999-01-13,,exper2_05
4.010000228881836,3.4894814,Calibration,1999,1999-01-14,-0.06940730067798849,exper2_05
4.139999866485596,3.4560695,Calibration,1999,1999-01-15,-0.09003740839989072,exper2_05
3.9100000858306885,3.4249742,Calibration,1999,1999-01-16,-0.06612509650541822,exper2_05
3.640000104904118,3.4439323,Calibration,1999,1999-01-17,-0.02767782059375167,exper2_05
,3.447662,Calibration,1999,1999-01-18,,exper2_05
3.390000104904118,3.4569254,Calibration,1999,1999-01-19,0.009774502041178466,exper2_05
3.390000104904118,3.3487878,Calibration,1999,1999-01-20,-0.00611568742088406,exper2_05
3.369999885559082,3.2435184,Calibration,1999,1999-01-21,-0.019124697097303713,exper2_05
3.210000038146916,3.1181948,Calibration,1999,1999-01-22,-0.014507331352768082,exper2_05
3.0199999809265137,3.0675538,Calibration,1999,1999-01-23,0.007811639901553481,exper2_05
3.2200000286102295,3.0405393,Calibration,1999,1999-01-24,-0.02866538416644753,exper2_05
3.109999895095825,3.0745502,Calibration,1999,1999-01-25,-0.00573198421904987,exper2_05
3.109999895095825,3.1465828,Calibration,1999,1999-01-26,0.005847113083182271,exper2_05
2.950000047683716,3.2664332,Calibration,1999,1999-01-27,0.05090269238119722,exper2_05
3.1500000953674316,3.269949,Calibration,1999,1999-01-28,0.018683771936633037,exper2_05
3.0199999809265137,3.0904028,Calibration,1999,1999-01-29,0.011521803502430676,exper2_05
2.960000038146916,2.7039106,Calibration,1999,1999-01-30,-0.04521424608846859,exper2_05
3.0399999618530273,2.5408614,Calibration,1999,1999-01-31,-0.08943755527263976,exper2_05
2.450000047683716,2.496564,Calibration,1999,1999-02-01,0.009413375453966675,exper2_05
2.119999885559082,2.9178255,Calibration,1999,1999-02-02,0.1583670572282638,exper2_05
2.5999999046325684,3.0486505,Calibration,1999,1999-02-03,0.07942615777871133,exper2_05
2.6600000858306885,3.1340535,Calibration,1999,1999-02-04,0.08181722492062594,exper2_05
2.690000057220459,3.1792166,Calibration,1999,1999-02-05,0.08335295708351845,exper2_05
2.2300000190734863,3.1158233,Calibration,1999,1999-02-06,0.16570380315625613,exper2_05
2.6700000762939453,3.1217213,Calibration,1999,1999-02-07,0.07799428953443568,exper2_05
2.7699999809265137,3.0230408,Calibration,1999,1999-02-08,0.04368013300313025,exper2_05
3.0199999809265137,3.223643,Calibration,1999,1999-02-09,0.0326160675891926,exper2_05
,3.3463578,Calibration,1999,1999-02-10,,exper2_05
2.490000009536743,3.2729514,Calibration,1999,1999-02-11,0.1358594414843554,exper2_05
2.380000114440918,2.8448796,Calibration,1999,1999-02-12,0.08897420338298426,exper2_05
,2.9819105,Calibration,1999,1999-02-13,,exper2_05
2.559999942779541,3.0549479,Calibration,1999,1999-02-14,0.08814826571906395,exper2_05
2.7200000286102295,2.900045,Calibration,1999,1999-02-15,0.03203620098389724,exper2_05
2.109999895095825,3.0567856,Calibration,1999,1999-02-16,0.18324462904898692,exper2_05
2.390000104904118,3.117505,Calibration,1999,1999-02-17,0.132093378956712,exper2_05
1.8899999856948853,2.8502414,Calibration,1999,1999-02-18,0.20257226462500894,exper2_05
2.5199999809265137,2.8889961,Calibration,1999,1999-02-19,0.06821897005744354,exper2_05
3.0399999618530273,2.8844402,Calibration,1999,1999-02-20,-0.02625729594582103,exper2_05
,2.8913765,Calibration,1999,1999-02-21,,exper2_05
,3.7070944,Calibration,1999,1999-02-22,,exper2_05
2.460000038146916,3.5674844,Calibration,1999,1999-02-23,0.18373906327343967,exper2_05
2.5399999618530273,3.4390635,Calibration,1999,1999-02-24,0.15036862972779738,exper2_05
3.640000104904118,3.196572,Calibration,1999,1999-02-25,-0.06486116558234503,exper2_05
3.569999933242798,3.341962,Calibration,1999,1999-02-26,-0.032991766028408254,exper2_05
3.740000009536743,3.3943386,Calibration,1999,1999-02-27,-0.048450377854124094,exper2_05
4.099999904632568,3.7770896,Calibration,1999,1999-02-28,-0.04099360668942206,exper2_05
3.7200000286102295,3.7764301,Calibration,1999,1999-03-01,0.007527596496020473,exper2_05
3.460000038146916,3.7651973,Calibration,1999,1999-03-02,0.04224067878110976,exper2_05
3.7699999809265137,3.705466,Calibration,1999,1999-03-03,-0.008632766009032806,exper2_05
3.7200000286102295,3.515996,Calibration,1999,1999-03-04,-0.028192946634834893,exper2_05
3.319999933242798,3.5201023,Calibration,1999,1999-03-05,0.029254289413801607,exper2_05
3.6700000762939453,3.5791786,Calibration,1999,1999-03-06,-0.01252852343734352,exper2_05
4.059999942779541,3.6254497,Calibration,1999,1999-03-07,-0.05654194717859209,exper2_05
4.019999980926514,3.3712816,Calibration,1999,1999-03-08,-0.0877680477858948,exper2_05
,3.4872463,Calibration,1999,1999-03-09,,exper2_05
4.179999828338623,3.581365,Calibration,1999,1999-03-10,-0.07713008275233121,exper2_05
4.46999979019165,3.841495,Calibration,1999,1999-03-11,-0.07561873840679435,exper2_05
4.920000076293945,3.8939142,Calibration,1999,1999-03-12,-0.11641659071858337,exper2_05
5.130000114440918,3.9239643,Calibration,1999,1999-03-13,-0.13320527917795774,exper2_05
5.900000095367432,4.006512,Calibration,1999,1999-03-14,-0.19113567727158126,exper2_05
5.949999809265137,4.378343,Calibration,1999,1999-03-15,-0.15216929927163325,exper2_05
5.699999809265137,4.6970925,Calibration,1999,1999-03-16,-0.09646036056310588,exper2_05
,4.729381,Calibration,1999,1999-03-17,,exper2_05
4.360000133514404,4.5697703,Calibration,1999,1999-03-18,0.02349110801328087,exper2_05
5.239999771118164,4.446979,Calibration,1999,1999-03-19,-0.08186460817480937,exper2_05
4.860000133514404,4.514541,Calibration,1999,1999-03-20,-0.03685076143557236,exper2_05
5.429999828338623,4.6971283,Calibration,1999,1999-03-21,-0.07236716307422024,exper2_05
4.989999771118164,4.8267455,Calibration,1999,1999-03-22,-0.016630182034891864,exper2_05
6.0,5.022343,Calibration,1999,1999-03-23,-0.08869773216092092,exper2_05
6.139999866485596,5.2508993,Calibration,1999,1999-03-24,-0.07805358799590446,exper2_05
5.989999771118164,5.4982104,Calibration,1999,1999-03-25,-0.04280817745820975,exper2_05
5.619999885559082,5.4696307,Calibration,1999,1999-03-26,-0.013559438785678465,exper2_05
,6.0848403,Calibration,1999,1999-03-27,,exper2_05
6.46999979019165,5.8929343,Calibration,1999,1999-03-28,-0.046677064083738035,exper2_05
6.349999904632568,5.859722,Calibration,1999,1999-03-29,-0.04015470339877815,exper2_05
7.130000114440918,5.911866,Calibration,1999,1999-03-30,-0.09340181061041924,exper2_05
7.519999980926514,6.3995857,Calibration,1999,1999-03-31,-0.08049192560831177,exper2_05
7.639999866485596,7.379731,Calibration,1999,1999-04-01,-0.01732845198267012,exper2_05
8.710000038146916,7.483682,Calibration,1999,1999-04-02,-0.07572816780427048,exper2_05
9.630000114440918,7.7627864,Calibration,1999,1999-04-03,-0.10735563997977043,exper2_05
10.5600004196167,8.608624,Calibration,1999,1999-04-04,-0.10180051901117228,exper2_05
10.600000381469727,9.242291,Calibration,1999,1999-04-05,-0.0684250056629888,exper2_05
11.579999923706055,9.777577,Calibration,1999,1999-04-06,-0.08439264885537394,exper2_05
11.899999618530273,9.359955,Calibration,1999,1999-04-07,-0.11947555156899499,exper2_05
10.5,9.179112,Calibration,1999,1999-04-08,-0.06712129777279381,exper2_05
10.970000267028809,9.000678,Calibration,1999,1999-04-09,-0.09861068172551789,exper2_05
11.220000267028809,9.72026,Calibration,1999,1999-04-10,-0.0716199610391988,exper2_05
11.420000076293945,9.395379,Calibration,1999,1999-04-11,-0.09726563210503632,exper2_05
11.960000038146916,9.336501,Calibration,1999,1999-04-12,-0.12318919887152155,exper2_05
11.399999618530273,9.643346,Calibration,1999,1999-04-13,-0.08347787616595229,exper2_05
10.9399995803833,9.08458,Calibration,1999,1999-04-14,-0.09265708238404434,exper2_05
10.489999771118164,8.766431,Calibration,1999,1999-04-15,-0.08950614731274247,exper2_05
10.479999542236328,9.258803,Calibration,1999,1999-04-16,-0.06186779310776328,exper2_05
8.760000228881836,9.369215,Calibration,1999,1999-04-17,0.03360403495870038,exper2_05
8.479999542236328,9.819922,Calibration,1999,1999-04-18,0.07322014300068597,exper2_05
9.489999771118164,10.012537,Calibration,1999,1999-04-19,0.026793295534274703,exper2_05
10.170000076293945,9.8378725,Calibration,1999,1999-04-20,-0.016599844373926795,exper2_05
10.779999732971248,10.03798,Calibration,1999,1999-04-21,-0.03564321130095804,exper2_05
11.609999656677246,9.967286,Calibration,1999,1999-04-22,-0.07613161194238835,exper2_05
11.619999885559082,10.388953,Calibration,1999,1999-04-23,-0.05593390432298036,exper2_05
11.760000228881836,10.63486,Calibration,1999,1999-04-24,-0.05024100068846389,exper2_05
11.989999771118164,11.390744,Calibration,1999,1999-04-25,-0.02563030339542529,exper2_05
12.920000076293945,11.871912,Calibration,1999,1999-04-26,-0.04227540297806557,exper2_05
13.279999732971248,12.109912,Calibration,1999,1999-04-27,-0.046084753282583844,exper2_05
14.020000457763672,12.401356,Calibration,1999,1999-04-28,-0.06126274147440155,exper2_05
15.09000015258789,12.475181,Calibration,1999,1999-04-29,-0.0948595094544607,exper2_05
14.710000038146916,12.451581,Calibration,1999,1999-04-30,-0.08314755439260997,exper2_05
15.350000381469727,12.932645,Calibration,1999,1999-05-01,-0.08547133827612784,exper2_05
15.229999542236328,13.634002,Calibration,1999,1999-05-02,-0.05529371327305842,exper2_05
15.869999885559082,14.398075,Calibration,1999,1999-05-03,-0.04862961329119003,exper2_05
16.31999969482422,14.093058,Calibration,1999,1999-05-04,-0.07322322246047573,exper2_05
15.0600004196167,14.001986,Calibration,1999,1999-05-05,-0.03640545662635464,exper2_05
13.579999923706055,14.045915,Calibration,1999,1999-05-06,0.01686513309866645,exper2_05
,14.304118,Calibration,1999,1999-05-07,,exper2_05
14.880000114440918,14.681572,Calibration,1999,1999-05-08,-0.006712368120646935,exper2_05
15.050000190734863,15.264094,Calibration,1999,1999-05-09,0.007062528675576576,exper2_05
16.139999389648438,15.564696,Calibration,1999,1999-05-10,-0.018145674164875735,exper2_05
16.270000457763672,15.809336,Calibration,1999,1999-05-11,-0.014360170882472012,exper2_05
15.989999771118164,15.79146,Calibration,1999,1999-05-12,-0.006247030032099359,exper2_05
16.969999313354492,16.18714,Calibration,1999,1999-05-13,-0.023610595787249,exper2_05
17.729999542236328,15.628227,Calibration,1999,1999-05-14,-0.06300611607611,exper2_05
17.149999618530273,15.939537,Calibration,1999,1999-05-15,-0.03658143002656088,exper2_05
17.18000030517578,16.34387,Calibration,1999,1999-05-16,-0.024941336741130585,exper2_05
16.940000534057617,16.643892,Calibration,1999,1999-05-17,-0.00881697209482797,exper2_05
16.469999313354492,16.72781,Calibration,1999,1999-05-18,0.007765891747489675,exper2_05
15.869999885559082,16.845938,Calibration,1999,1999-05-19,0.029830654857709835,exper2_05
,17.329823,Calibration,1999,1999-05-20,,exper2_05
15.899999618530273,16.937164,Calibration,1999,1999-05-21,0.03158508726496098,exper2_05
15.789999961853027,17.56295,Calibration,1999,1999-05-22,0.05315722199428515,exper2_05
16.149999618530273,18.103228,Calibration,1999,1999-05-23,0.05702318159656044,exper2_05
16.489999771118164,18.473866,Calibration,1999,1999-05-24,0.05674045824222013,exper2_05
17.100000381469727,18.782677,Calibration,1999,1999-05-25,0.04689383436019314,exper2_05
18.100000381469727,19.09497,Calibration,1999,1999-05-26,0.02675013026337226,exper2_05
18.920000076293945,19.114252,Calibration,1999,1999-05-27,0.005107291535759014,exper2_05
19.270000457763672,19.524569,Calibration,1999,1999-05-28,0.006561952006061891,exper2_05
20.43000030517578,19.868261,Calibration,1999,1999-05-29,-0.01393953349351651,exper2_05
21.59000015258789,19.954079,Calibration,1999,1999-05-30,-0.039377969724341266,exper2_05
21.479999542236328,20.504618,Calibration,1999,1999-05-31,-0.023231886235304686,exper2_05
21.5,20.803095,Calibration,1999,1999-06-01,-0.01647409340500171,exper2_05
22.030000686645508,20.663137,Calibration,1999,1999-06-02,-0.032015993924095876,exper2_05
21.790000915527344,20.886179,Calibration,1999,1999-06-03,-0.02117860473003126,exper2_05
21.3799991607666,21.048431,Calibration,1999,1999-06-04,-0.007814754397639673,exper2_05
21.049999237060547,20.876844,Calibration,1999,1999-06-05,-0.004129927652227364,exper2_05
21.25,21.161516,Calibration,1999,1999-06-06,-0.002086315660805216,exper2_05
21.65999984741211,21.5711,Calibration,1999,1999-06-07,-0.002056380990937479,exper2_05
21.90999984741211,21.484362,Calibration,1999,1999-06-08,-0.009808606099482562,exper2_05
21.170000076293945,21.157198,Calibration,1999,1999-06-09,-0.000302456213019298,exper2_05
21.299999237060547,21.701298,Calibration,1999,1999-06-10,0.009332242303681196,exper2_05
,21.415392,Calibration,1999,1999-06-11,,exper2_05
21.270000457763672,21.301346,Calibration,1999,1999-06-12,0.0007363020004887175,exper2_05
,21.089823,Calibration,1999,1999-06-13,,exper2_05
21.59000015258789,20.854967,Calibration,1999,1999-06-14,-0.017317318932169742,exper2_05
22.149999618530273,20.878962,Calibration,1999,1999-06-15,-0.02953912947269203,exper2_05
21.770000457763672,20.862528,Calibration,1999,1999-06-16,-0.021285920552970346,exper2_05
22.06999969482422,20.747461,Calibration,1999,1999-06-17,-0.030887828108920965,exper2_05
21.690000534057617,21.078661,Calibration,1999,1999-06-18,-0.014294101046528097,exper2_05
21.239999771118164,20.84423,Calibration,1999,1999-06-19,-0.009404214245691572,exper2_05
20.81999969482422,20.51288,Calibration,1999,1999-06-20,-0.0074303888177445175,exper2_05
20.65999984741211,20.435951,Calibration,1999,1999-06-21,-0.005451841571060099,exper2_05
19.8700008392334,20.044968,Calibration,1999,1999-06-22,0.004383488669795425,exper2_05
19.899999618530273,20.320536,Calibration,1999,1999-06-23,0.010455754463477842,exper2_05
20.139999389648438,20.500628,Calibration,1999,1999-06-24,0.008873586740527102,exper2_05
20.549999237060547,20.462614,Calibration,1999,1999-06-25,-0.002130690306919393,exper2_05
21.209999084472656,20.592333,Calibration,1999,1999-06-26,-0.014775880102175256,exper2_05
21.55999946594244,21.174078,Calibration,1999,1999-06-27,-0.009030766574765732,exper2_05
21.700000762939453,21.840578,Calibration,1999,1999-06-28,0.0032286506064556453,exper2_05
21.799999237060547,22.555204,Calibration,1999,1999-06-29,0.017026303401592637,exper2_05
22.469999313354492,22.753117,Calibration,1999,1999-06-30,0.006260455268185656,exper2_05
22.540000915527344,22.557806,Calibration,1999,1999-07-01,0.0003948107613021506,exper2_05
22.75,23.048122,Calibration,1999,1999-07-02,0.006509489698354191,exper2_05
23.459999084472656,23.201109,Calibration,1999,1999-07-03,-0.005548306994411634,exper2_05
24.110000610351562,23.505726,Calibration,1999,1999-07-04,-0.012690654843301773,exper2_05
24.6299991607666,23.623034,Calibration,1999,1999-07-05,-0.020868442483079817,exper2_05
24.850000381469727,23.397001,Calibration,1999,1999-07-06,-0.0301158427541786,exper2_05
23.729999542236328,23.65528,Calibration,1999,1999-07-07,-0.0015768691192190741,exper2_05
22.75,22.88547,Calibration,1999,1999-07-08,0.002968511956112917,exper2_05
22.049999237060547,22.776014,Calibration,1999,1999-07-09,0.016196289457874633,exper2_05
21.84000015258789,22.1831,Calibration,1999,1999-07-10,0.007793626412067563,exper2_05
21.670000076293945,21.820137,Calibration,1999,1999-07-11,0.0034522068138312994,exper2_05
22.3700008392334,22.017206,Calibration,1999,1999-07-12,-0.007948115477696496,exper2_05
23.030000686645508,22.363497,Calibration,1999,1999-07-13,-0.014682805763841624,exper2_05
22.829999923706055,22.47359,Calibration,1999,1999-07-14,-0.007867126353178698,exper2_05
22.6299991607666,22.607424,Calibration,1999,1999-07-15,-0.000499042097211343,exper2_05
22.75,22.555077,Calibration,1999,1999-07-16,-0.004302462671096945,exper2_05
23.31999969482422,23.149223,Calibration,1999,1999-07-17,-0.0036750424491701766,exper2_05
23.84000015258789,23.488289,Calibration,1999,1999-07-18,-0.007431311809216007,exper2_05
23.93000030517578,23.576643,Calibration,1999,1999-07-19,-0.00743806109110058,exper2_05
24.799999237060547,23.921768,Calibration,1999,1999-07-20,-0.018025434933702074,exper2_05
25.75,24.571232,Calibration,1999,1999-07-21,-0.023424866896326238,exper2_05
23.989999771118164,24.146196,Calibration,1999,1999-07-22,0.0032448886030677694,exper2_05
23.989999771118164,23.32819,Calibration,1999,1999-07-23,-0.013986374511913504,exper2_05
23.0,23.720957,Calibration,1999,1999-07-24,0.01543112238513961,exper2_05
22.489999771118164,23.285141,Calibration,1999,1999-07-25,0.017370590387067453,exper2_05
22.299999237060547,23.072832,Calibration,1999,1999-07-26,0.017032943450536943,exper2_05
23.440000534057617,23.533102,Calibration,1999,1999-07-27,0.001982017290148864,exper2_05
23.209999084472656,23.436222,Calibration,1999,1999-07-28,0.004849760308838049,exper2_05
23.1299991607666,23.180826,Calibration,1999,1999-07-29,0.0010975193377652005,exper2_05
23.549999237060547,23.092478,Calibration,1999,1999-07-30,-0.00980911537460133,exper2_05
23.200000762939453,23.129805,Calibration,1999,1999-07-31,-0.0015151402248836474,exper2_05
23.40999984741211,23.190905,Calibration,1999,1999-08-01,-0.004701523127483521,exper2_05
24.520000457763672,23.19641,Calibration,1999,1999-08-02,-0.027738701236883944,exper2_05
22.940000534057617,23.320211,Calibration,1999,1999-08-03,0.008218960970614184,exper2_05
23.0,23.34043,Calibration,1999,1999-08-04,0.007346270009327976,exper2_05
23.34000015258789,23.473906,Calibration,1999,1999-08-05,0.002860376820065247,exper2_05
23.989999771118164,23.38944,Calibration,1999,1999-08-06,-0.012675524039961882,exper2_05
24.229999542236328,23.314335,Calibration,1999,1999-08-07,-0.019259175339885498,exper2_05
24.100000381469727,23.325546,Calibration,1999,1999-08-08,-0.01632989330835007,exper2_05
24.229999542236328,23.577948,Calibration,1999,1999-08-09,-0.013638986076794406,exper2_05
24.40999984741211,23.841007,Calibration,1999,1999-08-10,-0.01179234692038209,exper2_05
23.920000076293945,23.483973,Calibration,1999,1999-08-11,-0.009198122070865825,exper2_05
23.670000076293945,23.22244,Calibration,1999,1999-08-12,-0.009544381761603674,exper2_05
23.200000762939453,23.093765,Calibration,1999,1999-08-13,-0.002294812310161324,exper2_05
22.81999969482422,23.17118,Calibration,1999,1999-08-14,0.0076358342418477556,exper2_05
22.989999771118164,22.92287,Calibration,1999,1999-08-15,-0.0014620984167752768,exper2_05
22.55999946594244,22.804096,Calibration,1999,1999-08-16,0.00538083592938629,exper2_05
22.68000030517578,22.68721,Calibration,1999,1999-08-17,0.0001589204575362015,exper2_05
22.760000228881836,22.585789,Calibration,1999,1999-08-18,-0.0038418452096055343,exper2_05
22.75,22.537611,Calibration,1999,1999-08-19,-0.0046897813239365595,exper2_05
23.06999969482422,21.99958,Calibration,1999,1999-08-20,-0.023750372416781778,exper2_05
,21.9187,Calibration,1999,1999-08-21,,exper2_05
22.610000610351562,21.960096,Calibration,1999,1999-08-22,-0.014581620756666708,exper2_05
22.6299991607666,22.290327,Calibration,1999,1999-08-23,-0.007561656762283074,exper2_05
22.579999923706055,22.482626,Calibration,1999,1999-08-24,-0.0021608585937894827,exper2_05
22.68000030517578,22.350584,Calibration,1999,1999-08-25,-0.0073153897486953594,exper2_05
22.200000762939453,22.586233,Calibration,1999,1999-08-26,0.008623908340763136,exper2_05
,22.03337,Calibration,1999,1999-08-27,,exper2_05
22.43000030517578,22.221716,Calibration,1999,1999-08-28,-0.004664644399515616,exper2_05
21.969999313354492,21.864828,Calibration,1999,1999-08-29,-0.002399261267716743,exper2_05
21.690000534057617,21.644419,Calibration,1999,1999-08-30,-0.0010518617398210435,exper2_05
21.81999969482422,21.841684,Calibration,1999,1999-08-31,0.0004966516314038475,exper2_05
21.780000686645508,21.891077,Calibration,1999,1999-09-01,0.002543476386628327,exper2_05
,21.279692,Calibration,1999,1999-09-02,,exper2_05
,21.129076,Calibration,1999,1999-09-03,,exper2_05
20.420000076293945,20.841501,Calibration,1999,1999-09-04,0.010215361687355052,exper2_05
20.420000076293945,21.083315,Calibration,1999,1999-09-05,0.015982212981894502,exper2_05
20.540000915527344,21.007978,Calibration,1999,1999-09-06,0.01126354472757261,exper2_05
20.700000762939453,21.097876,Calibration,1999,1999-09-07,0.009519020266608865,exper2_05
20.6299991607666,21.030617,Calibration,1999,1999-09-08,0.009616218834757238,exper2_05
20.690000534057617,20.911867,Calibration,1999,1999-09-09,0.005333092480248824,exper2_05
20.860000610351562,20.869947,Calibration,1999,1999-09-10,0.00023836174225933383,exper2_05
20.899999618530273,20.883558,Calibration,1999,1999-09-11,-0.0003934883969766579,exper2_05
20.950000762939453,20.86004,Calibration,1999,1999-09-12,-0.0021516385823810704,exper2_05
21.010000228881836,20.852371,Calibration,1999,1999-09-13,-0.0037654105016420906,exper2_05
21.09000015258789,20.844336,Calibration,1999,1999-09-14,-0.005858316160404307,exper2_05
21.25,20.849188,Calibration,1999,1999-09-15,-0.00952066226234306,exper2_05
20.989999771118164,20.8842,Calibration,1999,1999-09-16,-0.002526630512513813,exper2_05
21.389999389648438,21.186487,Calibration,1999,1999-09-17,-0.004779919812173822,exper2_05
,21.31218,Calibration,1999,1999-09-18,,exper2_05
21.079999923706055,21.391493,Calibration,1999,1999-09-19,0.007334164627278016,exper2_05
,21.031637,Calibration,1999,1999-09-20,,exper2_05
20.670000076293945,21.240335,Calibration,1999,1999-09-21,0.013608466284617463,exper2_05
20.3700008392334,20.84455,Calibration,1999,1999-09-22,0.011514097318372288,exper2_05
20.780000686645508,21.125814,Calibration,1999,1999-09-23,0.008252166201593065,exper2_05
20.780000686645508,20.704523,Calibration,1999,1999-09-24,-0.0018194158503617361,exper2_05
20.6200008392334,20.907972,Calibration,1999,1999-09-25,0.006934398059066668,exper2_05
,20.564037,Calibration,1999,1999-09-26,,exper2_05
,20.700842,Calibration,1999,1999-09-27,,exper2_05
19.709999084472656,20.309496,Calibration,1999,1999-09-28,0.014980120095849052,exper2_05
19.700000762939453,20.069036,Calibration,1999,1999-09-29,0.009279473338414284,exper2_05
19.799999237060547,19.84627,Calibration,1999,1999-09-30,0.0011670800766840743,exper2_05
19.690000534057617,19.53033,Calibration,1999,1999-10-01,-0.004071099637504694,exper2_05
19.209999084472656,19.304953,Calibration,1999,1999-10-02,0.0024653681955072683,exper2_05
,19.115873,Calibration,1999,1999-10-03,,exper2_05
18.65999984741211,18.514559,Calibration,1999,1999-10-04,-0.00391238149477878,exper2_05
,17.789637,Calibration,1999,1999-10-05,,exper2_05
,17.170988,Calibration,1999,1999-10-06,,exper2_05
17.530000686645508,17.268099,Calibration,1999,1999-10-07,-0.007526326411435596,exper2_05
17.260000228881836,17.078354,Calibration,1999,1999-10-08,-0.005289896727729374,exper2_05
17.15999984741211,16.830544,Calibration,1999,1999-10-09,-0.009692587900207139,exper2_05
17.290000915527344,16.612963,Calibration,1999,1999-10-10,-0.019969882278493903,exper2_05
17.100000381469727,16.521742,Calibration,1999,1999-10-11,-0.017198945555222993,exper2_05
16.860000610351562,16.007683,Calibration,1999,1999-10-12,-0.02593178835909567,exper2_05
,16.145876,Calibration,1999,1999-10-13,,exper2_05
16.709999084472656,15.949547,Calibration,1999,1999-10-14,-0.02328422669661779,exper2_05
16.889999389648438,15.492097,Calibration,1999,1999-10-15,-0.043168993018984574,exper2_05
16.55999946594244,15.393743,Calibration,1999,1999-10-16,-0.036498288795294556,exper2_05
15.989999771118164,14.9437275,Calibration,1999,1999-10-17,-0.03382302652664768,exper2_05
,13.501928,Calibration,1999,1999-10-18,,exper2_05
,13.061994,Calibration,1999,1999-10-19,,exper2_05
14.729999542236328,12.754926,Calibration,1999,1999-10-20,-0.07186025775889986,exper2_05
,13.316728,Calibration,1999,1999-10-21,,exper2_05
,13.262151,Calibration,1999,1999-10-22,,exper2_05
,13.580199,Calibration,1999,1999-10-23,,exper2_05
14.010000228881836,14.988735,Calibration,1999,1999-10-24,0.033750953469253414,exper2_05
,15.502373,Calibration,1999,1999-10-25,,exper2_05
14.0600004196167,15.858096,Calibration,1999,1999-10-26,0.060100605016072284,exper2_05
14.350000381469727,15.521093,Calibration,1999,1999-10-27,0.039204891419837844,exper2_05
14.40999984741211,15.514311,Calibration,1999,1999-10-28,0.03690347293322303,exper2_05
,15.110961,Calibration,1999,1999-10-29,,exper2_05
13.859999656677246,13.767018,Calibration,1999,1999-10-30,-0.0033655944548778094,exper2_05
14.0,14.513346,Calibration,1999,1999-10-31,0.01800369986230037,exper2_05
14.029999732971248,13.311197,Calibration,1999,1999-11-01,-0.026290087142973626,exper2_05
,13.121213,Calibration,1999,1999-11-02,,exper2_05
13.510000228881836,13.378421,Calibration,1999,1999-11-03,-0.00489353386804891,exper2_05
,13.569961,Calibration,1999,1999-11-04,,exper2_05
,12.973167,Calibration,1999,1999-11-05,,exper2_05
,12.5140505,Calibration,1999,1999-11-06,,exper2_05
13.109999656677246,12.1367655,Calibration,1999,1999-11-07,-0.038548866413791606,exper2_05
,11.870929,Calibration,1999,1999-11-08,,exper2_05
,11.629779,Calibration,1999,1999-11-09,,exper2_05
,8.362264,Calibration,1999,1999-11-10,,exper2_05
,11.18787,Calibration,1999,1999-11-11,,exper2_05
,11.148375,Calibration,1999,1999-11-12,,exper2_05
,10.600101,Calibration,1999,1999-11-13,,exper2_05
,10.053576,Calibration,1999,1999-11-14,,exper2_05
,9.6739855,Calibration,1999,1999-11-15,,exper2_05
10.800000190734863,9.020179,Calibration,1999,1999-11-16,-0.08979845223231873,exper2_05
,8.7112465,Calibration,1999,1999-11-17,,exper2_05
,8.704471,Calibration,1999,1999-11-18,,exper2_05
,7.6595435,Calibration,1999,1999-11-19,,exper2_05
8.930000305175781,7.926869,Calibration,1999,1999-11-20,-0.05950876028533736,exper2_05
8.90999984741211,6.949908,Calibration,1999,1999-11-21,-0.12358786153133507,exper2_05
,6.497043,Calibration,1999,1999-11-22,,exper2_05
,6.537048,Calibration,1999,1999-11-23,,exper2_05
,6.7539845,Calibration,1999,1999-11-24,,exper2_05
7.730000019073486,7.047827,Calibration,1999,1999-11-25,-0.046161946677442146,exper2_05
,7.233624,Calibration,1999,1999-11-26,,exper2_05
,7.3093305,Calibration,1999,1999-11-27,,exper2_05
7.380000114440918,7.30449,Calibration,1999,1999-11-28,-0.005142161830349315,exper2_05
,7.153665,Calibration,1999,1999-11-29,,exper2_05
6.760000228881836,7.1111217,Calibration,1999,1999-11-30,0.025313123810775107,exper2_05
6.449999809265137,6.7804704,Calibration,1999,1999-12-01,0.024977990764680862,exper2_05
6.289999961853027,7.1075788,Calibration,1999,1999-12-02,0.06102436939434901,exper2_05
,7.458611,Calibration,1999,1999-12-03,,exper2_05
6.380000114440918,7.6356473,Calibration,1999,1999-12-04,0.0895889533756453,exper2_05
6.429999828338623,6.65737,Calibration,1999,1999-12-05,0.01737325861164626,exper2_05
,6.27983,Calibration,1999,1999-12-06,,exper2_05
6.139999866485596,5.9299836,Calibration,1999,1999-12-07,-0.017399878874504743,exper2_05
6.130000114440918,5.873526,Calibration,1999,1999-12-08,-0.021366556259650386,exper2_05
5.920000076293945,5.53239,Calibration,1999,1999-12-09,-0.033845332902978725,exper2_05
,5.5025096,Calibration,1999,1999-12-10,,exper2_05
5.840000152587891,5.177584,Calibration,1999,1999-12-11,-0.06012352270876576,exper2_05
5.800000190734863,5.1807227,Calibration,1999,1999-12-12,-0.0563967857732971,exper2_05
5.730000019073486,5.0018535,Calibration,1999,1999-12-13,-0.06784909559658066,exper2_05
,5.0161366,Calibration,1999,1999-12-14,,exper2_05
,4.8754992,Calibration,1999,1999-12-15,,exper2_05
5.619999885559082,4.7977824,Calibration,1999,1999-12-16,-0.0789244236674542,exper2_05
,4.7451286,Calibration,1999,1999-12-17,,exper2_05
5.269999980926514,4.7051497,Calibration,1999,1999-12-18,-0.05662575011096157,exper2_05
,4.658479,Calibration,1999,1999-12-19,,exper2_05
,4.61587,Calibration,1999,1999-12-20,,exper2_05
4.699999809265137,4.57886,Calibration,1999,1999-12-21,-0.013055483995496418,exper2_05
,4.55034,Calibration,1999,1999-12-22,,exper2_05
4.590000152587891,4.521734,Calibration,1999,1999-12-23,-0.007492087893823397,exper2_05
,4.497926,Calibration,1999,1999-12-24,,exper2_05
,4.475782,Calibration,1999,1999-12-25,,exper2_05
,4.4566455,Calibration,1999,1999-12-26,,exper2_05
,4.4513144,Calibration,1999,1999-12-27,,exper2_05
4.170000076293945,4.4305086,Calibration,1999,1999-12-28,0.03028989873575769,exper2_05
4.199999809265137,4.4172006,Calibration,1999,1999-12-29,0.02520548979145652,exper2_05
4.289999961853027,4.405167,Calibration,1999,1999-12-30,0.013244960114530848,exper2_05
4.010000228881836,4.394997,Calibration,1999,1999-12-31,0.04580571236912575,exper2_05
3.880000114440918,3.5003173,Calibration,2000,2000-01-01,-0.051445318159623415,exper2_05
3.950000047683716,3.3289738,Calibration,2000,2000-01-02,-0.0853178336788761,exper2_05
3.9000000953674316,3.1748676,Calibration,2000,2000-01-03,-0.10249413748924738,exper2_05
,3.035676,Calibration,2000,2000-01-04,,exper2_05
3.430000066757202,3.2898722,Calibration,2000,2000-01-05,-0.020852762126431872,exper2_05
3.2899999618530273,3.2796633,Calibration,2000,2000-01-06,-0.001573389235738563,exper2_05
3.309999942779541,3.2462192,Calibration,2000,2000-01-07,-0.009728287542689174,exper2_05
3.0799999237060547,3.3205535,Calibration,2000,2000-01-08,0.03758325257291933,exper2_05
,3.3877192,Calibration,2000,2000-01-09,,exper2_05
2.200000047683716,3.401073,Calibration,2000,2000-01-10,0.2144362206265521,exper2_05
,3.4177845,Calibration,2000,2000-01-11,,exper2_05
1.8799999952316284,3.4286718,Calibration,2000,2000-01-12,0.29172491549797924,exper2_05
1.7699999809265137,3.3322983,Calibration,2000,2000-01-13,0.30619501611871447,exper2_05
1.8899999856948853,3.3365216,Calibration,2000,2000-01-14,0.2767656478680488,exper2_05
2.0,3.3912444,Calibration,2000,2000-01-15,0.25805626777168295,exper2_05
2.0,3.3153868,Calibration,2000,2000-01-16,0.2474677438425201,exper2_05
2.009999990463257,3.384392,Calibration,2000,2000-01-17,0.2547816378882086,exper2_05
,3.4757006,Calibration,2000,2000-01-18,,exper2_05
2.380000114440918,3.2587714,Calibration,2000,2000-01-19,0.15584446005496153,exper2_05
2.3299999237060547,3.2049,Calibration,2000,2000-01-20,0.15806972312318218,exper2_05
2.609999895095825,3.2002988,Calibration,2000,2000-01-21,0.10159527477846984,exper2_05
2.210000038146916,3.3249316,Calibration,2000,2000-01-22,0.2014354741762692,exper2_05
2.4800000190734863,3.3106534,Calibration,2000,2000-01-23,0.1434472695939325,exper2_05
2.559999942779541,2.8567977,Calibration,2000,2000-01-24,0.05479210637325429,exper2_05
2.569999933242798,2.6146894,Calibration,2000,2000-01-25,0.008619497609762237,exper2_05
2.690000057220459,2.519431,Calibration,2000,2000-01-26,-0.03274233547024252,exper2_05
2.7200000286102295,2.4823117,Calibration,2000,2000-01-27,-0.04568897717455351,exper2_05
3.0299999713897705,2.6718304,Calibration,2000,2000-01-28,-0.06281659245308739,exper2_05
,2.9577303,Calibration,2000,2000-01-29,,exper2_05
3.0999999046325684,3.1207957,Calibration,2000,2000-01-30,0.0033429521520618576,exper2_05
3.119999885559082,3.1990097,Calibration,2000,2000-01-31,0.012503505623164818,exper2_05
3.1600000858306885,3.1976697,Calibration,2000,2000-02-01,0.005925073126828171,exper2_05
3.3399999141693115,3.294258,Calibration,2000,2000-02-02,-0.006894787069475613,exper2_05
3.460000038146916,3.3198128,Calibration,2000,2000-02-03,-0.020677158405308656,exper2_05
3.5199999809265137,3.2391992,Calibration,2000,2000-02-04,-0.041543504412112874,exper2_05
3.5999999046325684,3.2479434,Calibration,2000,2000-02-05,-0.05141054584797988,exper2_05
3.6500000953674316,3.2328155,Calibration,2000,2000-02-06,-0.06061248994193384,exper2_05
3.869999885559082,3.2250152,Calibration,2000,2000-02-07,-0.09090674476160714,exper2_05
3.740000009536743,3.2669735,Calibration,2000,2000-02-08,-0.06750796384693694,exper2_05
3.4700000286102295,3.335936,Calibration,2000,2000-02-09,-0.019698092545881382,exper2_05
3.7300000190734863,3.2500625,Calibration,2000,2000-02-10,-0.06875834628342237,exper2_05
3.609999895095825,3.31637,Calibration,2000,2000-02-11,-0.0423930411928884,exper2_05
3.7300000190734863,3.3021085,Calibration,2000,2000-02-12,-0.06084824915414754,exper2_05
3.7200000286102295,3.3234558,Calibration,2000,2000-02-13,-0.05629966697012886,exper2_05
3.799999952316284,3.3837628,Calibration,2000,2000-02-14,-0.05794137809095219,exper2_05
3.3299999237060547,3.3432062,Calibration,2000,2000-02-15,0.0019789953037670795,exper2_05
4.360000133514404,3.5477846,Calibration,2000,2000-02-16,-0.10271088521096142,exper2_05
3.880000114440918,3.7139692,Calibration,2000,2000-02-17,-0.021863517778927002,exper2_05
4.349999904632568,3.6730409,Calibration,2000,2000-02-18,-0.08437686621097835,exper2_05
4.0,3.625591,Calibration,2000,2000-02-19,-0.04909900864015113,exper2_05
3.990000009536743,3.561935,Calibration,2000,2000-02-20,-0.05668283214540274,exper2_05
3.809999942779541,3.4020958,Calibration,2000,2000-02-21,-0.056558337957618256,exper2_05
4.179999828338623,3.398414,Calibration,2000,2000-02-22,-0.10313318329533935,exper2_05
4.110000133514404,3.3850155,Calibration,2000,2000-02-23,-0.09672890391239142,exper2_05
4.409999847412109,3.6208878,Calibration,2000,2000-02-24,-0.09825963579605072,exper2_05
4.71999979019165,3.480566,Calibration,2000,2000-02-25,-0.15114003025846337,exper2_05
4.840000152587891,3.6977062,Calibration,2000,2000-02-26,-0.13379400507169334,exper2_05
4.739999771118164,3.8279781,Calibration,2000,2000-02-27,-0.1064453768492514,exper2_05
4.710000038146916,3.8184075,Calibration,2000,2000-02-28,-0.10454384301982136,exper2_05
4.46999979019165,3.6401691,Calibration,2000,2000-02-29,-0.10231977327247584,exper2_05
4.369999885559082,3.7446494,Calibration,2000,2000-03-01,-0.07706438719839921,exper2_05
4.349999904632568,4.162652,Calibration,2000,2000-03-02,-0.022008169804213176,exper2_05
4.510000228881836,3.9842992,Calibration,2000,2000-03-03,-0.06188868799012812,exper2_05
3.4000000953674316,4.3189383,Calibration,2000,2000-03-04,0.1190498120589306,exper2_05
3.5799999237060547,3.9051085,Calibration,2000,2000-03-05,0.04343404421493737,exper2_05
4.050000190734863,3.7587147,Calibration,2000,2000-03-06,-0.03730261890801342,exper2_05
5.190000057220459,3.8416564,Calibration,2000,2000-03-07,-0.14929084273904267,exper2_05
4.32000017166132,4.191151,Calibration,2000,2000-03-08,-0.015138848410827804,exper2_05
4.860000133514404,4.3569837,Calibration,2000,2000-03-09,-0.054574954566656335,exper2_05
5.289999961853027,4.5438485,Calibration,2000,2000-03-10,-0.07587583325958908,exper2_05
5.130000114440918,4.6927114,Calibration,2000,2000-03-11,-0.04451813153373597,exper2_05
5.800000190734863,4.8231897,Calibration,2000,2000-03-12,-0.09195076640002327,exper2_05
5.78000020980835,5.0244603,Calibration,2000,2000-03-13,-0.06992851631230815,exper2_05
6.289999961853027,5.036199,Calibration,2000,2000-03-14,-0.11069917303508421,exper2_05
6.139999866485596,5.048487,Calibration,2000,2000-03-15,-0.09755677196490038,exper2_05
4.400000095367432,5.2559214,Calibration,2000,2000-03-16,0.08864211169072889,exper2_05
5.239999771118164,5.360478,Calibration,2000,2000-03-17,0.01136535132565777,exper2_05
5.050000190734863,5.1463985,Calibration,2000,2000-03-18,0.009454156911824772,exper2_05
5.329999923706055,5.451903,Calibration,2000,2000-03-19,0.011306255030396542,exper2_05
5.449999809265137,5.5131116,Calibration,2000,2000-03-20,0.005756740013651244,exper2_05
5.489999771118164,5.893786,Calibration,2000,2000-03-21,0.03547029012761373,exper2_05
6.769999980926514,6.1450686,Calibration,2000,2000-03-22,-0.04838776730706621,exper2_05
7.949999809265137,6.5510116,Calibration,2000,2000-03-23,-0.09647521893930862,exper2_05
7.949999809265137,6.2770376,Calibration,2000,2000-03-24,-0.11759034141678615,exper2_05
8.079999923706055,6.4295726,Calibration,2000,2000-03-25,-0.11374748227656456,exper2_05
8.4399995803833,6.4951854,Calibration,2000,2000-03-26,-0.13021694816312693,exper2_05
8.40999984741211,6.375393,Calibration,2000,2000-03-27,-0.13760925843842284,exper2_05
8.470000267028809,6.284254,Calibration,2000,2000-03-28,-0.1481434535691619,exper2_05
7.96999979019165,6.959064,Calibration,2000,2000-03-29,-0.06771595306529381,exper2_05
7.46999979019165,6.844029,Calibration,2000,2000-03-30,-0.04373128291324066,exper2_05
7.78000020980835,6.7939095,Calibration,2000,2000-03-31,-0.06766136722172156,exper2_05
,7.1514115,Calibration,2000,2000-04-01,,exper2_05
7.789999961853027,6.9185395,Calibration,2000,2000-04-02,-0.059248604432017425,exper2_05
8.130000114440918,7.4143114,Calibration,2000,2000-04-03,-0.046041840088268324,exper2_05
,7.3032093,Calibration,2000,2000-04-04,,exper2_05
7.57000017166132,7.367102,Calibration,2000,2000-04-05,-0.013583493049432783,exper2_05
7.730000019073486,7.965799,Calibration,2000,2000-04-06,0.015023054108222278,exper2_05
7.599999904632568,7.906258,Calibration,2000,2000-04-07,0.01975061948437497,exper2_05
8.069999694824219,8.763511,Calibration,2000,2000-04-08,0.04119824046106741,exper2_05
7.960000038146916,8.475665,Calibration,2000,2000-04-09,0.031374760329036036,exper2_05
8.8100004196167,8.448562,Calibration,2000,2000-04-10,-0.020942576176247507,exper2_05
9.300000190734863,8.538501,Calibration,2000,2000-04-11,-0.042688531166813794,exper2_05
9.289999961853027,8.543546,Calibration,2000,2000-04-12,-0.04185674862891787,exper2_05
9.609999656677246,8.45638,Calibration,2000,2000-04-13,-0.06385450738630737,exper2_05
9.4399995803833,8.371564,Calibration,2000,2000-04-14,-0.059985507136188054,exper2_05
9.670000076293945,8.627424,Calibration,2000,2000-04-15,-0.05697937688676885,exper2_05
10.64000034332281,9.436749,Calibration,2000,2000-04-16,-0.05993255367020536,exper2_05
10.960000038146916,10.336914,Calibration,2000,2000-04-17,-0.029257101413955034,exper2_05
11.359999656677246,10.082114,Calibration,2000,2000-04-18,-0.05959698956834747,exper2_05
11.850000381469727,10.452767,Calibration,2000,2000-04-19,-0.06264841318238529,exper2_05
12.34000015258789,11.231341,Calibration,2000,2000-04-20,-0.047034183010002735,exper2_05
13.170000076293945,11.979384,Calibration,2000,2000-04-21,-0.04734174126838603,exper2_05
15.25,12.875704,Calibration,2000,2000-04-22,-0.0844173075367241,exper2_05
16.30999946594244,13.514844,Calibration,2000,2000-04-23,-0.09371903440008628,exper2_05
15.670000076293945,12.668109,Calibration,2000,2000-04-24,-0.10593124383953093,exper2_05
13.850000381469727,13.233744,Calibration,2000,2000-04-25,-0.02275374899240701,exper2_05
14.699999809265137,13.628701,Calibration,2000,2000-04-26,-0.03781672158260235,exper2_05
15.5600004196167,13.921319,Calibration,2000,2000-04-27,-0.05558372025287154,exper2_05
15.760000228881836,14.093797,Calibration,2000,2000-04-28,-0.05581211331787736,exper2_05
15.64000034332281,13.984426,Calibration,2000,2000-04-29,-0.05588546440831535,exper2_05
16.209999084472656,14.132623,Calibration,2000,2000-04-30,-0.0684639705536852,exper2_05
16.55999946594244,14.339788,Calibration,2000,2000-05-01,-0.07185198280436417,exper2_05
17.079999923706055,14.7907095,Calibration,2000,2000-05-02,-0.0718305450326389,exper2_05
17.290000915527344,15.362403,Calibration,2000,2000-05-03,-0.059033877245945776,exper2_05
17.0,15.642852,Calibration,2000,2000-05-04,-0.04157566188023779,exper2_05
16.420000076293945,15.481392,Calibration,2000,2000-05-05,-0.02942216973023913,exper2_05
16.709999084472656,16.092999,Calibration,2000,2000-05-06,-0.01880927430969883,exper2_05
17.610000610351562,16.360739,Calibration,2000,2000-05-07,-0.036774644280484534,exper2_05
17.5,15.766257,Calibration,2000,2000-05-08,-0.0521171558020181,exper2_05
18.1200008392334,16.22103,Calibration,2000,2000-05-09,-0.05529745470460588,exper2_05
18.790000915527344,16.44467,Calibration,2000,2000-05-10,-0.06656316490207526,exper2_05
18.90999984741211,16.73123,Calibration,2000,2000-05-11,-0.06113060879087206,exper2_05
18.700000762939453,16.872145,Calibration,2000,2000-05-12,-0.051384476255263455,exper2_05
18.469999313354492,17.206955,Calibration,2000,2000-05-13,-0.03540224728159568,exper2_05
18.68000030517578,17.1978,Calibration,2000,2000-05-14,-0.041312472422024106,exper2_05
19.350000381469727,17.516838,Calibration,2000,2000-05-15,-0.04972388153019625,exper2_05
19.81999969482422,18.003975,Calibration,2000,2000-05-16,-0.04801253170848206,exper2_05
20.56999969482422,18.301626,Calibration,2000,2000-05-17,-0.05835550833916137,exper2_05
20.68000030517578,18.564077,Calibration,2000,2000-05-18,-0.05391699978211632,exper2_05
,18.85389,Calibration,2000,2000-05-19,,exper2_05
17.950000762939453,18.847902,Calibration,2000,2000-05-20,0.02440088864704726,exper2_05
18.270000457763672,18.432604,Calibration,2000,2000-05-21,0.004430295381607656,exper2_05
18.34000015258789,18.901415,Calibration,2000,2000-05-22,0.015075010395525747,exper2_05
18.489999771118164,18.85918,Calibration,2000,2000-05-23,0.009884572489443858,exper2_05
19.190000534057617,19.128061,Calibration,2000,2000-05-24,-0.0016164502207598919,exper2_05
19.93000030517578,19.854067,Calibration,2000,2000-05-25,-0.001908639861457609,exper2_05
20.610000610351562,20.118994,Calibration,2000,2000-05-26,-0.012055462178656154,exper2_05
20.899999618530273,20.329266,Calibration,2000,2000-05-27,-0.013842934650887682,exper2_05
20.899999618530273,20.45958,Calibration,2000,2000-05-28,-0.010648564624843626,exper2_05
,19.057852,Calibration,2000,2000-05-29,,exper2_05
19.389999389648438,18.939249,Calibration,2000,2000-05-30,-0.011759957980778345,exper2_05
19.1200008392334,19.14726,Calibration,2000,2000-05-31,0.0007123537349675269,exper2_05
19.520000457763672,19.23947,Calibration,2000,2000-06-01,-0.007237739052340852,exper2_05
20.020000457763672,19.532005,Calibration,2000,2000-06-02,-0.012338063221615148,exper2_05
20.889999389648438,20.028982,Calibration,2000,2000-06-03,-0.02104200042408333,exper2_05
21.31999969482422,20.375677,Calibration,2000,2000-06-04,-0.022647973565889924,exper2_05
21.440000534057617,20.70852,Calibration,2000,2000-06-05,-0.017354811511141932,exper2_05
22.65999984741211,20.979528,Calibration,2000,2000-06-06,-0.03850801066675711,exper2_05
21.8799991607666,20.694796,Calibration,2000,2000-06-07,-0.027838150686778737,exper2_05
21.3700008392334,21.015375,Calibration,2000,2000-06-08,-0.008366699450782066,exper2_05
21.940000534057617,20.89009,Calibration,2000,2000-06-09,-0.024513363279934367,exper2_05
22.770000457763672,21.496391,Calibration,2000,2000-06-10,-0.028771469977729554,exper2_05
23.43000030517578,21.929987,Calibration,2000,2000-06-11,-0.03306908670142421,exper2_05
23.260000228881836,22.367886,Calibration,2000,2000-06-12,-0.019551960895827395,exper2_05
23.049999237060547,22.368786,Calibration,2000,2000-06-13,-0.014998494069759259,exper2_05
23.68000030517578,22.56603,Calibration,2000,2000-06-14,-0.02408790080803872,exper2_05
23.510000228881836,22.77522,Calibration,2000,2000-06-15,-0.015875031823332518,exper2_05
22.899999618530273,22.30552,Calibration,2000,2000-06-16,-0.013150618139683658,exper2_05
22.09000015258789,22.551043,Calibration,2000,2000-06-17,0.01032776960826307,exper2_05
22.200000762939453,22.452454,Calibration,2000,2000-06-18,0.0056537284202733224,exper2_05
22.55999946594244,22.492949,Calibration,2000,2000-06-19,-0.00148826962091036,exper2_05
23.43000030517578,23.157492,Calibration,2000,2000-06-20,-0.005849394538760954,exper2_05
23.700000762939453,23.31188,Calibration,2000,2000-06-21,-0.008255799258066604,exper2_05
23.899999618530273,23.567362,Calibration,2000,2000-06-22,-0.007007715969514158,exper2_05
24.3799991607666,23.629292,Calibration,2000,2000-06-23,-0.015636715633000994,exper2_05
23.280000686645508,22.885248,Calibration,2000,2000-06-24,-0.008550858320849801,exper2_05
22.34000015258789,22.729002,Calibration,2000,2000-06-25,0.008631250476900616,exper2_05
22.55999946594244,22.286665,Calibration,2000,2000-06-26,-0.0060948680722594665,exper2_05
22.34000015258789,22.658968,Calibration,2000,2000-06-27,0.007088336299893623,exper2_05
22.3700008392334,22.08811,Calibration,2000,2000-06-28,-0.006340594865796491,exper2_05
22.239999771118164,22.27965,Calibration,2000,2000-06-29,0.0008906171503867124,exper2_05
22.389999389648438,22.054136,Calibration,2000,2000-06-30,-0.007556972553772978,exper2_05
22.55999946594244,22.39225,Calibration,2000,2000-07-01,-0.0037317243669109474,exper2_05
24.040000915527344,22.512419,Calibration,2000,2000-07-02,-0.032814237791605846,exper2_05
24.09000015258789,23.138674,Calibration,2000,2000-07-03,-0.020142982874129186,exper2_05
23.790000915527344,23.032167,Calibration,2000,2000-07-04,-0.01618535637150612,exper2_05
23.34000015258789,23.182276,Calibration,2000,2000-07-05,-0.0033902980316034502,exper2_05
23.690000534057617,23.291101,Calibration,2000,2000-07-06,-0.008490628390457992,exper2_05
24.030000686645508,23.615881,Calibration,2000,2000-07-07,-0.008691616276018044,exper2_05
22.700000762939453,23.472279,Calibration,2000,2000-07-08,0.016726006226481533,exper2_05
22.8700008392334,23.277075,Calibration,2000,2000-07-09,0.00882123013968794,exper2_05
23.350000381469727,23.356457,Calibration,2000,2000-07-10,0.0001382330306703771,exper2_05
22.459999084472656,22.738714,Calibration,2000,2000-07-11,0.006166439557713772,exper2_05
22.190000534057617,22.176615,Calibration,2000,2000-07-12,-0.00030170822398667223,exper2_05
21.780000686645508,22.305431,Calibration,2000,2000-07-13,0.011918465008899792,exper2_05
21.75,22.635105,Calibration,2000,2000-07-14,0.019941490065266104,exper2_05
21.469999313354492,21.8727,Calibration,2000,2000-07-15,0.009291078613295152,exper2_05
21.229999542236328,21.959131,Calibration,2000,2000-07-16,0.016882296202497992,exper2_05
21.389999389648438,22.152319,Calibration,2000,2000-07-17,0.017507555725322255,exper2_05
21.170000076293945,21.992964,Calibration,2000,2000-07-18,0.01906643197932074,exper2_05
21.020000457763672,22.21284,Calibration,2000,2000-07-19,0.027591032194309664,exper2_05
21.149999618530273,22.274473,Calibration,2000,2000-07-20,0.02589492742324064,exper2_05
21.399999618530273,22.615944,Calibration,2000,2000-07-21,0.027625087473340915,exper2_05
21.579999923706055,22.80216,Calibration,2000,2000-07-22,0.02753719814926567,exper2_05
21.850000381469727,23.053043,Calibration,2000,2000-07-23,0.026792014162526606,exper2_05
21.8700008392334,23.124605,Calibration,2000,2000-07-24,0.027883438719206826,exper2_05
22.0,23.169485,Calibration,2000,2000-07-25,0.02589104325136511,exper2_05
22.09000015258789,23.108164,Calibration,2000,2000-07-26,0.022526660183387205,exper2_05
22.530000686645508,22.860685,Calibration,2000,2000-07-27,0.007285297728461531,exper2_05
21.940000534057617,23.226467,Calibration,2000,2000-07-28,0.028482780810006252,exper2_05
21.549999237060547,22.597961,Calibration,2000,2000-07-29,0.02373749937678879,exper2_05
21.469999313354492,22.808523,Calibration,2000,2000-07-30,0.030229641583103945,exper2_05
21.510000228881836,22.933235,Calibration,2000,2000-07-31,0.03202365729792063,exper2_05
21.8799991607666,23.287767,Calibration,2000,2000-08-01,0.03116754173127917,exper2_05
22.93000030517578,23.626081,Calibration,2000,2000-08-02,0.014951454998085732,exper2_05
23.06999969482422,24.136442,Calibration,2000,2000-08-03,0.022591037306971446,exper2_05
22.34000015258789,23.678282,Calibration,2000,2000-08-04,0.029081520977079754,exper2_05
,22.767641,Calibration,2000,2000-08-05,,exper2_05
21.56999969482422,23.06487,Calibration,2000,2000-08-06,0.03349110508899697,exper2_05
21.510000228881836,22.613493,Calibration,2000,2000-08-07,0.025009188006718246,exper2_05
21.6299991607666,22.945843,Calibration,2000,2000-08-08,0.029519208745320345,exper2_05
21.8700008392334,23.230982,Calibration,2000,2000-08-09,0.030176304530374478,exper2_05
22.09000015258789,22.950212,Calibration,2000,2000-08-10,0.0190987625456598,exper2_05
22.579999923706055,23.132719,Calibration,2000,2000-08-11,0.012091145062947941,exper2_05
23.079999923706055,23.155449,Calibration,2000,2000-08-12,0.0016318429206494155,exper2_05
22.68000030517578,23.61696,Calibration,2000,2000-08-13,0.02023805026346004,exper2_05
23.350000381469727,23.728247,Calibration,2000,2000-08-14,0.008034417823758962,exper2_05
23.610000610351562,23.584162,Calibration,2000,2000-08-15,-0.0005475010177489023,exper2_05
23.719999313354492,23.921661,Calibration,2000,2000-08-16,0.004232893242524177,exper2_05
24.170000076293945,24.153238,Calibration,2000,2000-08-17,-0.00034686789109295517,exper2_05
24.06999969482422,24.183058,Calibration,2000,2000-08-18,0.002343024382592817,exper2_05
24.280000686645508,24.300945,Calibration,2000,2000-08-19,0.0004311277789946584,exper2_05
24.940000534057617,24.421602,Calibration,2000,2000-08-20,-0.010502055356446226,exper2_05
25.040000915527344,24.554565,Calibration,2000,2000-08-21,-0.009788078041873658,exper2_05
24.969999313354492,24.968294,Calibration,2000,2000-08-22,-3.4145533611427186e-05,exper2_05
24.959999084472656,24.716452,Calibration,2000,2000-08-23,-0.0049026739229419865,exper2_05
24.8799991607666,24.67052,Calibration,2000,2000-08-24,-0.004227571749718606,exper2_05
24.389999389648438,24.53137,Calibration,2000,2000-08-25,0.0028897550213387428,exper2_05
23.950000762939453,24.561926,Calibration,2000,2000-08-26,0.012613910998099765,exper2_05
23.649999618530273,24.0057,Calibration,2000,2000-08-27,0.00746394551582728,exper2_05
,23.306442,Calibration,2000,2000-08-28,,exper2_05
22.850000381469727,23.334127,Calibration,2000,2000-08-29,0.010482541679565655,exper2_05
22.610000610351562,23.159737,Calibration,2000,2000-08-30,0.012010906246254666,exper2_05
22.389999389648438,22.503809,Calibration,2000,2000-08-31,0.0025350842291283807,exper2_05
22.149999618530273,22.639227,Calibration,2000,2000-09-01,0.010922878843923211,exper2_05
21.959999084472656,22.392445,Calibration,2000,2000-09-02,0.009750207431549739,exper2_05
21.760000228881836,21.936586,Calibration,2000,2000-09-03,0.00404118867918928,exper2_05
21.729999542236328,21.750399,Calibration,2000,2000-09-04,0.00046915609062209395,exper2_05
20.790000915527344,21.474655,Calibration,2000,2000-09-05,0.016199214652455822,exper2_05
20.639999389648438,21.269506,Calibration,2000,2000-09-06,0.015020627233372979,exper2_05
20.3700008392334,20.89961,Calibration,2000,2000-09-07,0.012832921433966247,exper2_05
20.30999946594244,20.81095,Calibration,2000,2000-09-08,0.012182351680625265,exper2_05
20.489999771118164,20.741686,Calibration,2000,2000-09-09,0.0061041912862479725,exper2_05
20.049999237060547,20.731775,Calibration,2000,2000-09-10,0.016717665054127667,exper2_05
20.520000457763672,20.780485,Calibration,2000,2000-09-11,0.006307061323400828,exper2_05
20.34000015258789,20.715172,Calibration,2000,2000-09-12,0.009138231394636515,exper2_05
20.65999984741211,20.698542,Calibration,2000,2000-09-13,0.0009318944149377597,exper2_05
20.729999542236328,20.721363,Calibration,2000,2000-09-14,-0.00020835200740349042,exper2_05
20.56999969482422,20.950705,Calibration,2000,2000-09-15,0.009169037145673624,exper2_05
20.8799991607666,20.655893,Calibration,2000,2000-09-16,-0.005395474168115841,exper2_05
20.55999946594244,20.451395,Calibration,2000,2000-09-17,-0.002648152604283204,exper2_05
20.889999389648438,20.323784,Calibration,2000,2000-09-18,-0.013738498878095097,exper2_05
20.479999542236328,20.578453,Calibration,2000,2000-09-19,0.0023978868047658942,exper2_05
20.899999618530273,20.21298,Calibration,2000,2000-09-20,-0.016710521835216093,exper2_05
20.479999542236328,20.005287,Calibration,2000,2000-09-21,-0.011725552919892867,exper2_05
20.299999237060547,19.437193,Calibration,2000,2000-09-22,-0.02171281546134819,exper2_05
20.34000015258789,19.027884,Calibration,2000,2000-09-23,-0.03332962049764369,exper2_05
20.040000915527344,19.045605,Calibration,2000,2000-09-24,-0.02544149422553476,exper2_05
19.850000381469727,18.639252,Calibration,2000,2000-09-25,-0.03145679915109691,exper2_05
19.68000030517578,18.427431,Calibration,2000,2000-09-26,-0.0328694207981283,exper2_05
19.3799991607666,18.344,Calibration,2000,2000-09-27,-0.027462605368323977,exper2_05
19.260000228881836,18.542694,Calibration,2000,2000-09-28,-0.01897500032669847,exper2_05
19.31999969482422,18.869139,Calibration,2000,2000-09-29,-0.011806000237637327,exper2_05
18.989999771118164,18.814222,Calibration,2000,2000-09-30,-0.004649677350998724,exper2_05
18.68000030517578,18.769758,Calibration,2000,2000-10-01,0.002396755622347425,exper2_05
18.389999389648438,18.667505,Calibration,2000,2000-10-02,0.0074885202666864995,exper2_05
18.670000076293945,18.654036,Calibration,2000,2000-10-03,-0.0004277272749571966,exper2_05
18.100000381469727,18.581566,Calibration,2000,2000-10-04,0.013128269178421779,exper2_05
17.940000534057617,18.338968,Calibration,2000,2000-10-05,0.010997218388372877,exper2_05
17.8799991607666,18.410488,Calibration,2000,2000-10-06,0.014617851881256975,exper2_05
17.790000915527344,16.910215,Calibration,2000,2000-10-07,-0.025353892041552237,exper2_05
16.780000686645508,17.577375,Calibration,2000,2000-10-08,0.023208254409553902,exper2_05
16.049999237060547,16.395395,Calibration,2000,2000-10-09,0.010645456682608172,exper2_05
15.550000190734863,16.753487,Calibration,2000,2000-10-10,0.037255620395456976,exper2_05
16.040000915527344,17.305706,Calibration,2000,2000-10-11,0.03795706328648221,exper2_05
15.829999923706055,17.371563,Calibration,2000,2000-10-12,0.04643043580692359,exper2_05
16.110000610351562,17.235075,Calibration,2000,2000-10-13,0.033740345946325634,exper2_05
16.389999389648438,16.979794,Calibration,2000,2000-10-14,0.017674492617537587,exper2_05
16.6200008392334,16.950706,Calibration,2000,2000-10-15,0.009851018018070739,exper2_05
16.229999542236328,16.448452,Calibration,2000,2000-10-16,0.006684908351874637,exper2_05
16.149999618530273,16.130426,Calibration,2000,2000-10-17,-0.0006063492363615737,exper2_05
14.829999923706055,16.134161,Calibration,2000,2000-10-18,0.04211840505482952,exper2_05
15.770000457763672,16.451239,Calibration,2000,2000-10-19,0.021142519458558762,exper2_05
15.899999618530273,16.308739,Calibration,2000,2000-10-20,0.012690316702745452,exper2_05
15.699999809265137,15.55958,Calibration,2000,2000-10-21,-0.004492061683361531,exper2_05
15.710000038146916,15.769193,Calibration,2000,2000-10-22,0.0018803740607766573,exper2_05
15.369999885559082,15.781486,Calibration,2000,2000-10-23,0.013209183001833784,exper2_05
15.260000228881836,15.703431,Calibration,2000,2000-10-24,0.014321116269122077,exper2_05
15.010000228881836,15.451472,Calibration,2000,2000-10-25,0.014492800811391718,exper2_05
14.75,15.112109,Calibration,2000,2000-10-26,0.01212604180202845,exper2_05
14.239999771118164,14.850381,Calibration,2000,2000-10-27,0.020982232352215607,exper2_05
14.619999885559082,14.919569,Calibration,2000,2000-10-28,0.010141283068388907,exper2_05
14.579999923706055,14.470458,Calibration,2000,2000-10-29,-0.0037707458236042853,exper2_05
14.430000305175781,14.211661,Calibration,2000,2000-10-30,-0.007623124980791936,exper2_05
14.34000015258789,15.35716,Calibration,2000,2000-10-31,0.034251068787400175,exper2_05
13.9399995803833,13.592213,Calibration,2000,2000-11-01,-0.012631999932662771,exper2_05
13.9399995803833,13.048185,Calibration,2000,2000-11-02,-0.03304461690262712,exper2_05
,13.703295,Calibration,2000,2000-11-03,,exper2_05
13.399999618530273,8.652963,Calibration,2000,2000-11-04,-0.21525620316406957,exper2_05
13.069999694824219,11.512843,Calibration,2000,2000-11-05,-0.06334322575193936,exper2_05
12.880000114440918,12.599194,Calibration,2000,2000-11-06,-0.011021013650887486,exper2_05
12.680000305175781,11.639771,Calibration,2000,2000-11-07,-0.04277296899286302,exper2_05
12.34000015258789,10.927407,Calibration,2000,2000-11-08,-0.0607112284812735,exper2_05
12.430000305175781,10.454537,Calibration,2000,2000-11-09,-0.0863230422079317,exper2_05
12.34000015258789,10.1205225,Calibration,2000,2000-11-10,-0.0988168302191383,exper2_05
11.960000038146916,9.944438,Calibration,2000,2000-11-11,-0.09201615014113897,exper2_05
,9.703708,Calibration,2000,2000-11-12,,exper2_05
11.369999885559082,10.291217,Calibration,2000,2000-11-13,-0.049802513332199205,exper2_05
11.319999694824219,10.873788,Calibration,2000,2000-11-14,-0.020105257535566648,exper2_05
11.729999542236328,10.236392,Calibration,2000,2000-11-15,-0.06799512413066035,exper2_05
11.479999542236328,11.010201,Calibration,2000,2000-11-16,-0.02088901242585397,exper2_05
11.5600004196167,10.706026,Calibration,2000,2000-11-17,-0.03835324378445239,exper2_05
,10.353223,Calibration,2000,2000-11-18,,exper2_05
11.350000381469727,10.124873,Calibration,2000,2000-11-19,-0.057049333385498925,exper2_05
10.949999809265137,9.983832,Calibration,2000,2000-11-20,-0.04615339619476615,exper2_05
10.8100004196167,10.219538,Calibration,2000,2000-11-21,-0.028077777090988198,exper2_05
,9.920573,Calibration,2000,2000-11-22,,exper2_05
,9.760353,Calibration,2000,2000-11-23,,exper2_05
10.239999771118164,9.656928,Calibration,2000,2000-11-24,-0.029304609915497642,exper2_05
10.149999618530273,10.16601,Calibration,2000,2000-11-25,0.0007880624591604516,exper2_05
,9.814787,Calibration,2000,2000-11-26,,exper2_05
9.739999771118164,9.587441,Calibration,2000,2000-11-27,-0.007893353549497538,exper2_05
,8.377408,Calibration,2000,2000-11-28,,exper2_05
9.210000038146916,8.51435,Calibration,2000,2000-11-29,-0.03924827153978357,exper2_05
9.369999885559082,8.338455,Calibration,2000,2000-11-30,-0.058251534669085725,exper2_05
9.1899995803833,8.403939,Calibration,2000,2000-12-01,-0.04467790532627386,exper2_05
8.850000381469727,8.544112,Calibration,2000,2000-12-02,-0.017585730484083902,exper2_05
,8.6286,Calibration,2000,2000-12-03,,exper2_05
8.819999694824219,8.703147,Calibration,2000,2000-12-04,-0.0066684804268733085,exper2_05
,8.755083,Calibration,2000,2000-12-05,,exper2_05
8.460000038146916,8.807097,Calibration,2000,2000-12-06,0.020101664300585756,exper2_05
,8.857631,Calibration,2000,2000-12-07,,exper2_05
8.1899995803833,9.060536,Calibration,2000,2000-12-08,0.05046433374401788,exper2_05
,9.762705,Calibration,2000,2000-12-09,,exper2_05
8.64000034332281,9.445169,Calibration,2000,2000-12-10,0.04452095914952865,exper2_05
,9.347888,Calibration,2000,2000-12-11,,exper2_05
,9.157917,Calibration,2000,2000-12-12,,exper2_05
,8.735633,Calibration,2000,2000-12-13,,exper2_05
,8.532988,Calibration,2000,2000-12-14,,exper2_05
8.260000228881836,7.8422475,Calibration,2000,2000-12-15,-0.02594375332943566,exper2_05
7.849999904632568,7.334979,Calibration,2000,2000-12-16,-0.033916467623120325,exper2_05
,6.815862,Calibration,2000,2000-12-17,,exper2_05
,6.49366,Calibration,2000,2000-12-18,,exper2_05
,6.249718,Calibration,2000,2000-12-19,,exper2_05
7.139999866485596,5.9842753,Calibration,2000,2000-12-20,-0.08806006481710242,exper2_05
,5.8028865,Calibration,2000,2000-12-21,,exper2_05
6.519999980926514,5.6685305,Calibration,2000,2000-12-22,-0.06985825900746996,exper2_05
,5.563138,Calibration,2000,2000-12-23,,exper2_05
6.340000152587891,5.4841924,Calibration,2000,2000-12-24,-0.0723776934015224,exper2_05
6.059999942779541,5.4158273,Calibration,2000,2000-12-25,-0.05613300516559205,exper2_05
6.550000190734863,5.3596773,Calibration,2000,2000-12-26,-0.09994585289379528,exper2_05
6.150000095367432,5.337391,Calibration,2000,2000-12-27,-0.07073923017516434,exper2_05
6.170000076293945,5.2936664,Calibration,2000,2000-12-28,-0.07644445328118142,exper2_05
6.170000076293945,5.261271,Calibration,2000,2000-12-29,-0.07949501593722935,exper2_05
6.079999923706055,5.266256,Calibration,2000,2000-12-30,-0.07171917185515522,exper2_05
5.590000152587891,5.2310143,Calibration,2000,2000-12-31,-0.033174884300713796,exper2_05
,3.935648,Calibration,2001,2001-01-01,,exper2_05
,4.030983,Calibration,2001,2001-01-02,,exper2_05
,4.2467055,Calibration,2001,2001-01-03,,exper2_05
,4.350426,Calibration,2001,2001-01-04,,exper2_05
,4.3127704,Calibration,2001,2001-01-05,,exper2_05
,4.373399,Calibration,2001,2001-01-06,,exper2_05
5.710000038146916,4.314137,Calibration,2001,2001-01-07,-0.13925019713740344,exper2_05
6.130000114440918,4.225991,Calibration,2001,2001-01-08,-0.18385583407967745,exper2_05
,3.9853878,Calibration,2001,2001-01-09,,exper2_05
5.619999885559082,3.9112124,Calibration,2001,2001-01-10,-0.17928332536454517,exper2_05
,3.815076,Calibration,2001,2001-01-11,,exper2_05
5.449999809265137,3.8182375,Calibration,2001,2001-01-12,-0.17605961135011094,exper2_05
5.150000095367432,3.5604196,Calibration,2001,2001-01-13,-0.18249184297386653,exper2_05
4.639999866485596,3.285575,Calibration,2001,2001-01-14,-0.17089296248421063,exper2_05
3.819999933242798,3.076964,Calibration,2001,2001-01-15,-0.10773378685529983,exper2_05
2.2899999618530273,3.3131192,Calibration,2001,2001-01-16,0.18259815409308083,exper2_05
1.4900000095367432,3.379999,Calibration,2001,2001-01-17,0.38809021095202173,exper2_05
1.2899999618530273,3.501019,Calibration,2001,2001-01-18,0.461492441648391,exper2_05
1.659999966621399,3.5384667,Calibration,2001,2001-01-19,0.36135015355818906,exper2_05
1.3899999856948853,3.5384433,Calibration,2001,2001-01-20,0.4359273719843555,exper2_05
1.6399999856948853,3.5751665,Calibration,2001,2001-01-21,0.37106514180869626,exper2_05
1.2599999904632568,3.5692892,Calibration,2001,2001-01-22,0.4781840810007866,exper2_05
1.7999999523162842,3.558203,Calibration,2001,2001-01-23,0.3281329675643764,exper2_05
2.4000000953674316,3.6923013,Calibration,2001,2001-01-24,0.2121203630232485,exper2_05
2.619999885559082,3.8705056,Calibration,2001,2001-01-25,0.1926669184866279,exper2_05
4.019999980926514,3.7357082,Calibration,2001,2001-01-26,-0.03665580708493794,exper2_05
4.179999828338623,3.7334986,Calibration,2001,2001-01-27,-0.056422739018025574,exper2_05
4.21999979019165,3.6035964,Calibration,2001,2001-01-28,-0.07878772401539914,exper2_05
3.799999952316284,3.5761538,Calibration,2001,2001-01-29,-0.030347279355168757,exper2_05
3.609999895095825,3.6775794,Calibration,2001,2001-01-30,0.009273244936919629,exper2_05
3.069999933242798,3.5084622,Calibration,2001,2001-01-31,0.06665117912501671,exper2_05
2.309999942779541,3.1437554,Calibration,2001,2001-02-01,0.15287731760335477,exper2_05
1.6799999475479126,2.879489,Calibration,2001,2001-02-02,0.2630753195644242,exper2_05
1.7000000476837158,3.0618715,Calibration,2001,2001-02-03,0.28599500408982503,exper2_05
1.8300000429153442,3.142881,Calibration,2001,2001-02-04,0.2640081040285482,exper2_05
3.5799999237060547,3.337116,Calibration,2001,2001-02-05,-0.0351134668324022,exper2_05
4.260000228881836,3.4628825,Calibration,2001,2001-02-06,-0.1032150475618791,exper2_05
5.519999980926514,3.63131,Calibration,2001,2001-02-07,-0.2063846598589973,exper2_05
5.650000095367432,3.5727952,Calibration,2001,2001-02-08,-0.22522509573727947,exper2_05
5.650000095367432,3.612133,Calibration,2001,2001-02-09,-0.22002135388402275,exper2_05
6.139999866485596,3.6684601,Calibration,2001,2001-02-10,-0.2519804063538391,exper2_05
5.690000057220459,3.8495378,Calibration,2001,2001-02-11,-0.19292991188932082,exper2_05
5.610000133514404,3.9169188,Calibration,2001,2001-02-12,-0.17771552364668464,exper2_05
5.610000133514404,4.0189843,Calibration,2001,2001-02-13,-0.16523194359515891,exper2_05
5.78000020980835,4.0412297,Calibration,2001,2001-02-14,-0.1770420300193061,exper2_05
5.460000038146916,4.234923,Calibration,2001,2001-02-15,-0.12636275314929696,exper2_05
5.5,4.3913507,Calibration,2001,2001-02-16,-0.11208269550811317,exper2_05
5.730000019073486,4.1851664,Calibration,2001,2001-02-17,-0.15580511725452592,exper2_05
7.090000152587891,4.402513,Calibration,2001,2001-02-18,-0.23384677340421342,exper2_05
6.349999904632568,4.6368613,Calibration,2001,2001-02-19,-0.15592611434913878,exper2_05
5.329999923706055,4.834064,Calibration,2001,2001-02-20,-0.048793073350501676,exper2_05
5.099999904632568,4.853607,Calibration,2001,2001-02-21,-0.024754114248158748,exper2_05
6.059999942779541,4.812864,Calibration,2001,2001-02-22,-0.11470171451266131,exper2_05
5.019999980926514,4.866629,Calibration,2001,2001-02-23,-0.015512957512200873,exper2_05
4.389999866485596,4.590938,Calibration,2001,2001-02-24,0.02237385735626613,exper2_05
3.460000038146916,4.500093,Calibration,2001,2001-02-25,0.13066341590527675,exper2_05
3.0399999618530273,4.8403583,Calibration,2001,2001-02-26,0.22846147920869686,exper2_05
2.2699999809265137,4.843373,Calibration,2001,2001-02-27,0.36176549609380027,exper2_05
2.4100000858306885,4.732123,Calibration,2001,2001-02-28,0.3251306113735588,exper2_05
2.799999952316284,4.759785,Calibration,2001,2001-03-01,0.259238217742713,exper2_05
3.4000000953674316,4.5921245,Calibration,2001,2001-03-02,0.14916238581920802,exper2_05
4.239999771118164,4.5237007,Calibration,2001,2001-03-03,0.032372277381149554,exper2_05
4.829999923706055,4.6139913,Calibration,2001,2001-03-04,-0.022872603220774446,exper2_05
5.920000076293945,4.809688,Calibration,2001,2001-03-05,-0.10348035913769871,exper2_05
5.5,4.565399,Calibration,2001,2001-03-06,-0.09285283318628476,exper2_05
4.809999942779541,4.569143,Calibration,2001,2001-03-07,-0.025680078708708635,exper2_05
4.929999828338623,4.4145427,Calibration,2001,2001-03-08,-0.055161304380084916,exper2_05
6.639999866485596,4.776185,Calibration,2001,2001-03-09,-0.1632607431246404,exper2_05
7.239999771118164,4.6372676,Calibration,2001,2001-03-10,-0.21913560607079488,exper2_05
7.429999828338623,4.5805264,Calibration,2001,2001-03-11,-0.23724801342104795,exper2_05
9.479999542236328,4.7732844,Calibration,2001,2001-03-12,-0.33021969634445175,exper2_05
8.109999656677246,5.263347,Calibration,2001,2001-03-13,-0.21286014257820765,exper2_05
6.5,5.1659684,Calibration,2001,2001-03-14,-0.1143524081383971,exper2_05
7.46999979019165,5.5650277,Calibration,2001,2001-03-15,-0.14614254368364213,exper2_05
8.710000038146916,5.2541966,Calibration,2001,2001-03-16,-0.2474759897057317,exper2_05
8.270000457763672,5.4290485,Calibration,2001,2001-03-17,-0.2073831490340001,exper2_05
9.119999885559082,5.452746,Calibration,2001,2001-03-18,-0.251651543327905,exper2_05
8.729999542236328,5.866992,Calibration,2001,2001-03-19,-0.19613682297626658,exper2_05
7.840000152587891,6.21946,Calibration,2001,2001-03-20,-0.11526332613471506,exper2_05
8.569999694824219,6.441586,Calibration,2001,2001-03-21,-0.14178473333785027,exper2_05
9.489999771118164,5.940456,Calibration,2001,2001-03-22,-0.2300349341661225,exper2_05
9.34000015258789,6.097751,Calibration,2001,2001-03-23,-0.21002080875763635,exper2_05
10.600000381469727,6.499504,Calibration,2001,2001-03-24,-0.2398020538612938,exper2_05
11.4399995803833,6.6815047,Calibration,2001,2001-03-25,-0.2625882914250982,exper2_05
10.979999542236328,6.7120037,Calibration,2001,2001-03-26,-0.24123869829840427,exper2_05
10.64000034332281,6.713966,Calibration,2001,2001-03-27,-0.22623268923738996,exper2_05
9.14000034332281,6.8073697,Calibration,2001,2001-03-28,-0.14627055286561066,exper2_05
9.199999809265137,7.231685,Calibration,2001,2001-03-29,-0.1197877546438901,exper2_05
9.569999694824219,6.911111,Calibration,2001,2001-03-30,-0.16132946897518224,exper2_05
9.34000015258789,7.064742,Calibration,2001,2001-03-31,-0.13869514259093868,exper2_05
9.350000381469727,7.7897167,Calibration,2001,2001-04-01,-0.09103322135357664,exper2_05
10.220000267028809,7.686234,Calibration,2001,2001-04-02,-0.14150190555280603,exper2_05
11.199999809265137,8.306531,Calibration,2001,2001-04-03,-0.1483333398520002,exper2_05
12.3100004196167,8.875203,Calibration,2001,2001-04-04,-0.16213189920580873,exper2_05
10.970000267028809,8.870259,Calibration,2001,2001-04-05,-0.10583233432769244,exper2_05
9.779999732971248,9.270847,Calibration,2001,2001-04-06,-0.026725972392934696,exper2_05
9.670000076293945,8.747597,Calibration,2001,2001-04-07,-0.050082719517404756,exper2_05
9.460000038146916,8.874051,Calibration,2001,2001-04-08,-0.03195960019237505,exper2_05
9.119999885559082,8.838524,Calibration,2001,2001-04-09,-0.01567367255385928,exper2_05
9.069999694824219,9.689092,Calibration,2001,2001-04-10,0.03300223743034752,exper2_05
10.369999885559082,9.56419,Calibration,2001,2001-04-11,-0.04042351271351918,exper2_05
10.050000190734863,9.701451,Calibration,2001,2001-04-12,-0.017646748103341537,exper2_05
10.0600004196167,8.962714,Calibration,2001,2001-04-13,-0.05768294623458183,exper2_05
9.550000190734863,8.485583,Calibration,2001,2001-04-14,-0.05901760182067378,exper2_05
9.149999618530273,8.87056,Calibration,2001,2001-04-15,-0.015506728804928639,exper2_05
8.800000190734863,8.656575,Calibration,2001,2001-04-16,-0.008216101071285788,exper2_05
8.539999961853027,9.289958,Calibration,2001,2001-04-17,0.04206168292302776,exper2_05
8.770000457763672,9.537467,Calibration,2001,2001-04-18,0.041920956394176916,exper2_05
8.970000267028809,8.963612,Calibration,2001,2001-04-19,-0.00035623968512219384,exper2_05
9.229999542236328,9.389285,Calibration,2001,2001-04-20,0.00855486923992771,exper2_05
9.199999809265137,9.199467,Calibration,2001,2001-04-21,-2.897388043552459e-05,exper2_05
9.0,9.602408,Calibration,2001,2001-04-22,0.032383355739214914,exper2_05
9.100000381469727,9.050515,Calibration,2001,2001-04-23,-0.002726380220463273,exper2_05
9.569999694824219,9.258192,Calibration,2001,2001-04-24,-0.01656067860722826,exper2_05
10.859999656677246,9.775132,Calibration,2001,2001-04-25,-0.052573808882946944,exper2_05
11.279999732971248,10.209279,Calibration,2001,2001-04-26,-0.04982580769251162,exper2_05
10.9399995803833,10.621876,Calibration,2001,2001-04-27,-0.014753995762356715,exper2_05
10.579999923706055,11.26238,Calibration,2001,2001-04-28,0.03124108893026558,exper2_05
10.789999961853027,12.097272,Calibration,2001,2001-04-29,0.05711785852803137,exper2_05
12.0,12.404309,Calibration,2001,2001-04-30,0.016567126250006205,exper2_05
12.739999771118164,13.646364,Calibration,2001,2001-05-01,0.03434972857558601,exper2_05
13.420000076293945,14.1810255,Calibration,2001,2001-05-02,0.027572360546121347,exper2_05
14.600000381469727,14.416854,Calibration,2001,2001-05-03,-0.006311727485661537,exper2_05
15.050000190734863,14.247901,Calibration,2001,2001-05-04,-0.027377361391899165,exper2_05
15.0600004196167,14.364814,Calibration,2001,2001-05-05,-0.023625862501366914,exper2_05
15.180000305175781,14.320407,Calibration,2001,2001-05-06,-0.029138356804335144,exper2_05
14.979999542236328,14.695889,Calibration,2001,2001-05-07,-0.00957376775231241,exper2_05
14.949999809265137,14.750369,Calibration,2001,2001-05-08,-0.006721490164079394,exper2_05
14.760000228881836,15.31142,Calibration,2001,2001-05-09,0.018337018987275536,exper2_05
15.0,15.785417,Calibration,2001,2001-05-10,0.025512618952494095,exper2_05
15.359999656677246,15.9809,Calibration,2001,2001-05-11,0.019811178513184077,exper2_05
15.9399995803833,16.48873,Calibration,2001,2001-05-12,0.016921103987011875,exper2_05
16.15999984741211,16.57337,Calibration,2001,2001-05-13,0.012628401372287254,exper2_05
16.329999923706055,17.029362,Calibration,2001,2001-05-14,0.02096448392853641,exper2_05
16.979999542236328,17.017828,Calibration,2001,2001-05-15,0.0011126724318279856,exper2_05
16.850000381469727,17.146612,Calibration,2001,2001-05-16,0.008724745309923421,exper2_05
17.280000686645508,17.097399,Calibration,2001,2001-05-17,-0.005311685341566068,exper2_05
17.15999984741211,17.548737,Calibration,2001,2001-05-18,0.011199967643683095,exper2_05
16.979999542236328,17.5135,Calibration,2001,2001-05-19,0.015466701702140083,exper2_05
16.8799991607666,17.677876,Calibration,2001,2001-05-20,0.02308812001404769,exper2_05
17.139999389648438,18.476557,Calibration,2001,2001-05-21,0.03752629485052294,exper2_05
17.049999237060547,18.647627,Calibration,2001,2001-05-22,0.04475445046887296,exper2_05
16.950000762939453,19.001532,Calibration,2001,2001-05-23,0.05706379403380251,exper2_05
17.18000030517578,18.872576,Calibration,2001,2001-05-24,0.04694742066856337,exper2_05
17.68000030517578,19.251036,Calibration,2001,2001-05-25,0.04253970523123074,exper2_05
18.110000610351562,19.563848,Calibration,2001,2001-05-26,0.03859037288830311,exper2_05
18.31999969482422,20.036657,Calibration,2001,2001-05-27,0.0447551421722646,exper2_05
19.020000457763672,20.469559,Calibration,2001,2001-05-28,0.036707380087096626,exper2_05
19.729999542236328,20.632229,Calibration,2001,2001-05-29,0.02235330765895238,exper2_05
20.239999771118164,20.94139,Calibration,2001,2001-05-30,0.017031706123707257,exper2_05
20.65999984741211,20.929712,Calibration,2001,2001-05-31,0.006485076097500081,exper2_05
20.579999923706055,20.620695,Calibration,2001,2001-06-01,0.0009877306776575007,exper2_05
20.110000610351562,20.78907,Calibration,2001,2001-06-02,0.016603543962260315,exper2_05
19.649999618530273,20.762705,Calibration,2001,2001-06-03,0.027533550287390497,exper2_05
18.799999237060547,20.345726,Calibration,2001,2001-06-04,0.03948647690754961,exper2_05
18.3799991607666,20.448858,Calibration,2001,2001-06-05,0.05328148283797464,exper2_05
18.420000076293945,20.331928,Calibration,2001,2001-06-06,0.04933762677884632,exper2_05
18.299999237060547,19.887148,Calibration,2001,2001-06-07,0.04156237858099742,exper2_05
18.600000381469727,20.376587,Calibration,2001,2001-06-08,0.04558086420245465,exper2_05
19.030000686645508,20.588682,Calibration,2001,2001-06-09,0.039342082458741746,exper2_05
19.040000915527344,20.552496,Calibration,2001,2001-06-10,0.038201557375513125,exper2_05
19.06999969482422,20.127241,Calibration,2001,2001-06-11,0.026972343395775988,exper2_05
18.06999969482422,18.77131,Calibration,2001,2001-06-12,0.019035997957490728,exper2_05
17.690000534057617,19.348995,Calibration,2001,2001-06-13,0.04479048746901311,exper2_05
18.139999389648438,20.053242,Calibration,2001,2001-06-14,0.050093741301175804,exper2_05
18.40999984741211,19.649252,Calibration,2001,2001-06-15,0.03256112593714877,exper2_05
18.8700008392334,20.414568,Calibration,2001,2001-06-16,0.039317400085102136,exper2_05
19.350000381469727,20.326809,Calibration,2001,2001-06-17,0.02461913054346742,exper2_05
19.18000030517578,20.364325,Calibration,2001,2001-06-18,0.02994928522041238,exper2_05
19.15999984741211,20.482042,Calibration,2001,2001-06-19,0.03334950454552518,exper2_05
19.049999237060547,20.46905,Calibration,2001,2001-06-20,0.03590800547294818,exper2_05
19.049999237060547,20.71853,Calibration,2001,2001-06-21,0.04195607487576956,exper2_05
20.799999237060547,21.411173,Calibration,2001,2001-06-22,0.014478954250705046,exper2_05
21.55999946594244,21.073847,Calibration,2001,2001-06-23,-0.011402974193303213,exper2_05
21.950000762939453,21.404112,Calibration,2001,2001-06-24,-0.012591398317319357,exper2_05
22.670000076293945,22.13645,Calibration,2001,2001-06-25,-0.011907889684619328,exper2_05
23.479999542236328,22.578585,Calibration,2001,2001-06-26,-0.019571050361473552,exper2_05
24.170000076293945,22.87147,Calibration,2001,2001-06-27,-0.02760395434864741,exper2_05
23.899999618530273,23.581121,Calibration,2001,2001-06-28,-0.0067158939529558025,exper2_05
23.719999313354492,23.60438,Calibration,2001,2001-06-29,-0.0024431310446515267,exper2_05
23.829999923706055,23.838339,Calibration,2001,2001-06-30,0.00017493641349462373,exper2_05
23.31999969482422,23.100927,Calibration,2001,2001-07-01,-0.004719258227947441,exper2_05
22.8700008392334,24.17338,Calibration,2001,2001-07-02,0.027705896948948032,exper2_05
22.889999389648438,24.181784,Calibration,2001,2001-07-03,0.0274428585952097,exper2_05
22.56999969482422,24.227034,Calibration,2001,2001-07-04,0.03540895230074861,exper2_05
22.940000534057617,24.125795,Calibration,2001,2001-07-05,0.025194407269369726,exper2_05
23.1299991607666,23.590782,Calibration,2001,2001-07-06,0.009862484994475436,exper2_05
23.8700008392334,23.013414,Calibration,2001,2001-07-07,-0.018270564382728817,exper2_05
24.030000686645508,22.959414,Calibration,2001,2001-07-08,-0.022783581708481243,exper2_05
23.610000610351562,23.440508,Calibration,2001,2001-07-09,-0.0036023568493568007,exper2_05
23.729999542236328,23.402426,Calibration,2001,2001-07-10,-0.006950072568999228,exper2_05
24.549999237060547,23.503408,Calibration,2001,2001-07-11,-0.021779741662887632,exper2_05
23.469999313354492,22.789024,Calibration,2001,2001-07-12,-0.014720910783554614,exper2_05
23.8799991607666,22.7189,Calibration,2001,2001-07-13,-0.024916864650854454,exper2_05
24.020000457763672,23.310537,Calibration,2001,2001-07-14,-0.01498954274646942,exper2_05
24.600000381469727,23.205675,Calibration,2001,2001-07-15,-0.02916652137161824,exper2_05
24.43000030517578,23.374895,Calibration,2001,2001-07-16,-0.022071070347504478,exper2_05
23.940000534057617,23.32643,Calibration,2001,2001-07-17,-0.012981119333017557,exper2_05
24.010000228881836,23.376326,Calibration,2001,2001-07-18,-0.013372520667094883,exper2_05
23.56999969482422,23.262342,Calibration,2001,2001-07-19,-0.006569332809581962,exper2_05
22.80999946594244,22.645168,Calibration,2001,2001-07-20,-0.003626235906370768,exper2_05
22.579999923706055,22.257921,Calibration,2001,2001-07-21,-0.007183176575243543,exper2_05
22.860000610351562,22.419603,Calibration,2001,2001-07-22,-0.00972617302440362,exper2_05
22.950000762939453,22.56288,Calibration,2001,2001-07-23,-0.00850575041162974,exper2_05
22.579999923706055,23.238733,Calibration,2001,2001-07-24,0.014376944138200096,exper2_05
22.700000762939453,23.245707,Calibration,2001,2001-07-25,0.011877187818081138,exper2_05
23.239999771118164,23.68363,Calibration,2001,2001-07-26,0.00945430310416895,exper2_05
24.149999618530273,24.085186,Calibration,2001,2001-07-27,-0.0013436998957140833,exper2_05
24.68000030517578,24.472368,Calibration,2001,2001-07-28,-0.004224253499137001,exper2_05
24.739999771118164,24.624529,Calibration,2001,2001-07-29,-0.002339146941625263,exper2_05
24.6299991607666,24.995,Calibration,2001,2001-07-30,0.007355197550968199,exper2_05
24.850000381469727,25.086088,Calibration,2001,2001-07-31,0.0047277991903408026,exper2_05
25.329999923706055,25.585886,Calibration,2001,2001-08-01,0.005025662879681829,exper2_05
25.739999771118164,25.64604,Calibration,2001,2001-08-02,-0.0018285084594220485,exper2_05
26.170000076293945,25.46626,Calibration,2001,2001-08-03,-0.013628778552461352,exper2_05
26.040000915527344,25.412895,Calibration,2001,2001-08-04,-0.012187957534021921,exper2_05
25.530000686645508,24.594784,Calibration,2001,2001-08-05,-0.018657774064916647,exper2_05
24.90999984741211,24.083359,Calibration,2001,2001-08-06,-0.016872513054456736,exper2_05
24.760000228881836,23.600142,Calibration,2001,2001-08-07,-0.023983773858846046,exper2_05
24.959999084472656,23.800343,Calibration,2001,2001-08-08,-0.023782780955844095,exper2_05
24.80999946594244,23.908758,Calibration,2001,2001-08-09,-0.018498856422942217,exper2_05
24.520000457763672,23.78758,Calibration,2001,2001-08-10,-0.015161594790715157,exper2_05
23.979999542236328,23.542316,Calibration,2001,2001-08-11,-0.009210054191427142,exper2_05
23.979999542236328,23.831865,Calibration,2001,2001-08-12,-0.0030982734520630497,exper2_05
24.219999313354492,23.486818,Calibration,2001,2001-08-13,-0.01536847428158006,exper2_05
24.299999237060547,23.828756,Calibration,2001,2001-08-14,-0.009791296265348104,exper2_05
24.389999389648438,24.290142,Calibration,2001,2001-08-15,-0.002051294991139945,exper2_05
24.80999946594244,24.295439,Calibration,2001,2001-08-16,-0.01047869071094468,exper2_05
25.479999542236328,24.500208,Calibration,2001,2001-08-17,-0.019603592929223118,exper2_05
25.520000457763672,24.227362,Calibration,2001,2001-08-18,-0.025984066755757672,exper2_05
25.350000381469727,24.201696,Calibration,2001,2001-08-19,-0.023173858016517727,exper2_05
24.93000030517578,24.59008,Calibration,2001,2001-08-20,-0.006864286973230606,exper2_05
24.719999313354492,24.518513,Calibration,2001,2001-08-21,-0.004092052728239812,exper2_05
24.649999618530273,24.254082,Calibration,2001,2001-08-22,-0.008095804717528667,exper2_05
24.649999618530273,24.121996,Calibration,2001,2001-08-23,-0.010825960404796576,exper2_05
24.65999984741211,23.862185,Calibration,2001,2001-08-24,-0.016442279612976604,exper2_05
24.719999313354492,23.87686,Calibration,2001,2001-08-25,-0.017349673747730953,exper2_05
25.170000076293945,24.121706,Calibration,2001,2001-08-26,-0.021267149194851228,exper2_05
25.15999984741211,24.268814,Calibration,2001,2001-08-27,-0.018029681264092743,exper2_05
25.020000457763672,23.884674,Calibration,2001,2001-08-28,-0.023215089281514674,exper2_05
24.920000076293945,23.619524,Calibration,2001,2001-08-29,-0.026792105998383414,exper2_05
24.520000457763672,23.543081,Calibration,2001,2001-08-30,-0.020325770608134158,exper2_05
23.8799991607666,22.968666,Calibration,2001,2001-08-31,-0.019452701149282558,exper2_05
23.530000686645508,22.957724,Calibration,2001,2001-09-01,-0.012310283578241392,exper2_05
23.06999969482422,22.570524,Calibration,2001,2001-09-02,-0.010943684172100883,exper2_05
23.09000015258789,22.424461,Calibration,2001,2001-09-03,-0.014622578531184628,exper2_05
22.600000381469727,22.110407,Calibration,2001,2001-09-04,-0.0109503253469436,exper2_05
22.15999984741211,21.635345,Calibration,2001,2001-09-05,-0.011979683794184093,exper2_05
21.690000534057617,21.364779,Calibration,2001,2001-09-06,-0.007553679812931354,exper2_05
21.209999084472656,21.225092,Calibration,2001,2001-09-07,0.00035566907880090485,exper2_05
21.06999969482422,21.359308,Calibration,2001,2001-09-08,0.006818601623174317,exper2_05
20.959999084472656,20.985527,Calibration,2001,2001-09-09,0.0006085977805279268,exper2_05
20.719999313354492,20.688232,Calibration,2001,2001-09-10,-0.0007671636809466896,exper2_05
20.530000686645508,20.41517,Calibration,2001,2001-09-11,-0.002804482513722651,exper2_05
20.040000915527344,20.239428,Calibration,2001,2001-09-12,0.004951079459576254,exper2_05
19.920000076293945,19.773466,Calibration,2001,2001-09-13,-0.003691639459650005,exper2_05
19.600000381469727,19.690771,Calibration,2001,2001-09-14,0.002310230061826203,exper2_05
19.139999389648438,19.26682,Calibration,2001,2001-09-15,0.003302057211787606,exper2_05
18.780000686645508,19.079227,Calibration,2001,2001-09-16,0.007903667761105406,exper2_05
18.389999389648438,18.432753,Calibration,2001,2001-09-17,0.0011610544373698022,exper2_05
18.190000534057617,18.355421,Calibration,2001,2001-09-18,0.004526436554367603,exper2_05
18.049999237060547,18.18929,Calibration,2001,2001-09-19,0.003843614551376897,exper2_05
18.079999923706055,18.280405,Calibration,2001,2001-09-20,0.0055116306054495,exper2_05
18.670000076293945,17.966196,Calibration,2001,2001-09-21,-0.019210619287316825,exper2_05
17.8799991607666,18.130241,Calibration,2001,2001-09-22,0.006949196379165663,exper2_05
17.65999984741211,18.177626,Calibration,2001,2001-09-23,0.014443641325084142,exper2_05
17.56999969482422,18.193121,Calibration,2001,2001-09-24,0.017423570713340008,exper2_05
17.5,18.184282,Calibration,2001,2001-09-25,0.019176014163571117,exper2_05
17.3799991607666,17.527954,Calibration,2001,2001-09-26,0.004238430700420466,exper2_05
17.459999084472656,17.786024,Calibration,2001,2001-09-27,0.009249979990872915,exper2_05
17.68000030517578,17.98899,Calibration,2001,2001-09-28,0.008662719888706509,exper2_05
17.360000610351562,17.824183,Calibration,2001,2001-09-29,0.013192913941803509,exper2_05
17.25,17.90932,Calibration,2001,2001-09-30,0.018752376772645185,exper2_05
17.530000686645508,17.882421,Calibration,2001,2001-10-01,0.009951897814040357,exper2_05
17.93000030517578,17.976946,Calibration,2001,2001-10-02,0.001307423128136125,exper2_05
17.75,17.974197,Calibration,2001,2001-10-03,0.006275785156548656,exper2_05
17.780000686645508,18.005285,Calibration,2001,2001-10-04,0.0062954527381067354,exper2_05
17.30999946594244,18.010248,Calibration,2001,2001-10-05,0.019825702390248008,exper2_05
17.600000381469727,17.681,Calibration,2001,2001-10-06,0.0022958355509867467,exper2_05
17.510000228881836,17.90611,Calibration,2001,2001-10-07,0.011184472929639758,exper2_05
17.959999084472656,17.948881,Calibration,2001,2001-10-08,-0.000309615201261832,exper2_05
18.040000915527344,17.774477,Calibration,2001,2001-10-09,-0.007413870756726504,exper2_05
17.6299991607666,17.46754,Calibration,2001,2001-10-10,-0.0046287694309817195,exper2_05
17.649999618530273,17.331303,Calibration,2001,2001-10-11,-0.00911049489601493,exper2_05
17.469999313354492,17.304731,Calibration,2001,2001-10-12,-0.004752529813831459,exper2_05
17.530000686645508,17.21535,Calibration,2001,2001-10-13,-0.009055930946385626,exper2_05
17.25,17.12646,Calibration,2001,2001-10-14,-0.003593763914384627,exper2_05
17.34000015258789,16.842688,Calibration,2001,2001-10-15,-0.014548667128716882,exper2_05
17.139999389648438,16.726965,Calibration,2001,2001-10-16,-0.01219579159613434,exper2_05
17.0,16.365894,Calibration,2001,2001-10-17,-0.019004606210661454,exper2_05
16.93000030517578,16.01375,Calibration,2001,2001-10-18,-0.02781256591226512,exper2_05
16.780000686645508,15.776811,Calibration,2001,2001-10-19,-0.03081352256327067,exper2_05
16.649999618530273,16.224075,Calibration,2001,2001-10-20,-0.012956236851615937,exper2_05
16.65999984741211,16.630903,Calibration,2001,2001-10-21,-0.0008740106362883373,exper2_05
16.709999084472656,16.262419,Calibration,2001,2001-10-22,-0.013574386319279706,exper2_05
16.450000762939453,16.179754,Calibration,2001,2001-10-23,-0.008282210686855838,exper2_05
16.229999542236328,14.880082,Calibration,2001,2001-10-24,-0.04339163831222467,exper2_05
16.139999389648438,14.956607,Calibration,2001,2001-10-25,-0.03805535932221011,exper2_05
16.010000228881836,13.926831,Calibration,2001,2001-10-26,-0.06958548653512404,exper2_05
15.829999923706055,14.907681,Calibration,2001,2001-10-27,-0.03000611682088512,exper2_05
15.720000267028809,14.90336,Calibration,2001,2001-10-28,-0.026667220164753293,exper2_05
15.5600004196167,14.703301,Calibration,2001,2001-10-29,-0.028308179792554036,exper2_05
15.329999923706055,8.595825,Calibration,2001,2001-10-30,-0.2814605011486347,exper2_05
15.119999885559082,13.929884,Calibration,2001,2001-10-31,-0.04096800989303999,exper2_05
14.970000267028809,12.969684,Calibration,2001,2001-11-01,-0.07159410342711556,exper2_05
14.739999771118164,12.368507,Calibration,2001,2001-11-02,-0.0874814821850793,exper2_05
14.359999656677246,11.717708,Calibration,2001,2001-11-03,-0.10132378560950084,exper2_05
14.100000381469727,11.330114,Calibration,2001,2001-11-04,-0.10892149109437965,exper2_05
13.789999961853027,10.831379,Calibration,2001,2001-11-05,-0.12016471690183053,exper2_05
13.670000076293945,10.299761,Calibration,2001,2001-11-06,-0.14060379127716288,exper2_05
13.430000305175781,9.990012,Calibration,2001,2001-11-07,-0.14688242118152692,exper2_05
13.25,10.5574255,Calibration,2001,2001-11-08,-0.11309809627063405,exper2_05
12.880000114440918,10.057569,Calibration,2001,2001-11-09,-0.12304841919418534,exper2_05
12.59000015258789,9.859035,Calibration,2001,2001-11-10,-0.12165180605432083,exper2_05
12.380000114440918,9.698222,Calibration,2001,2001-11-11,-0.12146711454956814,exper2_05
12.149999618530273,9.954669,Calibration,2001,2001-11-12,-0.09931524682975655,exper2_05
11.989999771118164,9.683404,Calibration,2001,2001-11-13,-0.10642517575851074,exper2_05
11.600000381469727,9.55267,Calibration,2001,2001-11-14,-0.09678829506448594,exper2_05
11.350000381469727,9.492305,Calibration,2001,2001-11-15,-0.08913100365728424,exper2_05
11.050000190734863,9.233254,Calibration,2001,2001-11-16,-0.08956874977842855,exper2_05
10.779999732971248,9.147521,Calibration,2001,2001-11-17,-0.08192081364809561,exper2_05
10.5,9.097386,Calibration,2001,2001-11-18,-0.07157146438069643,exper2_05
10.25,9.038867,Calibration,2001,2001-11-19,-0.0627892246567918,exper2_05
9.960000038146916,8.858188,Calibration,2001,2001-11-20,-0.05855039706470831,exper2_05
9.779999732971248,8.791948,Calibration,2001,2001-11-21,-0.053201280326245465,exper2_05
9.520000457763672,8.814033,Calibration,2001,2001-11-22,-0.03850587062105288,exper2_05
9.279999732971248,8.227828,Calibration,2001,2001-11-23,-0.060097216036705384,exper2_05
8.899999618530273,7.32568,Calibration,2001,2001-11-24,-0.09702643574432089,exper2_05
8.75,6.9039893,Calibration,2001,2001-11-25,-0.11792589402078267,exper2_05
8.59000015258789,7.3764606,Calibration,2001,2001-11-26,-0.07600554830584491,exper2_05
8.489999771118164,7.5812855,Calibration,2001,2001-11-27,-0.0565427270079618,exper2_05
8.40999984741211,7.8304706,Calibration,2001,2001-11-28,-0.035684267193129754,exper2_05
8.460000038146916,7.505037,Calibration,2001,2001-11-29,-0.05981590992102107,exper2_05
8.25,7.5254197,Calibration,2001,2001-11-30,-0.045930967363050045,exper2_05
8.079999923706055,7.5348973,Calibration,2001,2001-12-01,-0.03490913757012018,exper2_05
8.039999961853027,7.6033044,Calibration,2001,2001-12-02,-0.027915814076082197,exper2_05
7.900000095367432,7.5911093,Calibration,2001,2001-12-03,-0.01993987726431795,exper2_05
7.78000020980835,7.668855,Calibration,2001,2001-12-04,-0.0071943853866763,exper2_05
7.71999979019165,7.89302,Calibration,2001,2001-12-05,0.011081799900534088,exper2_05
7.639999866485596,8.076583,Calibration,2001,2001-12-06,0.02777849666124728,exper2_05
7.590000152587891,7.3451176,Calibration,2001,2001-12-07,-0.01639642808202952,exper2_05
7.369999885559082,6.839212,Calibration,2001,2001-12-08,-0.037355199660712046,exper2_05
7.190000057220459,6.3971233,Calibration,2001,2001-12-09,-0.058355009919014225,exper2_05
6.889999866485596,6.090751,Calibration,2001,2001-12-10,-0.06157183764318246,exper2_05
6.75,5.8936787,Calibration,2001,2001-12-11,-0.06772723014532211,exper2_05
6.679999828338623,5.7363915,Calibration,2001,2001-12-12,-0.07599698299400977,exper2_05
6.32000017166132,5.6112027,Calibration,2001,2001-12-13,-0.05940704063609371,exper2_05
6.059999942779541,5.5166574,Calibration,2001,2001-12-14,-0.046934324518360444,exper2_05
5.889999866485596,5.4477935,Calibration,2001,2001-12-15,-0.03900286141155456,exper2_05
5.760000228881836,5.3866587,Calibration,2001,2001-12-16,-0.03349358438256832,exper2_05
5.539999961853027,5.3430505,Calibration,2001,2001-12-17,-0.018096900590363115,exper2_05
5.739999771118164,5.30452,Calibration,2001,2001-12-18,-0.03942947677702095,exper2_05
5.53000020980835,5.3009825,Calibration,2001,2001-12-19,-0.021144686607511058,exper2_05
5.349999904632568,5.2573133,Calibration,2001,2001-12-20,-0.008737995359707205,exper2_05
5.230000019073486,5.234444,Calibration,2001,2001-12-21,0.0004246878521503012,exper2_05
5.190000057220459,5.2194963,Calibration,2001,2001-12-22,0.002833585032470471,exper2_05
5.190000057220459,5.1987934,Calibration,2001,2001-12-23,0.0008464268792239586,exper2_05
4.82000017166132,5.168696,Calibration,2001,2001-12-24,0.034909036331911454,exper2_05
4.730000019073486,5.1671014,Calibration,2001,2001-12-25,0.04416458378762564,exper2_05
4.690000057220459,5.1585703,Calibration,2001,2001-12-26,0.04757748748193384,exper2_05
4.75,5.1504073,Calibration,2001,2001-12-27,0.04044351930068302,exper2_05
4.420000076293945,5.137217,Calibration,2001,2001-12-28,0.07504454062795288,exper2_05
4.380000114440918,5.085311,Calibration,2001,2001-12-29,0.07451533476042252,exper2_05
4.78000020980835,4.9501786,Calibration,2001,2001-12-30,0.017489751864972394,exper2_05
4.349999904632568,4.8134494,Calibration,2001,2001-12-31,0.05057587635541719,exper2_05
4.239999771118164,3.6908011,Calibration,2002,2002-01-01,-0.06924882283320291,exper2_05
4.110000133514404,3.522785,Calibration,2002,2002-01-02,-0.0769332791199261,exper2_05
4.150000095367432,3.5325623,Calibration,2002,2002-01-03,-0.08036873783516509,exper2_05
4.210000038146916,3.385645,Calibration,2002,2002-01-04,-0.10852997089248262,exper2_05
3.509999990463257,3.236375,Calibration,2002,2002-01-05,-0.04055880285328693,exper2_05
3.640000104904118,3.1934428,Calibration,2002,2002-01-06,-0.0653487982866996,exper2_05
3.2699999809265137,3.1521893,Calibration,2002,2002-01-07,-0.018344324940024012,exper2_05
2.880000114440918,3.2121272,Calibration,2002,2002-01-08,0.05451742497348764,exper2_05
3.130000114440918,3.138929,Calibration,2002,2002-01-09,0.0014242904618481456,exper2_05
3.210000038146916,3.1483827,Calibration,2002,2002-01-10,-0.009690730695079338,exper2_05
3.180000066757202,3.2393384,Calibration,2002,2002-01-11,0.009243683215723044,exper2_05
2.9800000190734863,3.1655378,Calibration,2002,2002-01-12,0.030190655321754665,exper2_05
2.880000114440918,3.3189983,Calibration,2002,2002-01-13,0.07081760477997255,exper2_05
2.8499999046325684,3.2271457,Calibration,2002,2002-01-14,0.06205968944889867,exper2_05
2.8299999237060547,3.3240254,Calibration,2002,2002-01-15,0.08027680151440503,exper2_05
2.950000047683716,3.3088536,Calibration,2002,2002-01-16,0.05733535200893967,exper2_05
3.0799999237060547,3.2655044,Calibration,2002,2002-01-17,0.02923399436723102,exper2_05
2.799999952316284,3.173294,Calibration,2002,2002-01-18,0.06249384574666106,exper2_05
2.430000066757202,3.2496552,Calibration,2002,2002-01-19,0.1443142470336809,exper2_05
2.559999942779541,3.3414464,Calibration,2002,2002-01-20,0.13241609116831216,exper2_05
2.6500000953674316,3.4017253,Calibration,2002,2002-01-21,0.12421667354272047,exper2_05
2.6500000953674316,3.417336,Calibration,2002,2002-01-22,0.1264699830856752,exper2_05
2.7799999713897705,3.5339627,Calibration,2002,2002-01-23,0.11941197489876307,exper2_05
2.819999933242798,3.6281261,Calibration,2002,2002-01-24,0.12532729686648017,exper2_05
2.7300000190734863,3.5361102,Calibration,2002,2002-01-25,0.12864602125921226,exper2_05
2.869999885559082,3.6067524,Calibration,2002,2002-01-26,0.11375338720466734,exper2_05
2.9100000858306885,3.6508098,Calibration,2002,2002-01-27,0.11291436513026677,exper2_05
3.0299999713897705,3.5633316,Calibration,2002,2002-01-28,0.08088955128611007,exper2_05
3.4000000953674316,3.5471401,Calibration,2002,2002-01-29,0.021179941889775896,exper2_05
3.4800000190734863,3.4684353,Calibration,2002,2002-01-30,-0.0016643648660008886,exper2_05
3.490000009536743,3.4402514,Calibration,2002,2002-01-31,-0.007178478319196909,exper2_05
3.609999895095825,3.5070574,Calibration,2002,2002-02-01,-0.014464189630252176,exper2_05
3.559999942779541,3.5154157,Calibration,2002,2002-02-02,-0.006301294049920536,exper2_05
3.640000104904118,3.4453998,Calibration,2002,2002-02-03,-0.02746497690767147,exper2_05
3.8399999141693115,3.3995588,Calibration,2002,2002-02-04,-0.06083811873639672,exper2_05
3.6700000762939453,3.3522587,Calibration,2002,2002-02-05,-0.045247747906801396,exper2_05
3.450000047683716,3.6452281,Calibration,2002,2002-02-06,0.027515408166200395,exper2_05
3.700000047683716,3.6158347,Calibration,2002,2002-02-07,-0.011504542879243119,exper2_05
3.7799999713897705,3.5811286,Calibration,2002,2002-02-08,-0.02701642448920578,exper2_05
4.050000190734863,3.5428638,Calibration,2002,2002-02-09,-0.06679117951642206,exper2_05
4.090000152587891,3.4929671,Calibration,2002,2002-02-10,-0.07873343002590451,exper2_05
3.819999933242798,3.4730859,Calibration,2002,2002-02-11,-0.04756752653589138,exper2_05
4.039999961853027,3.3989935,Calibration,2002,2002-02-12,-0.08616844115969155,exper2_05
4.25,3.3768659,Calibration,2002,2002-02-13,-0.11448138092268956,exper2_05
4.260000228881836,3.7389426,Calibration,2002,2002-02-14,-0.06514080865220916,exper2_05
3.8399999141693115,3.702139,Calibration,2002,2002-02-15,-0.018278769032949112,exper2_05
3.630000114440918,3.846632,Calibration,2002,2002-02-16,0.02897452835952676,exper2_05
3.759999990463257,3.7176557,Calibration,2002,2002-02-17,-0.005662781723032024,exper2_05
3.759999990463257,3.742732,Calibration,2002,2002-02-18,-0.0023015539326186538,exper2_05
4.25,3.657945,Calibration,2002,2002-02-19,-0.07486838723390464,exper2_05
3.7799999713897705,3.6271856,Calibration,2002,2002-02-20,-0.020630560305353537,exper2_05
3.759999990463257,4.0398617,Calibration,2002,2002-02-21,0.03588033999459147,exper2_05
4.03000020980835,3.8130574,Calibration,2002,2002-02-22,-0.027660486169696116,exper2_05
3.859999895095825,3.8566422,Calibration,2002,2002-02-23,-0.00043511786447872076,exper2_05
3.7200000286102295,3.7845078,Calibration,2002,2002-02-24,0.008595863279119546,exper2_05
3.960000038146916,3.755813,Calibration,2002,2002-02-25,-0.026463466240898768,exper2_05
4.050000190734863,4.0548773,Calibration,2002,2002-02-26,0.0006017475860673195,exper2_05
4.230000019073486,4.387975,Calibration,2002,2002-02-27,0.018330894732334124,exper2_05
4.57000017166132,4.8472686,Calibration,2002,2002-02-28,0.029442550382690405,exper2_05
4.550000190734863,4.7307763,Calibration,2002,2002-03-01,0.019478555400887592,exper2_05
4.590000152587891,4.9509287,Calibration,2002,2002-03-02,0.037829496633927366,exper2_05
4.96999979019165,5.0649524,Calibration,2002,2002-03-03,0.009462185944094556,exper2_05
5.289999961853027,5.213843,Calibration,2002,2002-03-04,-0.007250402950224383,exper2_05
5.510000228881836,5.3464932,Calibration,2002,2002-03-05,-0.015060754664158906,exper2_05
5.510000228881836,5.071692,Calibration,2002,2002-03-06,-0.041421374759439654,exper2_05
5.429999828338623,4.90627,Calibration,2002,2002-03-07,-0.050669130014957514,exper2_05
5.449999809265137,4.905227,Calibration,2002,2002-03-08,-0.052608467714733764,exper2_05
5.710000038146916,4.848644,Calibration,2002,2002-03-09,-0.08157830430191221,exper2_05
6.690000057220459,4.965776,Calibration,2002,2002-03-10,-0.1479287253843837,exper2_05
6.869999885559082,5.1589456,Calibration,2002,2002-03-11,-0.1422447489501825,exper2_05
6.809999942779541,5.7702327,Calibration,2002,2002-03-12,-0.08265087750818151,exper2_05
7.050000190734863,6.1317716,Calibration,2002,2002-03-13,-0.06965896871091741,exper2_05
7.429999828338623,6.0720434,Calibration,2002,2002-03-14,-0.1005741416013943,exper2_05
7.190000057220459,6.061707,Calibration,2002,2002-03-15,-0.08514322199066714,exper2_05
7.090000152587891,6.0804114,Calibration,2002,2002-03-16,-0.07665582140417819,exper2_05
7.57000017166132,6.1737776,Calibration,2002,2002-03-17,-0.10158943316765864,exper2_05
8.020000457763672,6.2127504,Calibration,2002,2002-03-18,-0.12697826558763495,exper2_05
7.630000114440918,6.7037225,Calibration,2002,2002-03-19,-0.0646222662379019,exper2_05
7.150000095367432,6.665488,Calibration,2002,2002-03-20,-0.0350702294377234,exper2_05
7.550000190734863,6.776813,Calibration,2002,2002-03-21,-0.05396783978169114,exper2_05
8.59000015258789,6.8504443,Calibration,2002,2002-03-22,-0.11266229020579656,exper2_05
6.849999904632568,6.6222787,Calibration,2002,2002-03-23,-0.016902947240078865,exper2_05
5.829999923706055,6.412503,Calibration,2002,2002-03-24,0.04758037279874509,exper2_05
5.739999771118164,6.3229504,Calibration,2002,2002-03-25,0.04832570685876739,exper2_05
6.019999980926514,6.586478,Calibration,2002,2002-03-26,0.04493548815004754,exper2_05
6.210000038146916,6.5010495,Calibration,2002,2002-03-27,0.022897360217130257,exper2_05
6.829999923706055,6.544334,Calibration,2002,2002-03-28,-0.021359268577012466,exper2_05
7.75,7.180569,Calibration,2002,2002-03-29,-0.038138588123349394,exper2_05
8.39000034332281,7.697839,Calibration,2002,2002-03-30,-0.04302389864868648,exper2_05
8.720000267028809,7.8570256,Calibration,2002,2002-03-31,-0.05205847233487292,exper2_05
9.220000267028809,8.286065,Calibration,2002,2002-04-01,-0.05334923329360159,exper2_05
10.079999923706055,8.778155,Calibration,2002,2002-04-02,-0.06903350723156612,exper2_05
10.029999732971248,8.562358,Calibration,2002,2002-04-03,-0.07893790874817547,exper2_05
9.170000076293945,8.825769,Calibration,2002,2002-04-04,-0.01912842081253923,exper2_05
8.319999694824219,8.554935,Calibration,2002,2002-04-05,0.013922172642897978,exper2_05
8.14000034332281,8.587341,Calibration,2002,2002-04-06,0.026743099685519037,exper2_05
8.119999885559082,8.555465,Calibration,2002,2002-04-07,0.026114106483249085,exper2_05
8.59000015258789,8.372248,Calibration,2002,2002-04-08,-0.0128374764129011,exper2_05
8.449999809265137,8.41108,Calibration,2002,2002-04-09,-0.002308241729526331,exper2_05
7.909999847412109,8.193508,Calibration,2002,2002-04-10,0.017605375229957185,exper2_05
8.229999542236328,8.074592,Calibration,2002,2002-04-11,-0.00953154261112573,exper2_05
8.130000114440918,8.575631,Calibration,2002,2002-04-12,0.026675497644476343,exper2_05
8.460000038146916,8.641895,Calibration,2002,2002-04-13,0.010635970604884281,exper2_05
8.489999771118164,8.506789,Calibration,2002,2002-04-14,0.0009878004816965143,exper2_05
8.720000267028809,9.052049,Calibration,2002,2002-04-15,0.01868374417987669,exper2_05
8.930000305175781,9.394018,Calibration,2002,2002-04-16,0.02532293168057709,exper2_05
9.039999961853027,9.961244,Calibration,2002,2002-04-17,0.04848333548146962,exper2_05
8.970000267028809,9.841884,Calibration,2002,2002-04-18,0.04634747884611388,exper2_05
9.8100004196167,10.034209,Calibration,2002,2002-04-19,0.011298451059733195,exper2_05
9.729999542236328,10.319628,Calibration,2002,2002-04-20,0.02940843790570559,exper2_05
9.800000190734863,10.325827,Calibration,2002,2002-04-21,0.026126949141370617,exper2_05
10.109999656677246,10.930636,Calibration,2002,2002-04-22,0.03900246869083058,exper2_05
10.739999771118164,11.51329,Calibration,2002,2002-04-23,0.03474949672725939,exper2_05
11.079999923706055,11.760575,Calibration,2002,2002-04-24,0.029796770190194364,exper2_05
11.75,12.267752,Calibration,2002,2002-04-25,0.021557042487904635,exper2_05
12.430000305175781,12.615986,Calibration,2002,2002-04-26,0.007425763309220482,exper2_05
11.75,12.291231,Calibration,2002,2002-04-27,0.02251262224871711,exper2_05
11.760000228881836,12.474141,Calibration,2002,2002-04-28,0.029468380237656897,exper2_05
11.989999771118164,12.579929,Calibration,2002,2002-04-29,0.024010227206477646,exper2_05
11.869999885559082,12.701364,Calibration,2002,2002-04-30,0.033834657962746435,exper2_05
12.800000190734863,12.916052,Calibration,2002,2002-05-01,0.004512810661579623,exper2_05
13.420000076293945,13.354223,Calibration,2002,2002-05-02,-0.0024567220548756736,exper2_05
13.930000305175781,13.435936,Calibration,2002,2002-05-03,-0.018053989675787613,exper2_05
13.699999809265137,13.664215,Calibration,2002,2002-05-04,-0.0013077196443970036,exper2_05
13.579999923706055,13.722026,Calibration,2002,2002-05-05,0.0052020296456133245,exper2_05
13.760000228881836,13.496223,Calibration,2002,2002-05-06,-0.009677671503041508,exper2_05
14.359999656677246,14.284654,Calibration,2002,2002-05-07,-0.002630368473985434,exper2_05
14.729999542236328,14.94164,Calibration,2002,2002-05-08,0.0071327490475113445,exper2_05
14.239999771118164,14.478872,Calibration,2002,2002-05-09,0.008317615242386245,exper2_05
15.260000228881836,14.964027,Calibration,2002,2002-05-10,-0.009792633453226174,exper2_05
15.380000114440918,15.428655,Calibration,2002,2002-05-11,0.001579249617151608,exper2_05
16.100000381469727,15.7542715,Calibration,2002,2002-05-12,-0.010853453986145884,exper2_05
16.40999984741211,16.186346,Calibration,2002,2002-05-13,-0.006861314885136947,exper2_05
16.549999237060547,16.3446,Calibration,2002,2002-05-14,-0.006244142202789199,exper2_05
16.899999618530273,16.975527,Calibration,2002,2002-05-15,0.002229550331037381,exper2_05
18.0,17.319178,Calibration,2002,2002-05-16,-0.01927628042803585,exper2_05
18.989999771118164,17.584146,Calibration,2002,2002-05-17,-0.038438443951010946,exper2_05
18.860000610351562,17.983978,Calibration,2002,2002-05-18,-0.0237765400332228,exper2_05
18.649999618530273,17.967226,Calibration,2002,2002-05-19,-0.018646240342469506,exper2_05
18.219999313354492,17.516111,Calibration,2002,2002-05-20,-0.019696825589477038,exper2_05
18.469999313354492,17.660692,Calibration,2002,2002-05-21,-0.022399435608762508,exper2_05
19.079999923706055,17.630243,Calibration,2002,2002-05-22,-0.03949188278118788,exper2_05
18.989999771118164,17.939444,Calibration,2002,2002-05-23,-0.028447658217806072,exper2_05
18.690000534057617,17.911806,Calibration,2002,2002-05-24,-0.021261093342493712,exper2_05
18.649999618530273,17.088915,Calibration,2002,2002-05-25,-0.043680250774330215,exper2_05
18.459999084472656,16.672865,Calibration,2002,2002-05-26,-0.050867876032336834,exper2_05
18.770000457763672,17.065287,Calibration,2002,2002-05-27,-0.04757081523956953,exper2_05
18.219999313354492,17.505163,Calibration,2002,2002-05-28,-0.02000931753587801,exper2_05
18.09000015258789,17.859945,Calibration,2002,2002-05-29,-0.006399310276221109,exper2_05
18.299999237060547,18.213493,Calibration,2002,2002-05-30,-0.002369148601521157,exper2_05
19.549999237060547,18.723532,Calibration,2002,2002-05-31,-0.021593709629248524,exper2_05
20.06999969482422,19.171593,Calibration,2002,2002-06-01,-0.022894253961427625,exper2_05
19.90999984741211,19.220266,Calibration,2002,2002-06-02,-0.017626598855920314,exper2_05
20.229999542236328,19.36183,Calibration,2002,2002-06-03,-0.021928003830515214,exper2_05
20.920000076293945,19.90507,Calibration,2002,2002-06-04,-0.024860477626383066,exper2_05
20.700000762939453,18.615854,Calibration,2002,2002-06-05,-0.053010331283461255,exper2_05
20.15999984741211,18.24959,Calibration,2002,2002-06-06,-0.04973783731964848,exper2_05
19.139999389648438,18.107347,Calibration,2002,2002-06-07,-0.027724173338467068,exper2_05
18.950000762939453,18.105639,Calibration,2002,2002-06-08,-0.022786336320577694,exper2_05
19.260000228881836,18.627474,Calibration,2002,2002-06-09,-0.01669486851254343,exper2_05
19.1200008392334,18.7231,Calibration,2002,2002-06-10,-0.010488045674231795,exper2_05
19.30999946594244,18.870977,Calibration,2002,2002-06-11,-0.011498450281420615,exper2_05
20.360000610351562,19.828974,Calibration,2002,2002-06-12,-0.013213246876678434,exper2_05
21.389999389648438,19.966303,Calibration,2002,2002-06-13,-0.03442514054925022,exper2_05
22.329999923706055,20.617548,Calibration,2002,2002-06-14,-0.03987310144689647,exper2_05
22.93000030517578,21.100092,Calibration,2002,2002-06-15,-0.041560402849554694,exper2_05
22.780000686645508,21.307796,Calibration,2002,2002-06-16,-0.033392555379145476,exper2_05
23.3799991607666,21.646776,Calibration,2002,2002-06-17,-0.038493162069992974,exper2_05
24.290000915527344,22.043358,Calibration,2002,2002-06-18,-0.048488672660623094,exper2_05
25.239999771118164,22.635672,Calibration,2002,2002-06-19,-0.05439773647205808,exper2_05
25.780000686645508,22.798342,Calibration,2002,2002-06-20,-0.06137835887191988,exper2_05
26.18000030517578,23.215464,Calibration,2002,2002-06-21,-0.060016374585774836,exper2_05
26.209999084472656,23.419722,Calibration,2002,2002-06-22,-0.05622190579366461,exper2_05
26.100000381469727,23.556671,Calibration,2002,2002-06-23,-0.051218278648819865,exper2_05
25.270000457763672,23.590326,Calibration,2002,2002-06-24,-0.03437705516319062,exper2_05
24.780000686645508,22.833448,Calibration,2002,2002-06-25,-0.04088240431099268,exper2_05
24.329999923706055,22.282696,Calibration,2002,2002-06-26,-0.043921599533391545,exper2_05
24.600000381469727,22.179659,Calibration,2002,2002-06-27,-0.05173918599247313,exper2_05
24.190000534057617,21.935831,Calibration,2002,2002-06-28,-0.04887000159614807,exper2_05
23.68000030517578,21.484144,Calibration,2002,2002-06-29,-0.048619455054282446,exper2_05
23.5,22.28459,Calibration,2002,2002-06-30,-0.026546273292326533,exper2_05
23.6299991607666,21.433659,Calibration,2002,2002-07-01,-0.04873862154244406,exper2_05
23.56999969482422,22.03192,Calibration,2002,2002-07-02,-0.03372840975351944,exper2_05
23.770000457763672,21.458153,Calibration,2002,2002-07-03,-0.051115235129643014,exper2_05
23.270000457763672,21.651144,Calibration,2002,2002-07-04,-0.036037737875917394,exper2_05
22.93000030517578,22.111795,Calibration,2002,2002-07-05,-0.018165458692070882,exper2_05
23.389999389648438,21.699972,Calibration,2002,2002-07-06,-0.03748122207952232,exper2_05
23.68000030517578,22.554037,Calibration,2002,2002-07-07,-0.024353555830207742,exper2_05
23.889999389648438,22.417023,Calibration,2002,2002-07-08,-0.031808926982114336,exper2_05
24.600000381469727,22.388638,Calibration,2002,2002-07-09,-0.04706165014428928,exper2_05
24.940000534057617,22.71961,Calibration,2002,2002-07-10,-0.04658851142429521,exper2_05
24.84000015258789,23.0694,Calibration,2002,2002-07-11,-0.03695724284789065,exper2_05
25.040000915527344,23.668644,Calibration,2002,2002-07-12,-0.028154282835366133,exper2_05
25.149999618530273,23.735104,Calibration,2002,2002-07-13,-0.028943295973413524,exper2_05
24.829999923706055,23.227552,Calibration,2002,2002-07-14,-0.033344343018284095,exper2_05
24.579999923706055,23.285744,Calibration,2002,2002-07-15,-0.027039300175510008,exper2_05
24.6299991607666,23.107283,Calibration,2002,2002-07-16,-0.03189784723433084,exper2_05
24.260000228881836,23.044529,Calibration,2002,2002-07-17,-0.0256946065949962,exper2_05
24.06999969482422,23.210726,Calibration,2002,2002-07-18,-0.01817387321820649,exper2_05
24.18000030517578,23.416897,Calibration,2002,2002-07-19,-0.01603263093179013,exper2_05
24.100000381469727,23.553652,Calibration,2002,2002-07-20,-0.01146498844591538,exper2_05
24.59000015258789,23.800089,Calibration,2002,2002-07-21,-0.016323823450081064,exper2_05
,23.88626,Calibration,2002,2002-07-22,,exper2_05
24.329999923706055,23.577291,Calibration,2002,2002-07-23,-0.015711771900853034,exper2_05
24.360000610351562,23.76103,Calibration,2002,2002-07-24,-0.012447165057709339,exper2_05
,23.674894,Calibration,2002,2002-07-25,,exper2_05
23.639999389648438,23.055847,Calibration,2002,2002-07-26,-0.01250972548401949,exper2_05
23.489999771118164,23.657953,Calibration,2002,2002-07-27,0.0035622647518077717,exper2_05
23.56999969482422,23.611563,Calibration,2002,2002-07-28,0.000880916865032306,exper2_05
23.989999771118164,24.00349,Calibration,2002,2002-07-29,0.0002810938904066069,exper2_05
23.969999313354492,24.396324,Calibration,2002,2002-07-30,0.008814497645564497,exper2_05
24.229999542236328,24.24701,Calibration,2002,2002-07-31,0.0003508825218719264,exper2_05
24.100000381469727,24.001717,Calibration,2002,2002-08-01,-0.0020432486372559777,exper2_05
24.329999923706055,23.984858,Calibration,2002,2002-08-02,-0.0071436072149035365,exper2_05
24.770000457763672,24.058533,Calibration,2002,2002-08-03,-0.014570737572740603,exper2_05
24.6299991607666,24.000303,Calibration,2002,2002-08-04,-0.012948632043791165,exper2_05
24.520000457763672,23.766972,Calibration,2002,2002-08-05,-0.015594866228371624,exper2_05
23.790000915527344,23.00046,Calibration,2002,2002-08-06,-0.016873978896754592,exper2_05
,23.253881,Calibration,2002,2002-08-07,,exper2_05
23.479999542236328,23.36043,Calibration,2002,2002-08-08,-0.002552704580506253,exper2_05
23.649999618530273,23.270409,Calibration,2002,2002-08-09,-0.008090104121548597,exper2_05
,23.045519,Calibration,2002,2002-08-10,,exper2_05
,22.396193,Calibration,2002,2002-08-11,,exper2_05
22.239999771118164,22.19604,Calibration,2002,2002-08-12,-0.00098929995353106,exper2_05
21.989999771118164,22.123976,Calibration,2002,2002-08-13,0.0030370416873987285,exper2_05
21.860000610351562,22.244177,Calibration,2002,2002-08-14,0.008710654551724492,exper2_05
21.59000015258789,22.266024,Calibration,2002,2002-08-15,0.015414609553690839,exper2_05
22.190000534057617,22.127878,Calibration,2002,2002-08-16,-0.0014017445500671133,exper2_05
22.489999771118164,22.18418,Calibration,2002,2002-08-17,-0.006845575484661177,exper2_05
22.719999313354492,22.294794,Calibration,2002,2002-08-18,-0.009445899861682162,exper2_05
22.989999771118164,22.477097,Calibration,2002,2002-08-19,-0.011280755863374105,exper2_05
23.030000686645508,22.630247,Calibration,2002,2002-08-20,-0.008754958411169666,exper2_05
22.729999542236328,22.590658,Calibration,2002,2002-08-21,-0.0030745660224071494,exper2_05
22.43000030517578,22.67174,Calibration,2002,2002-08-22,0.005359865798883301,exper2_05
22.65999984741211,23.000753,Calibration,2002,2002-08-23,0.007462723039877591,exper2_05
22.950000762939453,23.104893,Calibration,2002,2002-08-24,0.0033632032564527795,exper2_05
23.09000015258789,23.133198,Calibration,2002,2002-08-25,0.0009345444227983284,exper2_05
23.25,23.158772,Calibration,2002,2002-08-26,-0.0019657595348790183,exper2_05
,22.937197,Calibration,2002,2002-08-27,,exper2_05
23.239999771118164,23.127478,Calibration,2002,2002-08-28,-0.0024267467525180674,exper2_05
23.0,22.952127,Calibration,2002,2002-08-29,-0.0010417916641641226,exper2_05
23.049999237060547,22.672176,Calibration,2002,2002-08-30,-0.00826344921329367,exper2_05
23.05999946594244,22.530811,Calibration,2002,2002-08-31,-0.011607342513184358,exper2_05
23.15999984741211,22.38187,Calibration,2002,2002-09-01,-0.017086026015937644,exper2_05
23.139999389648438,22.302034,Calibration,2002,2002-09-02,-0.01844030608049717,exper2_05
22.68000030517578,22.317944,Calibration,2002,2002-09-03,-0.008046072797413957,exper2_05
22.530000686645508,22.3401,Calibration,2002,2002-09-04,-0.004232247127559341,exper2_05
22.520000457763672,22.344929,Calibration,2002,2002-09-05,-0.0039021953100873796,exper2_05
22.489999771118164,22.080164,Calibration,2002,2002-09-06,-0.009195295263929948,exper2_05
22.31999969482422,21.837275,Calibration,2002,2002-09-07,-0.010931950662103779,exper2_05
22.3700008392334,21.857893,Calibration,2002,2002-09-08,-0.011578843231763943,exper2_05
22.440000534057617,21.889807,Calibration,2002,2002-09-09,-0.012411373303009527,exper2_05
22.34000015258789,21.780195,Calibration,2002,2002-09-10,-0.012688178541566938,exper2_05
22.0,21.222881,Calibration,2002,2002-09-11,-0.017979335462608,exper2_05
21.889999389648438,21.197067,Calibration,2002,2002-09-12,-0.016082137466649007,exper2_05
21.34000015258789,21.030481,Calibration,2002,2002-09-13,-0.007305057747621075,exper2_05
21.200000762939453,20.880716,Calibration,2002,2002-09-14,-0.00758742866544755,exper2_05
20.760000228881836,20.668009,Calibration,2002,2002-09-15,-0.002220512805402232,exper2_05
20.329999923706055,20.239763,Calibration,2002,2002-09-16,-0.00222423442330693,exper2_05
20.350000381469727,20.213314,Calibration,2002,2002-09-17,-0.0033697030671054904,exper2_05
20.469999313354492,19.96072,Calibration,2002,2002-09-18,-0.012596344041453125,exper2_05
20.360000610351562,20.307478,Calibration,2002,2002-09-19,-0.0012915150178897132,exper2_05
20.469999313354492,20.511375,Calibration,2002,2002-09-20,0.001009632159816491,exper2_05
20.34000015258789,20.17874,Calibration,2002,2002-09-21,-0.003979901794851119,exper2_05
19.989999771118164,19.96667,Calibration,2002,2002-09-22,-0.000583899738037526,exper2_05
19.5,19.113852,Calibration,2002,2002-09-23,-0.010000257350302515,exper2_05
18.959999084472656,18.896582,Calibration,2002,2002-09-24,-0.0016752023944677662,exper2_05
18.399999618530273,17.94519,Calibration,2002,2002-09-25,-0.012513600513283752,exper2_05
18.1299991607666,17.996511,Calibration,2002,2002-09-26,-0.003695006772718384,exper2_05
17.860000610351562,17.912224,Calibration,2002,2002-09-27,0.0014598814136941355,exper2_05
17.510000228881836,17.633165,Calibration,2002,2002-09-28,0.0035046680785057807,exper2_05
17.270000457763672,17.553759,Calibration,2002,2002-09-29,0.00814840703465101,exper2_05
17.190000534057617,17.525915,Calibration,2002,2002-09-30,0.00967609827473425,exper2_05
16.940000534057617,17.477217,Calibration,2002,2002-10-01,0.015608937310323447,exper2_05
16.719999313354492,17.443712,Calibration,2002,2002-10-02,0.02118367379752947,exper2_05
16.709999084472656,17.01697,Calibration,2002,2002-10-03,0.009101636095731154,exper2_05
16.459999084472656,16.564924,Calibration,2002,2002-10-04,0.003177150620711307,exper2_05
16.600000381469727,16.51843,Calibration,2002,2002-10-05,-0.002462969076221308,exper2_05
16.579999923706055,16.62211,Calibration,2002,2002-10-06,0.001268306223512805,exper2_05
16.440000534057617,16.417673,Calibration,2002,2002-10-07,-0.0006795192908943951,exper2_05
16.3700008392334,15.999776,Calibration,2002,2002-10-08,-0.011437365040674623,exper2_05
15.979999542236328,15.203702,Calibration,2002,2002-10-09,-0.024894336834790583,exper2_05
15.75,16.406443,Calibration,2002,2002-10-10,0.020414031785661476,exper2_05
15.600000381469727,16.524658,Calibration,2002,2002-10-11,0.02878342875521454,exper2_05
15.479999542236328,15.446332,Calibration,2002,2002-10-12,-0.0010886375052349608,exper2_05
15.460000038146916,15.664769,Calibration,2002,2002-10-13,0.00657897679930064,exper2_05
15.319999694824219,15.624305,Calibration,2002,2002-10-14,0.009833960783673172,exper2_05
15.319999694824219,16.038172,Calibration,2002,2002-10-15,0.022902230578442675,exper2_05
15.350000381469727,16.402452,Calibration,2002,2002-10-16,0.033145536578318695,exper2_05
15.479999542236328,16.629297,Calibration,2002,2002-10-17,0.035793300658011076,exper2_05
15.359999656677246,15.978561,Calibration,2002,2002-10-18,0.019738039137925257,exper2_05
14.869999885559082,15.919387,Calibration,2002,2002-10-19,0.034082750224779225,exper2_05
14.470000267028809,14.394015,Calibration,2002,2002-10-20,-0.0026325150298449284,exper2_05
14.289999961853027,15.007114,Calibration,2002,2002-10-21,0.02447730651679897,exper2_05
14.350000381469727,14.691152,Calibration,2002,2002-10-22,0.011747166141438675,exper2_05
14.460000038146916,15.579604,Calibration,2002,2002-10-23,0.03727093418900365,exper2_05
14.449999809265137,15.366849,Calibration,2002,2002-10-24,0.030749364021990945,exper2_05
14.220000267028809,9.818696,Calibration,2002,2002-10-25,-0.1830924685794084,exper2_05
14.109999656677246,13.196025,Calibration,2002,2002-10-26,-0.03347154252508396,exper2_05
14.15999984741211,13.416171,Calibration,2002,2002-10-27,-0.02697360614788272,exper2_05
13.779999732971248,14.1336775,Calibration,2002,2002-10-28,0.012670410526792759,exper2_05
13.380000114440918,13.322029,Calibration,2002,2002-10-29,-0.002171033526176388,exper2_05
13.25,12.232507,Calibration,2002,2002-10-30,-0.03992908774194345,exper2_05
13.020000457763672,12.288483,Calibration,2002,2002-10-31,-0.028904055141128895,exper2_05
12.869999885559082,13.294381,Calibration,2002,2002-11-01,0.016219808741585944,exper2_05
12.760000228881836,12.636207,Calibration,2002,2002-11-02,-0.004874491796856708,exper2_05
12.5600004196167,12.147318,Calibration,2002,2002-11-03,-0.016702846021312515,exper2_05
12.479999542236328,11.53321,Calibration,2002,2002-11-04,-0.0394278718847642,exper2_05
12.34000015258789,11.184812,Calibration,2002,2002-11-05,-0.04910511391219064,exper2_05
11.970000267028809,10.975609,Calibration,2002,2002-11-06,-0.04333689453730983,exper2_05
11.539999961853027,10.727666,Calibration,2002,2002-11-07,-0.036480431566802314,exper2_05
11.25,10.438677,Calibration,2002,2002-11-08,-0.03740768383886432,exper2_05
11.010000228881836,10.2162,Calibration,2002,2002-11-09,-0.037397195452958235,exper2_05
10.84000015258789,10.2262125,Calibration,2002,2002-11-10,-0.029136117684739712,exper2_05
10.649999618530273,9.963665,Calibration,2002,2002-11-11,-0.03329512837246219,exper2_05
10.710000038146916,9.778331,Calibration,2002,2002-11-12,-0.04547316433226016,exper2_05
10.479999542236328,9.761046,Calibration,2002,2002-11-13,-0.03551956427251343,exper2_05
10.380000114440918,10.300661,Calibration,2002,2002-11-14,-0.0038363873684618276,exper2_05
10.5600004196167,9.937688,Calibration,2002,2002-11-15,-0.030360133146088118,exper2_05
10.59000015258789,9.983926,Calibration,2002,2002-11-16,-0.02945837046445089,exper2_05
10.520000457763672,9.797557,Calibration,2002,2002-11-17,-0.0355576001937243,exper2_05
10.399999618530273,10.626327,Calibration,2002,2002-11-18,0.010763979428059189,exper2_05
10.229999542236328,10.160187,Calibration,2002,2002-11-19,-0.0034238419206890714,exper2_05
10.130000114440918,9.969664,Calibration,2002,2002-11-20,-0.007977073475667257,exper2_05
9.90999984741211,10.148019,Calibration,2002,2002-11-21,0.011866525468353357,exper2_05
9.760000228881836,10.591877,Calibration,2002,2002-11-22,0.04087469406747455,exper2_05
9.649999618530273,10.163798,Calibration,2002,2002-11-23,0.025931359296251066,exper2_05
9.609999656677246,9.987252,Calibration,2002,2002-11-24,0.01925027962148225,exper2_05
9.64000034332281,10.795854,Calibration,2002,2002-11-25,0.056560067117943376,exper2_05
9.859999656677246,11.185831,Calibration,2002,2002-11-26,0.06299734282248269,exper2_05
9.979999542236328,10.75689,Calibration,2002,2002-11-27,0.037464188734423726,exper2_05
10.020000457763672,10.392388,Calibration,2002,2002-11-28,0.018243229132429397,exper2_05
10.020000457763672,10.9714,Calibration,2002,2002-11-29,0.04532331195576555,exper2_05
9.800000190734863,10.449624,Calibration,2002,2002-11-30,0.03208078642620755,exper2_05
9.760000228881836,10.201997,Calibration,2002,2002-12-01,0.022141901618843524,exper2_05
9.619999885559082,10.017176,Calibration,2002,2002-12-02,0.020225708512199292,exper2_05
9.300000190734863,9.858725,Calibration,2002,2002-12-03,0.029162922358127646,exper2_05
9.170000076293945,9.72433,Calibration,2002,2002-12-04,0.029338424353026762,exper2_05
8.970000267028809,9.6125765,Calibration,2002,2002-12-05,0.03457950026183916,exper2_05
8.970000267028809,9.523795,Calibration,2002,2002-12-06,0.02994490038494958,exper2_05
8.9399995803833,9.437081,Calibration,2002,2002-12-07,0.027049005161764807,exper2_05
8.680000305175781,8.108504,Calibration,2002,2002-12-08,-0.03404091212559766,exper2_05
8.279999732971248,7.3898506,Calibration,2002,2002-12-09,-0.05680648485253457,exper2_05
7.909999847412109,6.8951106,Calibration,2002,2002-12-10,-0.06854992695798166,exper2_05
7.559999942779541,6.518046,Calibration,2002,2002-12-11,-0.07401268982904032,exper2_05
7.480000019073486,6.2247047,Calibration,2002,2002-12-12,-0.09159593719726233,exper2_05
7.28000020980835,5.996897,Calibration,2002,2002-12-13,-0.0966417791446473,exper2_05
7.210000038146916,6.1626363,Calibration,2002,2002-12-14,-0.0783214119613142,exper2_05
7.230000019073486,5.85433,Calibration,2002,2002-12-15,-0.10513873829169999,exper2_05
7.110000133514404,6.308947,Calibration,2002,2002-12-16,-0.059695670163699456,exper2_05
6.920000076293945,6.3874793,Calibration,2002,2002-12-17,-0.040016651971256645,exper2_05
6.96999979019165,6.1345797,Calibration,2002,2002-12-18,-0.06375024356590307,exper2_05
6.809999942779541,5.845753,Calibration,2002,2002-12-19,-0.07619038863513929,exper2_05
6.710000038146916,5.71269,Calibration,2002,2002-12-20,-0.08028133749117554,exper2_05
6.579999923706055,5.6052947,Calibration,2002,2002-12-21,-0.07999028739260906,exper2_05
6.53000020980835,5.8511763,Calibration,2002,2002-12-22,-0.05482709574954702,exper2_05
6.630000114440918,5.707187,Calibration,2002,2002-12-23,-0.074799297196683,exper2_05
6.489999771118164,5.5355144,Calibration,2002,2002-12-24,-0.07937169308733844,exper2_05
6.440000057220459,5.4390073,Calibration,2002,2002-12-25,-0.08426569210347878,exper2_05
6.32000017166132,5.3842244,Calibration,2002,2002-12-26,-0.07995196520035089,exper2_05
6.260000228881836,5.330931,Calibration,2002,2002-12-27,-0.08015482180826063,exper2_05
6.32000017166132,5.2912803,Calibration,2002,2002-12-28,-0.08859659425509048,exper2_05
6.429999828338623,5.753386,Calibration,2002,2002-12-29,-0.05553577766182401,exper2_05
6.400000095367432,5.588311,Calibration,2002,2002-12-30,-0.06770669198595093,exper2_05
6.360000133514404,5.417645,Calibration,2002,2002-12-31,-0.08001218809505224,exper2_05
6.360000133514404,4.2167954,Calibration,2003,2003-01-01,-0.202632704132356,exper2_05
6.199999809265137,4.344336,Calibration,2003,2003-01-02,-0.17598678609826993,exper2_05
6.309999942779541,4.3827753,Calibration,2003,2003-01-03,-0.18023614927952283,exper2_05
6.190000057220459,4.407069,Calibration,2003,2003-01-04,-0.16824754152836627,exper2_05
6.010000228881836,4.367196,Calibration,2003,2003-01-05,-0.15830905539688855,exper2_05
5.920000076293945,4.2791047,Calibration,2003,2003-01-06,-0.1608862151248911,exper2_05
5.510000228881836,4.162609,Calibration,2003,2003-01-07,-0.13929965355565402,exper2_05
5.369999885559082,3.7408361,Calibration,2003,2003-01-08,-0.17881605341928386,exper2_05
5.260000228881836,3.828741,Calibration,2003,2003-01-09,-0.1574760583053767,exper2_05
5.179999828338623,3.766326,Calibration,2003,2003-01-10,-0.1580172590004,exper2_05
5.099999904632568,3.265068,Calibration,2003,2003-01-11,-0.21935647856823923,exper2_05
4.929999828338623,2.915522,Calibration,2003,2003-01-12,-0.2567678413969469,exper2_05
4.849999904632568,2.8682296,Calibration,2003,2003-01-13,-0.256764879658573,exper2_05
4.710000038146916,3.232425,Calibration,2003,2003-01-14,-0.18603575877184697,exper2_05
4.739999771118164,3.3445585,Calibration,2003,2003-01-15,-0.17260575665614195,exper2_05
4.659999847412109,3.3577585,Calibration,2003,2003-01-16,-0.16241962720415964,exper2_05
4.559999942779541,3.397381,Calibration,2003,2003-01-17,-0.1461057192101733,exper2_05
4.460000038146916,3.409506,Calibration,2003,2003-01-18,-0.1334891846454432,exper2_05
4.460000038146916,3.382907,Calibration,2003,2003-01-19,-0.13733340596729582,exper2_05
4.329999923706055,3.3377442,Calibration,2003,2003-01-20,-0.12940646780169057,exper2_05
4.32000017166132,3.4736056,Calibration,2003,2003-01-21,-0.10860114818699067,exper2_05
4.460000038146916,3.5433006,Calibration,2003,2003-01-22,-0.11454016881891071,exper2_05
4.71999979019165,3.5020695,Calibration,2003,2003-01-23,-0.1481294158318462,exper2_05
4.75,3.4480903,Calibration,2003,2003-01-24,-0.15880645798378334,exper2_05
4.679999828338623,3.414256,Calibration,2003,2003-01-25,-0.1563755512923946,exper2_05
4.690000057220459,3.4285567,Calibration,2003,2003-01-26,-0.15537778662706805,exper2_05
4.510000228881836,3.409986,Calibration,2003,2003-01-27,-0.1388909242137667,exper2_05
4.260000228881836,3.4327555,Calibration,2003,2003-01-28,-0.10753555565225249,exper2_05
4.199999809265137,3.4198399,Calibration,2003,2003-01-29,-0.10238534985252155,exper2_05
4.090000152587891,3.422265,Calibration,2003,2003-01-30,-0.08888598598915018,exper2_05
4.179999828338623,3.3911395,Calibration,2003,2003-01-31,-0.10419307928098487,exper2_05
4.059999942779541,2.9854567,Calibration,2003,2003-02-01,-0.15251576886937054,exper2_05
4.010000228881836,2.7943993,Calibration,2003,2003-02-02,-0.1786492649542462,exper2_05
3.6700000762939453,2.9743793,Calibration,2003,2003-02-03,-0.104693115145185,exper2_05
3.3299999237060547,3.3149385,Calibration,2003,2003-02-04,-0.002266594122642361,exper2_05
3.700000047683716,3.1580253,Calibration,2003,2003-02-05,-0.07902781897901531,exper2_05
3.509999990463257,2.8847044,Calibration,2003,2003-02-06,-0.09778335410162671,exper2_05
3.3299999237060547,2.751843,Calibration,2003,2003-02-07,-0.0950627889704293,exper2_05
3.190000057220459,2.9513316,Calibration,2003,2003-02-08,-0.03886265300319753,exper2_05
3.430000066757202,3.0265446,Calibration,2003,2003-02-09,-0.06248783497597238,exper2_05
3.4800000190734863,2.9991038,Calibration,2003,2003-02-10,-0.07422264700290127,exper2_05
3.5299999713897705,3.0660024,Calibration,2003,2003-02-11,-0.07034527559620075,exper2_05
3.5399999618530273,3.079618,Calibration,2003,2003-02-12,-0.06954812029235695,exper2_05
3.5999999046325684,3.0709596,Calibration,2003,2003-02-13,-0.07930498435455685,exper2_05
3.490000009536743,2.7675574,Calibration,2003,2003-02-14,-0.1154512186916318,exper2_05
3.299999952316284,2.653605,Calibration,2003,2003-02-15,-0.10857202903389336,exper2_05
3.490000009536743,2.8797321,Calibration,2003,2003-02-16,-0.09580746317466453,exper2_05
3.509999990463257,3.0069335,Calibration,2003,2003-02-17,-0.07719375137191775,exper2_05
3.4800000190734863,2.7285883,Calibration,2003,2003-02-18,-0.121027781618986,exper2_05
3.210000038146916,2.7357259,Calibration,2003,2003-02-19,-0.07976724205476488,exper2_05
3.1700000762939453,2.88517,Calibration,2003,2003-02-20,-0.04703915672043527,exper2_05
3.1600000858306885,3.2018857,Calibration,2003,2003-02-21,0.006583836271777025,exper2_05
3.0999999046325684,3.1404188,Calibration,2003,2003-02-22,0.006476947368006824,exper2_05
3.319999933242798,3.2425585,Calibration,2003,2003-02-23,-0.01180049746842594,exper2_05
3.3299999237060547,3.4348326,Calibration,2003,2003-02-24,0.015496710270798051,exper2_05
3.3399999141693115,3.5332663,Calibration,2003,2003-02-25,0.028118566277728397,exper2_05
3.559999942779541,3.4785492,Calibration,2003,2003-02-26,-0.011572086607818659,exper2_05
3.430000066757202,3.6721203,Calibration,2003,2003-02-27,0.034091264628319726,exper2_05
3.710000038146916,3.8155704,Calibration,2003,2003-02-28,0.014028214581374782,exper2_05
3.7899999618530273,4.0458193,Calibration,2003,2003-03-01,0.03264742494692356,exper2_05
3.809999942779541,4.0759597,Calibration,2003,2003-03-02,0.03372572931183689,exper2_05
3.9000000953674316,4.527233,Calibration,2003,2003-03-03,0.07442929513173882,exper2_05
4.130000114440918,4.6741886,Calibration,2003,2003-03-04,0.061810181067500906,exper2_05
4.150000095367432,4.8127418,Calibration,2003,2003-03-05,0.07394407559983299,exper2_05
4.170000076293945,4.641528,Calibration,2003,2003-03-06,0.053512630529797045,exper2_05
4.179999828338623,4.877073,Calibration,2003,2003-03-07,0.07696449068440246,exper2_05
4.579999923706055,5.1383095,Calibration,2003,2003-03-08,0.05744924677043637,exper2_05
4.53000020980835,5.498955,Calibration,2003,2003-03-09,0.09661570570480761,exper2_05
4.880000114440918,5.7615824,Calibration,2003,2003-03-10,0.08284315429984009,exper2_05
5.400000095367432,5.8050227,Calibration,2003,2003-03-11,0.0361465235684318,exper2_05
5.630000114440918,5.757502,Calibration,2003,2003-03-12,0.011196657739606805,exper2_05
5.230000019073486,5.7007136,Calibration,2003,2003-03-13,0.04306339277893196,exper2_05
4.57000017166132,5.4958615,Calibration,2003,2003-03-14,0.09198033770540165,exper2_05
4.659999847412109,5.4462695,Calibration,2003,2003-03-15,0.07780018885192365,exper2_05
4.699999809265137,5.530788,Calibration,2003,2003-03-16,0.08120470832746654,exper2_05
5.309999942779541,5.840535,Calibration,2003,2003-03-17,0.04757935076882774,exper2_05
5.400000095367432,6.1909747,Calibration,2003,2003-03-18,0.06824056044675925,exper2_05
5.789999961853027,6.519588,Calibration,2003,2003-03-19,0.05926989874947884,exper2_05
5.599999904632568,6.7694683,Calibration,2003,2003-03-20,0.09454475995305439,exper2_05
5.28000020980835,6.5485344,Calibration,2003,2003-03-21,0.10724356195125943,exper2_05
5.360000133514404,6.3497252,Calibration,2003,2003-03-22,0.08452163315548099,exper2_05
5.230000019073486,6.511165,Calibration,2003,2003-03-23,0.10911737509893187,exper2_05
5.949999809265137,6.8092217,Calibration,2003,2003-03-24,0.0673412505339052,exper2_05
6.309999942779541,7.2523317,Calibration,2003,2003-03-25,0.06948154737714157,exper2_05
7.119999885559082,7.5762944,Calibration,2003,2003-03-26,0.031048271559942366,exper2_05
7.840000152587891,7.7981257,Calibration,2003,2003-03-27,-0.002677712725884844,exper2_05
8.079999923706055,8.373567,Calibration,2003,2003-03-28,0.017842131849208374,exper2_05
8.109999656677246,7.9080343,Calibration,2003,2003-03-29,-0.01260862177385428,exper2_05
8.329999923706055,7.7458425,Calibration,2003,2003-03-30,-0.03633759606875409,exper2_05
8.539999961853027,7.679974,Calibration,2003,2003-03-31,-0.053022642363533296,exper2_05
9.15999984741211,8.269267,Calibration,2003,2003-04-01,-0.05110557826638574,exper2_05
9.100000381469727,8.315788,Calibration,2003,2003-04-02,-0.04502880278141592,exper2_05
8.59000015258789,7.8419914,Calibration,2003,2003-04-03,-0.04552148925560435,exper2_05
8.65999984741211,7.7271123,Calibration,2003,2003-04-04,-0.05692812413568946,exper2_05
7.46999979019165,7.620706,Calibration,2003,2003-04-05,0.009986695949228729,exper2_05
6.199999809265137,7.32287,Calibration,2003,2003-04-06,0.08303488850460866,exper2_05
4.710000038146916,6.9885325,Calibration,2003,2003-04-07,0.19477079618275941,exper2_05
5.340000152587891,6.913045,Calibration,2003,2003-04-08,0.12837990608681385,exper2_05
5.510000228881836,7.197352,Calibration,2003,2003-04-09,0.13278546798823487,exper2_05
5.730000019073486,7.278293,Calibration,2003,2003-04-10,0.1190235410314113,exper2_05
5.760000228881836,7.4451957,Calibration,2003,2003-04-11,0.12761608826509427,exper2_05
5.809999942779541,8.069526,Calibration,2003,2003-04-12,0.16279560490904826,exper2_05
6.82000017166132,8.808566,Calibration,2003,2003-04-13,0.12723917780118893,exper2_05
7.599999904632568,9.229424,Calibration,2003,2003-04-14,0.09681998237597185,exper2_05
7.670000076293945,9.018934,Calibration,2003,2003-04-15,0.08082805931284436,exper2_05
8.699999809265137,10.190913,Calibration,2003,2003-04-16,0.07892225168535741,exper2_05
8.770000457763672,10.422321,Calibration,2003,2003-04-17,0.08609280737294361,exper2_05
8.789999961853027,10.637853,Calibration,2003,2003-04-18,0.09511358470967887,exper2_05
8.869999885559082,10.629059,Calibration,2003,2003-04-19,0.09021250601271774,exper2_05
9.289999961853027,10.759947,Calibration,2003,2003-04-20,0.07331425250309255,exper2_05
9.720000267028809,10.4803295,Calibration,2003,2003-04-21,0.03763944721595616,exper2_05
9.609999656677246,11.11373,Calibration,2003,2003-04-22,0.07256081639707974,exper2_05
9.930000305175781,11.2035055,Calibration,2003,2003-04-23,0.060260007101957676,exper2_05
10.4399995803833,12.000925,Calibration,2003,2003-04-24,0.06955709305357206,exper2_05
11.619999885559082,12.55938,Calibration,2003,2003-04-25,0.03885044665879438,exper2_05
12.869999885559082,12.806374,Calibration,2003,2003-04-26,-0.002478009186651621,exper2_05
11.979999542236328,12.645219,Calibration,2003,2003-04-27,0.02701374243152379,exper2_05
12.420000076293945,12.802347,Calibration,2003,2003-04-28,0.01515906124832442,exper2_05
11.510000228881836,12.350469,Calibration,2003,2003-04-29,0.03522430390836913,exper2_05
10.770000457763672,12.577265,Calibration,2003,2003-04-30,0.07740796659273566,exper2_05
11.899999618530273,12.5857725,Calibration,2003,2003-05-01,0.028006994923076137,exper2_05
13.229999542236328,13.281325,Calibration,2003,2003-05-02,0.0019359952119380388,exper2_05
13.430000305175781,13.8373575,Calibration,2003,2003-05-03,0.014939372508231965,exper2_05
14.039999961853027,13.266675,Calibration,2003,2003-05-04,-0.02831999749660568,exper2_05
14.800000190734863,14.36392,Calibration,2003,2003-05-05,-0.014952721476536732,exper2_05
16.06999969482422,15.571424,Calibration,2003,2003-05-06,-0.015757071377412987,exper2_05
16.510000228881836,16.77603,Calibration,2003,2003-05-07,0.00799222254451288,exper2_05
18.06999969482422,17.61355,Calibration,2003,2003-05-08,-0.012791594731730147,exper2_05
18.15999984741211,17.654451,Calibration,2003,2003-05-09,-0.014115767797209439,exper2_05
17.55999946594244,18.247234,Calibration,2003,2003-05-10,0.019192626891494247,exper2_05
18.280000686645508,18.29378,Calibration,2003,2003-05-11,0.00037673673601424843,exper2_05
18.510000228881836,18.366222,Calibration,2003,2003-05-12,-0.003898930994336798,exper2_05
18.610000610351562,18.732315,Calibration,2003,2003-05-13,0.003275491916285357,exper2_05
16.420000076293945,18.31576,Calibration,2003,2003-05-14,0.054576597632424534,exper2_05
15.899999618530273,17.305548,Calibration,2003,2003-05-15,0.04232871338085974,exper2_05
16.200000762939453,17.78037,Calibration,2003,2003-05-16,0.046508318794964004,exper2_05
16.6200008392334,18.130661,Calibration,2003,2003-05-17,0.04347140719306474,exper2_05
17.510000228881836,18.276112,Calibration,2003,2003-05-18,0.021408064041857713,exper2_05
18.540000915527344,18.5381,Calibration,2003,2003-05-19,-5.1287055604993577e-05,exper2_05
17.549999237060547,17.573591,Calibration,2003,2003-05-20,0.0006716851814975468,exper2_05
16.8799991607666,18.37279,Calibration,2003,2003-05-21,0.04234530894818233,exper2_05
16.510000228881836,17.69229,Calibration,2003,2003-05-22,0.03456754322615904,exper2_05
16.860000610351562,18.490686,Calibration,2003,2003-05-23,0.04612882926518434,exper2_05
18.079999923706055,18.57045,Calibration,2003,2003-05-24,0.013381825017247892,exper2_05
19.3700008392334,19.244337,Calibration,2003,2003-05-25,-0.0032543289381484863,exper2_05
19.760000228881836,19.581535,Calibration,2003,2003-05-26,-0.004536296993716031,exper2_05
19.8799991607666,19.861479,Calibration,2003,2003-05-27,-0.0004660207967179849,exper2_05
20.239999771118164,20.160263,Calibration,2003,2003-05-28,-0.0019736680903546717,exper2_05
20.540000915527344,20.405424,Calibration,2003,2003-05-29,-0.0032867358776961777,exper2_05
20.969999313354492,20.63344,Calibration,2003,2003-05-30,-0.008089698858216124,exper2_05
21.540000915527344,20.957773,Calibration,2003,2003-05-31,-0.013700192984422249,exper2_05
20.8700008392334,21.00145,Calibration,2003,2003-06-01,0.0031393406341516366,exper2_05
20.350000381469727,20.665499,Calibration,2003,2003-06-02,0.007692173906411729,exper2_05
21.030000686645508,20.944954,Calibration,2003,2003-06-03,-0.002026131272531219,exper2_05
21.739999771118164,21.22508,Calibration,2003,2003-06-04,-0.01198459953699881,exper2_05
22.860000610351562,21.287457,Calibration,2003,2003-06-05,-0.03562026445885943,exper2_05
23.110000610351562,21.545147,Calibration,2003,2003-06-06,-0.03504307462814833,exper2_05
23.3799991607666,21.889593,Calibration,2003,2003-06-07,-0.032922895063617626,exper2_05
23.75,22.1535,Calibration,2003,2003-06-08,-0.03477949198920631,exper2_05
23.989999771118164,22.413128,Calibration,2003,2003-06-09,-0.03398201696990164,exper2_05
24.15999984741211,22.582956,Calibration,2003,2003-06-10,-0.033738634926649455,exper2_05
24.280000686645508,23.098698,Calibration,2003,2003-06-11,-0.024933209764234684,exper2_05
24.5,23.064909,Calibration,2003,2003-06-12,-0.030171213388430075,exper2_05
24.579999923706055,23.37763,Calibration,2003,2003-06-13,-0.02507149927953862,exper2_05
24.59000015258789,23.347704,Calibration,2003,2003-06-14,-0.025914804276723945,exper2_05
24.84000015258789,23.561693,Calibration,2003,2003-06-15,-0.026410376843044137,exper2_05
24.739999771118164,23.478235,Calibration,2003,2003-06-16,-0.02616778747608508,exper2_05
25.0,23.437387,Calibration,2003,2003-06-17,-0.032260462739702844,exper2_05
24.649999618530273,23.314655,Calibration,2003,2003-06-18,-0.02784017349302766,exper2_05
24.239999771118164,23.368538,Calibration,2003,2003-06-19,-0.018304739251904553,exper2_05
24.540000915527344,23.82078,Calibration,2003,2003-06-20,-0.014871991404291157,exper2_05
24.780000686645508,23.816124,Calibration,2003,2003-06-21,-0.01983443600089723,exper2_05
24.790000915527344,23.644331,Calibration,2003,2003-06-22,-0.023654087758307338,exper2_05
25.200000762939453,23.669432,Calibration,2003,2003-06-23,-0.03131955907457507,exper2_05
24.920000076293945,23.881742,Calibration,2003,2003-06-24,-0.02127501077926167,exper2_05
24.6200008392334,23.960335,Calibration,2003,2003-06-25,-0.013578869989725595,exper2_05
24.530000686645508,23.978006,Calibration,2003,2003-06-26,-0.011379447586178856,exper2_05
24.190000534057617,23.646175,Calibration,2003,2003-06-27,-0.011368491295411355,exper2_05
24.389999389648438,23.440695,Calibration,2003,2003-06-28,-0.019847183834436087,exper2_05
24.350000381469727,23.079756,Calibration,2003,2003-06-29,-0.026781596641183212,exper2_05
24.579999923706055,23.023256,Calibration,2003,2003-06-30,-0.03270246082429649,exper2_05
24.899999618530273,23.355587,Calibration,2003,2003-07-01,-0.03200484588332133,exper2_05
24.280000686645508,23.58063,Calibration,2003,2003-07-02,-0.014612664676025598,exper2_05
23.799999237060547,23.411995,Calibration,2003,2003-07-03,-0.008218341753834998,exper2_05
23.200000762939453,23.161072,Calibration,2003,2003-07-04,-0.0008396912207300139,exper2_05
23.15999984741211,22.96831,Calibration,2003,2003-07-05,-0.004155592261313942,exper2_05
23.209999084472656,22.726692,Calibration,2003,2003-07-06,-0.010521151420674325,exper2_05
23.55999946594244,23.59885,Calibration,2003,2003-07-07,0.0008238280733205842,exper2_05
23.799999237060547,23.844587,Calibration,2003,2003-07-08,0.0009358479568333775,exper2_05
24.020000457763672,24.277464,Calibration,2003,2003-07-09,0.005330786171794156,exper2_05
24.209999084472656,24.636362,Calibration,2003,2003-07-10,0.008728654114765966,exper2_05
24.3799991607666,25.016628,Calibration,2003,2003-07-11,0.01288810871888121,exper2_05
24.65999984741211,25.303959,Calibration,2003,2003-07-12,0.012888471243004143,exper2_05
24.65999984741211,25.21665,Calibration,2003,2003-07-13,0.01116053630995564,exper2_05
24.3799991607666,25.156343,Calibration,2003,2003-07-14,0.015672216765346067,exper2_05
24.549999237060547,24.600374,Calibration,2003,2003-07-15,0.0010249156048300141,exper2_05
25.280000686645508,25.2287,Calibration,2003,2003-07-16,-0.001015667548024618,exper2_05
25.229999542236328,25.263145,Calibration,2003,2003-07-17,0.0006564436528607503,exper2_05
24.959999084472656,24.878756,Calibration,2003,2003-07-18,-0.0016301273091349395,exper2_05
25.079999923706055,24.722486,Calibration,2003,2003-07-19,-0.007178626077454556,exper2_05
25.610000610351562,25.025795,Calibration,2003,2003-07-20,-0.011537403937208968,exper2_05
26.170000076293945,25.239765,Calibration,2003,2003-07-21,-0.0180945177370691,exper2_05
25.760000228881836,25.514664,Calibration,2003,2003-07-22,-0.004784751645584886,exper2_05
25.31999969482422,25.636206,Calibration,2003,2003-07-23,0.006205445953239453,exper2_05
24.989999771118164,25.747492,Calibration,2003,2003-07-24,0.014929631746226033,exper2_05
25.0,25.891296,Calibration,2003,2003-07-25,0.017513729262187833,exper2_05
25.229999542236328,25.79566,Calibration,2003,2003-07-26,0.011085804310017655,exper2_05
25.860000610351562,25.769186,Calibration,2003,2003-07-27,-0.0017589777484678445,exper2_05
25.59000015258789,25.751848,Calibration,2003,2003-07-28,0.003152361540631955,exper2_05
25.15999984741211,25.635832,Calibration,2003,2003-07-29,0.00936754000738595,exper2_05
24.760000228881836,25.50403,Calibration,2003,2003-07-30,0.01480243410688219,exper2_05
24.510000228881836,25.450148,Calibration,2003,2003-07-31,0.018817946707859575,exper2_05
24.469999313354492,24.98765,Calibration,2003,2003-08-01,0.010466542836088413,exper2_05
24.799999237060547,25.2045,Calibration,2003,2003-08-02,0.008089291281199175,exper2_05
25.18000030517578,25.349333,Calibration,2003,2003-08-03,0.003351172355438297,exper2_05
25.639999389648438,25.68899,Calibration,2003,2003-08-04,0.0009544362856275347,exper2_05
25.969999313354492,25.85739,Calibration,2003,2003-08-05,-0.002172786743998836,exper2_05
26.170000076293945,26.04228,Calibration,2003,2003-08-06,-0.002446165508985956,exper2_05
25.81999969482422,25.764595,Calibration,2003,2003-08-07,-0.001074054441633675,exper2_05
25.959999084472656,25.403692,Calibration,2003,2003-08-08,-0.010830741027072786,exper2_05
26.219999313354492,25.403994,Calibration,2003,2003-08-09,-0.01580671429373705,exper2_05
26.06999969482422,25.662695,Calibration,2003,2003-08-10,-0.007873256298356172,exper2_05
25.90999984741211,25.841795,Calibration,2003,2003-08-11,-0.0013179229822748038,exper2_05
26.219999313354492,25.833687,Calibration,2003,2003-08-12,-0.007421424175179599,exper2_05
26.40999984741211,25.618256,Calibration,2003,2003-08-13,-0.01521758177623627,exper2_05
26.010000228881836,25.955763,Calibration,2003,2003-08-14,-0.001043713446997628,exper2_05
25.829999923706055,25.452713,Calibration,2003,2003-08-15,-0.007356999842785956,exper2_05
25.600000381469727,25.312346,Calibration,2003,2003-08-16,-0.005650002405149087,exper2_05
25.440000534057617,25.341051,Calibration,2003,2003-08-17,-0.0019485502797937611,exper2_05
25.59000015258789,25.382093,Calibration,2003,2003-08-18,-0.004078834287772998,exper2_05
25.209999084472656,25.105059,Calibration,2003,2003-08-19,-0.002085666182491678,exper2_05
25.15999984741211,25.488993,Calibration,2003,2003-08-20,0.006495545659238177,exper2_05
25.610000610351562,25.356009,Calibration,2003,2003-08-21,-0.004983558355348275,exper2_05
25.5,25.360373,Calibration,2003,2003-08-22,-0.0027453093574191026,exper2_05
25.780000686645508,25.438972,Calibration,2003,2003-08-23,-0.006658239954109508,exper2_05
25.65999984741211,25.336502,Calibration,2003,2003-08-24,-0.0063435286739419675,exper2_05
25.3700008392334,24.65713,Calibration,2003,2003-08-25,-0.01424969910735691,exper2_05
25.280000686645508,24.53712,Calibration,2003,2003-08-26,-0.01491213954359357,exper2_05
25.209999084472656,24.504534,Calibration,2003,2003-08-27,-0.014190323760462076,exper2_05
25.360000610351562,24.56809,Calibration,2003,2003-08-28,-0.015861014408272027,exper2_05
25.030000686645508,23.380955,Calibration,2003,2003-08-29,-0.03406348686155857,exper2_05
24.600000381469727,23.404268,Calibration,2003,2003-08-30,-0.02490887061546495,exper2_05
23.93000030517578,22.78161,Calibration,2003,2003-08-31,-0.024584675988737925,exper2_05
23.170000076293945,22.519726,Calibration,2003,2003-09-01,-0.01423239610805034,exper2_05
22.790000915527344,22.491743,Calibration,2003,2003-09-02,-0.006586712467105506,exper2_05
22.40999984741211,22.178202,Calibration,2003,2003-09-03,-0.0051986436788306,exper2_05
22.139999389648438,22.237772,Calibration,2003,2003-09-04,0.002203188561109976,exper2_05
22.06999969482422,21.907522,Calibration,2003,2003-09-05,-0.0036945577258543183,exper2_05
21.950000762939453,21.787954,Calibration,2003,2003-09-06,-0.0037049384716120355,exper2_05
21.920000076293945,21.460192,Calibration,2003,2003-09-07,-0.010599500151998042,exper2_05
21.639999389648438,21.1565,Calibration,2003,2003-09-08,-0.011297641989989077,exper2_05
21.3700008392334,20.698298,Calibration,2003,2003-09-09,-0.015966971927335195,exper2_05
21.040000915527344,20.545462,Calibration,2003,2003-09-10,-0.011892118791020898,exper2_05
20.600000381469727,19.822191,Calibration,2003,2003-09-11,-0.019242131905683375,exper2_05
20.3700008392334,19.37669,Calibration,2003,2003-09-12,-0.02499103471505174,exper2_05
20.030000686645508,19.284376,Calibration,2003,2003-09-13,-0.018965696580680744,exper2_05
20.229999542236328,19.21422,Calibration,2003,2003-09-14,-0.025752303019743926,exper2_05
20.06999969482422,19.225227,Calibration,2003,2003-09-15,-0.021498090283979976,exper2_05
19.8700008392334,19.148611,Calibration,2003,2003-09-16,-0.0184883504366967,exper2_05
20.030000686645508,19.317713,Calibration,2003,2003-09-17,-0.018102396302311047,exper2_05
20.09000015258789,19.331114,Calibration,2003,2003-09-18,-0.019250758309324014,exper2_05
20.30999946594244,19.416418,Calibration,2003,2003-09-19,-0.022493379611875444,exper2_05
20.399999618530273,19.520329,Calibration,2003,2003-09-20,-0.022035667986271597,exper2_05
20.459999084472656,19.65346,Calibration,2003,2003-09-21,-0.02010645710939634,exper2_05
20.469999313354492,19.762386,Calibration,2003,2003-09-22,-0.01758814398296108,exper2_05
20.219999313354492,19.646624,Calibration,2003,2003-09-23,-0.014382349440176615,exper2_05
19.920000076293945,19.604586,Calibration,2003,2003-09-24,-0.007980208342079964,exper2_05
19.55999946594244,19.472704,Calibration,2003,2003-09-25,-0.0022364715898049643,exper2_05
19.25,19.398926,Calibration,2003,2003-09-26,0.003853296779654593,exper2_05
19.18000030517578,19.323006,Calibration,2003,2003-09-27,0.0037141352330429633,exper2_05
18.93000030517578,19.147703,Calibration,2003,2003-09-28,0.005717331816979863,exper2_05
18.6200008392334,17.810633,Calibration,2003,2003-09-29,-0.022216691141176737,exper2_05
18.549999237060547,18.211174,Calibration,2003,2003-09-30,-0.009216931775860275,exper2_05
18.81999969482422,18.100733,Calibration,2003,2003-10-01,-0.01948138194482365,exper2_05
18.84000015258789,18.219568,Calibration,2003,2003-10-02,-0.01674147667456841,exper2_05
18.8799991607666,18.30567,Calibration,2003,2003-10-03,-0.015444911776774723,exper2_05
18.389999389648438,18.274073,Calibration,2003,2003-10-04,-0.003161862174979749,exper2_05
17.760000228881836,18.222496,Calibration,2003,2003-10-05,0.012853355155534868,exper2_05
17.450000762939453,17.595829,Calibration,2003,2003-10-06,0.004161072744320432,exper2_05
16.6200008392334,17.235495,Calibration,2003,2003-10-07,0.01818002561122432,exper2_05
15.989999771118164,17.10303,Calibration,2003,2003-10-08,0.033633351580879566,exper2_05
15.399999618530273,16.952261,Calibration,2003,2003-10-09,0.04797999658293038,exper2_05
15.800000190734863,16.668972,Calibration,2003,2003-10-10,0.02676314541555831,exper2_05
15.90999984741211,16.522074,Calibration,2003,2003-10-11,0.0188724873405844,exper2_05
15.869999885559082,16.320608,Calibration,2003,2003-10-12,0.013998128060665695,exper2_05
15.649999618530273,15.23722,Calibration,2003,2003-10-13,-0.013364097373448238,exper2_05
15.380000114440918,14.606141,Calibration,2003,2003-10-14,-0.025807222702036094,exper2_05
15.229999542236328,15.30857,Calibration,2003,2003-10-15,0.002572824049058006,exper2_05
15.300000190734863,15.432103,Calibration,2003,2003-10-16,0.004298533192266637,exper2_05
14.979999542236328,15.672885,Calibration,2003,2003-10-17,0.022604247872378587,exper2_05
14.550000190734863,14.844244,Calibration,2003,2003-10-18,0.010010252708616633,exper2_05
14.380000114440918,15.227113,Calibration,2003,2003-10-19,0.028611795379836463,exper2_05
14.029999732971248,9.5496,Calibration,2003,2003-10-20,-0.1900117136492061,exper2_05
13.960000038146916,13.321996,Calibration,2003,2003-10-21,-0.02338554364862461,exper2_05
13.5600004196167,13.238563,Calibration,2003,2003-10-22,-0.011994592234326074,exper2_05
12.729999542236328,12.299367,Calibration,2003,2003-10-23,-0.017205093519411345,exper2_05
12.470000267028809,11.476084,Calibration,2003,2003-10-24,-0.04150643214150747,exper2_05
12.279999732971248,11.116027,Calibration,2003,2003-10-25,-0.04975087752938047,exper2_05
12.079999923706055,10.764191,Calibration,2003,2003-10-26,-0.05759929397629694,exper2_05
12.010000228881836,10.481608,Calibration,2003,2003-10-27,-0.06795386954829558,exper2_05
11.699999809265137,10.115085,Calibration,2003,2003-10-28,-0.07265225877204295,exper2_05
11.449999809265137,9.734942,Calibration,2003,2003-10-29,-0.08095643373361204,exper2_05
11.430000305175781,9.571508,Calibration,2003,2003-10-30,-0.08849325650842774,exper2_05
11.180000305175781,10.101808,Calibration,2003,2003-10-31,-0.05066264651806474,exper2_05
10.579999923706055,10.887679,Calibration,2003,2003-11-01,0.014332204985470554,exper2_05
10.699999809265137,10.186025,Calibration,2003,2003-11-02,-0.024608567515825148,exper2_05
10.649999618530273,9.979558,Calibration,2003,2003-11-03,-0.03249907924306684,exper2_05
10.800000190734863,10.212704,Calibration,2003,2003-11-04,-0.027949591295803097,exper2_05
10.760000228881836,10.274785,Calibration,2003,2003-11-05,-0.02306727550714932,exper2_05
10.710000038146916,9.907855,Calibration,2003,2003-11-06,-0.038905356617862756,exper2_05
10.729999542236328,9.690918,Calibration,2003,2003-11-07,-0.05088319723770044,exper2_05
10.510000228881836,9.620371,Calibration,2003,2003-11-08,-0.04419339116355786,exper2_05
10.470000267028809,9.494184,Calibration,2003,2003-11-09,-0.04887836818674189,exper2_05
10.430000305175781,9.399894,Calibration,2003,2003-11-10,-0.05194715317558171,exper2_05
10.229999542236328,9.342273,Calibration,2003,2003-11-11,-0.04535634749572614,exper2_05
10.010000228881836,9.298452,Calibration,2003,2003-11-12,-0.03685162483367397,exper2_05
9.930000305175781,9.268376,Calibration,2003,2003-11-13,-0.03446249475372681,exper2_05
9.789999961853027,9.230762,Calibration,2003,2003-11-14,-0.029401474495949154,exper2_05
9.649999618530273,9.211299,Calibration,2003,2003-11-15,-0.023259303941523462,exper2_05
9.619999885559082,9.187402,Calibration,2003,2003-11-16,-0.023001482177111798,exper2_05
9.489999771118164,9.246011,Calibration,2003,2003-11-17,-0.013022462285322235,exper2_05
9.479999542236328,9.185653,Calibration,2003,2003-11-18,-0.015769436023411593,exper2_05
9.4399995803833,9.165752,Calibration,2003,2003-11-19,-0.014739913206586828,exper2_05
9.34000015258789,9.145045,Calibration,2003,2003-11-20,-0.010546626614335518,exper2_05
9.319999694824219,9.127498,Calibration,2003,2003-11-21,-0.010435129381015523,exper2_05
9.130000114440918,9.114007,Calibration,2003,2003-11-22,-0.0008766231118625455,exper2_05
9.100000381469727,9.710971,Calibration,2003,2003-11-23,0.03247947640153101,exper2_05
9.069999694824219,10.042792,Calibration,2003,2003-11-24,0.0508974630530135,exper2_05
9.0600004196167,9.933156,Calibration,2003,2003-11-25,0.04597211616443815,exper2_05
9.079999923706055,10.490546,Calibration,2003,2003-11-26,0.07207495856115662,exper2_05
9.15999984741211,10.431722,Calibration,2003,2003-11-27,0.06491118392278517,exper2_05
9.15999984741211,10.31421,Calibration,2003,2003-11-28,0.05926864829703584,exper2_05
8.989999771118164,10.024158,Calibration,2003,2003-11-29,0.054388829172582774,exper2_05
8.90999984741211,9.8532095,Calibration,2003,2003-11-30,0.0502691000719657,exper2_05
8.84000015258789,9.717338,Calibration,2003,2003-12-01,0.047277118466682824,exper2_05
8.75,9.613594,Calibration,2003,2003-12-02,0.047027507392126064,exper2_05
8.569999694824219,9.506669,Calibration,2003,2003-12-03,0.05181648030275876,exper2_05
8.449999809265137,9.422599,Calibration,2003,2003-12-04,0.05441844516807146,exper2_05
8.510000228881836,9.355041,Calibration,2003,2003-12-05,0.04730133738838393,exper2_05
8.430000305175781,9.296148,Calibration,2003,2003-12-06,0.04886272897057085,exper2_05
8.100000381469727,7.8762155,Calibration,2003,2003-12-07,-0.014007379832824511,exper2_05
7.730000019073486,7.185693,Calibration,2003,2003-12-08,-0.03649225275511321,exper2_05
7.46999979019165,6.7732573,Calibration,2003,2003-12-09,-0.04891736015152187,exper2_05
7.230000019073486,6.412472,Calibration,2003,2003-12-10,-0.05992522912260698,exper2_05
7.21999979019165,6.2015367,Calibration,2003,2003-12-11,-0.07588275298378136,exper2_05
7.25,6.7153306,Calibration,2003,2003-12-12,-0.038285480991993116,exper2_05
7.03000020980835,6.252629,Calibration,2003,2003-12-13,-0.05852541735455719,exper2_05
6.920000076293945,5.9934673,Calibration,2003,2003-12-14,-0.07174933858917142,exper2_05
6.739999771118164,5.789246,Calibration,2003,2003-12-15,-0.07588275463143121,exper2_05
6.57000017166132,5.6495967,Calibration,2003,2003-12-16,-0.07532191862501107,exper2_05
6.610000133514404,5.5518656,Calibration,2003,2003-12-17,-0.08700429530652887,exper2_05
6.559999942779541,5.5504856,Calibration,2003,2003-12-18,-0.0833586999743164,exper2_05
6.300000190734863,5.5655713,Calibration,2003,2003-12-19,-0.06189578670262672,exper2_05
6.150000095367432,5.682854,Calibration,2003,2003-12-20,-0.03947871824528857,exper2_05
6.260000228881836,5.4902716,Calibration,2003,2003-12-21,-0.06550730688359185,exper2_05
6.199999809265137,5.3969007,Calibration,2003,2003-12-22,-0.0692511898313778,exper2_05
5.949999809265137,5.2615733,Calibration,2003,2003-12-23,-0.061403202475564675,exper2_05
5.699999809265137,5.117457,Calibration,2003,2003-12-24,-0.053852112490732656,exper2_05
5.409999847412109,5.0573053,Calibration,2003,2003-12-25,-0.03369487229363967,exper2_05
5.28000020980835,5.152292,Calibration,2003,2003-12-26,-0.012241646921657098,exper2_05
5.25,5.153463,Calibration,2003,2003-12-27,-0.009279324993996831,exper2_05
5.360000133514404,5.1576157,Calibration,2003,2003-12-28,-0.019242428686824194,exper2_05
5.380000114440918,5.147795,Calibration,2003,2003-12-29,-0.02205636670831071,exper2_05
5.340000152587891,5.1411433,Calibration,2003,2003-12-30,-0.018972818288313154,exper2_05
5.260000228881836,5.135615,Calibration,2003,2003-12-31,-0.011965175287490106,exper2_05
5.25,4.1949487,Calibration,2004,2004-01-01,-0.11170535312065995,exper2_05
5.21999979019165,4.06815,Calibration,2004,2004-01-02,-0.1240128300393528,exper2_05
5.0,3.8787963,Calibration,2004,2004-01-03,-0.12627879029454353,exper2_05
4.900000095367432,3.7472548,Calibration,2004,2004-01-04,-0.13330765131509872,exper2_05
4.789999961853027,3.8613439,Calibration,2004,2004-01-05,-0.1073424106453647,exper2_05
4.699999809265137,4.0182796,Calibration,2004,2004-01-06,-0.07819435791405359,exper2_05
4.75,3.9571862,Calibration,2004,2004-01-07,-0.09105281059838416,exper2_05
4.559999942779541,3.8722844,Calibration,2004,2004-01-08,-0.0815574405972659,exper2_05
4.57000017166132,3.8118496,Calibration,2004,2004-01-09,-0.09045146342762925,exper2_05
4.650000095367432,3.7185087,Calibration,2004,2004-01-10,-0.11130912274533926,exper2_05
4.5,3.6378522,Calibration,2004,2004-01-11,-0.10594291807492338,exper2_05
4.409999847412109,3.616765,Calibration,2004,2004-01-12,-0.09882372761778913,exper2_05
4.619999885559082,3.6347904,Calibration,2004,2004-01-13,-0.11935002931568808,exper2_05
4.679999828338623,3.5919554,Calibration,2004,2004-01-14,-0.1315341260774758,exper2_05
4.710000038146916,3.5869787,Calibration,2004,2004-01-15,-0.13535304876420423,exper2_05
4.460000038146916,3.5296512,Calibration,2004,2004-01-16,-0.11644424136699931,exper2_05
4.300000190734863,3.6501694,Calibration,2004,2004-01-17,-0.08173798219054199,exper2_05
4.260000228881836,3.6484365,Calibration,2004,2004-01-18,-0.07733053951614917,exper2_05
4.289999961853027,3.596243,Calibration,2004,2004-01-19,-0.08797054173103609,exper2_05
4.300000190734863,3.4890292,Calibration,2004,2004-01-20,-0.10411708368129999,exper2_05
4.059999942779541,3.4006033,Calibration,2004,2004-01-21,-0.08838382466491955,exper2_05
4.159999847412109,3.069182,Calibration,2004,2004-01-22,-0.15089092563248924,exper2_05
3.700000047683716,2.8320668,Calibration,2004,2004-01-23,-0.13287268746016512,exper2_05
3.440000057220459,2.6560416,Calibration,2004,2004-01-24,-0.12860122622029507,exper2_05
3.3499999046325684,3.0623565,Calibration,2004,2004-01-25,-0.044857680347384674,exper2_05
2.7799999713897705,3.1949024,Calibration,2004,2004-01-26,0.06944087475789146,exper2_05
3.259999990463257,3.2788825,Calibration,2004,2004-01-27,0.0028877278439656353,exper2_05
3.130000114440918,3.3201022,Calibration,2004,2004-01-28,0.029472726271351522,exper2_05
2.740000009536743,3.267165,Calibration,2004,2004-01-29,0.08775602801029819,exper2_05
2.549999952316284,2.913905,Calibration,2004,2004-01-30,0.06660162694714442,exper2_05
2.869999885559082,2.941767,Calibration,2004,2004-01-31,0.012348584078554607,exper2_05
3.140000104904118,3.0885024,Calibration,2004,2004-02-01,-0.00826807049224234,exper2_05
3.0399999618530273,3.1410093,Calibration,2004,2004-02-02,0.01634188918262473,exper2_05
2.809999942779541,3.2378907,Calibration,2004,2004-02-03,0.07075041554492009,exper2_05
2.859999895095825,3.2847266,Calibration,2004,2004-02-04,0.06912052531557335,exper2_05
3.25,3.2695389,Calibration,2004,2004-02-05,0.0029969726012809396,exper2_05
3.3399999141693115,3.332782,Calibration,2004,2004-02-06,-0.001081690384010448,exper2_05
3.630000114440918,3.3589401,Calibration,2004,2004-02-07,-0.03878413331086378,exper2_05
3.430000066757202,3.3561282,Calibration,2004,2004-02-08,-0.010885713899248799,exper2_05
3.5399999618530273,3.2670364,Calibration,2004,2004-02-09,-0.040100200414839804,exper2_05
3.460000038146916,3.354063,Calibration,2004,2004-02-10,-0.015546818831400272,exper2_05
3.6500000953674316,3.2788792,Calibration,2004,2004-02-11,-0.05356146582117724,exper2_05
3.6600000858306885,3.3055909,Calibration,2004,2004-02-12,-0.050879992836754186,exper2_05
3.619999885559082,3.283062,Calibration,2004,2004-02-13,-0.04880992099757059,exper2_05
3.740000009536743,3.4201238,Calibration,2004,2004-02-14,-0.0446746734854089,exper2_05
3.759999990463257,3.4846158,Calibration,2004,2004-02-15,-0.03801225566106316,exper2_05
3.6700000762939453,3.571299,Calibration,2004,2004-02-16,-0.01363028900432336,exper2_05
3.75,3.4795856,Calibration,2004,2004-02-17,-0.03740385211528644,exper2_05
3.799999952316284,3.5072007,Calibration,2004,2004-02-18,-0.040069959428190915,exper2_05
3.7799999713897705,3.4983041,Calibration,2004,2004-02-19,-0.03870350000098272,exper2_05
3.799999952316284,3.527296,Calibration,2004,2004-02-20,-0.03721753363585163,exper2_05
3.6700000762939453,3.9757144,Calibration,2004,2004-02-21,0.03998506195388109,exper2_05
3.619999885559082,4.381587,Calibration,2004,2004-02-22,0.0951795126546553,exper2_05
3.759999990463257,4.6257386,Calibration,2004,2004-02-23,0.10323940089622137,exper2_05
3.740000009536743,4.3176904,Calibration,2004,2004-02-24,0.07169428651918963,exper2_05
3.569999933242798,4.0626726,Calibration,2004,2004-02-25,0.0645478603583729,exper2_05
3.5899999141693115,4.0079355,Calibration,2004,2004-02-26,0.05500647027331543,exper2_05
3.0999999046325684,4.0544367,Calibration,2004,2004-02-27,0.1334048834236285,exper2_05
3.380000114440918,4.0254908,Calibration,2004,2004-02-28,0.08716378930667773,exper2_05
3.319999933242798,4.237573,Calibration,2004,2004-02-29,0.12141109372767558,exper2_05
3.569999933242798,3.8504617,Calibration,2004,2004-03-01,0.0377957330998733,exper2_05
3.2699999809265137,3.7361782,Calibration,2004,2004-03-02,0.06653815667105345,exper2_05
3.4100000858306885,4.4502416,Calibration,2004,2004-03-03,0.13234217546867755,exper2_05
3.549999952316284,4.726123,Calibration,2004,2004-03-04,0.14211037354618608,exper2_05
3.569999933242798,4.8583865,Calibration,2004,2004-03-05,0.15286277996385697,exper2_05
3.6700000762939453,4.8542795,Calibration,2004,2004-03-06,0.13893014989894673,exper2_05
3.440000057220459,4.879536,Calibration,2004,2004-03-07,0.17303081067065154,exper2_05
3.119999885559082,4.8034897,Calibration,2004,2004-03-08,0.21246822936983753,exper2_05
3.2799999713897705,5.2868795,Calibration,2004,2004-03-09,0.23426027709988648,exper2_05
3.5299999713897705,5.424145,Calibration,2004,2004-03-10,0.21153836680915722,exper2_05
3.700000047683716,5.5745206,Calibration,2004,2004-03-11,0.2021150864704692,exper2_05
3.7799999713897705,5.651996,Calibration,2004,2004-03-12,0.19847295769264106,exper2_05
4.199999809265137,5.9542594,Calibration,2004,2004-03-13,0.17276096177393546,exper2_05
4.670000076293945,6.1642046,Calibration,2004,2004-03-14,0.13791547844735882,exper2_05
4.25,6.232433,Calibration,2004,2004-03-15,0.1891195366655211,exper2_05
5.079999923706055,6.027465,Calibration,2004,2004-03-16,0.08529983761512923,exper2_05
5.760000228881836,6.5871644,Calibration,2004,2004-03-17,0.06699223650560532,exper2_05
6.260000228881836,7.070862,Calibration,2004,2004-03-18,0.06082589293698531,exper2_05
6.349999904632568,6.896775,Calibration,2004,2004-03-19,0.041276074944655426,exper2_05
5.829999923706055,6.786696,Calibration,2004,2004-03-20,0.0758277795160982,exper2_05
6.079999923706055,7.0532575,Calibration,2004,2004-03-21,0.07410633271122669,exper2_05
5.429999828338623,7.2813964,Calibration,2004,2004-03-22,0.1456485604738288,exper2_05
4.900000095367432,7.3043094,Calibration,2004,2004-03-23,0.1970049415705658,exper2_05
5.159999847412109,7.421589,Calibration,2004,2004-03-24,0.17975385272155497,exper2_05
5.179999828338623,7.2615166,Calibration,2004,2004-03-25,0.16730410312439362,exper2_05
5.139999866485596,7.133011,Calibration,2004,2004-03-26,0.1623897380599369,exper2_05
5.730000019073486,7.110212,Calibration,2004,2004-03-27,0.10749135951160797,exper2_05
6.710000038146916,7.234559,Calibration,2004,2004-03-28,0.037617469102920194,exper2_05
6.510000228881836,7.453131,Calibration,2004,2004-03-29,0.06754437390210755,exper2_05
6.329999923706055,7.2708197,Calibration,2004,2004-03-30,0.0691737534071643,exper2_05
7.710000038146916,7.329662,Calibration,2004,2004-03-31,-0.025289012140815963,exper2_05
7.579999923706055,7.6817527,Calibration,2004,2004-04-01,0.006667173859826912,exper2_05
7.760000228881836,7.876221,Calibration,2004,2004-04-02,0.007432802851882527,exper2_05
7.71999979019165,7.5973496,Calibration,2004,2004-04-03,-0.00800726960063581,exper2_05
8.609999656677246,7.7117324,Calibration,2004,2004-04-04,-0.05503504571088861,exper2_05
8.239999771118164,7.8577147,Calibration,2004,2004-04-05,-0.023747788538844673,exper2_05
7.809999942779541,7.9876184,Calibration,2004,2004-04-06,0.011243372209368987,exper2_05
7.949999809265137,8.0476675,Calibration,2004,2004-04-07,0.006105120964400704,exper2_05
8.359999656677246,7.358503,Calibration,2004,2004-04-08,-0.06371451672758195,exper2_05
7.920000076293945,7.68873,Calibration,2004,2004-04-09,-0.014816728564311,exper2_05
7.840000152587891,8.121583,Calibration,2004,2004-04-10,0.01764128469654506,exper2_05
7.949999809265137,8.62264,Calibration,2004,2004-04-11,0.04058736981570374,exper2_05
7.599999904632568,8.356941,Calibration,2004,2004-04-12,0.047436492523890726,exper2_05
7.949999809265137,8.455472,Calibration,2004,2004-04-13,0.03081119454140775,exper2_05
7.869999885559082,8.5440035,Calibration,2004,2004-04-14,0.041062718569686366,exper2_05
8.15999984741211,8.788191,Calibration,2004,2004-04-15,0.037065372097045905,exper2_05
8.899999618530273,9.053508,Calibration,2004,2004-04-16,0.008550317368084138,exper2_05
9.09000015258789,9.866802,Calibration,2004,2004-04-17,0.04097748385523277,exper2_05
10.399999618530273,9.421399,Calibration,2004,2004-04-18,-0.04937091045365472,exper2_05
10.619999885559082,9.516911,Calibration,2004,2004-04-19,-0.054779472548554274,exper2_05
10.829999923706055,9.479133,Calibration,2004,2004-04-20,-0.06651526185911323,exper2_05
11.350000381469727,10.579398,Calibration,2004,2004-04-21,-0.03514014417533198,exper2_05
12.180000305175781,11.377872,Calibration,2004,2004-04-22,-0.034049247395578214,exper2_05
12.720000267028809,12.045016,Calibration,2004,2004-04-23,-0.027255543187342638,exper2_05
12.270000457763672,12.390712,Calibration,2004,2004-04-24,0.0048948840331106466,exper2_05
11.970000267028809,11.741203,Calibration,2004,2004-04-25,-0.009649318652186729,exper2_05
11.770000457763672,12.289847,Calibration,2004,2004-04-26,0.021606409144169395,exper2_05
12.180000305175781,12.738717,Calibration,2004,2004-04-27,0.022421570314769674,exper2_05
12.760000228881836,13.119229,Calibration,2004,2004-04-28,0.013880980776367806,exper2_05
13.39000034332281,13.255599,Calibration,2004,2004-04-29,-0.005044034460209905,exper2_05
12.829999923706055,13.3718605,Calibration,2004,2004-04-30,0.020680233067277093,exper2_05
13.329999923706055,13.182124,Calibration,2004,2004-05-01,-0.005577666485119754,exper2_05
13.949999809265137,13.71016,Calibration,2004,2004-05-02,-0.008670938753500406,exper2_05
13.020000457763672,13.888214,Calibration,2004,2004-05-03,0.0322657473737306,exper2_05
13.25,13.816558,Calibration,2004,2004-05-04,0.02093202566206962,exper2_05
13.229999542236328,14.003101,Calibration,2004,2004-05-05,0.028388313535492534,exper2_05
13.239999771118164,13.943099,Calibration,2004,2004-05-06,0.02586530903436748,exper2_05
12.489999771118164,14.375186,Calibration,2004,2004-05-07,0.07017208865726815,exper2_05
12.1899995803833,14.548922,Calibration,2004,2004-05-08,0.08822053777346439,exper2_05
12.430000305175781,14.862956,Calibration,2004,2004-05-09,0.08914225745585785,exper2_05
13.039999961853027,14.580219,Calibration,2004,2004-05-10,0.055764195572949135,exper2_05
13.430000305175781,15.431687,Calibration,2004,2004-05-11,0.06935446996139563,exper2_05
14.109999656677246,15.948665,Calibration,2004,2004-05-12,0.06116921859383325,exper2_05
14.130000114440918,16.360834,Calibration,2004,2004-05-13,0.07316408563917436,exper2_05
14.4399995803833,16.960154,Calibration,2004,2004-05-14,0.08025929002573602,exper2_05
15.09000015258789,17.451746,Calibration,2004,2004-05-15,0.07257587912536521,exper2_05
14.920000076293945,17.466969,Calibration,2004,2004-05-16,0.07864176763633711,exper2_05
15.0600004196167,17.866213,Calibration,2004,2004-05-17,0.08522730514718671,exper2_05
15.510000228881836,18.187037,Calibration,2004,2004-05-18,0.07944426406999917,exper2_05
16.5,18.490034,Calibration,2004,2004-05-19,0.05687431162579372,exper2_05
17.149999618530273,19.09816,Calibration,2004,2004-05-20,0.05374507846178334,exper2_05
18.25,19.132563,Calibration,2004,2004-05-21,0.02360893890264765,exper2_05
15.880000114440918,18.071356,Calibration,2004,2004-05-22,0.06454398196973044,exper2_05
15.960000038146916,17.604546,Calibration,2004,2004-05-23,0.04899650879158303,exper2_05
15.609999656677246,18.103676,Calibration,2004,2004-05-24,0.0739663103681667,exper2_05
16.239999771118164,18.426111,Calibration,2004,2004-05-25,0.06306191804072248,exper2_05
17.34000015258789,18.687082,Calibration,2004,2004-05-26,0.03739081953649528,exper2_05
17.610000610351562,19.005629,Calibration,2004,2004-05-27,0.03811563548414907,exper2_05
16.8799991607666,18.386917,Calibration,2004,2004-05-28,0.04272894011315617,exper2_05
16.829999923706055,18.635746,Calibration,2004,2004-05-29,0.050915214986986576,exper2_05
17.31999969482422,18.439085,Calibration,2004,2004-05-30,0.03129513300550206,exper2_05
17.959999084472656,18.81781,Calibration,2004,2004-05-31,0.02332414556789373,exper2_05
17.8799991607666,19.038391,Calibration,2004,2004-06-01,0.03137709807810747,exper2_05
17.860000610351562,18.985533,Calibration,2004,2004-06-02,0.03054731597820462,exper2_05
17.8700008392334,19.235304,Calibration,2004,2004-06-03,0.036795359852895046,exper2_05
17.68000030517578,19.629667,Calibration,2004,2004-06-04,0.052256348099799135,exper2_05
17.65999984741211,19.53599,Calibration,2004,2004-06-05,0.05043527363225153,exper2_05
17.770000457763672,19.633932,Calibration,2004,2004-06-06,0.049832504973245616,exper2_05
18.360000610351562,19.828577,Calibration,2004,2004-06-07,0.03845590806387014,exper2_05
18.950000762939453,20.368675,Calibration,2004,2004-06-08,0.036081440513895446,exper2_05
19.959999084472656,20.827356,Calibration,2004,2004-06-09,0.02126534669957489,exper2_05
21.079999923706055,21.299599,Calibration,2004,2004-06-10,0.005181709532535387,exper2_05
21.690000534057617,21.42732,Calibration,2004,2004-06-11,-0.006092216481241574,exper2_05
21.280000686645508,21.437849,Calibration,2004,2004-06-12,0.0036951381950787216,exper2_05
20.040000915527344,20.980858,Calibration,2004,2004-06-13,0.02293606135824186,exper2_05
19.739999771118164,21.279139,Calibration,2004,2004-06-14,0.03752245552627049,exper2_05
20.329999923706055,21.140688,Calibration,2004,2004-06-15,0.019548458453696214,exper2_05
20.510000228881836,21.670216,Calibration,2004,2004-06-16,0.027506150806112944,exper2_05
20.549999237060547,21.738104,Calibration,2004,2004-06-17,0.028095481762443933,exper2_05
20.979999542236328,21.585333,Calibration,2004,2004-06-18,0.014221275717470483,exper2_05
20.75,21.869751,Calibration,2004,2004-06-19,0.026273053007237764,exper2_05
20.0,20.660593,Calibration,2004,2004-06-20,0.016246517415607505,exper2_05
19.959999084472656,20.505472,Calibration,2004,2004-06-21,0.013479964069769354,exper2_05
20.34000015258789,20.871012,Calibration,2004,2004-06-22,0.012885186679767083,exper2_05
20.829999923706055,20.857836,Calibration,2004,2004-06-23,0.0006677210626144285,exper2_05
21.15999984741211,20.510092,Calibration,2004,2004-06-24,-0.015596511559939982,exper2_05
20.639999389648438,20.624979,Calibration,2004,2004-06-25,-0.00036399802114498017,exper2_05
20.739999771118164,20.337362,Calibration,2004,2004-06-26,-0.009801931319152793,exper2_05
21.229999542236328,20.737507,Calibration,2004,2004-06-27,-0.011735095027691603,exper2_05
21.860000610351562,21.370195,Calibration,2004,2004-06-28,-0.011330164257578169,exper2_05
21.860000610351562,21.451944,Calibration,2004,2004-06-29,-0.009421333064528595,exper2_05
22.139999389648438,21.64549,Calibration,2004,2004-06-30,-0.011293895372175377,exper2_05
22.770000457763672,21.898108,Calibration,2004,2004-07-01,-0.019519361091847275,exper2_05
22.139999389648438,21.539312,Calibration,2004,2004-07-02,-0.013752209063725531,exper2_05
21.700000762939453,21.088686,Calibration,2004,2004-07-03,-0.014286831869791712,exper2_05
22.1200008392334,21.736063,Calibration,2004,2004-07-04,-0.008754498284884824,exper2_05
22.850000381469727,21.364725,Calibration,2004,2004-07-05,-0.03359232138042599,exper2_05
22.600000381469727,21.975023,Calibration,2004,2004-07-06,-0.014020791479729485,exper2_05
22.440000534057617,21.840502,Calibration,2004,2004-07-07,-0.013538661880028271,exper2_05
22.8700008392334,22.237595,Calibration,2004,2004-07-08,-0.014019950044337332,exper2_05
22.979999542236328,23.012487,Calibration,2004,2004-07-09,0.0007063733973632569,exper2_05
22.739999771118164,22.856253,Calibration,2004,2004-07-10,0.002549615219349735,exper2_05
21.760000228881836,22.741179,Calibration,2004,2004-07-11,0.022048366165577305,exper2_05
21.34000015258789,21.493624,Calibration,2004,2004-07-12,0.0035865184169588714,exper2_05
21.139999389648438,21.277473,Calibration,2004,2004-07-13,0.0032409771458860597,exper2_05
21.079999923706055,21.7893,Calibration,2004,2004-07-14,0.016545662768855118,exper2_05
21.18000030517578,22.360876,Calibration,2004,2004-07-15,0.02712108428090308,exper2_05
21.790000915527344,22.734562,Calibration,2004,2004-07-16,0.021214380209062026,exper2_05
22.399999618530273,22.801392,Calibration,2004,2004-07-17,0.008880080285090896,exper2_05
23.110000610351562,22.244558,Calibration,2004,2004-07-18,-0.019081704158035222,exper2_05
23.1299991607666,23.484907,Calibration,2004,2004-07-19,0.007613615849270423,exper2_05
23.729999542236328,23.926374,Calibration,2004,2004-07-20,0.004120642776568084,exper2_05
24.3700008392334,24.466436,Calibration,2004,2004-07-21,0.0019746638443346246,exper2_05
24.709999084472656,24.679255,Calibration,2004,2004-07-22,-0.0006224947809727069,exper2_05
24.690000534057617,24.673851,Calibration,2004,2004-07-23,-0.0003271527720759055,exper2_05
24.360000610351562,24.303846,Calibration,2004,2004-07-24,-0.0011539213316552395,exper2_05
24.219999313354492,24.213547,Calibration,2004,2004-07-25,-0.0001332250258111181,exper2_05
24.110000610351562,24.08864,Calibration,2004,2004-07-26,-0.00044317426744765697,exper2_05
23.790000915527344,24.05102,Calibration,2004,2004-07-27,0.005455961220410762,exper2_05
23.209999084472656,24.21287,Calibration,2004,2004-07-28,0.0211474039124666,exper2_05
22.80999946594244,24.407991,Calibration,2004,2004-07-29,0.03384286187824915,exper2_05
22.90999984741211,24.262407,Calibration,2004,2004-07-30,0.028669460329557014,exper2_05
23.479999542236328,24.355524,Calibration,2004,2004-07-31,0.018302810440568987,exper2_05
23.719999313354492,24.919275,Calibration,2004,2004-08-01,0.024656534876217346,exper2_05
23.739999771118164,24.905592,Calibration,2004,2004-08-02,0.02396090071086052,exper2_05
24.079999923706055,24.756523,Calibration,2004,2004-08-03,0.013852812736934346,exper2_05
24.360000610351562,24.427109,Calibration,2004,2004-08-04,0.0013755304455742824,exper2_05
24.579999923706055,24.320038,Calibration,2004,2004-08-05,-0.005316193888352635,exper2_05
24.899999618530273,24.395193,Calibration,2004,2004-08-06,-0.010240481692349254,exper2_05
24.799999237060547,24.130106,Calibration,2004,2004-08-07,-0.013690820036137806,exper2_05
24.65999984741211,24.108538,Calibration,2004,2004-08-08,-0.011307744736457487,exper2_05
24.68000030517578,23.586279,Calibration,2004,2004-08-09,-0.02266015544252141,exper2_05
24.290000915527344,23.453205,Calibration,2004,2004-08-10,-0.017527013298209153,exper2_05
24.450000762939453,23.977709,Calibration,2004,2004-08-11,-0.009752514634955472,exper2_05
25.200000762939453,23.771116,Calibration,2004,2004-08-12,-0.029178107284180167,exper2_05
24.790000915527344,23.587234,Calibration,2004,2004-08-13,-0.02486223960916595,exper2_05
24.290000915527344,23.351261,Calibration,2004,2004-08-14,-0.019704343170811836,exper2_05
24.030000686645508,23.437641,Calibration,2004,2004-08-15,-0.012479228375460562,exper2_05
24.030000686645508,23.822622,Calibration,2004,2004-08-16,-0.0043336890333584765,exper2_05
24.43000030517578,23.666433,Calibration,2004,2004-08-17,-0.015875750300905565,exper2_05
24.40999984741211,23.568144,Calibration,2004,2004-08-18,-0.0175466564152981,exper2_05
24.600000381469727,23.662645,Calibration,2004,2004-08-19,-0.019421957240267622,exper2_05
24.450000762939453,23.310122,Calibration,2004,2004-08-20,-0.023866756863472248,exper2_05
23.530000686645508,22.844149,Calibration,2004,2004-08-21,-0.01478953384161251,exper2_05
23.040000915527344,22.751066,Calibration,2004,2004-08-22,-0.006309848749820214,exper2_05
23.079999923706055,22.664717,Calibration,2004,2004-08-23,-0.00907827687193387,exper2_05
23.05999946594244,22.704374,Calibration,2004,2004-08-24,-0.007770785945919063,exper2_05
23.149999618530273,22.369402,Calibration,2004,2004-08-25,-0.017148680786260338,exper2_05
22.55999946594244,22.016907,Calibration,2004,2004-08-26,-0.012183275464947615,exper2_05
22.3799991607666,22.216684,Calibration,2004,2004-08-27,-0.003662039562378916,exper2_05
22.329999923706055,22.147314,Calibration,2004,2004-08-28,-0.004107393986737466,exper2_05
22.510000228881836,22.281744,Calibration,2004,2004-08-29,-0.005095944118692336,exper2_05
22.579999923706055,22.296478,Calibration,2004,2004-08-30,-0.006317823136399008,exper2_05
21.969999313354492,21.678389,Calibration,2004,2004-08-31,-0.0066809046506329265,exper2_05
21.479999542236328,21.279076,Calibration,2004,2004-09-01,-0.00469897720901041,exper2_05
21.479999542236328,21.12822,Calibration,2004,2004-09-02,-0.008256152094334843,exper2_05
21.770000457763672,21.272535,Calibration,2004,2004-09-03,-0.01155752384543853,exper2_05
22.020000457763672,21.452793,Calibration,2004,2004-09-04,-0.013047409419266116,exper2_05
21.950000762939453,21.16752,Calibration,2004,2004-09-05,-0.018147616480032578,exper2_05
21.979999542236328,21.185848,Calibration,2004,2004-09-06,-0.01839767656668612,exper2_05
22.040000915527344,21.052494,Calibration,2004,2004-09-07,-0.022915982638422604,exper2_05
21.969999313354492,21.028269,Calibration,2004,2004-09-08,-0.021901591396109456,exper2_05
21.8700008392334,21.01791,Calibration,2004,2004-09-09,-0.019867855972108748,exper2_05
21.459999084472656,20.919172,Calibration,2004,2004-09-10,-0.01276161803035084,exper2_05
21.360000610351562,20.887686,Calibration,2004,2004-09-11,-0.011179661538815767,exper2_05
21.219999313354492,20.670403,Calibration,2004,2004-09-12,-0.01311987382206188,exper2_05
21.270000457763672,20.44385,Calibration,2004,2004-09-13,-0.019805194048066875,exper2_05
21.239999771118164,20.494944,Calibration,2004,2004-09-14,-0.017852094475925145,exper2_05
20.8700008392334,20.241484,Calibration,2004,2004-09-15,-0.015288116157837584,exper2_05
20.399999618530273,19.992495,Calibration,2004,2004-09-16,-0.010088632639666058,exper2_05
20.170000076293945,19.669996,Calibration,2004,2004-09-17,-0.012550297707274812,exper2_05
20.049999237060547,19.746077,Calibration,2004,2004-09-18,-0.0076370005566843945,exper2_05
19.940000534057617,19.783085,Calibration,2004,2004-09-19,-0.003950238584922543,exper2_05
20.1299991607666,19.63973,Calibration,2004,2004-09-20,-0.012327685202557294,exper2_05
20.3799991607666,19.587395,Calibration,2004,2004-09-21,-0.01983127668738226,exper2_05
20.149999618530273,19.1827,Calibration,2004,2004-09-22,-0.024592780155159172,exper2_05
19.80999946594244,19.569632,Calibration,2004,2004-09-23,-0.006103863419772988,exper2_05
19.399999618530273,18.021448,Calibration,2004,2004-09-24,-0.036838539551436685,exper2_05
19.100000381469727,18.15476,Calibration,2004,2004-09-25,-0.025372328312433853,exper2_05
18.799999237060547,18.262861,Calibration,2004,2004-09-26,-0.014492620864773294,exper2_05
18.479999542236328,17.897802,Calibration,2004,2004-09-27,-0.016004188241203473,exper2_05
18.40999984741211,17.578465,Calibration,2004,2004-09-28,-0.023105607706462472,exper2_05
18.3799991607666,17.526402,Calibration,2004,2004-09-29,-0.023772854555532862,exper2_05
18.459999084472656,17.399427,Calibration,2004,2004-09-30,-0.029575812390060418,exper2_05
18.280000686645508,17.69613,Calibration,2004,2004-10-01,-0.016229369604917946,exper2_05
18.260000228881836,17.4493,Calibration,2004,2004-10-02,-0.02270275363292664,exper2_05
18.350000381469727,17.507956,Calibration,2004,2004-10-03,-0.02348278947926095,exper2_05
18.3700008392334,17.415625,Calibration,2004,2004-10-04,-0.02666926198703825,exper2_05
18.40999984741211,17.360947,Calibration,2004,2004-10-05,-0.029326962093662045,exper2_05
18.40999984741211,17.716948,Calibration,2004,2004-10-06,-0.01918380438125382,exper2_05
18.34000015258789,17.845007,Calibration,2004,2004-10-07,-0.013679511200169308,exper2_05
18.360000610351562,17.785423,Calibration,2004,2004-10-08,-0.015896267624496772,exper2_05
18.530000686645508,17.959978,Calibration,2004,2004-10-09,-0.01562134596689878,exper2_05
17.959999084472656,17.938568,Calibration,2004,2004-10-10,-0.0005969867576903222,exper2_05
17.280000686645508,16.316576,Calibration,2004,2004-10-11,-0.02867627530886584,exper2_05
16.549999237060547,15.086495,Calibration,2004,2004-10-12,-0.04625998722043342,exper2_05
16.149999618530273,14.483342,Calibration,2004,2004-10-13,-0.054406648131352486,exper2_05
15.670000076293945,9.124575,Calibration,2004,2004-10-14,-0.2639861939284117,exper2_05
15.39000034332281,12.957381,Calibration,2004,2004-10-15,-0.08581459585504125,exper2_05
15.069999694824219,13.5605955,Calibration,2004,2004-10-16,-0.052719972166479494,exper2_05
14.770000457763672,14.527123,Calibration,2004,2004-10-17,-0.008290131389183185,exper2_05
14.619999885559082,14.572389,Calibration,2004,2004-10-18,-0.0016309469338530863,exper2_05
14.430000305175781,14.2873125,Calibration,2004,2004-10-19,-0.004968702972889636,exper2_05
14.380000114440918,14.365371,Calibration,2004,2004-10-20,-0.0005089293884028993,exper2_05
14.649999618530273,14.659742,Calibration,2004,2004-10-21,0.0003324060930010817,exper2_05
14.720000267028809,15.227828,Calibration,2004,2004-10-22,0.016957081288941474,exper2_05
14.880000114440918,15.262864,Calibration,2004,2004-10-23,0.012701646251201154,exper2_05
14.850000381469727,15.0411215,Calibration,2004,2004-10-24,0.006393908607610227,exper2_05
14.760000228881836,15.526155,Calibration,2004,2004-10-25,0.02529721006825006,exper2_05
14.869999885559082,15.975615,Calibration,2004,2004-10-26,0.03584349614956061,exper2_05
14.949999809265137,16.338926,Calibration,2004,2004-10-27,0.04439035397100725,exper2_05
14.880000114440918,16.165346,Calibration,2004,2004-10-28,0.04140221276391824,exper2_05
14.6899995803833,15.188936,Calibration,2004,2004-10-29,0.016698608553020577,exper2_05
14.819999694824219,15.538369,Calibration,2004,2004-10-30,0.02366298027864556,exper2_05
14.3100004196167,14.869765,Calibration,2004,2004-10-31,0.019183322710357633,exper2_05
14.180000305175781,15.219468,Calibration,2004,2004-11-01,0.03535668729332831,exper2_05
14.15999984741211,15.396659,Calibration,2004,2004-11-02,0.041840285827465525,exper2_05
14.130000114440918,15.137566,Calibration,2004,2004-11-03,0.034426009588303295,exper2_05
14.0,15.021377,Calibration,2004,2004-11-04,0.035193940781474385,exper2_05
13.89000034332281,14.952807,Calibration,2004,2004-11-05,0.036848253180245094,exper2_05
13.770000457763672,13.523689,Calibration,2004,2004-11-06,-0.009024473795985592,exper2_05
13.539999961853027,13.041895,Calibration,2004,2004-11-07,-0.01873850797633578,exper2_05
13.14000034332281,12.781515,Calibration,2004,2004-11-08,-0.013829639796712171,exper2_05
12.729999542236328,12.461075,Calibration,2004,2004-11-09,-0.01067539673658163,exper2_05
12.15999984741211,12.180019,Calibration,2004,2004-11-10,0.0008224944715143897,exper2_05
11.880000114440918,11.915198,Calibration,2004,2004-11-11,0.0014792148826940274,exper2_05
11.680000305175781,11.676148,Calibration,2004,2004-11-12,-0.00016491976524800418,exper2_05
11.460000038146916,11.433975,Calibration,2004,2004-11-13,-0.0011367540205322404,exper2_05
11.119999885559082,11.205038,Calibration,2004,2004-11-14,0.0038090947610625926,exper2_05
10.65999984741211,10.594575,Calibration,2004,2004-11-15,-0.0030781570470762892,exper2_05
10.239999771118164,10.280426,Calibration,2004,2004-11-16,0.0019700494850033176,exper2_05
10.119999885559082,10.25478,Calibration,2004,2004-11-17,0.006615037418372202,exper2_05
9.949999809265137,10.154004,Calibration,2004,2004-11-18,0.010147445686493575,exper2_05
9.649999618530273,8.854762,Calibration,2004,2004-11-19,-0.042974751810857845,exper2_05
9.300000190734863,8.574246,Calibration,2004,2004-11-20,-0.04060332166893797,exper2_05
9.0,8.092402,Calibration,2004,2004-11-21,-0.05309947176993534,exper2_05
8.739999771118164,7.63153,Calibration,2004,2004-11-22,-0.06770717163071752,exper2_05
8.5600004196167,7.8186116,Calibration,2004,2004-11-23,-0.04526566694923167,exper2_05
8.420000076293945,7.8316717,Calibration,2004,2004-11-24,-0.03620109789777229,exper2_05
8.09000015258789,7.7824836,Calibration,2004,2004-11-25,-0.019374193735808842,exper2_05
7.889999866485596,7.986353,Calibration,2004,2004-11-26,0.006068966552911274,exper2_05
7.710000038146916,8.034764,Calibration,2004,2004-11-27,0.020626809328065415,exper2_05
7.539999961853027,8.098553,Calibration,2004,2004-11-28,0.035716396136139486,exper2_05
7.480000019073486,8.231618,Calibration,2004,2004-11-29,0.04783835191456201,exper2_05
7.349999904632568,8.297658,Calibration,2004,2004-11-30,0.060562294356051136,exper2_05
7.360000133514404,8.409039,Calibration,2004,2004-12-01,0.06652519736047739,exper2_05
7.28000020980835,8.529517,Calibration,2004,2004-12-02,0.07903574370061844,exper2_05
7.210000038146916,8.596687,Calibration,2004,2004-12-03,0.08772788678617977,exper2_05
7.119999885559082,8.675506,Calibration,2004,2004-12-04,0.09847774420586679,exper2_05
7.099999904632568,8.7439995,Calibration,2004,2004-12-05,0.10376165364147376,exper2_05
7.019999980926514,8.799285,Calibration,2004,2004-12-06,0.11247568796741084,exper2_05
7.03000020980835,8.737746,Calibration,2004,2004-12-07,0.10830628425413204,exper2_05
6.78000020980835,8.393449,Calibration,2004,2004-12-08,0.10633367638739778,exper2_05
6.690000057220459,7.8562036,Calibration,2004,2004-12-09,0.080172361795867,exper2_05
6.460000038146916,7.225396,Calibration,2004,2004-12-10,0.055927947374594444,exper2_05
6.349999904632568,6.9498067,Calibration,2004,2004-12-11,0.045098910371810755,exper2_05
6.190000057220459,6.829558,Calibration,2004,2004-12-12,0.04912285353731425,exper2_05
6.07000017166132,6.5114055,Calibration,2004,2004-12-13,0.035083941251740504,exper2_05
6.019999980926514,6.275329,Calibration,2004,2004-12-14,0.020766352012982343,exper2_05
5.829999923706055,6.071667,Calibration,2004,2004-12-15,0.020305329351165614,exper2_05
5.710000038146916,6.1745725,Calibration,2004,2004-12-16,0.03909037783432408,exper2_05
5.690000057220459,5.971332,Calibration,2004,2004-12-17,0.024125203951359007,exper2_05
5.650000095367432,5.7320313,Calibration,2004,2004-12-18,0.007207083412757097,exper2_05
5.480000019073486,5.6054387,Calibration,2004,2004-12-19,0.011315627036478641,exper2_05
5.360000133514404,5.4865594,Calibration,2004,2004-12-20,0.011668147602106733,exper2_05
5.139999866485596,5.4180284,Calibration,2004,2004-12-21,0.026333372324459765,exper2_05
4.960000038146916,5.3751874,Calibration,2004,2004-12-22,0.04017221375629832,exper2_05
4.909999847412109,5.328886,Calibration,2004,2004-12-23,0.040911305157759925,exper2_05
4.929999828338623,5.327366,Calibration,2004,2004-12-24,0.038739580745056484,exper2_05
4.96999979019165,5.2768703,Calibration,2004,2004-12-25,0.029947726406754933,exper2_05
5.019999980926514,5.24725,Calibration,2004,2004-12-26,0.022133492203969686,exper2_05
4.889999866485596,5.22328,Calibration,2004,2004-12-27,0.03295469842286926,exper2_05
4.909999847412109,5.2040515,Calibration,2004,2004-12-28,0.029073576674945662,exper2_05
4.880000114440918,5.2102675,Calibration,2004,2004-12-29,0.032731285287790055,exper2_05
4.699999809265137,5.195363,Calibration,2004,2004-12-30,0.05006013854996704,exper2_05
4.710000038146916,5.176472,Calibration,2004,2004-12-31,0.04718287153094144,exper2_05
4.639999866485596,4.241453,Calibration,2005,2005-01-01,-0.04487404189800178,exper2_05
4.510000228881836,4.0730987,Calibration,2005,2005-01-02,-0.050902544063318,exper2_05
4.639999866485596,4.1404123,Calibration,2005,2005-01-03,-0.05689795930337036,exper2_05
4.619999885559082,4.1941586,Calibration,2005,2005-01-04,-0.04831332842475072,exper2_05
4.389999866485596,4.1639924,Calibration,2005,2005-01-05,-0.026421284281829858,exper2_05
4.449999809265137,4.1378245,Calibration,2005,2005-01-06,-0.03635091512907876,exper2_05
4.409999847412109,4.092878,Calibration,2005,2005-01-07,-0.0372958418674654,exper2_05
4.340000152587891,3.9592013,Calibration,2005,2005-01-08,-0.045883789809032474,exper2_05
4.230000019073486,3.8740695,Calibration,2005,2005-01-09,-0.043919979714589163,exper2_05
4.210000038146916,3.7903075,Calibration,2005,2005-01-10,-0.052459547733759805,exper2_05
4.150000095367432,3.7195313,Calibration,2005,2005-01-11,-0.054700690064445626,exper2_05
4.07000017166132,3.6818182,Calibration,2005,2005-01-12,-0.05007624067836022,exper2_05
3.869999885559082,3.6034176,Calibration,2005,2005-01-13,-0.03567072893532575,exper2_05
3.690000057220459,3.5988832,Calibration,2005,2005-01-14,-0.012500804663331479,exper2_05
3.710000038146916,3.5364218,Calibration,2005,2005-01-15,-0.02395365144139651,exper2_05
3.549999952316284,3.423645,Calibration,2005,2005-01-16,-0.01811892249965786,exper2_05
3.25,3.2907758,Calibration,2005,2005-01-17,0.006234088632055943,exper2_05
3.130000114440918,3.2832284,Calibration,2005,2005-01-18,0.023892534414809753,exper2_05
3.049999952316284,3.370872,Calibration,2005,2005-01-19,0.049973285521428414,exper2_05
2.960000038146916,3.4008527,Calibration,2005,2005-01-20,0.06930716078166278,exper2_05
3.1700000762939453,3.4176464,Calibration,2005,2005-01-21,0.03759253511470185,exper2_05
3.1700000762939453,3.262856,Calibration,2005,2005-01-22,0.014434635118756457,exper2_05
3.1600000858306885,3.2360322,Calibration,2005,2005-01-23,0.011887394833186864,exper2_05
3.25,3.2882404,Calibration,2005,2005-01-24,0.005848734553684289,exper2_05
3.2300000190734863,3.2536879,Calibration,2005,2005-01-25,0.0036534515471808734,exper2_05
3.140000104904118,3.3252106,Calibration,2005,2005-01-26,0.028647243788503956,exper2_05
3.1500000953674316,2.9777808,Calibration,2005,2005-01-27,-0.02810467261095109,exper2_05
3.1700000762939453,3.1625059,Calibration,2005,2005-01-28,-0.0011834511118126553,exper2_05
3.309999942779541,2.9308114,Calibration,2005,2005-01-29,-0.060759493670886074,exper2_05
3.1500000953674316,2.7076516,Calibration,2005,2005-01-30,-0.07551635059334671,exper2_05
1.9500000476837158,2.8831103,Calibration,2005,2005-01-31,0.19306619814760936,exper2_05
2.069999933242798,2.9840965,Calibration,2005,2005-02-01,0.18086251440378778,exper2_05
2.309999942779541,3.1295342,Calibration,2005,2005-02-02,0.15066258865854396,exper2_05
2.390000104904118,3.2017589,Calibration,2005,2005-02-03,0.1451705557247196,exper2_05
2.680000066757202,3.2175207,Calibration,2005,2005-02-04,0.09114349352027279,exper2_05
2.740000009536743,2.9871428,Calibration,2005,2005-02-05,0.043152894892208096,exper2_05
2.799999952316284,2.7536683,Calibration,2005,2005-02-06,-0.008342529997179934,exper2_05
2.8299999237060547,2.589859,Calibration,2005,2005-02-07,-0.04430759506990333,exper2_05
2.960000038146916,2.5060453,Calibration,2005,2005-02-08,-0.08304993192084138,exper2_05
2.890000104904118,2.4730654,Calibration,2005,2005-02-09,-0.077741867982971,exper2_05
2.9200000762939453,2.626552,Calibration,2005,2005-02-10,-0.052906375303979215,exper2_05
2.950000047683716,2.8994927,Calibration,2005,2005-02-11,-0.008634476335026469,exper2_05
3.0399999618530273,3.1197515,Calibration,2005,2005-02-12,0.012947193185288516,exper2_05
3.059999942779541,3.2610383,Calibration,2005,2005-02-13,0.031804642333559494,exper2_05
3.1600000858306885,3.032023,Calibration,2005,2005-02-14,-0.02066806470098621,exper2_05
3.200000047683716,3.213246,Calibration,2005,2005-02-15,0.0020654219560621795,exper2_05
3.2799999713897705,3.2565663,Calibration,2005,2005-02-16,-0.003585014574881715,exper2_05
3.2699999809265137,3.306808,Calibration,2005,2005-02-17,0.005596638073002515,exper2_05
3.3399999141693115,3.1861887,Calibration,2005,2005-02-18,-0.023568306939815004,exper2_05
3.440000057220459,3.2810087,Calibration,2005,2005-02-19,-0.023655874003909335,exper2_05
3.5199999809265137,3.2729154,Calibration,2005,2005-02-20,-0.03637386970004302,exper2_05
3.450000047683716,3.2822933,Calibration,2005,2005-02-21,-0.02491078728000939,exper2_05
3.440000057220459,3.3909159,Calibration,2005,2005-02-22,-0.0071855937142441895,exper2_05
3.3499999046325684,3.3621526,Calibration,2005,2005-02-23,0.0018105476370243424,exper2_05
3.380000114440918,3.324933,Calibration,2005,2005-02-24,-0.008212917416243661,exper2_05
3.380000114440918,3.3355489,Calibration,2005,2005-02-25,-0.0066191515804244205,exper2_05
3.3399999141693115,3.5210547,Calibration,2005,2005-02-26,0.02638877542194731,exper2_05
3.299999952316284,3.6859226,Calibration,2005,2005-02-27,0.055242906891871536,exper2_05
3.25,3.3565235,Calibration,2005,2005-02-28,0.016123989201208756,exper2_05
3.2699999809265137,2.8195992,Calibration,2005,2005-03-01,-0.0739623117240364,exper2_05
3.319999933242798,2.614452,Calibration,2005,2005-03-02,-0.11889018052585092,exper2_05
3.369999885559082,2.740905,Calibration,2005,2005-03-03,-0.10294626509398212,exper2_05
3.4000000953674316,3.3526332,Calibration,2005,2005-03-04,-0.007014575676093544,exper2_05
3.4200000762939453,3.7077034,Calibration,2005,2005-03-05,0.04036409182507684,exper2_05
3.430000066757202,3.5229588,Calibration,2005,2005-03-06,0.013369659034723765,exper2_05
3.3499999046325684,3.2651453,Calibration,2005,2005-03-07,-0.012827322782116152,exper2_05
3.359999895095825,3.4379478,Calibration,2005,2005-03-08,0.011466380599578593,exper2_05
3.390000104904118,3.8866653,Calibration,2005,2005-03-09,0.06825451064164265,exper2_05
3.5299999713897705,3.7423148,Calibration,2005,2005-03-10,0.029194946912034402,exper2_05
3.460000038146916,3.9599545,Calibration,2005,2005-03-11,0.06737972038342745,exper2_05
3.630000114440918,4.273715,Calibration,2005,2005-03-12,0.0814445983817359,exper2_05
3.700000047683716,4.1691685,Calibration,2005,2005-03-13,0.05962109254814739,exper2_05
3.619999885559082,4.4496646,Calibration,2005,2005-03-14,0.1028127884888733,exper2_05
3.809999942779541,4.8325934,Calibration,2005,2005-03-15,0.11832021394736238,exper2_05
3.9200000762939453,5.290622,Calibration,2005,2005-03-16,0.1488088548009883,exper2_05
4.039999961853027,5.5322413,Calibration,2005,2005-03-17,0.15589257884838162,exper2_05
4.159999847412109,5.9189773,Calibration,2005,2005-03-18,0.17451943727315705,exper2_05
4.199999809265137,6.283112,Calibration,2005,2005-03-19,0.19871124795590603,exper2_05
4.199999809265137,6.441204,Calibration,2005,2005-03-20,0.21061566783123056,exper2_05
4.349999904632568,6.5504184,Calibration,2005,2005-03-21,0.20186550785976837,exper2_05
4.550000190734863,6.585768,Calibration,2005,2005-03-22,0.18281343114122273,exper2_05
5.0,6.5519295,Calibration,2005,2005-03-23,0.1343437455523271,exper2_05
5.579999923706055,6.526918,Calibration,2005,2005-03-24,0.07821297061797483,exper2_05
6.019999980926514,7.0955815,Calibration,2005,2005-03-25,0.08200791932687466,exper2_05
6.429999828338623,7.3476243,Calibration,2005,2005-03-26,0.06660251904804952,exper2_05
6.880000114440918,7.2727838,Calibration,2005,2005-03-27,0.027753101114504693,exper2_05
6.989999771118164,7.096076,Calibration,2005,2005-03-28,0.007530574318594701,exper2_05
7.480000019073486,7.064632,Calibration,2005,2005-03-29,-0.028558170556558612,exper2_05
7.139999866485596,7.1209235,Calibration,2005,2005-03-30,-0.0013376656500594972,exper2_05
7.329999923706055,7.2046366,Calibration,2005,2005-03-31,-0.008625145178975387,exper2_05
7.710000038146916,7.852899,Calibration,2005,2005-04-01,0.009182031919162366,exper2_05
7.96999979019165,7.326808,Calibration,2005,2005-04-02,-0.04204745357746298,exper2_05
8.220000267028809,7.400473,Calibration,2005,2005-04-03,-0.05246493681778599,exper2_05
8.359999656677246,7.448609,Calibration,2005,2005-04-04,-0.057651549759139845,exper2_05
8.729999542236328,8.446294,Calibration,2005,2005-04-05,-0.016517283746965476,exper2_05
9.529999732971248,8.426934,Calibration,2005,2005-04-06,-0.06142838706456914,exper2_05
9.479999542236328,8.165961,Calibration,2005,2005-04-07,-0.0744668024022529,exper2_05
8.84000015258789,7.9357834,Calibration,2005,2005-04-08,-0.05390012122325658,exper2_05
7.889999866485596,8.415612,Calibration,2005,2005-04-09,0.032235058179114255,exper2_05
7.139999866485596,8.633635,Calibration,2005,2005-04-10,0.0946918547560379,exper2_05
7.150000095367432,8.548619,Calibration,2005,2005-04-11,0.08909185848621991,exper2_05
6.949999809265137,8.368614,Calibration,2005,2005-04-12,0.09260722849682286,exper2_05
7.110000133514404,8.256253,Calibration,2005,2005-04-13,0.07459548407343296,exper2_05
8.630000114440918,9.273543,Calibration,2005,2005-04-14,0.03594502085043881,exper2_05
9.359999656677246,9.891138,Calibration,2005,2005-04-15,0.027589975587875747,exper2_05
9.050000190734863,9.575544,Calibration,2005,2005-04-16,0.02821631148606583,exper2_05
9.260000228881836,10.141905,Calibration,2005,2005-04-17,0.04545453651751944,exper2_05
8.84000015258789,10.189501,Calibration,2005,2005-04-18,0.07091623994092777,exper2_05
8.979999542236328,10.237541,Calibration,2005,2005-04-19,0.06543717916067111,exper2_05
9.050000190734863,10.393573,Calibration,2005,2005-04-20,0.06910111720269271,exper2_05
9.270000457763672,9.927075,Calibration,2005,2005-04-21,0.034227865411883884,exper2_05
8.970000267028809,10.427306,Calibration,2005,2005-04-22,0.07512929243763997,exper2_05
9.90999984741211,10.735549,Calibration,2005,2005-04-23,0.03998678518305279,exper2_05
9.720000267028809,10.639592,Calibration,2005,2005-04-24,0.04516750060191357,exper2_05
9.609999656677246,10.743068,Calibration,2005,2005-04-25,0.05567063001148266,exper2_05
9.739999771118164,11.227702,Calibration,2005,2005-04-26,0.0709520946043089,exper2_05
10.850000381469727,11.739091,Calibration,2005,2005-04-27,0.039359287462216154,exper2_05
11.65999984741211,12.413486,Calibration,2005,2005-04-28,0.03129940130838483,exper2_05
11.970000267028809,13.097413,Calibration,2005,2005-04-29,0.04497523462732938,exper2_05
13.350000381469727,13.508947,Calibration,2005,2005-04-30,0.005917841325101067,exper2_05
14.039999961853027,13.79157,Calibration,2005,2005-05-01,-0.008926203408801051,exper2_05
15.359999656677246,14.425953,Calibration,2005,2005-05-02,-0.03135863266975284,exper2_05
16.079999923706055,14.638665,Calibration,2005,2005-05-03,-0.04692048689797275,exper2_05
14.779999732971248,14.93378,Calibration,2005,2005-05-04,0.005175376083745901,exper2_05
14.569999694824219,14.871249,Calibration,2005,2005-05-05,0.010232225717620008,exper2_05
14.6899995803833,14.854895,Calibration,2005,2005-05-06,0.00558116933704501,exper2_05
14.649999618530273,15.060778,Calibration,2005,2005-05-07,0.013825893605728034,exper2_05
14.609999656677246,14.954914,Calibration,2005,2005-05-08,0.011666343398140044,exper2_05
14.039999961853027,15.40713,Calibration,2005,2005-05-09,0.046426604905297875,exper2_05
14.109999656677246,15.838925,Calibration,2005,2005-05-10,0.05772914065860469,exper2_05
14.369999885559082,15.765031,Calibration,2005,2005-05-11,0.04629266806059837,exper2_05
14.6899995803833,15.806668,Calibration,2005,2005-05-12,0.03661608888640385,exper2_05
15.470000267028809,15.869374,Calibration,2005,2005-05-13,0.012743521975541386,exper2_05
16.040000915527344,16.53893,Calibration,2005,2005-05-14,0.015314497735842054,exper2_05
16.239999771118164,17.265846,Calibration,2005,2005-05-15,0.03061694011850709,exper2_05
16.479999542236328,17.072895,Calibration,2005,2005-05-16,0.017670472697423396,exper2_05
16.719999313354492,17.509222,Calibration,2005,2005-05-17,0.0230569871675925,exper2_05
15.739999771118164,16.675756,Calibration,2005,2005-05-18,0.028867340833807584,exper2_05
15.65999984741211,16.450254,Calibration,2005,2005-05-19,0.02461066131132239,exper2_05
15.930000305175781,16.09015,Calibration,2005,2005-05-20,0.0050015544043611245,exper2_05
16.420000076293945,17.449732,Calibration,2005,2005-05-21,0.03040271335583726,exper2_05
17.760000228881836,17.981457,Calibration,2005,2005-05-22,0.006196068834014442,exper2_05
18.110000610351562,18.495775,Calibration,2005,2005-05-23,0.010538626860016291,exper2_05
18.09000015258789,18.94005,Calibration,2005,2005-05-24,0.022955679675268025,exper2_05
18.75,18.91135,Calibration,2005,2005-05-25,0.004284239656093973,exper2_05
19.30999946594244,18.951767,Calibration,2005,2005-05-26,-0.00936267536914687,exper2_05
20.219999313354492,19.597279,Calibration,2005,2005-05-27,-0.015639459829914378,exper2_05
21.1299991607666,20.486452,Calibration,2005,2005-05-28,-0.01546376585624478,exper2_05
21.950000762939453,21.32345,Calibration,2005,2005-05-29,-0.01447887011806503,exper2_05
23.0,21.97399,Calibration,2005,2005-05-30,-0.02281342004602931,exper2_05
22.700000762939453,22.002333,Calibration,2005,2005-05-31,-0.015606972202847501,exper2_05
22.049999237060547,21.950373,Calibration,2005,2005-06-01,-0.002264220431805342,exper2_05
21.75,22.421825,Calibration,2005,2005-06-02,0.015209364854540127,exper2_05
21.969999313354492,22.307352,Calibration,2005,2005-06-03,0.007619081588573558,exper2_05
22.31999969482422,22.366346,Calibration,2005,2005-06-04,0.0010371549370500007,exper2_05
21.270000457763672,22.245985,Calibration,2005,2005-06-05,0.022428185008320656,exper2_05
20.709999084472656,21.944159,Calibration,2005,2005-06-06,0.028934095476992574,exper2_05
20.43000030517578,21.08858,Calibration,2005,2005-06-07,0.015862268913844017,exper2_05
19.489999771118164,21.009672,Calibration,2005,2005-06-08,0.03752307910540574,exper2_05
18.55999946594244,20.389757,Calibration,2005,2005-06-09,0.046977384433292024,exper2_05
18.100000381469727,20.294226,Calibration,2005,2005-06-10,0.05714987735493624,exper2_05
18.190000534057617,20.37372,Calibration,2005,2005-06-11,0.0566262693327931,exper2_05
18.399999618530273,20.71892,Calibration,2005,2005-06-12,0.05927873705848682,exper2_05
18.780000686645508,20.694607,Calibration,2005,2005-06-13,0.048502219963284805,exper2_05
19.270000457763672,20.68012,Calibration,2005,2005-06-14,0.03529701481983917,exper2_05
19.18000030517578,20.544275,Calibration,2005,2005-06-15,0.034343608748295056,exper2_05
19.600000381469727,20.881618,Calibration,2005,2005-06-16,0.031659260516394935,exper2_05
20.290000915527344,21.615442,Calibration,2005,2005-06-17,0.03162933641855831,exper2_05
20.850000381469727,22.381144,Calibration,2005,2005-06-18,0.03541759593956825,exper2_05
21.15999984741211,22.509766,Calibration,2005,2005-06-19,0.030908473241986843,exper2_05
21.510000228881836,22.510408,Calibration,2005,2005-06-20,0.022726008315997505,exper2_05
21.8700008392334,22.772196,Calibration,2005,2005-06-21,0.020209466477946428,exper2_05
22.469999313354492,23.288603,Calibration,2005,2005-06-22,0.01788960932588589,exper2_05
23.040000915527344,23.466501,Calibration,2005,2005-06-23,0.009170767542252427,exper2_05
23.40999984741211,23.684273,Calibration,2005,2005-06-24,0.005823912409731139,exper2_05
24.020000457763672,23.577593,Calibration,2005,2005-06-25,-0.009294747429226875,exper2_05
23.8799991607666,24.306694,Calibration,2005,2005-06-26,0.00885503531647476,exper2_05
24.09000015258789,24.450644,Calibration,2005,2005-06-27,0.007429719909135336,exper2_05
24.34000015258789,24.657946,Calibration,2005,2005-06-28,0.006488955307196242,exper2_05
24.219999313354492,24.567476,Calibration,2005,2005-06-29,0.007122257404289071,exper2_05
23.860000610351562,24.856188,Calibration,2005,2005-06-30,0.020448792119653364,exper2_05
23.229999542236328,23.707762,Calibration,2005,2005-07-01,0.010178632490962113,exper2_05
22.979999542236328,23.092485,Calibration,2005,2005-07-02,0.0024414981239482877,exper2_05
22.860000610351562,23.380259,Calibration,2005,2005-07-03,0.011251190178463556,exper2_05
23.040000915527344,23.73417,Calibration,2005,2005-07-04,0.014840882714148683,exper2_05
22.510000228881836,22.815432,Calibration,2005,2005-07-05,0.0067386311321778955,exper2_05
22.299999237060547,22.2041,Calibration,2005,2005-07-06,-0.002154848301533903,exper2_05
22.489999771118164,22.371696,Calibration,2005,2005-07-07,-0.002637067004970866,exper2_05
21.68000030517578,21.882181,Calibration,2005,2005-07-08,0.004641201509917476,exper2_05
21.34000015258789,21.909508,Calibration,2005,2005-07-09,0.013167955578601783,exper2_05
21.18000030517578,22.006922,Calibration,2005,2005-07-10,0.019147497050332817,exper2_05
21.05999946594244,21.888916,Calibration,2005,2005-07-11,0.01930005776370092,exper2_05
20.93000030517578,21.887783,Calibration,2005,2005-07-12,0.022368807310842204,exper2_05
21.510000228881836,21.920715,Calibration,2005,2005-07-13,0.00945678876907685,exper2_05
21.969999313354492,21.981405,Calibration,2005,2005-07-14,0.00025951263527096115,exper2_05
22.65999984741211,21.809221,Calibration,2005,2005-07-15,-0.01913185251231638,exper2_05
22.889999389648438,22.58761,Calibration,2005,2005-07-16,-0.006649187310599825,exper2_05
22.93000030517578,23.481028,Calibration,2005,2005-07-17,0.011872766512779385,exper2_05
23.55999946594244,23.424423,Calibration,2005,2005-07-18,-0.0028855573916840085,exper2_05
23.450000762939453,23.41651,Calibration,2005,2005-07-19,-0.0007146069627112235,exper2_05
23.420000076293945,23.374544,Calibration,2005,2005-07-20,-0.0009713938531703463,exper2_05
23.510000228881836,23.459879,Calibration,2005,2005-07-21,-0.0010670946632109876,exper2_05
23.329999923706055,23.384623,Calibration,2005,2005-07-22,0.0011692837751035893,exper2_05
23.170000076293945,23.411959,Calibration,2005,2005-07-23,0.005194255985559464,exper2_05
23.30999946594244,23.557295,Calibration,2005,2005-07-24,0.005276502159370683,exper2_05
23.829999923706055,24.018265,Calibration,2005,2005-07-25,0.003934622248161155,exper2_05
24.399999618530273,23.792269,Calibration,2005,2005-07-26,-0.01261054700294792,exper2_05
24.889999389648438,24.360575,Calibration,2005,2005-07-27,-0.010749614129473964,exper2_05
25.25,24.202894,Calibration,2005,2005-07-28,-0.021173801976499214,exper2_05
25.850000381469727,23.939959,Calibration,2005,2005-07-29,-0.03836198802357223,exper2_05
26.260000228881836,24.842804,Calibration,2005,2005-07-30,-0.02773226041964518,exper2_05
26.350000381469727,24.442038,Calibration,2005,2005-07-31,-0.03756421036756915,exper2_05
25.979999542236328,24.120558,Calibration,2005,2005-08-01,-0.03711419306287887,exper2_05
26.05999946594244,23.937418,Calibration,2005,2005-08-02,-0.04245382242109629,exper2_05
25.530000686645508,23.172544,Calibration,2005,2005-08-03,-0.04840519523649887,exper2_05
24.829999923706055,23.316637,Calibration,2005,2005-08-04,-0.031432369527448406,exper2_05
24.299999237060547,22.927427,Calibration,2005,2005-08-05,-0.029063026424902,exper2_05
24.010000228881836,22.901814,Calibration,2005,2005-08-06,-0.023622764364623957,exper2_05
23.479999542236328,23.385622,Calibration,2005,2005-08-07,-0.0020137899497551653,exper2_05
22.780000686645508,23.453644,Calibration,2005,2005-08-08,0.01457040905339557,exper2_05
22.719999313354492,23.334208,Calibration,2005,2005-08-09,0.01333663661738412,exper2_05
22.81999969482422,23.260128,Calibration,2005,2005-08-10,0.009551369499841427,exper2_05
22.8799991607666,22.97252,Calibration,2005,2005-08-11,0.0020178098717941145,exper2_05
22.549999237060547,22.653372,Calibration,2005,2005-08-12,0.002286833292650483,exper2_05
22.350000381469727,22.140852,Calibration,2005,2005-08-13,-0.004700930548803439,exper2_05
22.219999313354492,22.542894,Calibration,2005,2005-08-14,0.007213453455009423,exper2_05
22.1200008392334,22.41518,Calibration,2005,2005-08-15,0.006628004201075143,exper2_05
21.75,22.570074,Calibration,2005,2005-08-16,0.018503445637620804,exper2_05
21.3799991607666,22.728851,Calibration,2005,2005-08-17,0.030580079574531255,exper2_05
21.790000915527344,22.592169,Calibration,2005,2005-08-18,0.018074102673513934,exper2_05
22.049999237060547,22.755121,Calibration,2005,2005-08-19,0.015737531484151638,exper2_05
21.90999984741211,22.541302,Calibration,2005,2005-08-20,0.01420210112007217,exper2_05
21.510000228881836,22.137415,Calibration,2005,2005-08-21,0.014374613045306779,exper2_05
21.190000534057617,21.935186,Calibration,2005,2005-08-22,0.017279597035261097,exper2_05
21.239999771118164,22.428871,Calibration,2005,2005-08-23,0.027224687940392393,exper2_05
21.31999969482422,22.178062,Calibration,2005,2005-08-24,0.019726459112165515,exper2_05
21.469999313354492,22.160387,Calibration,2005,2005-08-25,0.01582355288471795,exper2_05
21.469999313354492,21.633429,Calibration,2005,2005-08-26,0.0037915606313839658,exper2_05
21.260000228881836,21.337576,Calibration,2005,2005-08-27,0.0018211290552382579,exper2_05
21.149999618530273,21.173037,Calibration,2005,2005-08-28,0.0005443124798891005,exper2_05
21.229999542236328,21.400053,Calibration,2005,2005-08-29,0.003989051662328569,exper2_05
21.719999313354492,21.73126,Calibration,2005,2005-08-30,0.00025916363365324064,exper2_05
21.989999771118164,21.839712,Calibration,2005,2005-08-31,-0.0034288983799049167,exper2_05
22.280000686645508,21.69858,Calibration,2005,2005-09-01,-0.013220547188191994,exper2_05
22.209999084472656,22.237104,Calibration,2005,2005-09-02,0.0006098334713908885,exper2_05
21.979999542236328,22.027386,Calibration,2005,2005-09-03,0.0010767776626626003,exper2_05
21.760000228881836,21.975409,Calibration,2005,2005-09-04,0.004925261502968825,exper2_05
21.6200008392334,21.609243,Calibration,2005,2005-09-05,-0.00024884650379927725,exper2_05
21.579999923706055,21.548744,Calibration,2005,2005-09-06,-0.0007247074469649431,exper2_05
21.65999984741211,21.682966,Calibration,2005,2005-09-07,0.0005298757091394692,exper2_05
21.790000915527344,21.858742,Calibration,2005,2005-09-08,0.001574864257538024,exper2_05
21.729999542236328,21.294558,Calibration,2005,2005-09-09,-0.01012077752886554,exper2_05
21.850000381469727,21.46979,Calibration,2005,2005-09-10,-0.0087768402723383,exper2_05
21.760000228881836,21.495178,Calibration,2005,2005-09-11,-0.006122319123530729,exper2_05
21.780000686645508,21.216967,Calibration,2005,2005-09-12,-0.013094738833172144,exper2_05
21.450000762939453,21.074507,Calibration,2005,2005-09-13,-0.008830061185223347,exper2_05
21.329999923706055,21.024134,Calibration,2005,2005-09-14,-0.007221638489898388,exper2_05
21.479999542236328,21.04309,Calibration,2005,2005-09-15,-0.010274622991856322,exper2_05
21.75,20.857233,Calibration,2005,2005-09-16,-0.020953413039510645,exper2_05
21.1200008392334,20.511574,Calibration,2005,2005-09-17,-0.014614557655483924,exper2_05
20.450000762939453,20.05977,Calibration,2005,2005-09-18,-0.009632988927286666,exper2_05
19.8799991607666,19.891954,Calibration,2005,2005-09-19,0.000300595272635788,exper2_05
19.440000534057617,19.619787,Calibration,2005,2005-09-20,0.004602858655517976,exper2_05
19.09000015258789,19.276678,Calibration,2005,2005-09-21,0.004865626666495652,exper2_05
18.8700008392334,19.08507,Calibration,2005,2005-09-22,0.005666405419101331,exper2_05
18.860000610351562,18.758608,Calibration,2005,2005-09-23,-0.0026952816726271405,exper2_05
18.790000915527344,18.493093,Calibration,2005,2005-09-24,-0.007963593946696589,exper2_05
18.889999389648438,18.395136,Calibration,2005,2005-09-25,-0.013272407530759051,exper2_05
18.940000534057617,18.197939,Calibration,2005,2005-09-26,-0.019981227443349528,exper2_05
18.719999313354492,18.34213,Calibration,2005,2005-09-27,-0.01019554603594317,exper2_05
18.829999923706055,18.232094,Calibration,2005,2005-09-28,-0.016132550873952222,exper2_05
18.459999084472656,17.880262,Calibration,2005,2005-09-29,-0.01595301426884909,exper2_05
18.420000076293945,17.709084,Calibration,2005,2005-09-30,-0.019677125674656563,exper2_05
17.989999771118164,17.882288,Calibration,2005,2005-10-01,-0.003002646297390231,exper2_05
17.600000381469727,17.804434,Calibration,2005,2005-10-02,0.0057742326846286956,exper2_05
17.30999946594244,17.779371,Calibration,2005,2005-10-03,0.013376466602915279,exper2_05
17.139999389648438,17.803238,Calibration,2005,2005-10-04,0.018980454489877906,exper2_05
17.020000457763672,17.804922,Calibration,2005,2005-10-05,0.022539078004516197,exper2_05
16.790000915527344,17.770191,Calibration,2005,2005-10-06,0.028361829530118225,exper2_05
16.670000076293945,17.785408,Calibration,2005,2005-10-07,0.032372507114345514,exper2_05
16.600000381469727,17.060383,Calibration,2005,2005-10-08,0.013677279265582806,exper2_05
16.5,10.623386,Calibration,2005,2005-10-09,-0.21666223877614138,exper2_05
16.43000030517578,14.905606,Calibration,2005,2005-10-10,-0.04864734409050646,exper2_05
16.25,16.105757,Calibration,2005,2005-10-11,-0.00445803945888096,exper2_05
16.040000915527344,15.695909,Calibration,2005,2005-10-12,-0.01084236673575937,exper2_05
15.869999885559082,15.808475,Calibration,2005,2005-10-13,-0.001942181432752728,exper2_05
15.64000034332281,15.917865,Calibration,2005,2005-10-14,0.008804919309945775,exper2_05
15.380000114440918,15.774407,Calibration,2005,2005-10-15,0.012659758408931814,exper2_05
15.109999656677246,15.804693,Calibration,2005,2005-10-16,0.022471307351941094,exper2_05
15.020000457763672,15.903995,Calibration,2005,2005-10-17,0.02858602525201952,exper2_05
14.899999618530273,15.977199,Calibration,2005,2005-10-18,0.03488655203066588,exper2_05
14.489999771118164,15.247849,Calibration,2005,2005-10-19,0.025484347818697056,exper2_05
14.289999961853027,13.907215,Calibration,2005,2005-10-20,-0.013575271258358538,exper2_05
14.399999618530273,14.283881,Calibration,2005,2005-10-21,-0.004048212021127345,exper2_05
14.460000038146916,15.000042,Calibration,2005,2005-10-22,0.018331335831984343,exper2_05
14.359999656677246,15.79437,Calibration,2005,2005-10-23,0.0475675688668145,exper2_05
14.460000038146916,15.722161,Calibration,2005,2005-10-24,0.04181812034710444,exper2_05
14.460000038146916,16.188189,Calibration,2005,2005-10-25,0.056387949636176264,exper2_05
14.449999809265137,15.529988,Calibration,2005,2005-10-26,0.036023646042778065,exper2_05
14.40999984741211,15.671231,Calibration,2005,2005-10-27,0.04192752010409335,exper2_05
14.199999809265137,15.701551,Calibration,2005,2005-10-28,0.05021651270622177,exper2_05
14.289999961853027,15.310575,Calibration,2005,2005-10-29,0.034478201425766984,exper2_05
14.109999656677246,14.617842,Calibration,2005,2005-10-30,0.017677696602217716,exper2_05
13.89000034332281,14.116523,Calibration,2005,2005-10-31,0.008088203044997355,exper2_05
13.699999809265137,13.905253,Calibration,2005,2005-11-01,0.0074353094840823005,exper2_05
13.699999809265137,14.61413,Calibration,2005,2005-11-02,0.03228530123949137,exper2_05
13.59000015258789,13.6349535,Calibration,2005,2005-11-03,0.0016511817367256803,exper2_05
13.460000038146916,13.724202,Calibration,2005,2005-11-04,0.009718957945957835,exper2_05
13.529999732971248,13.933173,Calibration,2005,2005-11-05,0.01468051226048523,exper2_05
13.369999885559082,14.024639,Calibration,2005,2005-11-06,0.02389661874049207,exper2_05
13.220000267028809,13.926525,Calibration,2005,2005-11-07,0.026026345507206256,exper2_05
13.15999984741211,13.088894,Calibration,2005,2005-11-08,-0.0027089125256685447,exper2_05
13.0,12.647064,Calibration,2005,2005-11-09,-0.013761255016938301,exper2_05
12.710000038146916,12.485855,Calibration,2005,2005-11-10,-0.008896103520055036,exper2_05
12.479999542236328,12.02925,Calibration,2005,2005-11-11,-0.018390991280052605,exper2_05
12.25,11.654319,Calibration,2005,2005-11-12,-0.02491939616592451,exper2_05
11.979999542236328,11.340148,Calibration,2005,2005-11-13,-0.027437715380481544,exper2_05
11.779999732971248,11.071696,Calibration,2005,2005-11-14,-0.030995662251575126,exper2_05
11.489999771118164,10.939469,Calibration,2005,2005-11-15,-0.024544960515545663,exper2_05
11.329999923706055,10.686027,Calibration,2005,2005-11-16,-0.029250207825465335,exper2_05
11.199999809265137,10.473863,Calibration,2005,2005-11-17,-0.03350289606600028,exper2_05
10.899999618530273,10.156072,Calibration,2005,2005-11-18,-0.03533080533800362,exper2_05
10.529999732971248,9.539704,Calibration,2005,2005-11-19,-0.049342800840693014,exper2_05
10.09000015258789,8.990407,Calibration,2005,2005-11-20,-0.05762943915800152,exper2_05
9.800000190734863,8.232856,Calibration,2005,2005-11-21,-0.08690494700356764,exper2_05
9.539999961853027,7.7131968,Calibration,2005,2005-11-22,-0.1058820134862703,exper2_05
9.100000381469727,7.128919,Calibration,2005,2005-11-23,-0.12145486679682278,exper2_05
8.8100004196167,6.785099,Calibration,2005,2005-11-24,-0.12984215949870379,exper2_05
8.430000305175781,6.5075555,Calibration,2005,2005-11-25,-0.1286987541628327,exper2_05
8.0,6.233987,Calibration,2005,2005-11-26,-0.12407016835777519,exper2_05
7.659999847412109,6.0303664,Calibration,2005,2005-11-27,-0.11903504951920671,exper2_05
7.619999885559082,6.5177636,Calibration,2005,2005-11-28,-0.07796397717983372,exper2_05
7.309999942779541,6.91802,Calibration,2005,2005-11-29,-0.027549875462157387,exper2_05
7.190000057220459,7.177592,Calibration,2005,2005-11-30,-0.0008636281329170891,exper2_05
7.07000017166132,6.5005913,Calibration,2005,2005-12-01,-0.041959032934866136,exper2_05
6.900000095367432,6.347036,Calibration,2005,2005-12-02,-0.04174248574063873,exper2_05
6.760000228881836,6.118959,Calibration,2005,2005-12-03,-0.04977430784066206,exper2_05
6.769999980926514,6.639784,Calibration,2005,2005-12-04,-0.009710530999270864,exper2_05
6.730000019073486,6.8634696,Calibration,2005,2005-12-05,0.009818654496426424,exper2_05
6.619999885559082,6.4163146,Calibration,2005,2005-12-06,-0.015624453050504564,exper2_05
6.46999979019165,6.5767226,Calibration,2005,2005-12-07,0.008180049238038431,exper2_05
6.460000038146916,6.640384,Calibration,2005,2005-12-08,0.013769379267594542,exper2_05
6.239999771118164,6.543382,Calibration,2005,2005-12-09,0.023732561394726598,exper2_05
6.139999866485596,6.209556,Calibration,2005,2005-12-10,0.005632286410972884,exper2_05
5.960000038146916,5.923466,Calibration,2005,2005-12-11,-0.003074341425358578,exper2_05
5.710000038146916,5.7406144,Calibration,2005,2005-12-12,0.0026736011587445443,exper2_05
5.659999847412109,5.7676845,Calibration,2005,2005-12-13,0.009423135027214643,exper2_05
5.659999847412109,5.629334,Calibration,2005,2005-12-14,-0.002716358198739969,exper2_05
5.460000038146916,5.5930305,Calibration,2005,2005-12-15,0.012035650737702998,exper2_05
5.329999923706055,5.4655137,Calibration,2005,2005-12-16,0.012552786939726985,exper2_05
5.329999923706055,5.398578,Calibration,2005,2005-12-17,0.006392109250271306,exper2_05
5.110000133514404,5.343632,Calibration,2005,2005-12-18,0.022349369078554362,exper2_05
4.880000114440918,5.3046823,Calibration,2005,2005-12-19,0.04169812321622344,exper2_05
4.940000057220459,5.274797,Calibration,2005,2005-12-20,0.032775678739716985,exper2_05
4.82000017166132,5.2631307,Calibration,2005,2005-12-21,0.04394770834080719,exper2_05
4.760000228881836,5.2296753,Calibration,2005,2005-12-22,0.047016048024741734,exper2_05
4.630000114440918,5.208799,Calibration,2005,2005-12-23,0.05882819345299239,exper2_05
4.710000038146916,5.3038125,Calibration,2005,2005-12-24,0.05929933910580865,exper2_05
4.599999904632568,5.2614646,Calibration,2005,2005-12-25,0.06707570575683272,exper2_05
4.53000020980835,5.20985,Calibration,2005,2005-12-26,0.06980083076690793,exper2_05
4.440000057220459,5.187592,Calibration,2005,2005-12-27,0.07765098122267654,exper2_05
4.329999923706055,5.173247,Calibration,2005,2005-12-28,0.08873250963019963,exper2_05
4.079999923706055,5.16139,Calibration,2005,2005-12-29,0.11701593949701967,exper2_05
4.050000190734863,5.152985,Calibration,2005,2005-12-30,0.11985077351317941,exper2_05
3.990000009536743,5.150969,Calibration,2005,2005-12-31,0.12700721489249753,exper2_05
3.9200000762939453,4.0788445,Calibration,2006,2006-01-01,0.01985842686702602,exper2_05
3.069999933242798,4.2197213,Calibration,2006,2006-01-02,0.15771815471877354,exper2_05
3.140000104904118,4.305106,Calibration,2006,2006-01-03,0.15649287145029267,exper2_05
3.6700000762939453,4.313193,Calibration,2006,2006-01-04,0.08056836086603672,exper2_05
3.6500000953674316,4.2919083,Calibration,2006,2006-01-05,0.08082543133636806,exper2_05
3.5,4.227011,Calibration,2006,2006-01-06,0.094086987140843,exper2_05
3.509999990463257,4.1032166,Calibration,2006,2006-01-07,0.07791931923145157,exper2_05
3.569999933242798,3.9855509,Calibration,2006,2006-01-08,0.05499942458691667,exper2_05
3.619999885559082,3.8453312,Calibration,2006,2006-01-09,0.030183699037055214,exper2_05
3.490000009536743,3.6167016,Calibration,2006,2006-01-10,0.01782846674984661,exper2_05
3.180000066757202,3.481699,Calibration,2006,2006-01-11,0.045288584870988496,exper2_05
2.799999952316284,3.1960988,Calibration,2006,2006-01-12,0.06605942767520942,exper2_05
2.549999952316284,3.1228209,Calibration,2006,2006-01-13,0.10097637866756663,exper2_05
2.2200000286102295,3.092527,Calibration,2006,2006-01-14,0.16423952174171194,exper2_05
1.7699999809265137,3.2039213,Calibration,2006,2006-01-15,0.28828790222747064,exper2_05
1.7000000476837158,3.1149654,Calibration,2006,2006-01-16,0.2938682312715417,exper2_05
2.2200000286102295,3.2792525,Calibration,2006,2006-01-17,0.19261754018560245,exper2_05
2.200000047683716,3.3393846,Calibration,2006,2006-01-18,0.20568792197836408,exper2_05
2.130000114440918,3.3749244,Calibration,2006,2006-01-19,0.22614738835826614,exper2_05
2.140000104904118,3.339738,Calibration,2006,2006-01-20,0.2189407208686879,exper2_05
2.259999990463257,3.3577766,Calibration,2006,2006-01-21,0.19541123174405203,exper2_05
2.380000114440918,3.3487847,Calibration,2006,2006-01-22,0.16910821484614058,exper2_05
2.4000000953674316,2.9830668,Calibration,2006,2006-01-23,0.10831496496690018,exper2_05
2.4100000858306885,2.711379,Calibration,2006,2006-01-24,0.0588472279269766,exper2_05
2.440000057220459,2.576118,Calibration,2006,2006-01-25,0.02713611080005042,exper2_05
2.490000009536743,2.679183,Calibration,2006,2006-01-26,0.03659823925188384,exper2_05
2.5199999809265137,3.0483844,Calibration,2006,2006-01-27,0.09489008090900398,exper2_05
2.5199999809265137,3.276966,Calibration,2006,2006-01-28,0.13057970395782093,exper2_05
2.5899999141693115,3.4513817,Calibration,2006,2006-01-29,0.14258026169610785,exper2_05
2.6700000762939453,3.4037771,Calibration,2006,2006-01-30,0.12081066232551509,exper2_05
2.710000038146916,3.3931003,Calibration,2006,2006-01-31,0.11192675689104567,exper2_05
2.819999933242798,3.1673,Calibration,2006,2006-02-01,0.05800612251496821,exper2_05
2.8499999046325684,3.0568812,Calibration,2006,2006-02-02,0.03502377674821107,exper2_05
2.930000066757202,3.0692194,Calibration,2006,2006-02-03,0.0232062330725622,exper2_05
2.950000047683716,3.0393558,Calibration,2006,2006-02-04,0.0149190848088778,exper2_05
2.950000047683716,2.8128085,Calibration,2006,2006-02-05,-0.02380636673636322,exper2_05
3.009999990463257,2.87707,Calibration,2006,2006-02-06,-0.022580000187103915,exper2_05
3.069999933242798,2.8927252,Calibration,2006,2006-02-07,-0.029730483822095956,exper2_05
3.069999933242798,2.9936247,Calibration,2006,2006-02-08,-0.01259564218249076,exper2_05
3.140000104904118,3.0458846,Calibration,2006,2006-02-09,-0.01521455701668299,exper2_05
3.2300000190734863,3.12531,Calibration,2006,2006-02-10,-0.01647285113179714,exper2_05
3.2300000190734863,2.8171115,Calibration,2006,2006-02-11,-0.06827863619675324,exper2_05
3.299999952316284,2.6987433,Calibration,2006,2006-02-12,-0.10023042816268785,exper2_05
3.25,2.8154325,Calibration,2006,2006-02-13,-0.0716465722766757,exper2_05
3.309999942779541,3.0362563,Calibration,2006,2006-02-14,-0.04313466371489385,exper2_05
3.319999933242798,2.9315069,Calibration,2006,2006-02-15,-0.06214390756623007,exper2_05
3.369999885559082,3.0943108,Calibration,2006,2006-02-16,-0.04264787695950074,exper2_05
3.369999885559082,3.1829338,Calibration,2006,2006-02-17,-0.028546920654454525,exper2_05
3.4800000190734863,3.290148,Calibration,2006,2006-02-18,-0.028042518153663508,exper2_05
3.569999933242798,3.306678,Calibration,2006,2006-02-19,-0.038292017876995495,exper2_05
3.5899999141693115,3.4600978,Calibration,2006,2006-02-20,-0.01842557789410865,exper2_05
3.630000114440918,3.6098037,Calibration,2006,2006-02-21,-0.0027896388380955002,exper2_05
3.640000104904118,3.5320277,Calibration,2006,2006-02-22,-0.015054652061305953,exper2_05
3.6500000953674316,3.5303926,Calibration,2006,2006-02-23,-0.0166575078652245,exper2_05
3.630000114440918,3.7101545,Calibration,2006,2006-02-24,0.010919990489442892,exper2_05
3.5899999141693115,3.7587762,Calibration,2006,2006-02-25,0.022966582650404483,exper2_05
3.6500000953674316,3.742951,Calibration,2006,2006-02-26,0.012572898261638729,exper2_05
3.710000038146916,3.8565533,Calibration,2006,2006-02-27,0.019368564669783792,exper2_05
3.759999990463257,3.5285945,Calibration,2006,2006-02-28,-0.031748987695065393,exper2_05
3.8399999141693115,3.330831,Calibration,2006,2006-03-01,-0.07100555929692291,exper2_05
3.7799999713897705,3.8300452,Calibration,2006,2006-03-02,0.006576209544938706,exper2_05
3.7699999809265137,3.7683682,Calibration,2006,2006-03-03,-0.00021645755508977612,exper2_05
3.7699999809265137,4.485722,Calibration,2006,2006-03-04,0.08669406262302536,exper2_05
3.609999895095825,5.1609015,Calibration,2006,2006-03-05,0.1768235182795657,exper2_05
3.430000066757202,4.6703296,Calibration,2006,2006-03-06,0.1531208678554047,exper2_05
3.549999952316284,4.2048287,Calibration,2006,2006-03-07,0.08444142519475661,exper2_05
3.7200000286102295,3.9823294,Calibration,2006,2006-03-08,0.03405844212224816,exper2_05
3.630000114440918,4.4470787,Calibration,2006,2006-03-09,0.1011601605822162,exper2_05
3.569999933242798,5.120813,Calibration,2006,2006-03-10,0.17844279823902784,exper2_05
3.6600000858306885,4.939486,Calibration,2006,2006-03-11,0.14878632562233254,exper2_05
3.5999999046325684,4.679493,Calibration,2006,2006-03-12,0.13038154204645358,exper2_05
3.6500000953674316,4.5112143,Calibration,2006,2006-03-13,0.1055252470785362,exper2_05
3.5899999141693115,5.090443,Calibration,2006,2006-03-14,0.1728532992796693,exper2_05
3.6600000858306885,5.2362704,Calibration,2006,2006-03-15,0.17718327466268857,exper2_05
3.690000057220459,5.536578,Calibration,2006,2006-03-16,0.20013683014740868,exper2_05
3.700000047683716,5.7443304,Calibration,2006,2006-03-17,0.21646112114458724,exper2_05
3.7899999618530273,5.9445076,Calibration,2006,2006-03-18,0.2213268235278212,exper2_05
3.9200000762939453,5.2143764,Calibration,2006,2006-03-19,0.1417038557173415,exper2_05
4.039999961853027,5.221819,Calibration,2006,2006-03-20,0.12760117388050995,exper2_05
4.110000133514404,5.695273,Calibration,2006,2006-03-21,0.16167553722805478,exper2_05
4.349999904632568,6.0512967,Calibration,2006,2006-03-22,0.16356583887663836,exper2_05
4.449999809265137,6.4366527,Calibration,2006,2006-03-23,0.18248519061721657,exper2_05
4.519999980926514,6.5115533,Calibration,2006,2006-03-24,0.18053244707420546,exper2_05
4.82000017166132,6.7831736,Calibration,2006,2006-03-25,0.16919279454486977,exper2_05
5.050000190734863,7.024759,Calibration,2006,2006-03-26,0.16354435098600636,exper2_05
4.710000038146916,7.0167794,Calibration,2006,2006-03-27,0.1967103919966354,exper2_05
4.519999980926514,7.491927,Calibration,2006,2006-03-28,0.24741468495072236,exper2_05
4.460000038146916,7.5776153,Calibration,2006,2006-03-29,0.25898943814326203,exper2_05
4.960000038146916,7.279389,Calibration,2006,2006-03-30,0.1895020149518564,exper2_05
4.599999904632568,7.3352623,Calibration,2006,2006-03-31,0.22917488928012514,exper2_05
5.889999866485596,7.2341685,Calibration,2006,2006-04-01,0.10241933983679909,exper2_05
5.78000020980835,8.180947,Calibration,2006,2006-04-02,0.17197594157761387,exper2_05
5.980000019073486,7.6514015,Calibration,2006,2006-04-03,0.12261406106617032,exper2_05
6.46999979019165,7.82207,Calibration,2006,2006-04-04,0.09460283499189577,exper2_05
6.71999979019165,7.713631,Calibration,2006,2006-04-05,0.06884140011743828,exper2_05
6.46999979019165,7.8105044,Calibration,2006,2006-04-06,0.09386955985744541,exper2_05
6.079999923706055,7.338013,Calibration,2006,2006-04-07,0.09375555378107012,exper2_05
6.860000133514404,7.243401,Calibration,2006,2006-04-08,0.02718499687053876,exper2_05
7.639999866485596,7.2969956,Calibration,2006,2006-04-09,-0.022963401611803935,exper2_05
7.599999904632568,8.005688,Calibration,2006,2006-04-10,0.02599615082105724,exper2_05
7.210000038146916,7.914165,Calibration,2006,2006-04-11,0.04655893261779087,exper2_05
6.96999979019165,8.417974,Calibration,2006,2006-04-12,0.09409781022363756,exper2_05
7.28000020980835,9.144158,Calibration,2006,2006-04-13,0.11350098364133947,exper2_05
8.399999618530273,9.483012,Calibration,2006,2006-04-14,0.060560972161612894,exper2_05
8.760000228881836,8.968464,Calibration,2006,2006-04-15,0.011758698742019884,exper2_05
8.229999542236328,9.478286,Calibration,2006,2006-04-16,0.07049164974866283,exper2_05
8.84000015258789,9.962334,Calibration,2006,2006-04-17,0.059691181778398064,exper2_05
8.960000038146916,9.520143,Calibration,2006,2006-04-18,0.030310508388092364,exper2_05
9.65999984741211,9.832684,Calibration,2006,2006-04-19,0.008858899115245141,exper2_05
9.829999923706055,10.794816,Calibration,2006,2006-04-20,0.04677937956932562,exper2_05
10.550000190734863,11.357948,Calibration,2006,2006-04-21,0.03687922274925171,exper2_05
11.289999961853027,11.805286,Calibration,2006,2006-04-22,0.022311325236568792,exper2_05
12.630000114440918,12.388825,Calibration,2006,2006-04-23,-0.009639728994356209,exper2_05
13.380000114440918,12.759252,Calibration,2006,2006-04-24,-0.023747754021745858,exper2_05
13.989999771118164,13.287158,Calibration,2006,2006-04-25,-0.02576667863661967,exper2_05
14.180000305175781,13.804269,Calibration,2006,2006-04-26,-0.013426524248037044,exper2_05
14.619999885559082,13.079176,Calibration,2006,2006-04-27,-0.05562706795537952,exper2_05
13.760000228881836,13.069468,Calibration,2006,2006-04-28,-0.02573784504998021,exper2_05
13.359999656677246,12.600892,Calibration,2006,2006-04-29,-0.029240428171835336,exper2_05
12.630000114440918,12.305918,Calibration,2006,2006-04-30,-0.01299660900658407,exper2_05
12.220000267028809,12.329613,Calibration,2006,2006-05-01,0.004464936571888851,exper2_05
12.25,12.556312,Calibration,2006,2006-05-02,0.012348131887126147,exper2_05
13.40999984741211,12.900464,Calibration,2006,2006-05-03,-0.01936627918546268,exper2_05
13.630000114440918,13.685849,Calibration,2006,2006-05-04,0.0020445666797845904,exper2_05
13.960000038146916,13.990832,Calibration,2006,2006-05-05,0.0011030902495031034,exper2_05
14.15999984741211,14.406635,Calibration,2006,2006-05-06,0.008633688772705931,exper2_05
14.630000114440918,14.76798,Calibration,2006,2006-05-07,0.00469350304625807,exper2_05
14.649999618530273,15.044343,Calibration,2006,2006-05-08,0.013280084401804618,exper2_05
14.359999656677246,14.7089615,Calibration,2006,2006-05-09,0.012004619924894233,exper2_05
14.699999809265137,14.932179,Calibration,2006,2006-05-10,0.007835388672714291,exper2_05
15.350000381469727,15.179341,Calibration,2006,2006-05-11,-0.005590001479117346,exper2_05
16.280000686645508,15.750115,Calibration,2006,2006-05-12,-0.016543345978181214,exper2_05
16.829999923706055,16.193048,Calibration,2006,2006-05-13,-0.019288087483657346,exper2_05
15.789999961853027,16.886503,Calibration,2006,2006-05-14,0.033556321851895166,exper2_05
16.209999084472656,16.787203,Calibration,2006,2006-05-15,0.017492505940883248,exper2_05
17.260000228881836,17.18081,Calibration,2006,2006-05-16,-0.0022992867437297113,exper2_05
17.65999984741211,17.624336,Calibration,2006,2006-05-17,-0.0010107489239778208,exper2_05
18.229999542236328,17.789515,Calibration,2006,2006-05-18,-0.01222906559996323,exper2_05
18.15999984741211,17.425825,Calibration,2006,2006-05-19,-0.020631100419510495,exper2_05
17.079999923706055,16.751303,Calibration,2006,2006-05-20,-0.009715771457578829,exper2_05
17.040000915527344,16.385614,Calibration,2006,2006-05-21,-0.019577396386084536,exper2_05
18.06999969482422,16.925682,Calibration,2006,2006-05-22,-0.03269882366380827,exper2_05
18.5,17.327927,Calibration,2006,2006-05-23,-0.032713960151089065,exper2_05
17.670000076293945,16.518482,Calibration,2006,2006-05-24,-0.03368145618334479,exper2_05
16.940000534057617,16.351902,Calibration,2006,2006-05-25,-0.01766491191835708,exper2_05
17.520000457763672,17.362259,Calibration,2006,2006-05-26,-0.004522113804689871,exper2_05
18.020000457763672,17.581057,Calibration,2006,2006-05-27,-0.012329517695678381,exper2_05
18.670000076293945,17.786354,Calibration,2006,2006-05-28,-0.024238463559170264,exper2_05
18.3799991607666,16.992617,Calibration,2006,2006-05-29,-0.03922193695290454,exper2_05
17.299999237060547,17.50081,Calibration,2006,2006-05-30,0.00577030784383804,exper2_05
17.06999969482422,17.67184,Calibration,2006,2006-05-31,0.01732323235095991,exper2_05
17.06999969482422,17.832441,Calibration,2006,2006-06-01,0.021844937280762467,exper2_05
16.479999542236328,17.782343,Calibration,2006,2006-06-02,0.03801092614483892,exper2_05
15.979999542236328,17.827961,Calibration,2006,2006-06-03,0.054660541419550165,exper2_05
15.64000034332281,17.776201,Calibration,2006,2006-06-04,0.06392710131932057,exper2_05
15.989999771118164,18.135672,Calibration,2006,2006-06-05,0.0628755935719843,exper2_05
16.209999084472656,18.07345,Calibration,2006,2006-06-06,0.054354245240216904,exper2_05
16.450000762939453,18.345678,Calibration,2006,2006-06-07,0.05448025777838538,exper2_05
16.6200008392334,18.82048,Calibration,2006,2006-06-08,0.062089436537361056,exper2_05
16.719999313354492,18.797354,Calibration,2006,2006-06-09,0.058488435998260487,exper2_05
16.65999984741211,19.545168,Calibration,2006,2006-06-10,0.07968939942108115,exper2_05
16.899999618530273,19.713892,Calibration,2006,2006-06-11,0.07685313528327238,exper2_05
17.329999923706055,19.843187,Calibration,2006,2006-06-12,0.06760753096443534,exper2_05
18.389999389648438,20.530085,Calibration,2006,2006-06-13,0.054986654714235736,exper2_05
19.139999389648438,21.230694,Calibration,2006,2006-06-14,0.051787429479629235,exper2_05
20.280000686645508,21.635439,Calibration,2006,2006-06-15,0.032337445227155266,exper2_05
21.020000457763672,21.987524,Calibration,2006,2006-06-16,0.022496611611441363,exper2_05
20.739999771118164,22.38936,Calibration,2006,2006-06-17,0.038242177698186545,exper2_05
21.5,22.68411,Calibration,2006,2006-06-18,0.026799467597925664,exper2_05
22.020000457763672,22.72469,Calibration,2006,2006-06-19,0.01574910959941181,exper2_05
22.30999946594244,23.238787,Calibration,2006,2006-06-20,0.020391042433376468,exper2_05
22.84000015258789,23.381575,Calibration,2006,2006-06-21,0.011716919656852355,exper2_05
23.389999389648438,23.581312,Calibration,2006,2006-06-22,0.0040729710013544355,exper2_05
23.3799991607666,23.48005,Calibration,2006,2006-06-23,0.0021350804400866634,exper2_05
23.8799991607666,23.922207,Calibration,2006,2006-06-24,0.0008829659003748405,exper2_05
24.649999618530273,23.735104,Calibration,2006,2006-06-25,-0.018908629936877676,exper2_05
25.030000686645508,23.663464,Calibration,2006,2006-06-26,-0.02806407624401969,exper2_05
25.420000076293945,24.22269,Calibration,2006,2006-06-27,-0.024118545512638822,exper2_05
25.0,24.295923,Calibration,2006,2006-06-28,-0.014282657079764062,exper2_05
24.649999618530273,23.884024,Calibration,2006,2006-06-29,-0.015782247180537334,exper2_05
24.440000534057617,23.694952,Calibration,2006,2006-06-30,-0.015478326736691481,exper2_05
24.1299991607666,23.30504,Calibration,2006,2006-07-01,-0.017391337914183014,exper2_05
23.729999542236328,23.81019,Calibration,2006,2006-07-02,0.0016867971920762619,exper2_05
23.639999389648438,23.57985,Calibration,2006,2006-07-03,-0.0012738318361015964,exper2_05
23.360000610351562,23.054935,Calibration,2006,2006-07-04,-0.006572564370177122,exper2_05
23.600000381469727,23.600079,Calibration,2006,2006-07-05,1.6568043033269236e-06,exper2_05
23.969999313354492,22.84617,Calibration,2006,2006-07-06,-0.024005143825527122,exper2_05
24.030000686645508,23.24909,Calibration,2006,2006-07-07,-0.016517036968903324,exper2_05
24.350000381469727,23.477451,Calibration,2006,2006-07-08,-0.01824368695977593,exper2_05
24.520000457763672,22.8411,Calibration,2006,2006-07-09,-0.03544891744976825,exper2_05
24.399999618530273,23.536617,Calibration,2006,2006-07-10,-0.018010915149105387,exper2_05
24.790000915527344,23.518442,Calibration,2006,2006-07-11,-0.026321667203565827,exper2_05
25.239999771118164,24.398146,Calibration,2006,2006-07-12,-0.01695982168313744,exper2_05
25.15999984741211,24.706465,Calibration,2006,2006-07-13,-0.009094991663411985,exper2_05
25.05999946594244,24.817198,Calibration,2006,2006-07-14,-0.004867989373315475,exper2_05
25.139999389648438,25.181974,Calibration,2006,2006-07-15,0.0008341290730880443,exper2_05
25.0,24.810724,Calibration,2006,2006-07-16,-0.0037998994071069435,exper2_05
24.729999542236328,24.594769,Calibration,2006,2006-07-17,-0.002741645290340623,exper2_05
24.940000534057617,24.52608,Calibration,2006,2006-07-18,-0.008367781692258859,exper2_05
25.399999618530273,24.702877,Calibration,2006,2006-07-19,-0.013913823322732612,exper2_05
25.90999984741211,25.020836,Calibration,2006,2006-07-20,-0.01745826390456058,exper2_05
26.270000457763672,25.413694,Calibration,2006,2006-07-21,-0.016568205479685107,exper2_05
26.3799991607666,25.743578,Calibration,2006,2006-07-22,-0.01220985279221141,exper2_05
26.09000015258789,25.900747,Calibration,2006,2006-07-23,-0.0036401256506087636,exper2_05
25.760000228881836,26.032484,Calibration,2006,2006-07-24,0.005261068849147265,exper2_05
25.940000534057617,26.176308,Calibration,2006,2006-07-25,0.0045342264690452026,exper2_05
26.149999618530273,26.290323,Calibration,2006,2006-07-26,0.002675872901238358,exper2_05
26.190000534057617,26.392231,Calibration,2006,2006-07-27,0.0038459846156988007,exper2_05
25.989999771118164,25.873306,Calibration,2006,2006-07-28,-0.002250020401739394,exper2_05
25.850000381469727,25.645386,Calibration,2006,2006-07-29,-0.003973455773122665,exper2_05
25.799999237060547,25.621685,Calibration,2006,2006-07-30,-0.003467685112470536,exper2_05
25.719999313354492,25.955961,Calibration,2006,2006-07-31,0.0045661834166842415,exper2_05
25.489999771118164,25.019304,Calibration,2006,2006-08-01,-0.009318985966841206,exper2_05
24.989999771118164,23.886053,Calibration,2006,2006-08-02,-0.022586657908596593,exper2_05
24.1200008392334,22.983019,Calibration,2006,2006-08-03,-0.02413819689281647,exper2_05
23.31999969482422,22.589941,Calibration,2006,2006-08-04,-0.01590197370331596,exper2_05
22.959999084472656,22.183151,Calibration,2006,2006-08-05,-0.017208542905927205,exper2_05
22.8700008392334,22.557228,Calibration,2006,2006-08-06,-0.006885138236208321,exper2_05
22.530000686645508,22.801548,Calibration,2006,2006-08-07,0.005990250175591677,exper2_05
22.299999237060547,22.348928,Calibration,2006,2006-08-08,0.0010958653882752357,exper2_05
22.329999923706055,22.947287,Calibration,2006,2006-08-09,0.013633473413345113,exper2_05
22.100000381469727,22.983337,Calibration,2006,2006-08-10,0.01959342551587147,exper2_05
21.639999389648438,22.933626,Calibration,2006,2006-08-11,0.02902224732435559,exper2_05
21.170000076293945,22.34098,Calibration,2006,2006-08-12,0.026912297474803597,exper2_05
21.100000381469727,22.356905,Calibration,2006,2006-08-13,0.028923012154090686,exper2_05
21.190000534057617,22.670294,Calibration,2006,2006-08-14,0.033750190146510005,exper2_05
21.31999969482422,22.262041,Calibration,2006,2006-08-15,0.021615357612654013,exper2_05
20.989999771118164,22.326078,Calibration,2006,2006-08-16,0.030844866381037513,exper2_05
21.399999618530273,22.000498,Calibration,2006,2006-08-17,0.013836205456888262,exper2_05
21.579999923706055,22.513247,Calibration,2006,2006-08-18,0.021165295991445465,exper2_05
21.600000381469727,22.705008,Calibration,2006,2006-08-19,0.024940909011070152,exper2_05
21.780000686645508,22.853683,Calibration,2006,2006-08-20,0.024055437172194837,exper2_05
21.700000762939453,22.657045,Calibration,2006,2006-08-21,0.0215759317852996,exper2_05
21.59000015258789,22.536413,Calibration,2006,2006-08-22,0.021447767185482018,exper2_05
21.84000015258789,22.87557,Calibration,2006,2006-08-23,0.023159050286862173,exper2_05
21.989999771118164,22.707739,Calibration,2006,2006-08-24,0.01605761559629551,exper2_05
21.729999542236328,22.38461,Calibration,2006,2006-08-25,0.014838841338662341,exper2_05
21.59000015258789,22.171373,Calibration,2006,2006-08-26,0.013285076951648704,exper2_05
21.290000915527344,22.15227,Calibration,2006,2006-08-27,0.01984860465025405,exper2_05
21.15999984741211,22.146502,Calibration,2006,2006-08-28,0.02277952875653945,exper2_05
20.950000762939453,21.918104,Calibration,2006,2006-08-29,0.02258330314083952,exper2_05
21.040000915527344,21.70426,Calibration,2006,2006-08-30,0.015540307509452237,exper2_05
20.639999389648438,21.988342,Calibration,2006,2006-08-31,0.03163019818584088,exper2_05
20.739999771118164,22.084843,Calibration,2006,2006-09-01,0.031403335861479614,exper2_05
20.770000457763672,21.771173,Calibration,2006,2006-09-02,0.02353421231253273,exper2_05
21.239999771118164,22.286798,Calibration,2006,2006-09-03,0.024049522321476696,exper2_05
21.829999923706055,22.28959,Calibration,2006,2006-09-04,0.010416935061180115,exper2_05
22.270000457763672,22.337626,Calibration,2006,2006-09-05,0.001515997417908558,exper2_05
22.510000228881836,22.22488,Calibration,2006,2006-09-06,-0.006373550292848189,exper2_05
22.790000915527344,22.27148,Calibration,2006,2006-09-07,-0.011506953128088599,exper2_05
22.520000457763672,21.91249,Calibration,2006,2006-09-08,-0.013672643491927297,exper2_05
21.670000076293945,21.961115,Calibration,2006,2006-09-09,0.006672183541440167,exper2_05
21.469999313354492,21.738314,Calibration,2006,2006-09-10,0.006209785641134301,exper2_05
21.329999923706055,21.530375,Calibration,2006,2006-09-11,0.004675054892533458,exper2_05
21.30999946594244,21.389177,Calibration,2006,2006-09-12,0.0018543181016757986,exper2_05
21.239999771118164,21.27341,Calibration,2006,2006-09-13,0.0007858938051405988,exper2_05
21.06999969482422,21.166595,Calibration,2006,2006-09-14,0.0022870158877246983,exper2_05
20.8799991607666,20.853792,Calibration,2006,2006-09-15,-0.0006279556533512951,exper2_05
20.56999969482422,20.560186,Calibration,2006,2006-09-16,-0.0002385914008876713,exper2_05
20.280000686645508,20.264444,Calibration,2006,2006-09-17,-0.0003836859879250877,exper2_05
20.06999969482422,19.968845,Calibration,2006,2006-09-18,-0.0025264047260927388,exper2_05
19.959999084472656,20.03929,Calibration,2006,2006-09-19,0.001982295007516756,exper2_05
20.1299991607666,19.537357,Calibration,2006,2006-09-20,-0.014940290527740886,exper2_05
20.010000228881836,19.303541,Calibration,2006,2006-09-21,-0.017969865344874915,exper2_05
20.290000915527344,19.646921,Calibration,2006,2006-09-22,-0.016102386571230753,exper2_05
20.260000228881836,19.101892,Calibration,2006,2006-09-23,-0.029422054635157645,exper2_05
20.09000015258789,18.83255,Calibration,2006,2006-09-24,-0.032306467516972186,exper2_05
20.049999237060547,18.774258,Calibration,2006,2006-09-25,-0.032859394592763325,exper2_05
20.110000610351562,18.588236,Calibration,2006,2006-09-26,-0.039323878663243536,exper2_05
19.770000457763672,18.433659,Calibration,2006,2006-09-27,-0.03497942058101661,exper2_05
19.829999923706055,18.50246,Calibration,2006,2006-09-28,-0.03463225240429673,exper2_05
19.719999313354492,18.472033,Calibration,2006,2006-09-29,-0.032676102987151574,exper2_05
19.739999771118164,18.65214,Calibration,2006,2006-09-30,-0.0283354906352364,exper2_05
19.729999542236328,18.791273,Calibration,2006,2006-10-01,-0.02436903976338963,exper2_05
19.690000534057617,18.799706,Calibration,2006,2006-10-02,-0.023130730792656835,exper2_05
19.489999771118164,18.81867,Calibration,2006,2006-10-03,-0.017524218343286477,exper2_05
19.18000030517578,11.446008,Calibration,2006,2006-10-04,-0.252530220983277,exper2_05
18.770000457763672,15.907453,Calibration,2006,2006-10-05,-0.08254781200510589,exper2_05
18.479999542236328,17.008839,Calibration,2006,2006-10-06,-0.04145418569509413,exper2_05
18.100000381469727,16.92893,Calibration,2006,2006-10-07,-0.03343151151566263,exper2_05
18.190000534057617,17.09376,Calibration,2006,2006-10-08,-0.031069279326090073,exper2_05
17.860000610351562,16.978453,Calibration,2006,2006-10-09,-0.02530387673776126,exper2_05
17.510000228881836,16.786943,Calibration,2006,2006-10-10,-0.021082251534857318,exper2_05
17.329999923706055,16.605434,Calibration,2006,2006-10-11,-0.021351296072755637,exper2_05
17.200000762939453,16.338158,Calibration,2006,2006-10-12,-0.025697389177471303,exper2_05
17.09000015258789,16.238216,Calibration,2006,2006-10-13,-0.025557435726980795,exper2_05
16.950000762939453,16.371374,Calibration,2006,2006-10-14,-0.01736502874041707,exper2_05
16.8799991607666,16.158976,Calibration,2006,2006-10-15,-0.021823424145727806,exper2_05
16.600000381469727,16.087532,Calibration,2006,2006-10-16,-0.015677792112013287,exper2_05
16.299999237060547,15.942123,Calibration,2006,2006-10-17,-0.0110996359593894,exper2_05
15.970000267028809,15.982289,Calibration,2006,2006-10-18,0.00038460615505949607,exper2_05
15.729999542236328,15.528911,Calibration,2006,2006-10-19,-0.00643301075380027,exper2_05
15.460000038146916,14.881822,Calibration,2006,2006-10-20,-0.01905549416379261,exper2_05
15.359999656677246,16.187164,Calibration,2006,2006-10-21,0.0262199369466359,exper2_05
15.4399995803833,15.9344425,Calibration,2006,2006-10-22,0.01575941775073121,exper2_05
15.289999961853027,16.469007,Calibration,2006,2006-10-23,0.037123563509442584,exper2_05
15.380000114440918,16.655241,Calibration,2006,2006-10-24,0.03980743872275585,exper2_05
15.460000038146916,16.541208,Calibration,2006,2006-10-25,0.033786481396202224,exper2_05
15.40999984741211,16.745188,Calibration,2006,2006-10-26,0.04152325056578019,exper2_05
15.619999885559082,16.230783,Calibration,2006,2006-10-27,0.019176406755536946,exper2_05
15.460000038146916,15.878842,Calibration,2006,2006-10-28,0.013364958106469054,exper2_05
15.239999771118164,15.551805,Calibration,2006,2006-10-29,0.01012622606480449,exper2_05
15.0,14.590144,Calibration,2006,2006-10-30,-0.013851093134593602,exper2_05
14.739999771118164,13.696595,Calibration,2006,2006-10-31,-0.0366923177869048,exper2_05
14.5,13.250385,Calibration,2006,2006-11-01,-0.0450305357121501,exper2_05
13.90999984741211,13.107415,Calibration,2006,2006-11-02,-0.029706196789932922,exper2_05
13.350000381469727,12.691466,Calibration,2006,2006-11-03,-0.025287901685670904,exper2_05
12.880000114440918,12.376489,Calibration,2006,2006-11-04,-0.019935923509368982,exper2_05
12.40999984741211,12.096492,Calibration,2006,2006-11-05,-0.012792856606661678,exper2_05
12.199999809265137,11.849182,Calibration,2006,2006-11-06,-0.014587509931140786,exper2_05
12.0,11.931587,Calibration,2006,2006-11-07,-0.0028586812957697447,exper2_05
11.850000381469727,11.566057,Calibration,2006,2006-11-08,-0.012126002646627065,exper2_05
11.64000034332281,11.257528,Calibration,2006,2006-11-09,-0.01670363837698344,exper2_05
11.460000038146916,11.274246,Calibration,2006,2006-11-10,-0.008170661136134585,exper2_05
11.050000190734863,10.927467,Calibration,2006,2006-11-11,-0.005575385077356108,exper2_05
10.8100004196167,10.683383,Calibration,2006,2006-11-12,-0.005890995812036555,exper2_05
10.619999885559082,10.489906,Calibration,2006,2006-11-13,-0.006162678948564651,exper2_05
10.489999771118164,10.326171,Calibration,2006,2006-11-14,-0.00787026837034678,exper2_05
10.380000114440918,10.201977,Calibration,2006,2006-11-15,-0.008649477125760833,exper2_05
10.369999885559082,10.863939,Calibration,2006,2006-11-16,0.02326178839193495,exper2_05
10.40999984741211,10.8646755,Calibration,2006,2006-11-17,0.021371685656618036,exper2_05
10.479999542236328,11.177535,Calibration,2006,2006-11-18,0.03220752166564485,exper2_05
10.529999732971248,11.486277,Calibration,2006,2006-11-19,0.04343499681772967,exper2_05
10.279999732971248,11.56988,Calibration,2006,2006-11-20,0.0590337266057678,exper2_05
10.300000190734863,11.00821,Calibration,2006,2006-11-21,0.03323648392147294,exper2_05
9.970000267028809,10.716008,Calibration,2006,2006-11-22,0.0360634059003307,exper2_05
9.84000015258789,10.485497,Calibration,2006,2006-11-23,0.03175800828693366,exper2_05
9.6899995803833,10.278099,Calibration,2006,2006-11-24,0.02945195184904587,exper2_05
9.760000228881836,10.908759,Calibration,2006,2006-11-25,0.055579479591090476,exper2_05
9.729999542236328,10.57517,Calibration,2006,2006-11-26,0.04162339238174384,exper2_05
9.550000190734863,10.258941,Calibration,2006,2006-11-27,0.03578891521810509,exper2_05
9.279999732971248,10.070903,Calibration,2006,2006-11-28,0.04087163836858123,exper2_05
9.079999923706055,9.919454,Calibration,2006,2006-11-29,0.044183044277209774,exper2_05
8.880000114440918,9.788432,Calibration,2006,2006-11-30,0.04866139777382381,exper2_05
8.920000076293945,9.67553,Calibration,2006,2006-12-01,0.040629674800438,exper2_05
8.5600004196167,9.580708,Calibration,2006,2006-12-02,0.056266113325837766,exper2_05
8.369999885559082,9.50058,Calibration,2006,2006-12-03,0.06326487255412754,exper2_05
8.260000228881836,9.456756,Calibration,2006,2006-12-04,0.06754935374311696,exper2_05
8.130000114440918,9.388647,Calibration,2006,2006-12-05,0.07184612779144799,exper2_05
8.210000038146916,9.795438,Calibration,2006,2006-12-06,0.08805327522620758,exper2_05
8.260000228881836,10.194316,Calibration,2006,2006-12-07,0.10481643789262361,exper2_05
8.399999618530273,9.902588,Calibration,2006,2006-12-08,0.08209704072405641,exper2_05
8.260000228881836,9.745751,Calibration,2006,2006-12-09,0.08251536421449568,exper2_05
8.119999885559082,9.26868,Calibration,2006,2006-12-10,0.06605905485727473,exper2_05
7.960000038146916,8.063715,Calibration,2006,2006-12-11,0.0064725903329997826,exper2_05
7.650000095367432,7.394984,Calibration,2006,2006-12-12,-0.01695025592665327,exper2_05
7.460000038146916,7.3865933,Calibration,2006,2006-12-13,-0.004944346116364794,exper2_05
7.300000190734863,7.1477838,Calibration,2006,2006-12-14,-0.010535625050682033,exper2_05
7.25,6.784563,Calibration,2006,2006-12-15,-0.03316362135987115,exper2_05
7.099999904632568,6.700456,Calibration,2006,2006-12-16,-0.028951489780093424,exper2_05
7.07000017166132,6.317559,Calibration,2006,2006-12-17,-0.05620452614152755,exper2_05
7.150000095367432,6.0241036,Calibration,2006,2006-12-18,-0.08546285017520931,exper2_05
6.960000038146916,5.842661,Calibration,2006,2006-12-19,-0.08727397681398982,exper2_05
6.710000038146916,5.7289934,Calibration,2006,2006-12-20,-0.07886543440543065,exper2_05
6.550000190734863,5.6256833,Calibration,2006,2006-12-21,-0.07591498934823211,exper2_05
6.519999980926514,6.204104,Validation,2006,2006-12-22,-0.02482658394161678,exper2_05
6.269999980926514,7.8385606,Validation,2006,2006-12-23,0.1111779329558714,exper2_05
6.130000114440918,7.368694,Validation,2006,2006-12-24,0.09176396763792251,exper2_05
6.059999942779541,6.5098376,Validation,2006,2006-12-25,0.03578707219718932,exper2_05
5.869999885559082,5.8207445,Validation,2006,2006-12-26,-0.004213193737573045,exper2_05
5.769999980926514,5.3750067,Validation,2006,2006-12-27,-0.035441280330750655,exper2_05
5.639999866485596,5.0927334,Validation,2006,2006-12-28,-0.05099041134969062,exper2_05
5.650000095367432,4.8850865,Validation,2006,2006-12-29,-0.07260629036052757,exper2_05
5.429999828338623,4.8002276,Validation,2006,2006-12-30,-0.061559939708241806,exper2_05
5.46999979019165,4.735773,Validation,2006,2006-12-31,-0.07194229310327024,exper2_05
5.489999771118164,3.66766,Validation,2007,2007-01-01,-0.1989962303835961,exper2_05
5.539999961853027,3.6965885,Validation,2007,2007-01-02,-0.19957708952723544,exper2_05
5.349999904632568,3.6344404,Validation,2007,2007-01-03,-0.19094784095542783,exper2_05
5.329999923706055,3.6427953,Validation,2007,2007-01-04,-0.18803556224584744,exper2_05
5.269999980926514,3.5981507,Validation,2007,2007-01-05,-0.18852287306173937,exper2_05
5.380000114440918,3.560164,Validation,2007,2007-01-06,-0.2035573532567247,exper2_05
5.300000190734863,3.5536406,Validation,2007,2007-01-07,-0.19724762131195267,exper2_05
5.210000038146916,3.6301012,Validation,2007,2007-01-08,-0.1787195407571301,exper2_05
5.230000019073486,3.5834749,Validation,2007,2007-01-09,-0.1868190656307744,exper2_05
5.380000114440918,3.5682938,Validation,2007,2007-01-10,-0.2024638796926292,exper2_05
5.269999980926514,3.5423007,Validation,2007,2007-01-11,-0.19605541641365543,exper2_05
5.32000017166132,3.421044,Validation,2007,2007-01-12,-0.21724590322938153,exper2_05
5.090000152587891,3.3182275,Validation,2007,2007-01-13,-0.2107189160482805,exper2_05
5.130000114440918,3.2571478,Validation,2007,2007-01-14,-0.22330026213926288,exper2_05
5.119999885559082,3.2500947,Validation,2007,2007-01-15,-0.22340311987553607,exper2_05
4.949999809265137,3.1540945,Validation,2007,2007-01-16,-0.22160469665016083,exper2_05
4.940000057220459,3.1628647,Validation,2007,2007-01-17,-0.2193218606857825,exper2_05
4.989999771118164,3.2463858,Validation,2007,2007-01-18,-0.21169649485228423,exper2_05
5.190000057220459,3.2077634,Validation,2007,2007-01-19,-0.2360433972646049,exper2_05
5.050000190734863,3.208969,Validation,2007,2007-01-20,-0.22291293333365667,exper2_05
5.019999980926514,3.2670581,Validation,2007,2007-01-21,-0.21152764014933811,exper2_05
5.139999866485596,3.293863,Validation,2007,2007-01-22,-0.21889575689164287,exper2_05
4.659999847412109,3.2950885,Validation,2007,2007-01-23,-0.1715771407105646,exper2_05
4.840000152587891,3.1745315,Validation,2007,2007-01-24,-0.2078061168544805,exper2_05
4.630000114440918,3.0851474,Validation,2007,2007-01-25,-0.2002363188207644,exper2_05
4.53000020980835,3.0323818,Validation,2007,2007-01-26,-0.1980352804472055,exper2_05
4.380000114440918,2.7768617,Validation,2007,2007-01-27,-0.22400019668163698,exper2_05
4.460000038146916,2.8046107,Validation,2007,2007-01-28,-0.22787033771527876,exper2_05
4.57000017166132,2.8548403,Validation,2007,2007-01-29,-0.23100292922382976,exper2_05
4.659999847412109,2.843203,Validation,2007,2007-01-30,-0.24213616507080202,exper2_05
4.559999942779541,2.7652047,Validation,2007,2007-01-31,-0.24501640160089128,exper2_05
4.480000019073486,2.791306,Validation,2007,2007-02-01,-0.23224080948340728,exper2_05
4.590000152587891,2.7742655,Validation,2007,2007-02-02,-0.2465601736391279,exper2_05
4.550000190734863,2.744352,Validation,2007,2007-02-03,-0.24754056507311667,exper2_05
4.32000017166132,2.6951108,Validation,2007,2007-02-04,-0.23162703780935356,exper2_05
4.429999828338623,2.6071813,Validation,2007,2007-02-05,-0.25902680088549707,exper2_05
4.53000020980835,2.786712,Validation,2007,2007-02-06,-0.23826115405062773,exper2_05
4.670000076293945,2.8803294,Validation,2007,2007-02-07,-0.23703213461176112,exper2_05
4.670000076293945,2.9597297,Validation,2007,2007-02-08,-0.22415871352652442,exper2_05
4.989999771118164,3.001008,Validation,2007,2007-02-09,-0.24890374104670637,exper2_05
4.71999979019165,3.0534787,Validation,2007,2007-02-10,-0.21438549944835553,exper2_05
4.619999885559082,3.0623245,Validation,2007,2007-02-11,-0.20276094559481775,exper2_05
4.730000019073486,3.1135108,Validation,2007,2007-02-12,-0.20609255211909247,exper2_05
4.960000038146916,3.109698,Validation,2007,2007-02-13,-0.22929011211025904,exper2_05
4.880000114440918,3.017235,Validation,2007,2007-02-14,-0.2358755991420568,exper2_05
4.949999809265137,3.0547037,Validation,2007,2007-02-15,-0.23677280384676788,exper2_05
4.940000057220459,3.2870898,Validation,2007,2007-02-16,-0.20091068120952912,exper2_05
4.949999809265137,3.04665,Validation,2007,2007-02-17,-0.23801841243301358,exper2_05
4.860000133514404,2.8736558,Validation,2007,2007-02-18,-0.2568441569619966,exper2_05
5.0,3.042481,Validation,2007,2007-02-19,-0.2433974127706098,exper2_05
4.989999771118164,3.0051045,Validation,2007,2007-02-20,-0.24826383142216274,exper2_05
5.230000019073486,3.006932,Validation,2007,2007-02-21,-0.2698902926830017,exper2_05
5.739999771118164,3.1485717,Validation,2007,2007-02-22,-0.2915460646551866,exper2_05
5.730000019073486,3.318869,Validation,2007,2007-02-23,-0.26645660023521284,exper2_05
5.840000152587891,3.3903294,Validation,2007,2007-02-24,-0.265393644726328,exper2_05
5.800000190734863,3.4038038,Validation,2007,2007-02-25,-0.26034847777738174,exper2_05
5.889999866485596,3.6253386,Validation,2007,2007-02-26,-0.23800113163990919,exper2_05
5.71999979019165,3.6580818,Validation,2007,2007-02-27,-0.21986565237536235,exper2_05
5.710000038146916,3.5082355,Validation,2007,2007-02-28,-0.2388488106351476,exper2_05
5.630000114440918,3.5445848,Validation,2007,2007-03-01,-0.22730351224258788,exper2_05
6.03000020980835,3.8723083,Validation,2007,2007-03-02,-0.21789787334940847,exper2_05
5.760000228881836,4.05775,Validation,2007,2007-03-03,-0.17338493291301824,exper2_05
5.989999771118164,4.0782533,Validation,2007,2007-03-04,-0.1898786705367745,exper2_05
6.369999885559082,4.051272,Validation,2007,2007-03-05,-0.22249951967493375,exper2_05
6.82000017166132,4.5177426,Validation,2007,2007-03-06,-0.20306136568283953,exper2_05
6.710000038146916,4.626859,Validation,2007,2007-03-07,-0.18374937965604554,exper2_05
6.5,5.0508394,Validation,2007,2007-03-08,-0.1254593300672981,exper2_05
6.730000019073486,4.8007007,Validation,2007,2007-03-09,-0.16731848371524305,exper2_05
6.440000057220459,4.6635613,Validation,2007,2007-03-10,-0.15998819197370284,exper2_05
6.400000095367432,4.396368,Validation,2007,2007-03-11,-0.18558389691552615,exper2_05
6.869999885559082,4.256787,Validation,2007,2007-03-12,-0.23485783727768975,exper2_05
7.21999979019165,4.4549932,Validation,2007,2007-03-13,-0.236831536701065,exper2_05
7.760000228881836,4.7936482,Validation,2007,2007-03-14,-0.23629401385479776,exper2_05
8.600000381469727,5.324492,Validation,2007,2007-03-15,-0.23523359554454512,exper2_05
8.680000305175781,5.6204247,Validation,2007,2007-03-16,-0.21394997326623577,exper2_05
9.0,5.754022,Validation,2007,2007-03-17,-0.22000630416948772,exper2_05
9.149999618530273,6.006898,Validation,2007,2007-03-18,-0.20737104561780323,exper2_05
7.480000019073486,5.7091827,Validation,2007,2007-03-19,-0.13426285102441923,exper2_05
6.440000057220459,5.198786,Validation,2007,2007-03-20,-0.10664465284620565,exper2_05
6.559999942779541,5.1546607,Validation,2007,2007-03-21,-0.11996414438892739,exper2_05
6.659999847412109,4.563004,Validation,2007,2007-03-22,-0.18684800040108182,exper2_05
6.82000017166132,4.65842,Validation,2007,2007-03-23,-0.18831686218572619,exper2_05
6.940000057220459,4.8043623,Validation,2007,2007-03-24,-0.18184365363900099,exper2_05
6.710000038146916,5.258437,Validation,2007,2007-03-25,-0.12128257497958118,exper2_05
6.889999866485596,5.4630876,Validation,2007,2007-03-26,-0.11551058117055842,exper2_05
7.21999979019165,5.5828977,Validation,2007,2007-03-27,-0.1278696586491981,exper2_05
7.389999866485596,5.6916747,Validation,2007,2007-03-28,-0.12982475197071108,exper2_05
7.699999809265137,5.8076453,Validation,2007,2007-03-29,-0.1400950698762355,exper2_05
7.760000228881836,5.9323545,Validation,2007,2007-03-30,-0.13347928982914092,exper2_05
7.980000019073486,6.5058374,Validation,2007,2007-03-31,-0.1017657821094392,exper2_05
8.09000015258789,6.5056596,Validation,2007,2007-04-01,-0.10854874677536908,exper2_05
8.170000076293945,6.6893487,Validation,2007,2007-04-02,-0.09964443268379981,exper2_05
8.399999618530273,6.785888,Validation,2007,2007-04-03,-0.10629022440494218,exper2_05
9.09000015258789,6.8149443,Validation,2007,2007-04-04,-0.1430407944383654,exper2_05
8.869999885559082,6.5910745,Validation,2007,2007-04-05,-0.1473976107307182,exper2_05
9.39000034332281,7.495484,Validation,2007,2007-04-06,-0.11219793542915132,exper2_05
10.0,8.627118,Validation,2007,2007-04-07,-0.07370339744384956,exper2_05
10.5,8.289533,Validation,2007,2007-04-08,-0.11764355071473298,exper2_05
10.90999984741211,9.057008,Validation,2007,2007-04-09,-0.09280269189482218,exper2_05
11.760000228881836,9.805587,Validation,2007,2007-04-10,-0.09062648793355126,exper2_05
12.579999923706055,10.45982,Validation,2007,2007-04-11,-0.09202242708535725,exper2_05
12.89000034332281,11.0284195,Validation,2007,2007-04-12,-0.0778304278169792,exper2_05
13.989999771118164,11.485512,Validation,2007,2007-04-13,-0.09830962516017476,exper2_05
14.729999542236328,11.855884,Validation,2007,2007-04-14,-0.1081068448511853,exper2_05
15.09000015258789,12.296673,Validation,2007,2007-04-15,-0.10199586252161089,exper2_05
14.739999771118164,12.170378,Validation,2007,2007-04-16,-0.09548814540270929,exper2_05
14.199999809265137,12.305918,Validation,2007,2007-04-17,-0.07145883804572938,exper2_05
14.90999984741211,12.3968935,Validation,2007,2007-04-18,-0.09203193911659595,exper2_05
14.5,11.692107,Validation,2007,2007-04-19,-0.10720377623189863,exper2_05
14.670000076293945,12.140169,Validation,2007,2007-04-20,-0.09436087149844376,exper2_05
15.829999923706055,12.02322,Validation,2007,2007-04-21,-0.1366728824663296,exper2_05
15.460000038146916,12.302367,Validation,2007,2007-04-22,-0.11373788119330303,exper2_05
15.850000381469727,12.691169,Validation,2007,2007-04-23,-0.11067632085916722,exper2_05
16.049999237060547,12.939357,Validation,2007,2007-04-24,-0.1073029158968539,exper2_05
16.350000381469727,13.314539,Validation,2007,2007-04-25,-0.102326262049146,exper2_05
15.75,13.697879,Validation,2007,2007-04-26,-0.06968655276438282,exper2_05
16.479999542236328,14.250636,Validation,2007,2007-04-27,-0.07254530844612428,exper2_05
16.8799991607666,14.881175,Validation,2007,2007-04-28,-0.06293294154862156,exper2_05
17.31999969482422,15.15314,Validation,2007,2007-04-29,-0.06672775230829571,exper2_05
17.200000762939453,15.045916,Validation,2007,2007-04-30,-0.0668017970031847,exper2_05
16.59000015258789,15.493271,Validation,2007,2007-05-01,-0.03418383610744602,exper2_05
16.56999969482422,15.599306,Validation,2007,2007-05-02,-0.030174527055378517,exper2_05
16.799999237060547,15.73981,Validation,2007,2007-05-03,-0.03258129879421624,exper2_05
16.690000534057617,15.688003,Validation,2007,2007-05-04,-0.030946872911407648,exper2_05
16.729999542236328,15.855219,Validation,2007,2007-05-05,-0.02684593496889114,exper2_05
16.780000686645508,15.899928,Validation,2007,2007-05-06,-0.02693006461624491,exper2_05
16.979999542236328,16.253363,Validation,2007,2007-05-07,-0.021864681709608088,exper2_05
17.450000762939453,16.852934,Validation,2007,2007-05-08,-0.017405708445167332,exper2_05
17.59000015258789,16.945585,Validation,2007,2007-05-09,-0.01865944631328489,exper2_05
18.280000686645508,17.255836,Validation,2007,2007-05-10,-0.02882060143482268,exper2_05
18.8799991607666,17.671469,Validation,2007,2007-05-11,-0.033063800049844765,exper2_05
18.68000030517578,17.599916,Validation,2007,2007-05-12,-0.029770846887342363,exper2_05
19.100000381469727,17.697264,Validation,2007,2007-05-13,-0.038120678212374595,exper2_05
19.55999946594244,17.815668,Validation,2007,2007-05-14,-0.046670239575041045,exper2_05
18.270000457763672,17.98454,Validation,2007,2007-05-15,-0.007873758912186725,exper2_05
17.020000457763672,17.743542,Validation,2007,2007-05-16,0.020813220244278154,exper2_05
16.540000915527344,17.654833,Validation,2007,2007-05-17,0.03260234959497022,exper2_05
16.80999946594244,16.89247,Validation,2007,2007-05-18,0.0024469999660420676,exper2_05
17.010000228881836,16.966003,Validation,2007,2007-05-19,-0.0012949377852201941,exper2_05
17.700000762939453,17.875074,Validation,2007,2007-05-20,0.004921243958623356,exper2_05
18.68000030517578,18.799917,Validation,2007,2007-05-21,0.0031994978593425,exper2_05
19.420000076293945,18.918308,Validation,2007,2007-05-22,-0.013085914325223262,exper2_05
19.489999771118164,19.225235,Validation,2007,2007-05-23,-0.006838775160012599,exper2_05
20.06999969482422,19.576967,Validation,2007,2007-05-24,-0.012435565531722644,exper2_05
20.979999542236328,19.815462,Validation,2007,2007-05-25,-0.02854575932164893,exper2_05
21.639999389648438,20.003534,Validation,2007,2007-05-26,-0.039296979073846466,exper2_05
20.510000228881836,19.908083,Validation,2007,2007-05-27,-0.014892276410103367,exper2_05
19.75,19.573442,Validation,2007,2007-05-28,-0.0044898800779499875,exper2_05
18.93000030517578,19.598772,Validation,2007,2007-05-29,0.017357722629405204,exper2_05
18.469999313354492,19.811785,Validation,2007,2007-05-30,0.03505023247842126,exper2_05
18.950000762939453,19.80909,Validation,2007,2007-05-31,0.02216483638590092,exper2_05
19.030000686645508,19.990393,Validation,2007,2007-06-01,0.024612565771580733,exper2_05
19.329999923706055,19.579851,Validation,2007,2007-06-02,0.006421284582407188,exper2_05
19.579999923706055,19.788172,Validation,2007,2007-06-03,0.005287820986751136,exper2_05
20.1200008392334,19.660711,Validation,2007,2007-06-04,-0.011545533657292313,exper2_05
19.920000076293945,19.437136,Validation,2007,2007-06-05,-0.012268788630134211,exper2_05
19.690000534057617,19.378954,Validation,2007,2007-06-06,-0.007961477458997985,exper2_05
19.600000381469727,19.531641,Validation,2007,2007-06-07,-0.001746907938828977,exper2_05
19.889999389648438,19.330835,Validation,2007,2007-06-08,-0.014256811489639188,exper2_05
20.510000228881836,19.875458,Validation,2007,2007-06-09,-0.015712152263494403,exper2_05
21.170000076293945,20.215391,Validation,2007,2007-06-10,-0.02306632579133135,exper2_05
21.15999984741211,20.301872,Validation,2007,2007-06-11,-0.020696788410983515,exper2_05
21.30999946594244,20.441751,Validation,2007,2007-06-12,-0.020795486803940787,exper2_05
21.969999313354492,20.7148,Validation,2007,2007-06-13,-0.029406239599684133,exper2_05
22.790000915527344,20.938496,Validation,2007,2007-06-14,-0.042340931556150777,exper2_05
22.59000015258789,20.985598,Validation,2007,2007-06-15,-0.036818830365519147,exper2_05
22.6200008392334,21.461403,Validation,2007,2007-06-16,-0.026283145455235395,exper2_05
22.760000228881836,21.67072,Validation,2007,2007-06-17,-0.024516395355760695,exper2_05
22.799999237060547,21.831404,Validation,2007,2007-06-18,-0.02170210749202052,exper2_05
23.350000381469727,22.029951,Validation,2007,2007-06-19,-0.029088821008463123,exper2_05
24.3799991607666,22.283401,Validation,2007,2007-06-20,-0.044930237451686714,exper2_05
24.790000915527344,22.58542,Validation,2007,2007-06-21,-0.04653426262155339,exper2_05
24.389999389648438,22.485353,Validation,2007,2007-06-22,-0.040632140423747624,exper2_05
23.459999084472656,22.15489,Validation,2007,2007-06-23,-0.02861146981859634,exper2_05
23.850000381469727,22.40169,Validation,2007,2007-06-24,-0.031313685074884516,exper2_05
24.30999946594244,22.29075,Validation,2007,2007-06-25,-0.043330825442181725,exper2_05
23.739999771118164,21.873672,Validation,2007,2007-06-26,-0.040915962110502656,exper2_05
22.65999984741211,21.653484,Validation,2007,2007-06-27,-0.02271352662253065,exper2_05
22.700000762939453,21.263567,Validation,2007,2007-06-28,-0.03267327621845977,exper2_05
23.09000015258789,21.92021,Validation,2007,2007-06-29,-0.025989442550406038,exper2_05
23.09000015258789,22.227673,Validation,2007,2007-06-30,-0.019028505299267088,exper2_05
23.469999313354492,21.853985,Validation,2007,2007-07-01,-0.03565473139742121,exper2_05
23.40999984741211,22.414724,Validation,2007,2007-07-02,-0.02171918139974884,exper2_05
23.15999984741211,22.5333,Validation,2007,2007-07-03,-0.01371534654405584,exper2_05
22.450000762939453,21.912273,Validation,2007,2007-07-04,-0.012121275701452125,exper2_05
21.8700008392334,20.948208,Validation,2007,2007-07-05,-0.021528060423697672,exper2_05
21.829999923706055,21.881163,Validation,2007,2007-07-06,0.0011704726372349058,exper2_05
22.329999923706055,22.516502,Validation,2007,2007-07-07,0.004158684559176502,exper2_05
22.690000534057617,22.911783,Validation,2007,2007-07-08,0.004863465112026417,exper2_05
22.93000030517578,22.995485,Validation,2007,2007-07-09,0.0014258967485957514,exper2_05
22.540000915527344,22.970848,Validation,2007,2007-07-10,0.009466911240833917,exper2_05
22.209999084472656,21.919405,Validation,2007,2007-07-11,-0.006585044758465589,exper2_05
22.170000076293945,21.653004,Validation,2007,2007-07-12,-0.011797374419907839,exper2_05
22.329999923706055,21.78087,Validation,2007,2007-07-13,-0.012448847224864659,exper2_05
23.05999946594244,21.671804,Validation,2007,2007-07-14,-0.031033737005779927,exper2_05
24.149999618530273,22.236607,Validation,2007,2007-07-15,-0.041248825398055036,exper2_05
24.469999313354492,21.891314,Validation,2007,2007-07-16,-0.05562149993335166,exper2_05
24.790000915527344,22.460257,Validation,2007,2007-07-17,-0.04930648979808171,exper2_05
25.170000076293945,22.85675,Validation,2007,2007-07-18,-0.048165856753152096,exper2_05
25.55999946594244,23.808872,Validation,2007,2007-07-19,-0.03547027070172634,exper2_05
25.80999946594244,24.223541,Validation,2007,2007-07-20,-0.03170789400802222,exper2_05
25.899999618530273,24.544409,Validation,2007,2007-07-21,-0.026872964969937685,exper2_05
25.6200008392334,24.507948,Validation,2007,2007-07-22,-0.022184289303015713,exper2_05
25.549999237060547,25.11988,Validation,2007,2007-07-23,-0.008488643776672172,exper2_05
25.18000030517578,25.241219,Validation,2007,2007-07-24,0.0012141368869736005,exper2_05
24.75,24.937216,Validation,2007,2007-07-25,0.003767886809924035,exper2_05
24.68000030517578,25.427187,Validation,2007,2007-07-26,0.014911766184833941,exper2_05
24.8799991607666,25.477446,Validation,2007,2007-07-27,0.011864113527999829,exper2_05
24.760000228881836,25.28692,Validation,2007,2007-07-28,0.010528526239567057,exper2_05
24.799999237060547,25.086939,Validation,2007,2007-07-29,0.005751798605573371,exper2_05
24.3700008392334,24.489775,Validation,2007,2007-07-30,0.0024513797579803153,exper2_05
23.93000030517578,23.764921,Validation,2007,2007-07-31,-0.0034611466305418228,exper2_05
23.81999969482422,24.110552,Validation,2007,2007-08-01,0.0060619402450825255,exper2_05
23.850000381469727,24.184187,Validation,2007,2007-08-02,0.0069572646613204675,exper2_05
23.510000228881836,23.55787,Validation,2007,2007-08-03,0.0010170554748690284,exper2_05
23.40999984741211,23.108671,Validation,2007,2007-08-04,-0.006477585286689209,exper2_05
23.40999984741211,23.392027,Validation,2007,2007-08-05,-0.00038402068063233695,exper2_05
23.459999084472656,23.973951,Validation,2007,2007-08-06,0.010835113893167858,exper2_05
23.68000030517578,23.993244,Validation,2007,2007-08-07,0.006570642913183735,exper2_05
23.479999542236328,24.387909,Validation,2007,2007-08-08,0.018966974371398163,exper2_05
23.229999542236328,24.209633,Validation,2007,2007-08-09,0.020650103751081034,exper2_05
23.030000686645508,23.779928,Validation,2007,2007-08-10,0.016020693439835344,exper2_05
22.760000228881836,23.421198,Validation,2007,2007-08-11,0.014317464450223706,exper2_05
23.049999237060547,23.552887,Validation,2007,2007-08-12,0.010790913757410266,exper2_05
23.25,23.599228,Validation,2007,2007-08-13,0.007454293718128229,exper2_05
23.450000762939453,23.563162,Validation,2007,2007-08-14,0.00240700860667149,exper2_05
23.600000381469727,23.089407,Validation,2007,2007-08-15,-0.010935958353337123,exper2_05
24.030000686645508,23.540846,Validation,2007,2007-08-16,-0.010282659466263023,exper2_05
24.270000457763672,23.364767,Validation,2007,2007-08-17,-0.01900362760380786,exper2_05
23.6299991607666,23.059576,Validation,2007,2007-08-18,-0.01221735524117538,exper2_05
23.579999923706055,23.314857,Validation,2007,2007-08-19,-0.005653976906186104,exper2_05
23.260000228881836,22.786512,Validation,2007,2007-08-20,-0.010282816813476668,exper2_05
23.09000015258789,23.128973,Validation,2007,2007-08-21,0.0008432219919624639,exper2_05
23.0,23.15874,Validation,2007,2007-08-22,0.0034389823703032583,exper2_05
22.690000534057617,22.356756,Validation,2007,2007-08-23,-0.007397742874619022,exper2_05
22.639999389648438,22.490738,Validation,2007,2007-08-24,-0.003307313009350547,exper2_05
22.649999618530273,22.704283,Validation,2007,2007-08-25,0.0011968691652102517,exper2_05
22.950000762939453,22.833704,Validation,2007,2007-08-26,-0.0025401345042734193,exper2_05
23.1299991607666,23.097754,Validation,2007,2007-08-27,-0.0006975384723041001,exper2_05
23.299999237060547,22.936827,Validation,2007,2007-08-28,-0.007854616395504667,exper2_05
22.829999923706055,22.322227,Validation,2007,2007-08-29,-0.01124578951910615,exper2_05
22.3700008392334,22.088598,Validation,2007,2007-08-30,-0.006329542397800688,exper2_05
21.989999771118164,22.169283,Validation,2007,2007-08-31,0.004059919708647764,exper2_05
21.8700008392334,21.951456,Validation,2007,2007-09-01,0.0018587978688546852,exper2_05
21.719999313354492,21.846388,Validation,2007,2007-09-02,0.0029010564794508063,exper2_05
21.81999969482422,22.027061,Validation,2007,2007-09-03,0.004722363645664735,exper2_05
21.469999313354492,21.166906,Validation,2007,2007-09-04,-0.007108699653010926,exper2_05
20.700000762939453,21.102236,Validation,2007,2007-09-05,0.009622332780672893,exper2_05
20.06999969482422,20.792187,Validation,2007,2007-09-06,0.01767372491044203,exper2_05
19.649999618530273,20.48128,Validation,2007,2007-09-07,0.020714011004000506,exper2_05
19.540000915527344,20.364569,Validation,2007,2007-09-08,0.020663492991678842,exper2_05
19.440000534057617,20.344957,Validation,2007,2007-09-09,0.022746205242340202,exper2_05
19.55999946594244,20.028688,Validation,2007,2007-09-10,0.011838961828346513,exper2_05
19.5,20.106142,Validation,2007,2007-09-11,0.015304243553764082,exper2_05
19.329999923706055,19.76132,Validation,2007,2007-09-12,0.011033656320946801,exper2_05
19.3700008392334,19.9037,Validation,2007,2007-09-13,0.013589221945992202,exper2_05
19.540000915527344,19.968918,Validation,2007,2007-09-14,0.010856205246564023,exper2_05
19.739999771118164,19.956644,Validation,2007,2007-09-15,0.005457496307262654,exper2_05
19.81999969482422,20.006292,Validation,2007,2007-09-16,0.004677629746144802,exper2_05
19.850000381469727,20.102278,Validation,2007,2007-09-17,0.006314467810851455,exper2_05
19.31999969482422,19.898153,Validation,2007,2007-09-18,0.01474198976762857,exper2_05
19.020000457763672,19.48038,Validation,2007,2007-09-19,0.011957769042372298,exper2_05
19.040000915527344,19.459372,Validation,2007,2007-09-20,0.010892921733670438,exper2_05
18.790000915527344,19.464617,Validation,2007,2007-09-21,0.0176348869941356,exper2_05
18.850000381469727,19.51061,Validation,2007,2007-09-22,0.01722105520244423,exper2_05
18.799999237060547,19.565485,Validation,2007,2007-09-23,0.01995245932014531,exper2_05
18.799999237060547,19.62971,Validation,2007,2007-09-24,0.021590327887281442,exper2_05
18.799999237060547,19.693186,Validation,2007,2007-09-25,0.023203758488894416,exper2_05
18.3700008392334,19.641989,Validation,2007,2007-09-26,0.03346280814662684,exper2_05
17.93000030517578,19.473167,Validation,2007,2007-09-27,0.04125765832508586,exper2_05
17.600000381469727,19.128098,Validation,2007,2007-09-28,0.041605670846865624,exper2_05
17.440000534057617,18.608536,Validation,2007,2007-09-29,0.032415608300927816,exper2_05
17.549999237060547,18.856455,Validation,2007,2007-09-30,0.03588527487696508,exper2_05
17.549999237060547,18.90177,Validation,2007,2007-10-01,0.03708380807614373,exper2_05
17.43000030517578,18.845194,Validation,2007,2007-10-02,0.03901270800044735,exper2_05
17.420000076293945,18.646666,Validation,2007,2007-10-03,0.03401105909678402,exper2_05
17.469999313354492,18.83678,Validation,2007,2007-10-04,0.03764534447717385,exper2_05
17.40999984741211,19.106356,Validation,2007,2007-10-05,0.046454685737390485,exper2_05
17.170000076293945,18.9602,Validation,2007,2007-10-06,0.04954855793519696,exper2_05
17.049999237060547,18.422995,Validation,2007,2007-10-07,0.038705370693133935,exper2_05
16.950000762939453,18.215601,Validation,2007,2007-10-08,0.035989721267178115,exper2_05
16.829999923706055,17.813398,Validation,2007,2007-10-09,0.028386315609467493,exper2_05
16.649999618530273,17.224653,Validation,2007,2007-10-10,0.016964118505362082,exper2_05
16.55999946594244,16.826958,Validation,2007,2007-10-11,0.007995884001837594,exper2_05
16.3799991607666,16.730352,Validation,2007,2007-10-12,0.010581380880401121,exper2_05
16.360000610351562,16.153666,Validation,2007,2007-10-13,-0.006346102798077614,exper2_05
16.010000228881836,16.133282,Validation,2007,2007-10-14,0.003835373099885197,exper2_05
15.670000076293945,16.20661,Validation,2007,2007-10-15,0.016833962362597057,exper2_05
15.510000228881836,16.128143,Validation,2007,2007-10-16,0.01953790622685192,exper2_05
15.40999984741211,15.925184,Validation,2007,2007-10-17,0.0164410842733927,exper2_05
15.180000305175781,14.290199,Validation,2007,2007-10-18,-0.03019324734552199,exper2_05
14.819999694824219,14.594914,Validation,2007,2007-10-19,-0.0076520794002731115,exper2_05
14.449999809265137,13.545892,Validation,2007,2007-10-20,-0.032294311656087274,exper2_05
14.100000381469727,14.142035,Validation,2007,2007-10-21,0.0014883541253572644,exper2_05
13.649999618530273,13.046136,Validation,2007,2007-10-22,-0.022619892517849242,exper2_05
13.359999656677246,12.64627,Validation,2007,2007-10-23,-0.0274445306211507,exper2_05
13.119999885559082,12.503708,Validation,2007,2007-10-24,-0.0240516323912789,exper2_05
13.0,13.486293,Validation,2007,2007-10-25,0.01836016999454612,exper2_05
12.869999885559082,13.197426,Validation,2007,2007-10-26,0.012560732315670519,exper2_05
12.760000228881836,14.295692,Validation,2007,2007-10-27,0.05676041022278855,exper2_05
12.729999542236328,13.605684,Validation,2007,2007-10-28,0.03325088287271474,exper2_05
12.59000015258789,13.84558,Validation,2007,2007-10-29,0.04749583464332155,exper2_05
12.470000267028809,12.991796,Validation,2007,2007-10-30,0.020493262799871216,exper2_05
12.579999923706055,12.422659,Validation,2007,2007-10-31,-0.006292970855608161,exper2_05
12.319999694824219,12.3862295,Validation,2007,2007-11-01,0.0026806931842487014,exper2_05
12.14000034332281,12.29179,Validation,2007,2007-11-02,0.0062127933743712435,exper2_05
12.180000305175781,11.805089,Validation,2007,2007-11-03,-0.01563101573511038,exper2_05
11.979999542236328,11.482673,Validation,2007,2007-11-04,-0.021196513591461318,exper2_05
11.8100004196167,11.487126,Validation,2007,2007-11-05,-0.013858965202067985,exper2_05
11.489999771118164,11.103179,Validation,2007,2007-11-06,-0.017121131888868463,exper2_05
11.39000034332281,10.825659,Validation,2007,2007-11-07,-0.02540287197915218,exper2_05
11.25,10.598558,Validation,2007,2007-11-08,-0.02981622683738898,exper2_05
10.989999771118164,10.389953,Validation,2007,2007-11-09,-0.028065876828093576,exper2_05
10.630000114440918,10.201459,Validation,2007,2007-11-10,-0.020571827567983106,exper2_05
10.649999618530273,10.021741,Validation,2007,2007-11-11,-0.03039215319914646,exper2_05
10.369999885559082,10.035981,Validation,2007,2007-11-12,-0.016368666923210873,exper2_05
10.069999694824219,9.742489,Validation,2007,2007-11-13,-0.01653052481600393,exper2_05
9.850000381469727,9.571554,Validation,2007,2007-11-14,-0.014336967546634967,exper2_05
9.550000190734863,9.065898,Validation,2007,2007-11-15,-0.02600477536482238,exper2_05
9.34000015258789,8.761634,Validation,2007,2007-11-16,-0.03195105363333184,exper2_05
9.039999961853027,7.7820034,Validation,2007,2007-11-17,-0.07478280273044918,exper2_05
8.8100004196167,7.215671,Validation,2007,2007-11-18,-0.09948596281468707,exper2_05
8.779999732971248,7.6527686,Validation,2007,2007-11-19,-0.06859654425874981,exper2_05
8.680000305175781,7.889974,Validation,2007,2007-11-20,-0.04767817787492315,exper2_05
8.5,8.033836,Validation,2007,2007-11-21,-0.02819452333808464,exper2_05
8.510000228881836,8.157833,Validation,2007,2007-11-22,-0.021128548779029484,exper2_05
8.619999885559082,8.861459,Validation,2007,2007-11-23,0.013812285202511774,exper2_05
8.600000381469727,9.115945,Validation,2007,2007-11-24,0.029123169765696094,exper2_05
8.710000038146916,8.840215,Validation,2007,2007-11-25,0.007419549725603818,exper2_05
8.510000228881836,8.350041,Validation,2007,2007-11-26,-0.009487452228020363,exper2_05
8.25,7.3196254,Validation,2007,2007-11-27,-0.059755748759389625,exper2_05
7.980000019073486,7.495424,Validation,2007,2007-11-28,-0.031312630344759076,exper2_05
7.82000017166132,7.5142436,Validation,2007,2007-11-29,-0.019939461861093244,exper2_05
7.670000076293945,7.5284266,Validation,2007,2007-11-30,-0.009315005538629047,exper2_05
7.690000057220459,7.6955476,Validation,2007,2007-12-01,0.00036056717830800086,exper2_05
7.659999847412109,7.8409,Validation,2007,2007-12-02,0.011670296519816832,exper2_05
7.599999904632568,7.381334,Validation,2007,2007-12-03,-0.014595901844457089,exper2_05
7.32000017166132,6.726601,Validation,2007,2007-12-04,-0.042245026776892125,exper2_05
7.28000020980835,6.3215156,Validation,2007,2007-12-05,-0.07046895845058657,exper2_05
7.179999828338623,6.7950606,Validation,2007,2007-12-06,-0.027544724743486602,exper2_05
7.03000020980835,6.375178,Validation,2007,2007-12-07,-0.0488484633419719,exper2_05
7.039999961853027,6.223145,Validation,2007,2007-12-08,-0.06158833034074519,exper2_05
6.940000057220459,5.98408,Validation,2007,2007-12-09,-0.07396427654318072,exper2_05
6.889999866485596,6.016771,Validation,2007,2007-12-10,-0.06765666228009573,exper2_05
6.78000020980835,6.0517373,Validation,2007,2007-12-11,-0.056754815960577486,exper2_05
6.659999847412109,5.7477922,Validation,2007,2007-12-12,-0.07351893042188268,exper2_05
6.760000228881836,5.6770062,Validation,2007,2007-12-13,-0.08707834851790063,exper2_05
6.5,5.560834,Validation,2007,2007-12-14,-0.07786908222152164,exper2_05
6.289999961853027,5.4903893,Validation,2007,2007-12-15,-0.06787641679808601,exper2_05
6.230000019073486,5.4445558,Validation,2007,2007-12-16,-0.06727829945271306,exper2_05
6.150000095367432,6.193846,Validation,2007,2007-12-17,0.0035520638567999702,exper2_05
5.96999979019165,7.7376795,Validation,2007,2007-12-18,0.1289554312059514,exper2_05
5.880000114440918,7.2298017,Validation,2007,2007-12-19,0.10296124717462438,exper2_05
5.739999771118164,6.3622103,Validation,2007,2007-12-20,0.05141296509629918,exper2_05
5.650000095367432,5.7109494,Validation,2007,2007-12-21,0.005364809118647736,exper2_05
5.639999866485596,5.2983265,Validation,2007,2007-12-22,-0.03123634850237363,exper2_05
5.5,5.0613165,Validation,2007,2007-12-23,-0.04153682073961408,exper2_05
5.440000057220459,4.8549814,Validation,2007,2007-12-24,-0.056825613135180544,exper2_05
5.329999923706055,4.7563486,Validation,2007,2007-12-25,-0.05687403244782227,exper2_05
5.28000020980835,4.675225,Validation,2007,2007-12-26,-0.06074954903863563,exper2_05
5.079999923706055,4.606539,Validation,2007,2007-12-27,-0.0488782594038912,exper2_05
5.019999980926514,4.5789857,Validation,2007,2007-12-28,-0.045943842914832056,exper2_05
4.880000114440918,4.545352,Validation,2007,2007-12-29,-0.03550510674783607,exper2_05
4.800000190734863,4.5014873,Validation,2007,2007-12-30,-0.03209303214962828,exper2_05
4.760000228881836,4.4843354,Validation,2007,2007-12-31,-0.029819861238410076,exper2_05
4.730000019073486,3.5491936,Validation,2008,2008-01-01,-0.14262335799487724,exper2_05
4.449999809265137,3.310348,Validation,2008,2008-01-02,-0.14685575935402276,exper2_05
4.460000038146916,3.2752879,Validation,2008,2008-01-03,-0.15315682960276744,exper2_05
4.389999866485596,3.389807,Validation,2008,2008-01-04,-0.1285626879450827,exper2_05
4.369999885559082,3.483176,Validation,2008,2008-01-05,-0.1129255101771608,exper2_05
4.579999923706055,3.5208352,Validation,2008,2008-01-06,-0.13074760211687986,exper2_05
4.590000152587891,3.516411,Validation,2008,2008-01-07,-0.13243703749737543,exper2_05
4.409999847412109,3.4831276,Validation,2008,2008-01-08,-0.11742775728613296,exper2_05
4.32000017166132,3.509293,Validation,2008,2008-01-09,-0.10354792780020906,exper2_05
4.309999942779541,3.4738812,Validation,2008,2008-01-10,-0.10741668301276,exper2_05
4.260000228881836,3.5535054,Validation,2008,2008-01-11,-0.0904196963415781,exper2_05
4.230000019073486,3.636925,Validation,2008,2008-01-12,-0.07538841884424832,exper2_05
4.46999979019165,3.664576,Validation,2008,2008-01-13,-0.09901238270278712,exper2_05
4.539999961853027,3.6666884,Validation,2008,2008-01-14,-0.10641460679660812,exper2_05
4.559999942779541,3.6924415,Validation,2008,2008-01-15,-0.1051274933805692,exper2_05
4.559999942779541,3.6935592,Validation,2008,2008-01-16,-0.10497783576698506,exper2_05
4.630000114440918,3.637352,Validation,2008,2008-01-17,-0.12006844660602954,exper2_05
4.53000020980835,3.4671888,Validation,2008,2008-01-18,-0.13289811816254665,exper2_05
4.630000114440918,3.3735516,Validation,2008,2008-01-19,-0.15698636693036075,exper2_05
4.519999980926514,3.3088374,Validation,2008,2008-01-20,-0.15470529097416036,exper2_05
4.579999923706055,3.1840682,Validation,2008,2008-01-21,-0.1797938526501356,exper2_05
4.5,3.1633744,Validation,2008,2008-01-22,-0.1744173652583951,exper2_05
4.400000095367432,3.0349894,Validation,2008,2008-01-23,-0.18359282782023925,exper2_05
4.309999942779541,3.0202584,Validation,2008,2008-01-24,-0.1759476202761447,exper2_05
4.269999980926514,3.031971,Validation,2008,2008-01-25,-0.16954723733413402,exper2_05
4.139999866485596,2.9652286,Validation,2008,2008-01-26,-0.16533899246910086,exper2_05
4.230000019073486,2.951973,Validation,2008,2008-01-27,-0.17794929904607643,exper2_05
4.480000019073486,3.0229506,Validation,2008,2008-01-28,-0.19419684790961808,exper2_05
4.539999961853027,3.01511,Validation,2008,2008-01-29,-0.20183557227894044,exper2_05
4.400000095367432,3.0799417,Validation,2008,2008-01-30,-0.17647976055958678,exper2_05
4.440000057220459,3.0292025,Validation,2008,2008-01-31,-0.18888195794536702,exper2_05
4.389999866485596,3.1571689,Validation,2008,2008-02-01,-0.16335013103725401,exper2_05
4.46999979019165,3.3158987,Validation,2008,2008-02-02,-0.14822966690322043,exper2_05
4.360000133514404,3.262784,Validation,2008,2008-02-03,-0.14393902667042074,exper2_05
4.400000095367432,3.2568817,Validation,2008,2008-02-04,-0.14929293803667973,exper2_05
4.550000190734863,3.2063513,Validation,2008,2008-02-05,-0.17323208154701686,exper2_05
4.619999885559082,3.074316,Validation,2008,2008-02-06,-0.20088645680661124,exper2_05
4.539999961853027,2.9122443,Validation,2008,2008-02-07,-0.21842489059562956,exper2_05
4.460000038146916,2.8965478,Validation,2008,2008-02-08,-0.2125252604081701,exper2_05
4.53000020980835,2.9797025,Validation,2008,2008-02-09,-0.20643929629002195,exper2_05
4.300000190734863,3.0661283,Validation,2008,2008-02-10,-0.1675061663757208,exper2_05
4.429999828338623,2.9783423,Validation,2008,2008-02-11,-0.19594904089709989,exper2_05
4.289999961853027,2.8761477,Validation,2008,2008-02-12,-0.19729599113045274,exper2_05
4.239999771118164,2.7069957,Validation,2008,2008-02-13,-0.22067151852965208,exper2_05
4.170000076293945,2.6816928,Validation,2008,2008-02-14,-0.21721744627155543,exper2_05
4.150000095367432,2.8684587,Validation,2008,2008-02-15,-0.1825958342321287,exper2_05
4.059999942779541,2.671341,Validation,2008,2008-02-16,-0.206297530326788,exper2_05
4.099999904632568,2.4561913,Validation,2008,2008-02-17,-0.25072615359170786,exper2_05
4.190000057220459,2.658592,Validation,2008,2008-02-18,-0.22360918301454857,exper2_05
4.28000020980835,2.8901663,Validation,2008,2008-02-19,-0.1938356562034708,exper2_05
4.420000076293945,2.900836,Validation,2008,2008-02-20,-0.20751237583295307,exper2_05
4.489999771118164,3.0017686,Validation,2008,2008-02-21,-0.19864885172063532,exper2_05
4.949999809265137,3.1168444,Validation,2008,2008-02-22,-0.22724566664313073,exper2_05
5.130000114440918,3.3316653,Validation,2008,2008-02-23,-0.21252729263870856,exper2_05
5.28000020980835,3.4434175,Validation,2008,2008-02-24,-0.2105347595892127,exper2_05
5.739999771118164,3.4854658,Validation,2008,2008-02-25,-0.24438159757817196,exper2_05
5.710000038146916,3.5089388,Validation,2008,2008-02-26,-0.23875429590768224,exper2_05
5.980000019073486,3.5358386,Validation,2008,2008-02-27,-0.25685191940734087,exper2_05
5.989999771118164,3.859253,Validation,2008,2008-02-28,-0.2163358892453201,exper2_05
6.039999961853027,3.7726307,Validation,2008,2008-02-29,-0.2310664031304787,exper2_05
5.71999979019165,4.042457,Validation,2008,2008-03-01,-0.17183611714659774,exper2_05
5.460000038146916,4.280133,Validation,2008,2008-03-02,-0.12113461805741517,exper2_05
5.610000133514404,4.455967,Validation,2008,2008-03-03,-0.11464702542124504,exper2_05
5.360000133514404,4.4234204,Validation,2008,2008-03-04,-0.09573131383631,exper2_05
5.130000114440918,4.5999765,Validation,2008,2008-03-05,-0.054473262750156334,exper2_05
4.869999885559082,4.327661,Validation,2008,2008-03-06,-0.05896486646486141,exper2_05
4.789999961853027,4.2660494,Validation,2008,2008-03-07,-0.057856418037320306,exper2_05
5.170000076293945,4.1534243,Validation,2008,2008-03-08,-0.10903459676387402,exper2_05
5.809999942779541,4.0048776,Validation,2008,2008-03-09,-0.1839169539952068,exper2_05
5.840000152587891,3.9523745,Validation,2008,2008-03-10,-0.19276485727717116,exper2_05
5.599999904632568,3.9597754,Validation,2008,2008-03-11,-0.171575627701538,exper2_05
5.420000076293945,4.0518093,Validation,2008,2008-03-12,-0.14444872246149584,exper2_05
5.619999885559082,4.094493,Validation,2008,2008-03-13,-0.1570341349786146,exper2_05
5.639999866485596,4.258417,Validation,2008,2008-03-14,-0.1395761299536069,exper2_05
6.329999923706055,4.2790194,Validation,2008,2008-03-15,-0.1933242379810871,exper2_05
6.630000114440918,4.7144012,Validation,2008,2008-03-16,-0.1688585240075064,exper2_05
7.050000190734863,4.4548316,Validation,2008,2008-03-17,-0.22557205856698662,exper2_05
6.929999828338623,4.3989205,Validation,2008,2008-03-18,-0.22341752001854664,exper2_05
6.699999809265137,4.440584,Validation,2008,2008-03-19,-0.20280944231895412,exper2_05
6.829999923706055,4.679277,Validation,2008,2008-03-20,-0.18686864564725347,exper2_05
6.46999979019165,5.147229,Validation,2008,2008-03-21,-0.11386283228793385,exper2_05
6.239999771118164,5.453303,Validation,2008,2008-03-22,-0.06727756354711176,exper2_05
5.929999828338623,5.4506984,Validation,2008,2008-03-23,-0.042115294162404796,exper2_05
5.920000076293945,5.588688,Validation,2008,2008-03-24,-0.02878800609957097,exper2_05
5.78000020980835,5.3359027,Validation,2008,2008-03-25,-0.03995154715620088,exper2_05
6.139999866485596,5.455996,Validation,2008,2008-03-26,-0.05898620831507911,exper2_05
6.0,5.5036016,Validation,2008,2008-03-27,-0.04315156837977648,exper2_05
5.96999979019165,5.7076354,Validation,2008,2008-03-28,-0.022467253273365996,exper2_05
6.32000017166132,5.8379326,Validation,2008,2008-03-29,-0.03965045658449301,exper2_05
6.82000017166132,5.978309,Validation,2008,2008-03-30,-0.06576579731743251,exper2_05
7.32000017166132,6.698821,Validation,2008,2008-03-31,-0.044310366274039524,exper2_05
8.100000381469727,7.116312,Validation,2008,2008-04-01,-0.06464696097762146,exper2_05
7.889999866485596,6.9348435,Validation,2008,2008-04-02,-0.06442943780868093,exper2_05
7.760000228881836,7.431976,Validation,2008,2008-04-03,-0.021591949976715232,exper2_05
7.32000017166132,7.6678386,Validation,2008,2008-04-04,0.02320804271448492,exper2_05
7.650000095367432,8.049016,Validation,2008,2008-04-05,0.025416618537012613,exper2_05
8.479999542236328,8.318881,Validation,2008,2008-04-06,-0.009591026416665479,exper2_05
8.050000190734863,7.7934003,Validation,2008,2008-04-07,-0.016196011926677103,exper2_05
7.710000038146916,7.7239285,Validation,2008,2008-04-08,0.0009024541872459068,exper2_05
8.5600004196167,8.090949,Validation,2008,2008-04-09,-0.028169646523731735,exper2_05
8.710000038146916,8.403268,Validation,2008,2008-04-10,-0.017923647286567455,exper2_05
8.960000038146916,8.412488,Validation,2008,2008-04-11,-0.03151604155689504,exper2_05
9.100000381469727,8.474608,Validation,2008,2008-04-12,-0.035584971885380935,exper2_05
9.289999961853027,8.823234,Validation,2008,2008-04-13,-0.02576935563237643,exper2_05
9.4399995803833,9.183077,Validation,2008,2008-04-14,-0.013795933378981285,exper2_05
9.319999694824219,9.46482,Validation,2008,2008-04-15,0.00770942795186612,exper2_05
9.670000076293945,9.737411,Validation,2008,2008-04-16,0.0034734396241402703,exper2_05
9.949999809265137,9.166323,Validation,2008,2008-04-17,-0.04099518097281221,exper2_05
10.329999923706055,9.21915,Validation,2008,2008-04-18,-0.05682346096002155,exper2_05
10.300000190734863,9.169138,Validation,2008,2008-04-19,-0.05808486372507571,exper2_05
10.539999961853027,9.93202,Validation,2008,2008-04-20,-0.0296980840211774,exper2_05
10.960000038146916,9.781384,Validation,2008,2008-04-21,-0.05682434408920682,exper2_05
10.970000267028809,10.379185,Validation,2008,2008-04-22,-0.027673915627557513,exper2_05
11.329999923706055,10.891064,Validation,2008,2008-04-23,-0.01975316038635094,exper2_05
11.329999923706055,11.2539,Validation,2008,2008-04-24,-0.0033696726924000255,exper2_05
11.75,11.663004,Validation,2008,2008-04-25,-0.0037157162226112463,exper2_05
11.869999885559082,11.593349,Validation,2008,2008-04-26,-0.011790747549953552,exper2_05
11.829999923706055,11.694108,Validation,2008,2008-04-27,-0.005776708504928585,exper2_05
13.029999732971248,12.442725,Validation,2008,2008-04-28,-0.023055034487346436,exper2_05
13.079999923706055,12.249393,Validation,2008,2008-04-29,-0.03279219710815528,exper2_05
12.819999694824219,12.400055,Validation,2008,2008-04-30,-0.016651223377721066,exper2_05
12.729999542236328,12.759087,Validation,2008,2008-05-01,0.0011411576891354753,exper2_05
12.600000381469727,13.1081295,Validation,2008,2008-05-02,0.019765308569285045,exper2_05
13.0600004196167,13.577935,Validation,2008,2008-05-03,0.01944350366426917,exper2_05
13.670000076293945,14.143875,Validation,2008,2008-05-04,0.017037361475046666,exper2_05
13.600000381469727,14.186804,Validation,2008,2008-05-05,0.021118061367265666,exper2_05
13.850000381469727,14.648555,Validation,2008,2008-05-06,0.02802087387700411,exper2_05
14.39000034332281,14.943845,Validation,2008,2008-05-07,0.01888073143116142,exper2_05
15.239999771118164,15.520505,Validation,2008,2008-05-08,0.00911900447956047,exper2_05
15.64000034332281,15.949691,Validation,2008,2008-05-09,0.00980352969817165,exper2_05
15.859999656677246,16.339128,Validation,2008,2008-05-10,0.014880180461391241,exper2_05
15.829999923706055,16.816048,Validation,2008,2008-05-11,0.03020419981828625,exper2_05
16.3700008392334,17.147415,Validation,2008,2008-05-12,0.023194339381380713,exper2_05
16.760000228881836,17.35301,Validation,2008,2008-05-13,0.017383688559411827,exper2_05
17.1200008392334,17.94006,Validation,2008,2008-05-14,0.02339011430417066,exper2_05
18.149999618530273,18.062246,Validation,2008,2008-05-15,-0.0024233044269339056,exper2_05
17.709999084472656,18.0115,Validation,2008,2008-05-16,0.008440304387684278,exper2_05
17.510000228881836,17.568727,Validation,2008,2008-05-17,0.0016741560546160925,exper2_05
17.190000534057617,17.367325,Validation,2008,2008-05-18,0.005131308432596087,exper2_05
17.170000076293945,17.88841,Validation,2008,2008-05-19,0.02049181576505448,exper2_05
16.80999946594244,16.922445,Validation,2008,2008-05-20,0.0033334622523860822,exper2_05
16.68000030517578,17.041601,Validation,2008,2008-05-21,0.010723122862430077,exper2_05
17.110000610351562,17.120441,Validation,2008,2008-05-22,0.0003050158219296012,exper2_05
17.18000030517578,17.66408,Validation,2008,2008-05-23,0.013892729019117398,exper2_05
17.90999984741211,17.74946,Validation,2008,2008-05-24,-0.004502020691569301,exper2_05
18.350000381469727,18.232782,Validation,2008,2008-05-25,-0.0032041853785162956,exper2_05
18.739999771118164,18.302391,Validation,2008,2008-05-26,-0.011813727708851108,exper2_05
19.350000381469727,19.09399,Validation,2008,2008-05-27,-0.006659299693689976,exper2_05
20.010000228881836,19.094217,Validation,2008,2008-05-28,-0.023419032174232676,exper2_05
20.5,19.281176,Validation,2008,2008-05-29,-0.030638219404104935,exper2_05
21.139999389648438,19.714857,Validation,2008,2008-05-30,-0.034883057012300496,exper2_05
21.540000915527344,20.011927,Validation,2008,2008-05-31,-0.03677505121945991,exper2_05
21.18000030517578,20.437662,Validation,2008,2008-06-01,-0.017837094569979405,exper2_05
21.56999969482422,20.070332,Validation,2008,2008-06-02,-0.036014798049389674,exper2_05
21.81999969482422,19.772095,Validation,2008,2008-06-03,-0.049237841872389165,exper2_05
21.450000762939453,19.987936,Validation,2008,2008-06-04,-0.03528324179613985,exper2_05
21.030000686645508,18.641218,Validation,2008,2008-06-05,-0.06021449728892689,exper2_05
20.860000610351562,19.004343,Validation,2008,2008-06-06,-0.04654930717344747,exper2_05
20.84000015258789,18.85917,Validation,2008,2008-06-07,-0.04989598487042178,exper2_05
20.790000915527344,18.990007,Validation,2008,2008-06-08,-0.04524869629775461,exper2_05
21.040000915527344,19.147959,Validation,2008,2008-06-09,-0.047079826284351756,exper2_05
21.610000610351562,19.620626,Validation,2008,2008-06-10,-0.04824991281055875,exper2_05
21.8799991607666,20.018627,Validation,2008,2008-06-11,-0.04442560907530755,exper2_05
21.469999313354492,20.214285,Validation,2008,2008-06-12,-0.030124408762103302,exper2_05
20.729999542236328,19.95489,Validation,2008,2008-06-13,-0.01905155124804512,exper2_05
20.06999969482422,19.887817,Validation,2008,2008-06-14,-0.004559365984827062,exper2_05
20.0,19.269766,Validation,2008,2008-06-15,-0.01859532722540998,exper2_05
19.93000030517578,19.49107,Validation,2008,2008-06-16,-0.011134413915544972,exper2_05
19.639999389648438,19.706606,Validation,2008,2008-06-17,0.0016928149480005118,exper2_05
19.969999313354492,20.102455,Validation,2008,2008-06-18,0.0033054083563217357,exper2_05
20.80999946594244,20.438639,Validation,2008,2008-06-19,-0.00900298277558905,exper2_05
21.56999969482422,20.982449,Validation,2008,2008-06-20,-0.013807692407683139,exper2_05
22.170000076293945,21.403921,Validation,2008,2008-06-21,-0.017581134031864083,exper2_05
23.190000534057617,21.842394,Validation,2008,2008-06-22,-0.029925272164982687,exper2_05
23.229999542236328,22.263878,Validation,2008,2008-06-23,-0.0212363009830582,exper2_05
23.829999923706055,22.637793,Validation,2008,2008-06-24,-0.025656638114322065,exper2_05
24.579999923706055,22.933651,Validation,2008,2008-06-25,-0.03465001998929221,exper2_05
24.899999618530273,22.999317,Validation,2008,2008-06-26,-0.039680784128180116,exper2_05
24.530000686645508,22.964132,Validation,2008,2008-06-27,-0.032969722340871734,exper2_05
24.56999969482422,23.492739,Validation,2008,2008-06-28,-0.022413641138951636,exper2_05
25.040000915527344,23.622885,Validation,2008,2008-06-29,-0.02912108778116193,exper2_05
25.010000228881836,24.353048,Validation,2008,2008-06-30,-0.013308576426054968,exper2_05
24.959999084472656,24.51139,Validation,2008,2008-07-01,-0.009068037112329848,exper2_05
25.489999771118164,24.27852,Validation,2008,2008-07-02,-0.024342278580209785,exper2_05
25.579999923706055,24.41127,Validation,2008,2008-07-03,-0.02337867752865023,exper2_05
25.389999389648438,24.72351,Validation,2008,2008-07-04,-0.013299580207165191,exper2_05
25.110000610351562,24.906498,Validation,2008,2008-07-05,-0.004068710542823966,exper2_05
25.1200008392334,24.601603,Validation,2008,2008-07-06,-0.01042601705357129,exper2_05
25.049999237060547,24.173964,Validation,2008,2008-07-07,-0.01779693549166439,exper2_05
24.420000076293945,23.778372,Validation,2008,2008-07-08,-0.01331223940265838,exper2_05
23.799999237060547,23.37142,Validation,2008,2008-07-09,-0.009085572116008432,exper2_05
23.899999618530273,23.079042,Validation,2008,2008-07-10,-0.017474966452228347,exper2_05
24.489999771118164,23.686205,Validation,2008,2008-07-11,-0.016684478699714463,exper2_05
24.799999237060547,23.88594,Validation,2008,2008-07-12,-0.018774592608617264,exper2_05
24.55999946594244,23.56736,Validation,2008,2008-07-13,-0.020625265009385645,exper2_05
23.940000534057617,22.87706,Validation,2008,2008-07-14,-0.02270412936758623,exper2_05
23.399999618530273,22.168877,Validation,2008,2008-07-15,-0.027016750717784758,exper2_05
23.540000915527344,22.481726,Validation,2008,2008-07-16,-0.022995122103654498,exper2_05
23.770000457763672,22.731659,Validation,2008,2008-07-17,-0.02232912837442026,exper2_05
23.59000015258789,22.834959,Validation,2008,2008-07-18,-0.016263689526672686,exper2_05
23.760000228881836,22.222368,Validation,2008,2008-07-19,-0.03343959956203757,exper2_05
24.18000030517578,22.69896,Validation,2008,2008-07-20,-0.03159287163079812,exper2_05
23.700000762939453,22.885815,Validation,2008,2008-07-21,-0.01747712449984409,exper2_05
23.31999969482422,22.161795,Validation,2008,2008-07-22,-0.025465244912060984,exper2_05
22.770000457763672,23.036612,Validation,2008,2008-07-23,0.005820362771147413,exper2_05
22.649999618530273,22.236143,Validation,2008,2008-07-24,-0.009220139695017258,exper2_05
22.8700008392334,22.967285,Validation,2008,2008-07-25,0.0021223838825489695,exper2_05
23.420000076293945,23.350616,Validation,2008,2008-07-26,-0.0014834874192706064,exper2_05
23.479999542236328,23.820631,Validation,2008,2008-07-27,0.0072014153064017955,exper2_05
24.350000381469727,24.061804,Validation,2008,2008-07-28,-0.005953022583805169,exper2_05
25.25,24.440447,Validation,2008,2008-07-29,-0.016291927274206825,exper2_05
24.6299991607666,24.734135,Validation,2008,2008-07-30,0.002109537942143941,exper2_05
24.979999542236328,24.581038,Validation,2008,2008-07-31,-0.008049912683668423,exper2_05
24.84000015258789,24.349504,Validation,2008,2008-08-01,-0.0099715515640552,exper2_05
25.15999984741211,24.212286,Validation,2008,2008-08-02,-0.019195259764645544,exper2_05
25.6200008392334,24.145435,Validation,2008,2008-08-03,-0.0296303141174258,exper2_05
25.979999542236328,24.046995,Validation,2008,2008-08-04,-0.038639226494881364,exper2_05
25.270000457763672,23.803617,Validation,2008,2008-08-05,-0.029881289418757857,exper2_05
25.530000686645508,23.57977,Validation,2008,2008-08-06,-0.039711681794188464,exper2_05
25.829999923706055,23.628965,Validation,2008,2008-08-07,-0.04450223599463525,exper2_05
25.459999084472656,23.696217,Validation,2008,2008-08-08,-0.03588116939560874,exper2_05
24.639999389648438,23.627775,Validation,2008,2008-08-09,-0.020971014432620602,exper2_05
24.770000457763672,23.964731,Validation,2008,2008-08-10,-0.01652351851891714,exper2_05
25.100000381469727,23.24415,Validation,2008,2008-08-11,-0.03838830962740141,exper2_05
24.979999542236328,23.860514,Validation,2008,2008-08-12,-0.022921254939420644,exper2_05
24.229999542236328,23.782331,Validation,2008,2008-08-13,-0.00932402293649179,exper2_05
25.18000030517578,23.512094,Validation,2008,2008-08-14,-0.0342541394911864,exper2_05
24.479999542236328,22.840399,Validation,2008,2008-08-15,-0.034648921218417915,exper2_05
23.8700008392334,23.00128,Validation,2008,2008-08-16,-0.018534185451726515,exper2_05
23.530000686645508,23.153955,Validation,2008,2008-08-17,-0.008055127673258828,exper2_05
23.540000915527344,22.867962,Validation,2008,2008-08-18,-0.014481114693443438,exper2_05
23.899999618530273,22.877392,Validation,2008,2008-08-19,-0.021861154972563513,exper2_05
23.760000228881836,22.835627,Validation,2008,2008-08-20,-0.019838205633772376,exper2_05
23.979999542236328,22.687628,Validation,2008,2008-08-21,-0.027693110271322794,exper2_05
24.15999984741211,22.588373,Validation,2008,2008-08-22,-0.03361885262071275,exper2_05
23.780000686645508,22.21881,Validation,2008,2008-08-23,-0.0339398250766774,exper2_05
23.3700008392334,22.378508,Validation,2008,2008-08-24,-0.02167268963770201,exper2_05
23.270000457763672,22.21271,Validation,2008,2008-08-25,-0.023245999052505115,exper2_05
23.43000030517578,22.172861,Validation,2008,2008-08-26,-0.0275671123963901,exper2_05
23.649999618530273,22.354204,Validation,2008,2008-08-27,-0.02816689201728132,exper2_05
23.889999389648438,22.3966,Validation,2008,2008-08-28,-0.03226416852261186,exper2_05
23.75,22.555267,Validation,2008,2008-08-29,-0.025801225968493362,exper2_05
23.700000762939453,22.747889,Validation,2008,2008-08-30,-0.020498502981532864,exper2_05
23.399999618530273,22.151955,Validation,2008,2008-08-31,-0.027398274951498686,exper2_05
23.40999984741211,22.29178,Validation,2008,2008-09-01,-0.024467742127328718,exper2_05
23.549999237060547,22.357069,Validation,2008,2008-09-02,-0.025985763564655498,exper2_05
23.639999389648438,22.510912,Validation,2008,2008-09-03,-0.024465117059505912,exper2_05
23.3799991607666,22.639364,Validation,2008,2008-09-04,-0.016093984432636755,exper2_05
23.270000457763672,22.492243,Validation,2008,2008-09-05,-0.016995618856568036,exper2_05
23.350000381469727,22.425863,Validation,2008,2008-09-06,-0.020188305404692786,exper2_05
23.219999313354492,22.37443,Validation,2008,2008-09-07,-0.01854545892650339,exper2_05
23.290000915527344,22.295938,Validation,2008,2008-09-08,-0.021806338459393643,exper2_05
23.299999237060547,21.952686,Validation,2008,2008-09-09,-0.029773104313344664,exper2_05
23.34000015258789,21.92909,Validation,2008,2008-09-10,-0.031167174607981844,exper2_05
23.350000381469727,21.757744,Validation,2008,2008-09-11,-0.03529896193353173,exper2_05
23.25,21.835785,Validation,2008,2008-09-12,-0.03136720566465702,exper2_05
22.8700008392334,21.309137,Validation,2008,2008-09-13,-0.0353303291790487,exper2_05
21.90999984741211,20.823774,Validation,2008,2008-09-14,-0.025418431448075537,exper2_05
21.149999618530273,19.842627,Validation,2008,2008-09-15,-0.03189288338857419,exper2_05
20.5,19.180216,Validation,2008,2008-09-16,-0.03326050871037833,exper2_05
20.139999389648438,19.196848,Validation,2008,2008-09-17,-0.023976285305202908,exper2_05
19.860000610351562,18.550186,Validation,2008,2008-09-18,-0.03410070513457146,exper2_05
19.540000915527344,18.280207,Validation,2008,2008-09-19,-0.03331008250120116,exper2_05
19.239999771118164,17.795649,Validation,2008,2008-09-20,-0.03899894455194855,exper2_05
18.8799991607666,17.223434,Validation,2008,2008-09-21,-0.04588385499464118,exper2_05
18.540000915527344,17.083567,Validation,2008,2008-09-22,-0.04088400878320506,exper2_05
18.270000457763672,16.905098,Validation,2008,2008-09-23,-0.03880308961959522,exper2_05
18.149999618530273,16.92525,Validation,2008,2008-09-24,-0.03491779997446373,exper2_05
17.93000030517578,16.695768,Validation,2008,2008-09-25,-0.035644896750693725,exper2_05
17.649999618530273,16.513647,Validation,2008,2008-09-26,-0.033262038713481046,exper2_05
17.389999389648438,16.402445,Validation,2008,2008-09-27,-0.029224123105002192,exper2_05
17.139999389648438,16.362665,Validation,2008,2008-09-28,-0.02320216088259381,exper2_05
17.06999969482422,16.736986,Validation,2008,2008-09-29,-0.009850435527532727,exper2_05
17.100000381469727,16.294178,Validation,2008,2008-09-30,-0.024130624296649673,exper2_05
16.760000228881836,16.737192,Validation,2008,2008-10-01,-0.000680895123702211,exper2_05
16.6299991607666,16.919237,Validation,2008,2008-10-02,0.008621298366033026,exper2_05
16.139999389648438,15.871447,Validation,2008,2008-10-03,-0.008389273641638549,exper2_05
16.0,16.23767,Validation,2008,2008-10-04,0.007372458735814549,exper2_05
15.829999923706055,16.63407,Validation,2008,2008-10-05,0.024767983026607526,exper2_05
15.800000190734863,16.56809,Validation,2008,2008-10-06,0.02372985966018141,exper2_05
15.8100004196167,16.313944,Validation,2008,2008-10-07,0.01568747096764119,exper2_05
15.89000034332281,16.236685,Validation,2008,2008-10-08,0.01079116797558163,exper2_05
15.89000034332281,16.219118,Validation,2008,2008-10-09,0.010249978533569197,exper2_05
16.190000534057617,16.20497,Validation,2008,2008-10-10,0.0004620739608016677,exper2_05
15.989999771118164,16.225016,Validation,2008,2008-10-11,0.00729522758687328,exper2_05
15.930000305175781,16.310102,Validation,2008,2008-10-12,0.011789731575257294,exper2_05
15.880000114440918,16.328222,Validation,2008,2008-10-13,0.013916389266157004,exper2_05
15.869999885559082,16.23961,Validation,2008,2008-10-14,0.01151090841713775,exper2_05
16.06999969482422,16.181307,Validation,2008,2008-10-15,0.0034512444960436094,exper2_05
16.040000915527344,16.626938,Validation,2008,2008-10-16,0.01796730800535579,exper2_05
15.789999961853027,15.842528,Validation,2008,2008-10-17,0.0016605811853257443,exper2_05
15.369999885559082,15.966306,Validation,2008,2008-10-18,0.019029232559564957,exper2_05
15.210000038146916,15.920545,Validation,2008,2008-10-19,0.022824675696669752,exper2_05
15.039999961853027,15.846755,Validation,2008,2008-10-20,0.026119774194116117,exper2_05
14.9399995803833,15.288819,Validation,2008,2008-10-21,0.011539310678850199,exper2_05
14.89000034332281,15.419452,Validation,2008,2008-10-22,0.017468193395430768,exper2_05
14.680000305175781,14.588498,Validation,2008,2008-10-23,-0.0031263028366179547,exper2_05
14.579999923706055,14.923163,Validation,2008,2008-10-24,0.011631413430736032,exper2_05
14.520000457763672,13.622577,Validation,2008,2008-10-25,-0.03188847058101133,exper2_05
14.430000305175781,13.209243,Validation,2008,2008-10-26,-0.04416754391119379,exper2_05
14.300000190734863,13.351015,Validation,2008,2008-10-27,-0.034320081563924305,exper2_05
14.300000190734863,14.92175,Validation,2008,2008-10-28,0.021276955432527406,exper2_05
14.359999656677246,14.488598,Validation,2008,2008-10-29,0.0044576937605874155,exper2_05
14.109999656677246,13.231293,Validation,2008,2008-10-30,-0.03213845636167843,exper2_05
13.819999694824219,13.699638,Validation,2008,2008-10-31,-0.0043736522935337255,exper2_05
13.710000038146916,14.143105,Validation,2008,2008-11-01,0.015549595688874844,exper2_05
13.789999961853027,14.381319,Validation,2008,2008-11-02,0.0209901099768248,exper2_05
13.6899995803833,13.760996,Validation,2008,2008-11-03,0.0025862918022939814,exper2_05
13.579999923706055,13.574426,Validation,2008,2008-11-04,-0.00020527874377416263,exper2_05
13.649999618530273,13.523482,Validation,2008,2008-11-05,-0.004655910350799435,exper2_05
13.479999542236328,13.060272,Validation,2008,2008-11-06,-0.015814733520827472,exper2_05
13.329999923706055,12.9242525,Validation,2008,2008-11-07,-0.015454540732351918,exper2_05
13.34000015258789,12.456422,Validation,2008,2008-11-08,-0.03425197108014049,exper2_05
13.279999732971248,12.04187,Validation,2008,2008-11-09,-0.0488956630418818,exper2_05
13.0600004196167,11.744451,Validation,2008,2008-11-10,-0.05303684613134537,exper2_05
12.960000038146916,11.55247,Validation,2008,2008-11-11,-0.05742097050373455,exper2_05
12.739999771118164,11.586028,Validation,2008,2008-11-12,-0.047437735343252775,exper2_05
12.649999618530273,11.971528,Validation,2008,2008-11-13,-0.027556030409245372,exper2_05
12.5600004196167,11.354697,Validation,2008,2008-11-14,-0.0504001016414731,exper2_05
12.430000305175781,11.012237,Validation,2008,2008-11-15,-0.06047902834742018,exper2_05
12.279999732971248,10.783841,Validation,2008,2008-11-16,-0.06487031403574219,exper2_05
12.1899995803833,10.544074,Validation,2008,2008-11-17,-0.07239905825910158,exper2_05
11.84000015258789,10.3226595,Validation,2008,2008-11-18,-0.0684638344131237,exper2_05
11.569999694824219,10.128333,Validation,2008,2008-11-19,-0.06644135368692229,exper2_05
11.359999656677246,9.949033,Validation,2008,2008-11-20,-0.06621449740289848,exper2_05
11.039999961853027,9.786824,Validation,2008,2008-11-21,-0.06017123514115525,exper2_05
10.65999984741211,8.393216,Validation,2008,2008-11-22,-0.11897118662858953,exper2_05
10.149999618530273,7.8422275,Validation,2008,2008-11-23,-0.12826495295095586,exper2_05
9.84000015258789,7.294182,Validation,2008,2008-11-24,-0.14858125893468796,exper2_05
9.550000190734863,7.0083284,Validation,2008,2008-11-25,-0.153498086065815,exper2_05
9.25,7.1602592,Validation,2008,2008-11-26,-0.1273435551347548,exper2_05
8.949999809265137,7.250132,Validation,2008,2008-11-27,-0.10492925221739983,exper2_05
8.729999542236328,6.7561345,Validation,2008,2008-11-28,-0.12746015406639644,exper2_05
8.489999771118164,6.53504,Validation,2008,2008-11-29,-0.1301134580640837,exper2_05
8.39000034332281,6.3991466,Validation,2008,2008-11-30,-0.13461586391063082,exper2_05
8.319999694824219,6.2757854,Validation,2008,2008-12-01,-0.14005510693057532,exper2_05
8.289999961853027,6.5691705,Validation,2008,2008-12-02,-0.11580925692717645,exper2_05
8.220000267028809,6.7712326,Validation,2008,2008-12-03,-0.0966409950680835,exper2_05
8.029999732971248,6.85708,Validation,2008,2008-12-04,-0.07878776580839032,exper2_05
7.82000017166132,6.408682,Validation,2008,2008-12-05,-0.09918826621264613,exper2_05
7.71999979019165,6.777453,Validation,2008,2008-12-06,-0.06501465199802574,exper2_05
7.610000133514404,6.5669174,Validation,2008,2008-12-07,-0.07357612895646051,exper2_05
7.519999980926514,6.401901,Validation,2008,2008-12-08,-0.08031225281578083,exper2_05
7.349999904632568,6.22361,Validation,2008,2008-12-09,-0.08298381893325574,exper2_05
7.190000057220459,5.8967094,Validation,2008,2008-12-10,-0.09882473628264773,exper2_05
7.050000190734863,6.203434,Validation,2008,2008-12-11,-0.06387523329284325,exper2_05
7.079999923706055,7.7533484,Validation,2008,2008-12-12,0.045394230241907925,exper2_05
7.079999923706055,7.220259,Validation,2008,2008-12-13,0.009808162550641772,exper2_05
7.079999923706055,6.32947,Validation,2008,2008-12-14,-0.05597012868746861,exper2_05
7.039999961853027,5.672238,Validation,2008,2008-12-15,-0.10759412359461423,exper2_05
6.96999979019165,5.306153,Validation,2008,2008-12-16,-0.135534888035164,exper2_05
6.989999771118164,5.023872,Validation,2008,2008-12-17,-0.1636548089167993,exper2_05
6.940000057220459,4.838106,Validation,2008,2008-12-18,-0.17845771330993218,exper2_05
6.809999942779541,4.724571,Validation,2008,2008-12-19,-0.18079811411023736,exper2_05
6.659999847412109,4.644175,Validation,2008,2008-12-20,-0.1783256905162969,exper2_05
6.639999866485596,4.772672,Validation,2008,2008-12-21,-0.16361879874528854,exper2_05
6.650000095367432,4.9954543,Validation,2008,2008-12-22,-0.14207653271470716,exper2_05
6.510000228881836,4.8118467,Validation,2008,2008-12-23,-0.14998908760133348,exper2_05
6.349999904632568,4.7188816,Validation,2008,2008-12-24,-0.1473607153400746,exper2_05
6.369999885559082,4.6176786,Validation,2008,2008-12-25,-0.1594805707909514,exper2_05
6.210000038146916,4.5491214,Validation,2008,2008-12-26,-0.15436935728935025,exper2_05
6.079999923706055,4.499307,Validation,2008,2008-12-27,-0.1494136389317517,exper2_05
5.960000038146916,4.4645114,Validation,2008,2008-12-28,-0.1434588712678264,exper2_05
5.789999961853027,4.4425035,Validation,2008,2008-12-29,-0.1316878631760909,exper2_05
5.599999904632568,4.4216967,Validation,2008,2008-12-30,-0.11757522628920626,exper2_05
5.400000095367432,4.405076,Validation,2008,2008-12-31,-0.10147030538495973,exper2_05
5.289999961853027,3.404805,Validation,2009,2009-01-01,-0.21681855280925497,exper2_05
5.159999847412109,3.4618087,Validation,2009,2009-01-02,-0.19696461133783777,exper2_05
5.090000152587891,3.3551774,Validation,2009,2009-01-03,-0.20542170235925258,exper2_05
5.079999923706055,3.0753276,Validation,2009,2009-01-04,-0.24581137600058328,exper2_05
4.920000076293945,3.2209988,Validation,2009,2009-01-05,-0.20869691122404896,exper2_05
4.860000133514404,3.3510947,Validation,2009,2009-01-06,-0.18376421624405326,exper2_05
4.650000095367432,3.3790703,Validation,2009,2009-01-07,-0.15829102917945828,exper2_05
4.630000114440918,3.3359625,Validation,2009,2009-01-08,-0.16244585087922425,exper2_05
4.519999980926514,3.0021253,Validation,2009,2009-01-09,-0.20178801448363998,exper2_05
4.420000076293945,2.8780248,Validation,2009,2009-01-10,-0.2112866539138099,exper2_05
4.230000019073486,2.8424006,Validation,2009,2009-01-11,-0.19619921899414228,exper2_05
4.159999847412109,2.8912957,Validation,2009,2009-01-12,-0.17992497585060657,exper2_05
4.050000190734863,3.0202088,Validation,2009,2009-01-13,-0.14565217963104957,exper2_05
4.059999942779541,3.3341575,Validation,2009,2009-01-14,-0.09816432565285446,exper2_05
4.019999980926514,3.408364,Validation,2009,2009-01-15,-0.08233790377239113,exper2_05
3.930000066757202,3.4243708,Validation,2009,2009-01-16,-0.06875221723123105,exper2_05
3.8499999046325684,3.399086,Validation,2009,2009-01-17,-0.062202864212213375,exper2_05
3.700000047683716,3.5243435,Validation,2009,2009-01-18,-0.024314535452566018,exper2_05
3.7899999618530273,3.4981961,Validation,2009,2009-01-19,-0.04003786854029143,exper2_05
3.880000114440918,3.6277547,Validation,2009,2009-01-20,-0.033597984058714114,exper2_05
3.960000038146916,3.7574313,Validation,2009,2009-01-21,-0.026248211535798118,exper2_05
3.940000057220459,3.5916214,Validation,2009,2009-01-22,-0.046255465748398776,exper2_05
3.930000066757202,3.4310565,Validation,2009,2009-01-23,-0.06778151516514805,exper2_05
3.890000104904118,3.3217363,Validation,2009,2009-01-24,-0.07879707943096081,exper2_05
3.940000057220459,3.2506347,Validation,2009,2009-01-25,-0.09586989370056236,exper2_05
3.869999885559082,3.1986265,Validation,2009,2009-01-26,-0.09497932539592595,exper2_05
3.5299999713897705,3.2806437,Validation,2009,2009-01-27,-0.036612731749137345,exper2_05
3.460000038146916,3.1976037,Validation,2009,2009-01-28,-0.03941302994618793,exper2_05
3.5799999237060547,3.196667,Validation,2009,2009-01-29,-0.056566594546514685,exper2_05
3.619999885559082,3.1104128,Validation,2009,2009-01-30,-0.07571408627679861,exper2_05
3.630000114440918,2.9610996,Validation,2009,2009-01-31,-0.10148541461777859,exper2_05
3.759999990463257,2.973418,Validation,2009,2009-02-01,-0.11681763920277323,exper2_05
3.690000057220459,3.1157615,Validation,2009,2009-02-02,-0.0843753534934993,exper2_05
2.869999885559082,3.1901891,Validation,2009,2009-02-03,0.052834859958042,exper2_05
2.740000009536743,3.078299,Validation,2009,2009-02-04,0.058143975210331704,exper2_05
3.259999990463257,3.204969,Validation,2009,2009-02-05,-0.008512192688867421,exper2_05
3.559999942779541,3.274568,Validation,2009,2009-02-06,-0.04176297037185463,exper2_05
3.819999933242798,3.2912946,Validation,2009,2009-02-07,-0.07434727360987961,exper2_05
3.700000047683716,3.3373454,Validation,2009,2009-02-08,-0.051532881346147474,exper2_05
3.809999942779541,3.3488805,Validation,2009,2009-02-09,-0.06441222411347622,exper2_05
3.869999885559082,3.1408234,Validation,2009,2009-02-10,-0.1040072606765994,exper2_05
3.9800000190734863,3.0729177,Validation,2009,2009-02-11,-0.12861093173262558,exper2_05
3.7699999809265137,2.864347,Validation,2009,2009-02-12,-0.13650974316970446,exper2_05
3.869999885559082,2.6491265,Validation,2009,2009-02-13,-0.18727560689865172,exper2_05
3.809999942779541,2.797811,Validation,2009,2009-02-14,-0.1531806698772311,exper2_05
3.6700000762939453,2.5123198,Validation,2009,2009-02-15,-0.18725661169504101,exper2_05
3.490000009536743,2.5136518,Validation,2009,2009-02-16,-0.1626257126315285,exper2_05
3.5199999809265137,2.6564243,Validation,2009,2009-02-17,-0.13981806623157492,exper2_05
3.5199999809265137,2.1567605,Validation,2009,2009-02-18,-0.2401439240448753,exper2_05
3.5,1.988102,Validation,2009,2009-02-19,-0.2754865073578221,exper2_05
3.2300000190734863,2.3584008,Validation,2009,2009-02-20,-0.15596576233949497,exper2_05
3.430000066757202,2.5784175,Validation,2009,2009-02-21,-0.1417315810838641,exper2_05
3.609999895095825,2.7388246,Validation,2009,2009-02-22,-0.13721836050306246,exper2_05
3.8399999141693115,3.0430908,Validation,2009,2009-02-23,-0.1157777987531943,exper2_05
3.5799999237060547,3.1692238,Validation,2009,2009-02-24,-0.06086272377539079,exper2_05
3.569999933242798,3.024211,Validation,2009,2009-02-25,-0.08276790274105711,exper2_05
3.3499999046325684,3.3199615,Validation,2009,2009-02-26,-0.004503527793225628,exper2_05
3.759999990463257,3.3067203,Validation,2009,2009-02-27,-0.06414287219492407,exper2_05
3.890000104904118,3.5713737,Validation,2009,2009-02-28,-0.04270345007407739,exper2_05
4.059999942779541,3.3996263,Validation,2009,2009-03-01,-0.08852637789512509,exper2_05
4.170000076293945,3.4797926,Validation,2009,2009-03-02,-0.09022564545866059,exper2_05
4.170000076293945,3.4564307,Validation,2009,2009-03-03,-0.09356531595133097,exper2_05
4.239999771118164,3.4111598,Validation,2009,2009-03-04,-0.10832868072080246,exper2_05
4.380000114440918,3.8024673,Validation,2009,2009-03-05,-0.0705817372361272,exper2_05
4.340000152587891,3.7643461,Validation,2009,2009-03-06,-0.07103028551464265,exper2_05
4.449999809265137,3.933166,Validation,2009,2009-03-07,-0.06165138472580244,exper2_05
4.32000017166132,4.0339646,Validation,2009,2009-03-08,-0.03423949518291325,exper2_05
4.269999980926514,4.123355,Validation,2009,2009-03-09,-0.017471567805302776,exper2_05
4.550000190734863,4.204178,Validation,2009,2009-03-10,-0.03950368982967444,exper2_05
4.619999885559082,4.1556334,Validation,2009,2009-03-11,-0.05291543279806271,exper2_05
4.659999847412109,4.431327,Validation,2009,2009-03-12,-0.02515287245381727,exper2_05
4.960000038146916,4.631764,Validation,2009,2009-03-13,-0.03422061927020767,exper2_05
5.150000095367432,4.7018847,Validation,2009,2009-03-14,-0.045485240236388544,exper2_05
5.860000133514404,4.7800965,Validation,2009,2009-03-15,-0.10149377742124864,exper2_05
5.400000095367432,4.888469,Validation,2009,2009-03-16,-0.04971885131979798,exper2_05
5.699999809265137,4.969559,Validation,2009,2009-03-17,-0.06846024437149126,exper2_05
5.46999979019165,4.707477,Validation,2009,2009-03-18,-0.07492256737299166,exper2_05
5.349999904632568,4.9714804,Validation,2009,2009-03-19,-0.03667298924271979,exper2_05
5.309999942779541,4.5450706,Validation,2009,2009-03-20,-0.07761784023006853,exper2_05
5.03000020980835,4.428806,Validation,2009,2009-03-21,-0.06355922505491629,exper2_05
4.909999847412109,4.306357,Validation,2009,2009-03-22,-0.06549691560490087,exper2_05
5.050000190734863,4.830926,Validation,2009,2009-03-23,-0.02217142870379432,exper2_05
4.940000057220459,5.2233176,Validation,2009,2009-03-24,0.027876484316287184,exper2_05
5.190000057220459,5.1838183,Validation,2009,2009-03-25,-0.0005958960030013595,exper2_05
5.539999961853027,5.3800406,Validation,2009,2009-03-26,-0.014648234562836489,exper2_05
5.670000076293945,5.396378,Validation,2009,2009-03-27,-0.024725527457767894,exper2_05
5.71999979019165,5.404629,Validation,2009,2009-03-28,-0.028348860811971244,exper2_05
5.800000190734863,6.0562477,Validation,2009,2009-03-29,0.021612867963511136,exper2_05
5.559999942779541,6.356222,Validation,2009,2009-03-30,0.06681834255437417,exper2_05
5.760000228881836,6.3803205,Validation,2009,2009-03-31,0.05109587559325184,exper2_05
5.880000114440918,6.3468165,Validation,2009,2009-04-01,0.03817971909826,exper2_05
6.170000076293945,6.897898,Validation,2009,2009-04-02,0.05570123868793739,exper2_05
6.389999866485596,6.6744094,Validation,2009,2009-04-03,0.021769795896438186,exper2_05
7.460000038146916,7.0041537,Validation,2009,2009-04-04,-0.03151558791592909,exper2_05
7.840000152587891,7.8594003,Validation,2009,2009-04-05,0.001235723610861842,exper2_05
8.720000267028809,8.446372,Validation,2009,2009-04-06,-0.01593978215631053,exper2_05
9.59000015258789,8.930484,Validation,2009,2009-04-07,-0.03561010260742266,exper2_05
10.619999885559082,9.211985,Validation,2009,2009-04-08,-0.07099719393904684,exper2_05
9.6899995803833,9.886001,Validation,2009,2009-04-09,0.010012313583856987,exper2_05
10.399999618530273,9.884365,Validation,2009,2009-04-10,-0.025420295107151967,exper2_05
10.65999984741211,9.821576,Validation,2009,2009-04-11,-0.04093550859267546,exper2_05
10.5,9.943006,Validation,2009,2009-04-12,-0.027246210763226145,exper2_05
11.020000457763672,10.141064,Validation,2009,2009-04-13,-0.041535565576143546,exper2_05
10.9399995803833,10.514766,Validation,2009,2009-04-14,-0.019820018285143695,exper2_05
11.649999618530273,10.904268,Validation,2009,2009-04-15,-0.03306386878165557,exper2_05
12.65999984741211,10.770358,Validation,2009,2009-04-16,-0.08064929128183633,exper2_05
11.970000267028809,10.450753,Validation,2009,2009-04-17,-0.06776074927528292,exper2_05
12.15999984741211,10.751506,Validation,2009,2009-04-18,-0.06147540079473187,exper2_05
11.479999542236328,10.201083,Validation,2009,2009-04-19,-0.05898766104711642,exper2_05
11.550000190734863,10.131766,Validation,2009,2009-04-20,-0.06541136169902063,exper2_05
11.789999961853027,10.24459,Validation,2009,2009-04-21,-0.07013564457335578,exper2_05
12.229999542236328,10.23023,Validation,2009,2009-04-22,-0.08903600818266269,exper2_05
12.880000114440918,10.299033,Validation,2009,2009-04-23,-0.11134920591164493,exper2_05
12.329999923706055,11.083892,Validation,2009,2009-04-24,-0.05322088553961316,exper2_05
12.5,11.47314,Validation,2009,2009-04-25,-0.04283378177737235,exper2_05
12.960000038146916,11.892407,Validation,2009,2009-04-26,-0.04295731199335704,exper2_05
13.199999809265137,11.65119,Validation,2009,2009-04-27,-0.062323374827756815,exper2_05
12.880000114440918,11.6638,Validation,2009,2009-04-28,-0.04955222326356347,exper2_05
12.5,11.877011,Validation,2009,2009-04-29,-0.025556402022459946,exper2_05
12.399999618530273,11.73288,Validation,2009,2009-04-30,-0.027643613211188012,exper2_05
12.819999694824219,11.777315,Validation,2009,2009-05-01,-0.042390178036312905,exper2_05
12.510000228881836,12.103257,Validation,2009,2009-05-02,-0.01652536447642363,exper2_05
12.539999961853027,12.823086,Validation,2009,2009-05-03,0.011161332098370065,exper2_05
13.119999885559082,13.12461,Validation,2009,2009-05-04,0.00017565746547135286,exper2_05
13.430000305175781,13.850701,Validation,2009,2009-05-05,0.015421195265072867,exper2_05
13.760000228881836,14.944182,Validation,2009,2009-05-06,0.04125469038889856,exper2_05
14.930000305175781,15.210894,Validation,2009,2009-05-07,0.009319342896751395,exper2_05
16.190000534057617,15.621617,Validation,2009,2009-05-08,-0.017867158454987077,exper2_05
16.790000915527344,15.782141,Validation,2009,2009-05-09,-0.030942398403764837,exper2_05
17.420000076293945,16.110212,Validation,2009,2009-05-10,-0.039062912412466164,exper2_05
17.829999923706055,16.511654,Validation,2009,2009-05-11,-0.03838912448194013,exper2_05
16.940000534057617,16.828188,Validation,2009,2009-05-12,-0.0033111812210578065,exper2_05
16.950000762939453,16.540134,Validation,2009,2009-05-13,-0.01223841978085114,exper2_05
17.049999237060547,17.05799,Validation,2009,2009-05-14,0.0002342525551227466,exper2_05
17.59000015258789,17.109182,Validation,2009,2009-05-15,-0.013856747047456446,exper2_05
18.219999313354492,17.407167,Validation,2009,2009-05-16,-0.02281494580836041,exper2_05
18.80999946594244,17.903818,Validation,2009,2009-05-17,-0.024682296605876612,exper2_05
19.3700008392334,18.184147,Validation,2009,2009-05-18,-0.03157717669326045,exper2_05
19.75,18.591732,Validation,2009,2009-05-19,-0.030209067605340933,exper2_05
20.049999237060547,18.821655,Validation,2009,2009-05-20,-0.031599991795854966,exper2_05
20.80999946594244,19.028387,Validation,2009,2009-05-21,-0.04472099779056638,exper2_05
21.3799991607666,18.98858,Validation,2009,2009-05-22,-0.05923959834747965,exper2_05
21.34000015258789,19.298359,Validation,2009,2009-05-23,-0.050239263643584754,exper2_05
21.290000915527344,19.66644,Validation,2009,2009-05-24,-0.0396411861051359,exper2_05
21.40999984741211,19.93878,Validation,2009,2009-05-25,-0.03558073606825216,exper2_05
21.989999771118164,20.287527,Validation,2009,2009-05-26,-0.04026897534918974,exper2_05
21.55999946594244,20.268526,Validation,2009,2009-05-27,-0.030875422260287753,exper2_05
21.049999237060547,20.292665,Validation,2009,2009-05-28,-0.01831845529666425,exper2_05
20.610000610351562,19.9116,Validation,2009,2009-05-29,-0.017235264278084587,exper2_05
19.90999984741211,19.916773,Validation,2009,2009-05-30,0.0001700613566624374,exper2_05
19.59000015258789,19.65193,Validation,2009,2009-05-31,0.0015781512975092486,exper2_05
19.65999984741211,19.894539,Validation,2009,2009-06-01,0.005929509976145206,exper2_05
19.520000457763672,19.868584,Validation,2009,2009-06-02,0.008849854064909906,exper2_05
19.6200008392334,19.902044,Validation,2009,2009-06-03,0.007136357849506204,exper2_05
19.549999237060547,19.91132,Validation,2009,2009-06-04,0.009156320798163439,exper2_05
19.920000076293945,19.76758,Validation,2009,2009-06-05,-0.003840497292303309,exper2_05
19.979999542236328,19.83926,Validation,2009,2009-06-06,-0.0035344564961229618,exper2_05
19.649999618530273,19.365297,Validation,2009,2009-06-07,-0.007297196827494475,exper2_05
20.139999389648438,19.231611,Validation,2009,2009-06-08,-0.02307216095600522,exper2_05
20.420000076293945,19.678133,Validation,2009,2009-06-09,-0.018501286925681766,exper2_05
20.479999542236328,19.65801,Validation,2009,2009-06-10,-0.020479068567070602,exper2_05
20.280000686645508,19.889767,Validation,2009,2009-06-11,-0.009714619202074098,exper2_05
20.270000457763672,19.794065,Validation,2009,2009-06-12,-0.011879348019569906,exper2_05
20.790000915527344,20.795609,Validation,2009,2009-06-13,0.00013484484312040873,exper2_05
21.68000030517578,20.944248,Validation,2009,2009-06-14,-0.01726135079267898,exper2_05
22.350000381469727,21.26361,Validation,2009,2009-06-15,-0.02490941500150463,exper2_05
22.010000228881836,20.80215,Validation,2009,2009-06-16,-0.02821277314067689,exper2_05
21.65999984741211,21.261354,Validation,2009,2009-06-17,-0.009287810404862857,exper2_05
22.600000381469727,21.2869,Validation,2009,2009-06-18,-0.02992010865136493,exper2_05
23.219999313354492,21.650099,Validation,2009,2009-06-19,-0.034987677288029075,exper2_05
22.399999618530273,21.378414,Validation,2009,2009-06-20,-0.023335369567851375,exper2_05
21.649999618530273,20.89549,Validation,2009,2009-06-21,-0.017734170354374076,exper2_05
20.989999771118164,21.247158,Validation,2009,2009-06-22,0.006088437117497014,exper2_05
20.270000457763672,20.343739,Validation,2009,2009-06-23,0.0018155949177619097,exper2_05
19.8700008392334,19.972244,Validation,2009,2009-06-24,0.002566206377184417,exper2_05
20.05999946594244,20.216187,Validation,2009,2009-06-25,0.0038779008900257806,exper2_05
20.469999313354492,20.452868,Validation,2009,2009-06-26,-0.00041863649227549956,exper2_05
21.079999923706055,20.81357,Validation,2009,2009-06-27,-0.006359684826684179,exper2_05
21.280000686645508,20.501324,Validation,2009,2009-06-28,-0.018636962760905998,exper2_05
21.780000686645508,20.651787,Validation,2009,2009-06-29,-0.026588884163546433,exper2_05
22.06999969482422,21.07414,Validation,2009,2009-06-30,-0.023082141410095642,exper2_05
22.549999237060547,21.370459,Validation,2009,2009-07-01,-0.02685629185499837,exper2_05
22.700000762939453,21.960443,Validation,2009,2009-07-02,-0.016559559101915082,exper2_05
23.06999969482422,22.52519,Validation,2009,2009-07-03,-0.011948833656675581,exper2_05
23.5,23.008318,Validation,2009,2009-07-04,-0.010571916472415054,exper2_05
23.68000030517578,23.433008,Validation,2009,2009-07-05,-0.005242545935281004,exper2_05
23.540000915527344,23.55795,Validation,2009,2009-07-06,0.00038108135580727895,exper2_05
23.05999946594244,22.838442,Validation,2009,2009-07-07,-0.004827127258384938,exper2_05
22.770000457763672,22.98743,Validation,2009,2009-07-08,0.004751798994183928,exper2_05
23.0,23.01387,Validation,2009,2009-07-09,0.00030143604929756113,exper2_05
22.549999237060547,22.937092,Validation,2009,2009-07-10,0.00850994383842965,exper2_05
22.149999618530273,21.89642,Validation,2009,2009-07-11,-0.005757110301217135,exper2_05
22.290000915527344,22.671728,Validation,2009,2009-07-12,0.008490047573707006,exper2_05
22.8700008392334,23.013174,Validation,2009,2009-07-13,0.0031203860259715684,exper2_05
23.8799991607666,23.2577,Validation,2009,2009-07-14,-0.01320173037416853,exper2_05
24.079999923706055,23.784248,Validation,2009,2009-07-15,-0.006178966186857909,exper2_05
24.6299991607666,23.892822,Validation,2009,2009-07-16,-0.015192374917025134,exper2_05
25.34000015258789,23.89919,Validation,2009,2009-07-17,-0.029261432184371904,exper2_05
24.690000534057617,23.953184,Validation,2009,2009-07-18,-0.015147371854286537,exper2_05
23.940000534057617,23.246014,Validation,2009,2009-07-19,-0.01470747010163401,exper2_05
24.0,23.5418,Validation,2009,2009-07-20,-0.00963784415176448,exper2_05
24.540000915527344,22.961557,Validation,2009,2009-07-21,-0.03322929991318435,exper2_05
24.920000076293945,23.72342,Validation,2009,2009-07-22,-0.02459902911642992,exper2_05
24.84000015258789,23.138163,Validation,2009,2009-07-23,-0.035471086043680274,exper2_05
25.1200008392334,23.776789,Validation,2009,2009-07-24,-0.027470354189421127,exper2_05
24.989999771118164,23.627043,Validation,2009,2009-07-25,-0.028034551866639737,exper2_05
24.479999542236328,23.805418,Validation,2009,2009-07-26,-0.013970709208778112,exper2_05
24.709999084472656,23.746077,Validation,2009,2009-07-27,-0.019892706689829093,exper2_05
24.6299991607666,23.952948,Validation,2009,2009-07-28,-0.01393599172344133,exper2_05
24.690000534057617,23.910265,Validation,2009,2009-07-29,-0.016043854022537045,exper2_05
25.260000228881836,24.404905,Validation,2009,2009-07-30,-0.01721728653726908,exper2_05
24.989999771118164,24.385569,Validation,2009,2009-07-31,-0.01224150267133897,exper2_05
25.239999771118164,24.437035,Validation,2009,2009-08-01,-0.016163709735042785,exper2_05
25.479999542236328,24.247759,Validation,2009,2009-08-02,-0.02477973502806706,exper2_05
25.15999984741211,24.265984,Validation,2009,2009-08-03,-0.018087981337876664,exper2_05
24.530000686645508,23.244722,Validation,2009,2009-08-04,-0.02690289421222232,exper2_05
24.40999984741211,22.959074,Validation,2009,2009-08-05,-0.03063023421305956,exper2_05
24.709999084472656,23.203455,Validation,2009,2009-08-06,-0.03144302874522665,exper2_05
24.8700008392334,23.362862,Validation,2009,2009-08-07,-0.03124714413934785,exper2_05
25.010000228881836,23.704191,Validation,2009,2009-08-08,-0.026805515651246545,exper2_05
25.05999946594244,23.856651,Validation,2009,2009-08-09,-0.024599970374025757,exper2_05
25.0,23.892252,Validation,2009,2009-08-10,-0.02265692388913763,exper2_05
25.100000381469727,23.370451,Validation,2009,2009-08-11,-0.03568255214485987,exper2_05
24.90999984741211,23.964148,Validation,2009,2009-08-12,-0.019352813904425784,exper2_05
25.030000686645508,23.715525,Validation,2009,2009-08-13,-0.026966085676026798,exper2_05
24.8700008392334,23.979635,Validation,2009,2009-08-14,-0.018226657802863255,exper2_05
24.899999618530273,23.953455,Validation,2009,2009-08-15,-0.01937518349856012,exper2_05
25.43000030517578,23.844807,Validation,2009,2009-08-16,-0.032170468669619603,exper2_05
25.43000030517578,23.61726,Validation,2009,2009-08-17,-0.03695905368446064,exper2_05
25.489999771118164,23.998928,Validation,2009,2009-08-18,-0.030129399970732027,exper2_05
25.719999313354492,24.450312,Validation,2009,2009-08-19,-0.025307549981956907,exper2_05
25.65999984741211,24.456217,Validation,2009,2009-08-20,-0.02401983061602535,exper2_05
26.030000686645508,24.325401,Validation,2009,2009-08-21,-0.03385137071762363,exper2_05
25.649999618530273,23.846647,Validation,2009,2009-08-22,-0.03643382874579131,exper2_05
25.30999946594244,23.447927,Validation,2009,2009-08-23,-0.038190138666543444,exper2_05
25.190000534057617,23.465357,Validation,2009,2009-08-24,-0.03544612147198956,exper2_05
25.1200008392334,23.182203,Validation,2009,2009-08-25,-0.0401182012540857,exper2_05
25.18000030517578,23.163485,Validation,2009,2009-08-26,-0.041712254234006756,exper2_05
25.469999313354492,23.354588,Validation,2009,2009-08-27,-0.043326772311040505,exper2_05
25.540000915527344,23.397768,Validation,2009,2009-08-28,-0.04377463340619706,exper2_05
25.010000228881836,22.674324,Validation,2009,2009-08-29,-0.04898205498897834,exper2_05
24.639999389648438,22.637857,Validation,2009,2009-08-30,-0.04234840762452802,exper2_05
24.399999618530273,22.882246,Validation,2009,2009-08-31,-0.03209986286943746,exper2_05
24.549999237060547,22.913845,Validation,2009,2009-09-01,-0.03447158987979935,exper2_05
24.600000381469727,23.218103,Validation,2009,2009-09-02,-0.028899033276536073,exper2_05
24.229999542236328,22.754255,Validation,2009,2009-09-03,-0.03140933601171521,exper2_05
23.90999984741211,22.18374,Validation,2009,2009-09-04,-0.03745105548427889,exper2_05
23.229999542236328,22.152477,Validation,2009,2009-09-05,-0.023743135096460005,exper2_05
22.760000228881836,21.682863,Validation,2009,2009-09-06,-0.024236444491748374,exper2_05
22.56999969482422,21.758207,Validation,2009,2009-09-07,-0.01831322375309193,exper2_05
22.450000762939453,21.531277,Validation,2009,2009-09-08,-0.020888980788986235,exper2_05
22.31999969482422,21.375769,Validation,2009,2009-09-09,-0.021609209972584337,exper2_05
22.1200008392334,21.182882,Validation,2009,2009-09-10,-0.021641019307337625,exper2_05
21.950000762939453,20.996216,Validation,2009,2009-09-11,-0.02220882346592802,exper2_05
21.979999542236328,20.943613,Validation,2009,2009-09-12,-0.02414490363745474,exper2_05
21.729999542236328,20.84915,Validation,2009,2009-09-13,-0.02068735176373024,exper2_05
21.05999946594244,20.582525,Validation,2009,2009-09-14,-0.011466024595428864,exper2_05
20.600000381469727,20.610134,Validation,2009,2009-09-15,0.0002459041545860986,exper2_05
20.389999389648438,20.251646,Validation,2009,2009-09-16,-0.0034042260422611735,exper2_05
20.700000762939453,20.508223,Validation,2009,2009-09-17,-0.004653881371870935,exper2_05
20.920000076293945,20.619585,Validation,2009,2009-09-18,-0.007232018284281903,exper2_05
20.920000076293945,20.702412,Validation,2009,2009-09-19,-0.0052276746024483125,exper2_05
20.940000534057617,20.694815,Validation,2009,2009-09-20,-0.005888962176927791,exper2_05
21.049999237060547,20.194263,Validation,2009,2009-09-21,-0.020747995548623298,exper2_05
21.049999237060547,19.934898,Validation,2009,2009-09-22,-0.027207603910853972,exper2_05
21.020000457763672,20.004555,Validation,2009,2009-09-23,-0.024752144273647265,exper2_05
20.969999313354492,19.786585,Validation,2009,2009-09-24,-0.029036154118449353,exper2_05
20.969999313354492,19.588644,Validation,2009,2009-09-25,-0.034058222165580895,exper2_05
20.59000015258789,19.539816,Validation,2009,2009-09-26,-0.026169675147047843,exper2_05
20.639999389648438,19.179804,Validation,2009,2009-09-27,-0.036670084295933644,exper2_05
20.540000915527344,19.11745,Validation,2009,2009-09-28,-0.03587094336522745,exper2_05
20.3799991607666,19.204447,Validation,2009,2009-09-29,-0.02969733034911931,exper2_05
20.299999237060547,18.966291,Validation,2009,2009-09-30,-0.03396571937079237,exper2_05
20.30999946594244,19.118044,Validation,2009,2009-10-01,-0.03023116200206703,exper2_05
20.229999542236328,18.72268,Validation,2009,2009-10-02,-0.038696193820693746,exper2_05
19.90999984741211,18.330568,Validation,2009,2009-10-03,-0.04130251222113982,exper2_05
19.729999542236328,18.340414,Validation,2009,2009-10-04,-0.03650040448678475,exper2_05
19.6200008392334,18.457762,Validation,2009,2009-10-05,-0.030522777475173207,exper2_05
19.760000228881836,18.669271,Validation,2009,2009-10-06,-0.028382759068068572,exper2_05
19.8700008392334,18.863596,Validation,2009,2009-10-07,-0.025982737463289534,exper2_05
19.6299991607666,18.81045,Validation,2009,2009-10-08,-0.021319979005516857,exper2_05
19.530000686645508,18.765163,Validation,2009,2009-10-09,-0.019972163139244818,exper2_05
19.440000534057617,18.70278,Validation,2009,2009-10-10,-0.019327924138862862,exper2_05
19.30999946594244,18.173233,Validation,2009,2009-10-11,-0.03032733192825369,exper2_05
18.889999389648438,16.810545,Validation,2009,2009-10-12,-0.05824713486677907,exper2_05
18.149999618530273,17.077566,Validation,2009,2009-10-13,-0.030443019504163376,exper2_05
17.389999389648438,17.00994,Validation,2009,2009-10-14,-0.01104828123462232,exper2_05
16.780000686645508,16.87782,Validation,2009,2009-10-15,0.0029062599825652735,exper2_05
16.31999969482422,16.390608,Validation,2009,2009-10-16,0.002158570090028565,exper2_05
15.899999618530273,15.108674,Validation,2009,2009-10-17,-0.025519491018147312,exper2_05
15.449999809265137,14.359903,Validation,2009,2009-10-18,-0.03656826620326241,exper2_05
15.029999732971248,14.165436,Validation,2009,2009-10-19,-0.029612983209149266,exper2_05
14.729999542236328,13.35516,Validation,2009,2009-10-20,-0.04895253638916673,exper2_05
14.369999885559082,14.2275915,Validation,2009,2009-10-21,-0.004979733047411477,exper2_05
14.199999809265137,13.916856,Validation,2009,2009-10-22,-0.010070258246711795,exper2_05
14.170000076293945,14.479297,Validation,2009,2009-10-23,0.01079595811918825,exper2_05
14.100000381469727,13.0703745,Validation,2009,2009-10-24,-0.03789516698073369,exper2_05
13.970000267028809,14.3154335,Validation,2009,2009-10-25,0.012212407205304405,exper2_05
13.869999885559082,14.218207,Validation,2009,2009-10-26,0.012396927675704232,exper2_05
13.930000305175781,14.517067,Validation,2009,2009-10-27,0.020637159008682585,exper2_05
13.680000305175781,14.615016,Validation,2009,2009-10-28,0.033045242627313086,exper2_05
13.550000190734863,14.744748,Validation,2009,2009-10-29,0.042225076960297606,exper2_05
13.350000381469727,13.122959,Validation,2009,2009-10-30,-0.008576345396847354,exper2_05
13.079999923706055,12.737159,Validation,2009,2009-10-31,-0.013279584805328369,exper2_05
12.699999809265137,12.732263,Validation,2009,2009-11-01,0.001268577745478981,exper2_05
12.399999618530273,12.280499,Validation,2009,2009-11-02,-0.004841885889147495,exper2_05
12.069999694824219,11.974996,Validation,2009,2009-11-03,-0.003951095872943348,exper2_05
11.8100004196167,11.747121,Validation,2009,2009-11-04,-0.0026692379615886235,exper2_05
11.600000381469727,11.526765,Validation,2009,2009-11-05,-0.0031666993193573767,exper2_05
11.380000114440918,11.459023,Validation,2009,2009-11-06,0.0034600148686019455,exper2_05
11.239999771118164,11.198244,Validation,2009,2009-11-07,-0.0018609155207936824,exper2_05
11.079999923706055,10.964227,Validation,2009,2009-11-08,-0.005251860400716468,exper2_05
10.869999885559082,10.754118,Validation,2009,2009-11-09,-0.005358920102911941,exper2_05
10.8100004196167,10.555338,Validation,2009,2009-11-10,-0.01191942340688137,exper2_05
10.680000305175781,10.377639,Validation,2009,2009-11-11,-0.014358755347187013,exper2_05
10.5,10.309636,Validation,2009,2009-11-12,-0.00914787182778018,exper2_05
10.460000038146916,10.078942,Validation,2009,2009-11-13,-0.01855293875433048,exper2_05
10.300000190734863,10.132215,Validation,2009,2009-11-14,-0.008211818772045201,exper2_05
10.180000305175781,9.863061,Validation,2009,2009-11-15,-0.015812921483814302,exper2_05
10.239999771118164,10.06143,Validation,2009,2009-11-16,-0.008795922056379133,exper2_05
10.1899995803833,10.066933,Validation,2009,2009-11-17,-0.006075298104843135,exper2_05
10.180000305175781,9.72666,Validation,2009,2009-11-18,-0.022773309464000684,exper2_05
10.020000457763672,9.5457945,Validation,2009,2009-11-19,-0.02423647861499653,exper2_05
9.920000076293945,9.414773,Validation,2009,2009-11-20,-0.026130489727744118,exper2_05
9.770000457763672,9.304322,Validation,2009,2009-11-21,-0.024413879451386056,exper2_05
9.649999618530273,9.193586,Validation,2009,2009-11-22,-0.024221147175363528,exper2_05
9.680000305175781,9.119354,Validation,2009,2009-11-23,-0.02982262266194656,exper2_05
9.5,9.024,Validation,2009,2009-11-24,-0.025696384573540676,exper2_05
9.329999923706055,8.94921,Validation,2009,2009-11-25,-0.02083184967439849,exper2_05
9.289999961853027,8.978096,Validation,2009,2009-11-26,-0.017073697995775308,exper2_05
9.279999732971248,8.917901,Validation,2009,2009-11-27,-0.01989782768806863,exper2_05
9.130000114440918,8.827866,Validation,2009,2009-11-28,-0.01682463376492225,exper2_05
9.020000457763672,8.770691,Validation,2009,2009-11-29,-0.014013482361623964,exper2_05
9.029999732971248,8.86872,Validation,2009,2009-11-30,-0.009010682342573823,exper2_05
9.010000228881836,8.753298,Validation,2009,2009-12-01,-0.014451281659222659,exper2_05
8.760000228881836,8.695201,Validation,2009,2009-12-02,-0.0037123209422663533,exper2_05
8.6899995803833,8.656001,Validation,2009,2009-12-03,-0.0019600189129454714,exper2_05
8.449999809265137,8.348004,Validation,2009,2009-12-04,-0.006071880160672338,exper2_05
8.289999961853027,7.7576256,Validation,2009,2009-12-05,-0.033174651329948526,exper2_05
8.119999885559082,6.5318856,Validation,2009,2009-12-06,-0.10838975370087854,exper2_05
7.989999771118164,9.124061,Validation,2009,2009-12-07,0.06626486251931067,exper2_05
7.940000057220459,8.430079,Validation,2009,2009-12-08,0.02993750900255152,exper2_05
7.889999866485596,7.4725447,Validation,2009,2009-12-09,-0.0271735711090255,exper2_05
7.679999828338623,6.7755227,Validation,2009,2009-12-10,-0.0625696592507287,exper2_05
7.489999771118164,5.9841466,Validation,2009,2009-12-11,-0.1117587070230584,exper2_05
7.400000095367432,5.4527993,Validation,2009,2009-12-12,-0.15150012944143848,exper2_05
7.190000057220459,5.1374874,Validation,2009,2009-12-13,-0.16649886288098903,exper2_05
6.829999923706055,4.937533,Validation,2009,2009-12-14,-0.1608210531476939,exper2_05
6.599999904632568,4.8051486,Validation,2009,2009-12-15,-0.1573720238829383,exper2_05
6.380000114440918,4.7114577,Validation,2009,2009-12-16,-0.1504349030219635,exper2_05
6.190000057220459,4.6403966,Validation,2009,2009-12-17,-0.14307910522384815,exper2_05
5.849999904632568,4.580566,Validation,2009,2009-12-18,-0.12170327050487413,exper2_05
5.639999866485596,4.5449214,Validation,2009,2009-12-19,-0.10751958114038045,exper2_05
5.389999866485596,4.5113688,Validation,2009,2009-12-20,-0.08873835010661135,exper2_05
5.119999885559082,4.483768,Validation,2009,2009-12-21,-0.06624815465666523,exper2_05
5.150000095367432,4.4631505,Validation,2009,2009-12-22,-0.07144895809265744,exper2_05
5.25,4.4463096,Validation,2009,2009-12-23,-0.08288621851338861,exper2_05
5.429999828338623,4.4325633,Validation,2009,2009-12-24,-0.10113360086647707,exper2_05
5.539999961853027,4.4127946,Validation,2009,2009-12-25,-0.11325516325937214,exper2_05
5.46999979019165,4.433249,Validation,2009,2009-12-26,-0.10468794794145667,exper2_05
5.300000190734863,4.4021087,Validation,2009,2009-12-27,-0.09254601596506812,exper2_05
5.210000038146916,4.3882732,Validation,2009,2009-12-28,-0.08561194032222956,exper2_05
5.139999866485596,4.3770695,Validation,2009,2009-12-29,-0.08016442520096834,exper2_05
5.139999866485596,4.3780904,Validation,2009,2009-12-30,-0.08004856699218,exper2_05
5.130000114440918,4.3678164,Validation,2009,2009-12-31,-0.08024830351286363,exper2_05
5.119999885559082,3.3805637,Validation,2010,2010-01-01,-0.20462597858728016,exper2_05
5.190000057220459,3.4759536,Validation,2010,2010-01-02,-0.19779086644515392,exper2_05
5.010000228881836,3.1272073,Validation,2010,2010-01-03,-0.23138072217100292,exper2_05
4.630000114440918,3.3021078,Validation,2010,2010-01-04,-0.16740724104523783,exper2_05
4.690000057220459,3.380991,Validation,2010,2010-01-05,-0.16218690725769883,exper2_05
4.659999847412109,3.4070516,Validation,2010,2010-01-06,-0.15531675954006638,exper2_05
4.619999885559082,3.4352078,Validation,2010,2010-01-07,-0.1470839836275332,exper2_05
4.599999904632568,3.508438,Validation,2010,2010-01-08,-0.1346204771207272,exper2_05
4.590000152587891,3.5449078,Validation,2010,2010-01-09,-0.12847008832900156,exper2_05
4.679999828338623,3.543786,Validation,2010,2010-01-10,-0.13816188753110845,exper2_05
4.869999885559082,3.5603404,Validation,2010,2010-01-11,-0.155350725591858,exper2_05
4.789999961853027,3.5244968,Validation,2010,2010-01-12,-0.15220442142258797,exper2_05
4.579999923706055,3.5103269,Validation,2010,2010-01-13,-0.13221629850804328,exper2_05
4.449999809265137,3.5171428,Validation,2010,2010-01-14,-0.1170880308713467,exper2_05
4.409999847412109,3.4973822,Validation,2010,2010-01-15,-0.11541337981311202,exper2_05
4.380000114440918,3.4889233,Validation,2010,2010-01-16,-0.11323998913244274,exper2_05
4.340000152587891,3.4550438,Validation,2010,2010-01-17,-0.11352807836259142,exper2_05
4.25,3.4618301,Validation,2010,2010-01-18,-0.10220269982835463,exper2_05
4.03000020980835,3.479544,Validation,2010,2010-01-19,-0.07330089225711998,exper2_05
4.039999961853027,3.3978553,Validation,2010,2010-01-20,-0.0863346568311586,exper2_05
3.880000114440918,3.369657,Validation,2010,2010-01-21,-0.07039547718627515,exper2_05
3.880000114440918,3.389687,Validation,2010,2010-01-22,-0.06744623823245453,exper2_05
3.8399999141693115,3.3828201,Validation,2010,2010-01-23,-0.06329657696264591,exper2_05
3.619999885559082,3.3918467,Validation,2010,2010-01-24,-0.03253825185441487,exper2_05
3.619999885559082,3.4247146,Validation,2010,2010-01-25,-0.02772082838060282,exper2_05
3.4800000190734863,3.4765086,Validation,2010,2010-01-26,-0.0005018899357153158,exper2_05
3.369999885559082,3.0913243,Validation,2010,2010-01-27,-0.04312978994904866,exper2_05
3.069999933242798,3.1277971,Validation,2010,2010-01-28,0.00932544143791345,exper2_05
2.8499999046325684,3.11522,Validation,2010,2010-01-29,0.04446108716621531,exper2_05
2.6600000858306885,3.1067553,Validation,2010,2010-01-30,0.07747080364774817,exper2_05
2.740000009536743,3.066771,Validation,2010,2010-01-31,0.056274135597978975,exper2_05
2.359999895095825,2.6050558,Validation,2010,2010-02-01,0.049356125797738896,exper2_05
2.430000066757202,2.4094918,Validation,2010,2010-02-02,-0.004237694782321672,exper2_05
2.4000000953674316,2.6156368,Validation,2010,2010-02-03,0.042992890752178554,exper2_05
2.609999895095825,2.6809366,Validation,2010,2010-02-04,0.013407206879515295,exper2_05
2.8299999237060547,2.9103365,Validation,2010,2010-02-05,0.013995098002568124,exper2_05
2.75,3.013667,Validation,2010,2010-02-06,0.04574641486930978,exper2_05
2.6600000858306885,2.9341097,Validation,2010,2010-02-07,0.04899968235631013,exper2_05
2.5999999046325684,2.7230039,Validation,2010,2010-02-08,0.023107997851502103,exper2_05
2.759999990463257,2.6707506,Validation,2010,2010-02-09,-0.01643407678185902,exper2_05
2.4700000286102295,2.8709939,Validation,2010,2010-02-10,0.0750785027885319,exper2_05
2.069999933242798,2.9670897,Validation,2010,2010-02-11,0.17809683635958298,exper2_05
1.9900000095367432,2.8812046,Validation,2010,2010-02-12,0.18295363592148972,exper2_05
2.359999895095825,2.4881167,Validation,2010,2010-02-13,0.026426106403042125,exper2_05
2.190000057220459,2.5591993,Validation,2010,2010-02-14,0.07773926626788327,exper2_05
2.460000038146916,2.6135159,Validation,2010,2010-02-15,0.030258270399057253,exper2_05
2.7699999809265137,2.6166,Validation,2010,2010-02-16,-0.028478064791463635,exper2_05
2.630000114440918,2.7600946,Validation,2010,2010-02-17,0.02413585179135459,exper2_05
2.759999990463257,2.9342813,Validation,2010,2010-02-18,0.030606383549311163,exper2_05
2.799999952316284,3.296957,Validation,2010,2010-02-19,0.08150903249902405,exper2_05
2.6500000953674316,3.447836,Validation,2010,2010-02-20,0.13083917385936242,exper2_05
2.930000066757202,3.4024458,Validation,2010,2010-02-21,0.0746071481456674,exper2_05
3.119999885559082,3.1269245,Validation,2010,2010-02-22,0.001108486155372784,exper2_05
3.0999999046325684,3.1077607,Validation,2010,2010-02-23,0.0012501711491254735,exper2_05
3.1500000953674316,3.2957554,Validation,2010,2010-02-24,0.022612600089852372,exper2_05
3.240000009536743,3.2229586,Validation,2010,2010-02-25,-0.0026367869424725812,exper2_05
3.1600000858306885,3.6890404,Validation,2010,2010-02-26,0.07724298549118915,exper2_05
3.4800000190734863,3.8064094,Validation,2010,2010-02-27,0.04479700809674526,exper2_05
3.5799999237060547,3.4004912,Validation,2010,2010-02-28,-0.025715767260000254,exper2_05
3.809999942779541,3.6510386,Validation,2010,2010-03-01,-0.02130551855149623,exper2_05
3.809999942779541,3.679325,Validation,2010,2010-03-02,-0.017448146289251804,exper2_05
3.8299999237060547,3.6308794,Validation,2010,2010-03-03,-0.026688613077424244,exper2_05
3.7300000190734863,3.6123967,Validation,2010,2010-03-04,-0.01601701817922991,exper2_05
3.75,3.2555501,Validation,2010,2010-03-05,-0.07057973229584984,exper2_05
3.930000066757202,3.6099877,Validation,2010,2010-03-06,-0.042442022373374785,exper2_05
3.740000009536743,3.475184,Validation,2010,2010-03-07,-0.03670260477634578,exper2_05
3.7699999809265137,3.1506429,Validation,2010,2010-03-08,-0.08949415859839434,exper2_05
3.7200000286102295,3.8080883,Validation,2010,2010-03-09,0.011701280607552326,exper2_05
3.4200000762939453,3.8616998,Validation,2010,2010-03-10,0.06065887767800987,exper2_05
3.319999933242798,4.246032,Validation,2010,2010-03-11,0.12239338715511659,exper2_05
3.710000038146916,4.0083156,Validation,2010,2010-03-12,0.03865034036737965,exper2_05
3.859999895095825,3.806518,Validation,2010,2010-03-13,-0.006976024504763649,exper2_05
3.950000047683716,3.780504,Validation,2010,2010-03-14,-0.021925615539362654,exper2_05
3.930000066757202,4.237407,Validation,2010,2010-03-15,0.03763827741285042,exper2_05
4.010000228881836,4.2226086,Validation,2010,2010-03-16,0.025825147616291705,exper2_05
4.090000152587891,4.428847,Validation,2010,2010-03-17,0.03977612040133405,exper2_05
4.179999828338623,4.610545,Validation,2010,2010-03-18,0.04897822952931821,exper2_05
4.590000152587891,4.7324095,Validation,2010,2010-03-19,0.015276020932446264,exper2_05
4.53000020980835,4.8096724,Validation,2010,2010-03-20,0.02994453433815056,exper2_05
4.610000133514404,5.3460298,Validation,2010,2010-03-21,0.07392802481768074,exper2_05
4.71999979019165,5.8504806,Validation,2010,2010-03-22,0.10694696259962151,exper2_05
5.349999904632568,5.886232,Validation,2010,2010-03-23,0.04772347206677144,exper2_05
6.110000133514404,5.7395377,Validation,2010,2010-03-24,-0.03126387056694165,exper2_05
7.019999980926514,5.8921733,Validation,2010,2010-03-25,-0.08734600031980749,exper2_05
7.019999980926514,6.4189863,Validation,2010,2010-03-26,-0.04472165139176522,exper2_05
6.880000114440918,6.2349114,Validation,2010,2010-03-27,-0.0491874207364226,exper2_05
6.739999771118164,6.850881,Validation,2010,2010-03-28,0.008158509344367544,exper2_05
7.130000114440918,6.5387244,Validation,2010,2010-03-29,-0.043257561478400104,exper2_05
7.5,6.6728206,Validation,2010,2010-03-30,-0.05836378354905444,exper2_05
7.179999828338623,6.8892903,Validation,2010,2010-03-31,-0.020662698132954467,exper2_05
7.349999904632568,6.619695,Validation,2010,2010-04-01,-0.052277785108934584,exper2_05
7.269999980926514,6.8318057,Validation,2010,2010-04-02,-0.031073628769954856,exper2_05
6.949999809265137,7.0066814,Validation,2010,2010-04-03,0.004061254389499544,exper2_05
7.090000152587891,7.0707383,Validation,2010,2010-04-04,-0.0013602282853334997,exper2_05
6.57000017166132,7.414251,Validation,2010,2010-04-05,0.060371533496326825,exper2_05
6.599999904632568,7.8747635,Validation,2010,2010-04-06,0.0880680084012998,exper2_05
7.559999942779541,8.016123,Validation,2010,2010-04-07,0.029283466894748304,exper2_05
8.5600004196167,8.62572,Validation,2010,2010-04-08,0.00382408201665944,exper2_05
8.979999542236328,9.295022,Validation,2010,2010-04-09,0.01723787124696984,exper2_05
9.489999771118164,8.820429,Validation,2010,2010-04-10,-0.03656773616662941,exper2_05
8.89000034332281,8.008178,Validation,2010,2010-04-11,-0.052184476977967666,exper2_05
8.460000038146916,8.276799,Validation,2010,2010-04-12,-0.010945989944272948,exper2_05
8.600000381469727,8.598876,Validation,2010,2010-04-13,-6.537531837197824e-05,exper2_05
8.720000267028809,8.426173,Validation,2010,2010-04-14,-0.01713659652842923,exper2_05
8.979999542236328,9.08571,Validation,2010,2010-04-15,0.005851418780992869,exper2_05
9.34000015258789,9.760329,Validation,2010,2010-04-16,0.022006379322061096,exper2_05
10.180000305175781,10.439881,Validation,2010,2010-04-17,0.012603419566429047,exper2_05
10.020000457763672,10.06171,Validation,2010,2010-04-18,0.0020770092889842904,exper2_05
10.520000457763672,10.595134,Validation,2010,2010-04-19,0.0035582688141267377,exper2_05
11.25,10.831664,Validation,2010,2010-04-20,-0.018944945136115738,exper2_05
11.59000015258789,11.488776,Validation,2010,2010-04-21,-0.004386018740363319,exper2_05
11.210000038146916,11.177862,Validation,2010,2010-04-22,-0.0014355042251695865,exper2_05
11.279999732971248,11.385811,Validation,2010,2010-04-23,0.004668313920767293,exper2_05
11.819999694824219,11.634734,Validation,2010,2010-04-24,-0.007898854971997113,exper2_05
13.0600004196167,12.204508,Validation,2010,2010-04-25,-0.03386143848443121,exper2_05
13.3100004196167,12.470482,Validation,2010,2010-04-26,-0.03256411332975373,exper2_05
14.029999732971248,12.59641,Validation,2010,2010-04-27,-0.05384090309484355,exper2_05
14.380000114440918,13.058642,Validation,2010,2010-04-28,-0.04815681850742447,exper2_05
15.279999732971248,13.32067,Validation,2010,2010-04-29,-0.06850642361301175,exper2_05
17.040000915527344,13.758121,Validation,2010,2010-04-30,-0.10656105710222442,exper2_05
16.6299991607666,14.018982,Validation,2010,2010-05-01,-0.08519099604434481,exper2_05
16.190000534057617,14.046231,Validation,2010,2010-05-02,-0.0709006756571135,exper2_05
15.64000034332281,13.69944,Validation,2010,2010-05-03,-0.06614169588826416,exper2_05
15.359999656677246,13.39848,Validation,2010,2010-05-04,-0.06820663805669369,exper2_05
15.069999694824219,13.552289,Validation,2010,2010-05-05,-0.05302548309220997,exper2_05
15.0600004196167,13.775884,Validation,2010,2010-05-06,-0.04453190132123251,exper2_05
14.979999542236328,14.01253,Validation,2010,2010-05-07,-0.03336960312748934,exper2_05
14.930000305175781,13.98602,Validation,2010,2010-05-08,-0.03264557861483488,exper2_05
15.359999656677246,14.240627,Validation,2010,2010-05-09,-0.0378158330875902,exper2_05
15.359999656677246,14.449954,Validation,2010,2010-05-10,-0.030528246815007563,exper2_05
15.329999923706055,14.944239,Validation,2010,2010-05-11,-0.012742228343252006,exper2_05
15.970000267028809,15.336856,Validation,2010,2010-05-12,-0.020223824951295582,exper2_05
16.06999969482422,15.683158,Validation,2010,2010-05-13,-0.012182781273885477,exper2_05
16.270000457763672,16.030506,Validation,2010,2010-05-14,-0.00741456865544305,exper2_05
15.329999923706055,15.546886,Validation,2010,2010-05-15,0.007024235468636425,exper2_05
14.670000076293945,16.437895,Validation,2010,2010-05-16,0.056831063326543016,exper2_05
14.229999542236328,16.713188,Validation,2010,2010-05-17,0.08024992939098974,exper2_05
13.609999656677246,16.434542,Validation,2010,2010-05-18,0.09401182104422663,exper2_05
13.869999885559082,16.115044,Validation,2010,2010-05-19,0.07487211925017677,exper2_05
14.529999732971248,17.292122,Validation,2010,2010-05-20,0.08679880578686282,exper2_05
14.65999984741211,17.414968,Validation,2010,2010-05-21,0.08589154677117818,exper2_05
15.119999885559082,17.585196,Validation,2010,2010-05-22,0.07537627045616269,exper2_05
15.649999618530273,18.03801,Validation,2010,2010-05-23,0.0708860534454929,exper2_05
16.600000381469727,18.538237,Validation,2010,2010-05-24,0.05516031543071439,exper2_05
17.81999969482422,18.706581,Validation,2010,2010-05-25,0.02427222590301804,exper2_05
18.020000457763672,19.235983,Validation,2010,2010-05-26,0.032638581180999306,exper2_05
18.219999313354492,19.346027,Validation,2010,2010-05-27,0.029974638262292186,exper2_05
18.190000534057617,19.761463,Validation,2010,2010-05-28,0.041407167946802555,exper2_05
18.479999542236328,19.756887,Validation,2010,2010-05-29,0.033394138346211064,exper2_05
18.479999542236328,19.730562,Validation,2010,2010-05-30,0.03272819373744936,exper2_05
18.0,19.561045,Validation,2010,2010-05-31,0.04156020434874565,exper2_05
16.790000915527344,19.279694,Validation,2010,2010-06-01,0.06902450162625719,exper2_05
16.270000457763672,19.103315,Validation,2010,2010-06-02,0.08009752070616509,exper2_05
16.510000228881836,18.929113,Validation,2010,2010-06-03,0.06826110791955911,exper2_05
17.209999084472656,19.389524,Validation,2010,2010-06-04,0.059550648869169866,exper2_05
18.219999313354492,19.460394,Validation,2010,2010-06-05,0.0329188335449719,exper2_05
19.469999313354492,19.696394,Validation,2010,2010-06-06,0.0057803293681307575,exper2_05
20.079999923706055,20.049242,Validation,2010,2010-06-07,-0.0007664710959690635,exper2_05
20.670000076293945,20.44771,Validation,2010,2010-06-08,-0.005406187223188268,exper2_05
21.450000762939453,20.843857,Validation,2010,2010-06-09,-0.014331725365765796,exper2_05
21.920000076293945,20.692244,Validation,2010,2010-06-10,-0.028812294190864833,exper2_05
21.80999946594244,21.031382,Validation,2010,2010-06-11,-0.018174434142542613,exper2_05
21.799999237060547,21.32947,Validation,2010,2010-06-12,-0.010909699750086934,exper2_05
22.440000534057617,22.013788,Validation,2010,2010-06-13,-0.00958776119438847,exper2_05
22.6200008392334,21.882349,Validation,2010,2010-06-14,-0.016575570219982405,exper2_05
22.540000915527344,21.201422,Validation,2010,2010-06-15,-0.03060209514604282,exper2_05
22.0,19.779512,Validation,2010,2010-06-16,-0.05314776230652546,exper2_05
21.90999984741211,20.21871,Validation,2010,2010-06-17,-0.04014577968420891,exper2_05
21.93000030517578,20.099365,Validation,2010,2010-06-18,-0.04355609577494344,exper2_05
21.5,20.263527,Validation,2010,2010-06-19,-0.02960652930410124,exper2_05
20.700000762939453,19.430824,Validation,2010,2010-06-20,-0.03162597533948254,exper2_05
19.989999771118164,19.846365,Validation,2010,2010-06-21,-0.0036056200674450993,exper2_05
19.579999923706055,19.425165,Validation,2010,2010-06-22,-0.003969595998814667,exper2_05
19.950000762939453,19.782263,Validation,2010,2010-06-23,-0.004221706637497528,exper2_05
20.290000915527344,20.55005,Validation,2010,2010-06-24,0.006367519369675316,exper2_05
20.920000076293945,20.734179,Validation,2010,2010-06-25,-0.004461053833303738,exper2_05
21.200000762939453,21.372095,Validation,2010,2010-06-26,0.004042421252041719,exper2_05
21.790000915527344,21.722763,Validation,2010,2010-06-27,-0.0015452443802321636,exper2_05
22.360000610351562,21.80461,Validation,2010,2010-06-28,-0.012575483238483306,exper2_05
23.139999389648438,22.141619,Validation,2010,2010-06-29,-0.022048254954201048,exper2_05
23.34000015258789,23.116266,Validation,2010,2010-06-30,-0.004816011257463779,exper2_05
23.540000915527344,23.55926,Validation,2010,2010-07-01,0.00040889175351144956,exper2_05
23.950000762939453,24.061329,Validation,2010,2010-07-02,0.002318788623634005,exper2_05
24.25,24.134626,Validation,2010,2010-07-03,-0.0023845097102475183,exper2_05
24.56999969482422,24.73197,Validation,2010,2010-07-04,0.0032852671018987574,exper2_05
24.239999771118164,24.710884,Validation,2010,2010-07-05,0.009619526470968828,exper2_05
23.969999313354492,24.623236,Validation,2010,2010-07-06,0.013442949187203285,exper2_05
23.760000228881836,25.05605,Validation,2010,2010-07-07,0.026549651790839367,exper2_05
23.829999923706055,24.625656,Validation,2010,2010-07-08,0.016420295772608232,exper2_05
24.329999923706055,24.59954,Validation,2010,2010-07-09,0.005508753674155916,exper2_05
24.780000686645508,24.911827,Validation,2010,2010-07-10,0.002652878886972313,exper2_05
25.329999923706055,25.179144,Validation,2010,2010-07-11,-0.0029867070916129693,exper2_05
25.510000228881836,25.227938,Validation,2010,2010-07-12,-0.005559203665746761,exper2_05
25.600000381469727,25.607746,Validation,2010,2010-07-13,0.00015126115336834304,exper2_05
26.09000015258789,25.544285,Validation,2010,2010-07-14,-0.010568856183736864,exper2_05
26.770000457763672,25.88442,Validation,2010,2010-07-15,-0.016818721933040768,exper2_05
26.700000762939453,25.941141,Validation,2010,2010-07-16,-0.014415713776950634,exper2_05
27.469999313354492,26.06951,Validation,2010,2010-07-17,-0.0261580622984111,exper2_05
26.6299991607666,25.93827,Validation,2010,2010-07-18,-0.013158671485229825,exper2_05
26.209999084472656,25.68998,Validation,2010,2010-07-19,-0.010019648271537172,exper2_05
26.010000228881836,25.260742,Validation,2010,2010-07-20,-0.014613754474178158,exper2_05
26.3799991607666,25.065813,Validation,2010,2010-07-21,-0.025545054871231068,exper2_05
26.920000076293945,25.07439,Validation,2010,2010-07-22,-0.03549632273032665,exper2_05
26.959999084472656,25.626976,Validation,2010,2010-07-23,-0.025348920884184382,exper2_05
26.100000381469727,25.423927,Validation,2010,2010-07-24,-0.013121536044901013,exper2_05
25.040000915527344,24.782856,Validation,2010,2010-07-25,-0.005161183921643782,exper2_05
24.360000610351562,24.665968,Validation,2010,2010-07-26,0.006240923738413499,exper2_05
24.030000686645508,24.724924,Validation,2010,2010-07-27,0.0142533990996346,exper2_05
23.90999984741211,24.801073,Validation,2010,2010-07-28,0.018293032230271074,exper2_05
23.56999969482422,24.736216,Validation,2010,2010-07-29,0.024142150025532678,exper2_05
23.079999923706055,24.042143,Validation,2010,2010-07-30,0.02041806436069852,exper2_05
22.889999389648438,23.96758,Validation,2010,2010-07-31,0.02299694950927198,exper2_05
23.299999237060547,23.027033,Validation,2010,2010-08-01,-0.005892162147618644,exper2_05
23.989999771118164,23.072792,Validation,2010,2010-08-02,-0.019489020568922752,exper2_05
23.80999946594244,23.71965,Validation,2010,2010-08-03,-0.0019009018137614532,exper2_05
23.719999313354492,23.38532,Validation,2010,2010-08-04,-0.007104901316181066,exper2_05
23.25,23.397215,Validation,2010,2010-08-05,0.003155920238218148,exper2_05
22.920000076293945,23.497114,Validation,2010,2010-08-06,0.012433218101822753,exper2_05
22.709999084472656,23.227427,Validation,2010,2010-08-07,0.011263744921461951,exper2_05
22.799999237060547,22.647722,Validation,2010,2010-08-08,-0.003350596857983955,exper2_05
23.110000610351562,22.953325,Validation,2010,2010-08-09,-0.0034013032221471328,exper2_05
23.280000686645508,23.313396,Validation,2010,2010-08-10,0.0007167489228400483,exper2_05
23.420000076293945,23.183577,Validation,2010,2010-08-11,-0.005073076132239674,exper2_05
23.6299991607666,23.32289,Validation,2010,2010-08-12,-0.006540808087603134,exper2_05
23.43000030517578,22.898474,Validation,2010,2010-08-13,-0.01147299962951013,exper2_05
23.100000381469727,23.03984,Validation,2010,2010-08-14,-0.0013038554494283205,exper2_05
23.18000030517578,23.160227,Validation,2010,2010-08-15,-0.0004267023383839683,exper2_05
22.959999084472656,22.951157,Validation,2010,2010-08-16,-0.0001925995572702843,exper2_05
22.959999084472656,23.078287,Validation,2010,2010-08-17,0.0025693406488648844,exper2_05
22.90999984741211,22.349459,Validation,2010,2010-08-18,-0.012385060957712024,exper2_05
23.100000381469727,22.455027,Validation,2010,2010-08-19,-0.014158124739312427,exper2_05
23.440000534057617,22.454897,Validation,2010,2010-08-20,-0.021464338339925153,exper2_05
24.020000457763672,22.70344,Validation,2010,2010-08-21,-0.028177735638491627,exper2_05
24.420000076293945,22.867498,Validation,2010,2010-08-22,-0.03283112299366883,exper2_05
24.75,22.945045,Validation,2010,2010-08-23,-0.03784364834915224,exper2_05
24.420000076293945,22.810055,Validation,2010,2010-08-24,-0.03408730525873944,exper2_05
23.959999084472656,22.260765,Validation,2010,2010-08-25,-0.03676343391686838,exper2_05
24.05999946594244,22.75774,Validation,2010,2010-08-26,-0.02781551308261239,exper2_05
24.31999969482422,22.47482,Validation,2010,2010-08-27,-0.03943129935556271,exper2_05
23.950000762939453,22.652653,Validation,2010,2010-08-28,-0.027838501135258025,exper2_05
23.3799991607666,22.41324,Validation,2010,2010-08-29,-0.0211113853618787,exper2_05
22.719999313354492,22.139135,Validation,2010,2010-08-30,-0.012948621431443865,exper2_05
21.969999313354492,21.94547,Validation,2010,2010-08-31,-0.0005585390148188306,exper2_05
21.31999969482422,22.15774,Validation,2010,2010-09-01,0.019268249851271277,exper2_05
21.15999984741211,21.901403,Validation,2010,2010-09-02,0.017217357618030404,exper2_05
20.950000762939453,21.799143,Validation,2010,2010-09-03,0.01986337042260063,exper2_05
20.709999084472656,21.858532,Validation,2010,2010-09-04,0.026980796364576485,exper2_05
20.6299991607666,21.378038,Validation,2010,2010-09-05,0.017807050481944725,exper2_05
20.360000610351562,20.98916,Validation,2010,2010-09-06,0.015215784550384063,exper2_05
20.09000015258789,20.62681,Validation,2010,2010-09-07,0.01318398760313641,exper2_05
19.8799991607666,20.271822,Validation,2010,2010-09-08,0.009758531589628637,exper2_05
20.030000686645508,19.973917,Validation,2010,2010-09-09,-0.0014019546692423523,exper2_05
20.049999237060547,19.422094,Validation,2010,2010-09-10,-0.015907564939795102,exper2_05
19.8799991607666,19.449224,Validation,2010,2010-09-11,-0.010953043282586093,exper2_05
19.959999084472656,19.50717,Validation,2010,2010-09-12,-0.011473570936010894,exper2_05
19.729999542236328,19.379412,Validation,2010,2010-09-13,-0.008964283371605243,exper2_05
19.670000076293945,19.472069,Validation,2010,2010-09-14,-0.005056740622629188,exper2_05
19.940000534057617,19.627268,Validation,2010,2010-09-15,-0.007903823271201954,exper2_05
19.690000534057617,19.505041,Validation,2010,2010-09-16,-0.004718949229396934,exper2_05
19.30999946594244,19.379381,Validation,2010,2010-09-17,0.0017933012291513274,exper2_05
18.920000076293945,19.228262,Validation,2010,2010-09-18,0.008080626874811632,exper2_05
18.739999771118164,18.77897,Validation,2010,2010-09-19,0.00103869980325098,exper2_05
18.579999923706055,19.045176,Validation,2010,2010-09-20,0.012363414197441119,exper2_05
18.549999237060547,19.195717,Validation,2010,2010-09-21,0.0171070438622741,exper2_05
18.690000534057617,19.297026,Validation,2010,2010-09-22,0.015979801710592344,exper2_05
18.639999389648438,19.418785,Validation,2010,2010-09-23,0.020462705682997955,exper2_05
18.670000076293945,19.50322,Validation,2010,2010-09-24,0.021827331704420774,exper2_05
18.280000686645508,19.47183,Validation,2010,2010-09-25,0.0315701158884186,exper2_05
18.139999389648438,19.06569,Validation,2010,2010-09-26,0.024880327045923575,exper2_05
17.950000762939453,18.611431,Validation,2010,2010-09-27,0.01809093147586276,exper2_05
18.05999946594244,18.369585,Validation,2010,2010-09-28,0.008498191113380208,exper2_05
17.940000534057617,18.228752,Validation,2010,2010-09-29,0.00798345480158223,exper2_05
17.959999084472656,17.887978,Validation,2010,2010-09-30,-0.0020090808752952433,exper2_05
17.65999984741211,18.143461,Validation,2010,2010-10-01,0.01350320235785167,exper2_05
17.670000076293945,18.10585,Validation,2010,2010-10-02,0.01218280319898081,exper2_05
17.6200008392334,18.106432,Validation,2010,2010-10-03,0.013615440549166245,exper2_05
17.55999946594244,18.097944,Validation,2010,2010-10-04,0.015086253930989247,exper2_05
17.670000076293945,18.083963,Validation,2010,2010-10-05,0.011578109884604063,exper2_05
17.469999313354492,18.067152,Validation,2010,2010-10-06,0.016803617833733065,exper2_05
17.190000534057617,17.640657,Validation,2010,2010-10-07,0.012938512140649821,exper2_05
17.040000915527344,17.169405,Validation,2010,2010-10-08,0.0037827043350310203,exper2_05
16.8700008392334,17.13909,Validation,2010,2010-10-09,0.00791225939199435,exper2_05
16.440000534057617,17.034693,Validation,2010,2010-10-10,0.017765427301289202,exper2_05
16.290000915527344,16.835093,Validation,2010,2010-10-11,0.016455549919736117,exper2_05
16.030000686645508,16.52127,Validation,2010,2010-10-12,0.015092192826762496,exper2_05
15.75,15.886289,Validation,2010,2010-10-13,0.004307984556019008,exper2_05
15.6899995803833,15.962599,Validation,2010,2010-10-14,0.00861222250995815,exper2_05
15.539999961853027,16.008192,Validation,2010,2010-10-15,0.014840536667372315,exper2_05
15.300000190734863,14.399003,Validation,2010,2010-10-16,-0.030337622956668146,exper2_05
14.989999771118164,14.310784,Validation,2010,2010-10-17,-0.023180793682509616,exper2_05
14.670000076293945,13.656155,Validation,2010,2010-10-18,-0.035791848704702145,exper2_05
14.449999809265137,13.213583,Validation,2010,2010-10-19,-0.0446947463591062,exper2_05
14.210000038146916,12.792998,Validation,2010,2010-10-20,-0.052475717909877734,exper2_05
14.0,13.234046,Validation,2010,2010-10-21,-0.02812487054385012,exper2_05
13.84000015258789,14.054528,Validation,2010,2010-10-22,0.007690686890624886,exper2_05
13.699999809265137,12.813468,Validation,2010,2010-10-23,-0.03343703799515607,exper2_05
13.569999694824219,13.832196,Validation,2010,2010-10-24,0.00956844997013046,exper2_05
13.229999542236328,13.196984,Validation,2010,2010-10-25,-0.0012493007665161555,exper2_05
12.920000076293945,12.490672,Validation,2010,2010-10-26,-0.016895576850924608,exper2_05
12.630000114440918,12.451436,Validation,2010,2010-10-27,-0.007119371894652247,exper2_05
12.350000381469727,12.372781,Validation,2010,2010-10-28,0.0009214342928858768,exper2_05
12.039999961853027,12.278167,Validation,2010,2010-10-29,0.009793781402152816,exper2_05
12.0,11.742259,Validation,2010,2010-10-30,-0.01085578984496153,exper2_05
12.14000034332281,12.41104,Validation,2010,2010-10-31,0.01103985638079117,exper2_05
12.109999656677246,12.574613,Validation,2010,2010-11-01,0.018821967128955175,exper2_05
12.039999961853027,12.695864,Validation,2010,2010-11-02,0.026514690177705712,exper2_05
12.029999732971248,12.415179,Validation,2010,2010-11-03,0.015756870501141728,exper2_05
12.039999961853027,12.782925,Validation,2010,2010-11-04,0.029928975001962257,exper2_05
12.14000034332281,11.770015,Validation,2010,2010-11-05,-0.015474083926799128,exper2_05
12.0,11.370381,Validation,2010,2010-11-06,-0.02694088021682862,exper2_05
11.779999732971248,11.919225,Validation,2010,2010-11-07,0.00587466506626322,exper2_05
11.59000015258789,11.773855,Validation,2010,2010-11-08,0.007869208823395191,exper2_05
11.25,11.280305,Validation,2010,2010-11-09,0.0013450731747828557,exper2_05
10.989999771118164,10.904331,Validation,2010,2010-11-10,-0.003912819438388666,exper2_05
10.850000381469727,10.617582,Validation,2010,2010-11-11,-0.010826466282772864,exper2_05
10.819999694824219,10.389274,Validation,2010,2010-11-12,-0.02030838324632237,exper2_05
10.789999961853027,10.171386,Validation,2010,2010-11-13,-0.02951208497549956,exper2_05
10.619999885559082,10.648772,Validation,2010,2010-11-14,0.001352798081457008,exper2_05
10.65999984741211,10.973326,Validation,2010,2010-11-15,0.014483482016943433,exper2_05
10.699999809265137,11.243514,Validation,2010,2010-11-16,0.024768788395650793,exper2_05
10.670000076293945,11.3217,Validation,2010,2010-11-17,0.029633908007421866,exper2_05
10.699999809265137,10.606284,Validation,2010,2010-11-18,-0.004398498956504598,exper2_05
10.539999961853027,10.333438,Validation,2010,2010-11-19,-0.009895928184388945,exper2_05
10.489999771118164,10.043752,Validation,2010,2010-11-20,-0.021732417223954876,exper2_05
10.369999885559082,9.86075,Validation,2010,2010-11-21,-0.025172061593480257,exper2_05
10.210000038146916,9.666085,Validation,2010,2010-11-22,-0.027365287843254444,exper2_05
10.050000190734863,9.502809,Validation,2010,2010-11-23,-0.027985320500232995,exper2_05
9.800000190734863,9.368298,Validation,2010,2010-11-24,-0.022521698017410156,exper2_05
9.529999732971248,8.805072,Validation,2010,2010-11-25,-0.03953777326160738,exper2_05
9.239999771118164,7.7307115,Validation,2010,2010-11-26,-0.08893488849347998,exper2_05
8.949999809265137,7.960093,Validation,2010,2010-11-27,-0.058539405891232944,exper2_05
8.619999885559082,7.3206983,Validation,2010,2010-11-28,-0.08150845165820338,exper2_05
8.3100004196167,6.805601,Validation,2010,2010-11-29,-0.0995262607101124,exper2_05
8.109999656677246,6.51012,Validation,2010,2010-11-30,-0.10943000389457315,exper2_05
7.769999980926514,6.1990523,Validation,2010,2010-12-01,-0.11245914266030922,exper2_05
7.519999980926514,7.7936554,Validation,2010,2010-12-02,0.017870025663658202,exper2_05
7.309999942779541,7.219605,Validation,2010,2010-12-03,-0.006221433707494948,exper2_05
7.210000038146916,6.318466,Validation,2010,2010-12-04,-0.06590058598052213,exper2_05
7.0,5.7046146,Validation,2010,2010-12-05,-0.10196179872410195,exper2_05
6.940000057220459,5.3107624,Validation,2010,2010-12-06,-0.13299071439811852,exper2_05
6.96999979019165,5.2539387,Validation,2010,2010-12-07,-0.14038528745557374,exper2_05
6.960000038146916,5.2162337,Validation,2010,2010-12-08,-0.14321064632868472,exper2_05
6.78000020980835,4.9095287,Validation,2010,2010-12-09,-0.16001256224882693,exper2_05
6.550000190734863,4.7651725,Validation,2010,2010-12-10,-0.15773755831157468,exper2_05
6.409999847412109,4.682018,Validation,2010,2010-12-11,-0.15578608857747692,exper2_05
6.28000020980835,4.7288337,Validation,2010,2010-12-12,-0.14090198386135902,exper2_05
6.0,4.617212,Validation,2010,2010-12-13,-0.1302402367889168,exper2_05
5.920000076293945,4.553308,Validation,2010,2010-12-14,-0.1304928733995659,exper2_05
5.679999828338623,4.511294,Validation,2010,2010-12-15,-0.1146768970422631,exper2_05
5.57000017166132,4.481156,Validation,2010,2010-12-16,-0.10833025520140536,exper2_05
5.260000228881836,4.454679,Validation,2010,2010-12-17,-0.08289735528986938,exper2_05
5.21999979019165,4.4348507,Validation,2010,2010-12-18,-0.08132172516083193,exper2_05
5.050000190734863,4.41828,Validation,2010,2010-12-19,-0.0667196201450785,exper2_05
5.0,4.4340262,Validation,2010,2010-12-20,-0.05999281157600105,exper2_05
5.090000152587891,4.4059587,Validation,2010,2010-12-21,-0.07203501132769345,exper2_05
4.980000019073486,4.393327,Validation,2010,2010-12-22,-0.06258959779404,exper2_05
5.050000190734863,4.387591,Validation,2010,2010-12-23,-0.07018838814326733,exper2_05
5.159999847412109,4.3751316,Validation,2010,2010-12-24,-0.08231331094955048,exper2_05
5.28000020980835,4.364798,Validation,2010,2010-12-25,-0.09489074984792309,exper2_05
4.96999979019165,4.356808,Validation,2010,2010-12-26,-0.06574506585825758,exper2_05
4.730000019073486,4.3462024,Validation,2010,2010-12-27,-0.0422861488724282,exper2_05
4.659999847412109,4.3460097,Validation,2010,2010-12-28,-0.03486451056656994,exper2_05
4.559999942779541,4.3440213,Validation,2010,2010-12-29,-0.024256301288389074,exper2_05
4.480000019073486,4.351299,Validation,2010,2010-12-30,-0.014573304847538219,exper2_05
4.389999866485596,4.351977,Validation,2010,2010-12-31,-0.004349473366812024,exper2_05
4.329999923706055,3.5020752,Validation,2011,2011-01-01,-0.10570949790600359,exper2_05
4.25,3.2970486,Validation,2011,2011-01-02,-0.1262680930958063,exper2_05
4.139999866485596,3.0336764,Validation,2011,2011-01-03,-0.15421987857917782,exper2_05
4.0,2.965588,Validation,2011,2011-01-04,-0.14850316921046197,exper2_05
3.799999952316284,2.878985,Validation,2011,2011-01-05,-0.13789745607621245,exper2_05
3.7799999713897705,3.2054098,Validation,2011,2011-01-06,-0.08225576276978287,exper2_05
3.8299999237060547,3.3257847,Validation,2011,2011-01-07,-0.07046260727159906,exper2_05
4.039999961853027,3.4479034,Validation,2011,2011-01-08,-0.07907374587518276,exper2_05
3.940000057220459,3.5176282,Validation,2011,2011-01-09,-0.05663621866803753,exper2_05
3.9100000858306885,3.5783072,Validation,2011,2011-01-10,-0.04429478165234171,exper2_05
4.099999904632568,3.614921,Validation,2011,2011-01-11,-0.06287540880783804,exper2_05
4.050000190734863,3.5382674,Validation,2011,2011-01-12,-0.0674373712218248,exper2_05
4.050000190734863,3.506459,Validation,2011,2011-01-13,-0.07193067274662306,exper2_05
4.059999942779541,3.485867,Validation,2011,2011-01-14,-0.07608574626078132,exper2_05
4.159999847412109,3.4657948,Validation,2011,2011-01-15,-0.09103379747837893,exper2_05
4.050000190734863,3.508786,Validation,2011,2011-01-16,-0.07160067987963732,exper2_05
3.950000047683716,3.515851,Validation,2011,2011-01-17,-0.05815131093395172,exper2_05
3.9100000858306885,3.5105214,Validation,2011,2011-01-18,-0.053834312596133846,exper2_05
3.640000104904118,3.5643315,Validation,2011,2011-01-19,-0.010503205182398995,exper2_05
3.5199999809265137,3.493428,Validation,2011,2011-01-20,-0.0037887305840348033,exper2_05
3.5999999046325684,3.459889,Validation,2011,2011-01-21,-0.01984605887208,exper2_05
3.5999999046325684,3.2642412,Validation,2011,2011-01-22,-0.048914174202140316,exper2_05
3.3499999046325684,2.9392502,Validation,2011,2011-01-23,-0.06530980085050142,exper2_05
3.049999952316284,3.190946,Validation,2011,2011-01-24,0.022584100006016863,exper2_05
3.1600000858306885,3.2524347,Validation,2011,2011-01-25,0.014414905936082498,exper2_05
3.0999999046325684,3.2943976,Validation,2011,2011-01-26,0.030401251720401534,exper2_05
3.200000047683716,3.3380523,Validation,2011,2011-01-27,0.02111519124441213,exper2_05
3.0399999618530273,3.3540406,Validation,2011,2011-01-28,0.04911458673194487,exper2_05
3.140000104904118,3.368528,Validation,2011,2011-01-29,0.03511205368599351,exper2_05
3.1500000953674316,3.34439,Validation,2011,2011-01-30,0.029931959702851518,exper2_05
3.0799999237060547,3.3388963,Validation,2011,2011-01-31,0.040333469005194925,exper2_05
3.0,3.0890284,Validation,2011,2011-02-01,0.014621110827277684,exper2_05
3.0299999713897705,2.7495604,Validation,2011,2011-02-02,-0.0485226555926425,exper2_05
3.0899999141693115,2.7353046,Validation,2011,2011-02-03,-0.060888717427482995,exper2_05
2.990000009536743,2.7400966,Validation,2011,2011-02-04,-0.04361243079372451,exper2_05
3.0299999713897705,2.773738,Validation,2011,2011-02-05,-0.044154658485905454,exper2_05
3.190000057220459,2.750335,Validation,2011,2011-02-06,-0.07401351548395178,exper2_05
3.1600000858306885,2.6069608,Validation,2011,2011-02-07,-0.09589787859769236,exper2_05
3.180000066757202,2.6044393,Validation,2011,2011-02-08,-0.09950157237558445,exper2_05
3.2899999618530273,2.6155896,Validation,2011,2011-02-09,-0.11419864756483268,exper2_05
3.299999952316284,2.573167,Validation,2011,2011-02-10,-0.12375484333588484,exper2_05
3.3299999237060547,2.5856252,Validation,2011,2011-02-11,-0.12583196873439512,exper2_05
3.390000104904118,2.704937,Validation,2011,2011-02-12,-0.11239871946581594,exper2_05
3.430000066757202,2.842194,Validation,2011,2011-02-13,-0.09371616576557344,exper2_05
3.450000047683716,2.9436717,Validation,2011,2011-02-14,-0.07919210808157795,exper2_05
3.460000038146916,3.069817,Validation,2011,2011-02-15,-0.05975404298766403,exper2_05
3.450000047683716,3.1341143,Validation,2011,2011-02-16,-0.04797695896805656,exper2_05
3.509999990463257,3.12082,Validation,2011,2011-02-17,-0.05869258144286527,exper2_05
3.450000047683716,3.113522,Validation,2011,2011-02-18,-0.051264852889857014,exper2_05
3.559999942779541,3.1579459,Validation,2011,2011-02-19,-0.059847769325644395,exper2_05
3.440000057220459,3.1008892,Validation,2011,2011-02-20,-0.05184476263772907,exper2_05
3.509999990463257,2.9623282,Validation,2011,2011-02-21,-0.08461743273047041,exper2_05
3.4000000953674316,2.8738241,Validation,2011,2011-02-22,-0.08386846009280267,exper2_05
3.460000038146916,2.704714,Validation,2011,2011-02-23,-0.12251760038070583,exper2_05
3.680000066757202,2.4243963,Validation,2011,2011-02-24,-0.20568844480019172,exper2_05
3.509999990463257,2.4517045,Validation,2011,2011-02-25,-0.1775155896567278,exper2_05
3.630000114440918,2.5803852,Validation,2011,2011-02-26,-0.16900962690613616,exper2_05
3.609999895095825,2.7131536,Validation,2011,2011-02-27,-0.141835287566624,exper2_05
3.640000104904118,3.0731432,Validation,2011,2011-02-28,-0.08443985651293164,exper2_05
3.5199999809265137,3.0775537,Validation,2011,2011-03-01,-0.06706216424270095,exper2_05
3.509999990463257,3.1025057,Validation,2011,2011-03-02,-0.06162479499174667,exper2_05
3.5,3.0982504,Validation,2011,2011-03-03,-0.06088729393546567,exper2_05
3.450000047683716,3.2840796,Validation,2011,2011-03-04,-0.024638927048353045,exper2_05
3.819999933242798,3.4154358,Validation,2011,2011-03-05,-0.05591427491654452,exper2_05
3.890000104904118,3.6865885,Validation,2011,2011-03-06,-0.026847383307633622,exper2_05
3.8399999141693115,3.398733,Validation,2011,2011-03-07,-0.060959151945529866,exper2_05
3.9100000858306885,3.4417496,Validation,2011,2011-03-08,-0.06369239090316532,exper2_05
4.010000228881836,3.76498,Validation,2011,2011-03-09,-0.03151392562750473,exper2_05
3.990000009536743,4.0594378,Validation,2011,2011-03-10,0.008626408985613884,exper2_05
4.03000020980835,4.100881,Validation,2011,2011-03-11,0.008717491646284527,exper2_05
4.139999866485596,4.299115,Validation,2011,2011-03-12,0.01885450234875402,exper2_05
4.130000114440918,4.2963324,Validation,2011,2011-03-13,0.019739577733386904,exper2_05
4.190000057220459,4.965106,Validation,2011,2011-03-14,0.0846637873431957,exper2_05
4.46999979019165,5.0588818,Validation,2011,2011-03-15,0.06179969457822556,exper2_05
4.539999961853027,5.222397,Validation,2011,2011-03-16,0.06990054817925652,exper2_05
4.909999847412109,5.3702836,Validation,2011,2011-03-17,0.04477344991958697,exper2_05
4.710000038146916,5.2464886,Validation,2011,2011-03-18,0.05388330706452194,exper2_05
5.010000228881836,5.025948,Validation,2011,2011-03-19,0.001589069444829167,exper2_05
4.840000152587891,4.6368546,Validation,2011,2011-03-20,-0.021435962485417803,exper2_05
4.82000017166132,5.311416,Validation,2011,2011-03-21,0.04850417374214129,exper2_05
5.32000017166132,5.8960333,Validation,2011,2011-03-22,0.05135800615320998,exper2_05
5.639999866485596,6.386024,Validation,2011,2011-03-23,0.06203414696039714,exper2_05
6.409999847412109,6.921708,Validation,2011,2011-03-24,0.03838279846307139,exper2_05
7.5,7.578815,Validation,2011,2011-03-25,0.00522686852082565,exper2_05
6.650000095367432,7.1689487,Validation,2011,2011-03-26,0.03755340326832902,exper2_05
6.730000019073486,6.949684,Validation,2011,2011-03-27,0.016059151760310458,exper2_05
7.139999866485596,6.8296666,Validation,2011,2011-03-28,-0.022214793200310452,exper2_05
7.460000038146916,6.8928657,Validation,2011,2011-03-29,-0.03951366872334204,exper2_05
7.75,7.726782,Validation,2011,2011-03-30,-0.0015001926847336385,exper2_05
8.39000034332281,8.541994,Validation,2011,2011-03-31,0.008976718725064529,exper2_05
8.779999732971248,8.248651,Validation,2011,2011-04-01,-0.03120324707320071,exper2_05
10.210000038146916,9.190282,Validation,2011,2011-04-02,-0.05256202848495028,exper2_05
10.720000267028809,9.831594,Validation,2011,2011-04-03,-0.043228071171901465,exper2_05
11.1899995803833,9.104456,Validation,2011,2011-04-04,-0.10276420717980249,exper2_05
11.220000267028809,9.787506,Validation,2011,2011-04-05,-0.06818963365979257,exper2_05
11.34000015258789,9.988206,Validation,2011,2011-04-06,-0.06338058807708465,exper2_05
11.720000267028809,10.616736,Validation,2011,2011-04-07,-0.049392347272191175,exper2_05
11.920000076293945,11.330878,Validation,2011,2011-04-08,-0.025337615640947678,exper2_05
11.609999656677246,11.462595,Validation,2011,2011-04-09,-0.006388734036999973,exper2_05
10.079999923706055,11.414624,Validation,2011,2011-04-10,0.06209107365196477,exper2_05
11.800000190734863,11.853334,Validation,2011,2011-04-11,0.0022548294778403583,exper2_05
12.14000034332281,11.254664,Validation,2011,2011-04-12,-0.037843496846696925,exper2_05
11.65999984741211,10.548714,Validation,2011,2011-04-13,-0.050038295183292135,exper2_05
11.180000305175781,11.155499,Validation,2011,2011-04-14,-0.0010969464360427623,exper2_05
10.770000457763672,11.122213,Validation,2011,2011-04-15,0.01608850108796745,exper2_05
10.600000381469727,11.187204,Validation,2011,2011-04-16,0.026951781398032178,exper2_05
11.170000076293945,11.327115,Validation,2011,2011-04-17,0.006983783550060651,exper2_05
11.760000228881836,11.927957,Validation,2011,2011-04-18,0.00709036889846913,exper2_05
12.39000034332281,12.417416,Validation,2011,2011-04-19,0.0011051241941291265,exper2_05
13.050000190734863,12.191134,Validation,2011,2011-04-20,-0.03402643145974225,exper2_05
13.90999984741211,12.218671,Validation,2011,2011-04-21,-0.06473077112451368,exper2_05
14.770000457763672,12.329854,Validation,2011,2011-04-22,-0.09004278783092369,exper2_05
15.170000076293945,12.773738,Validation,2011,2011-04-23,-0.0857531004005886,exper2_05
14.960000038146916,13.121215,Validation,2011,2011-04-24,-0.0654809693150206,exper2_05
15.1899995803833,12.899959,Validation,2011,2011-04-25,-0.08152525376805465,exper2_05
15.020000457763672,13.097227,Validation,2011,2011-04-26,-0.06838417327922315,exper2_05
14.729999542236328,12.449125,Validation,2011,2011-04-27,-0.08392007713291146,exper2_05
14.680000305175781,12.849035,Validation,2011,2011-04-28,-0.06651032280356399,exper2_05
14.579999923706055,12.804158,Validation,2011,2011-04-29,-0.06484923524878884,exper2_05
14.670000076293945,13.22087,Validation,2011,2011-04-30,-0.051957147747239536,exper2_05
15.180000305175781,13.445159,Validation,2011,2011-05-01,-0.06060547404346165,exper2_05
15.579999923706055,13.854201,Validation,2011,2011-05-02,-0.058632425346593964,exper2_05
15.649999618530273,14.357074,Validation,2011,2011-05-03,-0.043087368678617816,exper2_05
15.420000076293945,14.418157,Validation,2011,2011-05-04,-0.033575916318218976,exper2_05
15.199999809265137,15.073975,Validation,2011,2011-05-05,-0.004162823095091906,exper2_05
15.5600004196167,15.5290785,Validation,2011,2011-05-06,-0.0009946237433227784,exper2_05
16.149999618530273,16.427004,Validation,2011,2011-05-07,0.008503060820860655,exper2_05
16.149999618530273,16.732454,Validation,2011,2011-05-08,0.017713236452512767,exper2_05
15.680000305175781,16.956503,Validation,2011,2011-05-09,0.03911272603757821,exper2_05
16.360000610351562,16.639769,Validation,2011,2011-05-10,0.008477877173171647,exper2_05
16.770000457763672,17.996675,Validation,2011,2011-05-11,0.035283069205849914,exper2_05
17.239999771118164,18.081158,Validation,2011,2011-05-12,0.023814562540004004,exper2_05
17.979999542236328,18.378794,Validation,2011,2011-05-13,0.010968300607701653,exper2_05
18.520000457763672,18.502655,Validation,2011,2011-05-14,-0.0004685084913171374,exper2_05
17.530000686645508,17.416508,Validation,2011,2011-05-15,-0.003247619601206962,exper2_05
16.670000076293945,16.967108,Validation,2011,2011-05-16,0.00883273609211222,exper2_05
16.90999984741211,17.65582,Validation,2011,2011-05-17,0.02157683469311122,exper2_05
17.639999389648438,17.99291,Validation,2011,2011-05-18,0.009904074567976385,exper2_05
18.30999946594244,18.507774,Validation,2011,2011-05-19,0.005371723126372287,exper2_05
19.209999084472656,18.713354,Validation,2011,2011-05-20,-0.013096019521234452,exper2_05
18.920000076293945,18.920155,Validation,2011,2011-05-21,4.082838473988211e-06,exper2_05
18.989999771118164,19.254545,Validation,2011,2011-05-22,0.006917207167506951,exper2_05
19.30999946594244,19.441664,Validation,2011,2011-05-23,0.0033976419390376556,exper2_05
19.520000457763672,19.749489,Validation,2011,2011-05-24,0.0058439357618774185,exper2_05
20.510000228881836,20.063307,Validation,2011,2011-05-25,-0.011009539350561473,exper2_05
21.030000686645508,20.713448,Validation,2011,2011-05-26,-0.007583300591087587,exper2_05
21.290000915527344,20.689589,Validation,2011,2011-05-27,-0.014302483098694899,exper2_05
20.450000762939453,20.71743,Validation,2011,2011-05-28,0.006496138964833932,exper2_05
19.93000030517578,20.376322,Validation,2011,2011-05-29,0.011073237750247596,exper2_05
20.420000076293945,20.429092,Validation,2011,2011-05-30,0.0002225834254772061,exper2_05
21.049999237060547,21.041975,Validation,2011,2011-05-31,-0.00019063528949670244,exper2_05
21.329999923706055,20.910332,Validation,2011,2011-06-01,-0.009935248641306986,exper2_05
21.200000762939453,21.048687,Validation,2011,2011-06-02,-0.003581502522744428,exper2_05
21.3799991607666,20.823381,Validation,2011,2011-06-03,-0.013188937215564562,exper2_05
21.479999542236328,20.554823,Validation,2011,2011-06-04,-0.022009766337802102,exper2_05
21.760000228881836,20.216433,Validation,2011,2011-06-05,-0.03677224467391926,exper2_05
22.239999771118164,20.055964,Validation,2011,2011-06-06,-0.05163699051005747,exper2_05
21.260000228881836,20.12577,Validation,2011,2011-06-07,-0.027406271241815456,exper2_05
21.06999969482422,20.129154,Validation,2011,2011-06-08,-0.022836524550534712,exper2_05
20.8799991607666,20.276106,Validation,2011,2011-06-09,-0.014673236921236843,exper2_05
20.940000534057617,20.514128,Validation,2011,2011-06-10,-0.010273350823059753,exper2_05
21.450000762939453,20.241116,Validation,2011,2011-06-11,-0.028996229873412903,exper2_05
21.649999618530273,20.38069,Validation,2011,2011-06-12,-0.030199599876312534,exper2_05
21.34000015258789,20.395006,Validation,2011,2011-06-13,-0.022642717848224064,exper2_05
21.31999969482422,20.500578,Validation,2011,2011-06-14,-0.019593745825452098,exper2_05
21.56999969482422,20.825094,Validation,2011,2011-06-15,-0.017570558358597756,exper2_05
22.190000534057617,21.192356,Validation,2011,2011-06-16,-0.02299654748202549,exper2_05
22.520000457763672,21.279982,Validation,2011,2011-06-17,-0.02831094411400898,exper2_05
22.170000076293945,20.996557,Validation,2011,2011-06-18,-0.02718407289454247,exper2_05
21.190000534057617,20.969324,Validation,2011,2011-06-19,-0.005234344334785221,exper2_05
21.010000228881836,21.589668,Validation,2011,2011-06-20,0.013607336991501262,exper2_05
21.770000457763672,21.608421,Validation,2011,2011-06-21,-0.0037248734609735146,exper2_05
23.010000228881836,21.95902,Validation,2011,2011-06-22,-0.023371191868181145,exper2_05
23.260000228881836,22.153109,Validation,2011,2011-06-23,-0.0243738352361834,exper2_05
22.55999946594244,21.753456,Validation,2011,2011-06-24,-0.018200867877103552,exper2_05
21.719999313354492,22.082844,Validation,2011,2011-06-25,0.008283582560736729,exper2_05
21.760000228881836,21.5305,Validation,2011,2011-06-26,-0.005301389762119499,exper2_05
22.479999542236328,21.812933,Validation,2011,2011-06-27,-0.015060338891321183,exper2_05
23.209999084472656,21.900331,Validation,2011,2011-06-28,-0.029032542444115537,exper2_05
23.579999923706055,21.832508,Validation,2011,2011-06-29,-0.03848040799970331,exper2_05
23.280000686645508,21.961222,Validation,2011,2011-06-30,-0.02914994163013192,exper2_05
22.549999237060547,21.721804,Validation,2011,2011-07-01,-0.01870706674694409,exper2_05
22.209999084472656,21.893593,Validation,2011,2011-07-02,-0.007174160566819576,exper2_05
21.93000030517578,22.839766,Validation,2011,2011-07-03,0.02032097390233259,exper2_05
22.290000915527344,22.592924,Validation,2011,2011-07-04,0.00674918584936438,exper2_05
22.770000457763672,23.172514,Validation,2011,2011-07-05,0.008761242372424188,exper2_05
23.200000762939453,23.185564,Validation,2011,2011-07-06,-0.0003112330713819155,exper2_05
23.780000686645508,23.617647,Validation,2011,2011-07-07,-0.00342534963153749,exper2_05
23.8700008392334,23.951525,Validation,2011,2011-07-08,0.0017047531270824815,exper2_05
24.420000076293945,23.617207,Validation,2011,2011-07-09,-0.016711910595894094,exper2_05
24.719999313354492,23.653444,Validation,2011,2011-07-10,-0.022048358432680316,exper2_05
24.540000915527344,24.4522,Validation,2011,2011-07-11,-0.0017921419754237547,exper2_05
24.540000915527344,24.923637,Validation,2011,2011-07-12,0.00775592915827716,exper2_05
25.209999084472656,25.196074,Validation,2011,2011-07-13,-0.0002762673552072045,exper2_05
25.399999618530273,25.426903,Validation,2011,2011-07-14,0.0005293093067061294,exper2_05
24.75,24.093134,Validation,2011,2011-07-15,-0.013448483354862524,exper2_05
24.40999984741211,23.398626,Validation,2011,2011-07-16,-0.021154624192649903,exper2_05
24.3799991607666,23.318247,Validation,2011,2011-07-17,-0.02225977700075233,exper2_05
24.30999946594244,23.040648,Validation,2011,2011-07-18,-0.026807489240043295,exper2_05
24.18000030517578,23.129549,Validation,2011,2011-07-19,-0.022203789584261367,exper2_05
23.549999237060547,23.264185,Validation,2011,2011-07-20,-0.006105292449941666,exper2_05
23.280000686645508,23.062468,Validation,2011,2011-07-21,-0.004694033782226466,exper2_05
23.149999618530273,22.982897,Validation,2011,2011-07-22,-0.003622205122073398,exper2_05
22.84000015258789,23.29886,Validation,2011,2011-07-23,0.00994520433214465,exper2_05
22.229999542236328,22.43622,Validation,2011,2011-07-24,0.004616925904272716,exper2_05
21.75,22.569012,Validation,2011,2011-07-25,0.01847991769297251,exper2_05
21.84000015258789,21.947084,Validation,2011,2011-07-26,0.0024455675759286594,exper2_05
22.040000915527344,21.924366,Validation,2011,2011-07-27,-0.00263019636884875,exper2_05
21.790000915527344,22.643915,Validation,2011,2011-07-28,0.019217623292482125,exper2_05
21.969999313354492,22.153921,Validation,2011,2011-07-29,0.0041683017313054295,exper2_05
21.93000030517578,22.535526,Validation,2011,2011-07-30,0.01361787472275891,exper2_05
22.25,22.815634,Validation,2011,2011-07-31,0.012551332943474752,exper2_05
22.420000076293945,22.889805,Validation,2011,2011-08-01,0.010368721839808377,exper2_05
22.649999618530273,23.165373,Validation,2011,2011-08-02,0.011248914987021475,exper2_05
23.219999313354492,23.226313,Validation,2011,2011-08-03,0.0001359273472845987,exper2_05
23.34000015258789,23.169596,Validation,2011,2011-08-04,-0.003663855404739329,exper2_05
23.31999969482422,22.977945,Validation,2011,2011-08-05,-0.00738811121959266,exper2_05
23.729999542236328,23.129377,Validation,2011,2011-08-06,-0.012817545105467077,exper2_05
23.780000686645508,22.964996,Validation,2011,2011-08-07,-0.017435113929456292,exper2_05
23.579999923706055,22.915428,Validation,2011,2011-08-08,-0.01429327117636936,exper2_05
22.709999084472656,22.70264,Validation,2011,2011-08-09,-0.00016203750954143888,exper2_05
22.469999313354492,23.464052,Validation,2011,2011-08-10,0.021640871079421753,exper2_05
22.610000610351562,23.267517,Validation,2011,2011-08-11,0.014331997729018112,exper2_05
22.899999618530273,23.284868,Validation,2011,2011-08-12,0.008333219075176306,exper2_05
22.940000534057617,23.732674,Validation,2011,2011-08-13,0.016983666029517133,exper2_05
23.229999542236328,23.338106,Validation,2011,2011-08-14,0.002321473281758964,exper2_05
23.1200008392334,23.972057,Validation,2011,2011-08-15,0.018093422462173752,exper2_05
23.149999618530273,23.513195,Validation,2011,2011-08-16,0.007783338067316132,exper2_05
23.3700008392334,23.623121,Validation,2011,2011-08-17,0.005386329127487577,exper2_05
24.05999946594244,23.627344,Validation,2011,2011-08-18,-0.009072749745200566,exper2_05
24.110000610351562,24.158457,Validation,2011,2011-08-19,0.001003889384785526,exper2_05
24.200000762939453,24.289951,Validation,2011,2011-08-20,0.0018550350670857147,exper2_05
24.670000076293945,24.401993,Validation,2011,2011-08-21,-0.005461512010114173,exper2_05
25.360000610351562,24.640697,Validation,2011,2011-08-22,-0.014385861769660656,exper2_05
25.549999237060547,25.272259,Validation,2011,2011-08-23,-0.005464937794374285,exper2_05
25.709999084472656,25.246483,Validation,2011,2011-08-24,-0.009096315478678741,exper2_05
25.950000762939453,25.201672,Validation,2011,2011-08-25,-0.014629612836174586,exper2_05
25.940000534057617,25.10967,Validation,2011,2011-08-26,-0.016265136991854577,exper2_05
25.540000915527344,25.361383,Validation,2011,2011-08-27,-0.0035090887936572827,exper2_05
24.649999618530273,24.590197,Validation,2011,2011-08-28,-0.0012145160583085465,exper2_05
24.420000076293945,24.630812,Validation,2011,2011-08-29,0.0042978211245339225,exper2_05
24.30999946594244,24.231058,Validation,2011,2011-08-30,-0.0016262798781001208,exper2_05
24.209999084472656,23.69699,Validation,2011,2011-08-31,-0.010708459139264673,exper2_05
24.139999389648438,23.363564,Validation,2011,2011-09-01,-0.016344791931500565,exper2_05
24.05999946594244,23.044592,Validation,2011,2011-09-02,-0.021556445618815152,exper2_05
23.8799991607666,23.003664,Validation,2011,2011-09-03,-0.018691695244148807,exper2_05
24.040000915527344,22.853579,Validation,2011,2011-09-04,-0.025300315333184387,exper2_05
24.15999984741211,22.73465,Validation,2011,2011-09-05,-0.03039472955306577,exper2_05
23.8700008392334,22.595106,Validation,2011,2011-09-06,-0.027437679533163898,exper2_05
23.65999984741211,22.423439,Validation,2011,2011-09-07,-0.026833084764641718,exper2_05
23.600000381469727,22.39758,Validation,2011,2011-09-08,-0.02614096653509277,exper2_05
23.65999984741211,22.44984,Validation,2011,2011-09-09,-0.026245141849152564,exper2_05
23.8700008392334,22.19319,Validation,2011,2011-09-10,-0.03640241158958257,exper2_05
24.030000686645508,22.56389,Validation,2011,2011-09-11,-0.031465717790502924,exper2_05
24.020000457763672,22.37626,Validation,2011,2011-09-12,-0.03542827928942085,exper2_05
23.969999313354492,22.167345,Validation,2011,2011-09-13,-0.03907147867631811,exper2_05
23.850000381469727,22.173819,Validation,2011,2011-09-14,-0.036419876288741826,exper2_05
23.469999313354492,21.548227,Validation,2011,2011-09-15,-0.042688754029443304,exper2_05
23.34000015258789,21.607645,Validation,2011,2011-09-16,-0.038541621270168934,exper2_05
23.260000228881836,21.585203,Validation,2011,2011-09-17,-0.03734618044163523,exper2_05
22.950000762939453,21.551207,Validation,2011,2011-09-18,-0.031432724131278775,exper2_05
22.1200008392334,19.894304,Validation,2011,2011-09-19,-0.052974732240413346,exper2_05
21.1299991607666,19.889116,Validation,2011,2011-09-20,-0.030251331848154664,exper2_05
21.100000381469727,20.033895,Validation,2011,2011-09-21,-0.0259179167512133,exper2_05
21.030000686645508,20.299461,Validation,2011,2011-09-22,-0.017675993967475705,exper2_05
21.15999984741211,19.856592,Validation,2011,2011-09-23,-0.03177757109242262,exper2_05
20.899999618530273,19.660696,Validation,2011,2011-09-24,-0.03055429817122449,exper2_05
20.940000534057617,19.62801,Validation,2011,2011-09-25,-0.03234052464580322,exper2_05
20.90999984741211,19.624657,Validation,2011,2011-09-26,-0.031709733851676046,exper2_05
20.850000381469727,19.622553,Validation,2011,2011-09-27,-0.03032789906007152,exper2_05
20.889999389648438,19.456041,Validation,2011,2011-09-28,-0.03554148133983235,exper2_05
20.709999084472656,19.490261,Validation,2011,2011-09-29,-0.030341545096119787,exper2_05
20.639999389648438,19.515215,Validation,2011,2011-09-30,-0.028010919352334265,exper2_05
20.6200008392334,19.552885,Validation,2011,2011-10-01,-0.02656308502422496,exper2_05
20.600000381469727,19.531118,Validation,2011,2011-10-02,-0.026634741845444523,exper2_05
20.649999618530273,19.540236,Validation,2011,2011-10-03,-0.027612779455313013,exper2_05
20.459999084472656,19.537195,Validation,2011,2011-10-04,-0.023071715283068724,exper2_05
20.34000015258789,19.37372,Validation,2011,2011-10-05,-0.024331137342315682,exper2_05
20.3799991607666,19.171343,Validation,2011,2011-10-06,-0.030559173206166926,exper2_05
19.469999313354492,17.852844,Validation,2011,2011-10-07,-0.04332882817023108,exper2_05
18.690000534057617,18.154692,Validation,2011,2011-10-08,-0.014528791136203275,exper2_05
18.110000610351562,18.16982,Validation,2011,2011-10-09,0.0016488552828901625,exper2_05
17.56999969482422,15.94621,Validation,2011,2011-10-10,-0.04844789451305792,exper2_05
17.65999984741211,16.830145,Validation,2011,2011-10-11,-0.024060640270303735,exper2_05
17.520000457763672,16.820095,Validation,2011,2011-10-12,-0.020381579751278876,exper2_05
17.100000381469727,16.264902,Validation,2011,2011-10-13,-0.02502924343007513,exper2_05
16.790000915527344,16.339792,Validation,2011,2011-10-14,-0.013589238594683467,exper2_05
16.420000076293945,16.478243,Validation,2011,2011-10-15,0.0017703923561906974,exper2_05
16.0,16.333384,Validation,2011,2011-10-16,0.010310815741264823,exper2_05
15.579999923706055,16.230314,Validation,2011,2011-10-17,0.020443505443115104,exper2_05
15.3100004196167,16.13552,Validation,2011,2011-10-18,0.02625240351816132,exper2_05
15.09000015258789,14.743327,Validation,2011,2011-10-19,-0.01162032676980438,exper2_05
14.8100004196167,14.172188,Validation,2011,2011-10-20,-0.02200705514345216,exper2_05
14.300000190734863,13.883023,Validation,2011,2011-10-21,-0.014795322773296005,exper2_05
13.979999542236328,14.361747,Validation,2011,2011-10-22,0.013469432735024257,exper2_05
13.75,13.176288,Validation,2011,2011-10-23,-0.021306774865244384,exper2_05
13.569999694824219,12.758424,Validation,2011,2011-10-24,-0.030825084896766452,exper2_05
13.369999885559082,13.375316,Validation,2011,2011-10-25,0.0001987555775650238,exper2_05
13.170000076293945,13.59011,Validation,2011,2011-10-26,0.015699104016680822,exper2_05
13.279999732971248,13.6074705,Validation,2011,2011-10-27,0.012179307924120664,exper2_05
13.460000038146916,14.090133,Validation,2011,2011-10-28,0.022872219196020113,exper2_05
13.100000381469727,13.639397,Validation,2011,2011-10-29,0.020172342892523048,exper2_05
12.920000076293945,13.165292,Validation,2011,2011-10-30,0.009403448931796177,exper2_05
12.829999923706055,13.1666765,Validation,2011,2011-10-31,0.012950755390113484,exper2_05
12.5,12.740321,Validation,2011,2011-11-01,0.009521319393895541,exper2_05
12.369999885559082,12.469436,Validation,2011,2011-11-02,0.0040031427431030196,exper2_05
12.1899995803833,11.948403,Validation,2011,2011-11-03,-0.010008790661749164,exper2_05
12.270000457763672,12.585231,Validation,2011,2011-11-04,0.012682656860123582,exper2_05
12.260000228881836,12.760058,Validation,2011,2011-11-05,0.019986291059118408,exper2_05
12.279999732971248,12.799697,Validation,2011,2011-11-06,0.020721829154250214,exper2_05
12.199999809265137,12.706995,Validation,2011,2011-11-07,0.020355534852042226,exper2_05
12.229999542236328,12.268453,Validation,2011,2011-11-08,0.0015696135339061787,exper2_05
12.079999923706055,11.646871,Validation,2011,2011-11-09,-0.01825480144699474,exper2_05
11.859999656677246,11.342799,Validation,2011,2011-11-10,-0.022290434592039804,exper2_05
11.649999618530273,11.016145,Validation,2011,2011-11-11,-0.02796482964424674,exper2_05
11.350000381469727,10.749613,Validation,2011,2011-11-12,-0.02716733402022101,exper2_05
11.039999961853027,10.780401,Validation,2011,2011-11-13,-0.011897065031656641,exper2_05
10.729999542236328,10.62444,Validation,2011,2011-11-14,-0.0049432038661734075,exper2_05
10.470000267028809,10.441524,Validation,2011,2011-11-15,-0.001361771400994613,exper2_05
10.199999809265137,10.225295,Validation,2011,2011-11-16,0.0012384280237716175,exper2_05
9.970000267028809,9.971444,Validation,2011,2011-11-17,7.240513206045684e-05,exper2_05
9.739999771118164,9.863767,Validation,2011,2011-11-18,0.006313424488054338,exper2_05
9.520000457763672,9.655741,Validation,2011,2011-11-19,0.007078750112770427,exper2_05
9.289999961853027,9.475833,Validation,2011,2011-11-20,0.00990273004535863,exper2_05
9.100000381469727,9.32879,Validation,2011,2011-11-21,0.012414777550823233,exper2_05
8.89000034332281,9.200956,Validation,2011,2011-11-22,0.017188477461183283,exper2_05
8.760000228881836,9.095614,Validation,2011,2011-11-23,0.018796003988469992,exper2_05
8.460000038146916,9.007657,Validation,2011,2011-11-24,0.03135263133125467,exper2_05
8.239999771118164,8.874829,Validation,2011,2011-11-25,0.03709236702434872,exper2_05
8.130000114440918,7.97594,Validation,2011,2011-11-26,-0.009565407772628421,exper2_05
7.929999828338623,10.75036,Validation,2011,2011-11-27,0.15097994915349378,exper2_05
7.860000133514404,10.765964,Validation,2011,2011-11-28,0.15601680909300997,exper2_05
7.599999904632568,10.135165,Validation,2011,2011-11-29,0.14294568406163716,exper2_05
7.46999979019165,9.60426,Validation,2011,2011-11-30,0.12499871883734161,exper2_05
7.349999904632568,9.174901,Validation,2011,2011-12-01,0.11043340674505427,exper2_05
7.28000020980835,8.726653,Validation,2011,2011-12-02,0.09037822343851216,exper2_05
7.349999904632568,8.533053,Validation,2011,2011-12-03,0.07448526872939551,exper2_05
7.369999885559082,8.437986,Validation,2011,2011-12-04,0.0675599327335661,exper2_05
7.420000076293945,7.731744,Validation,2011,2011-12-05,0.020574775983139216,exper2_05
7.090000152587891,7.2800508,Validation,2011,2011-12-06,0.013225464766089639,exper2_05
6.840000152587891,6.666959,Validation,2011,2011-12-07,-0.012811273372664252,exper2_05
6.96999979019165,6.54021,Validation,2011,2011-12-08,-0.03181223933409294,exper2_05
6.840000152587891,6.2344704,Validation,2011,2011-12-09,-0.046313904966864036,exper2_05
6.78000020980835,6.0433054,Validation,2011,2011-12-10,-0.0574496807111565,exper2_05
6.639999866485596,5.8660283,Validation,2011,2011-12-11,-0.06188787893045659,exper2_05
6.639999866485596,5.688788,Validation,2011,2011-12-12,-0.07715372707117933,exper2_05
6.630000114440918,5.5121207,Validation,2011,2011-12-13,-0.09206623831339404,exper2_05
6.590000152587891,5.3270583,Validation,2011,2011-12-14,-0.10597764882301985,exper2_05
6.519999980926514,5.1782317,Validation,2011,2011-12-15,-0.11469838344073302,exper2_05
6.409999847412109,5.0082126,Validation,2011,2011-12-16,-0.12276766539600155,exper2_05
6.32000017166132,4.887115,Validation,2011,2011-12-17,-0.12785495177130807,exper2_05
6.110000133514404,4.8323746,Validation,2011,2011-12-18,-0.11675944162546487,exper2_05
5.960000038146916,4.744367,Validation,2011,2011-12-19,-0.11356420209022909,exper2_05
5.699999809265137,4.683395,Validation,2011,2011-12-20,-0.0979067952199799,exper2_05
5.630000114440918,4.6497045,Validation,2011,2011-12-21,-0.09536224036038793,exper2_05
5.610000133514404,4.6222205,Validation,2011,2011-12-22,-0.09653619200800502,exper2_05
5.559999942779541,4.5795665,Validation,2011,2011-12-23,-0.09669382528729492,exper2_05
5.349999904632568,4.5364976,Validation,2011,2011-12-24,-0.08228417717269762,exper2_05
5.440000057220459,4.5087333,Validation,2011,2011-12-25,-0.09360656817295777,exper2_05
5.260000228881836,4.481625,Validation,2011,2011-12-26,-0.07990197981181194,exper2_05
5.230000019073486,4.7979937,Validation,2011,2011-12-27,-0.043080039031437936,exper2_05
5.119999885559082,4.75378,Validation,2011,2011-12-28,-0.03709015248456583,exper2_05
4.989999771118164,4.5814843,Validation,2011,2011-12-29,-0.042680471444598043,exper2_05
5.03000020980835,4.5082564,Validation,2011,2011-12-30,-0.054700119091100244,exper2_05
4.889999866485596,4.464227,Validation,2011,2011-12-31,-0.04551660590717265,exper2_05
4.900000095367432,3.6592536,Validation,2012,2012-01-01,-0.14495965917877918,exper2_05
4.920000076293945,3.4272444,Validation,2012,2012-01-02,-0.17883214649754173,exper2_05
5.090000152587891,3.5628967,Validation,2012,2012-01-03,-0.17648464381994486,exper2_05
5.0,3.5615194,Validation,2012,2012-01-04,-0.16801697818258424,exper2_05
4.889999866485596,3.5151594,Validation,2012,2012-01-05,-0.16357102340732527,exper2_05
4.829999923706055,3.4066064,Validation,2012,2012-01-06,-0.17281310114956708,exper2_05
4.630000114440918,3.4307857,Validation,2012,2012-01-07,-0.14877140921754686,exper2_05
4.769999980926514,3.4511952,Validation,2012,2012-01-08,-0.16041520794269692,exper2_05
4.630000114440918,3.4333477,Validation,2012,2012-01-09,-0.1484063988869115,exper2_05
4.590000152587891,3.4247198,Validation,2012,2012-01-10,-0.14539252119485824,exper2_05
4.599999904632568,3.481212,Validation,2012,2012-01-11,-0.138443098741914,exper2_05
4.46999979019165,3.4878979,Validation,2012,2012-01-12,-0.12341223258232213,exper2_05
4.460000038146916,3.4164882,Validation,2012,2012-01-13,-0.13248440673867273,exper2_05
4.349999904632568,3.248131,Validation,2012,2012-01-14,-0.14501840997128515,exper2_05
4.130000114440918,3.248002,Validation,2012,2012-01-15,-0.1195442942682872,exper2_05
4.010000228881836,3.166602,Validation,2012,2012-01-16,-0.11752056445181566,exper2_05
3.940000057220459,3.2168345,Validation,2012,2012-01-17,-0.10104544149265406,exper2_05
3.950000047683716,3.284094,Validation,2012,2012-01-18,-0.09205104872818164,exper2_05
3.809999942779541,3.3235264,Validation,2012,2012-01-19,-0.06819538306222643,exper2_05
3.7300000190734863,3.377849,Validation,2012,2012-01-20,-0.049543949379588684,exper2_05
3.869999885559082,3.397304,Validation,2012,2012-01-21,-0.06504418022837753,exper2_05
3.8299999237060547,3.417273,Validation,2012,2012-01-22,-0.05694926642415801,exper2_05
3.7300000190734863,3.434675,Validation,2012,2012-01-23,-0.04121960046022031,exper2_05
3.619999885559082,3.4354184,Validation,2012,2012-01-24,-0.026161669167688684,exper2_05
3.6600000858306885,3.334319,Validation,2012,2012-01-25,-0.04656364140796074,exper2_05
3.549999952316284,3.1695137,Validation,2012,2012-01-26,-0.056624075710757886,exper2_05
3.1500000953674316,3.2082686,Validation,2012,2012-01-27,0.00916421583626413,exper2_05
3.0,3.2218506,Validation,2012,2012-01-28,0.03565669552116767,exper2_05
3.0799999237060547,3.2837648,Validation,2012,2012-01-29,0.03201955494252791,exper2_05
3.359999895095825,3.005165,Validation,2012,2012-01-30,-0.05574636246917635,exper2_05
3.180000066757202,3.1268277,Validation,2012,2012-01-31,-0.008430918324455682,exper2_05
3.0199999809265137,3.2020125,Validation,2012,2012-02-01,0.02925300413702534,exper2_05
3.009999990463257,3.243898,Validation,2012,2012-02-02,0.037400342628416745,exper2_05
3.200000047683716,2.8626423,Validation,2012,2012-02-03,-0.055645334292359794,exper2_05
3.069999933242798,3.1566987,Validation,2012,2012-02-04,0.01392371392567053,exper2_05
2.630000114440918,2.8210034,Validation,2012,2012-02-05,0.03504002901435436,exper2_05
2.819999933242798,2.6039298,Validation,2012,2012-02-06,-0.039836463130576746,exper2_05
2.299999952316284,2.9308922,Validation,2012,2012-02-07,0.12060892384814698,exper2_05
2.569999933242798,2.484583,Validation,2012,2012-02-08,-0.016898928169331445,exper2_05
2.5299999713897705,2.3016443,Validation,2012,2012-02-09,-0.04726251191378797,exper2_05
2.490000009536743,2.333302,Validation,2012,2012-02-10,-0.03248769981999857,exper2_05
2.4700000286102295,2.4976304,Validation,2012,2012-02-11,0.0055620742654260815,exper2_05
2.450000047683716,2.5497708,Validation,2012,2012-02-12,0.019955071297813282,exper2_05
2.3399999141693115,2.3463256,Validation,2012,2012-02-13,0.0013498255025444301,exper2_05
2.359999895095825,2.3885474,Validation,2012,2012-02-14,0.0060118439405908095,exper2_05
2.4200000762939453,2.4715827,Validation,2012,2012-02-15,0.010545170698040653,exper2_05
2.490000009536743,2.3634067,Validation,2012,2012-02-16,-0.026083400801005546,exper2_05
2.5399999618530273,2.5686402,Validation,2012,2012-02-17,0.005606241415696598,exper2_05
2.559999942779541,2.7039669,Validation,2012,2012-02-18,0.027349510117839034,exper2_05
2.640000104904118,2.7994535,Validation,2012,2012-02-19,0.0293142296452372,exper2_05
2.7300000190734863,2.933602,Validation,2012,2012-02-20,0.03594921950527279,exper2_05
2.75,2.8245127,Validation,2012,2012-02-21,0.013366678640673762,exper2_05
2.819999933242798,2.626514,Validation,2012,2012-02-22,-0.03552473731452459,exper2_05
2.9100000858306885,3.0197988,Validation,2012,2012-02-23,0.01851642403905308,exper2_05
3.0299999713897705,3.1559072,Validation,2012,2012-02-24,0.020353875371811957,exper2_05
3.109999895095825,3.2884047,Validation,2012,2012-02-25,0.027882701899410414,exper2_05
3.1700000762939453,3.3324804,Validation,2012,2012-02-26,0.024987441967222253,exper2_05
3.2799999713897705,3.4940655,Validation,2012,2012-02-27,0.03160075023343607,exper2_05
3.2799999713897705,3.549469,Validation,2012,2012-02-28,0.039456804637507684,exper2_05
3.369999885559082,3.567826,Validation,2012,2012-02-29,0.028514141088576167,exper2_05
3.390000104904118,3.6402597,Validation,2012,2012-03-01,0.03559749472370858,exper2_05
3.490000009536743,3.7585113,Validation,2012,2012-03-02,0.03704364712592336,exper2_05
3.609999895095825,3.7803202,Validation,2012,2012-03-03,0.023046400020853463,exper2_05
3.5899999141693115,4.00081,Validation,2012,2012-03-04,0.05411941925673166,exper2_05
3.6500000953674316,4.0503306,Validation,2012,2012-03-05,0.05198874663101151,exper2_05
3.75,3.9283829,Validation,2012,2012-03-06,0.023231828429653198,exper2_05
3.7799999713897705,3.7254548,Validation,2012,2012-03-07,-0.007267402937831413,exper2_05
3.809999942779541,4.2747803,Validation,2012,2012-03-08,0.05748830744040125,exper2_05
4.07000017166132,4.2484803,Validation,2012,2012-03-09,0.02145585945593041,exper2_05
4.190000057220459,4.2453904,Validation,2012,2012-03-10,0.006566424891929451,exper2_05
4.090000152587891,4.5863585,Validation,2012,2012-03-11,0.057208145928121366,exper2_05
4.510000228881836,4.898051,Validation,2012,2012-03-12,0.0412466466867169,exper2_05
4.869999885559082,5.049531,Validation,2012,2012-03-13,0.0180987488008805,exper2_05
5.440000057220459,5.1532187,Validation,2012,2012-03-14,-0.027072159686058306,exper2_05
5.96999979019165,5.2859273,Validation,2012,2012-03-15,-0.06077442482416092,exper2_05
6.03000020980835,5.5157204,Validation,2012,2012-03-16,-0.04454289699254508,exper2_05
6.809999942779541,5.4039197,Validation,2012,2012-03-17,-0.11512113125538612,exper2_05
6.510000228881836,5.5975776,Validation,2012,2012-03-18,-0.07535963609140423,exper2_05
6.460000038146916,5.611483,Validation,2012,2012-03-19,-0.07029102650979278,exper2_05
6.699999809265137,5.7694736,Validation,2012,2012-03-20,-0.07462434294934364,exper2_05
6.650000095367432,5.864141,Validation,2012,2012-03-21,-0.06279768645517293,exper2_05
7.190000057220459,6.5093493,Validation,2012,2012-03-22,-0.04968489313014882,exper2_05
7.619999885559082,6.9373574,Validation,2012,2012-03-23,-0.046893295621856616,exper2_05
8.5600004196167,6.733063,Validation,2012,2012-03-24,-0.1194618188725394,exper2_05
8.489999771118164,7.1269636,Validation,2012,2012-03-25,-0.08727920543604795,exper2_05
8.380000114440918,7.2054343,Validation,2012,2012-03-26,-0.07536304469707458,exper2_05
8.350000381469727,7.452924,Validation,2012,2012-03-27,-0.05676649447179448,exper2_05
9.029999732971248,8.133178,Validation,2012,2012-03-28,-0.05225267735058626,exper2_05
8.960000038146916,8.948512,Validation,2012,2012-03-29,-0.0006414804725984865,exper2_05
8.630000114440918,8.896452,Validation,2012,2012-03-30,0.0152028393796717,exper2_05
9.069999694824219,9.554856,Validation,2012,2012-03-31,0.02603277070465991,exper2_05
8.64000034332281,9.245759,Validation,2012,2012-04-01,0.033868210737663,exper2_05
8.829999923706055,8.828679,Validation,2012,2012-04-02,-7.47982863037533e-05,exper2_05
9.34000015258789,8.425124,Validation,2012,2012-04-03,-0.051498428474899965,exper2_05
9.3100004196167,8.590659,Validation,2012,2012-04-04,-0.040185182876561476,exper2_05
9.039999961853027,8.851413,Validation,2012,2012-04-05,-0.0105406538608287,exper2_05
8.9399995803833,8.679218,Validation,2012,2012-04-06,-0.014800957115822284,exper2_05
9.210000038146916,8.771937,Validation,2012,2012-04-07,-0.024361260852839926,exper2_05
8.760000228881836,8.611226,Validation,2012,2012-04-08,-0.008564400945130486,exper2_05
8.739999771118164,8.265034,Validation,2012,2012-04-09,-0.027930909362141477,exper2_05
8.989999771118164,8.847525,Validation,2012,2012-04-10,-0.00798738237810094,exper2_05
9.859999656677246,8.748834,Validation,2012,2012-04-11,-0.05971174988120603,exper2_05
9.9399995803833,8.972152,Validation,2012,2012-04-12,-0.05117597712006781,exper2_05
9.65999984741211,8.912809,Validation,2012,2012-04-13,-0.04023034246671708,exper2_05
9.579999923706055,8.646834,Validation,2012,2012-04-14,-0.05119734645178078,exper2_05
9.600000381469727,9.119517,Validation,2012,2012-04-15,-0.025667491150902114,exper2_05
10.130000114440918,9.260852,Validation,2012,2012-04-16,-0.04482259240275138,exper2_05
9.989999771118164,9.921849,Validation,2012,2012-04-17,-0.003422611343110932,exper2_05
9.850000381469727,10.120226,Validation,2012,2012-04-18,0.013531420275736259,exper2_05
10.380000114440918,9.951778,Validation,2012,2012-04-19,-0.021061694235043504,exper2_05
10.779999732971248,9.882996,Validation,2012,2012-04-20,-0.04341113729207373,exper2_05
11.239999771118164,10.059168,Validation,2012,2012-04-21,-0.05544028431172202,exper2_05
10.680000305175781,10.330083,Validation,2012,2012-04-22,-0.016654737084924657,exper2_05
10.279999732971248,10.2034235,Validation,2012,2012-04-23,-0.0037384489906317803,exper2_05
10.369999885559082,10.476163,Validation,2012,2012-04-24,0.005092689045036627,exper2_05
10.89000034332281,10.872109,Validation,2012,2012-04-25,-0.0008221137737125508,exper2_05
11.0,11.297652,Validation,2012,2012-04-26,0.013349039679295599,exper2_05
10.279999732971248,12.077739,Validation,2012,2012-04-27,0.08040791018925507,exper2_05
11.9399995803833,13.429046,Validation,2012,2012-04-28,0.05869539360601401,exper2_05
13.729999542236328,13.740569,Validation,2012,2012-04-29,0.00038475987085427143,exper2_05
13.979999542236328,14.355042,Validation,2012,2012-04-30,0.013236010567644892,exper2_05
14.180000305175781,14.628123,Validation,2012,2012-05-01,0.015555437924751619,exper2_05
15.850000381469727,14.970778,Validation,2012,2012-05-02,-0.028526920768963876,exper2_05
16.399999618530273,15.346361,Validation,2012,2012-05-03,-0.03318926744369642,exper2_05
16.360000610351562,15.337064,Validation,2012,2012-05-04,-0.03227228894398648,exper2_05
15.770000457763672,15.182225,Validation,2012,2012-05-05,-0.018989756548922085,exper2_05
15.210000038146916,15.021174,Validation,2012,2012-05-06,-0.006246055954372945,exper2_05
15.270000457763672,15.5947075,Validation,2012,2012-05-07,0.010520333832736085,exper2_05
15.680000305175781,15.903545,Validation,2012,2012-05-08,0.007077896721721538,exper2_05
16.350000381469727,16.390326,Validation,2012,2012-05-09,0.0012316665656881068,exper2_05
17.649999618530273,16.874474,Validation,2012,2012-05-10,-0.022463081260589674,exper2_05
18.530000686645508,17.290003,Validation,2012,2012-05-11,-0.03461746907534282,exper2_05
18.489999771118164,17.422668,Validation,2012,2012-05-12,-0.02972018974770324,exper2_05
16.3700008392334,17.542711,Validation,2012,2012-05-13,0.034580260503526764,exper2_05
15.720000267028809,16.69979,Validation,2012,2012-05-14,0.030221935457832687,exper2_05
16.100000381469727,17.008429,Validation,2012,2012-05-15,0.027437973374430935,exper2_05
15.539999961853027,16.468332,Validation,2012,2012-05-16,0.0290028334332792,exper2_05
15.319999694824219,16.73593,Validation,2012,2012-05-17,0.04417060526263022,exper2_05
15.489999771118164,16.903141,Validation,2012,2012-05-18,0.04362470621936151,exper2_05
15.90999984741211,16.347904,Validation,2012,2012-05-19,0.013575102622733383,exper2_05
16.90999984741211,17.026098,Validation,2012,2012-05-20,0.003421088764913834,exper2_05
16.760000228881836,16.411171,Validation,2012,2012-05-21,-0.01051603717663259,exper2_05
16.15999984741211,15.984762,Validation,2012,2012-05-22,-0.005451515099910622,exper2_05
16.440000534057617,16.787945,Validation,2012,2012-05-23,0.010471434697855974,exper2_05
16.65999984741211,17.240568,Validation,2012,2012-05-24,0.01712562200888157,exper2_05
16.889999389648438,17.383034,Validation,2012,2012-05-25,0.014385489628214019,exper2_05
16.959999084472656,17.379538,Validation,2012,2012-05-26,0.012217360472704468,exper2_05
17.479999542236328,17.307335,Validation,2012,2012-05-27,-0.00496343410907712,exper2_05
17.719999313354492,17.892622,Validation,2012,2012-05-28,0.004847233209096114,exper2_05
17.940000534057617,18.65076,Validation,2012,2012-05-29,0.019424578597574856,exper2_05
18.200000762939453,18.840475,Validation,2012,2012-05-30,0.017291201174961097,exper2_05
18.459999084472656,19.600374,Validation,2012,2012-05-31,0.02996226884461761,exper2_05
19.15999984741211,19.965734,Validation,2012,2012-06-01,0.020593469955593857,exper2_05
20.149999618530273,18.48698,Validation,2012,2012-06-02,-0.04304216266009047,exper2_05
20.280000686645508,19.107737,Validation,2012,2012-06-03,-0.02976215899281558,exper2_05
19.8799991607666,18.199114,Validation,2012,2012-06-04,-0.04414192406872586,exper2_05
19.479999542236328,18.527073,Validation,2012,2012-06-05,-0.025072350337628217,exper2_05
19.329999923706055,18.749258,Validation,2012,2012-06-06,-0.015250871822572247,exper2_05
19.90999984741211,19.057943,Validation,2012,2012-06-07,-0.021865575483623077,exper2_05
20.34000015258789,19.114779,Validation,2012,2012-06-08,-0.031053820986289685,exper2_05
19.690000534057617,19.137007,Validation,2012,2012-06-09,-0.01424250316876144,exper2_05
19.700000762939453,19.072508,Validation,2012,2012-06-10,-0.016183964540270417,exper2_05
19.989999771118164,19.123196,Validation,2012,2012-06-11,-0.022161424389704396,exper2_05
19.530000686645508,19.404459,Validation,2012,2012-06-12,-0.0032244363482450042,exper2_05
19.3700008392334,19.2167,Validation,2012,2012-06-13,-0.003972903546241762,exper2_05
19.600000381469727,18.972496,Validation,2012,2012-06-14,-0.016268180882483035,exper2_05
20.280000686645508,19.460255,Validation,2012,2012-06-15,-0.02062759813987188,exper2_05
21.329999923706055,19.968458,Validation,2012,2012-06-16,-0.03296834338877659,exper2_05
21.889999389648438,20.819204,Validation,2012,2012-06-17,-0.025071763599758715,exper2_05
22.790000915527344,21.40583,Validation,2012,2012-06-18,-0.03131902922851605,exper2_05
23.389999389648438,21.990711,Validation,2012,2012-06-19,-0.03083442632197407,exper2_05
24.219999313354492,22.479225,Validation,2012,2012-06-20,-0.0372762968623839,exper2_05
24.8700008392334,22.94237,Validation,2012,2012-06-21,-0.0403165826347249,exper2_05
24.209999084472656,23.34854,Validation,2012,2012-06-22,-0.01811367128531135,exper2_05
23.579999923706055,22.89353,Validation,2012,2012-06-23,-0.014771204908708266,exper2_05
23.760000228881836,23.059612,Validation,2012,2012-06-24,-0.014959285591401722,exper2_05
23.600000381469727,22.77054,Validation,2012,2012-06-25,-0.01788765308690309,exper2_05
23.219999313354492,22.224379,Validation,2012,2012-06-26,-0.02190855664804355,exper2_05
23.489999771118164,23.422441,Validation,2012,2012-06-27,-0.0014400932198118121,exper2_05
24.260000228881836,23.335505,Validation,2012,2012-06-28,-0.019424012869888263,exper2_05
24.639999389648438,23.403658,Validation,2012,2012-06-29,-0.025733708586063924,exper2_05
25.670000076293945,23.512266,Validation,2012,2012-06-30,-0.043872193829193204,exper2_05
26.30999946594244,23.640251,Validation,2012,2012-07-01,-0.05344814636236564,exper2_05
26.3700008392334,23.814987,Validation,2012,2012-07-02,-0.050911911257281874,exper2_05
26.170000076293945,23.939508,Validation,2012,2012-07-03,-0.04451234315224674,exper2_05
26.040000915527344,24.500954,Validation,2012,2012-07-04,-0.030451487386829262,exper2_05
26.020000457763672,24.4572,Validation,2012,2012-07-05,-0.030960540102831745,exper2_05
25.489999771118164,24.582993,Validation,2012,2012-07-06,-0.01811370112501704,exper2_05
25.360000610351562,24.40898,Validation,2012,2012-07-07,-0.019108713780280354,exper2_05
25.469999313354492,24.02405,Validation,2012,2012-07-08,-0.029214614313170194,exper2_05
25.459999084472656,24.889662,Validation,2012,2012-07-09,-0.011327530029768098,exper2_05
25.3700008392334,24.663044,Validation,2012,2012-07-10,-0.014129798936211782,exper2_05
25.59000015258789,24.440117,Validation,2012,2012-07-11,-0.022983821314294713,exper2_05
24.950000762939453,23.525118,Validation,2012,2012-07-12,-0.02939410833548463,exper2_05
24.290000915527344,22.66139,Validation,2012,2012-07-13,-0.03468716407842996,exper2_05
24.049999237060547,22.315542,Validation,2012,2012-07-14,-0.03740832008955404,exper2_05
23.510000228881836,22.103796,Validation,2012,2012-07-15,-0.030828484794708007,exper2_05
23.479999542236328,21.565586,Validation,2012,2012-07-16,-0.04249946859997476,exper2_05
23.280000686645508,22.12793,Validation,2012,2012-07-17,-0.025371581343893997,exper2_05
24.030000686645508,22.368647,Validation,2012,2012-07-18,-0.03580608835211537,exper2_05
24.209999084472656,23.095135,Validation,2012,2012-07-19,-0.023567512854255592,exper2_05
24.010000228881836,22.98245,Validation,2012,2012-07-20,-0.021866272731840768,exper2_05
23.450000762939453,22.408836,Validation,2012,2012-07-21,-0.02270368076046995,exper2_05
22.90999984741211,21.673271,Validation,2012,2012-07-22,-0.02773974721313515,exper2_05
22.700000762939453,21.809992,Validation,2012,2012-07-23,-0.019995710500339495,exper2_05
22.920000076293945,22.465412,Validation,2012,2012-07-24,-0.010016168504452631,exper2_05
22.860000610351562,22.638111,Validation,2012,2012-07-25,-0.004876894610296572,exper2_05
23.020000457763672,22.799273,Validation,2012,2012-07-26,-0.004817359728870794,exper2_05
23.68000030517578,23.362192,Validation,2012,2012-07-27,-0.006755810786697204,exper2_05
24.139999389648438,23.851057,Validation,2012,2012-07-28,-0.006020753833243214,exper2_05
24.270000457763672,23.772299,Validation,2012,2012-07-29,-0.010359654980162974,exper2_05
23.969999313354492,23.691652,Validation,2012,2012-07-30,-0.005840062313633765,exper2_05
24.1200008392334,23.715511,Validation,2012,2012-07-31,-0.00845584167361621,exper2_05
24.3700008392334,23.831398,Validation,2012,2012-08-01,-0.011174008261903816,exper2_05
24.899999618530273,24.224554,Validation,2012,2012-08-02,-0.013749652791448042,exper2_05
24.90999984741211,24.427244,Validation,2012,2012-08-03,-0.009784812071786653,exper2_05
25.3700008392334,24.369799,Validation,2012,2012-08-04,-0.02010868940002255,exper2_05
25.649999618530273,24.144657,Validation,2012,2012-08-05,-0.030231004321833965,exper2_05
25.90999984741211,24.722538,Validation,2012,2012-08-06,-0.0234525446213581,exper2_05
25.969999313354492,24.445883,Validation,2012,2012-08-07,-0.030230880673075913,exper2_05
25.56999969482422,24.212004,Validation,2012,2012-08-08,-0.02727885368439294,exper2_05
25.299999237060547,23.780962,Validation,2012,2012-08-09,-0.030949623004847673,exper2_05
24.93000030517578,23.475376,Validation,2012,2012-08-10,-0.030050880360344825,exper2_05
24.610000610351562,23.427322,Validation,2012,2012-08-11,-0.024619986061761516,exper2_05
24.329999923706055,23.709688,Validation,2012,2012-08-12,-0.012912484686320903,exper2_05
24.30999946594244,23.692581,Validation,2012,2012-08-13,-0.012862189509774156,exper2_05
24.3799991607666,23.672781,Validation,2012,2012-08-14,-0.01471752868279972,exper2_05
24.469999313354492,23.700655,Validation,2012,2012-08-15,-0.01597122441170359,exper2_05
24.540000915527344,23.605946,Validation,2012,2012-08-16,-0.01940049778265424,exper2_05
24.610000610351562,23.372387,Validation,2012,2012-08-17,-0.02579308244877386,exper2_05
24.68000030517578,23.914335,Validation,2012,2012-08-18,-0.015756261415252017,exper2_05
25.049999237060547,23.596529,Validation,2012,2012-08-19,-0.029878190336866513,exper2_05
25.479999542236328,23.632425,Validation,2012,2012-08-20,-0.03761928350380237,exper2_05
25.520000457763672,24.175104,Validation,2012,2012-08-21,-0.02706295373318139,exper2_05
25.56999969482422,24.713835,Validation,2012,2012-08-22,-0.017026643681606158,exper2_05
25.479999542236328,24.91305,Validation,2012,2012-08-23,-0.011250556434062057,exper2_05
25.780000686645508,24.729898,Validation,2012,2012-08-24,-0.02079002832669492,exper2_05
25.75,24.964226,Validation,2012,2012-08-25,-0.015494158079737154,exper2_05
25.079999923706055,24.059969,Validation,2012,2012-08-26,-0.02075766425488218,exper2_05
24.329999923706055,24.162859,Validation,2012,2012-08-27,-0.003446712867224581,exper2_05
24.280000686645508,24.158426,Validation,2012,2012-08-28,-0.002509875102409126,exper2_05
24.34000015258789,24.229342,Validation,2012,2012-08-29,-0.002278364125368658,exper2_05
24.389999389648438,23.826855,Validation,2012,2012-08-30,-0.011679415723037124,exper2_05
23.729999542236328,23.027477,Validation,2012,2012-08-31,-0.01502481155553409,exper2_05
23.040000915527344,22.381506,Validation,2012,2012-09-01,-0.01449742631955529,exper2_05
22.860000610351562,22.392656,Validation,2012,2012-09-02,-0.010327444081612869,exper2_05
22.860000610351562,22.270462,Validation,2012,2012-09-03,-0.013062985390527002,exper2_05
22.969999313354492,22.146826,Validation,2012,2012-09-04,-0.018245377884106042,exper2_05
22.940000534057617,22.081852,Validation,2012,2012-09-05,-0.019060712238730574,exper2_05
22.780000686645508,21.845144,Validation,2012,2012-09-06,-0.020949095306343344,exper2_05
22.850000381469727,21.627077,Validation,2012,2012-09-07,-0.02749558532133603,exper2_05
22.860000610351562,21.846426,Validation,2012,2012-09-08,-0.022671787410433096,exper2_05
22.75,21.775034,Validation,2012,2012-09-09,-0.021897031011173306,exper2_05
22.889999389648438,21.513622,Validation,2012,2012-09-10,-0.0309969559652317,exper2_05
22.899999618530273,21.367723,Validation,2012,2012-09-11,-0.03461384608994531,exper2_05
22.270000457763672,20.982903,Validation,2012,2012-09-12,-0.02975749237839363,exper2_05
21.65999984741211,20.30784,Validation,2012,2012-09-13,-0.03221894416889153,exper2_05
21.200000762939453,20.108606,Validation,2012,2012-09-14,-0.02642050896943508,exper2_05
21.049999237060547,19.695791,Validation,2012,2012-09-15,-0.033235531242579004,exper2_05
20.93000030517578,19.52812,Validation,2012,2012-09-16,-0.03465015804715764,exper2_05
20.979999542236328,19.630472,Validation,2012,2012-09-17,-0.033231019036959346,exper2_05
21.110000610351562,19.701244,Validation,2012,2012-09-18,-0.03451882581199117,exper2_05
20.729999542236328,19.545397,Validation,2012,2012-09-19,-0.029412565607529906,exper2_05
20.299999237060547,19.33431,Validation,2012,2012-09-20,-0.02436496840945432,exper2_05
20.110000610351562,19.261799,Validation,2012,2012-09-21,-0.021543382907274925,exper2_05
19.959999084472656,18.908792,Validation,2012,2012-09-22,-0.027045003099108515,exper2_05
20.040000915527344,18.968758,Validation,2012,2012-09-23,-0.02746160929215898,exper2_05
19.8700008392334,18.872797,Validation,2012,2012-09-24,-0.02573907622069374,exper2_05
19.829999923706055,19.026848,Validation,2012,2012-09-25,-0.02066951208312081,exper2_05
19.6299991607666,18.876846,Validation,2012,2012-09-26,-0.01955893395094686,exper2_05
19.670000076293945,19.150042,Validation,2012,2012-09-27,-0.013394073625543547,exper2_05
19.729999542236328,18.894667,Validation,2012,2012-09-28,-0.02162692787700658,exper2_05
19.469999313354492,18.771757,Validation,2012,2012-09-29,-0.018258632775143602,exper2_05
19.260000228881836,18.672348,Validation,2012,2012-09-30,-0.015492112497941543,exper2_05
19.399999618530273,18.557142,Validation,2012,2012-10-01,-0.02220550123579971,exper2_05
19.15999984741211,18.48752,Validation,2012,2012-10-02,-0.017862521312161938,exper2_05
19.260000228881836,18.074097,Validation,2012,2012-10-03,-0.03176462396019908,exper2_05
19.200000762939453,18.190416,Validation,2012,2012-10-04,-0.027001154445717865,exper2_05
19.170000076293945,18.180487,Validation,2012,2012-10-05,-0.026492650649981218,exper2_05
19.010000228881836,17.899618,Validation,2012,2012-10-06,-0.030083813620501394,exper2_05
18.93000030517578,17.836977,Validation,2012,2012-10-07,-0.029728397059941167,exper2_05
18.600000381469727,17.444159,Validation,2012,2012-10-08,-0.032067382386683545,exper2_05
18.459999084472656,16.876217,Validation,2012,2012-10-09,-0.04482036778526417,exper2_05
18.170000076293945,15.96186,Validation,2012,2012-10-10,-0.06469440538852232,exper2_05
17.860000610351562,15.787086,Validation,2012,2012-10-11,-0.06160756590835765,exper2_05
17.65999984741211,16.876163,Validation,2012,2012-10-12,-0.022696104290873487,exper2_05
17.450000762939453,15.737985,Validation,2012,2012-10-13,-0.05158541815582559,exper2_05
17.239999771118164,16.204176,Validation,2012,2012-10-14,-0.030971725262028085,exper2_05
16.829999923706055,16.624147,Validation,2012,2012-10-15,-0.006153273208842524,exper2_05
16.299999237060547,14.811823,Validation,2012,2012-10-16,-0.04783314650258667,exper2_05
16.440000534057617,15.635306,Validation,2012,2012-10-17,-0.025087653203748644,exper2_05
16.290000915527344,15.363559,Validation,2012,2012-10-18,-0.0292681820157974,exper2_05
16.270000457763672,15.514208,Validation,2012,2012-10-19,-0.02377887190765238,exper2_05
16.219999313354492,15.52573,Validation,2012,2012-10-20,-0.021869687432126056,exper2_05
16.020000457763672,15.528541,Validation,2012,2012-10-21,-0.015577894566383532,exper2_05
15.710000038146916,15.591683,Validation,2012,2012-10-22,-0.0037798813814804893,exper2_05
15.479999542236328,15.608731,Validation,2012,2012-10-23,0.004140784272547627,exper2_05
15.1899995803833,15.487721,Validation,2012,2012-10-24,0.009704823333008579,exper2_05
14.979999542236328,15.424445,Validation,2012,2012-10-25,0.01461778415990956,exper2_05
14.829999923706055,14.50911,Validation,2012,2012-10-26,-0.010937259816877928,exper2_05
14.579999923706055,14.457995,Validation,2012,2012-10-27,-0.004201547233209337,exper2_05
14.15999984741211,13.404101,Validation,2012,2012-10-28,-0.02742329487315441,exper2_05
13.789999961853027,12.957048,Validation,2012,2012-10-29,-0.0311418117597133,exper2_05
13.350000381469727,12.795046,Validation,2012,2012-10-30,-0.021225991487600907,exper2_05
13.199999809265137,12.446305,Validation,2012,2012-10-31,-0.02938803589158154,exper2_05
12.829999923706055,12.518259,Validation,2012,2012-11-01,-0.012298315067177896,exper2_05
12.569999694824219,12.324099,Validation,2012,2012-11-02,-0.009877887722780759,exper2_05
12.520000457763672,12.143461,Validation,2012,2012-11-03,-0.015267087611344023,exper2_05
12.420000076293945,12.762333,Validation,2012,2012-11-04,0.01359416699267087,exper2_05
12.260000228881836,12.259278,Validation,2012,2012-11-05,-2.9443421703660167e-05,exper2_05
11.89000034332281,11.756693,Validation,2012,2012-11-06,-0.005637467178834878,exper2_05
11.84000015258789,11.698185,Validation,2012,2012-11-07,-0.006024898896245523,exper2_05
11.75,11.494343,Validation,2012,2012-11-08,-0.010998684634844621,exper2_05
11.569999694824219,11.354215,Validation,2012,2012-11-09,-0.009412973685050213,exper2_05
11.460000038146916,10.972805,Validation,2012,2012-11-10,-0.021717971231032862,exper2_05
11.430000305175781,11.630355,Validation,2012,2012-11-11,0.008688269304215146,exper2_05
11.460000038146916,11.922906,Validation,2012,2012-11-12,0.019796764550109716,exper2_05
11.489999771118164,11.828095,Validation,2012,2012-11-13,0.014499283152142906,exper2_05
11.489999771118164,11.091788,Validation,2012,2012-11-14,-0.01763418725192125,exper2_05
11.210000038146916,10.73498,Validation,2012,2012-11-15,-0.02164597169029365,exper2_05
10.90999984741211,10.464067,Validation,2012,2012-11-16,-0.02086324431895402,exper2_05
10.760000228881836,10.232938,Validation,2012,2012-11-17,-0.0251066532483466,exper2_05
10.550000190734863,10.021814,Validation,2012,2012-11-18,-0.02567521904643669,exper2_05
10.529999732971248,9.972288,Validation,2012,2012-11-19,-0.02720240808919823,exper2_05
10.449999809265137,8.39772,Validation,2012,2012-11-20,-0.10888741218746881,exper2_05
10.579999923706055,11.209075,Validation,2012,2012-11-21,0.028871122491689574,exper2_05
10.350000381469727,11.157143,Validation,2012,2012-11-22,0.03752903195539315,exper2_05
10.539999961853027,10.563884,Validation,2012,2012-11-23,0.0011317262675727346,exper2_05
10.300000190734863,10.0443735,Validation,2012,2012-11-24,-0.012564981463600676,exper2_05
10.100000381469727,9.688005,Validation,2012,2012-11-25,-0.020820437271208355,exper2_05
10.0,9.9918165,Validation,2012,2012-11-26,-0.00040934145732141855,exper2_05
10.069999694824219,9.78277,Validation,2012,2012-11-27,-0.014467983062801427,exper2_05
10.050000190734863,10.261163,Validation,2012,2012-11-28,0.010396379945006522,exper2_05
9.859999656677246,9.764861,Validation,2012,2012-11-29,-0.0048478585887036145,exper2_05
9.720000267028809,8.528777,Validation,2012,2012-11-30,-0.06527687412171163,exper2_05
9.579999923706055,7.7302384,Validation,2012,2012-12-01,-0.10685938849823458,exper2_05
9.40999984741211,7.061209,Validation,2012,2012-12-02,-0.14259977143025218,exper2_05
9.039999961853027,7.0119424,Validation,2012,2012-12-03,-0.12634343752286425,exper2_05
8.9399995803833,6.4533896,Validation,2012,2012-12-04,-0.16153752103669763,exper2_05
8.729999542236328,6.538384,Validation,2012,2012-12-05,-0.14353946382651084,exper2_05
8.279999732971248,6.165898,Validation,2012,2012-12-06,-0.14634617718696305,exper2_05
8.199999809265137,5.898231,Validation,2012,2012-12-07,-0.16326649819237438,exper2_05
7.789999961853027,5.673383,Validation,2012,2012-12-08,-0.1572128412916263,exper2_05
7.510000228881836,5.410716,Validation,2012,2012-12-09,-0.16247428746505202,exper2_05
7.03000020980835,5.175413,Validation,2012,2012-12-10,-0.1519479124713678,exper2_05
6.920000076293945,5.000145,Validation,2012,2012-12-11,-0.1610597112866142,exper2_05
6.670000076293945,4.9012055,Validation,2012,2012-12-12,-0.15286173241491785,exper2_05
6.349999904632568,4.8477626,Validation,2012,2012-12-13,-0.13415513334732904,exper2_05
6.329999923706055,4.8222284,Validation,2012,2012-12-14,-0.13519912289755762,exper2_05
6.409999847412109,4.7865424,Validation,2012,2012-12-15,-0.14499632061887366,exper2_05
5.135000228881836,4.9092526,Validation,2012,2012-12-16,-0.022475298876180463,exper2_05
4.909999847412109,4.801924,Validation,2012,2012-12-17,-0.01112813670054093,exper2_05
5.224999904632568,4.828129,Validation,2012,2012-12-18,-0.03947737077833408,exper2_05
5.230000019073486,4.79285,Validation,2012,2012-12-19,-0.04361533894337813,exper2_05
5.150000095367432,4.7683387,Validation,2012,2012-12-20,-0.038480376979830644,exper2_05
5.125,4.6867137,Validation,2012,2012-12-21,-0.04466969971552714,exper2_05
4.90500020980835,4.6782804,Validation,2012,2012-12-22,-0.023657854402088688,exper2_05
4.824999809265137,4.7725863,Validation,2012,2012-12-23,-0.005461108944102964,exper2_05
4.559999942779541,5.053642,Validation,2012,2012-12-24,0.05134806005257209,exper2_05
5.005000114440918,4.845149,Validation,2012,2012-12-25,-0.0162282897150929,exper2_05
4.989999771118164,4.6993394,Validation,2012,2012-12-26,-0.029997957186748418,exper2_05
4.579999923706055,4.636763,Validation,2012,2012-12-27,0.006158688471124121,exper2_05
4.739999771118164,4.634498,Validation,2012,2012-12-28,-0.011254112273164044,exper2_05
4.894999980926514,4.583304,Validation,2012,2012-12-29,-0.03288521401443767,exper2_05
4.360000133514404,4.5516386,Validation,2012,2012-12-30,0.02150429066500452,exper2_05
4.65500020980835,4.6050262,Validation,2012,2012-12-31,-0.0053967410281619945,exper2_05
4.40500020980835,3.7706058,Validation,2013,2013-01-01,-0.07759601016908908,exper2_05
4.630000114440918,3.5254102,Validation,2013,2013-01-02,-0.13544259575802917,exper2_05
4.789999961853027,3.526486,Validation,2013,2013-01-03,-0.15192883867751356,exper2_05
5.125,3.5522516,Validation,2013,2013-01-04,-0.18124960520022637,exper2_05
5.019999980926514,3.5048134,Validation,2013,2013-01-05,-0.17773838261518268,exper2_05
5.090000152587891,3.5228548,Validation,2013,2013-01-06,-0.1819542248550115,exper2_05
4.82000017166132,3.5479884,Validation,2013,2013-01-07,-0.1520092605002272,exper2_05
4.659999847412109,3.5093272,Validation,2013,2013-01-08,-0.14085281091957158,exper2_05
4.664999961853027,3.5002131,Validation,2013,2013-01-09,-0.14265234724775783,exper2_05
4.545000076293945,3.5103667,Validation,2013,2013-01-10,-0.12844025971554393,exper2_05
4.380000114440918,3.466985,Validation,2013,2013-01-11,-0.11635234620035506,exper2_05
4.135000228881836,3.4552405,Validation,2013,2013-01-12,-0.08955707284920358,exper2_05
3.9049999713897705,3.5300276,Validation,2013,2013-01-13,-0.05043321473055145,exper2_05
3.8550000190734863,3.50766,Validation,2013,2013-01-14,-0.047175899771362766,exper2_05
3.5399999618530273,3.4920611,Validation,2013,2013-01-15,-0.006817179631717017,exper2_05
3.744999885559082,3.5411916,Validation,2013,2013-01-16,-0.027971857268574974,exper2_05
3.684999942779541,3.511602,Validation,2013,2013-01-17,-0.024094429714409296,exper2_05
3.5250000953674316,3.4955118,Validation,2013,2013-01-18,-0.004200309846842174,exper2_05
3.555000066757202,3.4530845,Validation,2013,2013-01-19,-0.014542575420994401,exper2_05
3.335000038146916,3.592697,Validation,2013,2013-01-20,0.037198057175271075,exper2_05
3.259999990463257,3.6593537,Validation,2013,2013-01-21,0.05771546860535156,exper2_05
3.335000038146916,3.6596081,Validation,2013,2013-01-22,0.04640833052209468,exper2_05
3.365000009536743,3.5840697,Validation,2013,2013-01-23,0.031525042568559924,exper2_05
3.5199999809265137,3.5929465,Validation,2013,2013-01-24,0.010255461411966135,exper2_05
3.4100000858306885,3.3964076,Validation,2013,2013-01-25,-0.0019970125552474637,exper2_05
3.1500000953674316,3.1074662,Validation,2013,2013-01-26,-0.006797299795517104,exper2_05
2.9200000762939453,3.0892205,Validation,2013,2013-01-27,0.028160132370023794,exper2_05
2.9749999046325684,3.2993913,Validation,2013,2013-01-28,0.0517008512920159,exper2_05
3.109999895095825,3.3150563,Validation,2013,2013-01-29,0.0319151182365833,exper2_05
3.1700000762939453,3.3350887,Validation,2013,2013-01-30,0.025378385827464274,exper2_05
3.509999990463257,3.3312678,Validation,2013,2013-01-31,-0.026125589780596932,exper2_05
3.684999942779541,3.3181658,Validation,2013,2013-02-01,-0.05238119134022115,exper2_05
3.5350000858306885,3.6692653,Validation,2013,2013-02-02,0.01863690158073572,exper2_05
3.4700000286102295,3.4779835,Validation,2013,2013-02-03,0.0011490306672973724,exper2_05
3.4049999713897705,3.359033,Validation,2013,2013-02-04,-0.00679577747393226,exper2_05
3.3499999046325684,3.4290333,Validation,2013,2013-02-05,0.011658502420715748,exper2_05
3.1600000858306885,3.5084445,Validation,2013,2013-02-06,0.05225273372937449,exper2_05
3.259999990463257,3.4057922,Validation,2013,2013-02-07,0.021871705703471366,exper2_05
3.0,3.370864,Validation,2013,2013-02-08,0.05821249982223945,exper2_05
2.865000009536743,3.3693652,Validation,2013,2013-02-09,0.08090081148203114,exper2_05
2.6549999713897705,3.2686982,Validation,2013,2013-02-10,0.10360052533646444,exper2_05
2.799999952316284,3.3527775,Validation,2013,2013-02-11,0.08984195101264525,exper2_05
2.6050000190734863,3.258077,Validation,2013,2013-02-12,0.11138808094348919,exper2_05
2.5399999618530273,3.3164434,Validation,2013,2013-02-13,0.13257935366750878,exper2_05
2.460000038146916,3.210977,Validation,2013,2013-02-14,0.1324246287764554,exper2_05
2.565000057220459,3.0711315,Validation,2013,2013-02-15,0.08980120643923266,exper2_05
2.869999885559082,3.0528576,Validation,2013,2013-02-16,0.03087323156725041,exper2_05
2.9200000762939453,3.0127296,Validation,2013,2013-02-17,0.015630169052220266,exper2_05
2.944999933242798,2.984361,Validation,2013,2013-02-18,0.006638320882628237,exper2_05
2.9200000762939453,2.9760098,Validation,2013,2013-02-19,0.009499605696124062,exper2_05
2.690000057220459,2.932307,Validation,2013,2013-02-20,0.04309742335835913,exper2_05
2.619999885559082,2.7553988,Validation,2013,2013-02-21,0.025188618355245815,exper2_05
2.6449999809265137,2.694863,Validation,2013,2013-02-22,0.00933789864530572,exper2_05
2.7300000190734863,2.7363896,Validation,2013,2013-02-23,0.0011688917771952704,exper2_05
2.690000057220459,2.945954,Validation,2013,2013-02-24,0.04541449783735753,exper2_05
2.835000038146916,3.1945376,Validation,2013,2013-02-25,0.059629381336627714,exper2_05
2.6700000762939453,3.1534796,Validation,2013,2013-02-26,0.08302244168007755,exper2_05
2.940000057220459,3.2135892,Validation,2013,2013-02-27,0.04446009038968735,exper2_05
3.184999942779541,3.245552,Validation,2013,2013-02-28,0.0094163176278535,exper2_05
3.3499999046325684,3.2806606,Validation,2013,2013-03-01,-0.010457370725819842,exper2_05
3.365000009536743,3.3584917,Validation,2013,2013-03-02,-0.0009680015523201684,exper2_05
3.5199999809265137,2.9668014,Validation,2013,2013-03-03,-0.08528064034420949,exper2_05
3.380000114440918,2.7462344,Validation,2013,2013-03-04,-0.1034510994038207,exper2_05
3.5399999618530273,2.9793117,Validation,2013,2013-03-05,-0.08600421116534812,exper2_05
3.619999885559082,3.677897,Validation,2013,2013-03-06,0.007933393963553524,exper2_05
3.7750000953674316,4.3139887,Validation,2013,2013-03-07,0.06663238197438681,exper2_05
3.9800000190734863,4.0902066,Validation,2013,2013-03-08,0.013655982912295524,exper2_05
4.025000095367432,4.082521,Validation,2013,2013-03-09,0.007094753869737425,exper2_05
3.865000009536743,4.055674,Validation,2013,2013-03-10,0.024072959508562395,exper2_05
3.710000038146916,4.069952,Validation,2013,2013-03-11,0.04626660558864713,exper2_05
3.7750000953674316,4.006695,Validation,2013,2013-03-12,0.029774323156670557,exper2_05
3.6700000762939453,4.0708604,Validation,2013,2013-03-13,0.051784980695477774,exper2_05
3.4149999618530273,4.142336,Validation,2013,2013-03-14,0.09624237217489537,exper2_05
3.6600000858306885,3.5742493,Validation,2013,2013-03-15,-0.011853450726322734,exper2_05
3.805000066757202,2.9846456,Validation,2013,2013-03-16,-0.12082434066799594,exper2_05
3.9649999141693115,3.6015968,Validation,2013,2013-03-17,-0.048027282815708686,exper2_05
3.6649999618530273,4.3109384,Validation,2013,2013-03-18,0.08098588160106368,exper2_05
3.8499999046325684,4.155319,Validation,2013,2013-03-19,0.03813955505272072,exper2_05
4.175000190734863,4.142534,Validation,2013,2013-03-20,-0.0039033698820045686,exper2_05
3.9149999618530273,3.818013,Validation,2013,2013-03-21,-0.012541943239824056,exper2_05
3.940000057220459,3.8156712,Validation,2013,2013-03-22,-0.01603070159730926,exper2_05
3.5350000858306885,4.034051,Validation,2013,2013-03-23,0.0659330811533384,exper2_05
3.7049999237060547,4.1794925,Validation,2013,2013-03-24,0.060180481632302045,exper2_05
3.5,4.173092,Validation,2013,2013-03-25,0.08772107752845577,exper2_05
4.485000133514404,4.254354,Validation,2013,2013-03-26,-0.026391668068002222,exper2_05
4.96999979019165,4.3016477,Validation,2013,2013-03-27,-0.07208558462139635,exper2_05
5.324999809265137,4.6217356,Validation,2013,2013-03-28,-0.0707030205827319,exper2_05
4.994999885559082,4.8036203,Validation,2013,2013-03-29,-0.019531275092222588,exper2_05
4.440000057220459,5.0611343,Validation,2013,2013-03-30,0.06537474950845214,exper2_05
4.375,4.7117825,Validation,2013,2013-03-31,0.03706289405471054,exper2_05
4.639999866485596,4.6169424,Validation,2013,2013-04-01,-0.0024908290563927715,exper2_05
4.599999904632568,4.7634597,Validation,2013,2013-04-02,0.0174571990525039,exper2_05
4.880000114440918,5.170369,Validation,2013,2013-04-03,0.02889137963231465,exper2_05
5.135000228881836,5.579428,Validation,2013,2013-04-04,0.04147939110231807,exper2_05
5.440000057220459,5.5141525,Validation,2013,2013-04-05,0.006769347885732882,exper2_05
5.545000076293945,5.6806293,Validation,2013,2013-04-06,0.012082100086352599,exper2_05
5.275000095367432,5.7392497,Validation,2013,2013-04-07,0.0421499075526626,exper2_05
4.670000076293945,5.817039,Validation,2013,2013-04-08,0.10937681521526364,exper2_05
5.554999828338623,5.9301467,Validation,2013,2013-04-09,0.032663655192302216,exper2_05
5.474999904632568,6.499517,Validation,2013,2013-04-10,0.08555811232881054,exper2_05
5.480000019073486,6.429169,Validation,2013,2013-04-11,0.07970070314964306,exper2_05
5.610000133514404,7.0563016,Validation,2013,2013-04-12,0.11418498401545599,exper2_05
5.900000095367432,7.2044587,Validation,2013,2013-04-13,0.09954311255328116,exper2_05
6.065000057220459,8.363173,Validation,2013,2013-04-14,0.15928368335179066,exper2_05
6.815000057220459,9.188715,Validation,2013,2013-04-15,0.14832274369906903,exper2_05
7.385000228881836,8.916297,Validation,2013,2013-04-16,0.09393710895517263,exper2_05
7.684999942779541,9.741224,Validation,2013,2013-04-17,0.11799597657064803,exper2_05
8.4350004196167,10.455165,Validation,2013,2013-04-18,0.10694265796853296,exper2_05
8.96500015258789,9.887964,Validation,2013,2013-04-19,0.04895591358610851,exper2_05
8.8100004196167,10.459338,Validation,2013,2013-04-20,0.08559389619569376,exper2_05
9.170000076293945,10.733013,Validation,2013,2013-04-21,0.07853147956892013,exper2_05
9.270000457763672,10.36733,Validation,2013,2013-04-22,0.055879752319834365,exper2_05
9.279999732971248,10.765483,Validation,2013,2013-04-23,0.0741056325042031,exper2_05
9.789999961853027,10.482698,Validation,2013,2013-04-24,0.034169031914200496,exper2_05
10.114999771118164,11.817642,Validation,2013,2013-04-25,0.0776305217635484,exper2_05
10.359999656677246,12.045897,Validation,2013,2013-04-26,0.075243447502233,exper2_05
10.449999809265137,12.09022,Validation,2013,2013-04-27,0.0727686164165602,exper2_05
10.420000076293945,11.722605,Validation,2013,2013-04-28,0.05882797825361514,exper2_05
10.71500015258789,11.820062,Validation,2013,2013-04-29,0.04903743060911627,exper2_05
10.569999694824219,12.565469,Validation,2013,2013-04-30,0.08625151009116216,exper2_05
10.854999542236328,13.110738,Validation,2013,2013-05-01,0.09412346576669216,exper2_05
11.069999694824219,13.208222,Validation,2013,2013-05-02,0.08807163419936419,exper2_05
11.114999771118164,13.6371,Validation,2013,2013-05-03,0.10189440288061496,exper2_05
11.369999885559082,13.896289,Validation,2013,2013-05-04,0.0999865477067237,exper2_05
11.21500015258789,13.469571,Validation,2013,2013-05-05,0.09133522866115207,exper2_05
11.505000114440918,13.933049,Validation,2013,2013-05-06,0.0954494999724073,exper2_05
11.545000076293945,14.1872015,Validation,2013,2013-05-07,0.10268073704526867,exper2_05
12.3149995803833,14.829228,Validation,2013,2013-05-08,0.09262480489436277,exper2_05
13.170000076293945,15.366102,Validation,2013,2013-05-09,0.07695872826769304,exper2_05
13.26500034332281,15.463315,Validation,2013,2013-05-10,0.07652083457404361,exper2_05
13.25,15.055451,Validation,2013,2013-05-11,0.06378458227187307,exper2_05
12.395000457763672,15.5593,Validation,2013,2013-05-12,0.11319546063553244,exper2_05
12.914999961853027,15.723079,Validation,2013,2013-05-13,0.09805402088273941,exper2_05
13.460000038146916,16.088696,Validation,2013,2013-05-14,0.08896147318106075,exper2_05
13.5,16.287157,Validation,2013,2013-05-15,0.09356908593934744,exper2_05
13.875,16.308758,Validation,2013,2013-05-16,0.08063137133426124,exper2_05
13.524999618530273,16.176035,Validation,2013,2013-05-17,0.08925733899070479,exper2_05
13.069999694824219,16.55733,Validation,2013,2013-05-18,0.11770651002722997,exper2_05
12.675000190734863,16.79055,Validation,2013,2013-05-19,0.1396732788684834,exper2_05
12.489999771118164,16.857761,Validation,2013,2013-05-20,0.1488277619881457,exper2_05
12.375,16.8301,Validation,2013,2013-05-21,0.15254524868038766,exper2_05
12.470000267028809,17.08122,Validation,2013,2013-05-22,0.1560416192740234,exper2_05
12.300000190734863,17.65314,Validation,2013,2013-05-23,0.17871712440942464,exper2_05
12.345000267028809,16.854021,Validation,2013,2013-05-24,0.1544236963610847,exper2_05
12.229999542236328,17.235914,Validation,2013,2013-05-25,0.16988832339447685,exper2_05
12.550000190734863,16.509222,Validation,2013,2013-05-26,0.13624665552791634,exper2_05
12.3100004196167,16.987062,Validation,2013,2013-05-27,0.15964269369756973,exper2_05
11.9350004196167,17.050743,Validation,2013,2013-05-28,0.17649168390019596,exper2_05
12.3149995803833,17.14424,Validation,2013,2013-05-29,0.16392955175404694,exper2_05
11.760000228881836,16.910982,Validation,2013,2013-05-30,0.17965836811059607,exper2_05
11.819999694824219,16.946383,Validation,2013,2013-05-31,0.1782074224355085,exper2_05
12.21500015258789,17.3839,Validation,2013,2013-06-01,0.17463147494823547,exper2_05
12.15999984741211,17.56153,Validation,2013,2013-06-02,0.18173793518056405,exper2_05
12.425000190734863,17.660597,Validation,2013,2013-06-03,0.17402335908905545,exper2_05
13.9399995803833,17.991528,Validation,2013,2013-06-04,0.12688174791988432,exper2_05
14.854999542236328,18.45484,Validation,2013,2013-06-05,0.1080713760673488,exper2_05
14.6899995803833,18.879341,Validation,2013,2013-06-06,0.12479665840956557,exper2_05
14.125,18.925915,Validation,2013,2013-06-07,0.14525815090524705,exper2_05
16.280000686645508,19.377455,Validation,2013,2013-06-08,0.08686694079672311,exper2_05
17.040000915527344,19.512611,Validation,2013,2013-06-09,0.06764524661116288,exper2_05
17.114999771118164,19.345655,Validation,2013,2013-06-10,0.06117980209547202,exper2_05
17.360000610351562,19.740553,Validation,2013,2013-06-11,0.0641648726632436,exper2_05
17.344999313354492,19.757544,Validation,2013,2013-06-12,0.06502369011400022,exper2_05
18.020000457763672,19.833532,Validation,2013,2013-06-13,0.04790918421318227,exper2_05
18.645000457763672,20.861132,Validation,2013,2013-06-14,0.05609587907181675,exper2_05
18.7549991607666,21.38225,Validation,2013,2013-06-15,0.06545667023293393,exper2_05
19.15999984741211,21.937,Validation,2013,2013-06-16,0.06757185242225897,exper2_05
19.989999771118164,22.25157,Validation,2013,2013-06-17,0.053538966533596716,exper2_05
20.479999542236328,22.596403,Validation,2013,2013-06-18,0.04913139094299478,exper2_05
20.950000762939453,23.299349,Validation,2013,2013-06-19,0.05309339210151227,exper2_05
21.219999313354492,23.28083,Validation,2013,2013-06-20,0.04630994711770921,exper2_05
21.290000915527344,23.490557,Validation,2013,2013-06-21,0.04914087536500802,exper2_05
20.844999313354492,23.695099,Validation,2013,2013-06-22,0.06398952133919732,exper2_05
20.15999984741211,23.790266,Validation,2013,2013-06-23,0.08259941359908347,exper2_05
19.459999084472656,22.853167,Validation,2013,2013-06-24,0.08019176637876767,exper2_05
18.690000534057617,22.644625,Validation,2013,2013-06-25,0.09567340099656467,exper2_05
18.975000381469727,22.282011,Validation,2013,2013-06-26,0.08015633070180905,exper2_05
19.2450008392334,21.756088,Validation,2013,2013-06-27,0.061244407720946865,exper2_05
18.829999923706055,22.449512,Validation,2013,2013-06-28,0.08768302596302721,exper2_05
19.0049991607666,21.567963,Validation,2013,2013-06-29,0.06316924798080023,exper2_05
19.260000228881836,22.005888,Validation,2013,2013-06-30,0.0665413462591766,exper2_05
19.204999923706055,22.830181,Validation,2013,2013-07-01,0.08624159829818136,exper2_05
20.229999542236328,22.612791,Validation,2013,2013-07-02,0.055617094161992356,exper2_05
20.30999946594244,22.967718,Validation,2013,2013-07-03,0.06141078611412083,exper2_05
20.270000457763672,23.152702,Validation,2013,2013-07-04,0.06638697475296716,exper2_05
19.93499946594244,23.088802,Validation,2013,2013-07-05,0.07330367702281865,exper2_05
20.510000228881836,23.207523,Validation,2013,2013-07-06,0.06170347486513535,exper2_05
20.28499984741211,23.886288,Validation,2013,2013-07-07,0.08153006268633567,exper2_05
20.969999313354492,23.7018,Validation,2013,2013-07-08,0.06115267704623326,exper2_05
21.104999542236328,24.376884,Validation,2013,2013-07-09,0.07193820110925259,exper2_05
21.780000686645508,24.510351,Validation,2013,2013-07-10,0.058983144094252385,exper2_05
21.46500015258789,24.658838,Validation,2013,2013-07-11,0.0692448466690858,exper2_05
21.53499984741211,24.607582,Validation,2013,2013-07-12,0.06658886684946537,exper2_05
21.600000381469727,24.74108,Validation,2013,2013-07-13,0.06778173854604976,exper2_05
21.604999542236328,24.315952,Validation,2013,2013-07-14,0.05903520397491191,exper2_05
21.719999313354492,24.511158,Validation,2013,2013-07-15,0.06037397372215482,exper2_05
22.03499984741211,24.732363,Validation,2013,2013-07-16,0.05767618163893351,exper2_05
21.625,24.537851,Validation,2013,2013-07-17,0.06309946741736197,exper2_05
21.704999923706055,25.241268,Validation,2013,2013-07-18,0.0753258646267993,exper2_05
22.354999542236328,25.382708,Validation,2013,2013-07-19,0.06342382646976481,exper2_05
22.364999771118164,25.707552,Validation,2013,2013-07-20,0.06953140752794155,exper2_05
22.520000457763672,25.740105,Validation,2013,2013-07-21,0.06672393706253299,exper2_05
22.649999618530273,25.424032,Validation,2013,2013-07-22,0.05770334809014119,exper2_05
23.079999923706055,25.618446,Validation,2013,2013-07-23,0.052125819623060635,exper2_05
22.959999084472656,25.954916,Validation,2013,2013-07-24,0.061227069712767965,exper2_05
22.850000381469727,26.102482,Validation,2013,2013-07-25,0.06644160444655037,exper2_05
22.270000457763672,26.269289,Validation,2013,2013-07-26,0.08239281213751642,exper2_05
21.854999542236328,26.388954,Validation,2013,2013-07-27,0.09397974817944972,exper2_05
23.024999618530273,26.487051,Validation,2013,2013-07-28,0.06992340950623867,exper2_05
22.885000228881836,26.52212,Validation,2013,2013-07-29,0.073615286856324,exper2_05
22.829999923706055,25.94415,Validation,2013,2013-07-30,0.06384838991162967,exper2_05
22.96500015258789,26.305305,Validation,2013,2013-07-31,0.0677955065514135,exper2_05
23.0049991607666,26.425074,Validation,2013,2013-08-01,0.06919015632055356,exper2_05
23.364999771118164,26.539616,Validation,2013,2013-08-02,0.06361367249098211,exper2_05
23.670000076293945,26.653622,Validation,2013,2013-08-03,0.05928868975526938,exper2_05
23.860000610351562,26.514662,Validation,2013,2013-08-04,0.05269834182801745,exper2_05
24.05500030517578,26.627825,Validation,2013,2013-08-05,0.050763241268749676,exper2_05
24.30999946594244,26.475,Validation,2013,2013-08-06,0.04263071619636143,exper2_05
24.354999542236328,26.420176,Validation,2013,2013-08-07,0.04067294709046286,exper2_05
24.110000610351562,26.46388,Validation,2013,2013-08-08,0.04654339107651856,exper2_05
23.575000762939453,26.429441,Validation,2013,2013-08-09,0.057083742216658684,exper2_05
23.30500030517578,26.298738,Validation,2013,2013-08-10,0.06035307514675576,exper2_05
23.165000915527344,25.639202,Validation,2013,2013-08-11,0.05069647793852754,exper2_05
22.94499969482422,25.459936,Validation,2013,2013-08-12,0.05195619834355782,exper2_05
22.584999084472656,25.798483,Validation,2013,2013-08-13,0.06641696047826774,exper2_05
22.219999313354492,24.692438,Validation,2013,2013-08-14,0.05270326905253243,exper2_05
22.05500030517578,24.008982,Validation,2013,2013-08-15,0.042418855563045074,exper2_05
22.174999237060547,24.273191,Validation,2013,2013-08-16,0.045172743735286,exper2_05
22.139999389648438,23.814198,Validation,2013,2013-08-17,0.03643188789018527,exper2_05
22.274999618530273,23.795908,Validation,2013,2013-08-18,0.033012337615668255,exper2_05
22.274999618530273,23.810036,Validation,2013,2013-08-19,0.033308775315910456,exper2_05
21.760000228881836,23.40056,Validation,2013,2013-08-20,0.03632727601391046,exper2_05
21.6200008392334,23.34875,Validation,2013,2013-08-21,0.038443326121655665,exper2_05
21.545000076293945,23.177443,Validation,2013,2013-08-22,0.03650163941138137,exper2_05
21.59000015258789,22.960417,Validation,2013,2013-08-23,0.030761028407069686,exper2_05
21.635000228881836,22.81041,Validation,2013,2013-08-24,0.026446135224600088,exper2_05
21.325000762939453,22.32569,Validation,2013,2013-08-25,0.022924919423987198,exper2_05
21.010000228881836,22.360268,Validation,2013,2013-08-26,0.03113348099178526,exper2_05
21.165000915527344,22.612257,Validation,2013,2013-08-27,0.033059541804202536,exper2_05
21.014999389648438,22.43036,Validation,2013,2013-08-28,0.032577964561321573,exper2_05
20.954999923706055,22.070436,Validation,2013,2013-08-29,0.025925049162769997,exper2_05
20.844999313354492,22.02112,Validation,2013,2013-08-30,0.027437070930069477,exper2_05
20.915000915527344,21.946735,Validation,2013,2013-08-31,0.024071224259067794,exper2_05
20.739999771118164,22.181982,Validation,2013,2013-09-01,0.033595426129647506,exper2_05
20.44499969482422,21.962389,Validation,2013,2013-09-02,0.03578124813767938,exper2_05
20.440000534057617,22.157982,Validation,2013,2013-09-03,0.04033011052265574,exper2_05
20.454999923706055,21.893835,Validation,2013,2013-09-04,0.03397579046349892,exper2_05
20.700000762939453,22.169468,Validation,2013,2013-09-05,0.034277708775620946,exper2_05
20.774999618530273,21.984686,Validation,2013,2013-09-06,0.028290345560051368,exper2_05
20.895000457763672,21.94615,Validation,2013,2013-09-07,0.024535974438652852,exper2_05
20.864999771118164,21.87375,Validation,2013,2013-09-08,0.02360272363423999,exper2_05
20.719999313354492,21.293749,Validation,2013,2013-09-09,0.013656233191315651,exper2_05
20.389999389648438,20.88671,Validation,2013,2013-09-10,0.012033658700525297,exper2_05
19.940000534057617,20.470837,Validation,2013,2013-09-11,0.013135983871556206,exper2_05
19.764999389648438,20.221739,Validation,2013,2013-09-12,0.011422272637445838,exper2_05
19.55500030517578,20.113737,Validation,2013,2013-09-13,0.01408506641770495,exper2_05
19.489999771118164,20.038107,Validation,2013,2013-09-14,0.013866263606373098,exper2_05
19.405000686645508,19.816652,Validation,2013,2013-09-15,0.010495519183996532,exper2_05
19.18000030517578,19.927084,Validation,2013,2013-09-16,0.019103537832186164,exper2_05
18.780000686645508,19.138742,Validation,2013,2013-09-17,0.009460803038499036,exper2_05
18.389999389648438,19.157087,Validation,2013,2013-09-18,0.020430025429393747,exper2_05
18.209999084472656,19.049746,Validation,2013,2013-09-19,0.022537633664411943,exper2_05
18.170000076293945,18.692724,Validation,2013,2013-09-20,0.014180290835199665,exper2_05
17.950000762939453,18.384958,Validation,2013,2013-09-21,0.011970771837434186,exper2_05
17.795000076293945,18.643515,Validation,2013,2013-09-22,0.02328620042968391,exper2_05
18.030000686645508,18.806538,Validation,2013,2013-09-23,0.02108061661200992,exper2_05
17.68000030517578,18.960337,Validation,2013,2013-09-24,0.03494335710781975,exper2_05
17.200000762939453,19.349178,Validation,2013,2013-09-25,0.05880234811110318,exper2_05
17.19499969482422,19.496012,Validation,2013,2013-09-26,0.0627132354649771,exper2_05
16.825000762939453,19.356174,Validation,2013,2013-09-27,0.06995830538474791,exper2_05
16.31999969482422,19.268387,Validation,2013,2013-09-28,0.08284689003934065,exper2_05
15.970000267028809,18.529026,Validation,2013,2013-09-29,0.07417675334723563,exper2_05
15.670000076293945,17.479404,Validation,2013,2013-09-30,0.054583314513630306,exper2_05
15.274999618530273,17.767628,Validation,2013,2013-10-01,0.07543674031406293,exper2_05
14.9399995803833,17.602615,Validation,2013,2013-10-02,0.08181935536620687,exper2_05
14.64000034332281,16.90797,Validation,2013,2013-10-03,0.07188957101393093,exper2_05
14.289999961853027,16.645248,Validation,2013,2013-10-04,0.07613478394247924,exper2_05
13.899999618530273,16.467642,Validation,2013,2013-10-05,0.08455191412307594,exper2_05
14.14000034332281,16.880232,Validation,2013,2013-10-06,0.08833691173730138,exper2_05
14.505000114440918,16.931316,Validation,2013,2013-10-07,0.07718195171021212,exper2_05
14.880000114440918,16.577679,Validation,2013,2013-10-08,0.05396706403704361,exper2_05
15.0649995803833,16.953306,Validation,2013,2013-10-09,0.05897584434353786,exper2_05
14.96500015258789,17.089247,Validation,2013,2013-10-10,0.06627036360435061,exper2_05
14.774999618530273,15.471091,Validation,2013,2013-10-11,0.02301426833872899,exper2_05
14.380000114440918,15.2170105,Validation,2013,2013-10-12,0.02828023392513835,exper2_05
14.095000267028809,15.5650425,Validation,2013,2013-10-13,0.04956305155920542,exper2_05
13.84000015258789,15.394884,Validation,2013,2013-10-14,0.053185911152236906,exper2_05
13.795000076293945,15.223454,Validation,2013,2013-10-15,0.04922572277459075,exper2_05
13.680000305175781,15.48243,Validation,2013,2013-10-16,0.061806581472103835,exper2_05
13.505000114440918,15.544434,Validation,2013,2013-10-17,0.07020561914547868,exper2_05
13.145000457763672,15.631562,Validation,2013,2013-10-18,0.08640926999971797,exper2_05
12.984999656677246,15.445415,Validation,2013,2013-10-19,0.0865416475884266,exper2_05
12.585000038146916,16.011366,Validation,2013,2013-10-20,0.11981822658533126,exper2_05
12.670000076293945,16.26095,Validation,2013,2013-10-21,0.12412139911591064,exper2_05
12.479999542236328,16.463747,Validation,2013,2013-10-22,0.13763758859308017,exper2_05
12.4350004196167,16.673288,Validation,2013,2013-10-23,0.1456041596929296,exper2_05
12.84000015258789,16.707958,Validation,2013,2013-10-24,0.13090441037875913,exper2_05
12.9350004196167,16.806234,Validation,2013,2013-10-25,0.1301638606750573,exper2_05
12.854999542236328,16.357988,Validation,2013,2013-10-26,0.11991203458287693,exper2_05
12.984999656677246,16.74305,Validation,2013,2013-10-27,0.12641428065894397,exper2_05
13.175000190734863,16.942083,Validation,2013,2013-10-28,0.12508127361795585,exper2_05
13.020000457763672,17.025587,Validation,2013,2013-10-29,0.13331696771968407,exper2_05
12.795000076293945,15.695278,Validation,2013,2013-10-30,0.10179886860317233,exper2_05
12.65999984741211,14.514119,Validation,2013,2013-10-31,0.0682310731449275,exper2_05
12.555000305175781,15.265609,Validation,2013,2013-11-01,0.09743167280513937,exper2_05
12.350000381469727,14.763173,Validation,2013,2013-11-02,0.0890036986343723,exper2_05
12.1850004196167,14.673604,Validation,2013,2013-11-03,0.09265572968610768,exper2_05
11.76500034332281,14.278897,Validation,2013,2013-11-04,0.09652537335119171,exper2_05
11.744999885559082,13.493661,Validation,2013,2013-11-05,0.06928501691350282,exper2_05
11.625,13.007398,Validation,2013,2013-11-06,0.05612111623159463,exper2_05
11.135000228881836,12.839633,Validation,2013,2013-11-07,0.0711015156592934,exper2_05
11.239999771118164,13.240838,Validation,2013,2013-11-08,0.08173079264179742,exper2_05
10.789999961853027,13.404734,Validation,2013,2013-11-09,0.10807036510854526,exper2_05
10.5649995803833,12.590417,Validation,2013,2013-11-10,0.08747056348020656,exper2_05
10.614999771118164,12.191645,Validation,2013,2013-11-11,0.06913094566058249,exper2_05
10.149999618530273,11.90408,Validation,2013,2013-11-12,0.07953543161389917,exper2_05
10.095000267028809,11.655197,Validation,2013,2013-11-13,0.0717325386557962,exper2_05
10.104999542236328,11.414688,Validation,2013,2013-11-14,0.06086001754573493,exper2_05
9.744999885559082,6.9301314,Validation,2013,2013-11-15,-0.16880637375417443,exper2_05
10.0649995803833,10.029603,Validation,2013,2013-11-16,-0.0017614966893866645,exper2_05
10.279999732971248,10.448482,Validation,2013,2013-11-17,0.008128035257522889,exper2_05
10.180000305175781,10.107418,Validation,2013,2013-11-18,-0.003577697446046378,exper2_05
9.664999961853027,10.316615,Validation,2013,2013-11-19,0.03261073445027983,exper2_05
9.76500034332281,9.966859,Validation,2013,2013-11-20,0.010230081128623501,exper2_05
9.354999542236328,9.61292,Validation,2013,2013-11-21,0.013597709925007435,exper2_05
9.14000034332281,9.408446,Validation,2013,2013-11-22,0.01447269270667208,exper2_05
8.524999618530273,9.271225,Validation,2013,2013-11-23,0.04193166663576392,exper2_05
8.444999694824219,9.157237,Validation,2013,2013-11-24,0.04046288936459391,exper2_05
8.399999618530273,8.336112,Validation,2013,2013-11-25,-0.0038173500213828813,exper2_05
7.639999866485596,7.54077,Validation,2013,2013-11-26,-0.006536546772180332,exper2_05
7.239999771118164,7.0514197,Validation,2013,2013-11-27,-0.013195332771751249,exper2_05
7.744999885559082,6.983847,Validation,2013,2013-11-28,-0.05167768684860135,exper2_05
8.0,7.138707,Validation,2013,2013-11-29,-0.05689342094363234,exper2_05
7.434999942779541,6.5496287,Validation,2013,2013-11-30,-0.06331031224473958,exper2_05
7.409999847412109,6.522923,Validation,2013,2013-12-01,-0.06366767869779373,exper2_05
7.639999866485596,6.019711,Validation,2013,2013-12-02,-0.11861809247834551,exper2_05
6.934999942779541,6.1439185,Validation,2013,2013-12-03,-0.06048523286744289,exper2_05
7.21999979019165,6.0940275,Validation,2013,2013-12-04,-0.08457037414735627,exper2_05
7.114999771118164,5.8582306,Validation,2013,2013-12-05,-0.09687403562839869,exper2_05
7.010000228881836,5.4341536,Validation,2013,2013-12-06,-0.12663349386346057,exper2_05
6.789999961853027,5.208644,Validation,2013,2013-12-07,-0.131794564872682,exper2_05
6.25,5.227554,Validation,2013,2013-12-08,-0.08908223558823315,exper2_05
5.635000228881836,5.1582046,Validation,2013,2013-12-09,-0.0441755421948257,exper2_05
5.590000152587891,5.34957,Validation,2013,2013-12-10,-0.021978044490655782,exper2_05
5.71999979019165,5.329276,Validation,2013,2013-12-11,-0.035361928664715374,exper2_05
5.534999847412109,5.6403937,Validation,2013,2013-12-12,0.009430888120277692,exper2_05
6.204999923706055,5.740581,Validation,2013,2013-12-13,-0.038877882094942945,exper2_05
6.429999828338623,5.528787,Validation,2013,2013-12-14,-0.07535987512297945,exper2_05
5.960000038146916,5.3534565,Validation,2013,2013-12-15,-0.053612575348648064,exper2_05
6.099999904632568,5.1332936,Validation,2013,2013-12-16,-0.08605724341414804,exper2_05
6.255000114440918,4.968015,Validation,2013,2013-12-17,-0.11467372048764192,exper2_05
6.135000228881836,4.8379116,Validation,2013,2013-12-18,-0.11820824249613156,exper2_05
6.059999942779541,4.7341847,Validation,2013,2013-12-19,-0.12282680346190046,exper2_05
5.965000152587891,4.7029085,Validation,2013,2013-12-20,-0.11830731550807684,exper2_05
6.034999847412109,4.628403,Validation,2013,2013-12-21,-0.13190879647907772,exper2_05
6.025000095367432,4.597666,Validation,2013,2013-12-22,-0.13436686463310596,exper2_05
6.0,4.735055,Validation,2013,2013-12-23,-0.11783312090831617,exper2_05
5.864999771118164,4.6906357,Validation,2013,2013-12-24,-0.11125470326025855,exper2_05
6.239999771118164,4.628802,Validation,2013,2013-12-25,-0.14824062566178323,exper2_05
6.369999885559082,4.571218,Validation,2013,2013-12-26,-0.16440417221807058,exper2_05
6.059999942779541,4.573569,Validation,2013,2013-12-27,-0.1397866656861079,exper2_05
5.84499979019165,4.538159,Validation,2013,2013-12-28,-0.12586159341360315,exper2_05
5.869999885559082,4.4934163,Validation,2013,2013-12-29,-0.1328310617185997,exper2_05
6.170000076293945,4.4846067,Validation,2013,2013-12-30,-0.15818447006466518,exper2_05
5.920000076293945,4.4568534,Validation,2013,2013-12-31,-0.14100099720432635,exper2_05
5.710000038146916,3.6608305,Validation,2014,2014-01-01,-0.21867533860069943,exper2_05
5.614999771118164,3.4236412,Validation,2014,2014-01-02,-0.24244336865624178,exper2_05
5.46999979019165,3.5275993,Validation,2014,2014-01-03,-0.21587986178419769,exper2_05
5.425000190734863,3.5969129,Validation,2014,2014-01-04,-0.20262746042971888,exper2_05
5.590000152587891,3.6378078,Validation,2014,2014-01-05,-0.21155536686530815,exper2_05
5.550000190734863,3.5879042,Validation,2014,2014-01-06,-0.21472056270086773,exper2_05
5.46999979019165,3.5496645,Validation,2014,2014-01-07,-0.21290540663061988,exper2_05
5.659999847412109,3.5084248,Validation,2014,2014-01-08,-0.2346722780505919,exper2_05
5.605000019073486,3.4825892,Validation,2014,2014-01-09,-0.2335504733536306,exper2_05
5.699999809265137,3.5237403,Validation,2014,2014-01-10,-0.23594111432808346,exper2_05
5.579999923706055,3.5762076,Validation,2014,2014-01-11,-0.2188452230316709,exper2_05
5.21999979019165,3.5169253,Validation,2014,2014-01-12,-0.19492835647225895,exper2_05
4.980000019073486,3.4913688,Validation,2014,2014-01-13,-0.17572499621181162,exper2_05
4.125,3.6289377,Validation,2014,2014-01-14,-0.06397553044408938,exper2_05
4.565000057220459,3.5376601,Validation,2014,2014-01-15,-0.12679045061618324,exper2_05
4.53000020980835,3.615891,Validation,2014,2014-01-16,-0.11221721586599959,exper2_05
4.255000114440918,3.683702,Validation,2014,2014-01-17,-0.07196366795776117,exper2_05
4.465000152587891,3.8035016,Validation,2014,2014-01-18,-0.08000222602774287,exper2_05
5.724999904632568,3.889616,Validation,2014,2014-01-19,-0.19089518581546452,exper2_05
4.335000038146916,3.866941,Validation,2014,2014-01-20,-0.05706686529403906,exper2_05
4.409999847412109,3.688879,Validation,2014,2014-01-21,-0.08903958767305403,exper2_05
4.239999771118164,3.6409023,Validation,2014,2014-01-22,-0.07601889813670282,exper2_05
4.210000038146916,3.6426373,Validation,2014,2014-01-23,-0.07225124048360732,exper2_05
4.144999980926514,3.7041163,Validation,2014,2014-01-24,-0.0561698436101791,exper2_05
3.9549999237060547,3.6225739,Validation,2014,2014-01-25,-0.04386972413374745,exper2_05
3.619999885559082,3.5035353,Validation,2014,2014-01-26,-0.01634927213996847,exper2_05
3.4649999141693115,3.4871292,Validation,2014,2014-01-27,0.0031830964092709494,exper2_05
3.6649999618530273,3.474738,Validation,2014,2014-01-28,-0.026648328465775875,exper2_05
3.6600000858306885,3.5119774,Validation,2014,2014-01-29,-0.02063902895119365,exper2_05
3.565000057220459,3.6149855,Validation,2014,2014-01-30,0.006961770134672234,exper2_05
3.375,3.729228,Validation,2014,2014-01-31,0.04986157802527827,exper2_05
3.4149999618530273,3.756509,Validation,2014,2014-02-01,0.0476202571127455,exper2_05
3.494999885559082,3.8179743,Validation,2014,2014-02-02,0.044164581189539136,exper2_05
3.450000047683716,3.7315679,Validation,2014,2014-02-03,0.03920701100360308,exper2_05
3.4749999046325684,3.7379792,Validation,2014,2014-02-04,0.036459175352266705,exper2_05
3.5799999237060547,3.7367532,Validation,2014,2014-02-05,0.021423888223044536,exper2_05
3.5999999046325684,3.6176767,Validation,2014,2014-02-06,0.0024491025539810384,exper2_05
3.5999999046325684,3.6954176,Validation,2014,2014-02-07,0.01307913321521913,exper2_05
3.7300000190734863,3.757622,Validation,2014,2014-02-08,0.0036890196110772547,exper2_05
3.694999933242798,3.902534,Validation,2014,2014-02-09,0.02731597863038482,exper2_05
3.6500000953674316,3.754538,Validation,2014,2014-02-10,0.014118093753384919,exper2_05
3.684999942779541,3.9350939,Validation,2014,2014-02-11,0.03282032252442744,exper2_05
3.8550000190734863,3.7865667,Validation,2014,2014-02-12,-0.008955399719460085,exper2_05
3.835000038146916,3.6021838,Validation,2014,2014-02-13,-0.03130435172874904,exper2_05
3.9200000762939453,3.6746786,Validation,2014,2014-02-14,-0.03230176335815053,exper2_05
3.869999885559082,3.5027165,Validation,2014,2014-02-15,-0.0498165564772376,exper2_05
3.8949999809265137,3.7785368,Validation,2014,2014-02-16,-0.01517724977851584,exper2_05
3.865000009536743,3.8280518,Validation,2014,2014-02-17,-0.004802801921641424,exper2_05
4.034999847412109,3.5376086,Validation,2014,2014-02-18,-0.06568294476305547,exper2_05
3.934999942779541,3.550539,Validation,2014,2014-02-19,-0.0513604869516871,exper2_05
4.059999942779541,3.5614042,Validation,2014,2014-02-20,-0.06542045315834841,exper2_05
4.09499979019165,3.4557557,Validation,2014,2014-02-21,-0.08465961843456195,exper2_05
4.269999980926514,3.422144,Validation,2014,2014-02-22,-0.11022363256702143,exper2_05
4.159999847412109,3.6770153,Validation,2014,2014-02-23,-0.061628634560545244,exper2_05
4.389999866485596,3.5198505,Validation,2014,2014-02-24,-0.11000832310590715,exper2_05
4.590000152587891,3.4858818,Validation,2014,2014-02-25,-0.1367179898008733,exper2_05
4.639999866485596,3.3769803,Validation,2014,2014-02-26,-0.15754305671158436,exper2_05
4.90500020980835,3.3439603,Validation,2014,2014-02-27,-0.18924080501642723,exper2_05
4.96999979019165,3.285418,Validation,2014,2014-02-28,-0.20405772215876908,exper2_05
4.855000019073486,3.3626409,Validation,2014,2014-03-01,-0.18160432948531716,exper2_05
4.809999942779541,3.542038,Validation,2014,2014-03-02,-0.1518146820075233,exper2_05
4.789999961853027,3.6390023,Validation,2014,2014-03-03,-0.13655206153522742,exper2_05
4.815000057220459,3.62921,Validation,2014,2014-03-04,-0.14042640514384042,exper2_05
4.914999961853027,3.8303933,Validation,2014,2014-03-05,-0.12402033999332295,exper2_05
4.894999980926514,3.8705235,Validation,2014,2014-03-06,-0.11687568185953755,exper2_05
4.885000228881836,3.832769,Validation,2014,2014-03-07,-0.12069960722520957,exper2_05
5.204999923706055,3.7845602,Validation,2014,2014-03-08,-0.15800992485124232,exper2_05
5.460000038146916,3.6349382,Validation,2014,2014-03-09,-0.20066785966767578,exper2_05
5.559999942779541,3.8334537,Validation,2014,2014-03-10,-0.18380314221173127,exper2_05
5.735000133514404,3.6336637,Validation,2014,2014-03-11,-0.22429414981398155,exper2_05
5.739999771118164,3.8570979,Validation,2014,2014-03-12,-0.19619493085571327,exper2_05
6.159999847412109,3.823213,Validation,2014,2014-03-13,-0.2340716119336187,exper2_05
6.204999923706055,3.9467328,Validation,2014,2014-03-14,-0.22245140161852245,exper2_05
6.139999866485596,4.2946944,Validation,2014,2014-03-15,-0.17684326837921796,exper2_05
6.014999866485596,4.709557,Validation,2014,2014-03-16,-0.12172463808454091,exper2_05
5.869999885559082,4.883186,Validation,2014,2014-03-17,-0.09176945745134432,exper2_05
5.96999979019165,4.987348,Validation,2014,2014-03-18,-0.08967970371845455,exper2_05
6.090000152587891,5.105227,Validation,2014,2014-03-19,-0.0879636604216535,exper2_05
6.420000076293945,5.309669,Validation,2014,2014-03-20,-0.09466004962254611,exper2_05
6.875,5.44633,Validation,2014,2014-03-21,-0.1159509502083267,exper2_05
6.760000228881836,5.588899,Validation,2014,2014-03-22,-0.09483445113024147,exper2_05
6.715000152587891,6.087791,Validation,2014,2014-03-23,-0.048990035121456534,exper2_05
6.545000076293945,5.882984,Validation,2014,2014-03-24,-0.05326816499415348,exper2_05
6.230000019073486,5.8926272,Validation,2014,2014-03-25,-0.027830005217324538,exper2_05
6.335000038146916,5.895455,Validation,2014,2014-03-26,-0.03593857770497202,exper2_05
6.284999847412109,5.9428034,Validation,2014,2014-03-27,-0.027985113768516246,exper2_05
6.559999942779541,6.176639,Validation,2014,2014-03-28,-0.030099060045971144,exper2_05
7.164999961853027,6.3916984,Validation,2014,2014-03-29,-0.05704203066450884,exper2_05
7.59499979019165,6.584373,Validation,2014,2014-03-30,-0.07127443562245471,exper2_05
7.699999809265137,7.160001,Validation,2014,2014-03-31,-0.03633909730814846,exper2_05
8.395000457763672,8.06311,Validation,2014,2014-04-01,-0.020165747457059447,exper2_05
8.859999656677246,7.507038,Validation,2014,2014-04-02,-0.08266380019255239,exper2_05
8.720000267028809,7.3626714,Validation,2014,2014-04-03,-0.08439697843384837,exper2_05
8.345000267028809,7.401448,Validation,2014,2014-04-04,-0.0599216084574563,exper2_05
9.020000457763672,7.528589,Validation,2014,2014-04-05,-0.09012319208923396,exper2_05
8.770000457763672,8.319051,Validation,2014,2014-04-06,-0.0263882214627252,exper2_05
9.494999885559082,9.259373,Validation,2014,2014-04-07,-0.012563852678195724,exper2_05
10.09000015258789,8.799199,Validation,2014,2014-04-08,-0.06833540324942579,exper2_05
9.145000457763672,9.018722,Validation,2014,2014-04-09,-0.006952257747186647,exper2_05
8.385000228881836,9.677501,Validation,2014,2014-04-10,0.0715571171027521,exper2_05
8.774999618530273,9.600584,Validation,2014,2014-04-11,0.04492833683028759,exper2_05
9.470000267028809,9.21861,Validation,2014,2014-04-12,-0.013451533105931347,exper2_05
9.664999961853027,9.344792,Validation,2014,2014-04-13,-0.01684435002246502,exper2_05
9.704999923706055,9.680704,Validation,2014,2014-04-14,-0.0012532847315719524,exper2_05
9.404999732971248,9.137132,Validation,2014,2014-04-15,-0.014446453639426163,exper2_05
8.994999885559082,9.33325,Validation,2014,2014-04-16,0.018455125911338948,exper2_05
9.204999923706055,9.56755,Validation,2014,2014-04-17,0.0193127619295337,exper2_05
9.180000305175781,9.987387,Validation,2014,2014-04-18,0.042122924629755254,exper2_05
9.210000038146916,10.242942,Validation,2014,2014-04-19,0.053099516969603064,exper2_05
9.21500015258789,10.191212,Validation,2014,2014-04-20,0.050304075583884486,exper2_05
9.675000190734863,10.267049,Validation,2014,2014-04-21,0.02968845599733037,exper2_05
10.539999961853027,10.603816,Validation,2014,2014-04-22,0.003018190783251089,exper2_05
10.944999694824219,10.743014,Validation,2014,2014-04-23,-0.009313225217774477,exper2_05
10.75,10.86956,Validation,2014,2014-04-24,0.0055301884202350335,exper2_05
10.829999923706055,11.4019,Validation,2014,2014-04-25,0.025724313360633057,exper2_05
11.289999961853027,11.556332,Validation,2014,2014-04-26,0.011657524602799745,exper2_05
11.755000114440918,11.459349,Validation,2014,2014-04-27,-0.012735719553796895,exper2_05
12.414999961853027,11.867547,Validation,2014,2014-04-28,-0.022545119616232692,exper2_05
12.510000228881836,12.433713,Validation,2014,2014-04-29,-0.0030583766344964834,exper2_05
13.274999618530273,13.116928,Validation,2014,2014-04-30,-0.005989388862634748,exper2_05
13.520000457763672,13.680736,Validation,2014,2014-05-01,0.005909219884314722,exper2_05
13.289999961853027,13.896604,Validation,2014,2014-05-02,0.022312593090452172,exper2_05
13.550000190734863,14.25928,Validation,2014,2014-05-03,0.02550515525574908,exper2_05
13.029999732971248,13.317132,Validation,2014,2014-05-04,0.010898046365560167,exper2_05
12.505000114440918,13.694335,Validation,2014,2014-05-05,0.04539561271016585,exper2_05
13.15999984741211,14.491855,Validation,2014,2014-05-06,0.048165117443582046,exper2_05
13.005000114440918,14.75111,Validation,2014,2014-05-07,0.06290902977492296,exper2_05
12.805000305175781,15.206347,Validation,2014,2014-05-08,0.0857276550916966,exper2_05
13.01500034332281,15.744434,Validation,2014,2014-05-09,0.09490569066593922,exper2_05
13.720000267028809,16.161772,Validation,2014,2014-05-10,0.08171441452289638,exper2_05
13.835000038146916,16.08116,Validation,2014,2014-05-11,0.07508181468883526,exper2_05
13.21500015258789,16.152666,Validation,2014,2014-05-12,0.1000306226198869,exper2_05
12.76500034332281,16.415762,Validation,2014,2014-05-13,0.12510850703309678,exper2_05
12.319999694824219,16.150133,Validation,2014,2014-05-14,0.13453163219442082,exper2_05
12.414999961853027,15.829092,Validation,2014,2014-05-15,0.12087809604222734,exper2_05
12.274999618530273,16.486288,Validation,2014,2014-05-16,0.14642211077804004,exper2_05
12.675000190734863,17.182734,Validation,2014,2014-05-17,0.15097372715299934,exper2_05
12.770000457763672,17.006008,Validation,2014,2014-05-18,0.14226244176938563,exper2_05
12.774999618530273,17.206087,Validation,2014,2014-05-19,0.14779609337246458,exper2_05
13.25,17.570799,Validation,2014,2014-05-20,0.14019100840245127,exper2_05
14.460000038146916,17.917788,Validation,2014,2014-05-21,0.10679505213623848,exper2_05
14.845000267028809,17.948679,Validation,2014,2014-05-22,0.0946425889221883,exper2_05
15.145000457763672,18.290203,Validation,2014,2014-05-23,0.09406859544922565,exper2_05
15.0600004196167,18.364717,Validation,2014,2014-05-24,0.09887045489750061,exper2_05
15.859999656677246,18.545835,Validation,2014,2014-05-25,0.07806338158855361,exper2_05
16.44499969482422,18.609987,Validation,2014,2014-05-26,0.06175975951564916,exper2_05
16.69499969482422,18.393566,Validation,2014,2014-05-27,0.04840797555449908,exper2_05
16.045000076293945,18.86815,Validation,2014,2014-05-28,0.08086209840987042,exper2_05
15.729999542236328,19.141645,Validation,2014,2014-05-29,0.09783438354714558,exper2_05
15.260000228881836,19.240358,Validation,2014,2014-05-30,0.11537150010692099,exper2_05
14.895000457763672,19.230055,Validation,2014,2014-05-31,0.12703435519172748,exper2_05
15.180000305175781,18.819138,Validation,2014,2014-06-01,0.10703616312507924,exper2_05
15.529999732971248,19.332283,Validation,2014,2014-06-02,0.10906581516731262,exper2_05
15.295000076293945,19.493961,Validation,2014,2014-06-03,0.12069809179944445,exper2_05
15.104999542236328,19.143866,Validation,2014,2014-06-04,0.11792700365538075,exper2_05
15.199999809265137,19.50884,Validation,2014,2014-06-05,0.12414245782034533,exper2_05
15.005000114440918,19.568197,Validation,2014,2014-06-06,0.13198655269790807,exper2_05
16.075000762939453,20.259829,Validation,2014,2014-06-07,0.11517400471340686,exper2_05
17.485000610351562,21.176996,Validation,2014,2014-06-08,0.09549417832374224,exper2_05
18.540000915527344,21.955555,Validation,2014,2014-06-09,0.0843439229960774,exper2_05
19.43499946594244,22.406963,Validation,2014,2014-06-10,0.07102830944222142,exper2_05
19.950000762939453,22.853533,Validation,2014,2014-06-11,0.06783393302167394,exper2_05
20.045000076293945,23.171324,Validation,2014,2014-06-12,0.07234126879043862,exper2_05
20.0,23.175402,Validation,2014,2014-06-13,0.0735465464941447,exper2_05
19.725000381469727,22.840284,Validation,2014,2014-06-14,0.073188373715769,exper2_05
19.68499946594244,22.238182,Validation,2014,2014-06-15,0.060901451381245024,exper2_05
19.774999618530273,22.69335,Validation,2014,2014-06-16,0.06871823974925317,exper2_05
19.6299991607666,22.882994,Validation,2014,2014-06-17,0.07651765539422672,exper2_05
19.545000076293945,22.088531,Validation,2014,2014-06-18,0.061093338035559074,exper2_05
19.790000915527344,22.476496,Validation,2014,2014-06-19,0.06356085882839195,exper2_05
19.440000534057617,23.251791,Validation,2014,2014-06-20,0.08928626158110556,exper2_05
19.440000534057617,23.577671,Validation,2014,2014-06-21,0.09618536672269751,exper2_05
19.915000915527344,23.20481,Validation,2014,2014-06-22,0.07629459093981523,exper2_05
19.790000915527344,22.992416,Validation,2014,2014-06-23,0.07485354191302232,exper2_05
19.315000534057617,22.266466,Validation,2014,2014-06-24,0.07098031509498977,exper2_05
19.364999771118164,21.907356,Validation,2014,2014-06-25,0.06159949989373158,exper2_05
18.155000686645508,21.525663,Validation,2014,2014-06-26,0.08494471473309871,exper2_05
18.15999984741211,21.906597,Validation,2014,2014-06-27,0.09350924640429248,exper2_05
18.329999923706055,21.986168,Validation,2014,2014-06-28,0.09068738872446379,exper2_05
18.96500015258789,22.086927,Validation,2014,2014-06-29,0.07604825026286954,exper2_05
18.68000030517578,21.94281,Validation,2014,2014-06-30,0.08031964613477327,exper2_05
19.135000228881836,22.1603,Validation,2014,2014-07-01,0.07326013146037783,exper2_05
19.399999618530273,22.37955,Validation,2014,2014-07-02,0.0713160212571681,exper2_05
20.06999969482422,21.935537,Validation,2014,2014-07-03,0.04441170796039177,exper2_05
19.90999984741211,22.134706,Validation,2014,2014-07-04,0.05291288352798224,exper2_05
20.18000030517578,22.690092,Validation,2014,2014-07-05,0.05855111667747436,exper2_05
20.28499984741211,22.609451,Validation,2014,2014-07-06,0.05419002655781842,exper2_05
20.68000030517578,23.063566,Validation,2014,2014-07-07,0.05448951909301325,exper2_05
20.68499946594244,23.207848,Validation,2014,2014-07-08,0.05747743193229732,exper2_05
20.655000686645508,22.993093,Validation,2014,2014-07-09,0.053566893309489196,exper2_05
19.78499984741211,22.630686,Validation,2014,2014-07-10,0.06709041513784829,exper2_05
19.674999237060547,22.57725,Validation,2014,2014-07-11,0.06868865858773339,exper2_05
17.040000915527344,22.914934,Validation,2014,2014-07-12,0.14703898859899656,exper2_05
16.6200008392334,22.703888,Validation,2014,2014-07-13,0.1547122446220828,exper2_05
17.360000610351562,22.497444,Validation,2014,2014-07-14,0.1288954566205894,exper2_05
17.635000228881836,22.794947,Validation,2014,2014-07-15,0.12762684191715257,exper2_05
19.354999542236328,22.428125,Validation,2014,2014-07-16,0.07354944956474117,exper2_05
23.06999969482422,22.371817,Validation,2014,2014-07-17,-0.01536432995157652,exper2_05
20.885000228881836,22.965956,Validation,2014,2014-07-18,0.04745519133312716,exper2_05
21.850000381469727,23.264475,Validation,2014,2014-07-19,0.031353007642420334,exper2_05
22.31999969482422,24.161875,Validation,2014,2014-07-20,0.03962566263637885,exper2_05
21.84000015258789,23.927347,Validation,2014,2014-07-21,0.04560777829931573,exper2_05
21.25,23.578997,Validation,2014,2014-07-22,0.051952906197660284,exper2_05
21.514999389648438,23.786312,Validation,2014,2014-07-23,0.0501379019452456,exper2_05
21.584999084472656,24.036186,Validation,2014,2014-07-24,0.05372914179067037,exper2_05
21.6299991607666,23.959135,Validation,2014,2014-07-25,0.05108971545114777,exper2_05
22.299999237060547,23.67283,Validation,2014,2014-07-26,0.029861797718732392,exper2_05
22.020000457763672,23.442354,Validation,2014,2014-07-27,0.03128640729551175,exper2_05
22.94499969482422,23.465174,Validation,2014,2014-07-28,0.011208189674817794,exper2_05
22.665000915527344,23.326,Validation,2014,2014-07-29,0.014372361589596778,exper2_05
22.829999923706055,22.777779,Validation,2014,2014-07-30,-0.0011450085901782193,exper2_05
23.05999946594244,22.509718,Validation,2014,2014-07-31,-0.012075596601593018,exper2_05
23.0049991607666,22.474707,Validation,2014,2014-08-01,-0.011659981117629652,exper2_05
23.094999313354492,22.585752,Validation,2014,2014-08-02,-0.011147951951304955,exper2_05
23.3799991607666,22.738386,Validation,2014,2014-08-03,-0.013912304219027536,exper2_05
23.424999237060547,22.908304,Validation,2014,2014-08-04,-0.011151698326959149,exper2_05
23.165000915527344,22.798193,Validation,2014,2014-08-05,-0.007980471036728392,exper2_05
22.895000457763672,22.509417,Validation,2014,2014-08-06,-0.008492210730094374,exper2_05
22.985000610351562,22.788828,Validation,2014,2014-08-07,-0.004285696010891271,exper2_05
23.219999313354492,22.940006,Validation,2014,2014-08-08,-0.00606570674757967,exper2_05
23.469999313354492,23.35684,Validation,2014,2014-08-09,-0.002416545319389428,exper2_05
23.645000457763672,23.264067,Validation,2014,2014-08-10,-0.008120685076653885,exper2_05
23.59000015258789,23.251291,Validation,2014,2014-08-11,-0.007230989309654522,exper2_05
23.18499946594244,22.531424,Validation,2014,2014-08-12,-0.014296304343872858,exper2_05
22.665000915527344,22.04946,Validation,2014,2014-08-13,-0.01376604912585731,exper2_05
22.28499984741211,22.200518,Validation,2014,2014-08-14,-0.0018990943061342766,exper2_05
22.075000762939453,22.451254,Validation,2014,2014-08-15,0.008450140955624777,exper2_05
21.815000534057617,22.319597,Validation,2014,2014-08-16,0.011433132635298307,exper2_05
21.864999771118164,22.727873,Validation,2014,2014-08-17,0.019350022250254367,exper2_05
21.360000610351562,22.709126,Validation,2014,2014-08-18,0.030613833922948166,exper2_05
21.049999237060547,22.652624,Validation,2014,2014-08-19,0.03667113710128605,exper2_05
20.764999389648438,22.488218,Validation,2014,2014-08-20,0.03984024795363331,exper2_05
20.6200008392334,22.365732,Validation,2014,2014-08-21,0.04061187818876985,exper2_05
20.395000457763672,22.46191,Validation,2014,2014-08-22,0.04822815634657038,exper2_05
20.024999618530273,22.002348,Validation,2014,2014-08-23,0.04704908689735348,exper2_05
19.80500030517578,22.174597,Validation,2014,2014-08-24,0.056446384565066954,exper2_05
19.674999237060547,21.793009,Validation,2014,2014-08-25,0.05107574892787553,exper2_05
19.719999313354492,21.306997,Validation,2014,2014-08-26,0.038681797764217346,exper2_05
19.885000228881836,21.351748,Validation,2014,2014-08-27,0.035568937034584566,exper2_05
19.954999923706055,21.483648,Validation,2014,2014-08-28,0.03688943635917246,exper2_05
20.020000457763672,21.295313,Validation,2014,2014-08-29,0.03086779018797871,exper2_05
20.204999923706055,21.838905,Validation,2014,2014-08-30,0.038861884992207316,exper2_05
17.670000076293945,21.73822,Validation,2014,2014-08-31,0.10323278007722377,exper2_05
17.850000381469727,21.21449,Validation,2014,2014-09-01,0.08612656659494507,exper2_05
17.719999313354492,20.875746,Validation,2014,2014-09-02,0.08176410256815743,exper2_05
17.924999237060547,21.093754,Validation,2014,2014-09-03,0.08121106723819214,exper2_05
18.229999542236328,20.93049,Validation,2014,2014-09-04,0.06895958015476314,exper2_05
18.625,21.217802,Validation,2014,2014-09-05,0.06507579573905112,exper2_05
18.959999084472656,21.180925,Validation,2014,2014-09-06,0.05532822960641527,exper2_05
19.219999313354492,21.225,Validation,2014,2014-09-07,0.04957352165271041,exper2_05
19.274999618530273,21.232283,Validation,2014,2014-09-08,0.04831928756902537,exper2_05
19.260000228881836,21.668283,Validation,2014,2014-09-09,0.05884153979679944,exper2_05
19.05500030517578,21.56029,Validation,2014,2014-09-10,0.06168339797640746,exper2_05
18.665000915527344,21.03159,Validation,2014,2014-09-11,0.0596169234505161,exper2_05
18.53499984741211,20.584604,Validation,2014,2014-09-12,0.05239328113067523,exper2_05
18.545000076293945,20.719519,Validation,2014,2014-09-13,0.05538126163538217,exper2_05
18.350000381469727,20.255114,Validation,2014,2014-09-14,0.04934872672688281,exper2_05
17.940000534057617,20.169134,Validation,2014,2014-09-15,0.05849341962292398,exper2_05
17.09000015258789,20.517817,Validation,2014,2014-09-16,0.09114638104850623,exper2_05
17.520000457763672,20.401514,Validation,2014,2014-09-17,0.07598624772059062,exper2_05
17.594999313354492,20.076204,Validation,2014,2014-09-18,0.06586476535348872,exper2_05
17.774999618530273,19.81515,Validation,2014,2014-09-19,0.054273519712540005,exper2_05
17.69499969482422,20.04044,Validation,2014,2014-09-20,0.062154832549022106,exper2_05
17.915000915527344,19.77205,Validation,2014,2014-09-21,0.0492755430485419,exper2_05
17.780000686645508,19.6347,Validation,2014,2014-09-22,0.04957142556369191,exper2_05
17.100000381469727,19.451038,Validation,2014,2014-09-23,0.06432205650068822,exper2_05
16.489999771118164,18.705145,Validation,2014,2014-09-24,0.06293894038236343,exper2_05
16.09000015258789,18.537886,Validation,2014,2014-09-25,0.07069116278531765,exper2_05
16.165000915527344,18.130709,Validation,2014,2014-09-26,0.057316434075425554,exper2_05
16.15999984741211,18.062664,Validation,2014,2014-09-27,0.05559661256282001,exper2_05
16.30999946594244,17.946533,Validation,2014,2014-09-28,0.047772894968447825,exper2_05
16.53499984741211,17.961454,Validation,2014,2014-09-29,0.04135075837618075,exper2_05
16.68499946594244,18.013653,Validation,2014,2014-09-30,0.038291208699692846,exper2_05
16.46500015258789,18.231226,Validation,2014,2014-10-01,0.05090541572766256,exper2_05
16.405000686645508,17.9299,Validation,2014,2014-10-02,0.04441249380047392,exper2_05
16.354999542236328,17.873877,Validation,2014,2014-10-03,0.04437414259133438,exper2_05
16.30999946594244,17.729368,Validation,2014,2014-10-04,0.04169785870923493,exper2_05
16.30500030517578,17.655855,Validation,2014,2014-10-05,0.03977682111963599,exper2_05
16.174999237060547,17.36469,Validation,2014,2014-10-06,0.035471155009222065,exper2_05
15.779999732971248,17.385448,Validation,2014,2014-10-07,0.0484072675183187,exper2_05
15.604999542236328,17.659468,Validation,2014,2014-10-08,0.0617616431407944,exper2_05
15.664999961853027,17.746454,Validation,2014,2014-10-09,0.06229762597379511,exper2_05
15.760000228881836,17.806822,Validation,2014,2014-10-10,0.06097752093026057,exper2_05
15.760000228881836,17.845182,Validation,2014,2014-10-11,0.06204942290601729,exper2_05
15.789999961853027,17.869125,Validation,2014,2014-10-12,0.06177003662731539,exper2_05
15.630000114440918,17.892399,Validation,2014,2014-10-13,0.0674891651773447,exper2_05
15.4399995803833,17.641462,Validation,2014,2014-10-14,0.0665467188811992,exper2_05
15.324999809265137,17.755808,Validation,2014,2014-10-15,0.07348091650015491,exper2_05
15.220000267028809,17.54795,Validation,2014,2014-10-16,0.07104351678174484,exper2_05
14.989999771118164,17.67901,Validation,2014,2014-10-17,0.08231074669093885,exper2_05
14.899999618530273,16.96117,Validation,2014,2014-10-18,0.06469224419463844,exper2_05
14.494999885559082,16.761803,Validation,2014,2014-10-19,0.07252190250456039,exper2_05
14.8149995803833,16.830832,Validation,2014,2014-10-20,0.0636997631833762,exper2_05
14.734999656677246,17.126673,Validation,2014,2014-10-21,0.07506426712134928,exper2_05
14.425000190734863,16.7192,Validation,2014,2014-10-22,0.07366379356672666,exper2_05
13.914999961853027,14.699083,Validation,2014,2014-10-23,0.027402008949394516,exper2_05
13.194999694824219,15.584586,Validation,2014,2014-10-24,0.083030605863962,exper2_05
13.555000305175781,13.912394,Validation,2014,2014-10-25,0.013011546213498185,exper2_05
13.345000267028809,14.159175,Validation,2014,2014-10-26,0.029601856684994547,exper2_05
13.3149995803833,13.24044,Validation,2014,2014-10-27,-0.002807681283912023,exper2_05
13.399999618530273,13.111045,Validation,2014,2014-10-28,-0.010899409669718292,exper2_05
13.28499984741211,12.962363,Validation,2014,2014-10-29,-0.012292153051582978,exper2_05
12.90999984741211,12.572768,Validation,2014,2014-10-30,-0.013233712886666285,exper2_05
12.59000015258789,12.36272,Validation,2014,2014-10-31,-0.009108450685869345,exper2_05
12.335000038146916,13.405233,Validation,2014,2014-11-01,0.04157822998392521,exper2_05
12.14000034332281,13.318113,Validation,2014,2014-11-02,0.04627652303539258,exper2_05
12.404999732971248,12.379722,Validation,2014,2014-11-03,-0.0010199062175746912,exper2_05
12.430000305175781,12.407572,Validation,2014,2014-11-04,-0.0009030074471428865,exper2_05
12.454999923706055,12.837623,Validation,2014,2014-11-05,0.015127838871165776,exper2_05
12.109999656677246,13.043486,Validation,2014,2014-11-06,0.03711159601690078,exper2_05
11.744999885559082,13.173455,Validation,2014,2014-11-07,0.05732519715530248,exper2_05
11.345000267028809,13.255265,Validation,2014,2014-11-08,0.07765220943020203,exper2_05
11.125,13.106193,Validation,2014,2014-11-09,0.08176207512466327,exper2_05
11.335000038146916,9.603816,Validation,2014,2014-11-10,-0.08267821828625627,exper2_05
11.194999694824219,13.487559,Validation,2014,2014-11-11,0.09288176410220428,exper2_05
11.25,14.136138,Validation,2014,2014-11-12,0.11368952483527456,exper2_05
11.270000457763672,13.96961,Validation,2014,2014-11-13,0.10695924717511189,exper2_05
11.425000190734863,13.423,Validation,2014,2014-11-14,0.08040889015731596,exper2_05
11.4350004196167,13.39736,Validation,2014,2014-11-15,0.07902428151233992,exper2_05
11.420000076293945,12.315664,Validation,2014,2014-11-16,0.037734954506166825,exper2_05
11.585000038146916,11.626456,Validation,2014,2014-11-17,0.0017860241942824428,exper2_05
11.050000190734863,11.222629,Validation,2014,2014-11-18,0.007750697251892394,exper2_05
10.89000034332281,10.807485,Validation,2014,2014-11-19,-0.003803008351729633,exper2_05
10.649999618530273,10.5238905,Validation,2014,2014-11-20,-0.005955878799409056,exper2_05
10.395000457763672,10.251916,Validation,2014,2014-11-21,-0.006930067587962805,exper2_05
10.199999809265137,10.036584,Validation,2014,2014-11-22,-0.008075271555594178,exper2_05
9.524999618530273,9.863273,Validation,2014,2014-11-23,0.017447302339287745,exper2_05
9.664999961853027,9.722129,Validation,2014,2014-11-24,0.002946744035750522,exper2_05
9.53499984741211,9.610009,Validation,2014,2014-11-25,0.003917958244277695,exper2_05
9.6899995803833,9.513597,Validation,2014,2014-11-26,-0.00918593812309332,exper2_05
9.354999542236328,9.43933,Validation,2014,2014-11-27,0.004487021371743634,exper2_05
8.989999771118164,9.493697,Validation,2014,2014-11-28,0.02725090099811878,exper2_05
8.960000038146916,9.70407,Validation,2014,2014-11-29,0.03986644113219387,exper2_05
8.779999732971248,9.865143,Validation,2014,2014-11-30,0.05819977434227726,exper2_05
8.3149995803833,9.676511,Validation,2014,2014-12-01,0.07567520463051376,exper2_05
8.51500034332281,9.558562,Validation,2014,2014-12-02,0.057739691794378795,exper2_05
8.319999694824219,9.47946,Validation,2014,2014-12-03,0.06514018420189448,exper2_05
7.909999847412109,9.414172,Validation,2014,2014-12-04,0.08682506288908813,exper2_05
7.985000133514404,9.358895,Validation,2014,2014-12-05,0.07921491301807107,exper2_05
7.525000095367432,9.312542,Validation,2014,2014-12-06,0.106164062441369,exper2_05
8.305000305175781,9.257623,Validation,2014,2014-12-07,0.05424146565886963,exper2_05
7.929999828338623,8.986386,Validation,2014,2014-12-08,0.06244752648907228,exper2_05
8.125,7.8985534,Validation,2014,2014-12-09,-0.014132110607520983,exper2_05
7.880000114440918,7.322261,Validation,2014,2014-12-10,-0.036687914966984564,exper2_05
7.920000076293945,6.912308,Validation,2014,2014-12-11,-0.06793897755726018,exper2_05
7.554999828338623,6.776058,Validation,2014,2014-12-12,-0.054353393164603116,exper2_05
7.360000133514404,6.354714,Validation,2014,2014-12-13,-0.07329983060889012,exper2_05
7.130000114440918,6.1858,Validation,2014,2014-12-14,-0.07090824625177129,exper2_05
7.210000038146916,6.0814977,Validation,2014,2014-12-15,-0.0849040788158483,exper2_05
7.369999885559082,5.919353,Validation,2014,2014-12-16,-0.10915857896755818,exper2_05
7.295000076293945,6.3212485,Validation,2014,2014-12-17,-0.0715139369889551,exper2_05
7.315000057220459,6.630665,Validation,2014,2014-12-18,-0.04907153854183823,exper2_05
7.034999847412109,7.0384097,Validation,2014,2014-12-19,0.00024229114518531985,exper2_05
7.244999885559082,7.2284427,Validation,2014,2014-12-20,-0.0011439722499999917,exper2_05
7.329999923706055,6.410879,Validation,2014,2014-12-21,-0.06688951883198888,exper2_05
6.925000190734863,6.1529613,Validation,2014,2014-12-22,-0.05903358408498242,exper2_05
6.69500017166132,6.2223134,Validation,2014,2014-12-23,-0.03659327187548142,exper2_05
6.815000057220459,5.893514,Validation,2014,2014-12-24,-0.07250933393106912,exper2_05
6.400000095367432,5.6393123,Validation,2014,2014-12-25,-0.06318366075645268,exper2_05
6.07000017166132,5.320148,Validation,2014,2014-12-26,-0.06583340003663471,exper2_05
5.170000076293945,5.115359,Validation,2014,2014-12-27,-0.005312526990660762,exper2_05
5.449999809265137,5.00611,Validation,2014,2014-12-28,-0.042452653797063235,exper2_05
4.94500017166132,4.9407983,Validation,2014,2014-12-29,-0.00042504296010687436,exper2_05
4.809999942779541,4.9232574,Validation,2014,2014-12-30,0.011636125987893467,exper2_05
4.739999771118164,4.9071436,Validation,2014,2014-12-31,0.01732573212717617,exper2_05
5.28000020980835,3.9443803,Validation,2015,2015-01-01,-0.144792371416425,exper2_05
5.204999923706055,4.0876307,Validation,2015,2015-01-02,-0.12024250337091036,exper2_05
5.730000019073486,4.162309,Validation,2015,2015-01-03,-0.15847572284460626,exper2_05
5.929999828338623,3.9444902,Validation,2015,2015-01-04,-0.20107465088948728,exper2_05
5.284999847412109,3.8890657,Validation,2015,2015-01-05,-0.15216090306303573,exper2_05
5.380000114440918,3.7778444,Validation,2015,2015-01-06,-0.1749489934909946,exper2_05
4.94500017166132,3.7738445,Validation,2015,2015-01-07,-0.13432464252640675,exper2_05
4.965000152587891,3.7270393,Validation,2015,2015-01-08,-0.1424246653377607,exper2_05
4.94500017166132,3.6942463,Validation,2015,2015-01-09,-0.1447758071020988,exper2_05
5.074999809265137,3.6381657,Validation,2015,2015-01-10,-0.16490379912364436,exper2_05
4.96999979019165,3.707982,Validation,2015,2015-01-11,-0.1454275600255332,exper2_05
5.144999980926514,3.6297293,Validation,2015,2015-01-12,-0.17268575092160116,exper2_05
4.679999828338623,3.5637093,Validation,2015,2015-01-13,-0.1354112035582886,exper2_05
4.855000019073486,3.597501,Validation,2015,2015-01-14,-0.1487724131418166,exper2_05
4.885000228881836,3.5753274,Validation,2015,2015-01-15,-0.15480166850471067,exper2_05
4.784999847412109,3.6382945,Validation,2015,2015-01-16,-0.13613502596401678,exper2_05
5.034999847412109,3.7271338,Validation,2015,2015-01-17,-0.14926342788772415,exper2_05
5.065000057220459,3.653834,Validation,2015,2015-01-18,-0.16185259709055985,exper2_05
4.659999847412109,3.5860407,Validation,2015,2015-01-19,-0.13023936777926098,exper2_05
4.675000190734863,3.5360374,Validation,2015,2015-01-20,-0.1387111831883703,exper2_05
4.664999961853027,3.585934,Validation,2015,2015-01-21,-0.13078107922041615,exper2_05
4.630000114440918,3.6515884,Validation,2015,2015-01-22,-0.11814299491874307,exper2_05
4.710000038146916,3.5579872,Validation,2015,2015-01-23,-0.13933413175420273,exper2_05
4.019999980926514,3.6159227,Validation,2015,2015-01-24,-0.052917939184599576,exper2_05
3.835000038146916,3.558629,Validation,2015,2015-01-25,-0.037379614182359654,exper2_05
3.944999933242798,3.540601,Validation,2015,2015-01-26,-0.05402357418503224,exper2_05
4.264999866485596,3.508842,Validation,2015,2015-01-27,-0.09726952115595432,exper2_05
6.565000057220459,3.404828,Validation,2015,2015-01-28,-0.31697356712627006,exper2_05
3.875,3.489781,Validation,2015,2015-01-29,-0.052305574628530214,exper2_05
4.144999980926514,3.6640337,Validation,2015,2015-01-30,-0.06159101781640725,exper2_05
3.9549999237060547,3.5373354,Validation,2015,2015-01-31,-0.055745573320105705,exper2_05
4.054999828338623,3.5589674,Validation,2015,2015-02-01,-0.06514770351410272,exper2_05
3.9100000858306885,3.435821,Validation,2015,2015-02-02,-0.06455085419122057,exper2_05
3.6050000190734863,3.3375576,Validation,2015,2015-02-03,-0.038522181775823006,exper2_05
3.609999895095825,3.280212,Validation,2015,2015-02-04,-0.04786325561184268,exper2_05
3.3499999046325684,3.43534,Validation,2015,2015-02-05,0.012577118486307238,exper2_05
3.309999942779541,3.4522898,Validation,2015,2015-02-06,0.021041671081146667,exper2_05
3.1449999809265137,3.3433652,Validation,2015,2015-02-07,0.030572448712024206,exper2_05
3.434999942779541,3.2561364,Validation,2015,2015-02-08,-0.026731412388391666,exper2_05
3.174999952316284,3.202241,Validation,2015,2015-02-09,0.004271595198565042,exper2_05
3.325000047683716,3.2093894,Validation,2015,2015-02-10,-0.017692639777786987,exper2_05
3.634999990463257,3.2362578,Validation,2015,2015-02-11,-0.058030452588994696,exper2_05
3.694999933242798,3.2206402,Validation,2015,2015-02-12,-0.06859231290364295,exper2_05
3.6600000858306885,3.197206,Validation,2015,2015-02-13,-0.06749017869799415,exper2_05
3.835000038146916,3.371677,Validation,2015,2015-02-14,-0.06429081237782946,exper2_05
3.9749999046325684,3.4563556,Validation,2015,2015-02-15,-0.0697913502502008,exper2_05
3.6500000953674316,3.5631137,Validation,2015,2015-02-16,-0.012045616988330003,exper2_05
3.494999885559082,3.4671204,Validation,2015,2015-02-17,-0.004004452001351038,exper2_05
3.684999942779541,3.452365,Validation,2015,2015-02-18,-0.032593965088111486,exper2_05
3.984999895095825,3.4711218,Validation,2015,2015-02-19,-0.0689202951494538,exper2_05
4.295000076293945,3.4184515,Validation,2015,2015-02-20,-0.11363894808822089,exper2_05
4.264999866485596,3.4520173,Validation,2015,2015-02-21,-0.10534932615774407,exper2_05
4.21999979019165,3.8896134,Validation,2015,2015-02-22,-0.04074009362506223,exper2_05
4.284999847412109,3.7364154,Validation,2015,2015-02-23,-0.06838998421543245,exper2_05
4.215000152587891,4.0419436,Validation,2015,2015-02-24,-0.02095891757400324,exper2_05
4.215000152587891,3.9770029,Validation,2015,2015-02-25,-0.029052393307506797,exper2_05
4.409999847412109,4.079593,Validation,2015,2015-02-26,-0.03891902293460778,exper2_05
4.385000228881836,4.2886043,Validation,2015,2015-02-27,-0.011113715125019881,exper2_05
4.635000228881836,4.584903,Validation,2015,2015-02-28,-0.005433621759063544,exper2_05
4.525000095367432,4.04157,Validation,2015,2015-03-01,-0.056432141783650795,exper2_05
4.519999980926514,3.861155,Validation,2015,2015-03-02,-0.078610280648837,exper2_05
4.809999942779541,4.1897426,Validation,2015,2015-03-03,-0.06891945820423923,exper2_05
4.659999847412109,4.571547,Validation,2015,2015-03-04,-0.009581581198759894,exper2_05
4.494999885559082,4.2824693,Validation,2015,2015-03-05,-0.024213199626873273,exper2_05
4.364999771118164,4.407952,Validation,2015,2015-03-06,0.004895964624390423,exper2_05
4.519999980926514,4.5166483,Validation,2015,2015-03-07,-0.00037089950649628193,exper2_05
5.005000114440918,4.358333,Validation,2015,2015-03-08,-0.0690637605300338,exper2_05
5.210000038146916,4.508105,Validation,2015,2015-03-09,-0.07222552633191155,exper2_05
5.550000190734863,4.5543036,Validation,2015,2015-03-10,-0.09854182541687428,exper2_05
5.300000190734863,4.8248363,Validation,2015,2015-03-11,-0.04693052961427937,exper2_05
5.264999866485596,4.7035728,Validation,2015,2015-03-12,-0.05631970975066408,exper2_05
5.255000114440918,4.9506087,Validation,2015,2015-03-13,-0.02982589169887014,exper2_05
5.53000020980835,5.089667,Validation,2015,2015-03-14,-0.04146395213590231,exper2_05
5.375,5.341089,Validation,2015,2015-03-15,-0.003164515421812058,exper2_05
5.454999923706055,5.5316057,Validation,2015,2015-03-16,0.006972653728972645,exper2_05
5.679999828338623,5.5236096,Validation,2015,2015-03-17,-0.013958911241185186,exper2_05
6.010000228881836,5.5953526,Validation,2015,2015-03-18,-0.03572899364040603,exper2_05
6.25,5.7813296,Validation,2015,2015-03-19,-0.038954162385812,exper2_05
6.275000095367432,5.878182,Validation,2015,2015-03-20,-0.03265137969958885,exper2_05
6.335000038146916,5.8262467,Validation,2015,2015-03-21,-0.04183397550099864,exper2_05
5.929999828338623,6.042231,Validation,2015,2015-03-22,0.009374297523123288,exper2_05
5.920000076293945,6.1252713,Validation,2015,2015-03-23,0.017041645413351496,exper2_05
6.255000114440918,6.1434956,Validation,2015,2015-03-24,-0.008993393850284965,exper2_05
6.159999847412109,6.5910716,Validation,2015,2015-03-25,0.033806708703341896,exper2_05
6.110000133514404,6.9835696,Validation,2015,2015-03-26,0.06671744259466206,exper2_05
5.934999942779541,7.3650193,Validation,2015,2015-03-27,0.10752009829858294,exper2_05
6.184999942779541,7.213948,Validation,2015,2015-03-28,0.07679318197428223,exper2_05
6.519999980926514,7.066281,Validation,2015,2015-03-29,0.040208270977733926,exper2_05
6.699999809265137,7.057409,Validation,2015,2015-03-30,0.025979383930271334,exper2_05
6.679999828338623,7.3531327,Validation,2015,2015-03-31,0.04796740099733561,exper2_05
6.349999904632568,7.349608,Validation,2015,2015-04-01,0.0729661790954175,exper2_05
6.340000152587891,7.4843345,Validation,2015,2015-04-02,0.0827768097048086,exper2_05
6.260000228881836,7.504065,Validation,2015,2015-04-03,0.0903849832066745,exper2_05
6.159999847412109,7.7097716,Validation,2015,2015-04-04,0.11173736985560466,exper2_05
6.184999942779541,7.5808334,Validation,2015,2015-04-05,0.10139840095160751,exper2_05
6.34499979019165,7.489313,Validation,2015,2015-04-06,0.08271558857915012,exper2_05
6.59499979019165,7.210871,Validation,2015,2015-04-07,0.04460938603620142,exper2_05
7.125,7.989464,Validation,2015,2015-04-08,0.057194473931682824,exper2_05
7.574999809265137,8.0275345,Validation,2015,2015-04-09,0.029003921226338433,exper2_05
8.225000381469727,8.236758,Validation,2015,2015-04-10,0.0007142524029764668,exper2_05
8.489999771118164,9.161991,Validation,2015,2015-04-11,0.03806887010281341,exper2_05
8.5649995803833,10.038075,Validation,2015,2015-04-12,0.07918453613310436,exper2_05
9.239999771118164,10.19352,Validation,2015,2015-04-13,0.04906573036701911,exper2_05
9.75,11.065524,Validation,2015,2015-04-14,0.06319918224772743,exper2_05
9.989999771118164,10.826829,Validation,2015,2015-04-15,0.04019964791137559,exper2_05
10.430000305175781,11.085525,Validation,2015,2015-04-16,0.030467500002105435,exper2_05
9.244999885559082,10.87921,Validation,2015,2015-04-17,0.08120619678999348,exper2_05
8.119999885559082,10.872241,Validation,2015,2015-04-18,0.14491397557033942,exper2_05
9.255000114440918,10.721979,Validation,2015,2015-04-19,0.07343347600351567,exper2_05
10.0,10.019179,Validation,2015,2015-04-20,0.0009580484717933542,exper2_05
10.010000228881836,10.305533,Validation,2015,2015-04-21,0.014547153203202965,exper2_05
10.149999618530273,10.929449,Validation,2015,2015-04-22,0.036976748015825976,exper2_05
10.78499984741211,11.266628,Validation,2015,2015-04-23,0.021840945961234468,exper2_05
10.76500034332281,11.615136,Validation,2015,2015-04-24,0.037986175982772354,exper2_05
10.859999656677246,11.48824,Validation,2015,2015-04-25,0.028111412271183352,exper2_05
10.930000305175781,11.473138,Validation,2015,2015-04-26,0.0242438155966315,exper2_05
11.03499984741211,10.889032,Validation,2015,2015-04-27,-0.006657875801023915,exper2_05
11.09000015258789,11.6816025,Validation,2015,2015-04-28,0.025979828255217954,exper2_05
10.960000038146916,11.654361,Validation,2015,2015-04-29,0.030704415609479906,exper2_05
11.494999885559082,12.220287,Validation,2015,2015-04-30,0.030583118435827384,exper2_05
10.545000076293945,12.152016,Validation,2015,2015-05-01,0.07080294724949796,exper2_05
10.904999732971248,12.388769,Validation,2015,2015-05-02,0.063698125635123,exper2_05
11.055000305175781,12.18115,Validation,2015,2015-05-03,0.04846543404500003,exper2_05
12.125,12.764845,Validation,2015,2015-05-04,0.025707066360743103,exper2_05
11.755000114440918,13.058137,Validation,2015,2015-05-05,0.05251801989817999,exper2_05
12.270000457763672,13.5373125,Validation,2015,2015-05-06,0.04910670287779108,exper2_05
12.850000381469727,14.162826,Validation,2015,2015-05-07,0.048600068893201454,exper2_05
13.479999542236328,14.934496,Validation,2015,2015-05-08,0.0511885345737663,exper2_05
13.39000034332281,15.418555,Validation,2015,2015-05-09,0.07041501643937347,exper2_05
12.96500015258789,15.9070635,Validation,2015,2015-05-10,0.10190000162843033,exper2_05
13.449999809265137,16.83324,Validation,2015,2015-05-11,0.11171990395373171,exper2_05
13.914999961853027,17.153421,Validation,2015,2015-05-12,0.10423514610544835,exper2_05
14.164999961853027,17.560738,Validation,2015,2015-05-13,0.10703415926372584,exper2_05
14.180000305175781,17.695227,Validation,2015,2015-05-14,0.11028082613966336,exper2_05
14.425000190734863,16.655005,Validation,2015,2015-05-15,0.07175044961226609,exper2_05
14.149999618530273,17.111969,Validation,2015,2015-05-16,0.0947467324373752,exper2_05
14.1899995803833,17.604185,Validation,2015,2015-05-17,0.10738396212512581,exper2_05
14.6850004196167,17.789738,Validation,2015,2015-05-18,0.09560469033585493,exper2_05
14.78499984741211,17.990046,Validation,2015,2015-05-19,0.09778920704629185,exper2_05
14.789999961853027,18.346071,Validation,2015,2015-05-20,0.10731722718176635,exper2_05
14.579999923706055,17.573385,Validation,2015,2015-05-21,0.09309705027407761,exper2_05
14.15999984741211,16.944376,Validation,2015,2015-05-22,0.08951718429588663,exper2_05
13.869999885559082,16.527529,Validation,2015,2015-05-23,0.08742582030267253,exper2_05
13.725000381469727,16.967077,Validation,2015,2015-05-24,0.10563236911340952,exper2_05
13.90999984741211,17.70815,Validation,2015,2015-05-25,0.12012565348759671,exper2_05
14.074999809265137,17.77934,Validation,2015,2015-05-26,0.11628998969723005,exper2_05
14.01500034332281,17.819761,Validation,2015,2015-05-27,0.1195159234546813,exper2_05
14.154999732971248,18.080673,Validation,2015,2015-05-28,0.12178041050362193,exper2_05
14.5649995803833,18.525896,Validation,2015,2015-05-29,0.11969747007052417,exper2_05
14.960000038146916,19.044653,Validation,2015,2015-05-30,0.12012041127018311,exper2_05
15.6850004196167,18.863905,Validation,2015,2015-05-31,0.09201172943399664,exper2_05
15.229999542236328,19.280592,Validation,2015,2015-06-01,0.11737244265050262,exper2_05
16.924999237060547,19.662981,Validation,2015,2015-06-02,0.07483282149030694,exper2_05
16.135000228881836,20.365852,Validation,2015,2015-06-03,0.11591104939922796,exper2_05
16.43000030517578,20.813034,Validation,2015,2015-06-04,0.11768734281275972,exper2_05
16.90999984741211,21.172922,Validation,2015,2015-06-05,0.11193789932986982,exper2_05
17.045000076293945,21.549105,Validation,2015,2015-06-06,0.11670447187382534,exper2_05
17.68000030517578,21.93835,Validation,2015,2015-06-07,0.10748429116036617,exper2_05
17.674999237060547,21.866978,Validation,2015,2015-06-08,0.10601337566271504,exper2_05
17.690000534057617,22.610071,Validation,2015,2015-06-09,0.12208590304325215,exper2_05
17.915000915527344,22.701284,Validation,2015,2015-06-10,0.11784148783794375,exper2_05
18.665000915527344,23.035606,Validation,2015,2015-06-11,0.10480915631102741,exper2_05
18.739999771118164,22.871662,Validation,2015,2015-06-12,0.0992909722666267,exper2_05
18.875,22.982084,Validation,2015,2015-06-13,0.0981216046339497,exper2_05
18.764999389648438,22.865942,Validation,2015,2015-06-14,0.09850708330563396,exper2_05
18.959999084472656,22.546743,Validation,2015,2015-06-15,0.08641353414865445,exper2_05
18.05500030517578,21.00957,Validation,2015,2015-06-16,0.07563295596888543,exper2_05
18.094999313354492,21.364664,Validation,2015,2015-06-17,0.08286093908091113,exper2_05
18.03499984741211,22.058825,Validation,2015,2015-06-18,0.10036021141244937,exper2_05
17.975000381469727,21.48299,Validation,2015,2015-06-19,0.08890442280406032,exper2_05
18.579999923706055,21.719574,Validation,2015,2015-06-20,0.07790588701570758,exper2_05
17.709999084472656,21.35021,Validation,2015,2015-06-21,0.09319486948428958,exper2_05
18.114999771118164,21.492144,Validation,2015,2015-06-22,0.0852660295537561,exper2_05
17.34000015258789,20.8099,Validation,2015,2015-06-23,0.0909543692521599,exper2_05
17.15999984741211,20.583506,Validation,2015,2015-06-24,0.09070449974725177,exper2_05
18.2549991607666,21.172003,Validation,2015,2015-06-25,0.07398492117305394,exper2_05
18.604999542236328,21.111586,Validation,2015,2015-06-26,0.06311182254907559,exper2_05
18.75,21.70149,Validation,2015,2015-06-27,0.07296369980127056,exper2_05
18.94499969482422,21.198141,Validation,2015,2015-06-28,0.05612768106076397,exper2_05
19.204999923706055,22.472992,Validation,2015,2015-06-29,0.07841049612171301,exper2_05
19.485000610351562,22.194818,Validation,2015,2015-06-30,0.06501510669689577,exper2_05
19.825000762939453,23.194609,Validation,2015,2015-07-01,0.07832725513768438,exper2_05
20.389999389648438,23.27726,Validation,2015,2015-07-02,0.06611957079123028,exper2_05
20.594999313354492,23.43675,Validation,2015,2015-07-03,0.06453868211821903,exper2_05
20.9950008392334,23.695143,Validation,2015,2015-07-04,0.06041918172829899,exper2_05
21.875,23.674253,Validation,2015,2015-07-05,0.039501272291481815,exper2_05
22.43499946594244,24.37121,Validation,2015,2015-07-06,0.04136653342262326,exper2_05
21.93000030517578,24.226465,Validation,2015,2015-07-07,0.04975391624238753,exper2_05
22.05999946594244,23.90644,Validation,2015,2015-07-08,0.040169333558452855,exper2_05
21.770000457763672,24.453608,Validation,2015,2015-07-09,0.05805706686625005,exper2_05
21.05999946594244,23.995443,Validation,2015,2015-07-10,0.06515181507701068,exper2_05
20.834999084472656,24.004438,Validation,2015,2015-07-11,0.07068418993602348,exper2_05
21.4950008392334,24.35036,Validation,2015,2015-07-12,0.06228241908560069,exper2_05
21.395000457763672,24.030935,Validation,2015,2015-07-13,0.05802708929310644,exper2_05
21.514999389648438,24.60674,Validation,2015,2015-07-14,0.06703436468395223,exper2_05
21.8799991607666,24.985502,Validation,2015,2015-07-15,0.06626415997382282,exper2_05
22.299999237060547,25.262007,Validation,2015,2015-07-16,0.062276757687391604,exper2_05
22.735000610351562,25.183683,Validation,2015,2015-07-17,0.051100793685006016,exper2_05
22.649999618530273,25.050997,Validation,2015,2015-07-18,0.050334318842851354,exper2_05
23.05500030517578,25.450083,Validation,2015,2015-07-19,0.04937796868839246,exper2_05
22.645000457763672,25.764055,Validation,2015,2015-07-20,0.06443122569890561,exper2_05
22.795000076293945,25.982738,Validation,2015,2015-07-21,0.0653523207913416,exper2_05
22.719999313354492,26.144995,Validation,2015,2015-07-22,0.0700909820826696,exper2_05
22.764999389648438,26.291012,Validation,2015,2015-07-23,0.07187727526973914,exper2_05
22.5,25.915756,Validation,2015,2015-07-24,0.07055050859209418,exper2_05
22.165000915527344,25.549109,Validation,2015,2015-07-25,0.07092467261367605,exper2_05
21.575000762939453,24.957891,Validation,2015,2015-07-26,0.07269891337892186,exper2_05
21.270000457763672,24.52452,Validation,2015,2015-07-27,0.07106789898905926,exper2_05
20.915000915527344,23.424725,Validation,2015,2015-07-28,0.056602147066695585,exper2_05
20.709999084472656,22.659447,Validation,2015,2015-07-29,0.04494979347420715,exper2_05
20.424999237060547,22.202635,Validation,2015,2015-07-30,0.04170148341613064,exper2_05
20.4950008392334,22.147846,Validation,2015,2015-07-31,0.03876020239267709,exper2_05
20.53499984741211,21.54423,Validation,2015,2015-08-01,0.023984033821609324,exper2_05
20.59000015258789,21.966423,Validation,2015,2015-08-02,0.032343481406404195,exper2_05
20.8700008392334,22.100618,Validation,2015,2015-08-03,0.02863858017540075,exper2_05
20.954999923706055,22.602613,Validation,2015,2015-08-04,0.03782607442903175,exper2_05
21.315000534057617,22.997879,Validation,2015,2015-08-05,0.03797718656251524,exper2_05
21.700000762939453,23.266966,Validation,2015,2015-08-06,0.034847027064926886,exper2_05
21.954999923706055,23.948503,Validation,2015,2015-08-07,0.043428135591417436,exper2_05
22.15999984741211,24.438284,Validation,2015,2015-08-08,0.04889201680116767,exper2_05
22.43000030517578,24.40572,Validation,2015,2015-08-09,0.04218403067739951,exper2_05
22.385000228881836,24.67946,Validation,2015,2015-08-10,0.04875144131799321,exper2_05
22.43000030517578,25.154768,Validation,2015,2015-08-11,0.0572613418652778,exper2_05
22.625,24.892797,Validation,2015,2015-08-12,0.04772522277616303,exper2_05
22.844999313354492,25.092524,Validation,2015,2015-08-13,0.04688444721511914,exper2_05
22.780000686645508,25.248938,Validation,2015,2015-08-14,0.05140519461581265,exper2_05
22.514999389648438,25.609434,Validation,2015,2015-08-15,0.06430069949886773,exper2_05
22.30500030517578,25.246115,Validation,2015,2015-08-16,0.061851639513223956,exper2_05
21.375,23.9742,Validation,2015,2015-08-17,0.057315219131730134,exper2_05
20.225000381469727,23.785252,Validation,2015,2015-08-18,0.08089595206250555,exper2_05
19.170000076293945,23.407875,Validation,2015,2015-08-19,0.099532326849861,exper2_05
18.584999084472656,23.21397,Validation,2015,2015-08-20,0.11074366619152133,exper2_05
19.014999389648438,23.232464,Validation,2015,2015-08-21,0.09982763756556594,exper2_05
19.799999237060547,22.88698,Validation,2015,2015-08-22,0.07231668463710739,exper2_05
20.514999389648438,23.17908,Validation,2015,2015-08-23,0.06097118330266684,exper2_05
20.545000076293945,22.704311,Validation,2015,2015-08-24,0.04992706756024617,exper2_05
20.540000915527344,22.118958,Validation,2015,2015-08-25,0.03701348232417849,exper2_05
20.31999969482422,22.540834,Validation,2015,2015-08-26,0.0518150142796933,exper2_05
20.579999923706055,22.576023,Validation,2015,2015-08-27,0.0462513234113484,exper2_05
20.8700008392334,22.643484,Validation,2015,2015-08-28,0.04075709583380929,exper2_05
21.030000686645508,22.58096,Validation,2015,2015-08-29,0.03556350589815228,exper2_05
21.09000015258789,22.863081,Validation,2015,2015-08-30,0.04034030789609111,exper2_05
21.25,23.182852,Validation,2015,2015-08-31,0.043500511748758165,exper2_05
21.360000610351562,23.196705,Validation,2015,2015-09-01,0.04122172486893072,exper2_05
20.940000534057617,23.1159,Validation,2015,2015-09-02,0.04938951371505214,exper2_05
20.799999237060547,22.974258,Validation,2015,2015-09-03,0.04966981285400925,exper2_05
20.514999389648438,22.452108,Validation,2015,2015-09-04,0.04508353235623929,exper2_05
20.21500015258789,21.950544,Validation,2015,2015-09-05,0.04116024647339569,exper2_05
19.700000762939453,21.675913,Validation,2015,2015-09-06,0.04775512904109848,exper2_05
19.31999969482422,21.391682,Validation,2015,2015-09-07,0.05088667200196246,exper2_05
19.024999618530273,21.193121,Validation,2015,2015-09-08,0.053909066532586404,exper2_05
18.75,20.944784,Validation,2015,2015-09-09,0.055291500146145166,exper2_05
18.625,20.77823,Validation,2015,2015-09-10,0.054646043754765866,exper2_05
18.579999923706055,20.395525,Validation,2015,2015-09-11,0.046581157264221115,exper2_05
18.55500030517578,20.458735,Validation,2015,2015-09-12,0.048796512716827695,exper2_05
18.420000076293945,20.359255,Validation,2015,2015-09-13,0.05000753018788876,exper2_05
17.93000030517578,20.065613,Validation,2015,2015-09-14,0.056206817410119875,exper2_05
17.94499969482422,19.965137,Validation,2015,2015-09-15,0.05328753566517725,exper2_05
17.889999389648438,19.671274,Validation,2015,2015-09-16,0.04742317355090724,exper2_05
17.940000534057617,19.949892,Validation,2015,2015-09-17,0.05304558480511866,exper2_05
18.204999923706055,19.57667,Validation,2015,2015-09-18,0.03630516552611115,exper2_05
18.155000686645508,19.331278,Validation,2015,2015-09-19,0.03137887266082367,exper2_05
18.155000686645508,18.785204,Validation,2015,2015-09-20,0.017060090856208913,exper2_05
18.065000534057617,18.885607,Validation,2015,2015-09-21,0.02220819336016138,exper2_05
17.834999084472656,18.932281,Validation,2015,2015-09-22,0.029843991516365607,exper2_05
17.44499969482422,18.813482,Validation,2015,2015-09-23,0.03774241267189016,exper2_05
17.05500030517578,18.589828,Validation,2015,2015-09-24,0.04305892994472007,exper2_05
16.950000762939453,18.49228,Validation,2015,2015-09-25,0.043515211149393156,exper2_05
16.860000610351562,18.179483,Validation,2015,2015-09-26,0.03765702721076475,exper2_05
16.709999084472656,17.372849,Validation,2015,2015-09-27,0.019448182092701487,exper2_05
16.514999389648438,17.1565,Validation,2015,2015-09-28,0.019051734768782937,exper2_05
16.405000686645508,16.96166,Validation,2015,2015-09-29,0.01668311064415042,exper2_05
16.110000610351562,16.73268,Validation,2015,2015-09-30,0.018959438058709834,exper2_05
15.930000305175781,16.187391,Validation,2015,2015-10-01,0.008014068491848244,exper2_05
15.875,16.22546,Validation,2015,2015-10-02,0.010917602175083063,exper2_05
15.850000381469727,16.678427,Validation,2015,2015-10-03,0.025467765715365964,exper2_05
15.710000038146916,16.837494,Validation,2015,2015-10-04,0.03464149530535067,exper2_05
15.864999771118164,16.79085,Validation,2015,2015-10-05,0.028351732689604097,exper2_05
15.579999923706055,17.03145,Validation,2015,2015-10-06,0.04450738434530026,exper2_05
15.1850004196167,17.10075,Validation,2015,2015-10-07,0.05933730908458462,exper2_05
14.925000190734863,17.227583,Validation,2015,2015-10-08,0.07161423802338387,exper2_05
14.699999809265137,16.778372,Validation,2015,2015-10-09,0.06602539758809106,exper2_05
14.569999694824219,17.145765,Validation,2015,2015-10-10,0.0812140463832665,exper2_05
14.180000305175781,15.898939,Validation,2015,2015-10-11,0.057147587635709186,exper2_05
14.319999694824219,16.071983,Validation,2015,2015-10-12,0.057646243113533745,exper2_05
13.770000457763672,15.335903,Validation,2015,2015-10-13,0.05380017504729396,exper2_05
13.895000457763672,15.187041,Validation,2015,2015-10-14,0.044427445515095705,exper2_05
13.725000381469727,15.149992,Validation,2015,2015-10-15,0.04935037174647522,exper2_05
13.404999732971248,15.078687,Validation,2015,2015-10-16,0.05875949323859219,exper2_05
13.34000015258789,15.038728,Validation,2015,2015-10-17,0.05985918794318817,exper2_05
13.180000305175781,14.799228,Validation,2015,2015-10-18,0.05787248340883009,exper2_05
13.164999961853027,13.880769,Validation,2015,2015-10-19,0.026465094079086746,exper2_05
12.880000114440918,14.764573,Validation,2015,2015-10-20,0.06817153472973601,exper2_05
12.760000228881836,15.012238,Validation,2015,2015-10-21,0.08109671744759214,exper2_05
12.720000267028809,14.607289,Validation,2015,2015-10-22,0.06906243085786157,exper2_05
13.100000381469727,14.91761,Validation,2015,2015-10-23,0.064873832968317,exper2_05
13.125,15.05483,Validation,2015,2015-10-24,0.06848265674559616,exper2_05
12.795000076293945,15.110136,Validation,2015,2015-10-25,0.08296451043339562,exper2_05
12.8149995803833,13.444926,Validation,2015,2015-10-26,0.02398813634516106,exper2_05
12.539999961853027,12.964259,Validation,2015,2015-10-27,0.01663483671372494,exper2_05
12.885000228881836,13.870936,Validation,2015,2015-10-28,0.03684924877652912,exper2_05
12.14000034332281,13.626478,Validation,2015,2015-10-29,0.057690376651422334,exper2_05
12.335000038146916,12.825289,Validation,2015,2015-10-30,0.019486609956043198,exper2_05
13.21500015258789,13.482918,Validation,2015,2015-10-31,0.010035150818745026,exper2_05
12.895000457763672,12.879492,Validation,2015,2015-11-01,-0.0006017054215723123,exper2_05
11.829999923706055,12.526803,Validation,2015,2015-11-02,0.02860815085881696,exper2_05
11.949999809265137,12.308957,Validation,2015,2015-11-03,0.014796897162284136,exper2_05
11.869999885559082,12.982675,Validation,2015,2015-11-04,0.04477082391433465,exper2_05
11.925000190734863,9.519874,Validation,2015,2015-11-05,-0.11215391580222515,exper2_05
11.6850004196167,12.822896,Validation,2015,2015-11-06,0.0464297532701657,exper2_05
11.729999542236328,12.491,Validation,2015,2015-11-07,0.03141904306630413,exper2_05
11.875,13.520041,Validation,2015,2015-11-08,0.0647780578731216,exper2_05
11.699999809265137,12.730549,Validation,2015,2015-11-09,0.04218280413534813,exper2_05
11.5600004196167,11.661338,Validation,2015,2015-11-10,0.0043639790124889635,exper2_05
11.510000228881836,11.530997,Validation,2015,2015-11-11,0.0009112907294742184,exper2_05
11.454999923706055,11.150528,Validation,2015,2015-11-12,-0.013468916596431244,exper2_05
11.39000034332281,10.6856985,Validation,2015,2015-11-13,-0.03190394282922075,exper2_05
11.220000267028809,10.320458,Validation,2015,2015-11-14,-0.04176057103774911,exper2_05
11.274999618530273,10.074307,Validation,2015,2015-11-15,-0.056240334800133525,exper2_05
10.925000190734863,9.952434,Validation,2015,2015-11-16,-0.04658458577856615,exper2_05
10.699999809265137,9.757743,Validation,2015,2015-11-17,-0.046058694828678165,exper2_05
10.489999771118164,9.621705,Validation,2015,2015-11-18,-0.04317360081495967,exper2_05
10.350000381469727,9.516936,Validation,2015,2015-11-19,-0.04193218574910235,exper2_05
10.0649995803833,9.79495,Validation,2015,2015-11-20,-0.013597721087099309,exper2_05
9.604999542236328,9.609497,Validation,2015,2015-11-21,0.00023406952400900144,exper2_05
9.545000076293945,9.240718,Validation,2015,2015-11-22,-0.016197527770609912,exper2_05
8.869999885559082,8.950096,Validation,2015,2015-11-23,0.004494714548137682,exper2_05
7.96999979019165,8.469798,Validation,2015,2015-11-24,0.03040173009321788,exper2_05
7.940000057220459,8.074773,Validation,2015,2015-11-25,0.008415528491491232,exper2_05
8.369999885559082,7.8021874,Validation,2015,2015-11-26,-0.035110429483126246,exper2_05
8.329999923706055,7.861056,Validation,2015,2015-11-27,-0.02896315590836783,exper2_05
8.744999885559082,7.8666487,Validation,2015,2015-11-28,-0.052875619683262286,exper2_05
8.770000457763672,7.764896,Validation,2015,2015-11-29,-0.060786866700555435,exper2_05
8.510000228881836,7.963026,Validation,2015,2015-11-30,-0.03320423175296789,exper2_05
8.170000076293945,8.163375,Validation,2015,2015-12-01,-0.0004056219541495967,exper2_05
8.3100004196167,8.31564,Validation,2015,2015-12-02,0.0003392368421535677,exper2_05
7.94500017166132,8.431996,Validation,2015,2015-12-03,0.029736598731506404,exper2_05
7.670000076293945,8.524003,Validation,2015,2015-12-04,0.052735753292734555,exper2_05
8.024999618530273,8.598223,Validation,2015,2015-12-05,0.034483272972440825,exper2_05
8.40999984741211,8.664896,Validation,2015,2015-12-06,0.014928124074595156,exper2_05
8.59000015258789,8.690137,Validation,2015,2015-12-07,0.0057949052450953905,exper2_05
8.26500034332281,8.718099,Validation,2015,2015-12-08,0.026679365029446695,exper2_05
7.650000095367432,8.56072,Validation,2015,2015-12-09,0.05618012759901101,exper2_05
7.864999771118164,7.9963274,Validation,2015,2015-12-10,0.008279737733849366,exper2_05
7.954999923706055,7.4967685,Validation,2015,2015-12-11,-0.029655599107870346,exper2_05
7.769999980926514,6.8358855,Validation,2015,2015-12-12,-0.06395466100386271,exper2_05
7.619999885559082,6.6461725,Validation,2015,2015-12-13,-0.06826129210679259,exper2_05
7.175000190734863,6.3754616,Validation,2015,2015-12-14,-0.05900452884850953,exper2_05
6.864999771118164,6.158069,Validation,2015,2015-12-15,-0.05428295300617637,exper2_05
6.835000038146916,6.2625017,Validation,2015,2015-12-16,-0.04371049779207354,exper2_05
6.099999904632568,6.140734,Validation,2015,2015-12-17,0.0033277653727910596,exper2_05
6.579999923706055,6.572549,Validation,2015,2015-12-18,-0.0005665105336662643,exper2_05
6.914999961853027,6.7845154,Validation,2015,2015-12-19,-0.009524758922443557,exper2_05
7.090000152587891,6.8268995,Validation,2015,2015-12-20,-0.018905117527141746,exper2_05
7.514999866485596,6.4670234,Validation,2015,2015-12-21,-0.07495170590921052,exper2_05
8.170000076293945,6.7054663,Validation,2015,2015-12-22,-0.09845296757153792,exper2_05
7.34499979019165,6.4215665,Validation,2015,2015-12-23,-0.06707796884732009,exper2_05
7.355000019073486,6.3819513,Validation,2015,2015-12-24,-0.07083439855806321,exper2_05
7.019999980926514,6.4596934,Validation,2015,2015-12-25,-0.041566713122793385,exper2_05
7.054999828338623,6.244243,Validation,2015,2015-12-26,-0.06096261907355377,exper2_05
6.789999961853027,6.0454597,Validation,2015,2015-12-27,-0.05800650942067939,exper2_05
6.105000019073486,5.816316,Validation,2015,2015-12-28,-0.02421577347167764,exper2_05
6.059999942779541,5.668961,Validation,2015,2015-12-29,-0.03333960228502069,exper2_05
5.485000133514404,5.5452147,Validation,2015,2015-12-30,0.005459052309141646,exper2_05
5.735000133514404,5.4604025,Validation,2015,2015-12-31,-0.024527714998014562,exper2_05
5.394999980926514,4.2956862,Validation,2016,2016-01-01,-0.11344023636064286,exper2_05
5.054999828338623,4.2923474,Validation,2016,2016-01-02,-0.08159024972340698,exper2_05
5.005000114440918,4.3763976,Validation,2016,2016-01-03,-0.0670052078819706,exper2_05
4.940000057220459,4.407375,Validation,2016,2016-01-04,-0.05698125978109527,exper2_05
4.539999961853027,4.370787,Validation,2016,2016-01-05,-0.01898966007617483,exper2_05
4.519999980926514,4.2920637,Validation,2016,2016-01-06,-0.025866389051179377,exper2_05
4.215000152587891,4.180881,Validation,2016,2016-01-07,-0.004063793718098356,exper2_05
4.025000095367432,4.0610385,Validation,2016,2016-01-08,0.004456867023807306,exper2_05
4.130000114440918,4.0653844,Validation,2016,2016-01-09,-0.007884404502551264,exper2_05
4.184999942779541,3.9823472,Validation,2016,2016-01-10,-0.024812547821443955,exper2_05
4.230000019073486,3.974638,Validation,2016,2016-01-11,-0.031124107329301764,exper2_05
4.519999980926514,3.8442185,Validation,2016,2016-01-12,-0.08079433727908056,exper2_05
4.19500017166132,3.7172642,Validation,2016,2016-01-13,-0.06037917532707411,exper2_05
4.005000114440918,3.6399326,Validation,2016,2016-01-14,-0.04775287031050387,exper2_05
4.159999847412109,3.5930262,Validation,2016,2016-01-15,-0.07312934144538065,exper2_05
3.7300000190734863,3.4785633,Validation,2016,2016-01-16,-0.03488028042819118,exper2_05
3.5899999141693115,3.2283564,Validation,2016,2016-01-17,-0.05303969727667688,exper2_05
3.5350000858306885,3.0734887,Validation,2016,2016-01-18,-0.06983614372618584,exper2_05
3.234999895095825,3.247734,Validation,2016,2016-01-19,0.0019643216576990313,exper2_05
3.509999990463257,3.3024855,Validation,2016,2016-01-20,-0.030460912656020137,exper2_05
3.210000038146916,3.336015,Validation,2016,2016-01-21,0.0192506352988365,exper2_05
3.0999999046325684,3.335184,Validation,2016,2016-01-22,0.03654661507537405,exper2_05
3.0899999141693115,3.3872604,Validation,2016,2016-01-23,0.04589294033675924,exper2_05
3.009999990463257,3.406854,Validation,2016,2016-01-24,0.061845560096894445,exper2_05
3.309999942779541,3.4226015,Validation,2016,2016-01-25,0.016724815843234594,exper2_05
3.6600000858306885,3.4850674,Validation,2016,2016-01-26,-0.02448300445282952,exper2_05
3.819999933242798,3.4872117,Validation,2016,2016-01-27,-0.04554243745739415,exper2_05
4.284999847412109,3.475486,Validation,2016,2016-01-28,-0.10431225815355082,exper2_05
4.360000133514404,3.4877381,Validation,2016,2016-01-29,-0.11114820238305008,exper2_05
4.775000095367432,3.624034,Validation,2016,2016-01-30,-0.1370355405465784,exper2_05
4.585000038146916,3.7627006,Validation,2016,2016-01-31,-0.09850610608224482,exper2_05
4.44500017166132,3.6613326,Validation,2016,2016-02-01,-0.09667350030693102,exper2_05
4.289999961853027,3.7404628,Validation,2016,2016-02-02,-0.06843157107127379,exper2_05
4.449999809265137,3.976029,Validation,2016,2016-02-03,-0.05625080394549995,exper2_05
4.394999980926514,3.7276402,Validation,2016,2016-02-04,-0.08216045744111727,exper2_05
4.409999847412109,3.5872192,Validation,2016,2016-02-05,-0.102883339860324,exper2_05
4.184999942779541,3.4766827,Validation,2016,2016-02-06,-0.09244931123676406,exper2_05
4.260000228881836,3.5814831,Validation,2016,2016-02-07,-0.08652917726336605,exper2_05
4.659999847412109,3.9607935,Validation,2016,2016-02-08,-0.08110696132564903,exper2_05
4.545000076293945,3.852837,Validation,2016,2016-02-09,-0.08242157798684396,exper2_05
4.635000228881836,3.742824,Validation,2016,2016-02-10,-0.10649258311429459,exper2_05
4.57000017166132,3.69062,Validation,2016,2016-02-11,-0.10645450506863477,exper2_05
4.364999771118164,3.6264043,Validation,2016,2016-02-12,-0.09242374437092392,exper2_05
4.034999847412109,3.5941825,Validation,2016,2016-02-13,-0.05778041951791784,exper2_05
4.769999980926514,3.729762,Validation,2016,2016-02-14,-0.12238435575785486,exper2_05
3.7950000762939453,3.7568693,Validation,2016,2016-02-15,-0.005049181627964861,exper2_05
3.765000104904118,3.7041929,Validation,2016,2016-02-16,-0.008141070693599902,exper2_05
3.2950000762939453,3.705923,Validation,2016,2016-02-17,0.05869554556599918,exper2_05
3.555000066757202,3.678841,Validation,2016,2016-02-18,0.017119680152179916,exper2_05
3.384999990463257,3.939161,Validation,2016,2016-02-19,0.07566205436904809,exper2_05
3.6549999713897705,4.0393486,Validation,2016,2016-02-20,0.0499520690055108,exper2_05
3.700000047683716,3.7128003,Validation,2016,2016-02-21,0.001726772088276881,exper2_05
5.489999771118164,3.5201015,Validation,2016,2016-02-22,-0.218632194497414,exper2_05
5.954999923706055,4.1820583,Validation,2016,2016-02-23,-0.1748970504284501,exper2_05
4.480000019073486,4.606437,Validation,2016,2016-02-24,0.013914935420694345,exper2_05
4.125,4.117231,Validation,2016,2016-02-25,-0.0009425976923278518,exper2_05
4.269999980926514,4.04938,Validation,2016,2016-02-26,-0.026518822372024447,exper2_05
4.190000057220459,3.9557385,Validation,2016,2016-02-27,-0.02875878102789862,exper2_05
4.125,4.185324,Validation,2016,2016-02-28,0.007258945698514225,exper2_05
4.204999923706055,4.1357903,Validation,2016,2016-02-29,-0.008297724004332289,exper2_05
4.369999885559082,4.2819858,Validation,2016,2016-03-01,-0.010172708258230346,exper2_05
4.264999866485596,4.2493196,Validation,2016,2016-03-02,-0.0018416402224439737,exper2_05
3.875,4.2879424,Validation,2016,2016-03-03,0.05058744614368736,exper2_05
4.114999771118164,4.237836,Validation,2016,2016-03-04,0.014705917612472245,exper2_05
4.179999828338623,4.0011363,Validation,2016,2016-03-05,-0.02186292007861941,exper2_05
4.429999828338623,4.117333,Validation,2016,2016-03-06,-0.03658063885546578,exper2_05
4.414999961853027,4.07556,Validation,2016,2016-03-07,-0.03997850162262766,exper2_05
4.389999866485596,4.0481157,Validation,2016,2016-03-08,-0.04051664524846871,exper2_05
4.385000228881836,4.118149,Validation,2016,2016-03-09,-0.031382658841806785,exper2_05
4.585000038146916,4.0669513,Validation,2016,2016-03-10,-0.059876523171781215,exper2_05
4.744999885559082,4.2359176,Validation,2016,2016-03-11,-0.05668488993168811,exper2_05
5.019999980926514,4.2970567,Validation,2016,2016-03-12,-0.07759352901569985,exper2_05
4.69500017166132,4.2301593,Validation,2016,2016-03-13,-0.05208208227032444,exper2_05
4.940000057220459,4.221729,Validation,2016,2016-03-14,-0.07839909547112041,exper2_05
5.074999809265137,4.242445,Validation,2016,2016-03-15,-0.0893544136779662,exper2_05
5.170000076293945,4.290794,Validation,2016,2016-03-16,-0.09293154286766667,exper2_05
5.440000057220459,4.277905,Validation,2016,2016-03-17,-0.11958287970063088,exper2_05
5.784999847412109,4.2281194,Validation,2016,2016-03-18,-0.15548406443287174,exper2_05
6.010000228881836,4.637339,Validation,2016,2016-03-19,-0.1289205753087374,exper2_05
6.335000038146916,4.791987,Validation,2016,2016-03-20,-0.13867303867330424,exper2_05
6.434999942779541,5.265125,Validation,2016,2016-03-21,-0.09998826259509132,exper2_05
6.494999885559082,5.421038,Validation,2016,2016-03-22,-0.0901274174768424,exper2_05
6.324999809265137,5.5982127,Validation,2016,2016-03-23,-0.06095564333696237,exper2_05
6.09499979019165,5.880016,Validation,2016,2016-03-24,-0.01795270641666283,exper2_05
6.425000190734863,5.979996,Validation,2016,2016-03-25,-0.03587296377885466,exper2_05
6.300000190734863,6.0583305,Validation,2016,2016-03-26,-0.019555202089353605,exper2_05
6.630000114440918,6.1534348,Validation,2016,2016-03-27,-0.03727991466684492,exper2_05
6.835000038146916,6.199899,Validation,2016,2016-03-28,-0.048723110941124574,exper2_05
7.19500017166132,6.316532,Validation,2016,2016-03-29,-0.06501616668731393,exper2_05
7.215000152587891,6.7516513,Validation,2016,2016-03-30,-0.03317537260170137,exper2_05
7.315000057220459,6.718984,Validation,2016,2016-03-31,-0.042469474266903666,exper2_05
7.485000133514404,6.860144,Validation,2016,2016-04-01,-0.04355871111065609,exper2_05
7.730000019073486,6.9013186,Validation,2016,2016-04-02,-0.05663751117476189,exper2_05
8.045000076293945,7.5959816,Validation,2016,2016-04-03,-0.028707819480050863,exper2_05
8.0600004196167,8.027163,Validation,2016,2016-04-04,-0.002041246663255598,exper2_05
7.795000076293945,8.552432,Validation,2016,2016-04-05,0.04633339215734889,exper2_05
8.279999732971248,9.093667,Validation,2016,2016-04-06,0.04683336617700882,exper2_05
9.079999923706055,9.443856,Validation,2016,2016-04-07,0.019642579407363314,exper2_05
8.805000305175781,9.39569,Validation,2016,2016-04-08,0.03245424488704549,exper2_05
8.850000381469727,9.584792,Validation,2016,2016-04-09,0.03985896531974884,exper2_05
9.074999809265137,9.270753,Validation,2016,2016-04-10,0.010670213458331886,exper2_05
9.569999694824219,9.641448,Validation,2016,2016-04-11,0.003719049556698963,exper2_05
9.645000457763672,10.043037,Validation,2016,2016-04-12,0.020217197842088346,exper2_05
9.710000038146916,9.568412,Validation,2016,2016-04-13,-0.0073443918539185405,exper2_05
9.734999656677246,10.214824,Validation,2016,2016-04-14,0.024051544569300136,exper2_05
9.5649995803833,10.01546,Validation,2016,2016-04-15,0.02300561086325469,exper2_05
10.010000228881836,10.332316,Validation,2016,2016-04-16,0.015844614732965268,exper2_05
9.145000457763672,9.853276,Validation,2016,2016-04-17,0.03728105479119992,exper2_05
9.704999923706055,10.010299,Validation,2016,2016-04-18,0.015485375627104527,exper2_05
10.03499984741211,10.724874,Validation,2016,2016-04-19,0.03323111284962242,exper2_05
9.949999809265137,11.485733,Validation,2016,2016-04-20,0.07164360716368003,exper2_05
11.119999885559082,11.996854,Validation,2016,2016-04-21,0.03793137049357465,exper2_05
10.96500015258789,12.154932,Validation,2016,2016-04-22,0.05146779240165184,exper2_05
11.600000381469727,12.250808,Validation,2016,2016-04-23,0.027286596611631995,exper2_05
10.864999771118164,12.611756,Validation,2016,2016-04-24,0.07440365894315279,exper2_05
10.5,12.292778,Validation,2016,2016-04-25,0.07865552913059269,exper2_05
10.354999542236328,12.204367,Validation,2016,2016-04-26,0.08197779685743647,exper2_05
10.100000381469727,11.974397,Validation,2016,2016-04-27,0.08491268489744297,exper2_05
9.4350004196167,11.620779,Validation,2016,2016-04-28,0.10380896239500856,exper2_05
9.585000038146916,10.897625,Validation,2016,2016-04-29,0.06408480020732604,exper2_05
9.914999961853027,10.625574,Validation,2016,2016-04-30,0.03459368504174855,exper2_05
9.850000381469727,11.218066,Validation,2016,2016-05-01,0.06493551877423814,exper2_05
9.78499984741211,11.764211,Validation,2016,2016-05-02,0.09184609566699571,exper2_05
9.944999694824219,11.916479,Validation,2016,2016-05-03,0.09018051493359062,exper2_05
10.369999885559082,11.7873125,Validation,2016,2016-05-04,0.06396590872212542,exper2_05
10.9350004196167,12.699505,Validation,2016,2016-05-05,0.07465798045602606,exper2_05
11.510000228881836,13.246359,Validation,2016,2016-05-06,0.07013788398933639,exper2_05
11.869999885559082,13.820237,Validation,2016,2016-05-07,0.07591355699567669,exper2_05
12.5,14.0655985,Validation,2016,2016-05-08,0.0589333038579879,exper2_05
12.51500034332281,14.5473995,Validation,2016,2016-05-09,0.07510047844057051,exper2_05
12.4399995803833,14.086735,Validation,2016,2016-05-10,0.062078323305338065,exper2_05
12.604999542236328,13.783568,Validation,2016,2016-05-11,0.044662099262031414,exper2_05
12.385000228881836,13.479098,Validation,2016,2016-05-12,0.04230180646185633,exper2_05
12.529999732971248,13.63715,Validation,2016,2016-05-13,0.042310687144893486,exper2_05
12.625,14.491929,Validation,2016,2016-05-14,0.06884736286046914,exper2_05
11.9350004196167,14.811618,Validation,2016,2016-05-15,0.10755069678371804,exper2_05
11.6850004196167,14.317745,Validation,2016,2016-05-16,0.10124872299071494,exper2_05
11.59000015258789,14.370582,Validation,2016,2016-05-17,0.10710782593100644,exper2_05
12.71500015258789,15.3296385,Validation,2016,2016-05-18,0.0932313075130067,exper2_05
12.90999984741211,15.689593,Validation,2016,2016-05-19,0.09718996532277482,exper2_05
12.475000381469727,15.659299,Validation,2016,2016-05-20,0.11318208013023037,exper2_05
12.654999732971248,16.438717,Validation,2016,2016-05-21,0.1300527259784159,exper2_05
13.779999732971248,17.12309,Validation,2016,2016-05-22,0.1081798279539888,exper2_05
14.01500034332281,17.54772,Validation,2016,2016-05-23,0.11192696886331166,exper2_05
13.829999923706055,18.090914,Validation,2016,2016-05-24,0.13348345506075854,exper2_05
13.720000267028809,18.04269,Validation,2016,2016-05-25,0.13609332005628483,exper2_05
14.420000076293945,18.443644,Validation,2016,2016-05-26,0.12243449134748237,exper2_05
15.59000015258789,18.811539,Validation,2016,2016-05-27,0.09364518714854932,exper2_05
15.994999885559082,19.09255,Validation,2016,2016-05-28,0.0882806117194671,exper2_05
15.619999885559082,19.36823,Validation,2016,2016-05-29,0.10712833597440066,exper2_05
15.335000038146916,19.139362,Validation,2016,2016-05-30,0.110353376687798,exper2_05
14.859999656677246,19.059988,Validation,2016,2016-05-31,0.12382045668701801,exper2_05
14.545000076293945,19.190756,Validation,2016,2016-06-01,0.1377101428757842,exper2_05
14.859999656677246,19.198439,Validation,2016,2016-06-02,0.12738220553094304,exper2_05
15.154999732971248,19.43918,Validation,2016,2016-06-03,0.12384108043343721,exper2_05
15.529999732971248,19.663322,Validation,2016,2016-06-04,0.11744622159905906,exper2_05
15.8100004196167,19.457737,Validation,2016,2016-06-05,0.10342984323557486,exper2_05
16.40999984741211,19.9868,Validation,2016,2016-06-06,0.09827236137164053,exper2_05
16.524999618530273,20.426653,Validation,2016,2016-06-07,0.10558805961274141,exper2_05
17.44499969482422,20.036085,Validation,2016,2016-06-08,0.0691304813122138,exper2_05
17.53499984741211,19.081535,Validation,2016,2016-06-09,0.04223598666709033,exper2_05
18.0049991607666,19.474089,Validation,2016,2016-06-10,0.03919757905358599,exper2_05
18.020000457763672,19.686071,Validation,2016,2016-06-11,0.04418574665049914,exper2_05
18.03499984741211,19.597687,Validation,2016,2016-06-12,0.04152472386979542,exper2_05
18.145000457763672,19.850992,Validation,2016,2016-06-13,0.04489925451448014,exper2_05
18.200000762939453,20.010815,Validation,2016,2016-06-14,0.047390087948808876,exper2_05
16.764999389648438,20.101204,Validation,2016,2016-06-15,0.09049493111418636,exper2_05
18.075000762939453,20.133526,Validation,2016,2016-06-16,0.053876065580579176,exper2_05
16.200000762939453,20.381533,Validation,2016,2016-06-17,0.1143071794379543,exper2_05
17.2549991607666,20.179459,Validation,2016,2016-06-18,0.07812212680274061,exper2_05
18.084999084472656,20.802872,Validation,2016,2016-06-19,0.06988998277651791,exper2_05
18.135000228881836,20.669502,Validation,2016,2016-06-20,0.06531463791492,exper2_05
18.09000015258789,20.968805,Validation,2016,2016-06-21,0.07370438307568446,exper2_05
16.15999984741211,21.348482,Validation,2016,2016-06-22,0.1383282396605545,exper2_05
16.479999542236328,22.132307,Validation,2016,2016-06-23,0.14638616567729382,exper2_05
16.920000076293945,22.492567,Validation,2016,2016-06-24,0.14139061194560312,exper2_05
16.860000610351562,22.699514,Validation,2016,2016-06-25,0.14761338147792305,exper2_05
17.6299991607666,22.721786,Validation,2016,2016-06-26,0.12618493221554572,exper2_05
17.68000030517578,22.201189,Validation,2016,2016-06-27,0.1133664469407265,exper2_05
17.920000076293945,22.236141,Validation,2016,2016-06-28,0.10748396112871741,exper2_05
18.209999084472656,22.45081,Validation,2016,2016-06-29,0.10429724700855719,exper2_05
17.540000915527344,22.868303,Validation,2016,2016-06-30,0.13186156872957366,exper2_05
17.719999313354492,23.345366,Validation,2016,2016-07-01,0.13698566256935996,exper2_05
17.610000610351562,23.62443,Validation,2016,2016-07-02,0.14585939581891008,exper2_05
17.520000457763672,22.808027,Validation,2016,2016-07-03,0.13112535147324939,exper2_05
17.739999771118164,22.471544,Validation,2016,2016-07-04,0.11766632214597653,exper2_05
17.780000686645508,22.465874,Validation,2016,2016-07-05,0.11643113985976304,exper2_05
17.770000457763672,22.51528,Validation,2016,2016-07-06,0.11779189037080427,exper2_05
17.889999389648438,23.160702,Validation,2016,2016-07-07,0.12839494126813983,exper2_05
18.65999984741211,23.677197,Validation,2016,2016-07-08,0.11850564250369557,exper2_05
18.389999389648438,24.165571,Validation,2016,2016-07-09,0.13571834994481513,exper2_05
19.09000015258789,24.239386,Validation,2016,2016-07-10,0.1188427983054334,exper2_05
18.649999618530273,24.087809,Validation,2016,2016-07-11,0.12723649658230582,exper2_05
19.040000915527344,24.723486,Validation,2016,2016-07-12,0.12986819466707542,exper2_05
18.8700008392334,23.803595,Validation,2016,2016-07-13,0.11561232889949759,exper2_05
18.450000762939453,23.356823,Validation,2016,2016-07-14,0.1173689308765583,exper2_05
18.5,23.205141,Validation,2016,2016-07-15,0.11281920998394503,exper2_05
18.81999969482422,23.140684,Validation,2016,2016-07-16,0.10296982888188781,exper2_05
18.729999542236328,23.171213,Validation,2016,2016-07-17,0.1059924838072381,exper2_05
18.399999618530273,23.805376,Validation,2016,2016-07-18,0.12807317428975679,exper2_05
18.329999923706055,24.112984,Validation,2016,2016-07-19,0.1362529983915854,exper2_05
18.799999237060547,24.59343,Validation,2016,2016-07-20,0.1335093927409735,exper2_05
19.360000610351562,25.027052,Validation,2016,2016-07-21,0.12767352170342913,exper2_05
19.40999984741211,24.771246,Validation,2016,2016-07-22,0.12134664859413417,exper2_05
20.1200008392334,24.852747,Validation,2016,2016-07-23,0.10523586739745139,exper2_05
20.520000457763672,24.975452,Validation,2016,2016-07-24,0.09793180819629795,exper2_05
20.729999542236328,24.844137,Validation,2016,2016-07-25,0.09027351792855881,exper2_05
20.979999542236328,24.918333,Validation,2016,2016-07-26,0.08580559006430574,exper2_05
22.229999542236328,24.816961,Validation,2016,2016-07-27,0.054986798308305586,exper2_05
21.989999771118164,24.68394,Validation,2016,2016-07-28,0.05771831300981869,exper2_05
21.81999969482422,24.681177,Validation,2016,2016-07-29,0.061529140534771744,exper2_05
22.450000762939453,25.112665,Validation,2016,2016-07-30,0.0559822365055931,exper2_05
22.479999542236328,25.126844,Validation,2016,2016-07-31,0.055597990632658724,exper2_05
21.280000686645508,24.581732,Validation,2016,2016-08-01,0.07199316141947958,exper2_05
21.25,24.09459,Validation,2016,2016-08-02,0.06273271588715293,exper2_05
20.780000686645508,24.33003,Validation,2016,2016-08-03,0.07869712491598539,exper2_05
19.770000457763672,24.541307,Validation,2016,2016-08-04,0.1076769614108402,exper2_05
20.010000228881836,24.333525,Validation,2016,2016-08-05,0.0975006944451016,exper2_05
20.139999389648438,23.616497,Validation,2016,2016-08-06,0.07945100576670439,exper2_05
19.8799991607666,23.652975,Validation,2016,2016-08-07,0.08666938079066182,exper2_05
19.81999969482422,24.219221,Validation,2016,2016-08-08,0.09989326194653049,exper2_05
19.3799991607666,24.253271,Validation,2016,2016-08-09,0.11168706614677135,exper2_05
18.149999618530273,23.68766,Validation,2016,2016-08-10,0.1323606678883681,exper2_05
17.540000915527344,23.168179,Validation,2016,2016-08-11,0.13825667754152335,exper2_05
17.440000534057617,23.10652,Validation,2016,2016-08-12,0.13975352588717668,exper2_05
17.06999969482422,22.765482,Validation,2016,2016-08-13,0.142975107091052,exper2_05
17.84000015258789,22.751085,Validation,2016,2016-08-14,0.12098925358313747,exper2_05
18.280000686645508,23.213434,Validation,2016,2016-08-15,0.1188967253227032,exper2_05
18.420000076293945,23.204657,Validation,2016,2016-08-16,0.11494765138264099,exper2_05
18.549999237060547,23.284227,Validation,2016,2016-08-17,0.11316638355682347,exper2_05
18.06999969482422,23.395647,Validation,2016,2016-08-18,0.12843516916628248,exper2_05
17.440000534057617,23.355547,Validation,2016,2016-08-19,0.14500470717693936,exper2_05
17.010000228881836,23.435413,Validation,2016,2016-08-20,0.15886629809085526,exper2_05
14.75,22.629965,Validation,2016,2016-08-21,0.21080717610748148,exper2_05
15.729999542236328,23.062733,Validation,2016,2016-08-22,0.18902337451159285,exper2_05
17.239999771118164,23.308905,Validation,2016,2016-08-23,0.14966877560996353,exper2_05
17.80999946594244,23.175333,Validation,2016,2016-08-24,0.1309086258740745,exper2_05
18.420000076293945,23.247753,Validation,2016,2016-08-25,0.11586305221624393,exper2_05
18.729999542236328,23.28294,Validation,2016,2016-08-26,0.10836995525467066,exper2_05
19.420000076293945,23.246847,Validation,2016,2016-08-27,0.08969134878601051,exper2_05
18.950000762939453,23.170206,Validation,2016,2016-08-28,0.10019431584822779,exper2_05
18.31999969482422,23.304335,Validation,2016,2016-08-29,0.1197456974452667,exper2_05
18.040000915527344,23.392878,Validation,2016,2016-08-30,0.1291939362588393,exper2_05
17.790000915527344,23.306173,Validation,2016,2016-08-31,0.13422593492105417,exper2_05
18.190000534057617,22.970415,Validation,2016,2016-09-01,0.11614106674763085,exper2_05
18.170000076293945,23.114252,Validation,2016,2016-09-02,0.11976121050201438,exper2_05
17.799999237060547,22.969355,Validation,2016,2016-09-03,0.12679512678502147,exper2_05
17.729999542236328,23.216808,Validation,2016,2016-09-04,0.13399844977995073,exper2_05
,22.708696,Validation,2016,2016-09-05,,exper2_05
17.799999237060547,22.142736,Validation,2016,2016-09-06,0.10872408023170455,exper2_05
17.8799991607666,22.139032,Validation,2016,2016-09-07,0.10642519423541637,exper2_05
18.030000686645508,22.152145,Validation,2016,2016-09-08,0.10258647439264895,exper2_05
18.05999946594244,21.83668,Validation,2016,2016-09-09,0.0946615130501697,exper2_05
18.270000457763672,21.722279,Validation,2016,2016-09-10,0.08632361593233558,exper2_05
18.450000762939453,21.995394,Validation,2016,2016-09-11,0.08765875651702532,exper2_05
18.31999969482422,21.841444,Validation,2016,2016-09-12,0.08768221446613991,exper2_05
18.079999923706055,21.8286,Validation,2016,2016-09-13,0.09392962970043396,exper2_05
18.1200008392334,21.84487,Validation,2016,2016-09-14,0.09320357434426654,exper2_05
18.31999969482422,21.855833,Validation,2016,2016-09-15,0.08800896252497245,exper2_05
18.729999542236328,21.78832,Validation,2016,2016-09-16,0.075479955556746,exper2_05
18.450000762939453,21.263699,Validation,2016,2016-09-17,0.0708495522110504,exper2_05
18.84000015258789,21.151516,Validation,2016,2016-09-18,0.05780015445170408,exper2_05
18.940000534057617,20.58775,Validation,2016,2016-09-19,0.041685877554565556,exper2_05
17.8799991607666,20.234442,Validation,2016,2016-09-20,0.061772979997341736,exper2_05
18.0,20.040108,Validation,2016,2016-09-21,0.05363044031549984,exper2_05
17.75,19.82833,Validation,2016,2016-09-22,0.0553065859189893,exper2_05
17.670000076293945,19.59062,Validation,2016,2016-09-23,0.05154557166679225,exper2_05
17.530000686645508,19.215435,Validation,2016,2016-09-24,0.04586785565738746,exper2_05
17.290000915527344,19.23522,Validation,2016,2016-09-25,0.053256872745236425,exper2_05
17.110000610351562,18.928328,Validation,2016,2016-09-26,0.050455363563388915,exper2_05
17.030000686645508,18.849947,Validation,2016,2016-09-27,0.05072321471003846,exper2_05
17.020000457763672,19.082184,Validation,2016,2016-09-28,0.05712073716202216,exper2_05
16.639999389648438,18.929464,Validation,2016,2016-09-29,0.06436602384420143,exper2_05
16.56999969482422,19.107918,Validation,2016,2016-09-30,0.07113414319122328,exper2_05
15.649999618530273,18.931723,Validation,2016,2016-10-01,0.09489761666099124,exper2_05
14.770000457763672,19.07383,Validation,2016,2016-10-02,0.12716732058101723,exper2_05
15.010000228881836,18.526854,Validation,2016,2016-10-03,0.10486533276232628,exper2_05
14.739999771118164,18.150988,Validation,2016,2016-10-04,0.1037058514817897,exper2_05
14.34000015258789,18.127829,Validation,2016,2016-10-05,0.11666405149938966,exper2_05
13.989999771118164,17.760462,Validation,2016,2016-10-06,0.11875298338029648,exper2_05
13.0,16.896887,Validation,2016,2016-10-07,0.13034423444482943,exper2_05
11.449999809265137,15.891635,Validation,2016,2016-10-08,0.16244950868478875,exper2_05
10.460000038146916,16.415752,Validation,2016,2016-10-09,0.22160318614467195,exper2_05
10.130000114440918,14.503352,Validation,2016,2016-10-10,0.17753783574117202,exper2_05
9.920000076293945,15.571396,Validation,2016,2016-10-11,0.2216981686190916,exper2_05
9.819999694824219,15.614543,Validation,2016,2016-10-12,0.22782179906592603,exper2_05
9.800000190734863,15.27661,Validation,2016,2016-10-13,0.21839515230655326,exper2_05
9.609999656677246,14.71297,Validation,2016,2016-10-14,0.20980045781757103,exper2_05
9.5600004196167,15.9078045,Validation,2016,2016-10-15,0.2492481818618578,exper2_05
9.430000305175781,15.693062,Validation,2016,2016-10-16,0.24929530843352274,exper2_05
9.550000190734863,16.173471,Validation,2016,2016-10-17,0.25748745551804275,exper2_05
9.65999984741211,16.308706,Validation,2016,2016-10-18,0.25602763582530286,exper2_05
9.479999542236328,15.2935915,Validation,2016,2016-10-19,0.2346689241514597,exper2_05
10.09000015258789,14.627345,Validation,2016,2016-10-20,0.18356926639636562,exper2_05
10.210000038146916,13.727212,Validation,2016,2016-10-21,0.1469349026728568,exper2_05
9.829999923706055,13.249925,Validation,2016,2016-10-22,0.14817746581708938,exper2_05
9.739999771118164,13.043552,Validation,2016,2016-10-23,0.14499725955562023,exper2_05
9.399999618530273,13.626591,Validation,2016,2016-10-24,0.18355262531201944,exper2_05
9.319999694824219,15.128263,Validation,2016,2016-10-25,0.23757367706223415,exper2_05
9.609999656677246,14.969317,Validation,2016,2016-10-26,0.21804176899162475,exper2_05
8.6899995803833,14.579204,Validation,2016,2016-10-27,0.25309005977492677,exper2_05
9.0,14.281999,Validation,2016,2016-10-28,0.22687049841794998,exper2_05
10.079999923706055,14.479282,Validation,2016,2016-10-29,0.17912911302512546,exper2_05
10.039999961853027,10.573867,Validation,2016,2016-10-30,0.02589843464827492,exper2_05
9.34000015258789,13.32233,Validation,2016,2016-10-31,0.17572465902705933,exper2_05
10.220000267028809,14.331799,Validation,2016,2016-11-01,0.1674744207746399,exper2_05
9.89000034332281,12.932215,Validation,2016,2016-11-02,0.13330057502818154,exper2_05
8.699999809265137,12.062031,Validation,2016,2016-11-03,0.1619317034783706,exper2_05
7.949999809265137,11.355141,Validation,2016,2016-11-04,0.17638519013104195,exper2_05
7.429999828338623,11.503666,Validation,2016,2016-11-05,0.21515464300487763,exper2_05
7.869999885559082,11.906787,Validation,2016,2016-11-06,0.204117436924785,exper2_05
7.21999979019165,11.039414,Validation,2016,2016-11-07,0.20917509042895752,exper2_05
6.71999979019165,10.64484,Validation,2016,2016-11-08,0.22602226357137323,exper2_05
6.119999885559082,10.543534,Validation,2016,2016-11-09,0.2654619572091358,exper2_05
5.800000190734863,10.218178,Validation,2016,2016-11-10,0.27582273143030445,exper2_05
6.050000190734863,9.984202,Validation,2016,2016-11-11,0.2453631339409555,exper2_05
5.130000114440918,9.8088045,Validation,2016,2016-11-12,0.3131980445941619,exper2_05
4.170000076293945,9.671418,Validation,2016,2016-11-13,0.39746057866803675,exper2_05
5.860000133514404,9.561259,Validation,2016,2016-11-14,0.24001017293211577,exper2_05
5.010000228881836,9.465974,Validation,2016,2016-11-15,0.30781856886801173,exper2_05
6.82000017166132,9.387104,Validation,2016,2016-11-16,0.15839374080155902,exper2_05
6.889999866485596,9.32364,Validation,2016,2016-11-17,0.15009831492520823,exper2_05
6.860000133514404,9.888314,Validation,2016,2016-11-18,0.18081306839549444,exper2_05
6.860000133514404,10.530534,Validation,2016,2016-11-19,0.21106503532860021,exper2_05
7.210000038146916,10.154237,Validation,2016,2016-11-20,0.16955750972033018,exper2_05
6.760000228881836,10.850316,Validation,2016,2016-11-21,0.23226816341925904,exper2_05
7.380000114440918,11.225465,Validation,2016,2016-11-22,0.2066846875255648,exper2_05
7.360000133514404,11.493899,Validation,2016,2016-11-23,0.21925963997565676,exper2_05
7.670000076293945,11.505613,Validation,2016,2016-11-24,0.20002558301828688,exper2_05
7.409999847412109,11.780581,Validation,2016,2016-11-25,0.22774618202661132,exper2_05
6.869999885559082,11.965514,Validation,2016,2016-11-26,0.2705269566270531,exper2_05
7.539999961853027,11.207561,Validation,2016,2016-11-27,0.195628683378707,exper2_05
6.809999942779541,10.203517,Validation,2016,2016-11-28,0.19946005500963554,exper2_05
5.340000152587891,8.760915,Validation,2016,2016-11-29,0.24260231771106502,exper2_05
,8.307545,Validation,2016,2016-11-30,,exper2_05
,7.763451,Validation,2016,2016-12-01,,exper2_05
,7.232579,Validation,2016,2016-12-02,,exper2_05
,6.7335677,Validation,2016,2016-12-03,,exper2_05
,6.4737287,Validation,2016,2016-12-04,,exper2_05
,6.172131,Validation,2016,2016-12-05,,exper2_05
,6.5349784,Validation,2016,2016-12-06,,exper2_05
,6.2052755,Validation,2016,2016-12-07,,exper2_05
,6.277487,Validation,2016,2016-12-08,,exper2_05
,6.37326,Validation,2016,2016-12-09,,exper2_05
,6.2553353,Validation,2016,2016-12-10,,exper2_05
,6.2858367,Validation,2016,2016-12-11,,exper2_05
,6.531896,Validation,2016,2016-12-12,,exper2_05
,6.1859727,Validation,2016,2016-12-13,,exper2_05
,6.168747,Validation,2016,2016-12-14,,exper2_05
,6.35537,Validation,2016,2016-12-15,,exper2_05
,5.906974,Validation,2016,2016-12-16,,exper2_05
,5.7433276,Validation,2016,2016-12-17,,exper2_05
,5.641278,Validation,2016,2016-12-18,,exper2_05
,5.519721,Validation,2016,2016-12-19,,exper2_05
,5.597178,Validation,2016,2016-12-20,,exper2_05
,5.5620728,Validation,2016,2016-12-21,,exper2_05
,5.4797654,Validation,2016,2016-12-22,,exper2_05
,5.449983,Validation,2016,2016-12-23,,exper2_05
,5.383743,Validation,2016,2016-12-24,,exper2_05
,5.342804,Validation,2016,2016-12-25,,exper2_05
,5.9218106,Validation,2016,2016-12-26,,exper2_05
,5.552699,Validation,2016,2016-12-27,,exper2_05
,5.4295726,Validation,2016,2016-12-28,,exper2_05
,5.338978,Validation,2016,2016-12-29,,exper2_05
,5.175723,Validation,2016,2016-12-30,,exper2_05
,4.992714,Validation,2016,2016-12-31,,exper2_05
6.400000095367432,4.046729,Validation,2017,2017-01-01,-0.22526390473708713,exper2_05
6.260000228881836,3.989544,Validation,2017,2017-01-02,-0.2215177848165691,exper2_05
5.340000152587891,3.9201665,Validation,2017,2017-01-03,-0.15332700960459428,exper2_05
5.03000020980835,3.89516,Validation,2017,2017-01-04,-0.12715068732104737,exper2_05
3.7899999618530273,3.573989,Validation,2017,2017-01-05,-0.02933342933980099,exper2_05
3.119999885559082,3.3882089,Validation,2017,2017-01-06,0.04121087549490966,exper2_05
2.3399999141693115,3.2088678,Validation,2017,2017-01-07,0.15658471614966255,exper2_05
2.140000104904118,3.245348,Validation,2017,2017-01-08,0.20525096150412112,exper2_05
2.680000066757202,3.4118063,Validation,2017,2017-01-09,0.12012960175787236,exper2_05
3.5,3.4201708,Validation,2017,2017-01-10,-0.011535729174203195,exper2_05
3.190000057220459,3.0121355,Validation,2017,2017-01-11,-0.028677952898713683,exper2_05
4.360000133514404,3.301442,Validation,2017,2017-01-12,-0.13816696907866727,exper2_05
4.239999771118164,3.5045428,Validation,2017,2017-01-13,-0.09496454233889849,exper2_05
4.300000190734863,3.4332976,Validation,2017,2017-01-14,-0.11207412105919255,exper2_05
4.360000133514404,3.1322274,Validation,2017,2017-01-15,-0.16387285407520458,exper2_05
3.4700000286102295,3.1749485,Validation,2017,2017-01-16,-0.04440238708900104,exper2_05
3.210000038146916,3.2482238,Validation,2017,2017-01-17,0.00591861547473592,exper2_05
2.490000009536743,3.024538,Validation,2017,2017-01-18,0.09693251289719096,exper2_05
3.2799999713897705,2.9890158,Validation,2017,2017-01-19,-0.046416241965230455,exper2_05
3.640000104904118,2.9240685,Validation,2017,2017-01-20,-0.1090682779874859,exper2_05
4.210000038146916,2.7948697,Validation,2017,2017-01-21,-0.20202094221983533,exper2_05
4.090000152587891,2.77222,Validation,2017,2017-01-22,-0.19203410075457303,exper2_05
3.680000066757202,2.8862588,Validation,2017,2017-01-23,-0.12088180460134798,exper2_05
4.099999904632568,2.8133721,Validation,2017,2017-01-24,-0.18610712139663488,exper2_05
3.880000114440918,2.8733747,Validation,2017,2017-01-25,-0.14905516744913022,exper2_05
4.159999847412109,2.9668467,Validation,2017,2017-01-26,-0.16741670165633057,exper2_05
4.429999828338623,2.7506785,Validation,2017,2017-01-27,-0.2338666631604517,exper2_05
4.059999942779541,2.7736228,Validation,2017,2017-01-28,-0.18824234950374344,exper2_05
3.9800000190734863,2.7508047,Validation,2017,2017-01-29,-0.18262234821592302,exper2_05
3.380000114440918,2.8278794,Validation,2017,2017-01-30,-0.08893869182318247,exper2_05
3.9200000762939453,3.1535008,Validation,2017,2017-01-31,-0.1083620819219417,exper2_05
3.859999895095825,3.3159811,Validation,2017,2017-02-01,-0.07581106221272828,exper2_05
3.809999942779541,3.4724846,Validation,2017,2017-02-02,-0.0463461820895196,exper2_05
3.7200000286102295,3.6643467,Validation,2017,2017-02-03,-0.007536663126394497,exper2_05
3.759999990463257,3.609563,Validation,2017,2017-02-04,-0.020413269566655498,exper2_05
3.369999885559082,3.5401626,Validation,2017,2017-02-05,0.02462498950258359,exper2_05
3.4700000286102295,3.6303797,Validation,2017,2017-02-06,0.02258747487630683,exper2_05
3.0999999046325684,3.531346,Validation,2017,2017-02-07,0.06504654995827443,exper2_05
2.710000038146916,3.453001,Validation,2017,2017-02-08,0.12055830867135794,exper2_05
2.2899999618530273,3.482586,Validation,2017,2017-02-09,0.20659475185424736,exper2_05
2.2699999809265137,3.5610077,Validation,2017,2017-02-10,0.22140388409560463,exper2_05
2.25,3.5798748,Validation,2017,2017-02-11,0.22811377775320382,exper2_05
2.430000066757202,3.62469,Validation,2017,2017-02-12,0.19731645466540915,exper2_05
2.2699999809265137,3.7273314,Validation,2017,2017-02-13,0.24299664741653337,exper2_05
2.119999885559082,3.7742991,Validation,2017,2017-02-14,0.2806608980441365,exper2_05
3.0899999141693115,3.860644,Validation,2017,2017-02-15,0.11087378178536948,exper2_05
3.0999999046325684,4.0593295,Validation,2017,2017-02-16,0.13399713151588077,exper2_05
2.6600000858306885,3.9098547,Validation,2017,2017-02-17,0.19024082187931124,exper2_05
2.710000038146916,4.078743,Validation,2017,2017-02-18,0.20161949553229327,exper2_05
2.819999933242798,3.8831167,Validation,2017,2017-02-19,0.1586003710700255,exper2_05
3.2899999618530273,4.0779047,Validation,2017,2017-02-20,0.10693742324427426,exper2_05
3.690000057220459,3.739869,Validation,2017,2017-02-21,0.006711970203249802,exper2_05
3.890000104904118,3.6612647,Validation,2017,2017-02-22,-0.03029101138849306,exper2_05
3.5799999237060547,3.619332,Validation,2017,2017-02-23,0.005463305681608079,exper2_05
3.569999933242798,4.3352113,Validation,2017,2017-02-24,0.09679834268981873,exper2_05
2.869999885559082,4.6041927,Validation,2017,2017-02-25,0.23202410434566473,exper2_05
2.609999895095825,4.977154,Validation,2017,2017-02-26,0.3119949832241502,exper2_05
3.2200000286102295,4.9871035,Validation,2017,2017-02-27,0.2153138967460995,exper2_05
3.4000000953674316,4.7031336,Validation,2017,2017-02-28,0.16081846103184258,exper2_05
3.690000057220459,5.183971,Validation,2017,2017-03-01,0.16835426591179203,exper2_05
3.7300000190734863,5.198596,Validation,2017,2017-03-02,0.16448229691994332,exper2_05
3.799999952316284,5.3131714,Validation,2017,2017-03-03,0.1660422456802717,exper2_05
3.9200000762939453,5.349949,Validation,2017,2017-03-04,0.1542563840462474,exper2_05
3.950000047683716,5.048303,Validation,2017,2017-03-05,0.12205668760526675,exper2_05
3.3399999141693115,5.018255,Validation,2017,2017-03-06,0.20079015175914766,exper2_05
2.9000000953674316,5.09216,Validation,2017,2017-03-07,0.27428880824424884,exper2_05
2.5199999809265137,5.213497,Validation,2017,2017-03-08,0.3482896716977882,exper2_05
2.180000066757202,5.091835,Validation,2017,2017-03-09,0.4004264287742604,exper2_05
2.809999942779541,5.150978,Validation,2017,2017-03-10,0.29405660164329284,exper2_05
3.0399999618530273,5.5813265,Validation,2017,2017-03-11,0.2947721024818708,exper2_05
3.049999952316284,5.7223506,Validation,2017,2017-03-12,0.30463336250936124,exper2_05
3.25,5.5909133,Validation,2017,2017-03-13,0.26478184068067623,exper2_05
3.2699999809265137,5.8495717,Validation,2017,2017-03-14,0.28286106111289816,exper2_05
3.819999933242798,6.08147,Validation,2017,2017-03-15,0.22839740884702603,exper2_05
4.230000019073486,6.676782,Validation,2017,2017-03-16,0.22433583786775604,exper2_05
4.550000190734863,6.9406524,Validation,2017,2017-03-17,0.2080519071469432,exper2_05
4.75,6.935419,Validation,2017,2017-03-18,0.18702102741766335,exper2_05
4.539999961853027,6.9991717,Validation,2017,2017-03-19,0.2131151036532026,exper2_05
4.550000190734863,6.8581953,Validation,2017,2017-03-20,0.20232780153748925,exper2_05
4.409999847412109,7.0809817,Validation,2017,2017-03-21,0.2324415773952848,exper2_05
4.739999771118164,6.9931655,Validation,2017,2017-03-22,0.19203392018875218,exper2_05
4.5,7.098111,Validation,2017,2017-03-23,0.2240115755448279,exper2_05
4.630000114440918,7.131842,Validation,2017,2017-03-24,0.21270834692302326,exper2_05
4.82000017166132,7.3112025,Validation,2017,2017-03-25,0.2053549360684961,exper2_05
4.800000190734863,7.661123,Validation,2017,2017-03-26,0.22960391375321249,exper2_05
5.579999923706055,7.800224,Validation,2017,2017-03-27,0.1659332418472277,exper2_05
5.699999809265137,8.047417,Validation,2017,2017-03-28,0.17075331051345694,exper2_05
6.199999809265137,9.137429,Validation,2017,2017-03-29,0.19152032711413552,exper2_05
6.019999980926514,9.548887,Validation,2017,2017-03-30,0.22666278064079182,exper2_05
6.429999828338623,9.957461,Validation,2017,2017-03-31,0.21525369237236527,exper2_05
6.110000133514404,10.438792,Validation,2017,2017-04-01,0.26157752181775634,exper2_05
6.679999828338623,10.464826,Validation,2017,2017-04-02,0.2207561582358987,exper2_05
6.489999771118164,10.87526,Validation,2017,2017-04-03,0.2525306589480523,exper2_05
7.059999942779541,9.892915,Validation,2017,2017-04-04,0.16710488296026094,exper2_05
7.599999904632568,9.496561,Validation,2017,2017-04-05,0.11093231853874845,exper2_05
6.5,9.660747,Validation,2017,2017-04-06,0.19558171770408087,exper2_05
6.590000152587891,9.821656,Validation,2017,2017-04-07,0.19691224333220272,exper2_05
6.75,10.666537,Validation,2017,2017-04-08,0.22487462466248576,exper2_05
7.489999771118164,10.828502,Validation,2017,2017-04-09,0.1822475454803723,exper2_05
7.389999866485596,11.456843,Validation,2017,2017-04-10,0.21578380301226865,exper2_05
6.670000076293945,11.369487,Validation,2017,2017-04-11,0.2605111089036647,exper2_05
7.050000190734863,11.480152,Validation,2017,2017-04-12,0.2390780098663565,exper2_05
6.28000020980835,11.960912,Validation,2017,2017-04-13,0.3114379123837228,exper2_05
6.920000076293945,12.103608,Validation,2017,2017-04-14,0.2724829064244452,exper2_05
6.199999809265137,11.902649,Validation,2017,2017-04-15,0.3150173877856831,exper2_05
6.28000020980835,12.033164,Validation,2017,2017-04-16,0.31415454702321327,exper2_05
6.199999809265137,11.905566,Validation,2017,2017-04-17,0.3151277567594986,exper2_05
6.449999809265137,12.148129,Validation,2017,2017-04-18,0.30638187155565877,exper2_05
6.110000133514404,11.408791,Validation,2017,2017-04-19,0.30246325439818056,exper2_05
6.360000133514404,10.720685,Validation,2017,2017-04-20,0.25529917777085503,exper2_05
6.449999809265137,10.4282675,Validation,2017,2017-04-21,0.23570355900555912,exper2_05
6.670000076293945,11.034373,Validation,2017,2017-04-22,0.24651384821287606,exper2_05
6.28000020980835,11.517076,Validation,2017,2017-04-23,0.2942660582475129,exper2_05
6.940000057220459,11.741982,Validation,2017,2017-04-24,0.25703815954059217,exper2_05
6.539999961853027,11.389099,Validation,2017,2017-04-25,0.2704597223099142,exper2_05
5.900000095367432,11.7589445,Validation,2017,2017-04-26,0.33178338493662396,exper2_05
6.449999809265137,11.808602,Validation,2017,2017-04-27,0.2934837224685112,exper2_05
6.610000133514404,11.918111,Validation,2017,2017-04-28,0.28648957896493654,exper2_05
7.260000228881836,11.455815,Validation,2017,2017-04-29,0.22418553316427986,exper2_05
7.46999979019165,12.020598,Validation,2017,2017-04-30,0.23347660109064405,exper2_05
8.0600004196167,12.532436,Validation,2017,2017-05-01,0.21718828115104455,exper2_05
8.600000381469727,12.861047,Validation,2017,2017-05-02,0.19854792617285663,exper2_05
8.960000038146916,13.631016,Validation,2017,2017-05-03,0.20676430743709978,exper2_05
8.279999732971248,13.857524,Validation,2017,2017-05-04,0.25194887527077325,exper2_05
8.699999809265137,14.18098,Validation,2017,2017-05-05,0.23954306284569735,exper2_05
9.100000381469727,14.355247,Validation,2017,2017-05-06,0.22405418195507804,exper2_05
10.1899995803833,15.068633,Validation,2017,2017-05-07,0.19314717327863795,exper2_05
9.319999694824219,15.543288,Validation,2017,2017-05-08,0.25030030439513995,exper2_05
8.899999618530273,15.733218,Validation,2017,2017-05-09,0.27739853667475023,exper2_05
10.289999961853027,15.938354,Validation,2017,2017-05-10,0.21535296055016537,exper2_05
9.529999732971248,15.959548,Validation,2017,2017-05-11,0.25224254003183233,exper2_05
9.079999923706055,16.155672,Validation,2017,2017-05-12,0.28038374212819217,exper2_05
8.989999771118164,16.733923,Validation,2017,2017-05-13,0.30103974688034413,exper2_05
8.789999961853027,16.927412,Validation,2017,2017-05-14,0.31641644473522323,exper2_05
9.010000228881836,17.136297,Validation,2017,2017-05-15,0.31080106126337614,exper2_05
9.630000114440918,17.391092,Validation,2017,2017-05-16,0.28722347959948286,exper2_05
9.260000228881836,18.11901,Validation,2017,2017-05-17,0.3235694177019353,exper2_05
9.630000114440918,18.21673,Validation,2017,2017-05-18,0.3083568495024198,exper2_05
10.15999984741211,18.433416,Validation,2017,2017-05-19,0.2893469061985427,exper2_05
11.029999732971248,18.930838,Validation,2017,2017-05-20,0.26370551003677317,exper2_05
10.779999732971248,18.946962,Validation,2017,2017-05-21,0.2747325003812015,exper2_05
12.720000267028809,18.905977,Validation,2017,2017-05-22,0.19559796938934254,exper2_05
11.239999771118164,19.009413,Validation,2017,2017-05-23,0.25684508699065867,exper2_05
11.350000381469727,19.93394,Validation,2017,2017-05-24,0.27438807764637957,exper2_05
11.350000381469727,20.09826,Validation,2017,2017-05-25,0.27817946516806885,exper2_05
12.34000015258789,20.076986,Validation,2017,2017-05-26,0.23867074037012712,exper2_05
12.84000015258789,20.831064,Validation,2017,2017-05-27,0.23732733786562143,exper2_05
13.960000038146916,20.965658,Validation,2017,2017-05-28,0.20058771990448504,exper2_05
14.89000034332281,20.978996,Validation,2017,2017-05-29,0.1697565169722998,exper2_05
15.0600004196167,21.304834,Validation,2017,2017-05-30,0.1717272739741608,exper2_05
14.9399995803833,21.357294,Validation,2017,2017-05-31,0.17679815365395768,exper2_05
14.819999694824219,21.142515,Validation,2017,2017-06-01,0.1758084914038743,exper2_05
15.1899995803833,20.867994,Validation,2017,2017-06-02,0.15746840341673493,exper2_05
14.770000457763672,21.149231,Validation,2017,2017-06-03,0.17759930399401616,exper2_05
14.770000457763672,21.04298,Validation,2017,2017-06-04,0.17515938696387512,exper2_05
14.779999732971248,21.006882,Validation,2017,2017-06-05,0.17399901106627574,exper2_05
15.399999618530273,20.854471,Validation,2017,2017-06-06,0.15044962632151124,exper2_05
14.39000034332281,20.440681,Validation,2017,2017-06-07,0.17371698747655268,exper2_05
14.930000305175781,19.891317,Validation,2017,2017-06-08,0.1424793027365364,exper2_05
13.829999923706055,19.995146,Validation,2017,2017-06-09,0.18226516819161798,exper2_05
13.789999961853027,20.786085,Validation,2017,2017-06-10,0.20233884630349921,exper2_05
14.34000015258789,20.874813,Validation,2017,2017-06-11,0.18557000101393598,exper2_05
14.880000114440918,21.453987,Validation,2017,2017-06-12,0.1809321659204912,exper2_05
14.920000076293945,22.092058,Validation,2017,2017-06-13,0.19377625679348875,exper2_05
14.670000076293945,21.48474,Validation,2017,2017-06-14,0.18848813030268372,exper2_05
15.220000267028809,21.856459,Validation,2017,2017-06-15,0.1789938572415371,exper2_05
15.100000381469727,22.08821,Validation,2017,2017-06-16,0.18791463365346603,exper2_05
15.09000015258789,21.989655,Validation,2017,2017-06-17,0.18607655452675967,exper2_05
15.609999656677246,21.846315,Validation,2017,2017-06-18,0.16649570894723884,exper2_05
17.010000228881836,21.806726,Validation,2017,2017-06-19,0.1235736919752521,exper2_05
17.920000076293945,22.460474,Validation,2017,2017-06-20,0.11244231377283206,exper2_05
17.899999618530273,23.253477,Validation,2017,2017-06-21,0.13008566724727355,exper2_05
17.729999542236328,23.287062,Validation,2017,2017-06-22,0.13548172350549667,exper2_05
17.469999313354492,24.066732,Validation,2017,2017-06-23,0.15881685486800193,exper2_05
17.229999542236328,24.237036,Validation,2017,2017-06-24,0.16897847071771344,exper2_05
17.760000228881836,23.075975,Validation,2017,2017-06-25,0.13017872366184252,exper2_05
16.84000015258789,22.881824,Validation,2017,2017-06-26,0.15210339390663719,exper2_05
16.799999237060547,23.064405,Validation,2017,2017-06-27,0.15714285099124042,exper2_05
17.0,22.882109,Validation,2017,2017-06-28,0.14748740429745777,exper2_05
17.649999618530273,22.72811,Validation,2017,2017-06-29,0.12576393173696176,exper2_05
16.899999618530273,22.71768,Validation,2017,2017-06-30,0.1468455603210503,exper2_05
15.40999984741211,22.505865,Validation,2017,2017-07-01,0.18714765600173813,exper2_05
15.039999961853027,22.914536,Validation,2017,2017-07-02,0.20747284771440125,exper2_05
16.139999389648438,23.481245,Validation,2017,2017-07-03,0.18528559001004336,exper2_05
16.15999984741211,23.810234,Validation,2017,2017-07-04,0.19139828499009873,exper2_05
16.549999237060547,23.43231,Validation,2017,2017-07-05,0.17213390073439175,exper2_05
17.15999984741211,23.347862,Validation,2017,2017-07-06,0.1527570717587982,exper2_05
17.010000228881836,23.971933,Validation,2017,2017-07-07,0.16987810299531758,exper2_05
17.649999618530273,24.549644,Validation,2017,2017-07-08,0.16350007211375378,exper2_05
17.8700008392334,24.538298,Validation,2017,2017-07-09,0.157240376318208,exper2_05
18.229999542236328,24.613554,Validation,2017,2017-07-10,0.14899684855033715,exper2_05
18.209999084472656,24.476034,Validation,2017,2017-07-11,0.14679356695945334,exper2_05
18.18000030517578,24.744818,Validation,2017,2017-07-12,0.15293757151476828,exper2_05
18.780000686645508,25.113552,Validation,2017,2017-07-13,0.14429343276410242,exper2_05
18.6299991607666,24.797419,Validation,2017,2017-07-14,0.1420167201367997,exper2_05
18.670000076293945,24.31759,Validation,2017,2017-07-15,0.13137723081117042,exper2_05
18.899999618530273,24.237951,Validation,2017,2017-07-16,0.12374142835098474,exper2_05
18.889999389648438,24.360945,Validation,2017,2017-07-17,0.12649308511912025,exper2_05
18.649999618530273,24.66436,Validation,2017,2017-07-18,0.13885373059613418,exper2_05
18.489999771118164,24.484346,Validation,2017,2017-07-19,0.13948662758499047,exper2_05
18.770000457763672,25.119349,Validation,2017,2017-07-20,0.14466717359116052,exper2_05
18.93000030517578,25.417162,Validation,2017,2017-07-21,0.14628132461473717,exper2_05
18.34000015258789,25.72717,Validation,2017,2017-07-22,0.16763433203821226,exper2_05
18.899999618530273,25.81877,Validation,2017,2017-07-23,0.15471735872372003,exper2_05
19.06999969482422,24.561113,Validation,2017,2017-07-24,0.12585316483054254,exper2_05
18.25,23.765692,Validation,2017,2017-07-25,0.1312769474099322,exper2_05
18.299999237060547,24.099422,Validation,2017,2017-07-26,0.1367807150747556,exper2_05
18.459999084472656,23.829092,Validation,2017,2017-07-27,0.12696165371086507,exper2_05
18.469999313354492,24.059082,Validation,2017,2017-07-28,0.13141790373058632,exper2_05
19.75,23.879591,Validation,2017,2017-07-29,0.09465115062114442,exper2_05
19.43000030517578,24.008867,Validation,2017,2017-07-30,0.10540944584589143,exper2_05
18.75,23.946611,Validation,2017,2017-07-31,0.12171015997492285,exper2_05
19.239999771118164,24.27319,Validation,2017,2017-08-01,0.11567044045039584,exper2_05
19.360000610351562,24.902063,Validation,2017,2017-08-02,0.1252102197920725,exper2_05
19.80999946594244,25.220102,Validation,2017,2017-08-03,0.12014413982752518,exper2_05
19.25,25.56601,Validation,2017,2017-08-04,0.1409319925830643,exper2_05
19.3799991607666,25.607468,Validation,2017,2017-08-05,0.13842674264381885,exper2_05
19.209999084472656,25.093601,Validation,2017,2017-08-06,0.1328018964823514,exper2_05
18.68000030517578,24.741106,Validation,2017,2017-08-07,0.13958892896229833,exper2_05
18.5,24.658594,Validation,2017,2017-08-08,0.1426968198433298,exper2_05
18.5,24.802021,Validation,2017,2017-08-09,0.14553641786692614,exper2_05
18.450000762939453,24.625242,Validation,2017,2017-08-10,0.14335941113273376,exper2_05
18.670000076293945,24.334835,Validation,2017,2017-08-11,0.1317255364247328,exper2_05
18.899999618530273,23.942686,Validation,2017,2017-08-12,0.1177023891026879,exper2_05
18.59000015258789,23.93028,Validation,2017,2017-08-13,0.12559372674845454,exper2_05
18.329999923706055,24.002974,Validation,2017,2017-08-14,0.13400839030271683,exper2_05
18.5,23.60945,Validation,2017,2017-08-15,0.12133735921569669,exper2_05
18.700000762939453,24.157354,Validation,2017,2017-08-16,0.1273376198068884,exper2_05
18.770000457763672,23.793594,Validation,2017,2017-08-17,0.1180256020210452,exper2_05
19.010000228881836,23.835129,Validation,2017,2017-08-18,0.11261790234840675,exper2_05
18.989999771118164,23.765251,Validation,2017,2017-08-19,0.11168806835633284,exper2_05
19.139999389648438,23.500788,Validation,2017,2017-08-20,0.10226800768454074,exper2_05
18.700000762939453,23.690107,Validation,2017,2017-08-21,0.11771865667024753,exper2_05
18.799999237060547,23.832323,Validation,2017,2017-08-22,0.11804010582680491,exper2_05
18.780000686645508,23.651697,Validation,2017,2017-08-23,0.11481266881922178,exper2_05
18.959999084472656,23.338354,Validation,2017,2017-08-24,0.10351124087599141,exper2_05
18.90999984741211,23.4975,Validation,2017,2017-08-25,0.10817661245792037,exper2_05
18.530000686645508,23.408175,Validation,2017,2017-08-26,0.11631821853708818,exper2_05
18.68000030517578,23.611864,Validation,2017,2017-08-27,0.11661495314348452,exper2_05
18.610000610351562,23.738756,Validation,2017,2017-08-28,0.12110758280038977,exper2_05
18.600000381469727,23.560997,Validation,2017,2017-08-29,0.11766791430072739,exper2_05
18.6299991607666,23.20452,Validation,2017,2017-08-30,0.10934798062638533,exper2_05
18.59000015258789,23.308222,Validation,2017,2017-08-31,0.112611500980915,exper2_05
18.079999923706055,22.599422,Validation,2017,2017-09-01,0.111098493215383,exper2_05
18.020000457763672,22.180079,Validation,2017,2017-09-02,0.10348432530213031,exper2_05
17.850000381469727,21.843815,Validation,2017,2017-09-03,0.10061553531977406,exper2_05
17.43000030517578,21.858381,Validation,2017,2017-09-04,0.11271477186097754,exper2_05
16.760000228881836,21.620565,Validation,2017,2017-09-05,0.1266413119264186,exper2_05
11.680000305175781,21.793657,Validation,2017,2017-09-06,0.3021377919350476,exper2_05
11.489999771118164,21.22446,Validation,2017,2017-09-07,0.2975583494186237,exper2_05
10.529999732971248,21.269974,Validation,2017,2017-09-08,0.3377353137106758,exper2_05
11.210000038146916,21.28311,Validation,2017,2017-09-09,0.31000755910476124,exper2_05
12.569999694824219,20.722536,Validation,2017,2017-09-10,0.24487580176016135,exper2_05
13.850000381469727,20.33004,Validation,2017,2017-09-11,0.18958548698018463,exper2_05
14.489999771118164,19.960201,Validation,2017,2017-09-12,0.15878576403151243,exper2_05
15.229999542236328,19.798645,Validation,2017,2017-09-13,0.13042598520301935,exper2_05
15.170000076293945,19.54541,Validation,2017,2017-09-14,0.12603653681886579,exper2_05
15.229999542236328,19.25499,Validation,2017,2017-09-15,0.1167171624262876,exper2_05
15.270000457763672,19.015821,Validation,2017,2017-09-16,0.1092527695111914,exper2_05
15.550000190734863,18.774036,Validation,2017,2017-09-17,0.09392940155833507,exper2_05
15.470000267028809,18.411406,Validation,2017,2017-09-18,0.08681473581854639,exper2_05
15.569999694824219,17.47301,Validation,2017,2017-09-19,0.05759189261312003,exper2_05
15.239999771118164,17.544207,Validation,2017,2017-09-20,0.07028405143339396,exper2_05
14.670000076293945,17.616644,Validation,2017,2017-09-21,0.09126510116674051,exper2_05
14.34000015258789,17.789196,Validation,2017,2017-09-22,0.10735394199995346,exper2_05
13.89000034332281,17.806395,Validation,2017,2017-09-23,0.12355961122850662,exper2_05
13.949999809265137,17.808626,Validation,2017,2017-09-24,0.12149852980359675,exper2_05
13.0600004196167,17.78858,Validation,2017,2017-09-25,0.15328353739244663,exper2_05
13.420000076293945,17.825895,Validation,2017,2017-09-26,0.14100716842202418,exper2_05
13.399999618530273,17.601412,Validation,2017,2017-09-27,0.1355232554276364,exper2_05
13.479999542236328,17.632177,Validation,2017,2017-09-28,0.13345828627367246,exper2_05
13.65999984741211,17.452032,Validation,2017,2017-09-29,0.12188314313713529,exper2_05
13.34000015258789,17.306463,Validation,2017,2017-09-30,0.1294264541384066,exper2_05
13.220000267028809,17.285906,Validation,2017,2017-10-01,0.13328257016800896,exper2_05
12.979999542236328,17.090008,Validation,2017,2017-10-02,0.13668131821291055,exper2_05
13.0,17.262594,Validation,2017,2017-10-03,0.14085356303590343,exper2_05
13.09000015258789,16.96121,Validation,2017,2017-10-04,0.12882043838817062,exper2_05
13.329999923706055,17.253057,Validation,2017,2017-10-05,0.12827551883988916,exper2_05
13.350000381469727,17.074408,Validation,2017,2017-10-06,0.12241510832571842,exper2_05
12.579999923706055,16.93315,Validation,2017,2017-10-07,0.1474986412156612,exper2_05
12.789999961853027,16.61395,Validation,2017,2017-10-08,0.13004887702585183,exper2_05
12.420000076293945,16.44135,Validation,2017,2017-10-09,0.13933342409226748,exper2_05
11.5,16.362993,Validation,2017,2017-10-10,0.17453233392430145,exper2_05
11.529999732971248,16.282633,Validation,2017,2017-10-11,0.17088037547003035,exper2_05
11.510000228881836,16.26268,Validation,2017,2017-10-12,0.17112787734095522,exper2_05
11.829999923706055,16.318007,Validation,2017,2017-10-13,0.15944314214541572,exper2_05
11.670000076293945,16.335806,Validation,2017,2017-10-14,0.16660137622089274,exper2_05
12.029999732971248,16.330862,Validation,2017,2017-10-15,0.15164780061844813,exper2_05
12.229999542236328,16.314335,Validation,2017,2017-10-16,0.143087425625367,exper2_05
12.789999961853027,16.270699,Validation,2017,2017-10-17,0.11977339720194217,exper2_05
12.829999923706055,16.214016,Validation,2017,2017-10-18,0.11651336545387932,exper2_05
12.670000076293945,16.088251,Validation,2017,2017-10-19,0.1188615752394644,exper2_05
12.069999694824219,15.948142,Validation,2017,2017-10-20,0.13841540213330195,exper2_05
11.710000038146916,15.533518,Validation,2017,2017-10-21,0.14034596474752362,exper2_05
11.550000190734863,14.773732,Validation,2017,2017-10-22,0.1224648521938319,exper2_05
11.069999694824219,14.921747,Validation,2017,2017-10-23,0.1481911749630022,exper2_05
10.8100004196167,15.077582,Validation,2017,2017-10-24,0.164850537655086,exper2_05
10.100000381469727,10.557421,Validation,2017,2017-10-25,0.022143148781240428,exper2_05
10.630000114440918,15.262513,Validation,2017,2017-10-26,0.1789132247239696,exper2_05
10.300000190734863,14.064595,Validation,2017,2017-10-27,0.1545108780955788,exper2_05
10.64000034332281,12.947835,Validation,2017,2017-10-28,0.09784003469283147,exper2_05
10.350000381469727,12.078031,Validation,2017,2017-10-29,0.07704778931599646,exper2_05
10.130000114440918,11.608336,Validation,2017,2017-10-30,0.06800595482256133,exper2_05
9.1899995803833,11.2534075,Validation,2017,2017-10-31,0.10093268172095157,exper2_05
8.180000305175781,10.947233,Validation,2017,2017-11-01,0.14467502026040818,exper2_05
8.630000114440918,10.409192,Validation,2017,2017-11-02,0.09344892116024613,exper2_05
9.760000228881836,10.087993,Validation,2017,2017-11-03,0.016525219500609475,exper2_05
8.930000305175781,10.807018,Validation,2017,2017-11-04,0.0951013936958307,exper2_05
9.130000114440918,11.22888,Validation,2017,2017-11-05,0.1030940704848122,exper2_05
9.5,10.929417,Validation,2017,2017-11-06,0.06996854978919602,exper2_05
9.510000228881836,10.520971,Validation,2017,2017-11-07,0.05047039620460792,exper2_05
8.4399995803833,10.284389,Validation,2017,2017-11-08,0.09850196170468857,exper2_05
8.380000114440918,10.142502,Validation,2017,2017-11-09,0.09515462445624866,exper2_05
8.380000114440918,9.9589205,Validation,2017,2017-11-10,0.08609669017052327,exper2_05
8.079999923706055,9.817089,Validation,2017,2017-11-11,0.0970598713939519,exper2_05
9.149999618530273,9.890795,Validation,2017,2017-11-12,0.03890568434296384,exper2_05
8.9399995803833,9.702151,Validation,2017,2017-11-13,0.04088325017270564,exper2_05
8.210000038146916,9.653491,Validation,2017,2017-11-14,0.08080676824819304,exper2_05
7.07000017166132,9.538283,Validation,2017,2017-11-15,0.14861759636314908,exper2_05
7.07000017166132,9.459209,Validation,2017,2017-11-16,0.1445446773500069,exper2_05
6.360000133514404,9.392156,Validation,2017,2017-11-17,0.19249146313425608,exper2_05
7.840000152587891,9.338279,Validation,2017,2017-11-18,0.08721936723531817,exper2_05
7.980000019073486,9.277677,Validation,2017,2017-11-19,0.0751941639210531,exper2_05
7.059999942779541,8.952912,Validation,2017,2017-11-20,0.11821162543877195,exper2_05
7.360000133514404,8.95938,Validation,2017,2017-11-21,0.09800494801620174,exper2_05
6.099999904632568,8.999297,Validation,2017,2017-11-22,0.1920153784932198,exper2_05
5.630000114440918,9.0133505,Validation,2017,2017-11-23,0.23105028790596943,exper2_05
6.710000038146916,9.020721,Validation,2017,2017-11-24,0.14689227072414562,exper2_05
6.210000038146916,9.166152,Validation,2017,2017-11-25,0.19225564073925844,exper2_05
5.920000076293945,8.103035,Validation,2017,2017-11-26,0.15567492266504754,exper2_05
5.860000133514404,8.071057,Validation,2017,2017-11-27,0.15871423928596917,exper2_05
6.269999980926514,7.991052,Validation,2017,2017-11-28,0.12068199133638098,exper2_05
6.110000133514404,7.6963058,Validation,2017,2017-11-29,0.11489718042343279,exper2_05
6.400000095367432,7.1583676,Validation,2017,2017-11-30,0.05593354256203094,exper2_05
5.980000019073486,6.6463027,Validation,2017,2017-12-01,0.052771004766142396,exper2_05
5.880000114440918,6.819177,Validation,2017,2017-12-02,0.0739557387596662,exper2_05
5.019999980926514,6.5998197,Validation,2017,2017-12-03,0.13595905341512626,exper2_05
6.670000076293945,6.160541,Validation,2017,2017-12-04,-0.03970674450838137,exper2_05
5.940000057220459,6.458776,Validation,2017,2017-12-05,0.04184089926828268,exper2_05
5.449999809265137,6.63987,Validation,2017,2017-12-06,0.09841878861155477,exper2_05
6.230000019073486,6.770285,Validation,2017,2017-12-07,0.041559481526523265,exper2_05
6.579999923706055,6.5304856,Validation,2017,2017-12-08,-0.00377669411767316,exper2_05
6.889999866485596,6.068128,Validation,2017,2017-12-09,-0.06342519220859164,exper2_05
7.010000228881836,5.8732295,Validation,2017,2017-12-10,-0.08823647088907947,exper2_05
5.829999923706055,5.728826,Validation,2017,2017-12-11,-0.008752954493935075,exper2_05
5.800000190734863,6.2545657,Validation,2017,2017-12-12,0.03770899164514031,exper2_05
5.670000076293945,5.949766,Validation,2017,2017-12-13,0.024076739333405997,exper2_05
4.460000038146916,5.7478614,Validation,2017,2017-12-14,0.12616367853845065,exper2_05
4.619999885559082,5.5978413,Validation,2017,2017-12-15,0.0956994107716846,exper2_05
5.429999828338623,5.646601,Validation,2017,2017-12-16,0.019554859041049682,exper2_05
4.869999885559082,5.5332484,Validation,2017,2017-12-17,0.0637539852170717,exper2_05
3.8299999237060547,5.433971,Validation,2017,2017-12-18,0.17314076545884527,exper2_05
3.309999942779541,5.402888,Validation,2017,2017-12-19,0.24020599543022889,exper2_05
4.400000095367432,5.35315,Validation,2017,2017-12-20,0.0977273800643185,exper2_05
3.990000009536743,5.335563,Validation,2017,2017-12-21,0.14428760446289557,exper2_05
5.980000019073486,5.5639153,Validation,2017,2017-12-22,-0.03604364347734315,exper2_05
5.880000114440918,5.400801,Validation,2017,2017-12-23,-0.042479157292459005,exper2_05
5.210000038146916,5.3893228,Validation,2017,2017-12-24,0.01691831855936497,exper2_05
5.639999866485596,5.589944,Validation,2017,2017-12-25,-0.004457366999026237,exper2_05
6.190000057220459,5.3813305,Validation,2017,2017-12-26,-0.06988561633429059,exper2_05
6.53000020980835,5.1990914,Validation,2017,2017-12-27,-0.11347074570585658,exper2_05
5.650000095367432,5.00594,Validation,2017,2017-12-28,-0.060441418730981335,exper2_05
5.590000152587891,4.882174,Validation,2017,2017-12-29,-0.06759113496511956,exper2_05
5.809999942779541,4.8334837,Validation,2017,2017-12-30,-0.09174780362692483,exper2_05
5.28000020980835,4.944312,Validation,2017,2017-12-31,-0.03283234159301932,exper2_05
