LSWT,projection,Phase,Year,Date,Error,Lake
,4.618585,Calibration,2004,2004-01-01,,exper2_11
,4.3041577,Calibration,2004,2004-01-02,,exper2_11
,3.7676728,Calibration,2004,2004-01-03,,exper2_11
,1.6001089,Calibration,2004,2004-01-04,,exper2_11
,1.706002,Calibration,2004,2004-01-05,,exper2_11
,0.329422,Calibration,2004,2004-01-06,,exper2_11
,0.9655002,Calibration,2004,2004-01-07,,exper2_11
,0.7308741,Calibration,2004,2004-01-08,,exper2_11
,1.4056498,Calibration,2004,2004-01-09,,exper2_11
,1.0682094,Calibration,2004,2004-01-10,,exper2_11
,0.2496932,Calibration,2004,2004-01-11,,exper2_11
,0.27154082,Calibration,2004,2004-01-12,,exper2_11
,1.0278608,Calibration,2004,2004-01-13,,exper2_11
,1.5266857,Calibration,2004,2004-01-14,,exper2_11
,0.46248722,Calibration,2004,2004-01-15,,exper2_11
,0.5886828,Calibration,2004,2004-01-16,,exper2_11
,0.26820964,Calibration,2004,2004-01-17,,exper2_11
,0.877994,Calibration,2004,2004-01-18,,exper2_11
,1.0692846,Calibration,2004,2004-01-19,,exper2_11
,1.285866,Calibration,2004,2004-01-20,,exper2_11
,1.5827545,Calibration,2004,2004-01-21,,exper2_11
,1.346965,Calibration,2004,2004-01-22,,exper2_11
,1.3784635,Calibration,2004,2004-01-23,,exper2_11
,1.368376,Calibration,2004,2004-01-24,,exper2_11
,1.504113,Calibration,2004,2004-01-25,,exper2_11
,1.7667027,Calibration,2004,2004-01-26,,exper2_11
,1.9462885,Calibration,2004,2004-01-27,,exper2_11
,1.8483658,Calibration,2004,2004-01-28,,exper2_11
,1.4347292,Calibration,2004,2004-01-29,,exper2_11
,1.2244173,Calibration,2004,2004-01-30,,exper2_11
,1.5614928,Calibration,2004,2004-01-31,,exper2_11
,0.22367264,Calibration,2004,2004-02-01,,exper2_11
,0.2646222,Calibration,2004,2004-02-02,,exper2_11
,1.1537197,Calibration,2004,2004-02-03,,exper2_11
,2.4771347,Calibration,2004,2004-02-04,,exper2_11
,1.9394639,Calibration,2004,2004-02-05,,exper2_11
,2.0729604,Calibration,2004,2004-02-06,,exper2_11
,2.1818306,Calibration,2004,2004-02-07,,exper2_11
,1.9172755,Calibration,2004,2004-02-08,,exper2_11
,2.0699255,Calibration,2004,2004-02-09,,exper2_11
,2.2651608,Calibration,2004,2004-02-10,,exper2_11
,2.2282567,Calibration,2004,2004-02-11,,exper2_11
,2.3105528,Calibration,2004,2004-02-12,,exper2_11
,2.802936,Calibration,2004,2004-02-13,,exper2_11
,3.073884,Calibration,2004,2004-02-14,,exper2_11
,3.251269,Calibration,2004,2004-02-15,,exper2_11
,2.712782,Calibration,2004,2004-02-16,,exper2_11
,2.2393079,Calibration,2004,2004-02-17,,exper2_11
,2.1131475,Calibration,2004,2004-02-18,,exper2_11
,2.3493905,Calibration,2004,2004-02-19,,exper2_11
,1.2364956,Calibration,2004,2004-02-20,,exper2_11
,2.3950746,Calibration,2004,2004-02-21,,exper2_11
,2.6215663,Calibration,2004,2004-02-22,,exper2_11
,2.6699533,Calibration,2004,2004-02-23,,exper2_11
,2.7452612,Calibration,2004,2004-02-24,,exper2_11
,2.8712904,Calibration,2004,2004-02-25,,exper2_11
,3.6021998,Calibration,2004,2004-02-26,,exper2_11
,3.4769812,Calibration,2004,2004-02-27,,exper2_11
,3.2703345,Calibration,2004,2004-02-28,,exper2_11
,3.1293404,Calibration,2004,2004-02-29,,exper2_11
,0.6277529,Calibration,2004,2004-03-01,,exper2_11
,1.0645796,Calibration,2004,2004-03-02,,exper2_11
,2.1171246,Calibration,2004,2004-03-03,,exper2_11
,2.5222747,Calibration,2004,2004-03-04,,exper2_11
,2.0797381,Calibration,2004,2004-03-05,,exper2_11
,2.640504,Calibration,2004,2004-03-06,,exper2_11
,2.6421468,Calibration,2004,2004-03-07,,exper2_11
,3.3848536,Calibration,2004,2004-03-08,,exper2_11
,3.8098135,Calibration,2004,2004-03-09,,exper2_11
,3.3419087,Calibration,2004,2004-03-10,,exper2_11
,3.2411897,Calibration,2004,2004-03-11,,exper2_11
,3.6792116,Calibration,2004,2004-03-12,,exper2_11
,2.6324258,Calibration,2004,2004-03-13,,exper2_11
,2.824169,Calibration,2004,2004-03-14,,exper2_11
,3.8542285,Calibration,2004,2004-03-15,,exper2_11
,3.8418555,Calibration,2004,2004-03-16,,exper2_11
,3.198515,Calibration,2004,2004-03-17,,exper2_11
,3.3105521,Calibration,2004,2004-03-18,,exper2_11
,3.3074694,Calibration,2004,2004-03-19,,exper2_11
,2.9139578,Calibration,2004,2004-03-20,,exper2_11
,3.881941,Calibration,2004,2004-03-21,,exper2_11
,3.8613415,Calibration,2004,2004-03-22,,exper2_11
,3.8311024,Calibration,2004,2004-03-23,,exper2_11
,3.3099089,Calibration,2004,2004-03-24,,exper2_11
,2.659743,Calibration,2004,2004-03-25,,exper2_11
,3.3303723,Calibration,2004,2004-03-26,,exper2_11
,3.3735697,Calibration,2004,2004-03-27,,exper2_11
,2.8581128,Calibration,2004,2004-03-28,,exper2_11
,3.1614711,Calibration,2004,2004-03-29,,exper2_11
,3.7166553,Calibration,2004,2004-03-30,,exper2_11
,4.1952124,Calibration,2004,2004-03-31,,exper2_11
,4.2335553,Calibration,2004,2004-04-01,,exper2_11
,4.219263,Calibration,2004,2004-04-02,,exper2_11
,3.3644888,Calibration,2004,2004-04-03,,exper2_11
,3.497741,Calibration,2004,2004-04-04,,exper2_11
,4.018495,Calibration,2004,2004-04-05,,exper2_11
,3.9713936,Calibration,2004,2004-04-06,,exper2_11
,3.3625677,Calibration,2004,2004-04-07,,exper2_11
,2.8512285,Calibration,2004,2004-04-08,,exper2_11
,3.5178227,Calibration,2004,2004-04-09,,exper2_11
,3.8530936,Calibration,2004,2004-04-10,,exper2_11
,3.5534415,Calibration,2004,2004-04-11,,exper2_11
,3.7374356,Calibration,2004,2004-04-12,,exper2_11
,4.207615,Calibration,2004,2004-04-13,,exper2_11
,3.462996,Calibration,2004,2004-04-14,,exper2_11
,4.099994,Calibration,2004,2004-04-15,,exper2_11
,3.7836223,Calibration,2004,2004-04-16,,exper2_11
,3.97331,Calibration,2004,2004-04-17,,exper2_11
,4.2678323,Calibration,2004,2004-04-18,,exper2_11
,4.14548,Calibration,2004,2004-04-19,,exper2_11
,4.2931347,Calibration,2004,2004-04-20,,exper2_11
,4.3221984,Calibration,2004,2004-04-21,,exper2_11
,5.0423493,Calibration,2004,2004-04-22,,exper2_11
,4.283667,Calibration,2004,2004-04-23,,exper2_11
,5.51221,Calibration,2004,2004-04-24,,exper2_11
,4.8429227,Calibration,2004,2004-04-25,,exper2_11
,4.46399,Calibration,2004,2004-04-26,,exper2_11
,5.3848753,Calibration,2004,2004-04-27,,exper2_11
,4.932996,Calibration,2004,2004-04-28,,exper2_11
,4.3349485,Calibration,2004,2004-04-29,,exper2_11
,4.530007,Calibration,2004,2004-04-30,,exper2_11
,5.4551487,Calibration,2004,2004-05-01,,exper2_11
,6.0023746,Calibration,2004,2004-05-02,,exper2_11
,6.242017,Calibration,2004,2004-05-03,,exper2_11
,4.9777546,Calibration,2004,2004-05-04,,exper2_11
,6.2961354,Calibration,2004,2004-05-05,,exper2_11
,5.6457973,Calibration,2004,2004-05-06,,exper2_11
,6.687666,Calibration,2004,2004-05-07,,exper2_11
,6.2519236,Calibration,2004,2004-05-08,,exper2_11
,6.2299356,Calibration,2004,2004-05-09,,exper2_11
,6.5791388,Calibration,2004,2004-05-10,,exper2_11
,7.450945,Calibration,2004,2004-05-11,,exper2_11
,6.103197,Calibration,2004,2004-05-12,,exper2_11
,6.367095,Calibration,2004,2004-05-13,,exper2_11
,6.413746,Calibration,2004,2004-05-14,,exper2_11
,8.162893,Calibration,2004,2004-05-15,,exper2_11
,7.7575626,Calibration,2004,2004-05-16,,exper2_11
,7.106762,Calibration,2004,2004-05-17,,exper2_11
,8.71918,Calibration,2004,2004-05-18,,exper2_11
,9.192718,Calibration,2004,2004-05-19,,exper2_11
,9.4533415,Calibration,2004,2004-05-20,,exper2_11
10.450000000000045,10.842172,Calibration,2004,2004-05-21,0.01841858477860953,exper2_11
10.439999999999998,9.323271,Calibration,2004,2004-05-22,-0.05650528263766954,exper2_11
10.075000000000045,8.801801,Calibration,2004,2004-05-23,-0.06744783136253436,exper2_11
9.930000000000007,8.216957,Calibration,2004,2004-05-24,-0.09439835554816617,exper2_11
9.990000000000009,10.170153,Calibration,2004,2004-05-25,0.008936076387189794,exper2_11
10.545000000000016,11.046012,Calibration,2004,2004-05-26,0.02320465231041201,exper2_11
10.510000000000048,10.009728,Calibration,2004,2004-05-27,-0.024380028710589516,exper2_11
11.345000000000027,11.579416,Calibration,2004,2004-05-28,0.010225615876630945,exper2_11
11.145000000000039,12.073119,Calibration,2004,2004-05-29,0.03997391679217774,exper2_11
10.875,12.617171,Calibration,2004,2004-05-30,0.07415965370816537,exper2_11
10.950000000000045,12.987946,Calibration,2004,2004-05-31,0.08513452216768157,exper2_11
11.265000000000043,13.0358305,Calibration,2004,2004-06-01,0.07287119252595989,exper2_11
11.560000000000002,14.083697,Calibration,2004,2004-06-02,0.09841394115808202,exper2_11
12.885000000000048,14.566655,Calibration,2004,2004-06-03,0.061258789288171994,exper2_11
15.425000000000011,15.124812,Calibration,2004,2004-06-04,-0.009826177411523057,exper2_11
13.600000000000023,16.609016,Calibration,2004,2004-06-05,0.0996065670187979,exper2_11
16.814999999999998,15.752898,Calibration,2004,2004-06-06,-0.03261192284194057,exper2_11
14.850000000000023,16.315924,Calibration,2004,2004-06-07,0.0470361060156481,exper2_11
16.339999999999975,16.502234,Calibration,2004,2004-06-08,0.004939782954259781,exper2_11
15.160000000000025,14.431765,Calibration,2004,2004-06-09,-0.024609394103973194,exper2_11
15.575000000000045,14.490495,Calibration,2004,2004-06-10,-0.036071426122201045,exper2_11
15.29000000000002,15.786847,Calibration,2004,2004-06-11,0.015987693755784477,exper2_11
16.135000000000048,15.937215,Calibration,2004,2004-06-12,-0.006166869034058818,exper2_11
16.735000000000014,17.168398,Calibration,2004,2004-06-13,0.012783317609541548,exper2_11
16.814999999999998,17.509552,Calibration,2004,2004-06-14,0.02023484536414652,exper2_11
17.230000000000018,17.147947,Calibration,2004,2004-06-15,-0.0023867826620188686,exper2_11
17.94500000000005,18.094156,Calibration,2004,2004-06-16,0.004138728003533292,exper2_11
18.314999999999998,18.141066,Calibration,2004,2004-06-17,-0.004771068946002298,exper2_11
17.45500000000004,17.219591,Calibration,2004,2004-06-18,-0.006789088249012831,exper2_11
17.605000000000018,17.904463,Calibration,2004,2004-06-19,0.00843332426336165,exper2_11
17.57000000000005,18.13167,Calibration,2004,2004-06-20,0.015732317233275117,exper2_11
17.58000000000004,18.045088,Calibration,2004,2004-06-21,0.013055064362365455,exper2_11
17.410000000000025,17.449312,Calibration,2004,2004-06-22,0.0011277391202116653,exper2_11
17.370000000000005,17.92422,Calibration,2004,2004-06-23,0.01570283023985529,exper2_11
16.555000000000007,16.898027,Calibration,2004,2004-06-24,0.010254002298112122,exper2_11
16.279999999999973,18.581951,Calibration,2004,2004-06-25,0.06603047351031942,exper2_11
16.370000000000005,19.236555,Calibration,2004,2004-06-26,0.08050638685708113,exper2_11
16.54000000000002,19.539637,Calibration,2004,2004-06-27,0.08313932438404598,exper2_11
16.77000000000004,18.528822,Calibration,2004,2004-06-28,0.049826647130642665,exper2_11
18.45500000000004,19.003435,Calibration,2004,2004-06-29,0.014641165145119938,exper2_11
18.27000000000004,19.342709,Calibration,2004,2004-06-30,0.02851984416774401,exper2_11
18.149999999999977,18.888697,Calibration,2004,2004-07-01,0.01994391641539462,exper2_11
19.399999999999977,19.723127,Calibration,2004,2004-07-02,0.0082592417036802,exper2_11
19.92500000000001,20.08317,Calibration,2004,2004-07-03,0.003953440944245026,exper2_11
18.80000000000001,18.214544,Calibration,2004,2004-07-04,-0.01581690967338059,exper2_11
18.720000000000027,19.027643,Calibration,2004,2004-07-05,0.008149997658791078,exper2_11
17.885000000000048,18.308155,Calibration,2004,2004-07-06,0.011691577015462718,exper2_11
17.360000000000014,18.21696,Calibration,2004,2004-07-07,0.024087524204863115,exper2_11
17.310000000000002,18.634535,Calibration,2004,2004-07-08,0.03684940817472063,exper2_11
18.32000000000005,18.99393,Calibration,2004,2004-07-09,0.018061104844778648,exper2_11
19.154999999999973,18.771925,Calibration,2004,2004-07-10,-0.010100345011972565,exper2_11
19.640000000000043,19.46774,Calibration,2004,2004-07-11,-0.00440477764035253,exper2_11
21.760000000000048,20.00652,Calibration,2004,2004-07-12,-0.04198292582243169,exper2_11
20.410000000000025,20.118494,Calibration,2004,2004-07-13,-0.007192617765252784,exper2_11
20.125,20.33129,Calibration,2004,2004-07-14,0.005099066053637809,exper2_11
21.24000000000001,21.112392,Calibration,2004,2004-07-15,-0.003012995657500484,exper2_11
20.085000000000036,20.874441,Calibration,2004,2004-07-16,0.019273728467636815,exper2_11
20.625,20.490469,Calibration,2004,2004-07-17,-0.003272029347087426,exper2_11
21.274999999999977,21.117147,Calibration,2004,2004-07-18,-0.003723627224205583,exper2_11
22.140000000000043,21.076174,Calibration,2004,2004-07-19,-0.02461639068301605,exper2_11
23.05000000000001,21.120098,Calibration,2004,2004-07-20,-0.0436924971505564,exper2_11
23.16500000000002,21.080679,Calibration,2004,2004-07-21,-0.047107900932329874,exper2_11
21.855000000000018,21.09831,Calibration,2004,2004-07-22,-0.01761655902953566,exper2_11
21.404999999999973,21.11033,Calibration,2004,2004-07-23,-0.006930897967944099,exper2_11
21.670000000000016,21.13104,Calibration,2004,2004-07-24,-0.012592203826426956,exper2_11
21.730000000000018,21.921537,Calibration,2004,2004-07-25,0.004387872929650367,exper2_11
22.54000000000002,21.596666,Calibration,2004,2004-07-26,-0.021373015731587956,exper2_11
22.54000000000002,22.57332,Calibration,2004,2004-07-27,0.0007385931362791365,exper2_11
21.825000000000045,22.301111,Calibration,2004,2004-07-28,0.01078978428272335,exper2_11
21.774999999999977,22.186686,Calibration,2004,2004-07-29,0.009364644618822705,exper2_11
21.910000000000025,22.28644,Calibration,2004,2004-07-30,0.008517425759152148,exper2_11
21.605000000000018,22.174097,Calibration,2004,2004-07-31,0.012999287316552184,exper2_11
22.325000000000045,22.13411,Calibration,2004,2004-08-01,-0.004293619577385187,exper2_11
23.095000000000027,22.069801,Calibration,2004,2004-08-02,-0.022699062970078683,exper2_11
22.160000000000025,22.017433,Calibration,2004,2004-08-03,-0.003227141625879145,exper2_11
21.620000000000005,21.967695,Calibration,2004,2004-08-04,0.007976912619991837,exper2_11
21.585000000000036,21.96197,Calibration,2004,2004-08-05,0.008656615627112887,exper2_11
21.404999999999973,22.605816,Calibration,2004,2004-08-06,0.027284563197420505,exper2_11
21.235000000000014,21.925089,Calibration,2004,2004-08-07,0.015989051466641962,exper2_11
21.075000000000045,20.954388,Calibration,2004,2004-08-08,-0.002869714309593713,exper2_11
20.86500000000001,20.906036,Calibration,2004,2004-08-09,0.0009824122289615353,exper2_11
19.930000000000007,20.073248,Calibration,2004,2004-08-10,0.0035809069770984425,exper2_11
19.035000000000025,19.322176,Calibration,2004,2004-08-11,0.007486890582530331,exper2_11
18.700000000000045,19.478153,Calibration,2004,2004-08-12,0.020382160030033434,exper2_11
18.654999999999973,19.696459,Calibration,2004,2004-08-13,0.027155650623634453,exper2_11
19.385000000000048,19.906054,Calibration,2004,2004-08-14,0.013261378764489688,exper2_11
18.980000000000018,20.090452,Calibration,2004,2004-08-15,0.02842179017263334,exper2_11
18.629999999999995,19.46922,Calibration,2004,2004-08-16,0.02202720226856157,exper2_11
18.91500000000002,19.652014,Calibration,2004,2004-08-17,0.019109951911646373,exper2_11
18.339999999999975,19.846846,Calibration,2004,2004-08-18,0.03945980879269935,exper2_11
17.964999999999975,19.875185,Calibration,2004,2004-08-19,0.050480329632912296,exper2_11
17.839999999999975,20.27493,Calibration,2004,2004-08-20,0.06388386670356716,exper2_11
17.77000000000004,20.261068,Calibration,2004,2004-08-21,0.06550087737678721,exper2_11
17.70500000000004,20.40815,Calibration,2004,2004-08-22,0.07092433291793188,exper2_11
17.67500000000001,20.508532,Calibration,2004,2004-08-23,0.07420821107675006,exper2_11
17.850000000000023,19.837967,Calibration,2004,2004-08-24,0.05274805412615559,exper2_11
18.305000000000007,19.23826,Calibration,2004,2004-08-25,0.024858263839476286,exper2_11
18.399999999999977,18.980799,Calibration,2004,2004-08-26,0.01553735450233557,exper2_11
18.69500000000005,19.258427,Calibration,2004,2004-08-27,0.014845212033531502,exper2_11
18.075000000000045,18.810896,Calibration,2004,2004-08-28,0.01995060446409654,exper2_11
17.970000000000027,19.12813,Calibration,2004,2004-08-29,0.031218014503238647,exper2_11
18.154999999999973,18.734274,Calibration,2004,2004-08-30,0.015703044519866628,exper2_11
18.170000000000016,19.02919,Calibration,2004,2004-08-31,0.023097009962056363,exper2_11
17.964999999999975,18.678225,Calibration,2004,2004-09-01,0.019464022942652686,exper2_11
18.75,19.025602,Calibration,2004,2004-09-02,0.007295776205302673,exper2_11
19.39500000000004,19.330334,Calibration,2004,2004-09-03,-0.0016698704462555973,exper2_11
19.83000000000004,19.60172,Calibration,2004,2004-09-04,-0.005789227184982312,exper2_11
19.585000000000036,19.581795,Calibration,2004,2004-09-05,-8.183618935078126e-05,exper2_11
19.05000000000001,19.425045,Calibration,2004,2004-09-06,0.00974774722932313,exper2_11
18.339999999999975,18.946287,Calibration,2004,2004-09-07,0.016260325213625613,exper2_11
18.16500000000002,18.586237,Calibration,2004,2004-09-08,0.011461844243925969,exper2_11
18.589999999999975,18.93125,Calibration,2004,2004-09-09,0.009094836179490378,exper2_11
18.230000000000018,19.249685,Calibration,2004,2004-09-10,0.027206346041979995,exper2_11
18.69500000000005,19.193556,Calibration,2004,2004-09-11,0.013158480732835235,exper2_11
18.80000000000001,18.92801,Calibration,2004,2004-09-12,0.003392994683802811,exper2_11
18.575000000000045,19.235441,Calibration,2004,2004-09-13,0.017467164803883706,exper2_11
18.680000000000007,18.803972,Calibration,2004,2004-09-14,0.003307340093382544,exper2_11
18.064999999999998,18.437521,Calibration,2004,2004-09-15,0.010205349406703968,exper2_11
17.735000000000014,17.934572,Calibration,2004,2004-09-16,0.005595027005610273,exper2_11
17.589999999999975,17.089941,Calibration,2004,2004-09-17,-0.014419256793498834,exper2_11
17.845000000000027,17.161213,Calibration,2004,2004-09-18,-0.019533306284738507,exper2_11
17.640000000000043,17.377735,Calibration,2004,2004-09-19,-0.0074894867137321715,exper2_11
17.52000000000004,17.612936,Calibration,2004,2004-09-20,0.0026452676726131876,exper2_11
17.930000000000007,17.82253,Calibration,2004,2004-09-21,-0.003005920176732858,exper2_11
18.089999999999975,17.934595,Calibration,2004,2004-09-22,-0.004313855339712025,exper2_11
18.055000000000007,18.08073,Calibration,2004,2004-09-23,0.0007120497612853471,exper2_11
17.390000000000043,17.596483,Calibration,2004,2004-09-24,0.005901800110341926,exper2_11
17.485000000000014,17.6187,Calibration,2004,2004-09-25,0.0038087161000463516,exper2_11
17.460000000000036,17.758177,Calibration,2004,2004-09-26,0.00846655990319309,exper2_11
17.089999999999975,17.308952,Calibration,2004,2004-09-27,0.006365087210584032,exper2_11
16.82000000000005,17.020735,Calibration,2004,2004-09-28,0.005931750248651292,exper2_11
16.74000000000001,17.035295,Calibration,2004,2004-09-29,0.008742943094862081,exper2_11
16.5,16.637152,Calibration,2004,2004-09-30,0.004138910890901044,exper2_11
15.899999999999977,16.295675,Calibration,2004,2004-10-01,0.012289702709976142,exper2_11
15.240000000000009,15.521838,Calibration,2004,2004-10-02,0.009161942353618863,exper2_11
14.685000000000002,15.572404,Calibration,2004,2004-10-03,0.029328488011749806,exper2_11
14.0,14.324325,Calibration,2004,2004-10-04,0.011450391574711921,exper2_11
13.754999999999995,13.718852,Calibration,2004,2004-10-05,-0.0013157221925547294,exper2_11
13.850000000000023,14.417567,Calibration,2004,2004-10-06,0.02007839047593563,exper2_11
13.69500000000005,14.410599,Calibration,2004,2004-10-07,0.0254610748955647,exper2_11
13.620000000000005,14.355544,Calibration,2004,2004-10-08,0.02629239624071477,exper2_11
13.350000000000023,14.282136,Calibration,2004,2004-10-09,0.033733764363103394,exper2_11
13.710000000000036,14.080233,Calibration,2004,2004-10-10,0.013322400906050186,exper2_11
13.470000000000027,13.990398,Calibration,2004,2004-10-11,0.018950868784557443,exper2_11
,14.014483,Calibration,2004,2004-10-12,,exper2_11
,13.848968,Calibration,2004,2004-10-13,,exper2_11
,12.961941,Calibration,2004,2004-10-14,,exper2_11
,12.336003,Calibration,2004,2004-10-15,,exper2_11
,11.7658205,Calibration,2004,2004-10-16,,exper2_11
,11.34982,Calibration,2004,2004-10-17,,exper2_11
,11.034807,Calibration,2004,2004-10-18,,exper2_11
,10.755007,Calibration,2004,2004-10-19,,exper2_11
,11.254864,Calibration,2004,2004-10-20,,exper2_11
,10.423789,Calibration,2004,2004-10-21,,exper2_11
,10.073346,Calibration,2004,2004-10-22,,exper2_11
,10.977116,Calibration,2004,2004-10-23,,exper2_11
,11.195355,Calibration,2004,2004-10-24,,exper2_11
10.200000000000045,10.777598,Calibration,2004,2004-10-25,0.027534056594600988,exper2_11
10.050000000000011,10.016373,Calibration,2004,2004-10-26,-0.0016758045846697596,exper2_11
9.930000000000007,9.685921,Calibration,2004,2004-10-27,-0.012442917577516527,exper2_11
9.855000000000018,9.506214,Calibration,2004,2004-10-28,-0.018014668687563257,exper2_11
,10.4794035,Calibration,2004,2004-10-29,,exper2_11
,10.781421,Calibration,2004,2004-10-30,,exper2_11
,9.702146,Calibration,2004,2004-10-31,,exper2_11
,9.364504,Calibration,2004,2004-11-01,,exper2_11
,9.102603,Calibration,2004,2004-11-02,,exper2_11
,8.885283,Calibration,2004,2004-11-03,,exper2_11
,8.6974945,Calibration,2004,2004-11-04,,exper2_11
,8.532874,Calibration,2004,2004-11-05,,exper2_11
,8.388939,Calibration,2004,2004-11-06,,exper2_11
,8.259062,Calibration,2004,2004-11-07,,exper2_11
,7.8397374,Calibration,2004,2004-11-08,,exper2_11
,7.9417267,Calibration,2004,2004-11-09,,exper2_11
,7.8894763,Calibration,2004,2004-11-10,,exper2_11
,7.702093,Calibration,2004,2004-11-11,,exper2_11
,5.6313915,Calibration,2004,2004-11-12,,exper2_11
,5.0529895,Calibration,2004,2004-11-13,,exper2_11
,6.5516562,Calibration,2004,2004-11-14,,exper2_11
,6.911826,Calibration,2004,2004-11-15,,exper2_11
,7.0212946,Calibration,2004,2004-11-16,,exper2_11
,7.080208,Calibration,2004,2004-11-17,,exper2_11
,7.075754,Calibration,2004,2004-11-18,,exper2_11
,6.5237255,Calibration,2004,2004-11-19,,exper2_11
,6.9486337,Calibration,2004,2004-11-20,,exper2_11
,4.8059063,Calibration,2004,2004-11-21,,exper2_11
,4.3726196,Calibration,2004,2004-11-22,,exper2_11
,4.6191416,Calibration,2004,2004-11-23,,exper2_11
,4.264624,Calibration,2004,2004-11-24,,exper2_11
,4.2036095,Calibration,2004,2004-11-25,,exper2_11
,4.184781,Calibration,2004,2004-11-26,,exper2_11
,6.1179576,Calibration,2004,2004-11-27,,exper2_11
,4.5908756,Calibration,2004,2004-11-28,,exper2_11
,4.234587,Calibration,2004,2004-11-29,,exper2_11
,4.178206,Calibration,2004,2004-11-30,,exper2_11
,4.1664233,Calibration,2004,2004-12-01,,exper2_11
,4.163032,Calibration,2004,2004-12-02,,exper2_11
,4.161534,Calibration,2004,2004-12-03,,exper2_11
,4.7046404,Calibration,2004,2004-12-04,,exper2_11
,4.229902,Calibration,2004,2004-12-05,,exper2_11
,4.172472,Calibration,2004,2004-12-06,,exper2_11
,5.3337855,Calibration,2004,2004-12-07,,exper2_11
,4.630943,Calibration,2004,2004-12-08,,exper2_11
,4.251196,Calibration,2004,2004-12-09,,exper2_11
,5.764926,Calibration,2004,2004-12-10,,exper2_11
,4.383838,Calibration,2004,2004-12-11,,exper2_11
,4.2361956,Calibration,2004,2004-12-12,,exper2_11
,4.1714225,Calibration,2004,2004-12-13,,exper2_11
,4.1614757,Calibration,2004,2004-12-14,,exper2_11
,4.159598,Calibration,2004,2004-12-15,,exper2_11
,4.1590385,Calibration,2004,2004-12-16,,exper2_11
,4.1586175,Calibration,2004,2004-12-17,,exper2_11
,4.1581926,Calibration,2004,2004-12-18,,exper2_11
,4.157776,Calibration,2004,2004-12-19,,exper2_11
,4.1574035,Calibration,2004,2004-12-20,,exper2_11
,4.1570864,Calibration,2004,2004-12-21,,exper2_11
,4.156826,Calibration,2004,2004-12-22,,exper2_11
,4.156619,Calibration,2004,2004-12-23,,exper2_11
,4.156457,Calibration,2004,2004-12-24,,exper2_11
,4.15633,Calibration,2004,2004-12-25,,exper2_11
,1.6210177,Calibration,2004,2004-12-26,,exper2_11
,1.3591609,Calibration,2004,2004-12-27,,exper2_11
,1.2923162,Calibration,2004,2004-12-28,,exper2_11
,1.3302181,Calibration,2004,2004-12-29,,exper2_11
,1.577631,Calibration,2004,2004-12-30,,exper2_11
,1.7584321,Calibration,2004,2004-12-31,,exper2_11
,1.3119562,Calibration,2005,2005-01-01,,exper2_11
,2.159873,Calibration,2005,2005-01-02,,exper2_11
,2.5892248,Calibration,2005,2005-01-03,,exper2_11
,2.3821445,Calibration,2005,2005-01-04,,exper2_11
,2.353112,Calibration,2005,2005-01-05,,exper2_11
,1.9179801,Calibration,2005,2005-01-06,,exper2_11
,2.0932784,Calibration,2005,2005-01-07,,exper2_11
,2.0568159,Calibration,2005,2005-01-08,,exper2_11
,0.57333404,Calibration,2005,2005-01-09,,exper2_11
,1.4054173,Calibration,2005,2005-01-10,,exper2_11
,1.7926798,Calibration,2005,2005-01-11,,exper2_11
,0.3006668,Calibration,2005,2005-01-12,,exper2_11
,1.1527646,Calibration,2005,2005-01-13,,exper2_11
,0.78910273,Calibration,2005,2005-01-14,,exper2_11
,0.50364417,Calibration,2005,2005-01-15,,exper2_11
,0.4360478,Calibration,2005,2005-01-16,,exper2_11
,0.43649822,Calibration,2005,2005-01-17,,exper2_11
,0.01,Calibration,2005,2005-01-18,,exper2_11
,0.80067945,Calibration,2005,2005-01-19,,exper2_11
,0.37630725,Calibration,2005,2005-01-20,,exper2_11
,0.28071058,Calibration,2005,2005-01-21,,exper2_11
,0.75426143,Calibration,2005,2005-01-22,,exper2_11
,1.4084239,Calibration,2005,2005-01-23,,exper2_11
,1.6160276,Calibration,2005,2005-01-24,,exper2_11
,1.2030708,Calibration,2005,2005-01-25,,exper2_11
,1.9088454,Calibration,2005,2005-01-26,,exper2_11
,2.1540775,Calibration,2005,2005-01-27,,exper2_11
,1.8490494,Calibration,2005,2005-01-28,,exper2_11
,2.157947,Calibration,2005,2005-01-29,,exper2_11
,0.83518296,Calibration,2005,2005-01-30,,exper2_11
,0.5901321,Calibration,2005,2005-01-31,,exper2_11
,0.52910215,Calibration,2005,2005-02-01,,exper2_11
,1.2563286,Calibration,2005,2005-02-02,,exper2_11
,2.090003,Calibration,2005,2005-02-03,,exper2_11
,2.3110697,Calibration,2005,2005-02-04,,exper2_11
,2.3161368,Calibration,2005,2005-02-05,,exper2_11
,0.40014982,Calibration,2005,2005-02-06,,exper2_11
,0.4819793,Calibration,2005,2005-02-07,,exper2_11
,1.143734,Calibration,2005,2005-02-08,,exper2_11
,1.6859237,Calibration,2005,2005-02-09,,exper2_11
,2.915519,Calibration,2005,2005-02-10,,exper2_11
,2.3312907,Calibration,2005,2005-02-11,,exper2_11
,2.42973,Calibration,2005,2005-02-12,,exper2_11
,2.4419084,Calibration,2005,2005-02-13,,exper2_11
,2.3272538,Calibration,2005,2005-02-14,,exper2_11
,2.676805,Calibration,2005,2005-02-15,,exper2_11
,3.397799,Calibration,2005,2005-02-16,,exper2_11
,3.3890386,Calibration,2005,2005-02-17,,exper2_11
,3.3946624,Calibration,2005,2005-02-18,,exper2_11
,3.3728213,Calibration,2005,2005-02-19,,exper2_11
,2.4817822,Calibration,2005,2005-02-20,,exper2_11
,2.4147105,Calibration,2005,2005-02-21,,exper2_11
,2.3436232,Calibration,2005,2005-02-22,,exper2_11
,2.8990023,Calibration,2005,2005-02-23,,exper2_11
,3.1182048,Calibration,2005,2005-02-24,,exper2_11
,3.127056,Calibration,2005,2005-02-25,,exper2_11
,3.5774615,Calibration,2005,2005-02-26,,exper2_11
,2.311673,Calibration,2005,2005-02-27,,exper2_11
,2.5258756,Calibration,2005,2005-02-28,,exper2_11
,3.4046676,Calibration,2005,2005-03-01,,exper2_11
,3.7053466,Calibration,2005,2005-03-02,,exper2_11
,3.69702,Calibration,2005,2005-03-03,,exper2_11
,3.137049,Calibration,2005,2005-03-04,,exper2_11
,3.5098789,Calibration,2005,2005-03-05,,exper2_11
,3.2065399,Calibration,2005,2005-03-06,,exper2_11
,3.1896138,Calibration,2005,2005-03-07,,exper2_11
,3.5464032,Calibration,2005,2005-03-08,,exper2_11
,3.578115,Calibration,2005,2005-03-09,,exper2_11
,2.5340652,Calibration,2005,2005-03-10,,exper2_11
,3.1433003,Calibration,2005,2005-03-11,,exper2_11
,3.609384,Calibration,2005,2005-03-12,,exper2_11
,3.6308455,Calibration,2005,2005-03-13,,exper2_11
,3.465972,Calibration,2005,2005-03-14,,exper2_11
,3.1771495,Calibration,2005,2005-03-15,,exper2_11
,3.1522212,Calibration,2005,2005-03-16,,exper2_11
,3.1858637,Calibration,2005,2005-03-17,,exper2_11
,3.2882314,Calibration,2005,2005-03-18,,exper2_11
,3.1192346,Calibration,2005,2005-03-19,,exper2_11
,3.191116,Calibration,2005,2005-03-20,,exper2_11
,3.5623708,Calibration,2005,2005-03-21,,exper2_11
,3.7528687,Calibration,2005,2005-03-22,,exper2_11
,3.6978388,Calibration,2005,2005-03-23,,exper2_11
,3.2208805,Calibration,2005,2005-03-24,,exper2_11
,3.6756587,Calibration,2005,2005-03-25,,exper2_11
,3.9601393,Calibration,2005,2005-03-26,,exper2_11
,3.7363799,Calibration,2005,2005-03-27,,exper2_11
,3.7699332,Calibration,2005,2005-03-28,,exper2_11
,3.4794774,Calibration,2005,2005-03-29,,exper2_11
,3.6587932,Calibration,2005,2005-03-30,,exper2_11
,2.9853368,Calibration,2005,2005-03-31,,exper2_11
,3.7169466,Calibration,2005,2005-04-01,,exper2_11
,4.0544434,Calibration,2005,2005-04-02,,exper2_11
,4.233903,Calibration,2005,2005-04-03,,exper2_11
,3.5017283,Calibration,2005,2005-04-04,,exper2_11
,3.6986248,Calibration,2005,2005-04-05,,exper2_11
2.187000000000012,3.4103422,Calibration,2005,2005-04-06,0.21855769563048996,exper2_11
3.462000000000046,4.4449167,Calibration,2005,2005-04-07,0.12431100001738196,exper2_11
3.187000000000012,4.3793335,Calibration,2005,2005-04-08,0.15758405266028772,exper2_11
4.18100000000004,4.3236504,Calibration,2005,2005-04-09,0.01677321865887728,exper2_11
2.5260000000000105,4.279435,Calibration,2005,2005-04-10,0.2576521731710857,exper2_11
2.5930000000000177,3.9616933,Calibration,2005,2005-04-11,0.2088111871888871,exper2_11
2.714999999999975,4.425867,Calibration,2005,2005-04-12,0.2395881426382126,exper2_11
2.8740000000000236,4.52745,Calibration,2005,2005-04-13,0.2233954246489165,exper2_11
2.6055000000000064,4.440783,Calibration,2005,2005-04-14,0.26046115627577404,exper2_11
2.423500000000047,4.377606,Calibration,2005,2005-04-15,0.28732178846674056,exper2_11
1.1110000000000468,4.7845635,Calibration,2005,2005-04-16,0.6231064283520945,exper2_11
2.7350000000000136,5.1096144,Calibration,2005,2005-04-17,0.3027063230351343,exper2_11
4.079000000000008,4.9085298,Calibration,2005,2005-04-18,0.09229785945054957,exper2_11
5.1924999999999955,4.5048647,Calibration,2005,2005-04-19,-0.0709095026435892,exper2_11
4.3945000000000505,4.9153814,Calibration,2005,2005-04-20,0.05594930885077444,exper2_11
5.6370000000000005,5.2434855,Calibration,2005,2005-04-21,-0.036167002937211826,exper2_11
5.064999999999998,4.207818,Calibration,2005,2005-04-22,-0.09244028792483167,exper2_11
4.490000000000009,5.308299,Calibration,2005,2005-04-23,0.08351439971755961,exper2_11
4.511000000000024,5.091566,Calibration,2005,2005-04-24,0.060459473085324116,exper2_11
4.657000000000039,4.4515643,Calibration,2005,2005-04-25,-0.022554123897287694,exper2_11
4.9375,4.438378,Calibration,2005,2005-04-26,-0.05323471043386288,exper2_11
5.064000000000021,4.407412,Calibration,2005,2005-04-27,-0.0693231319923537,exper2_11
5.004000000000019,4.2746983,Calibration,2005,2005-04-28,-0.07859957531957172,exper2_11
5.038000000000011,4.21178,Calibration,2005,2005-04-29,-0.08932319713295062,exper2_11
5.117500000000007,4.4730825,Calibration,2005,2005-04-30,-0.06719273357278299,exper2_11
5.1410000000000196,4.44594,Calibration,2005,2005-05-01,-0.07250071253356609,exper2_11
5.1410000000000196,4.18184,Calibration,2005,2005-05-02,-0.10288281928459483,exper2_11
5.2760000000000105,5.6483383,Calibration,2005,2005-05-03,0.034083374849529856,exper2_11
5.520000000000039,6.145276,Calibration,2005,2005-05-04,0.05360148066005517,exper2_11
5.708500000000015,5.9697285,Calibration,2005,2005-05-05,0.022368843915245254,exper2_11
6.516999999999996,5.4121714,Calibration,2005,2005-05-06,-0.09261570669688655,exper2_11
6.771000000000015,6.2872753,Calibration,2005,2005-05-07,-0.03704353553781232,exper2_11
6.890000000000043,5.127434,Calibration,2005,2005-05-08,-0.14666743797990525,exper2_11
7.4809999999999945,5.96445,Calibration,2005,2005-05-09,-0.11279281323756367,exper2_11
7.956000000000017,6.1260858,Calibration,2005,2005-05-10,-0.12994625037871455,exper2_11
7.5674999999999955,6.7454796,Calibration,2005,2005-05-11,-0.0574318164467718,exper2_11
7.421000000000049,8.708119,Calibration,2005,2005-05-12,0.07980097121742749,exper2_11
7.354499999999973,7.411828,Calibration,2005,2005-05-13,0.0038823491471416016,exper2_11
7.286000000000001,7.0616236,Calibration,2005,2005-05-14,-0.015638577744280825,exper2_11
7.170000000000016,7.2470627,Calibration,2005,2005-05-15,0.005345241593196241,exper2_11
7.455000000000041,8.233589,Calibration,2005,2005-05-16,0.049627736682326166,exper2_11
7.744500000000016,8.235476,Calibration,2005,2005-05-17,0.03072442375942243,exper2_11
7.834000000000003,9.655654,Calibration,2005,2005-05-18,0.10415608898781296,exper2_11
7.770000000000039,8.497682,Calibration,2005,2005-05-19,0.04473173466484477,exper2_11
8.907500000000027,9.34129,Calibration,2005,2005-05-20,0.023770916464709167,exper2_11
9.370000000000005,9.159072,Calibration,2005,2005-05-21,-0.011383628849962956,exper2_11
9.39100000000002,9.129512,Calibration,2005,2005-05-22,-0.014118841269844605,exper2_11
10.145000000000039,9.631427,Calibration,2005,2005-05-23,-0.02596895757177173,exper2_11
11.497500000000002,10.480416,Calibration,2005,2005-05-24,-0.04627753096793823,exper2_11
11.492000000000019,11.323325,Calibration,2005,2005-05-25,-0.007393050139437354,exper2_11
11.524000000000001,10.829019,Calibration,2005,2005-05-26,-0.031091165798444457,exper2_11
12.092499999999973,11.223376,Calibration,2005,2005-05-27,-0.03727604811731676,exper2_11
12.485000000000014,11.259582,Calibration,2005,2005-05-28,-0.05160833981194035,exper2_11
13.543499999999995,12.489745,Calibration,2005,2005-05-29,-0.04047727643074957,exper2_11
13.235000000000014,12.384904,Calibration,2005,2005-05-30,-0.033181080432004365,exper2_11
14.975000000000023,13.609141,Calibration,2005,2005-05-31,-0.04778379149099252,exper2_11
15.133000000000038,14.212291,Calibration,2005,2005-06-01,-0.03137502516346191,exper2_11
15.283000000000015,14.902175,Calibration,2005,2005-06-02,-0.012616294289806176,exper2_11
16.196000000000026,15.916369,Calibration,2005,2005-06-03,-0.008707876955857629,exper2_11
16.72800000000001,15.915737,Calibration,2005,2005-06-04,-0.024882654952028224,exper2_11
16.684500000000014,16.041431,Calibration,2005,2005-06-05,-0.019650122852346658,exper2_11
16.601,16.350294,Calibration,2005,2005-06-06,-0.007608377564166726,exper2_11
16.985500000000002,16.84115,Calibration,2005,2005-06-07,-0.004267336995398525,exper2_11
17.585000000000036,16.849913,Calibration,2005,2005-06-08,-0.02134715322728177,exper2_11
18.45500000000004,17.4084,Calibration,2005,2005-06-09,-0.029182967323008718,exper2_11
18.769000000000005,17.503004,Calibration,2005,2005-06-10,-0.034902839206709974,exper2_11
19.26950000000005,17.184896,Calibration,2005,2005-06-11,-0.057183871708036405,exper2_11
19.584000000000003,17.047573,Calibration,2005,2005-06-12,-0.06924155029314132,exper2_11
20.170500000000004,18.19493,Calibration,2005,2005-06-13,-0.051493517008381916,exper2_11
19.70550000000003,17.82252,Calibration,2005,2005-06-14,-0.050175328531475154,exper2_11
19.146000000000015,17.559603,Calibration,2005,2005-06-15,-0.043219485426285925,exper2_11
18.84200000000004,17.866056,Calibration,2005,2005-06-16,-0.02658663117385118,exper2_11
18.848000000000013,17.964775,Calibration,2005,2005-06-17,-0.02399234810471818,exper2_11
19.523000000000025,18.041924,Calibration,2005,2005-06-18,-0.03942711279968355,exper2_11
20.067499999999995,18.124006,Calibration,2005,2005-06-19,-0.05088811409606563,exper2_11
20.689999999999998,18.389406,Calibration,2005,2005-06-20,-0.05886972242499736,exper2_11
21.088000000000022,18.367317,Calibration,2005,2005-06-21,-0.06895604935887302,exper2_11
21.5625,18.350965,Calibration,2005,2005-06-22,-0.0804624319111527,exper2_11
21.509000000000015,19.794703,Calibration,2005,2005-06-23,-0.041504692438928376,exper2_11
21.75550000000004,20.312494,Calibration,2005,2005-06-24,-0.03430174760678215,exper2_11
22.443499999999972,20.858627,Calibration,2005,2005-06-25,-0.036600342264393404,exper2_11
22.02800000000002,20.723911,Calibration,2005,2005-06-26,-0.030503635402260247,exper2_11
21.92750000000001,20.670004,Calibration,2005,2005-06-27,-0.029520417727451422,exper2_11
22.371000000000038,20.70595,Calibration,2005,2005-06-28,-0.038652927494865735,exper2_11
22.271000000000015,20.654818,Calibration,2005,2005-06-29,-0.03765059141312577,exper2_11
21.548000000000002,20.775208,Calibration,2005,2005-06-30,-0.01825930797215983,exper2_11
20.65900000000005,20.844873,Calibration,2005,2005-07-01,0.004478459791604342,exper2_11
20.623000000000047,19.810293,Calibration,2005,2005-07-02,-0.02009994086793332,exper2_11
20.370000000000005,20.550688,Calibration,2005,2005-07-03,0.004415560922255802,exper2_11
20.672000000000025,21.47391,Calibration,2005,2005-07-04,0.019026980076726988,exper2_11
20.562000000000012,21.261007,Calibration,2005,2005-07-05,0.016713463567939003,exper2_11
20.722500000000025,21.268904,Calibration,2005,2005-07-06,0.013012275935883643,exper2_11
21.040999999999997,21.270338,Calibration,2005,2005-07-07,0.005420250670275464,exper2_11
21.496500000000026,21.702152,Calibration,2005,2005-07-08,0.004760617321962382,exper2_11
22.11850000000004,21.5758,Calibration,2005,2005-07-09,-0.012420385695699762,exper2_11
22.873500000000035,22.663465,Calibration,2005,2005-07-10,-0.004612395617856193,exper2_11
23.624500000000012,23.06645,Calibration,2005,2005-07-11,-0.011951992400217775,exper2_11
24.990499999999997,23.439825,Calibration,2005,2005-07-12,-0.032018677144125034,exper2_11
24.668499999999995,23.07899,Calibration,2005,2005-07-13,-0.03328989717683707,exper2_11
25.0625,23.136927,Calibration,2005,2005-07-14,-0.039950129758629285,exper2_11
25.66700000000003,23.31994,Calibration,2005,2005-07-15,-0.04791194154639095,exper2_11
26.091000000000008,23.4224,Calibration,2005,2005-07-16,-0.05389653114003911,exper2_11
26.125,24.25309,Calibration,2005,2005-07-17,-0.03715722646000996,exper2_11
25.185500000000047,23.61831,Calibration,2005,2005-07-18,-0.03211202243931965,exper2_11
24.51800000000003,24.102013,Calibration,2005,2005-07-19,-0.00855588765169123,exper2_11
24.059000000000026,23.865576,Calibration,2005,2005-07-20,-0.004036012972565045,exper2_11
24.572500000000048,24.441687,Calibration,2005,2005-07-21,-0.0026688879025545827,exper2_11
24.33299999999997,24.188745,Calibration,2005,2005-07-22,-0.0029729866446526654,exper2_11
23.809000000000026,23.292398,Calibration,2005,2005-07-23,-0.010967860068090581,exper2_11
23.718000000000018,23.292944,Calibration,2005,2005-07-24,-0.009041640302818215,exper2_11
23.38050000000004,23.247221,Calibration,2005,2005-07-25,-0.0028583641687728355,exper2_11
23.024999999999977,23.154734,Calibration,2005,2005-07-26,0.002809320183571922,exper2_11
22.76750000000004,23.096651,Calibration,2005,2005-07-27,0.007176652560644216,exper2_11
22.266999999999996,23.030674,Calibration,2005,2005-07-28,0.016859010929304148,exper2_11
22.540999999999997,22.944443,Calibration,2005,2005-07-29,0.00886971137666023,exper2_11
22.063499999999976,22.880991,Calibration,2005,2005-07-30,0.018188902893172734,exper2_11
22.35300000000001,22.810804,Calibration,2005,2005-07-31,0.010136532417522898,exper2_11
23.298500000000047,22.740107,Calibration,2005,2005-08-01,-0.01212880794635043,exper2_11
23.950499999999977,22.682184,Calibration,2005,2005-08-02,-0.027198000755724525,exper2_11
24.11450000000002,22.608295,Calibration,2005,2005-08-03,-0.03223703858299087,exper2_11
23.98750000000001,22.538576,Calibration,2005,2005-08-04,-0.03114218938159304,exper2_11
23.946000000000026,23.395025,Calibration,2005,2005-08-05,-0.011638420244516537,exper2_11
23.527499999999975,23.69362,Calibration,2005,2005-08-06,0.0035179317933231096,exper2_11
23.674500000000023,23.951405,Calibration,2005,2005-08-07,0.005814158786575369,exper2_11
23.718500000000006,23.732506,Calibration,2005,2005-08-08,0.00029516336069588335,exper2_11
23.68950000000001,22.88735,Calibration,2005,2005-08-09,-0.017222073115367255,exper2_11
23.667500000000018,22.844797,Calibration,2005,2005-08-10,-0.017687857110633906,exper2_11
23.358000000000004,22.782932,Calibration,2005,2005-08-11,-0.012463287802628713,exper2_11
23.057500000000005,22.724516,Calibration,2005,2005-08-12,-0.007273250826303551,exper2_11
22.809000000000026,22.662657,Calibration,2005,2005-08-13,-0.0032183392093537407,exper2_11
22.714999999999975,22.598394,Calibration,2005,2005-08-14,-0.002573314306701333,exper2_11
22.680000000000007,22.533274,Calibration,2005,2005-08-15,-0.003245204142575829,exper2_11
22.760500000000036,22.468771,Calibration,2005,2005-08-16,-0.006450004893704552,exper2_11
22.435500000000047,22.404865,Calibration,2005,2005-08-17,-0.0006831954852842014,exper2_11
22.045500000000004,21.448997,Calibration,2005,2005-08-18,-0.01371443600365524,exper2_11
22.022500000000036,21.38319,Calibration,2005,2005-08-19,-0.014728710514390102,exper2_11
21.983000000000004,21.37757,Calibration,2005,2005-08-20,-0.013962704193722534,exper2_11
21.29400000000004,20.488976,Calibration,2005,2005-08-21,-0.01926680579792376,exper2_11
20.786999999999978,20.494547,Calibration,2005,2005-08-22,-0.007084354433680367,exper2_11
20.89300000000003,20.570066,Calibration,2005,2005-08-23,-0.007788462735801332,exper2_11
20.496500000000026,20.330706,Calibration,2005,2005-08-24,-0.004060879374179607,exper2_11
20.424000000000035,20.418737,Calibration,2005,2005-08-25,-0.00012885004371744006,exper2_11
20.309000000000026,19.6985,Calibration,2005,2005-08-26,-0.015259646949304862,exper2_11
20.311500000000024,19.82773,Calibration,2005,2005-08-27,-0.012052294451380046,exper2_11
20.168000000000006,19.949348,Calibration,2005,2005-08-28,-0.005450299153422037,exper2_11
20.22800000000001,19.341154,Calibration,2005,2005-08-29,-0.022412556489870585,exper2_11
20.123500000000035,18.808046,Calibration,2005,2005-08-30,-0.03378888800197114,exper2_11
20.454499999999996,19.067698,Calibration,2005,2005-08-31,-0.03508920459439269,exper2_11
19.93900000000002,19.35331,Calibration,2005,2005-09-01,-0.014905979672548881,exper2_11
19.52000000000004,18.994818,Calibration,2005,2005-09-02,-0.013635849710252685,exper2_11
19.70700000000005,19.281261,Calibration,2005,2005-09-03,-0.01091965992171135,exper2_11
19.559000000000026,19.541494,Calibration,2005,2005-09-04,-0.0004477086741604481,exper2_11
19.777499999999975,19.77644,Calibration,2005,2005-09-05,-2.6807272824444052e-05,exper2_11
20.028999999999996,19.657637,Calibration,2005,2005-09-06,-0.009357390521389354,exper2_11
19.944000000000017,19.850653,Calibration,2005,2005-09-07,-0.002345724839314797,exper2_11
19.835000000000036,20.027739,Calibration,2005,2005-09-08,0.004835055946366034,exper2_11
19.689999999999998,20.185762,Calibration,2005,2005-09-09,0.012432675276659526,exper2_11
19.898500000000013,20.321062,Calibration,2005,2005-09-10,0.010506382120421586,exper2_11
20.04050000000001,20.43659,Calibration,2005,2005-09-11,0.009785540235152133,exper2_11
20.23150000000004,20.53438,Calibration,2005,2005-09-12,0.007429741720532808,exper2_11
20.4735,19.857557,Calibration,2005,2005-09-13,-0.015272168510609849,exper2_11
20.060000000000002,19.770592,Calibration,2005,2005-09-14,-0.00726597952848757,exper2_11
19.879500000000007,19.938856,Calibration,2005,2005-09-15,0.001490672409774284,exper2_11
19.970000000000027,20.106388,Calibration,2005,2005-09-16,0.0034032031960503518,exper2_11
19.797000000000025,20.26031,Calibration,2005,2005-09-17,0.011566159295003292,exper2_11
20.014499999999998,20.355337,Calibration,2005,2005-09-18,0.0084428664336068,exper2_11
19.577999999999975,19.710424,Calibration,2005,2005-09-19,0.0033705709801776077,exper2_11
19.311000000000035,19.86846,Calibration,2005,2005-09-20,0.014228366235386486,exper2_11
19.436000000000035,20.01855,Calibration,2005,2005-09-21,0.014765112259946395,exper2_11
19.363,19.435614,Calibration,2005,2005-09-22,0.0018715522387088824,exper2_11
18.938000000000045,19.61738,Calibration,2005,2005-09-23,0.017620890773375017,exper2_11
18.432000000000016,18.1828,Calibration,2005,2005-09-24,-0.006805982964192784,exper2_11
18.21550000000002,17.414322,Calibration,2005,2005-09-25,-0.02248616630326554,exper2_11
17.968500000000006,16.820263,Calibration,2005,2005-09-26,-0.0330059765008066,exper2_11
17.784500000000037,16.781057,Calibration,2005,2005-09-27,-0.029030130537902658,exper2_11
17.360000000000014,16.427881,Calibration,2005,2005-09-28,-0.02758736934438162,exper2_11
16.573000000000036,16.03861,Calibration,2005,2005-09-29,-0.01638648119840985,exper2_11
16.081500000000005,16.129646,Calibration,2005,2005-09-30,0.0014947093412701119,exper2_11
16.22800000000001,16.19512,Calibration,2005,2005-10-01,-0.001014095569955611,exper2_11
16.1755,16.014952,Calibration,2005,2005-10-02,-0.00498745079857931,exper2_11
16.549500000000023,15.705289,Calibration,2005,2005-10-03,-0.026173202247053683,exper2_11
16.78400000000005,15.503236,Calibration,2005,2005-10-04,-0.039667817657276505,exper2_11
16.744000000000028,15.218792,Calibration,2005,2005-10-05,-0.047718235633456195,exper2_11
16.042500000000018,15.104007,Calibration,2005,2005-10-06,-0.03013157269094414,exper2_11
15.224499999999978,14.457593,Calibration,2005,2005-10-07,-0.025837363852788505,exper2_11
14.927999999999997,14.465768,Calibration,2005,2005-10-08,-0.01572551507457239,exper2_11
14.747000000000014,13.542878,Calibration,2005,2005-10-09,-0.04256369867114697,exper2_11
14.622500000000002,13.550848,Calibration,2005,2005-10-10,-0.038037793467922236,exper2_11
14.518500000000017,13.366368,Calibration,2005,2005-10-11,-0.04131745196356331,exper2_11
14.310000000000002,13.69916,Calibration,2005,2005-10-12,-0.021808593547506323,exper2_11
14.297000000000025,13.727979,Calibration,2005,2005-10-13,-0.020304075860404867,exper2_11
14.110000000000014,13.723636,Calibration,2005,2005-10-14,-0.01388120226221821,exper2_11
13.65300000000002,13.488054,Calibration,2005,2005-10-15,-0.00607735141063192,exper2_11
13.633500000000026,13.405897,Calibration,2005,2005-10-16,-0.008417453181904153,exper2_11
13.237500000000011,13.437766,Calibration,2005,2005-10-17,0.00750755679700405,exper2_11
13.076000000000022,13.281664,Calibration,2005,2005-10-18,0.007802811944006064,exper2_11
12.823500000000024,13.3680525,Calibration,2005,2005-10-19,0.020791149473350933,exper2_11
12.647500000000036,12.174127,Calibration,2005,2005-10-20,-0.01907100538129364,exper2_11
12.387,11.676281,Calibration,2005,2005-10-21,-0.02953541644576622,exper2_11
12.158000000000015,11.337901,Calibration,2005,2005-10-22,-0.03490391283798875,exper2_11
11.825499999999977,10.906152,Calibration,2005,2005-10-23,-0.04044352947573179,exper2_11
11.372000000000014,10.5265665,Calibration,2005,2005-10-24,-0.03860679621920309,exper2_11
11.140000000000043,10.184223,Calibration,2005,2005-10-25,-0.04482117904625731,exper2_11
11.027000000000044,9.941459,Calibration,2005,2005-10-26,-0.051770199867125846,exper2_11
10.838999999999999,9.63136,Calibration,2005,2005-10-27,-0.05899456300706135,exper2_11
10.769000000000005,9.373622,Calibration,2005,2005-10-28,-0.06927489695737003,exper2_11
10.518000000000029,9.149175,Calibration,2005,2005-10-29,-0.06959948906297547,exper2_11
10.510500000000036,10.231233,Calibration,2005,2005-10-30,-0.013464032232867797,exper2_11
10.387,9.819855,Calibration,2005,2005-10-31,-0.028066973859729633,exper2_11
10.125999999999976,9.194584,Calibration,2005,2005-11-01,-0.04820848646938355,exper2_11
10.0,8.949258,Calibration,2005,2005-11-02,-0.05545030616157627,exper2_11
9.747000000000014,8.765172,Calibration,2005,2005-11-03,-0.05303688811075483,exper2_11
9.615499999999997,8.619406,Calibration,2005,2005-11-04,-0.054625686986806254,exper2_11
9.439999999999998,8.494732,Calibration,2005,2005-11-05,-0.05270600653705301,exper2_11
9.295000000000016,8.322877,Calibration,2005,2005-11-06,-0.055178218897351076,exper2_11
9.19300000000004,8.194455,Calibration,2005,2005-11-07,-0.05742903977497019,exper2_11
9.099499999999978,8.084959,Calibration,2005,2005-11-08,-0.059038283839399706,exper2_11
8.749500000000012,7.9907427,Calibration,2005,2005-11-09,-0.04532534748383816,exper2_11
8.259500000000003,7.9015164,Calibration,2005,2005-11-10,-0.022151054907545577,exper2_11
8.154500000000041,7.8247337,Calibration,2005,2005-11-11,-0.020637176435113817,exper2_11
8.072000000000003,7.7576995,Calibration,2005,2005-11-12,-0.019855115418528253,exper2_11
8.05800000000005,7.699912,Calibration,2005,2005-11-13,-0.02272432585950551,exper2_11
7.737500000000011,5.246098,Calibration,2005,2005-11-14,-0.1918884080126026,exper2_11
7.592000000000041,6.0665665,Calibration,2005,2005-11-15,-0.1116832821635112,exper2_11
7.1965000000000146,6.961036,Calibration,2005,2005-11-16,-0.016631692922689158,exper2_11
6.5815000000000055,4.7930584,Calibration,2005,2005-11-17,-0.15723173968140777,exper2_11
6.305000000000007,5.1276765,Calibration,2005,2005-11-18,-0.10297881815976596,exper2_11
6.113999999999976,6.604456,Calibration,2005,2005-11-19,0.03856253855704154,exper2_11
5.9465000000000146,6.8175254,Calibration,2005,2005-11-20,0.06824064982747219,exper2_11
5.713000000000022,6.768515,Calibration,2005,2005-11-21,0.08456626464914026,exper2_11
5.422500000000014,4.6316714,Calibration,2005,2005-11-22,-0.07865676221351107,exper2_11
5.239500000000021,6.047391,Calibration,2005,2005-11-23,0.0715778102452591,exper2_11
4.712000000000046,4.475217,Calibration,2005,2005-11-24,-0.02577310821394092,exper2_11
4.326000000000022,4.247153,Calibration,2005,2005-11-25,-0.009196989306273362,exper2_11
3.9680000000000177,4.1980004,Calibration,2005,2005-11-26,0.02816561583635564,exper2_11
3.7685000000000173,4.55777,Calibration,2005,2005-11-27,0.0947927219129262,exper2_11
3.7799999999999727,6.3885865,Calibration,2005,2005-11-28,0.25653383739454483,exper2_11
3.6295000000000073,5.3684726,Calibration,2005,2005-11-29,0.19326271128591063,exper2_11
,4.3392677,Calibration,2005,2005-11-30,,exper2_11
,4.197472,Calibration,2005,2005-12-01,,exper2_11
,4.171637,Calibration,2005,2005-12-02,,exper2_11
,4.165417,Calibration,2005,2005-12-03,,exper2_11
,4.1632442,Calibration,2005,2005-12-04,,exper2_11
,4.1619153,Calibration,2005,2005-12-05,,exper2_11
,4.160803,Calibration,2005,2005-12-06,,exper2_11
,4.1598325,Calibration,2005,2005-12-07,,exper2_11
,4.1590075,Calibration,2005,2005-12-08,,exper2_11
,4.1583276,Calibration,2005,2005-12-09,,exper2_11
,4.157781,Calibration,2005,2005-12-10,,exper2_11
,4.15735,Calibration,2005,2005-12-11,,exper2_11
,4.157014,Calibration,2005,2005-12-12,,exper2_11
,4.156777,Calibration,2005,2005-12-13,,exper2_11
,4.1565747,Calibration,2005,2005-12-14,,exper2_11
,4.17186,Calibration,2005,2005-12-15,,exper2_11
,4.1582904,Calibration,2005,2005-12-16,,exper2_11
,4.156559,Calibration,2005,2005-12-17,,exper2_11
,4.1562214,Calibration,2005,2005-12-18,,exper2_11
,4.1561203,Calibration,2005,2005-12-19,,exper2_11
,4.156074,Calibration,2005,2005-12-20,,exper2_11
,1.7648387,Calibration,2005,2005-12-21,,exper2_11
,1.6008049,Calibration,2005,2005-12-22,,exper2_11
,1.587228,Calibration,2005,2005-12-23,,exper2_11
,1.8632805,Calibration,2005,2005-12-24,,exper2_11
,1.7922349,Calibration,2005,2005-12-25,,exper2_11
,1.8329561,Calibration,2005,2005-12-26,,exper2_11
,1.8655322,Calibration,2005,2005-12-27,,exper2_11
,1.8977052,Calibration,2005,2005-12-28,,exper2_11
,1.9214633,Calibration,2005,2005-12-29,,exper2_11
,1.9376107,Calibration,2005,2005-12-30,,exper2_11
,1.9513903,Calibration,2005,2005-12-31,,exper2_11
,1.6058145,Calibration,2006,2006-01-01,,exper2_11
,1.0251379,Calibration,2006,2006-01-02,,exper2_11
,0.71454746,Calibration,2006,2006-01-03,,exper2_11
,0.5907369,Calibration,2006,2006-01-04,,exper2_11
,0.51727545,Calibration,2006,2006-01-05,,exper2_11
,0.6554665,Calibration,2006,2006-01-06,,exper2_11
,0.45066017,Calibration,2006,2006-01-07,,exper2_11
,1.4827917,Calibration,2006,2006-01-08,,exper2_11
,1.5148311,Calibration,2006,2006-01-09,,exper2_11
,2.313113,Calibration,2006,2006-01-10,,exper2_11
,2.3970582,Calibration,2006,2006-01-11,,exper2_11
,2.2406216,Calibration,2006,2006-01-12,,exper2_11
,0.7564756,Calibration,2006,2006-01-13,,exper2_11
,1.4505376,Calibration,2006,2006-01-14,,exper2_11
,1.5855708,Calibration,2006,2006-01-15,,exper2_11
,0.54132116,Calibration,2006,2006-01-16,,exper2_11
,0.45567185,Calibration,2006,2006-01-17,,exper2_11
,1.1868527,Calibration,2006,2006-01-18,,exper2_11
,0.40579998,Calibration,2006,2006-01-19,,exper2_11
,1.1239244,Calibration,2006,2006-01-20,,exper2_11
,1.5133616,Calibration,2006,2006-01-21,,exper2_11
,0.44066346,Calibration,2006,2006-01-22,,exper2_11
,1.325732,Calibration,2006,2006-01-23,,exper2_11
,1.5938826,Calibration,2006,2006-01-24,,exper2_11
,1.5177861,Calibration,2006,2006-01-25,,exper2_11
,1.9401966,Calibration,2006,2006-01-26,,exper2_11
,2.3935657,Calibration,2006,2006-01-27,,exper2_11
,2.3341994,Calibration,2006,2006-01-28,,exper2_11
,0.57565194,Calibration,2006,2006-01-29,,exper2_11
,1.2266828,Calibration,2006,2006-01-30,,exper2_11
,1.8800331,Calibration,2006,2006-01-31,,exper2_11
,0.58148146,Calibration,2006,2006-02-01,,exper2_11
,1.4288247,Calibration,2006,2006-02-02,,exper2_11
,0.4852366,Calibration,2006,2006-02-03,,exper2_11
,1.1969935,Calibration,2006,2006-02-04,,exper2_11
,1.772222,Calibration,2006,2006-02-05,,exper2_11
,2.8671396,Calibration,2006,2006-02-06,,exper2_11
,2.2518775,Calibration,2006,2006-02-07,,exper2_11
,2.9581578,Calibration,2006,2006-02-08,,exper2_11
,2.2330804,Calibration,2006,2006-02-09,,exper2_11
,2.1320202,Calibration,2006,2006-02-10,,exper2_11
,2.216429,Calibration,2006,2006-02-11,,exper2_11
,2.081336,Calibration,2006,2006-02-12,,exper2_11
,2.0402133,Calibration,2006,2006-02-13,,exper2_11
,2.1689756,Calibration,2006,2006-02-14,,exper2_11
,2.9758518,Calibration,2006,2006-02-15,,exper2_11
,2.489685,Calibration,2006,2006-02-16,,exper2_11
,3.1950154,Calibration,2006,2006-02-17,,exper2_11
,2.5426712,Calibration,2006,2006-02-18,,exper2_11
,3.2923102,Calibration,2006,2006-02-19,,exper2_11
,3.117635,Calibration,2006,2006-02-20,,exper2_11
,2.2781541,Calibration,2006,2006-02-21,,exper2_11
,2.4310353,Calibration,2006,2006-02-22,,exper2_11
,2.403586,Calibration,2006,2006-02-23,,exper2_11
,2.3427799,Calibration,2006,2006-02-24,,exper2_11
,3.2192292,Calibration,2006,2006-02-25,,exper2_11
,3.244516,Calibration,2006,2006-02-26,,exper2_11
,3.3193285,Calibration,2006,2006-02-27,,exper2_11
,3.363904,Calibration,2006,2006-02-28,,exper2_11
,2.402806,Calibration,2006,2006-03-01,,exper2_11
,2.9660354,Calibration,2006,2006-03-02,,exper2_11
,3.554062,Calibration,2006,2006-03-03,,exper2_11
,3.657471,Calibration,2006,2006-03-04,,exper2_11
,2.5133617,Calibration,2006,2006-03-05,,exper2_11
,2.3407338,Calibration,2006,2006-03-06,,exper2_11
,2.9977927,Calibration,2006,2006-03-07,,exper2_11
,2.7361727,Calibration,2006,2006-03-08,,exper2_11
,3.0845711,Calibration,2006,2006-03-09,,exper2_11
,3.234468,Calibration,2006,2006-03-10,,exper2_11
,3.2468572,Calibration,2006,2006-03-11,,exper2_11
,3.3025074,Calibration,2006,2006-03-12,,exper2_11
,1.8574475,Calibration,2006,2006-03-13,,exper2_11
,2.8929572,Calibration,2006,2006-03-14,,exper2_11
,3.6140032,Calibration,2006,2006-03-15,,exper2_11
,3.7102582,Calibration,2006,2006-03-16,,exper2_11
,3.6689932,Calibration,2006,2006-03-17,,exper2_11
,3.7386255,Calibration,2006,2006-03-18,,exper2_11
,3.8261268,Calibration,2006,2006-03-19,,exper2_11
,3.6602626,Calibration,2006,2006-03-20,,exper2_11
,3.6146443,Calibration,2006,2006-03-21,,exper2_11
,3.1608453,Calibration,2006,2006-03-22,,exper2_11
,2.8218052,Calibration,2006,2006-03-23,,exper2_11
,3.2467356,Calibration,2006,2006-03-24,,exper2_11
,3.2363296,Calibration,2006,2006-03-25,,exper2_11
,3.9238262,Calibration,2006,2006-03-26,,exper2_11
,3.8036346,Calibration,2006,2006-03-27,,exper2_11
,3.9964035,Calibration,2006,2006-03-28,,exper2_11
,3.9606996,Calibration,2006,2006-03-29,,exper2_11
,3.2987342,Calibration,2006,2006-03-30,,exper2_11
,2.7359526,Calibration,2006,2006-03-31,,exper2_11
,3.3278406,Calibration,2006,2006-04-01,,exper2_11
,2.8399878,Calibration,2006,2006-04-02,,exper2_11
,3.4232643,Calibration,2006,2006-04-03,,exper2_11
,3.9303155,Calibration,2006,2006-04-04,,exper2_11
,4.1293936,Calibration,2006,2006-04-05,,exper2_11
,4.0661,Calibration,2006,2006-04-06,,exper2_11
,4.3726387,Calibration,2006,2006-04-07,,exper2_11
,4.4729514,Calibration,2006,2006-04-08,,exper2_11
,4.068531,Calibration,2006,2006-04-09,,exper2_11
,4.205194,Calibration,2006,2006-04-10,,exper2_11
,3.7576482,Calibration,2006,2006-04-11,,exper2_11
,4.093274,Calibration,2006,2006-04-12,,exper2_11
,3.8976498,Calibration,2006,2006-04-13,,exper2_11
,4.4562206,Calibration,2006,2006-04-14,,exper2_11
,4.3635807,Calibration,2006,2006-04-15,,exper2_11
,4.0518694,Calibration,2006,2006-04-16,,exper2_11
,4.476144,Calibration,2006,2006-04-17,,exper2_11
,4.5393877,Calibration,2006,2006-04-18,,exper2_11
,3.8084104,Calibration,2006,2006-04-19,,exper2_11
,4.141697,Calibration,2006,2006-04-20,,exper2_11
,3.834877,Calibration,2006,2006-04-21,,exper2_11
,3.8149745,Calibration,2006,2006-04-22,,exper2_11
,4.2824087,Calibration,2006,2006-04-23,,exper2_11
,4.6860323,Calibration,2006,2006-04-24,,exper2_11
,6.0063577,Calibration,2006,2006-04-25,,exper2_11
,5.2902293,Calibration,2006,2006-04-26,,exper2_11
,5.1371765,Calibration,2006,2006-04-27,,exper2_11
,5.028083,Calibration,2006,2006-04-28,,exper2_11
,6.253196,Calibration,2006,2006-04-29,,exper2_11
,5.8523054,Calibration,2006,2006-04-30,,exper2_11
,5.7781997,Calibration,2006,2006-05-01,,exper2_11
,5.77744,Calibration,2006,2006-05-02,,exper2_11
,6.4003496,Calibration,2006,2006-05-03,,exper2_11
,7.469843,Calibration,2006,2006-05-04,,exper2_11
,8.164394,Calibration,2006,2006-05-05,,exper2_11
,7.7023735,Calibration,2006,2006-05-06,,exper2_11
,7.783531,Calibration,2006,2006-05-07,,exper2_11
,8.897732,Calibration,2006,2006-05-08,,exper2_11
,7.9585667,Calibration,2006,2006-05-09,,exper2_11
,7.5688863,Calibration,2006,2006-05-10,,exper2_11
,7.526829,Calibration,2006,2006-05-11,,exper2_11
,6.6669173,Calibration,2006,2006-05-12,,exper2_11
,6.830555,Calibration,2006,2006-05-13,,exper2_11
,6.9780917,Calibration,2006,2006-05-14,,exper2_11
,8.393947,Calibration,2006,2006-05-15,,exper2_11
,8.16001,Calibration,2006,2006-05-16,,exper2_11
,9.2520685,Calibration,2006,2006-05-17,,exper2_11
,8.1819,Calibration,2006,2006-05-18,,exper2_11
,9.771993,Calibration,2006,2006-05-19,,exper2_11
,9.623377,Calibration,2006,2006-05-20,,exper2_11
,10.83997,Calibration,2006,2006-05-21,,exper2_11
,11.577365,Calibration,2006,2006-05-22,,exper2_11
,12.308768,Calibration,2006,2006-05-23,,exper2_11
,12.56559,Calibration,2006,2006-05-24,,exper2_11
13.160000000000025,13.248497,Calibration,2006,2006-05-25,0.003351080875455711,exper2_11
13.762,13.327996,Calibration,2006,2006-05-26,-0.016020812331015225,exper2_11
14.375,13.864447,Calibration,2006,2006-05-27,-0.01807943925012713,exper2_11
15.35850000000005,13.3442335,Calibration,2006,2006-05-28,-0.07017681734800141,exper2_11
16.59650000000005,13.666936,Calibration,2006,2006-05-29,-0.0968020976520853,exper2_11
17.964999999999975,14.432282,Calibration,2006,2006-05-30,-0.1090436383939142,exper2_11
18.313499999999976,15.481126,Calibration,2006,2006-05-31,-0.08381137825018319,exper2_11
18.444000000000017,16.29297,Calibration,2006,2006-06-01,-0.06192334282311204,exper2_11
18.711000000000013,16.522621,Calibration,2006,2006-06-02,-0.06211052890649723,exper2_11
18.976999999999975,16.793924,Calibration,2006,2006-06-03,-0.06102933343554787,exper2_11
19.680499999999995,17.009756,Calibration,2006,2006-06-04,-0.07279163997435176,exper2_11
19.720500000000015,17.191109,Calibration,2006,2006-06-05,-0.06852563150787656,exper2_11
19.472000000000037,17.201452,Calibration,2006,2006-06-06,-0.06191257176847949,exper2_11
19.55200000000002,16.969954,Calibration,2006,2006-06-07,-0.0706984762027521,exper2_11
19.573000000000036,17.426096,Calibration,2006,2006-06-08,-0.05802585121674791,exper2_11
18.938000000000045,17.405933,Calibration,2006,2006-06-09,-0.042154672799142645,exper2_11
18.334000000000003,17.614388,Calibration,2006,2006-06-10,-0.020017935089539477,exper2_11
18.17100000000005,17.825453,Calibration,2006,2006-06-11,-0.009599479073971233,exper2_11
18.452999999999975,17.88941,Calibration,2006,2006-06-12,-0.015507776748588093,exper2_11
18.873500000000035,18.519289,Calibration,2006,2006-06-13,-0.009472708310631342,exper2_11
18.932000000000016,18.533443,Calibration,2006,2006-06-14,-0.010637977623147887,exper2_11
19.148000000000025,18.076174,Calibration,2006,2006-06-15,-0.02879382156118241,exper2_11
19.58250000000004,18.86629,Calibration,2006,2006-06-16,-0.018627657131689807,exper2_11
20.307500000000005,19.625822,Calibration,2006,2006-06-17,-0.01707040379939075,exper2_11
20.63900000000001,19.404085,Calibration,2006,2006-06-18,-0.030839652733685254,exper2_11
20.30600000000004,19.96593,Calibration,2006,2006-06-19,-0.00844431973715883,exper2_11
20.210000000000036,20.095873,Calibration,2006,2006-06-20,-0.002831525850196829,exper2_11
20.39549999999997,20.070932,Calibration,2006,2006-06-21,-0.0080206628689141,exper2_11
20.187000000000012,20.306534,Calibration,2006,2006-06-22,0.002951923485541014,exper2_11
20.130999999999972,19.943796,Calibration,2006,2006-06-23,-0.004671361057602006,exper2_11
20.334000000000003,19.5752,Calibration,2006,2006-06-24,-0.019013182158437024,exper2_11
20.366000000000042,20.251562,Calibration,2006,2006-06-25,-0.0028174483031703336,exper2_11
21.250999999999976,19.666365,Calibration,2006,2006-06-26,-0.03872769771435834,exper2_11
20.903999999999996,20.242022,Calibration,2006,2006-06-27,-0.016088516318764325,exper2_11
20.65900000000005,20.10636,Calibration,2006,2006-06-28,-0.013556620748925293,exper2_11
20.738999999999976,20.793444,Calibration,2006,2006-06-29,0.001310871092231481,exper2_11
21.463000000000022,21.061968,Calibration,2006,2006-06-30,-0.009430510369477195,exper2_11
21.66900000000004,21.006603,Calibration,2006,2006-07-01,-0.015521673010526277,exper2_11
21.902499999999975,20.64776,Calibration,2006,2006-07-02,-0.029488411991553398,exper2_11
21.959000000000003,20.964987,Calibration,2006,2006-07-03,-0.023157522703039547,exper2_11
21.624000000000024,20.904442,Calibration,2006,2006-07-04,-0.01691945755551274,exper2_11
21.39450000000005,21.155954,Calibration,2006,2006-07-05,-0.0056061831212075326,exper2_11
21.637,20.823486,Calibration,2006,2006-07-06,-0.019159311214392398,exper2_11
21.793000000000006,21.119299,Calibration,2006,2006-07-07,-0.015699486668960476,exper2_11
21.765000000000043,21.235125,Calibration,2006,2006-07-08,-0.012322648296118255,exper2_11
21.721000000000004,21.315506,Calibration,2006,2006-07-09,-0.009422094319866839,exper2_11
21.628000000000043,21.307821,Calibration,2006,2006-07-10,-0.007457146892673533,exper2_11
22.40650000000005,21.320387,Calibration,2006,2006-07-11,-0.024838564799276604,exper2_11
,22.316528,Calibration,2006,2006-07-12,,exper2_11
,23.058859,Calibration,2006,2006-07-13,,exper2_11
,22.589828,Calibration,2006,2006-07-14,,exper2_11
,23.709002,Calibration,2006,2006-07-15,,exper2_11
,23.125631,Calibration,2006,2006-07-16,,exper2_11
,23.843777,Calibration,2006,2006-07-17,,exper2_11
24.48950000000002,24.094816,Calibration,2006,2006-07-18,-0.008123687290883745,exper2_11
23.529999999999973,23.55118,Calibration,2006,2006-07-19,0.00044985885900969527,exper2_11
23.547000000000025,23.93514,Calibration,2006,2006-07-20,0.008174454747761649,exper2_11
23.572000000000003,23.53678,Calibration,2006,2006-07-21,-0.0007476440009550127,exper2_11
23.40900000000005,23.43927,Calibration,2006,2006-07-22,0.0006461288649203398,exper2_11
23.076999999999998,23.333302,Calibration,2006,2006-07-23,0.005522514089795733,exper2_11
22.90700000000004,23.262466,Calibration,2006,2006-07-24,0.0076991669634703715,exper2_11
23.454000000000008,23.160824,Calibration,2006,2006-07-25,-0.006289333605504754,exper2_11
23.65650000000005,23.069788,Calibration,2006,2006-07-26,-0.012556358449363139,exper2_11
24.249000000000024,22.983751,Calibration,2006,2006-07-27,-0.026787529166936202,exper2_11
24.241499999999974,22.927183,Calibration,2006,2006-07-28,-0.027864183626677374,exper2_11
24.765000000000043,22.83857,Calibration,2006,2006-07-29,-0.04046819121780691,exper2_11
24.309000000000026,22.759014,Calibration,2006,2006-07-30,-0.032930768357727014,exper2_11
23.836000000000013,22.768982,Calibration,2006,2006-07-31,-0.02289493573727009,exper2_11
24.432000000000016,21.814993,Calibration,2006,2006-08-01,-0.0565876164258251,exper2_11
24.059000000000026,21.370647,Calibration,2006,2006-08-02,-0.05917617066470932,exper2_11
24.062000000000012,21.343283,Calibration,2006,2006-08-03,-0.05987667378712084,exper2_11
24.37900000000002,22.335848,Calibration,2006,2006-08-04,-0.04373667557998796,exper2_11
23.849499999999978,21.929873,Calibration,2006,2006-08-05,-0.04193214938988374,exper2_11
23.557000000000016,21.885572,Calibration,2006,2006-08-06,-0.03678109484174384,exper2_11
23.273000000000025,21.863781,Calibration,2006,2006-08-07,-0.031221079443571366,exper2_11
23.314999999999998,22.551603,Calibration,2006,2006-08-08,-0.01664384601272557,exper2_11
23.235000000000014,22.185965,Calibration,2006,2006-08-09,-0.02309584187058114,exper2_11
23.116000000000042,22.12204,Calibration,2006,2006-08-10,-0.021971778830031045,exper2_11
22.928999999999974,22.066101,Calibration,2006,2006-08-11,-0.019177619455902215,exper2_11
22.795000000000016,21.937716,Calibration,2006,2006-08-12,-0.019164597083805256,exper2_11
22.497000000000014,21.539366,Calibration,2006,2006-08-13,-0.021746441034738495,exper2_11
22.137999999999977,21.50066,Calibration,2006,2006-08-14,-0.014604941082309905,exper2_11
21.966000000000008,21.879293,Calibration,2006,2006-08-15,-0.001977556800770315,exper2_11
22.04200000000003,21.73095,Calibration,2006,2006-08-16,-0.007106000449934865,exper2_11
21.95700000000005,21.698141,Calibration,2006,2006-08-17,-0.005929631550069948,exper2_11
22.212499999999977,21.669579,Calibration,2006,2006-08-18,-0.012372281935266134,exper2_11
21.539000000000044,21.64453,Calibration,2006,2006-08-19,0.0024437405709471297,exper2_11
21.490499999999997,21.621769,Calibration,2006,2006-08-20,0.0030448165825822733,exper2_11
21.747000000000014,21.600756,Calibration,2006,2006-08-21,-0.0033737457946473345,exper2_11
21.836000000000013,21.58169,Calibration,2006,2006-08-22,-0.005857293798313853,exper2_11
21.926000000000045,20.74232,Calibration,2006,2006-08-23,-0.02774144652791455,exper2_11
21.682000000000016,20.727549,Calibration,2006,2006-08-24,-0.022505577924823397,exper2_11
20.91700000000003,19.934576,Calibration,2006,2006-08-25,-0.0240486184577885,exper2_11
20.802999999999997,19.681908,Calibration,2006,2006-08-26,-0.027691611792177016,exper2_11
21.11700000000002,19.840162,Calibration,2006,2006-08-27,-0.031174955777843318,exper2_11
20.911999999999978,19.253134,Calibration,2006,2006-08-28,-0.04130115028468309,exper2_11
20.637999999999977,19.458162,Calibration,2006,2006-08-29,-0.029425202422252526,exper2_11
20.58299999999997,19.684126,Calibration,2006,2006-08-30,-0.02232277769110462,exper2_11
20.435000000000002,19.894892,Calibration,2006,2006-08-31,-0.013392256656805115,exper2_11
20.577999999999975,20.078915,Calibration,2006,2006-09-01,-0.012275534483040142,exper2_11
20.623000000000047,20.233852,Calibration,2006,2006-09-02,-0.009524659654258198,exper2_11
20.826000000000022,20.363117,Calibration,2006,2006-09-03,-0.01123798744052621,exper2_11
20.90100000000001,20.419035,Calibration,2006,2006-09-04,-0.011664197346529284,exper2_11
20.968000000000018,20.51987,Calibration,2006,2006-09-05,-0.010801451936560362,exper2_11
21.036,20.609224,Calibration,2006,2006-09-06,-0.010247890064613964,exper2_11
20.569500000000005,20.688892,Calibration,2006,2006-09-07,0.0028937716100802644,exper2_11
20.351,19.973574,Calibration,2006,2006-09-08,-0.009359709993682862,exper2_11
19.5,20.084478,Calibration,2006,2006-09-09,0.01476534243321915,exper2_11
18.971000000000004,20.21744,Calibration,2006,2006-09-10,0.03180630978355083,exper2_11
18.491000000000042,19.569624,Calibration,2006,2006-09-11,0.028339628605181126,exper2_11
,18.200348,Calibration,2006,2006-09-12,,exper2_11
17.911,18.05223,Calibration,2006,2006-09-13,0.003927089743662335,exper2_11
17.932000000000016,18.409594,Calibration,2006,2006-09-14,0.01314178975321107,exper2_11
17.87900000000002,18.55128,Calibration,2006,2006-09-15,0.018453854463711592,exper2_11
17.76600000000002,17.947927,Calibration,2006,2006-09-16,0.005094020395909724,exper2_11
17.619000000000028,17.304163,Calibration,2006,2006-09-17,-0.009015134770645875,exper2_11
16.795000000000016,16.815722,Calibration,2006,2006-09-18,0.0006165149365658319,exper2_11
16.236500000000035,16.32533,Calibration,2006,2006-09-19,0.002728063264558722,exper2_11
15.844000000000051,15.914119,Calibration,2006,2006-09-20,0.0022079005151260118,exper2_11
15.591000000000008,16.06639,Calibration,2006,2006-09-21,0.015016686392013014,exper2_11
15.338000000000022,15.831973,Calibration,2006,2006-09-22,0.015847722250653288,exper2_11
15.233000000000004,15.490446,Calibration,2006,2006-09-23,0.008379466611207453,exper2_11
14.983000000000004,15.263713,Calibration,2006,2006-09-24,0.009280773222581,exper2_11
14.708000000000027,15.113436,Calibration,2006,2006-09-25,0.0135954468692526,exper2_11
14.471000000000004,14.973553,Calibration,2006,2006-09-26,0.017067764924531544,exper2_11
14.20700000000005,14.807893,Calibration,2006,2006-09-27,0.020709805944562475,exper2_11
13.964999999999975,14.262718,Calibration,2006,2006-09-28,0.010547016183419642,exper2_11
13.661999999999978,14.144403,Calibration,2006,2006-09-29,0.017348646270506904,exper2_11
13.411000000000001,14.239031,Calibration,2006,2006-09-30,0.02994683235124404,exper2_11
13.432000000000016,14.180886,Calibration,2006,2006-10-01,0.02712089787828068,exper2_11
13.761000000000024,14.174663,Calibration,2006,2006-10-02,0.014807688512622222,exper2_11
13.798000000000002,14.165721,Calibration,2006,2006-10-03,0.013149928810618869,exper2_11
13.29600000000005,14.07659,Calibration,2006,2006-10-04,0.02851719900103324,exper2_11
13.485000000000014,13.970146,Calibration,2006,2006-10-05,0.017670500678913344,exper2_11
13.18300000000005,13.769765,Calibration,2006,2006-10-06,0.02177011903528128,exper2_11
13.010000000000048,13.883239,Calibration,2006,2006-10-07,0.03247056998822803,exper2_11
12.747000000000014,13.872709,Calibration,2006,2006-10-08,0.042288563811594,exper2_11
12.505999999999972,13.811418,Calibration,2006,2006-10-09,0.0496027991994276,exper2_11
12.361000000000047,12.738681,Calibration,2006,2006-10-10,0.01504723673392613,exper2_11
11.880999999999972,12.0869875,Calibration,2006,2006-10-11,0.008594275821519566,exper2_11
10.850500000000011,11.583249,Calibration,2006,2006-10-12,0.03266280143785724,exper2_11
9.907000000000039,11.159947,Calibration,2006,2006-10-13,0.059474558502136225,exper2_11
9.213999999999999,10.773165,Calibration,2006,2006-10-14,0.07800830026240549,exper2_11
9.096000000000004,10.424228,Calibration,2006,2006-10-15,0.06804365881189554,exper2_11
8.990000000000009,10.1693325,Calibration,2006,2006-10-16,0.061553945264505666,exper2_11
8.944500000000005,10.160838,Calibration,2006,2006-10-17,0.06366483121325142,exper2_11
8.845000000000027,9.947407,Calibration,2006,2006-10-18,0.0586623513614623,exper2_11
8.571500000000015,9.537069,Calibration,2006,2006-10-19,0.05332112678697833,exper2_11
8.426000000000045,9.271427,Calibration,2006,2006-10-20,0.04777118996780497,exper2_11
8.362000000000023,9.05774,Calibration,2006,2006-10-21,0.039939758173202354,exper2_11
8.045000000000016,8.851809,Calibration,2006,2006-10-22,0.04774916787882842,exper2_11
7.82000000000005,8.673389,Calibration,2006,2006-10-23,0.05174130145821061,exper2_11
7.653500000000008,8.514272,Calibration,2006,2006-10-24,0.05323997333662567,exper2_11
7.714999999999975,8.372543,Calibration,2006,2006-10-25,0.04087282447482278,exper2_11
7.54400000000004,8.246016,Calibration,2006,2006-10-26,0.04445945898790084,exper2_11
7.491000000000042,8.133599,Calibration,2006,2006-10-27,0.04112740875726777,exper2_11
7.253000000000043,8.03257,Calibration,2006,2006-10-28,0.05100038082361049,exper2_11
7.136000000000024,7.9423494,Calibration,2006,2006-10-29,0.05347730117502632,exper2_11
,7.8626413,Calibration,2006,2006-10-30,,exper2_11
,7.795253,Calibration,2006,2006-10-31,,exper2_11
,7.6168756,Calibration,2006,2006-11-01,,exper2_11
,5.3010864,Calibration,2006,2006-11-02,,exper2_11
,6.561015,Calibration,2006,2006-11-03,,exper2_11
,7.082306,Calibration,2006,2006-11-04,,exper2_11
,7.1527057,Calibration,2006,2006-11-05,,exper2_11
,7.161228,Calibration,2006,2006-11-06,,exper2_11
,7.2576647,Calibration,2006,2006-11-07,,exper2_11
,7.194155,Calibration,2006,2006-11-08,,exper2_11
,7.17082,Calibration,2006,2006-11-09,,exper2_11
,6.5778275,Calibration,2006,2006-11-10,,exper2_11
,6.9919834,Calibration,2006,2006-11-11,,exper2_11
,5.7430415,Calibration,2006,2006-11-12,,exper2_11
,6.808271,Calibration,2006,2006-11-13,,exper2_11
,6.9509087,Calibration,2006,2006-11-14,,exper2_11
,6.9556537,Calibration,2006,2006-11-15,,exper2_11
,6.6836905,Calibration,2006,2006-11-16,,exper2_11
,6.922556,Calibration,2006,2006-11-17,,exper2_11
,6.9563823,Calibration,2006,2006-11-18,,exper2_11
,6.3208523,Calibration,2006,2006-11-19,,exper2_11
,5.778409,Calibration,2006,2006-11-20,,exper2_11
,6.7277393,Calibration,2006,2006-11-21,,exper2_11
,6.43548,Calibration,2006,2006-11-22,,exper2_11
,6.597436,Calibration,2006,2006-11-23,,exper2_11
,5.7316723,Calibration,2006,2006-11-24,,exper2_11
,4.4973335,Calibration,2006,2006-11-25,,exper2_11
,6.402919,Calibration,2006,2006-11-26,,exper2_11
,6.7200565,Calibration,2006,2006-11-27,,exper2_11
,6.7838893,Calibration,2006,2006-11-28,,exper2_11
,6.8073587,Calibration,2006,2006-11-29,,exper2_11
,4.603116,Calibration,2006,2006-11-30,,exper2_11
,4.275326,Calibration,2006,2006-12-01,,exper2_11
,4.206944,Calibration,2006,2006-12-02,,exper2_11
,4.1857414,Calibration,2006,2006-12-03,,exper2_11
,4.17658,Calibration,2006,2006-12-04,,exper2_11
,4.1712747,Calibration,2006,2006-12-05,,exper2_11
,4.1675835,Calibration,2006,2006-12-06,,exper2_11
,4.164812,Calibration,2006,2006-12-07,,exper2_11
,4.1626935,Calibration,2006,2006-12-08,,exper2_11
,4.161081,Calibration,2006,2006-12-09,,exper2_11
,4.1598916,Calibration,2006,2006-12-10,,exper2_11
,4.99389,Calibration,2006,2006-12-11,,exper2_11
,6.227484,Calibration,2006,2006-12-12,,exper2_11
,6.5323553,Calibration,2006,2006-12-13,,exper2_11
,4.486599,Calibration,2006,2006-12-14,,exper2_11
,4.443169,Calibration,2006,2006-12-15,,exper2_11
,2.4072719,Calibration,2006,2006-12-16,,exper2_11
,2.425127,Calibration,2006,2006-12-17,,exper2_11
,2.0258687,Calibration,2006,2006-12-18,,exper2_11
,1.8321149,Calibration,2006,2006-12-19,,exper2_11
,1.7806528,Calibration,2006,2006-12-20,,exper2_11
,1.8113471,Calibration,2006,2006-12-21,,exper2_11
,1.9093921,Calibration,2006,2006-12-22,,exper2_11
,2.514592,Calibration,2006,2006-12-23,,exper2_11
,2.0376709,Calibration,2006,2006-12-24,,exper2_11
,1.9777998,Calibration,2006,2006-12-25,,exper2_11
,1.9770929,Calibration,2006,2006-12-26,,exper2_11
,1.9834563,Calibration,2006,2006-12-27,,exper2_11
,1.9881475,Calibration,2006,2006-12-28,,exper2_11
,1.9912871,Calibration,2006,2006-12-29,,exper2_11
,2.1376915,Calibration,2006,2006-12-30,,exper2_11
,2.0194814,Calibration,2006,2006-12-31,,exper2_11
,1.4230149,Calibration,2007,2007-01-01,,exper2_11
,1.1966788,Calibration,2007,2007-01-02,,exper2_11
,0.68001187,Calibration,2007,2007-01-03,,exper2_11
,1.8056693,Calibration,2007,2007-01-04,,exper2_11
,0.7027861,Calibration,2007,2007-01-05,,exper2_11
,1.2076211,Calibration,2007,2007-01-06,,exper2_11
,1.6185321,Calibration,2007,2007-01-07,,exper2_11
,2.1567447,Calibration,2007,2007-01-08,,exper2_11
,1.5245177,Calibration,2007,2007-01-09,,exper2_11
,1.7847829,Calibration,2007,2007-01-10,,exper2_11
,1.7160583,Calibration,2007,2007-01-11,,exper2_11
,0.65636367,Calibration,2007,2007-01-12,,exper2_11
,1.4726939,Calibration,2007,2007-01-13,,exper2_11
,1.9288626,Calibration,2007,2007-01-14,,exper2_11
,0.8218173,Calibration,2007,2007-01-15,,exper2_11
,1.6629986,Calibration,2007,2007-01-16,,exper2_11
,1.8604516,Calibration,2007,2007-01-17,,exper2_11
,1.9450718,Calibration,2007,2007-01-18,,exper2_11
,2.0031645,Calibration,2007,2007-01-19,,exper2_11
,1.9365526,Calibration,2007,2007-01-20,,exper2_11
,0.35794473,Calibration,2007,2007-01-21,,exper2_11
,1.1769053,Calibration,2007,2007-01-22,,exper2_11
,0.4029675,Calibration,2007,2007-01-23,,exper2_11
,1.0798857,Calibration,2007,2007-01-24,,exper2_11
,1.5249518,Calibration,2007,2007-01-25,,exper2_11
,0.19097216,Calibration,2007,2007-01-26,,exper2_11
,1.310445,Calibration,2007,2007-01-27,,exper2_11
,1.8264573,Calibration,2007,2007-01-28,,exper2_11
,1.7892327,Calibration,2007,2007-01-29,,exper2_11
,1.980669,Calibration,2007,2007-01-30,,exper2_11
,1.8072358,Calibration,2007,2007-01-31,,exper2_11
,1.7900027,Calibration,2007,2007-02-01,,exper2_11
,1.8500557,Calibration,2007,2007-02-02,,exper2_11
,1.713382,Calibration,2007,2007-02-03,,exper2_11
,1.5334013,Calibration,2007,2007-02-04,,exper2_11
,1.5706413,Calibration,2007,2007-02-05,,exper2_11
,1.4568008,Calibration,2007,2007-02-06,,exper2_11
,2.116367,Calibration,2007,2007-02-07,,exper2_11
,2.6945782,Calibration,2007,2007-02-08,,exper2_11
,2.732542,Calibration,2007,2007-02-09,,exper2_11
,2.8863358,Calibration,2007,2007-02-10,,exper2_11
,2.9774435,Calibration,2007,2007-02-11,,exper2_11
,3.0688212,Calibration,2007,2007-02-12,,exper2_11
,2.6602218,Calibration,2007,2007-02-13,,exper2_11
,2.6440272,Calibration,2007,2007-02-14,,exper2_11
,3.001481,Calibration,2007,2007-02-15,,exper2_11
,2.5898151,Calibration,2007,2007-02-16,,exper2_11
,1.9893562,Calibration,2007,2007-02-17,,exper2_11
,3.0284982,Calibration,2007,2007-02-18,,exper2_11
,2.4121046,Calibration,2007,2007-02-19,,exper2_11
,3.0203881,Calibration,2007,2007-02-20,,exper2_11
,2.4439454,Calibration,2007,2007-02-21,,exper2_11
,2.5951924,Calibration,2007,2007-02-22,,exper2_11
,2.7384183,Calibration,2007,2007-02-23,,exper2_11
,2.4752085,Calibration,2007,2007-02-24,,exper2_11
,2.7212427,Calibration,2007,2007-02-25,,exper2_11
,2.7149484,Calibration,2007,2007-02-26,,exper2_11
,2.5744772,Calibration,2007,2007-02-27,,exper2_11
,2.449905,Calibration,2007,2007-02-28,,exper2_11
,2.578007,Calibration,2007,2007-03-01,,exper2_11
,2.7090664,Calibration,2007,2007-03-02,,exper2_11
,3.4085555,Calibration,2007,2007-03-03,,exper2_11
,3.7935548,Calibration,2007,2007-03-04,,exper2_11
,3.80222,Calibration,2007,2007-03-05,,exper2_11
,2.2727125,Calibration,2007,2007-03-06,,exper2_11
,3.4566603,Calibration,2007,2007-03-07,,exper2_11
,3.5332384,Calibration,2007,2007-03-08,,exper2_11
,3.1757073,Calibration,2007,2007-03-09,,exper2_11
,3.4244418,Calibration,2007,2007-03-10,,exper2_11
,3.6220045,Calibration,2007,2007-03-11,,exper2_11
,3.230412,Calibration,2007,2007-03-12,,exper2_11
,2.7931526,Calibration,2007,2007-03-13,,exper2_11
,2.9043725,Calibration,2007,2007-03-14,,exper2_11
,3.4662228,Calibration,2007,2007-03-15,,exper2_11
,3.6794367,Calibration,2007,2007-03-16,,exper2_11
,3.9234695,Calibration,2007,2007-03-17,,exper2_11
,3.9689617,Calibration,2007,2007-03-18,,exper2_11
,3.3384223,Calibration,2007,2007-03-19,,exper2_11
,3.7227855,Calibration,2007,2007-03-20,,exper2_11
,3.2028284,Calibration,2007,2007-03-21,,exper2_11
,3.5421815,Calibration,2007,2007-03-22,,exper2_11
,3.4869373,Calibration,2007,2007-03-23,,exper2_11
,3.7156534,Calibration,2007,2007-03-24,,exper2_11
,2.9442677,Calibration,2007,2007-03-25,,exper2_11
,3.1313257,Calibration,2007,2007-03-26,,exper2_11
,4.2278233,Calibration,2007,2007-03-27,,exper2_11
,3.6471014,Calibration,2007,2007-03-28,,exper2_11
,4.7641764,Calibration,2007,2007-03-29,,exper2_11
,5.051237,Calibration,2007,2007-03-30,,exper2_11
,3.8677938,Calibration,2007,2007-03-31,,exper2_11
,3.606255,Calibration,2007,2007-04-01,,exper2_11
,4.4169335,Calibration,2007,2007-04-02,,exper2_11
,3.9634173,Calibration,2007,2007-04-03,,exper2_11
,4.0711374,Calibration,2007,2007-04-04,,exper2_11
,4.538535,Calibration,2007,2007-04-05,,exper2_11
,3.783922,Calibration,2007,2007-04-06,,exper2_11
,3.4789536,Calibration,2007,2007-04-07,,exper2_11
,4.2051024,Calibration,2007,2007-04-08,,exper2_11
,5.0161138,Calibration,2007,2007-04-09,,exper2_11
,4.214863,Calibration,2007,2007-04-10,,exper2_11
,4.3283205,Calibration,2007,2007-04-11,,exper2_11
,3.772824,Calibration,2007,2007-04-12,,exper2_11
,4.5687776,Calibration,2007,2007-04-13,,exper2_11
,4.36053,Calibration,2007,2007-04-14,,exper2_11
,4.33451,Calibration,2007,2007-04-15,,exper2_11
,4.441581,Calibration,2007,2007-04-16,,exper2_11
,4.009407,Calibration,2007,2007-04-17,,exper2_11
,4.174685,Calibration,2007,2007-04-18,,exper2_11
,3.7708497,Calibration,2007,2007-04-19,,exper2_11
,4.429076,Calibration,2007,2007-04-20,,exper2_11
,4.3933024,Calibration,2007,2007-04-21,,exper2_11
,4.4895506,Calibration,2007,2007-04-22,,exper2_11
,3.8380928,Calibration,2007,2007-04-23,,exper2_11
,4.5008006,Calibration,2007,2007-04-24,,exper2_11
,4.7149076,Calibration,2007,2007-04-25,,exper2_11
,4.322005,Calibration,2007,2007-04-26,,exper2_11
,4.9087462,Calibration,2007,2007-04-27,,exper2_11
,4.772164,Calibration,2007,2007-04-28,,exper2_11
,4.7430468,Calibration,2007,2007-04-29,,exper2_11
,5.6010313,Calibration,2007,2007-04-30,,exper2_11
,4.5471754,Calibration,2007,2007-05-01,,exper2_11
,4.4433293,Calibration,2007,2007-05-02,,exper2_11
,5.771386,Calibration,2007,2007-05-03,,exper2_11
,6.225924,Calibration,2007,2007-05-04,,exper2_11
,6.450148,Calibration,2007,2007-05-05,,exper2_11
,6.812029,Calibration,2007,2007-05-06,,exper2_11
,7.74242,Calibration,2007,2007-05-07,,exper2_11
,7.129092,Calibration,2007,2007-05-08,,exper2_11
,7.1686354,Calibration,2007,2007-05-09,,exper2_11
,7.86651,Calibration,2007,2007-05-10,,exper2_11
,8.831595,Calibration,2007,2007-05-11,,exper2_11
,9.077326,Calibration,2007,2007-05-12,,exper2_11
,8.717893,Calibration,2007,2007-05-13,,exper2_11
,8.625962,Calibration,2007,2007-05-14,,exper2_11
,8.687023,Calibration,2007,2007-05-15,,exper2_11
,9.409038,Calibration,2007,2007-05-16,,exper2_11
,10.700816,Calibration,2007,2007-05-17,,exper2_11
,11.334635,Calibration,2007,2007-05-18,,exper2_11
,11.442876,Calibration,2007,2007-05-19,,exper2_11
,10.393823,Calibration,2007,2007-05-20,,exper2_11
,10.622379,Calibration,2007,2007-05-21,,exper2_11
,11.677329,Calibration,2007,2007-05-22,,exper2_11
,12.522412,Calibration,2007,2007-05-23,,exper2_11
,12.643432,Calibration,2007,2007-05-24,,exper2_11
,13.848744,Calibration,2007,2007-05-25,,exper2_11
,14.274657,Calibration,2007,2007-05-26,,exper2_11
,14.066071,Calibration,2007,2007-05-27,,exper2_11
,14.882856,Calibration,2007,2007-05-28,,exper2_11
,14.608367,Calibration,2007,2007-05-29,,exper2_11
,15.437287,Calibration,2007,2007-05-30,,exper2_11
,15.8619585,Calibration,2007,2007-05-31,,exper2_11
,16.191793,Calibration,2007,2007-06-01,,exper2_11
,16.426138,Calibration,2007,2007-06-02,,exper2_11
,16.386606,Calibration,2007,2007-06-03,,exper2_11
,16.022202,Calibration,2007,2007-06-04,,exper2_11
,17.342123,Calibration,2007,2007-06-05,,exper2_11
,18.219341,Calibration,2007,2007-06-06,,exper2_11
,16.929108,Calibration,2007,2007-06-07,,exper2_11
,17.83532,Calibration,2007,2007-06-08,,exper2_11
,17.957071,Calibration,2007,2007-06-09,,exper2_11
,18.046076,Calibration,2007,2007-06-10,,exper2_11
,18.103037,Calibration,2007,2007-06-11,,exper2_11
,18.220312,Calibration,2007,2007-06-12,,exper2_11
19.963000000000022,18.245983,Calibration,2007,2007-06-13,-0.044937518244293234,exper2_11
20.79400000000004,20.148993,Calibration,2007,2007-06-14,-0.015753793788818034,exper2_11
21.31400000000002,21.116505,Calibration,2007,2007-06-15,-0.0046545600235101065,exper2_11
21.819000000000017,20.765781,Calibration,2007,2007-06-16,-0.024732276713016574,exper2_11
21.185000000000002,20.811453,Calibration,2007,2007-06-17,-0.008894730600102416,exper2_11
20.459500000000048,20.719675,Calibration,2007,2007-06-18,0.006318122295601031,exper2_11
19.168499999999995,20.817589,Calibration,2007,2007-06-19,0.04124156313829366,exper2_11
18.68900000000002,21.16671,Calibration,2007,2007-06-20,0.0621669995622984,exper2_11
19.261000000000024,20.06229,Calibration,2007,2007-06-21,0.020376987473456783,exper2_11
19.29000000000002,20.701134,Calibration,2007,2007-06-22,0.035286164618992664,exper2_11
19.66900000000004,19.896036,Calibration,2007,2007-06-23,0.005738302556367481,exper2_11
20.53200000000004,19.692522,Calibration,2007,2007-06-24,-0.02086980548900648,exper2_11
21.196500000000015,19.38397,Calibration,2007,2007-06-25,-0.0446650747943353,exper2_11
21.874500000000012,20.801199,Calibration,2007,2007-06-26,-0.025150168991297957,exper2_11
21.936000000000035,20.955801,Calibration,2007,2007-06-27,-0.022852828903982315,exper2_11
21.36850000000004,21.018915,Calibration,2007,2007-06-28,-0.008247373003370712,exper2_11
21.670000000000016,20.000511,Calibration,2007,2007-06-29,-0.04006403530252432,exper2_11
21.581000000000017,21.395943,Calibration,2007,2007-06-30,-0.004305967349870563,exper2_11
21.478499999999997,20.141863,Calibration,2007,2007-07-01,-0.03211498023061278,exper2_11
20.861500000000035,20.785368,Calibration,2007,2007-07-02,-0.0018280374496468176,exper2_11
21.181500000000028,20.886118,Calibration,2007,2007-07-03,-0.007021601871408538,exper2_11
21.472500000000025,21.259989,Calibration,2007,2007-07-04,-0.00497305963807158,exper2_11
21.432000000000016,22.029013,Calibration,2007,2007-07-05,0.013736741121259959,exper2_11
21.945500000000038,22.14437,Calibration,2007,2007-07-06,0.004510540160613842,exper2_11
22.27000000000004,22.230276,Calibration,2007,2007-07-07,-0.0008926661964014313,exper2_11
22.94300000000004,22.300655,Calibration,2007,2007-07-08,-0.014197452213528595,exper2_11
23.55450000000002,23.229342,Calibration,2007,2007-07-09,-0.006950230732840759,exper2_11
22.66500000000002,22.791952,Calibration,2007,2007-07-10,0.0027927990597950572,exper2_11
21.478499999999997,22.671808,Calibration,2007,2007-07-11,0.027028310566608937,exper2_11
20.753499999999974,22.307175,Calibration,2007,2007-07-12,0.036081057579072366,exper2_11
20.420500000000004,22.364588,Calibration,2007,2007-07-13,0.045438443264079566,exper2_11
20.075499999999977,22.30615,Calibration,2007,2007-07-14,0.05263245799614963,exper2_11
19.988999999999976,22.241982,Calibration,2007,2007-07-15,0.05334902069489056,exper2_11
20.849000000000046,22.865107,Calibration,2007,2007-07-16,0.04612027421468856,exper2_11
21.26950000000005,22.507051,Calibration,2007,2007-07-17,0.02826973405621138,exper2_11
21.72550000000001,22.438303,Calibration,2007,2007-07-18,0.01613998219027659,exper2_11
20.355999999999995,22.3668,Calibration,2007,2007-07-19,0.04706621040101404,exper2_11
20.802999999999997,22.365526,Calibration,2007,2007-07-20,0.03619595888276313,exper2_11
21.063499999999976,22.682962,Calibration,2007,2007-07-21,0.03701927717361965,exper2_11
20.974499999999978,22.517843,Calibration,2007,2007-07-22,0.03548540113633918,exper2_11
21.248500000000035,21.516277,Calibration,2007,2007-07-23,0.006261632353912191,exper2_11
22.599000000000046,21.450674,Calibration,2007,2007-07-24,-0.02606888626479062,exper2_11
23.709500000000048,21.438549,Calibration,2007,2007-07-25,-0.050300090623009386,exper2_11
24.257000000000005,21.442888,Calibration,2007,2007-07-26,-0.06157808798369313,exper2_11
23.22150000000005,21.565508,Calibration,2007,2007-07-27,-0.03697483241831932,exper2_11
23.65450000000004,21.533497,Calibration,2007,2007-07-28,-0.046937312800945756,exper2_11
23.324000000000012,21.590374,Calibration,2007,2007-07-29,-0.03859846754968398,exper2_11
23.813000000000045,22.824776,Calibration,2007,2007-07-30,-0.021189353254002667,exper2_11
24.297500000000014,23.315737,Calibration,2007,2007-07-31,-0.02061954397470682,exper2_11
24.26800000000003,23.907747,Calibration,2007,2007-08-01,-0.00747788569452046,exper2_11
24.098000000000013,24.167639,Calibration,2007,2007-08-02,0.001442823102493814,exper2_11
23.860000000000014,24.45376,Calibration,2007,2007-08-03,0.012289669553497123,exper2_11
23.683500000000038,23.796099,Calibration,2007,2007-08-04,0.0023715177079795197,exper2_11
23.252499999999998,23.120436,Calibration,2007,2007-08-05,-0.0028478741585556454,exper2_11
23.172000000000025,23.10258,Calibration,2007,2007-08-06,-0.001500194804656822,exper2_11
22.858000000000004,23.046957,Calibration,2007,2007-08-07,0.004116266047812282,exper2_11
23.402499999999975,23.588085,Calibration,2007,2007-08-08,0.0039494118634862815,exper2_11
23.254500000000007,23.258957,Calibration,2007,2007-08-09,9.581977938949164e-05,exper2_11
23.72800000000001,23.332502,Calibration,2007,2007-08-10,-0.0084040249256009,exper2_11
23.414499999999975,22.976488,Calibration,2007,2007-08-11,-0.00944174514080041,exper2_11
23.424500000000023,22.914272,Calibration,2007,2007-08-12,-0.011010815915778537,exper2_11
23.247000000000014,23.483217,Calibration,2007,2007-08-13,0.005054914214710877,exper2_11
22.970500000000015,23.145643,Calibration,2007,2007-08-14,0.0037978725446152642,exper2_11
22.791500000000042,23.04761,Calibration,2007,2007-08-15,0.005587135809820684,exper2_11
22.55600000000004,23.427412,Calibration,2007,2007-08-16,0.01895057357757856,exper2_11
21.896500000000003,23.193567,Calibration,2007,2007-08-17,0.028766141954534908,exper2_11
21.253499999999974,23.074085,Calibration,2007,2007-08-18,0.0410711575178197,exper2_11
20.799500000000023,22.119081,Calibration,2007,2007-08-19,0.030746158217710023,exper2_11
20.226999999999975,21.13362,Calibration,2007,2007-08-20,0.021919867826689112,exper2_11
19.71950000000004,20.1569,Calibration,2007,2007-08-21,0.010968903948993622,exper2_11
20.298500000000047,20.169935,Calibration,2007,2007-08-22,-0.0031769148680999165,exper2_11
20.605000000000018,19.58685,Calibration,2007,2007-08-23,-0.025332270281138724,exper2_11
20.18100000000004,19.679073,Calibration,2007,2007-08-24,-0.012592216327784345,exper2_11
19.83200000000005,19.861292,Calibration,2007,2007-08-25,0.0007379555583475788,exper2_11
19.793000000000006,20.04276,Calibration,2007,2007-08-26,0.006269764745946679,exper2_11
19.710000000000036,20.047419,Calibration,2007,2007-08-27,0.008486934169518194,exper2_11
20.03800000000001,19.407652,Calibration,2007,2007-08-28,-0.015980166846602334,exper2_11
19.878499999999974,19.586443,Calibration,2007,2007-08-29,-0.007400417454084046,exper2_11
20.095000000000027,19.790682,Calibration,2007,2007-08-30,-0.007629759527221887,exper2_11
20.11700000000002,19.900772,Calibration,2007,2007-08-31,-0.005403296934212637,exper2_11
20.212499999999977,20.07493,Calibration,2007,2007-09-01,-0.0034147079698951346,exper2_11
20.08050000000003,20.225348,Calibration,2007,2007-09-02,0.003593709792428332,exper2_11
20.521500000000003,20.355597,Calibration,2007,2007-09-03,-0.004058592015450248,exper2_11
20.424000000000035,20.46745,Calibration,2007,2007-09-04,0.0010625494839368631,exper2_11
20.625999999999976,20.564054,Calibration,2007,2007-09-05,-0.0015038948511362834,exper2_11
20.83299999999997,20.620955,Calibration,2007,2007-09-06,-0.005115205266625538,exper2_11
20.923500000000047,19.913435,Calibration,2007,2007-09-07,-0.02473410450950933,exper2_11
20.64450000000005,20.02844,Calibration,2007,2007-09-08,-0.015146667964855485,exper2_11
20.000500000000045,19.43538,Calibration,2007,2007-09-09,-0.014330073296776805,exper2_11
19.565999999999974,18.897863,Calibration,2007,2007-09-10,-0.017370501896744685,exper2_11
18.66300000000001,18.450724,Calibration,2007,2007-09-11,-0.005719618811133581,exper2_11
17.76950000000005,18.125643,Calibration,2007,2007-09-12,0.009921754001838784,exper2_11
17.372000000000014,18.115479,Calibration,2007,2007-09-13,0.02095044637498364,exper2_11
16.740499999999997,17.856379,Calibration,2007,2007-09-14,0.032253735073651,exper2_11
16.289000000000044,18.3197,Calibration,2007,2007-09-15,0.058676004211157574,exper2_11
16.079000000000008,18.055803,Calibration,2007,2007-09-16,0.05791166515996836,exper2_11
15.9375,17.895777,Calibration,2007,2007-09-17,0.057880197747471995,exper2_11
15.978499999999997,17.590425,Calibration,2007,2007-09-18,0.048018382112027566,exper2_11
16.152499999999975,17.022945,Calibration,2007,2007-09-19,0.02623764032257502,exper2_11
16.105500000000006,16.338068,Calibration,2007,2007-09-20,0.007168385683179695,exper2_11
16.08050000000003,15.910468,Calibration,2007,2007-09-21,-0.005314996969115912,exper2_11
16.0385,16.259003,Calibration,2007,2007-09-22,0.006827236387089174,exper2_11
16.004500000000007,16.555246,Calibration,2007,2007-09-23,0.016914946055657295,exper2_11
16.166500000000042,16.745552,Calibration,2007,2007-09-24,0.017593921578637144,exper2_11
16.326000000000022,16.350216,Calibration,2007,2007-09-25,0.000741086787115376,exper2_11
16.255999999999972,16.046618,Calibration,2007,2007-09-26,-0.006481904818207706,exper2_11
16.071000000000026,15.742135,Calibration,2007,2007-09-27,-0.010337395280035652,exper2_11
16.132000000000005,15.502472,Calibration,2007,2007-09-28,-0.019900065905563563,exper2_11
15.682000000000016,15.33027,Calibration,2007,2007-09-29,-0.01134164601872772,exper2_11
15.396500000000003,15.155835,Calibration,2007,2007-09-30,-0.007877134337944916,exper2_11
15.387999999999977,14.973317,Calibration,2007,2007-10-01,-0.013658262969965577,exper2_11
15.363,14.817237,Calibration,2007,2007-10-02,-0.018083459764507336,exper2_11
15.229000000000042,14.865644,Calibration,2007,2007-10-03,-0.012073761017108425,exper2_11
15.196000000000026,15.163497,Calibration,2007,2007-10-04,-0.0010706049873146193,exper2_11
15.363999999999976,14.98048,Calibration,2007,2007-10-05,-0.012638865568138891,exper2_11
15.73150000000004,14.769214,Calibration,2007,2007-10-06,-0.03154963302679413,exper2_11
16.348000000000013,14.615571,Calibration,2007,2007-10-07,-0.05595055482242419,exper2_11
16.504999999999995,14.491738,Calibration,2007,2007-10-08,-0.0649507590075429,exper2_11
15.666500000000042,13.93635,Calibration,2007,2007-10-09,-0.05844539086254046,exper2_11
14.58850000000001,13.0740185,Calibration,2007,2007-10-10,-0.05474850465222014,exper2_11
13.947500000000048,13.214942,Calibration,2007,2007-10-11,-0.02696951997638968,exper2_11
,12.711832,Calibration,2007,2007-10-12,,exper2_11
,12.127907,Calibration,2007,2007-10-13,,exper2_11
,11.771387,Calibration,2007,2007-10-14,,exper2_11
,12.539761,Calibration,2007,2007-10-15,,exper2_11
12.771500000000003,12.440678,Calibration,2007,2007-10-16,-0.013121530470888158,exper2_11
12.710500000000025,12.717238,Calibration,2007,2007-10-17,0.0002650029702022655,exper2_11
12.651499999999999,12.808183,Calibration,2007,2007-10-18,0.006154150392019188,exper2_11
12.504999999999995,12.573318,Calibration,2007,2007-10-19,0.002724167109509951,exper2_11
12.303999999999974,12.818144,Calibration,2007,2007-10-20,0.020465763104646113,exper2_11
12.248000000000047,12.864272,Calibration,2007,2007-10-21,0.024540675360969023,exper2_11
12.019000000000005,12.35424,Calibration,2007,2007-10-22,0.013754445930793389,exper2_11
11.710000000000036,11.413402,Calibration,2007,2007-10-23,-0.012826763180632675,exper2_11
11.31450000000001,10.960368,Calibration,2007,2007-10-24,-0.015898268895684964,exper2_11
11.032000000000039,10.571346,Calibration,2007,2007-10-25,-0.021323257564242436,exper2_11
11.098500000000001,10.232186,Calibration,2007,2007-10-26,-0.040613493146148705,exper2_11
10.780500000000018,10.448845,Calibration,2007,2007-10-27,-0.01562248348892815,exper2_11
10.504999999999995,9.860587,Calibration,2007,2007-10-28,-0.031642244151617,exper2_11
10.483000000000004,9.640824,Calibration,2007,2007-10-29,-0.04184968367654756,exper2_11
10.325499999999977,9.386504,Calibration,2007,2007-10-30,-0.04763573599451917,exper2_11
10.196000000000026,9.675503,Calibration,2007,2007-10-31,-0.026193148487000672,exper2_11
9.79600000000005,9.134785,Calibration,2007,2007-11-01,-0.0349280450887273,exper2_11
9.436500000000024,8.90264,Calibration,2007,2007-11-02,-0.02911039706938965,exper2_11
9.239500000000021,8.710317,Calibration,2007,2007-11-03,-0.029481267249800037,exper2_11
9.055000000000007,8.548272,Calibration,2007,2007-11-04,-0.028786004289519204,exper2_11
8.838000000000022,8.399337,Calibration,2007,2007-11-05,-0.025448431496736115,exper2_11
8.280500000000018,8.268123,Calibration,2007,2007-11-06,-0.0007479369860500912,exper2_11
7.9529999999999745,8.121047,Calibration,2007,2007-11-07,0.010454555703978258,exper2_11
7.791500000000042,8.039113,Calibration,2007,2007-11-08,0.01564140592906603,exper2_11
7.636500000000012,7.9499464,Calibration,2007,2007-11-09,0.020110190314640997,exper2_11
7.5,7.858906,Calibration,2007,2007-11-10,0.023367927187739446,exper2_11
7.448500000000024,7.7943015,Calibration,2007,2007-11-11,0.02268621746688304,exper2_11
7.3525000000000205,7.743445,Calibration,2007,2007-11-12,0.02589734671586742,exper2_11
7.185500000000047,5.4965167,Calibration,2007,2007-11-13,-0.13317939368692888,exper2_11
6.972000000000037,7.015023,Calibration,2007,2007-11-14,0.0030759390896984502,exper2_11
6.607000000000028,7.120519,Calibration,2007,2007-11-15,0.037408009065094276,exper2_11
6.363999999999976,5.045169,Calibration,2007,2007-11-16,-0.11559396986851389,exper2_11
6.25,5.89799,Calibration,2007,2007-11-17,-0.028976790949287456,exper2_11
,4.555135,Calibration,2007,2007-11-18,,exper2_11
,6.515195,Calibration,2007,2007-11-19,,exper2_11
,4.7807345,Calibration,2007,2007-11-20,,exper2_11
,6.4585075,Calibration,2007,2007-11-21,,exper2_11
,4.53255,Calibration,2007,2007-11-22,,exper2_11
,4.2566013,Calibration,2007,2007-11-23,,exper2_11
,4.199897,Calibration,2007,2007-11-24,,exper2_11
,4.1865554,Calibration,2007,2007-11-25,,exper2_11
,4.1743555,Calibration,2007,2007-11-26,,exper2_11
,4.168949,Calibration,2007,2007-11-27,,exper2_11
,4.16564,Calibration,2007,2007-11-28,,exper2_11
,4.1632676,Calibration,2007,2007-11-29,,exper2_11
,4.161492,Calibration,2007,2007-11-30,,exper2_11
,4.160145,Calibration,2007,2007-12-01,,exper2_11
,4.592312,Calibration,2007,2007-12-02,,exper2_11
,4.219763,Calibration,2007,2007-12-03,,exper2_11
,4.168144,Calibration,2007,2007-12-04,,exper2_11
,4.159621,Calibration,2007,2007-12-05,,exper2_11
,4.1577663,Calibration,2007,2007-12-06,,exper2_11
,4.157652,Calibration,2007,2007-12-07,,exper2_11
,4.1570554,Calibration,2007,2007-12-08,,exper2_11
,4.1568265,Calibration,2007,2007-12-09,,exper2_11
,4.156655,Calibration,2007,2007-12-10,,exper2_11
,2.2101233,Calibration,2007,2007-12-11,,exper2_11
,2.169421,Calibration,2007,2007-12-12,,exper2_11
,1.8390095,Calibration,2007,2007-12-13,,exper2_11
,1.6684765,Calibration,2007,2007-12-14,,exper2_11
,1.640422,Calibration,2007,2007-12-15,,exper2_11
,1.6801834,Calibration,2007,2007-12-16,,exper2_11
,1.7223543,Calibration,2007,2007-12-17,,exper2_11
,1.7896962,Calibration,2007,2007-12-18,,exper2_11
,1.891592,Calibration,2007,2007-12-19,,exper2_11
,1.9259335,Calibration,2007,2007-12-20,,exper2_11
,1.9946502,Calibration,2007,2007-12-21,,exper2_11
,2.1369526,Calibration,2007,2007-12-22,,exper2_11
,1.9983877,Calibration,2007,2007-12-23,,exper2_11
,1.9807109,Calibration,2007,2007-12-24,,exper2_11
,1.9807544,Calibration,2007,2007-12-25,,exper2_11
,1.9825529,Calibration,2007,2007-12-26,,exper2_11
,1.9839644,Calibration,2007,2007-12-27,,exper2_11
,1.9849453,Calibration,2007,2007-12-28,,exper2_11
,1.98562,Calibration,2007,2007-12-29,,exper2_11
,1.986075,Calibration,2007,2007-12-30,,exper2_11
,1.9863842,Calibration,2007,2007-12-31,,exper2_11
,1.2056221,Calibration,2008,2008-01-01,,exper2_11
,0.77800757,Calibration,2008,2008-01-02,,exper2_11
,1.2870703,Calibration,2008,2008-01-03,,exper2_11
,1.7282878,Calibration,2008,2008-01-04,,exper2_11
,0.5142449,Calibration,2008,2008-01-05,,exper2_11
,0.37776023,Calibration,2008,2008-01-06,,exper2_11
,0.37920988,Calibration,2008,2008-01-07,,exper2_11
,0.3224737,Calibration,2008,2008-01-08,,exper2_11
,1.544637,Calibration,2008,2008-01-09,,exper2_11
,0.57567734,Calibration,2008,2008-01-10,,exper2_11
,1.5938337,Calibration,2008,2008-01-11,,exper2_11
,0.60668224,Calibration,2008,2008-01-12,,exper2_11
,0.8387717,Calibration,2008,2008-01-13,,exper2_11
,0.56199116,Calibration,2008,2008-01-14,,exper2_11
,1.2757491,Calibration,2008,2008-01-15,,exper2_11
,0.55964106,Calibration,2008,2008-01-16,,exper2_11
,0.42300642,Calibration,2008,2008-01-17,,exper2_11
,1.0754291,Calibration,2008,2008-01-18,,exper2_11
,0.6122809,Calibration,2008,2008-01-19,,exper2_11
,0.59010386,Calibration,2008,2008-01-20,,exper2_11
,0.5795351,Calibration,2008,2008-01-21,,exper2_11
,1.3512996,Calibration,2008,2008-01-22,,exper2_11
,1.4977585,Calibration,2008,2008-01-23,,exper2_11
,1.3049468,Calibration,2008,2008-01-24,,exper2_11
,1.543591,Calibration,2008,2008-01-25,,exper2_11
,1.7105751,Calibration,2008,2008-01-26,,exper2_11
,1.9725361,Calibration,2008,2008-01-27,,exper2_11
,2.0724432,Calibration,2008,2008-01-28,,exper2_11
,0.5420127,Calibration,2008,2008-01-29,,exper2_11
,1.0626394,Calibration,2008,2008-01-30,,exper2_11
,1.3902043,Calibration,2008,2008-01-31,,exper2_11
,1.5875123,Calibration,2008,2008-02-01,,exper2_11
,0.319108,Calibration,2008,2008-02-02,,exper2_11
,1.2982756,Calibration,2008,2008-02-03,,exper2_11
,0.392182,Calibration,2008,2008-02-04,,exper2_11
,0.4321624,Calibration,2008,2008-02-05,,exper2_11
,1.2183589,Calibration,2008,2008-02-06,,exper2_11
,2.4308305,Calibration,2008,2008-02-07,,exper2_11
,1.3453916,Calibration,2008,2008-02-08,,exper2_11
,2.101336,Calibration,2008,2008-02-09,,exper2_11
,2.2525847,Calibration,2008,2008-02-10,,exper2_11
,2.201858,Calibration,2008,2008-02-11,,exper2_11
,2.621248,Calibration,2008,2008-02-12,,exper2_11
,1.9159817,Calibration,2008,2008-02-13,,exper2_11
,1.8719535,Calibration,2008,2008-02-14,,exper2_11
,2.7888427,Calibration,2008,2008-02-15,,exper2_11
,2.1295183,Calibration,2008,2008-02-16,,exper2_11
,1.8680654,Calibration,2008,2008-02-17,,exper2_11
,2.2008119,Calibration,2008,2008-02-18,,exper2_11
,3.0159879,Calibration,2008,2008-02-19,,exper2_11
,3.175567,Calibration,2008,2008-02-20,,exper2_11
,3.4861808,Calibration,2008,2008-02-21,,exper2_11
,3.388433,Calibration,2008,2008-02-22,,exper2_11
,3.4143324,Calibration,2008,2008-02-23,,exper2_11
,3.1758735,Calibration,2008,2008-02-24,,exper2_11
,2.4144883,Calibration,2008,2008-02-25,,exper2_11
,2.7493446,Calibration,2008,2008-02-26,,exper2_11
,3.0426228,Calibration,2008,2008-02-27,,exper2_11
,3.0909152,Calibration,2008,2008-02-28,,exper2_11
,2.5077162,Calibration,2008,2008-02-29,,exper2_11
,3.563002,Calibration,2008,2008-03-01,,exper2_11
,2.4754293,Calibration,2008,2008-03-02,,exper2_11
,3.1192043,Calibration,2008,2008-03-03,,exper2_11
,3.299941,Calibration,2008,2008-03-04,,exper2_11
,2.5285788,Calibration,2008,2008-03-05,,exper2_11
,3.5724187,Calibration,2008,2008-03-06,,exper2_11
,3.5725024,Calibration,2008,2008-03-07,,exper2_11
,3.6081216,Calibration,2008,2008-03-08,,exper2_11
,3.6181176,Calibration,2008,2008-03-09,,exper2_11
,3.6159258,Calibration,2008,2008-03-10,,exper2_11
,3.2615843,Calibration,2008,2008-03-11,,exper2_11
,2.890111,Calibration,2008,2008-03-12,,exper2_11
,2.6509275,Calibration,2008,2008-03-13,,exper2_11
,2.765852,Calibration,2008,2008-03-14,,exper2_11
,3.2955303,Calibration,2008,2008-03-15,,exper2_11
,3.6952105,Calibration,2008,2008-03-16,,exper2_11
,3.1219542,Calibration,2008,2008-03-17,,exper2_11
,2.6622097,Calibration,2008,2008-03-18,,exper2_11
,3.7583694,Calibration,2008,2008-03-19,,exper2_11
,3.802345,Calibration,2008,2008-03-20,,exper2_11
,3.2857363,Calibration,2008,2008-03-21,,exper2_11
,3.461472,Calibration,2008,2008-03-22,,exper2_11
,3.6740146,Calibration,2008,2008-03-23,,exper2_11
,3.7022626,Calibration,2008,2008-03-24,,exper2_11
,3.478562,Calibration,2008,2008-03-25,,exper2_11
,3.8328938,Calibration,2008,2008-03-26,,exper2_11
,3.7856266,Calibration,2008,2008-03-27,,exper2_11
,4.004713,Calibration,2008,2008-03-28,,exper2_11
,4.0418134,Calibration,2008,2008-03-29,,exper2_11
,2.9829726,Calibration,2008,2008-03-30,,exper2_11
,2.9441133,Calibration,2008,2008-03-31,,exper2_11
,3.7526054,Calibration,2008,2008-04-01,,exper2_11
,4.174583,Calibration,2008,2008-04-02,,exper2_11
,4.108145,Calibration,2008,2008-04-03,,exper2_11
,4.117511,Calibration,2008,2008-04-04,,exper2_11
,4.084264,Calibration,2008,2008-04-05,,exper2_11
,3.3367305,Calibration,2008,2008-04-06,,exper2_11
,2.771429,Calibration,2008,2008-04-07,,exper2_11
,2.8297775,Calibration,2008,2008-04-08,,exper2_11
,3.47655,Calibration,2008,2008-04-09,,exper2_11
,3.6963866,Calibration,2008,2008-04-10,,exper2_11
,3.2662816,Calibration,2008,2008-04-11,,exper2_11
,3.6898937,Calibration,2008,2008-04-12,,exper2_11
,4.366418,Calibration,2008,2008-04-13,,exper2_11
,5.0739946,Calibration,2008,2008-04-14,,exper2_11
,4.4411745,Calibration,2008,2008-04-15,,exper2_11
,4.0380526,Calibration,2008,2008-04-16,,exper2_11
,3.698002,Calibration,2008,2008-04-17,,exper2_11
,3.716159,Calibration,2008,2008-04-18,,exper2_11
,3.8584282,Calibration,2008,2008-04-19,,exper2_11
,4.4637675,Calibration,2008,2008-04-20,,exper2_11
,4.1168065,Calibration,2008,2008-04-21,,exper2_11
,4.663809,Calibration,2008,2008-04-22,,exper2_11
,5.4136395,Calibration,2008,2008-04-23,,exper2_11
,6.338228,Calibration,2008,2008-04-24,,exper2_11
,5.70969,Calibration,2008,2008-04-25,,exper2_11
,5.437852,Calibration,2008,2008-04-26,,exper2_11
,4.963557,Calibration,2008,2008-04-27,,exper2_11
,4.9446297,Calibration,2008,2008-04-28,,exper2_11
,5.310834,Calibration,2008,2008-04-29,,exper2_11
,6.130659,Calibration,2008,2008-04-30,,exper2_11
,4.6656713,Calibration,2008,2008-05-01,,exper2_11
,5.0046453,Calibration,2008,2008-05-02,,exper2_11
,5.0747457,Calibration,2008,2008-05-03,,exper2_11
,6.198528,Calibration,2008,2008-05-04,,exper2_11
,6.3811665,Calibration,2008,2008-05-05,,exper2_11
,5.7507076,Calibration,2008,2008-05-06,,exper2_11
,4.6614795,Calibration,2008,2008-05-07,,exper2_11
,5.720296,Calibration,2008,2008-05-08,,exper2_11
,5.771017,Calibration,2008,2008-05-09,,exper2_11
,6.27386,Calibration,2008,2008-05-10,,exper2_11
,5.6907506,Calibration,2008,2008-05-11,,exper2_11
,7.18989,Calibration,2008,2008-05-12,,exper2_11
,6.3274727,Calibration,2008,2008-05-13,,exper2_11
,6.6955824,Calibration,2008,2008-05-14,,exper2_11
,7.600168,Calibration,2008,2008-05-15,,exper2_11
,7.3381133,Calibration,2008,2008-05-16,,exper2_11
,8.191601,Calibration,2008,2008-05-17,,exper2_11
,7.972617,Calibration,2008,2008-05-18,,exper2_11
,8.289167,Calibration,2008,2008-05-19,,exper2_11
,9.198089,Calibration,2008,2008-05-20,,exper2_11
,9.633114,Calibration,2008,2008-05-21,,exper2_11
,8.628935,Calibration,2008,2008-05-22,,exper2_11
,9.909353,Calibration,2008,2008-05-23,,exper2_11
,10.407339,Calibration,2008,2008-05-24,,exper2_11
,9.33472,Calibration,2008,2008-05-25,,exper2_11
,9.187489,Calibration,2008,2008-05-26,,exper2_11
,10.665809,Calibration,2008,2008-05-27,,exper2_11
,11.123542,Calibration,2008,2008-05-28,,exper2_11
,11.615228,Calibration,2008,2008-05-29,,exper2_11
11.722000000000037,10.625268,Calibration,2008,2008-05-30,-0.04907678282539089,exper2_11
11.486000000000047,11.646636,Calibration,2008,2008-05-31,0.0069441290284540935,exper2_11
11.922000000000025,12.642571,Calibration,2008,2008-06-01,0.029333768381328125,exper2_11
12.551000000000045,13.480616,Calibration,2008,2008-06-02,0.035711022687306776,exper2_11
12.241000000000042,14.337272,Calibration,2008,2008-06-03,0.07887163299366252,exper2_11
12.428999999999974,13.558193,Calibration,2008,2008-06-04,0.04345191101639342,exper2_11
12.76950000000005,12.038145,Calibration,2008,2008-06-05,-0.029481030253661562,exper2_11
12.527499999999975,13.028444,Calibration,2008,2008-06-06,0.019601869704889696,exper2_11
,14.305436,Calibration,2008,2008-06-07,,exper2_11
,13.495774,Calibration,2008,2008-06-08,,exper2_11
,13.350989,Calibration,2008,2008-06-09,,exper2_11
,13.837489,Calibration,2008,2008-06-10,,exper2_11
,15.085521,Calibration,2008,2008-06-11,,exper2_11
,13.851463,Calibration,2008,2008-06-12,,exper2_11
,14.680848,Calibration,2008,2008-06-13,,exper2_11
,15.231046,Calibration,2008,2008-06-14,,exper2_11
,15.657108,Calibration,2008,2008-06-15,,exper2_11
,16.06518,Calibration,2008,2008-06-16,,exper2_11
,16.525248,Calibration,2008,2008-06-17,,exper2_11
15.271000000000015,16.835402,Calibration,2008,2008-06-18,0.048725533234458086,exper2_11
15.82650000000001,17.116106,Calibration,2008,2008-06-19,0.03914705570107604,exper2_11
16.700499999999977,17.505932,Calibration,2008,2008-06-20,0.023546210773458535,exper2_11
16.897000000000048,17.079674,Calibration,2008,2008-06-21,0.005376446450939379,exper2_11
17.029999999999973,17.556486,Calibration,2008,2008-06-22,0.015222307573701242,exper2_11
17.180000000000007,17.446543,Calibration,2008,2008-06-23,0.00769764229338629,exper2_11
17.605000000000018,18.554314,Calibration,2008,2008-06-24,0.026253641554231513,exper2_11
18.109500000000025,19.02624,Calibration,2008,2008-06-25,0.024686175906908445,exper2_11
19.60850000000005,19.311766,Calibration,2008,2008-06-26,-0.0076241599102569125,exper2_11
19.451000000000022,19.77722,Calibration,2008,2008-06-27,0.00831594638329404,exper2_11
19.339999999999975,19.770609,Calibration,2008,2008-06-28,0.011010028073375037,exper2_11
18.911999999999978,20.009815,Calibration,2008,2008-06-29,0.028205653050101517,exper2_11
18.90900000000005,19.136452,Calibration,2008,2008-06-30,0.00597842083353859,exper2_11
19.204000000000008,19.153744,Calibration,2008,2008-07-01,-0.0013101984423033266,exper2_11
19.349499999999978,19.927113,Calibration,2008,2008-07-02,0.014706272802392166,exper2_11
19.687000000000012,20.270296,Calibration,2008,2008-07-03,0.01459798719584616,exper2_11
19.80800000000005,20.405035,Calibration,2008,2008-07-04,0.014846803247751216,exper2_11
19.93900000000002,20.547258,Calibration,2008,2008-07-05,0.015023822932958206,exper2_11
19.960500000000025,20.621777,Calibration,2008,2008-07-06,0.016294713764855875,exper2_11
20.979000000000042,20.60948,Calibration,2008,2008-07-07,-0.008885155136149686,exper2_11
20.738,20.587517,Calibration,2008,2008-07-08,-0.003641411579101197,exper2_11
20.50400000000002,20.82401,Calibration,2008,2008-07-09,0.007743195049193977,exper2_11
20.41500000000002,20.880503,Calibration,2008,2008-07-10,0.011272479334573194,exper2_11
20.41900000000004,20.889711,Calibration,2008,2008-07-11,0.01139496644363219,exper2_11
20.371500000000026,20.695082,Calibration,2008,2008-07-12,0.007879441076786384,exper2_11
19.503000000000043,20.577463,Calibration,2008,2008-07-13,0.026807653045389415,exper2_11
19.495000000000005,19.866835,Calibration,2008,2008-07-14,0.009446577983443663,exper2_11
19.902499999999975,21.445032,Calibration,2008,2008-07-15,0.0373065099818657,exper2_11
20.595000000000027,22.169363,Calibration,2008,2008-07-16,0.036814836246856567,exper2_11
20.62050000000005,21.344797,Calibration,2008,2008-07-17,0.017259430621441956,exper2_11
21.036999999999978,21.263592,Calibration,2008,2008-07-18,0.0053567044075647574,exper2_11
21.5865,21.285658,Calibration,2008,2008-07-19,-0.0070171909268657495,exper2_11
21.286,21.294214,Calibration,2008,2008-07-20,0.00019291233738881987,exper2_11
21.273000000000025,21.285206,Calibration,2008,2008-07-21,0.00028680346887770194,exper2_11
21.124500000000012,20.667887,Calibration,2008,2008-07-22,-0.010925752312194484,exper2_11
21.70750000000004,21.157368,Calibration,2008,2008-07-23,-0.012834106883767897,exper2_11
21.630999999999972,21.184092,Calibration,2008,2008-07-24,-0.010438105248404952,exper2_11
21.47800000000001,21.232721,Calibration,2008,2008-07-25,-0.005742789249022492,exper2_11
21.206500000000005,21.83646,Calibration,2008,2008-07-26,0.014635613160987798,exper2_11
21.218500000000006,22.405298,Calibration,2008,2008-07-27,0.027205293466023073,exper2_11
22.059500000000014,22.655096,Calibration,2008,2008-07-28,0.013319947100871254,exper2_11
21.571000000000026,22.347282,Calibration,2008,2008-07-29,0.017675609497357178,exper2_11
21.636000000000024,22.259098,Calibration,2008,2008-07-30,0.014195162572058788,exper2_11
22.072000000000003,22.184855,Calibration,2008,2008-07-31,0.0025499893452052354,exper2_11
22.016999999999996,22.11778,Calibration,2008,2008-08-01,0.00228347538743046,exper2_11
22.497500000000002,22.137135,Calibration,2008,2008-08-02,-0.008073673092992447,exper2_11
22.234500000000025,22.06324,Calibration,2008,2008-08-03,-0.003866110292134101,exper2_11
22.625999999999976,22.00829,Calibration,2008,2008-08-04,-0.01383937488453585,exper2_11
22.422000000000025,21.959375,Calibration,2008,2008-08-05,-0.010423845916308743,exper2_11
22.39549999999997,21.919868,Calibration,2008,2008-08-06,-0.010732879973498378,exper2_11
22.283000000000015,21.875967,Calibration,2008,2008-08-07,-0.009217447817693904,exper2_11
22.24000000000001,21.83782,Calibration,2008,2008-08-08,-0.009124315731016564,exper2_11
22.006500000000017,21.801907,Calibration,2008,2008-08-09,-0.004670186164074546,exper2_11
21.658500000000004,21.768959,Calibration,2008,2008-08-10,0.0025435300116143224,exper2_11
21.968000000000018,21.86463,Calibration,2008,2008-08-11,-0.0023582946110430607,exper2_11
21.762,21.75842,Calibration,2008,2008-08-12,-8.223853787446213e-05,exper2_11
21.613500000000045,20.835257,Calibration,2008,2008-08-13,-0.018333715430715394,exper2_11
21.45550000000003,20.80919,Calibration,2008,2008-08-14,-0.015291943189625531,exper2_11
21.726,21.641676,Calibration,2008,2008-08-15,-0.001944398657707546,exper2_11
21.460500000000025,21.352243,Calibration,2008,2008-08-16,-0.0025286063886946447,exper2_11
21.522500000000036,21.350407,Calibration,2008,2008-08-17,-0.004014035126882457,exper2_11
21.647500000000036,21.353447,Calibration,2008,2008-08-18,-0.006838292185083207,exper2_11
21.628000000000043,21.355274,Calibration,2008,2008-08-19,-0.006344928454933781,exper2_11
21.71700000000004,21.357193,Calibration,2008,2008-08-20,-0.00835319205848106,exper2_11
21.704499999999996,21.35874,Calibration,2008,2008-08-21,-0.008029125264976915,exper2_11
21.370000000000005,21.287905,Calibration,2008,2008-08-22,-0.0019245028822134113,exper2_11
21.286,21.291384,Calibration,2008,2008-08-23,0.00012644608035552185,exper2_11
20.90300000000002,21.297667,Calibration,2008,2008-08-24,0.009352140189964966,exper2_11
21.100000000000023,21.268543,Calibration,2008,2008-08-25,0.003978027812754753,exper2_11
20.798000000000002,21.288301,Calibration,2008,2008-08-26,0.011649906282915365,exper2_11
20.57000000000005,21.296068,Calibration,2008,2008-08-27,0.017342641019134217,exper2_11
20.4255,21.303457,Calibration,2008,2008-08-28,0.021039520701626624,exper2_11
20.511500000000012,21.311022,Calibration,2008,2008-08-29,0.01911701567258465,exper2_11
20.96700000000004,21.32133,Calibration,2008,2008-08-30,0.008378886662615943,exper2_11
20.647000000000048,21.326887,Calibration,2008,2008-08-31,0.01619785960303346,exper2_11
20.64100000000002,21.33192,Calibration,2008,2008-09-01,0.01646110429084231,exper2_11
20.730000000000018,21.336761,Calibration,2008,2008-09-02,0.0144237743372659,exper2_11
20.512500000000045,21.341278,Calibration,2008,2008-09-03,0.019801750624841852,exper2_11
19.933500000000038,20.489735,Calibration,2008,2008-09-04,0.013760270658173765,exper2_11
19.752499999999998,19.713537,Calibration,2008,2008-09-05,-0.0009872484435172572,exper2_11
19.405500000000018,19.203865,Calibration,2008,2008-09-06,-0.005222436278419356,exper2_11
19.077999999999975,19.331682,Calibration,2008,2008-09-07,0.006604642127600721,exper2_11
18.62650000000002,18.828245,Calibration,2008,2008-09-08,0.005386371261800389,exper2_11
18.430499999999995,18.851988,Calibration,2008,2008-09-09,0.011305249815091444,exper2_11
18.02800000000002,19.16208,Calibration,2008,2008-09-10,0.030494173216337336,exper2_11
17.664000000000044,18.43165,Calibration,2008,2008-09-11,0.021267109978717915,exper2_11
18.112000000000023,18.209166,Calibration,2008,2008-09-12,0.002675177725904325,exper2_11
17.742999999999995,17.445583,Calibration,2008,2008-09-13,-0.00845207815247341,exper2_11
17.367999999999995,16.794884,Calibration,2008,2008-09-14,-0.016775992229908415,exper2_11
17.153500000000008,16.282362,Calibration,2008,2008-09-15,-0.026054002022061,exper2_11
17.02000000000004,16.57633,Calibration,2008,2008-09-16,-0.013205901139239353,exper2_11
17.119500000000016,16.82045,Calibration,2008,2008-09-17,-0.008811155361285636,exper2_11
17.027000000000044,17.05107,Calibration,2008,2008-09-18,0.0007062976326541675,exper2_11
16.948500000000024,17.314592,Calibration,2008,2008-09-19,0.010684743734983645,exper2_11
17.04050000000001,17.511839,Calibration,2008,2008-09-20,0.013641302666981377,exper2_11
17.089500000000044,17.00162,Calibration,2008,2008-09-21,-0.002577816824872587,exper2_11
17.024500000000046,16.526327,Calibration,2008,2008-09-22,-0.01484830358559735,exper2_11
17.05000000000001,16.721025,Calibration,2008,2008-09-23,-0.009741324953348523,exper2_11
17.10250000000002,16.962591,Calibration,2008,2008-09-24,-0.00410710272378167,exper2_11
17.022000000000048,17.117964,Calibration,2008,2008-09-25,0.0028108931655956705,exper2_11
17.004500000000007,17.352373,Calibration,2008,2008-09-26,0.01012528474060539,exper2_11
17.008500000000026,16.87997,Calibration,2008,2008-09-27,-0.003792719098114618,exper2_11
16.91900000000004,16.444614,Calibration,2008,2008-09-28,-0.0142186510059824,exper2_11
16.712000000000046,16.152603,Calibration,2008,2008-09-29,-0.0170212568228123,exper2_11
16.373500000000035,15.80628,Calibration,2008,2008-09-30,-0.01762659227292757,exper2_11
15.974000000000046,15.493703,Calibration,2008,2008-10-01,-0.01526317676295889,exper2_11
15.478499999999997,15.274606,Calibration,2008,2008-10-02,-0.0066300376493037575,exper2_11
14.946500000000015,14.356317,Calibration,2008,2008-10-03,-0.02014084319143936,exper2_11
14.837499999999977,14.015911,Calibration,2008,2008-10-04,-0.028474584678818412,exper2_11
14.530500000000018,14.308941,Calibration,2008,2008-10-05,-0.007682503742479007,exper2_11
14.27800000000002,14.30725,Calibration,2008,2008-10-06,0.0010232558002726266,exper2_11
14.00550000000004,14.264866,Calibration,2008,2008-10-07,0.00917447890093357,exper2_11
13.886500000000012,14.211313,Calibration,2008,2008-10-08,0.011560089919362795,exper2_11
13.545000000000016,14.158483,Calibration,2008,2008-10-09,0.022144600428216542,exper2_11
13.290999999999997,13.836334,Calibration,2008,2008-10-10,0.020102757754294397,exper2_11
13.218000000000018,13.971085,Calibration,2008,2008-10-11,0.027698048902779472,exper2_11
13.310000000000002,13.957051,Calibration,2008,2008-10-12,0.02373015221131093,exper2_11
13.468000000000018,13.927472,Calibration,2008,2008-10-13,0.016771826842097836,exper2_11
13.268000000000029,13.865637,Calibration,2008,2008-10-14,0.02202568086997036,exper2_11
12.860000000000014,13.845461,Calibration,2008,2008-10-15,0.0369011003299713,exper2_11
12.528500000000008,13.048451,Calibration,2008,2008-10-16,0.02032890531137866,exper2_11
12.291999999999973,12.311704,Calibration,2008,2008-10-17,0.0008008421089986625,exper2_11
12.077500000000043,11.7927475,Calibration,2008,2008-10-18,-0.011929180980237968,exper2_11
11.797500000000014,11.711093,Calibration,2008,2008-10-19,-0.003675551798196097,exper2_11
11.577999999999975,12.257475,Calibration,2008,2008-10-20,0.02850687482262841,exper2_11
11.353499999999997,11.181206,Calibration,2008,2008-10-21,-0.007645728877201397,exper2_11
10.997000000000014,10.744556,Calibration,2008,2008-10-22,-0.011611108608790225,exper2_11
10.736000000000047,10.388265,Calibration,2008,2008-10-23,-0.01646141769168196,exper2_11
10.506500000000017,10.088092,Calibration,2008,2008-10-24,-0.02031640892720827,exper2_11
10.295000000000016,9.809497,Calibration,2008,2008-10-25,-0.024148981361257444,exper2_11
9.999500000000012,9.523088,Calibration,2008,2008-10-26,-0.02440309316016521,exper2_11
9.428999999999974,9.275834,Calibration,2008,2008-10-27,-0.008188573914028385,exper2_11
9.050000000000011,9.055686,Calibration,2008,2008-10-28,0.00031404482604001816,exper2_11
8.871500000000026,8.858083,Calibration,2008,2008-10-29,-0.0007567706962892961,exper2_11
8.692499999999995,8.688105,Calibration,2008,2008-10-30,-0.00025288938889556556,exper2_11
8.694500000000005,8.599519,Calibration,2008,2008-10-31,-0.005492142994097176,exper2_11
8.624500000000012,8.410342,Calibration,2008,2008-11-01,-0.012571750344771784,exper2_11
8.398000000000025,8.275914,Calibration,2008,2008-11-02,-0.007321964500538861,exper2_11
8.443499999999972,8.1912155,Calibration,2008,2008-11-03,-0.01516614363700346,exper2_11
8.507000000000005,8.755399,Calibration,2008,2008-11-04,0.014389584778927631,exper2_11
8.536000000000001,9.351573,Calibration,2008,2008-11-05,0.045594390633899196,exper2_11
8.657500000000027,9.500923,Calibration,2008,2008-11-06,0.04644803953834905,exper2_11
8.568499999999972,8.604519,Calibration,2008,2008-11-07,0.0020974116787970767,exper2_11
8.408000000000015,8.364104,Calibration,2008,2008-11-08,-0.0026171867498477937,exper2_11
7.974000000000046,8.199073,Calibration,2008,2008-11-09,0.013916516674746353,exper2_11
7.520000000000039,7.868896,Calibration,2008,2008-11-10,0.02267193224042224,exper2_11
7.255999999999972,7.84598,Calibration,2008,2008-11-11,0.039066411215593,exper2_11
,7.824929,Calibration,2008,2008-11-12,,exper2_11
,7.76097,Calibration,2008,2008-11-13,,exper2_11
,7.698762,Calibration,2008,2008-11-14,,exper2_11
,7.6105304,Calibration,2008,2008-11-15,,exper2_11
,5.3559937,Calibration,2008,2008-11-16,,exper2_11
,4.6819024,Calibration,2008,2008-11-17,,exper2_11
,4.410151,Calibration,2008,2008-11-18,,exper2_11
,5.059807,Calibration,2008,2008-11-19,,exper2_11
,4.3502717,Calibration,2008,2008-11-20,,exper2_11
,4.2328367,Calibration,2008,2008-11-21,,exper2_11
,4.1984286,Calibration,2008,2008-11-22,,exper2_11
,4.183118,Calibration,2008,2008-11-23,,exper2_11
,6.2252464,Calibration,2008,2008-11-24,,exper2_11
,5.387314,Calibration,2008,2008-11-25,,exper2_11
,4.339501,Calibration,2008,2008-11-26,,exper2_11
,4.2017684,Calibration,2008,2008-11-27,,exper2_11
,4.4319854,Calibration,2008,2008-11-28,,exper2_11
,4.1984,Calibration,2008,2008-11-29,,exper2_11
,4.1685867,Calibration,2008,2008-11-30,,exper2_11
,4.1645746,Calibration,2008,2008-12-01,,exper2_11
,4.160995,Calibration,2008,2008-12-02,,exper2_11
,4.15979,Calibration,2008,2008-12-03,,exper2_11
,4.1589794,Calibration,2008,2008-12-04,,exper2_11
,1.6079278,Calibration,2008,2008-12-05,,exper2_11
,1.5100173,Calibration,2008,2008-12-06,,exper2_11
,1.2537425,Calibration,2008,2008-12-07,,exper2_11
,1.2164397,Calibration,2008,2008-12-08,,exper2_11
,1.4701841,Calibration,2008,2008-12-09,,exper2_11
,1.6262772,Calibration,2008,2008-12-10,,exper2_11
,1.7166978,Calibration,2008,2008-12-11,,exper2_11
,1.805418,Calibration,2008,2008-12-12,,exper2_11
,1.9089402,Calibration,2008,2008-12-13,,exper2_11
,2.1016088,Calibration,2008,2008-12-14,,exper2_11
,2.0110874,Calibration,2008,2008-12-15,,exper2_11
,2.0065835,Calibration,2008,2008-12-16,,exper2_11
,2.0114663,Calibration,2008,2008-12-17,,exper2_11
,2.0357995,Calibration,2008,2008-12-18,,exper2_11
,2.040348,Calibration,2008,2008-12-19,,exper2_11
,2.0402477,Calibration,2008,2008-12-20,,exper2_11
,2.04017,Calibration,2008,2008-12-21,,exper2_11
,2.050217,Calibration,2008,2008-12-22,,exper2_11
,2.05066,Calibration,2008,2008-12-23,,exper2_11
,2.0499024,Calibration,2008,2008-12-24,,exper2_11
,2.0555687,Calibration,2008,2008-12-25,,exper2_11
,2.0554895,Calibration,2008,2008-12-26,,exper2_11
,3.9489331,Calibration,2008,2008-12-27,,exper2_11
,2.3363874,Calibration,2008,2008-12-28,,exper2_11
,2.0960321,Calibration,2008,2008-12-29,,exper2_11
,2.0604937,Calibration,2008,2008-12-30,,exper2_11
,2.0582054,Calibration,2008,2008-12-31,,exper2_11
,1.4221663,Calibration,2009,2009-01-01,,exper2_11
,1.9756061,Calibration,2009,2009-01-02,,exper2_11
,0.84094536,Calibration,2009,2009-01-03,,exper2_11
,1.1170211,Calibration,2009,2009-01-04,,exper2_11
,1.8257967,Calibration,2009,2009-01-05,,exper2_11
,1.8599691,Calibration,2009,2009-01-06,,exper2_11
,0.537607,Calibration,2009,2009-01-07,,exper2_11
,1.2174084,Calibration,2009,2009-01-08,,exper2_11
,1.8121564,Calibration,2009,2009-01-09,,exper2_11
,1.7965614,Calibration,2009,2009-01-10,,exper2_11
,1.8244299,Calibration,2009,2009-01-11,,exper2_11
,0.48265195,Calibration,2009,2009-01-12,,exper2_11
,1.1169031,Calibration,2009,2009-01-13,,exper2_11
,1.1805314,Calibration,2009,2009-01-14,,exper2_11
,0.6430179,Calibration,2009,2009-01-15,,exper2_11
,0.56096846,Calibration,2009,2009-01-16,,exper2_11
,0.01,Calibration,2009,2009-01-17,,exper2_11
,0.030499056,Calibration,2009,2009-01-18,,exper2_11
,0.01,Calibration,2009,2009-01-19,,exper2_11
,0.2729665,Calibration,2009,2009-01-20,,exper2_11
,0.91328245,Calibration,2009,2009-01-21,,exper2_11
,1.3001469,Calibration,2009,2009-01-22,,exper2_11
,1.8681207,Calibration,2009,2009-01-23,,exper2_11
,2.181894,Calibration,2009,2009-01-24,,exper2_11
,1.7987367,Calibration,2009,2009-01-25,,exper2_11
,1.3944386,Calibration,2009,2009-01-26,,exper2_11
,1.4936028,Calibration,2009,2009-01-27,,exper2_11
,1.6090832,Calibration,2009,2009-01-28,,exper2_11
,1.6807227,Calibration,2009,2009-01-29,,exper2_11
,1.9408778,Calibration,2009,2009-01-30,,exper2_11
,1.766011,Calibration,2009,2009-01-31,,exper2_11
,2.3165948,Calibration,2009,2009-02-01,,exper2_11
,2.231888,Calibration,2009,2009-02-02,,exper2_11
,2.2031572,Calibration,2009,2009-02-03,,exper2_11
,2.4775782,Calibration,2009,2009-02-04,,exper2_11
,2.218937,Calibration,2009,2009-02-05,,exper2_11
,2.0549488,Calibration,2009,2009-02-06,,exper2_11
,0.6386785,Calibration,2009,2009-02-07,,exper2_11
,1.6673598,Calibration,2009,2009-02-08,,exper2_11
,0.3485862,Calibration,2009,2009-02-09,,exper2_11
,1.0653123,Calibration,2009,2009-02-10,,exper2_11
,0.5418017,Calibration,2009,2009-02-11,,exper2_11
,0.5035237,Calibration,2009,2009-02-12,,exper2_11
,0.5410424,Calibration,2009,2009-02-13,,exper2_11
,1.120175,Calibration,2009,2009-02-14,,exper2_11
,2.5604608,Calibration,2009,2009-02-15,,exper2_11
,2.7960322,Calibration,2009,2009-02-16,,exper2_11
,2.5574965,Calibration,2009,2009-02-17,,exper2_11
,2.41398,Calibration,2009,2009-02-18,,exper2_11
,3.2874248,Calibration,2009,2009-02-19,,exper2_11
,3.3195927,Calibration,2009,2009-02-20,,exper2_11
,2.3274422,Calibration,2009,2009-02-21,,exper2_11
,2.8383152,Calibration,2009,2009-02-22,,exper2_11
,3.481307,Calibration,2009,2009-02-23,,exper2_11
,3.2053444,Calibration,2009,2009-02-24,,exper2_11
,2.540456,Calibration,2009,2009-02-25,,exper2_11
,2.5940409,Calibration,2009,2009-02-26,,exper2_11
,3.678967,Calibration,2009,2009-02-27,,exper2_11
,3.7422752,Calibration,2009,2009-02-28,,exper2_11
,3.6778882,Calibration,2009,2009-03-01,,exper2_11
,3.6463666,Calibration,2009,2009-03-02,,exper2_11
,3.221808,Calibration,2009,2009-03-03,,exper2_11
,3.1871922,Calibration,2009,2009-03-04,,exper2_11
,2.5960162,Calibration,2009,2009-03-05,,exper2_11
,2.5263202,Calibration,2009,2009-03-06,,exper2_11
,3.1773994,Calibration,2009,2009-03-07,,exper2_11
,3.122771,Calibration,2009,2009-03-08,,exper2_11
,3.55472,Calibration,2009,2009-03-09,,exper2_11
,1.6829573,Calibration,2009,2009-03-10,,exper2_11
,3.1567311,Calibration,2009,2009-03-11,,exper2_11
,3.5246577,Calibration,2009,2009-03-12,,exper2_11
,3.7055109,Calibration,2009,2009-03-13,,exper2_11
,3.6966035,Calibration,2009,2009-03-14,,exper2_11
,3.748691,Calibration,2009,2009-03-15,,exper2_11
,3.6496015,Calibration,2009,2009-03-16,,exper2_11
,3.2106428,Calibration,2009,2009-03-17,,exper2_11
,3.7834947,Calibration,2009,2009-03-18,,exper2_11
,3.5200148,Calibration,2009,2009-03-19,,exper2_11
,3.1984563,Calibration,2009,2009-03-20,,exper2_11
,3.0985847,Calibration,2009,2009-03-21,,exper2_11
,3.3089445,Calibration,2009,2009-03-22,,exper2_11
,3.798373,Calibration,2009,2009-03-23,,exper2_11
,3.1774077,Calibration,2009,2009-03-24,,exper2_11
,3.0959468,Calibration,2009,2009-03-25,,exper2_11
,3.7967849,Calibration,2009,2009-03-26,,exper2_11
,3.6659315,Calibration,2009,2009-03-27,,exper2_11
,4.04942,Calibration,2009,2009-03-28,,exper2_11
,3.4417262,Calibration,2009,2009-03-29,,exper2_11
,3.7813764,Calibration,2009,2009-03-30,,exper2_11
,3.122728,Calibration,2009,2009-03-31,,exper2_11
,3.1371427,Calibration,2009,2009-04-01,,exper2_11
,3.9085817,Calibration,2009,2009-04-02,,exper2_11
,4.0510902,Calibration,2009,2009-04-03,,exper2_11
,3.7315059,Calibration,2009,2009-04-04,,exper2_11
,3.7580776,Calibration,2009,2009-04-05,,exper2_11
,3.5387738,Calibration,2009,2009-04-06,,exper2_11
,4.272115,Calibration,2009,2009-04-07,,exper2_11
,4.274643,Calibration,2009,2009-04-08,,exper2_11
,3.386489,Calibration,2009,2009-04-09,,exper2_11
,4.125476,Calibration,2009,2009-04-10,,exper2_11
,4.491502,Calibration,2009,2009-04-11,,exper2_11
,4.2958217,Calibration,2009,2009-04-12,,exper2_11
,3.4671824,Calibration,2009,2009-04-13,,exper2_11
,4.116812,Calibration,2009,2009-04-14,,exper2_11
,4.3289084,Calibration,2009,2009-04-15,,exper2_11
,4.400092,Calibration,2009,2009-04-16,,exper2_11
,4.267825,Calibration,2009,2009-04-17,,exper2_11
,3.793556,Calibration,2009,2009-04-18,,exper2_11
,4.332955,Calibration,2009,2009-04-19,,exper2_11
,3.5410526,Calibration,2009,2009-04-20,,exper2_11
,4.1285386,Calibration,2009,2009-04-21,,exper2_11
,4.412687,Calibration,2009,2009-04-22,,exper2_11
,4.560013,Calibration,2009,2009-04-23,,exper2_11
,4.272168,Calibration,2009,2009-04-24,,exper2_11
,3.933098,Calibration,2009,2009-04-25,,exper2_11
,4.672585,Calibration,2009,2009-04-26,,exper2_11
,4.7635784,Calibration,2009,2009-04-27,,exper2_11
,6.116867,Calibration,2009,2009-04-28,,exper2_11
,4.839932,Calibration,2009,2009-04-29,,exper2_11
,5.2224135,Calibration,2009,2009-04-30,,exper2_11
,4.8223658,Calibration,2009,2009-05-01,,exper2_11
,5.673471,Calibration,2009,2009-05-02,,exper2_11
,5.178068,Calibration,2009,2009-05-03,,exper2_11
,5.9529786,Calibration,2009,2009-05-04,,exper2_11
5.492500000000007,4.9874115,Calibration,2009,2009-05-05,-0.04819587465253264,exper2_11
6.909500000000037,4.8908873,Calibration,2009,2009-05-06,-0.17106326216350481,exper2_11
7.5330000000000155,5.4903836,Calibration,2009,2009-05-07,-0.15684221810403048,exper2_11
8.422000000000025,5.8552065,Calibration,2009,2009-05-08,-0.17978261449909166,exper2_11
7.020500000000027,4.677219,Calibration,2009,2009-05-09,-0.20031948990987974,exper2_11
7.839999999999975,5.0732985,Calibration,2009,2009-05-10,-0.21425211811760714,exper2_11
8.488999999999976,6.476468,Calibration,2009,2009-05-11,-0.13447838063998588,exper2_11
8.302999999999997,6.299068,Calibration,2009,2009-05-12,-0.137236179797624,exper2_11
8.196500000000015,5.7253065,Calibration,2009,2009-05-13,-0.17750523160449203,exper2_11
8.117000000000019,5.533926,Calibration,2009,2009-05-14,-0.18922335290301912,exper2_11
,6.726468,Calibration,2009,2009-05-15,,exper2_11
,6.989356,Calibration,2009,2009-05-16,,exper2_11
,8.188676,Calibration,2009,2009-05-17,,exper2_11
,8.500286,Calibration,2009,2009-05-18,,exper2_11
,8.267299,Calibration,2009,2009-05-19,,exper2_11
,9.054869,Calibration,2009,2009-05-20,,exper2_11
,9.78128,Calibration,2009,2009-05-21,,exper2_11
,10.66227,Calibration,2009,2009-05-22,,exper2_11
,11.045569,Calibration,2009,2009-05-23,,exper2_11
,11.603065,Calibration,2009,2009-05-24,,exper2_11
,12.1433115,Calibration,2009,2009-05-25,,exper2_11
,10.327361,Calibration,2009,2009-05-26,,exper2_11
,9.71225,Calibration,2009,2009-05-27,,exper2_11
,10.497199,Calibration,2009,2009-05-28,,exper2_11
12.651499999999999,11.579011,Calibration,2009,2009-05-29,-0.044261924074910176,exper2_11
12.66900000000004,12.285142,Calibration,2009,2009-05-30,-0.015382538736959571,exper2_11
12.954000000000008,14.14259,Calibration,2009,2009-05-31,0.043864913924355056,exper2_11
12.54600000000005,14.126726,Calibration,2009,2009-06-01,0.05926376410092821,exper2_11
12.413499999999999,14.606856,Calibration,2009,2009-06-02,0.0811742198375739,exper2_11
14.10650000000004,15.077619,Calibration,2009,2009-06-03,0.033275584309518484,exper2_11
13.391999999999996,15.530704,Calibration,2009,2009-06-04,0.07394549203595369,exper2_11
13.64100000000002,15.906692,Calibration,2009,2009-06-05,0.07667913912265707,exper2_11
13.973500000000001,16.250523,Calibration,2009,2009-06-06,0.07533817197802158,exper2_11
13.492000000000019,15.592145,Calibration,2009,2009-06-07,0.07220927307890682,exper2_11
12.975999999999999,13.422816,Calibration,2009,2009-06-08,0.01692561787125261,exper2_11
13.033500000000004,14.386712,Calibration,2009,2009-06-09,0.049350897455278875,exper2_11
13.086000000000013,15.905399,Calibration,2009,2009-06-10,0.09724950807464779,exper2_11
13.490499999999997,16.072893,Calibration,2009,2009-06-11,0.08735104019471607,exper2_11
14.697500000000048,16.34493,Calibration,2009,2009-06-12,0.0530702852312613,exper2_11
14.915500000000009,16.634237,Calibration,2009,2009-06-13,0.05447707135122785,exper2_11
15.714500000000044,16.976034,Calibration,2009,2009-06-14,0.03859019733612578,exper2_11
16.897500000000036,17.163471,Calibration,2009,2009-06-15,0.007808679916695837,exper2_11
16.777499999999975,18.405945,Calibration,2009,2009-06-16,0.04628440541722696,exper2_11
17.373500000000035,18.373026,Calibration,2009,2009-06-17,0.02796148350539868,exper2_11
18.08050000000003,18.734322,Calibration,2009,2009-06-18,0.017759738222949267,exper2_11
18.447000000000003,18.236143,Calibration,2009,2009-06-19,-0.00574805946078702,exper2_11
19.147000000000048,18.431005,Calibration,2009,2009-06-20,-0.01905355308215485,exper2_11
19.952999999999975,19.427713,Calibration,2009,2009-06-21,-0.01333867674202079,exper2_11
20.210000000000036,18.8,Calibration,2009,2009-06-22,-0.0361445985776885,exper2_11
21.855000000000018,18.946188,Calibration,2009,2009-06-23,-0.07129233660796465,exper2_11
22.837000000000046,19.824669,Calibration,2009,2009-06-24,-0.07060978143855202,exper2_11
22.872000000000014,20.869804,Calibration,2009,2009-06-25,-0.04577304585278766,exper2_11
23.14250000000004,19.718985,Calibration,2009,2009-06-26,-0.07987393408692484,exper2_11
21.94500000000005,20.33083,Calibration,2009,2009-06-27,-0.03818187352286249,exper2_11
20.587499999999977,20.53426,Calibration,2009,2009-06-28,-0.0012946966307213672,exper2_11
19.35850000000005,17.803286,Calibration,2009,2009-06-29,-0.04184982976967803,exper2_11
18.20750000000004,17.845821,Calibration,2009,2009-06-30,-0.010031769765857616,exper2_11
17.653500000000008,17.75647,Calibration,2009,2009-07-01,0.0029079303754741674,exper2_11
17.445500000000038,18.27323,Calibration,2009,2009-07-02,0.023173545316185616,exper2_11
17.821000000000026,18.527266,Calibration,2009,2009-07-03,0.019430515818138393,exper2_11
18.81800000000004,18.9624,Calibration,2009,2009-07-04,0.0038220991501772684,exper2_11
18.726,20.082247,Calibration,2009,2009-07-05,0.03494738600458072,exper2_11
18.701999999999998,19.100145,Calibration,2009,2009-07-06,0.010532347738076342,exper2_11
18.936500000000024,19.632978,Calibration,2009,2009-07-07,0.018057761409104246,exper2_11
19.343000000000018,20.095377,Calibration,2009,2009-07-08,0.019077280208232766,exper2_11
19.113,20.802912,Calibration,2009,2009-07-09,0.04233679462592397,exper2_11
19.4495,20.670145,Calibration,2009,2009-07-10,0.03042512050471901,exper2_11
19.724499999999978,21.437246,Calibration,2009,2009-07-11,0.041610147179060405,exper2_11
19.525500000000022,20.64121,Calibration,2009,2009-07-12,0.027776995939806867,exper2_11
19.54050000000001,20.40145,Calibration,2009,2009-07-13,0.021555012227994847,exper2_11
19.463000000000022,20.833029,Calibration,2009,2009-07-14,0.033999102004849256,exper2_11
19.259500000000003,20.96065,Calibration,2009,2009-07-15,0.04229595145498715,exper2_11
18.859000000000037,20.986824,Calibration,2009,2009-07-16,0.05340143132040695,exper2_11
18.261000000000024,20.204546,Calibration,2009,2009-07-17,0.05052693067214391,exper2_11
17.91700000000003,19.523026,Calibration,2009,2009-07-18,0.04289595134358826,exper2_11
18.448000000000036,19.672842,Calibration,2009,2009-07-19,0.032130508159531695,exper2_11
18.967499999999973,20.410898,Calibration,2009,2009-07-20,0.03665456885705161,exper2_11
18.636500000000012,20.331001,Calibration,2009,2009-07-21,0.04348498687372544,exper2_11
18.610000000000014,20.45569,Calibration,2009,2009-07-22,0.04724581508154404,exper2_11
18.75150000000002,20.54994,Calibration,2009,2009-07-23,0.045760158005749306,exper2_11
19.226,20.637197,Calibration,2009,2009-07-24,0.03540101103784513,exper2_11
19.337499999999977,20.703653,Calibration,2009,2009-07-25,0.03411873089973323,exper2_11
19.42100000000005,20.763508,Calibration,2009,2009-07-26,0.0334085923924237,exper2_11
,20.82339,Calibration,2009,2009-07-27,,exper2_11
,20.87591,Calibration,2009,2009-07-28,,exper2_11
,20.923082,Calibration,2009,2009-07-29,,exper2_11
,20.943192,Calibration,2009,2009-07-30,,exper2_11
,20.982958,Calibration,2009,2009-07-31,,exper2_11
,21.020079,Calibration,2009,2009-08-01,,exper2_11
,21.054008,Calibration,2009,2009-08-02,,exper2_11
,21.08493,Calibration,2009,2009-08-03,,exper2_11
,21.115232,Calibration,2009,2009-08-04,,exper2_11
,21.14046,Calibration,2009,2009-08-05,,exper2_11
,21.163668,Calibration,2009,2009-08-06,,exper2_11
,21.184801,Calibration,2009,2009-08-07,,exper2_11
,20.44258,Calibration,2009,2009-08-08,,exper2_11
,20.475763,Calibration,2009,2009-08-09,,exper2_11
,20.559668,Calibration,2009,2009-08-10,,exper2_11
,20.654402,Calibration,2009,2009-08-11,,exper2_11
21.128499999999974,21.290462,Calibration,2009,2009-08-12,0.0038181625474648186,exper2_11
21.210000000000036,21.165224,Calibration,2009,2009-08-13,-0.001056653402069784,exper2_11
21.867500000000007,21.162746,Calibration,2009,2009-08-14,-0.016378097478763707,exper2_11
22.127499999999998,21.183119,Calibration,2009,2009-08-15,-0.02180484152697719,exper2_11
21.872500000000002,21.005686,Calibration,2009,2009-08-16,-0.020215738549244924,exper2_11
21.54050000000001,21.031397,Calibration,2009,2009-08-17,-0.011958666905531604,exper2_11
21.111500000000035,21.062372,Calibration,2009,2009-08-18,-0.0011648869261175361,exper2_11
20.670000000000016,21.094122,Calibration,2009,2009-08-19,0.010155174186684629,exper2_11
20.296500000000037,20.290049,Calibration,2009,2009-08-20,-0.0001589541604183984,exper2_11
19.756500000000017,19.548912,Calibration,2009,2009-08-21,-0.0052814088656511346,exper2_11
19.362000000000023,19.572744,Calibration,2009,2009-08-22,0.005412758525053134,exper2_11
19.555499999999995,19.737804,Calibration,2009,2009-08-23,0.0046395795814571745,exper2_11
19.524500000000046,19.958963,Calibration,2009,2009-08-24,0.011003679941339661,exper2_11
19.498000000000047,19.384993,Calibration,2009,2009-08-25,-0.002906345241395657,exper2_11
20.079000000000008,19.554926,Calibration,2009,2009-08-26,-0.013222865746318537,exper2_11
20.22800000000001,19.767744,Calibration,2009,2009-08-27,-0.011507622784280656,exper2_11
19.90700000000004,19.224821,Calibration,2009,2009-08-28,-0.017432843406921136,exper2_11
19.028999999999996,18.740238,Calibration,2009,2009-08-29,-0.0076454232106142805,exper2_11
18.476500000000044,19.039904,Calibration,2009,2009-08-30,0.015017527963024293,exper2_11
18.563499999999976,19.328196,Calibration,2009,2009-08-31,0.020181086128712028,exper2_11
18.764499999999998,19.603933,Calibration,2009,2009-09-01,0.02187822804844778,exper2_11
18.899,19.833355,Calibration,2009,2009-09-02,0.024123370529845586,exper2_11
19.306500000000028,20.024343,Calibration,2009,2009-09-03,0.018251413569915168,exper2_11
19.658000000000015,20.18353,Calibration,2009,2009-09-04,0.013190527493392322,exper2_11
19.799500000000023,20.317854,Calibration,2009,2009-09-05,0.012920940113537853,exper2_11
19.960500000000025,20.432615,Calibration,2009,2009-09-06,0.011688013585407546,exper2_11
20.30250000000001,20.531801,Calibration,2009,2009-09-07,0.005615407069130409,exper2_11
20.4015,20.618402,Calibration,2009,2009-09-08,0.005287737609302013,exper2_11
20.384500000000003,20.694706,Calibration,2009,2009-09-09,0.007551410886888792,exper2_11
20.646500000000003,20.761305,Calibration,2009,2009-09-10,0.0027725414507659566,exper2_11
,20.817125,Calibration,2009,2009-09-11,,exper2_11
,20.871714,Calibration,2009,2009-09-12,,exper2_11
,20.892996,Calibration,2009,2009-09-13,,exper2_11
,20.70599,Calibration,2009,2009-09-14,,exper2_11
,20.430918,Calibration,2009,2009-09-15,,exper2_11
,20.198812,Calibration,2009,2009-09-16,,exper2_11
,20.04649,Calibration,2009,2009-09-17,,exper2_11
,19.424631,Calibration,2009,2009-09-18,,exper2_11
20.029999999999973,19.586874,Calibration,2009,2009-09-19,-0.011185284122361114,exper2_11
19.991000000000042,19.76806,Calibration,2009,2009-09-20,-0.005607258118261133,exper2_11
19.994500000000016,19.971668,Calibration,2009,2009-09-21,-0.000571277097488048,exper2_11
19.889499999999998,19.399551,Calibration,2009,2009-09-22,-0.012470359834220056,exper2_11
19.809500000000014,19.242785,Calibration,2009,2009-09-23,-0.014511711853276398,exper2_11
19.93950000000001,19.473513,Calibration,2009,2009-09-24,-0.011823185266436642,exper2_11
19.575499999999977,18.986418,Calibration,2009,2009-09-25,-0.015276269015506027,exper2_11
19.260000000000048,18.56333,Calibration,2009,2009-09-26,-0.018419063285334717,exper2_11
18.83299999999997,18.207663,Calibration,2009,2009-09-27,-0.016882457656135007,exper2_11
17.843500000000006,16.924501,Calibration,2009,2009-09-28,-0.026432309693493857,exper2_11
16.637500000000045,16.265846,Calibration,2009,2009-09-29,-0.011295317646637909,exper2_11
16.216499999999996,15.974063,Calibration,2009,2009-09-30,-0.007531309128973254,exper2_11
15.730999999999995,15.428784,Calibration,2009,2009-10-01,-0.009698899902032116,exper2_11
15.099000000000046,14.541545,Calibration,2009,2009-10-02,-0.01880718075080058,exper2_11
14.545500000000004,14.823653,Calibration,2009,2009-10-03,0.0094709309129908,exper2_11
14.27800000000002,14.68968,Calibration,2009,2009-10-04,0.014211704150052757,exper2_11
14.018500000000017,14.489369,Calibration,2009,2009-10-05,0.01651717236085748,exper2_11
13.683500000000038,13.480215,Calibration,2009,2009-10-06,-0.007483693847643707,exper2_11
13.286999999999978,13.817721,Calibration,2009,2009-10-07,0.019580402974767503,exper2_11
13.008000000000038,13.681858,Calibration,2009,2009-10-08,0.025247719982622423,exper2_11
12.659000000000049,12.541474,Calibration,2009,2009-10-09,-0.004663628789572826,exper2_11
12.106999999999971,11.991086,Calibration,2009,2009-10-10,-0.004810091299606458,exper2_11
11.408500000000004,11.53052,Calibration,2009,2009-10-11,0.0053193395712619156,exper2_11
11.083000000000027,11.113908,Calibration,2009,2009-10-12,0.001392437824439757,exper2_11
10.654999999999973,10.732343,Calibration,2009,2009-10-13,0.003616284689697575,exper2_11
10.373000000000047,10.383051,Calibration,2009,2009-10-14,0.00048424040866355236,exper2_11
10.187000000000012,10.066474,Calibration,2009,2009-10-15,-0.005950882271178093,exper2_11
10.02800000000002,9.772885,Calibration,2009,2009-10-16,-0.012884003582325517,exper2_11
9.896500000000003,9.517352,Calibration,2009,2009-10-17,-0.019529761212676595,exper2_11
9.62050000000005,9.273688,Calibration,2009,2009-10-18,-0.01835546877421613,exper2_11
9.541500000000042,9.928876,Calibration,2009,2009-10-19,0.019895657109320477,exper2_11
9.54000000000002,10.281826,Calibration,2009,2009-10-20,0.03742470641026078,exper2_11
9.351500000000044,9.422519,Calibration,2009,2009-10-21,0.0037828198205335003,exper2_11
9.133500000000026,9.105464,Calibration,2009,2009-10-22,-0.0015371497196797054,exper2_11
8.884500000000003,8.871887,Calibration,2009,2009-10-23,-0.0007103242805922963,exper2_11
8.597500000000025,8.688241,Calibration,2009,2009-10-24,0.00524947151052824,exper2_11
8.479499999999973,8.523664,Calibration,2009,2009-10-25,0.002597426764506039,exper2_11
8.418499999999995,8.456868,Calibration,2009,2009-10-26,0.0022736198287076114,exper2_11
8.365000000000009,8.282903,Calibration,2009,2009-10-27,-0.004931388884374742,exper2_11
,8.156574,Calibration,2009,2009-10-28,,exper2_11
,8.12577,Calibration,2009,2009-10-29,,exper2_11
,8.735759,Calibration,2009,2009-10-30,,exper2_11
,8.160435,Calibration,2009,2009-10-31,,exper2_11
,8.003867,Calibration,2009,2009-11-01,,exper2_11
,7.916492,Calibration,2009,2009-11-02,,exper2_11
,7.820452,Calibration,2009,2009-11-03,,exper2_11
,7.7477036,Calibration,2009,2009-11-04,,exper2_11
,7.684265,Calibration,2009,2009-11-05,,exper2_11
,7.628909,Calibration,2009,2009-11-06,,exper2_11
,7.8952646,Calibration,2009,2009-11-07,,exper2_11
,7.6396265,Calibration,2009,2009-11-08,,exper2_11
,7.6457815,Calibration,2009,2009-11-09,,exper2_11
,7.5397005,Calibration,2009,2009-11-10,,exper2_11
,5.529543,Calibration,2009,2009-11-11,,exper2_11
,6.9570103,Calibration,2009,2009-11-12,,exper2_11
,7.259846,Calibration,2009,2009-11-13,,exper2_11
,7.2657223,Calibration,2009,2009-11-14,,exper2_11
,7.2009964,Calibration,2009,2009-11-15,,exper2_11
,6.190378,Calibration,2009,2009-11-16,,exper2_11
,5.6151085,Calibration,2009,2009-11-17,,exper2_11
,6.6610246,Calibration,2009,2009-11-18,,exper2_11
,6.9154153,Calibration,2009,2009-11-19,,exper2_11
,6.961608,Calibration,2009,2009-11-20,,exper2_11
,6.9753942,Calibration,2009,2009-11-21,,exper2_11
,6.0466127,Calibration,2009,2009-11-22,,exper2_11
,6.8061085,Calibration,2009,2009-11-23,,exper2_11
,6.915588,Calibration,2009,2009-11-24,,exper2_11
,6.94073,Calibration,2009,2009-11-25,,exper2_11
,6.9089484,Calibration,2009,2009-11-26,,exper2_11
,4.708693,Calibration,2009,2009-11-27,,exper2_11
,5.20518,Calibration,2009,2009-11-28,,exper2_11
,6.544179,Calibration,2009,2009-11-29,,exper2_11
,2.0985034,Calibration,2009,2009-11-30,,exper2_11
,3.2129383,Calibration,2009,2009-12-01,,exper2_11
,4.129674,Calibration,2009,2009-12-02,,exper2_11
,2.48494,Calibration,2009,2009-12-03,,exper2_11
,2.0335732,Calibration,2009,2009-12-04,,exper2_11
,1.9187336,Calibration,2009,2009-12-05,,exper2_11
,1.9023774,Calibration,2009,2009-12-06,,exper2_11
,1.9121192,Calibration,2009,2009-12-07,,exper2_11
,1.9256825,Calibration,2009,2009-12-08,,exper2_11
,1.9429102,Calibration,2009,2009-12-09,,exper2_11
,1.9526508,Calibration,2009,2009-12-10,,exper2_11
,2.048785,Calibration,2009,2009-12-11,,exper2_11
,2.0773852,Calibration,2009,2009-12-12,,exper2_11
,2.0736005,Calibration,2009,2009-12-13,,exper2_11
,2.0636606,Calibration,2009,2009-12-14,,exper2_11
,2.0654066,Calibration,2009,2009-12-15,,exper2_11
,2.060829,Calibration,2009,2009-12-16,,exper2_11
,2.0563483,Calibration,2009,2009-12-17,,exper2_11
,2.0535996,Calibration,2009,2009-12-18,,exper2_11
,2.0514314,Calibration,2009,2009-12-19,,exper2_11
,2.0497003,Calibration,2009,2009-12-20,,exper2_11
,2.04868,Calibration,2009,2009-12-21,,exper2_11
,2.0523777,Calibration,2009,2009-12-22,,exper2_11
,2.052279,Calibration,2009,2009-12-23,,exper2_11
,2.0515456,Calibration,2009,2009-12-24,,exper2_11
,2.0562737,Calibration,2009,2009-12-25,,exper2_11
,2.0520537,Calibration,2009,2009-12-26,,exper2_11
,2.05044,Calibration,2009,2009-12-27,,exper2_11
,2.0500064,Calibration,2009,2009-12-28,,exper2_11
,2.0499923,Calibration,2009,2009-12-29,,exper2_11
,2.0498836,Calibration,2009,2009-12-30,,exper2_11
,2.049784,Calibration,2009,2009-12-31,,exper2_11
,1.1367517,Calibration,2010,2010-01-01,,exper2_11
,1.0339661,Calibration,2010,2010-01-02,,exper2_11
,0.7734248,Calibration,2010,2010-01-03,,exper2_11
,0.446635,Calibration,2010,2010-01-04,,exper2_11
,0.43406087,Calibration,2010,2010-01-05,,exper2_11
,0.44566935,Calibration,2010,2010-01-06,,exper2_11
,0.41837955,Calibration,2010,2010-01-07,,exper2_11
,1.3217667,Calibration,2010,2010-01-08,,exper2_11
,1.8285245,Calibration,2010,2010-01-09,,exper2_11
,1.0241783,Calibration,2010,2010-01-10,,exper2_11
,0.814145,Calibration,2010,2010-01-11,,exper2_11
,1.7225717,Calibration,2010,2010-01-12,,exper2_11
,1.6338346,Calibration,2010,2010-01-13,,exper2_11
,0.57882667,Calibration,2010,2010-01-14,,exper2_11
,1.2827473,Calibration,2010,2010-01-15,,exper2_11
,2.0401888,Calibration,2010,2010-01-16,,exper2_11
,2.141836,Calibration,2010,2010-01-17,,exper2_11
,0.6755109,Calibration,2010,2010-01-18,,exper2_11
,1.30193,Calibration,2010,2010-01-19,,exper2_11
,1.9740433,Calibration,2010,2010-01-20,,exper2_11
,2.010435,Calibration,2010,2010-01-21,,exper2_11
,0.56793153,Calibration,2010,2010-01-22,,exper2_11
,0.3962397,Calibration,2010,2010-01-23,,exper2_11
,0.32930607,Calibration,2010,2010-01-24,,exper2_11
,0.39452833,Calibration,2010,2010-01-25,,exper2_11
,1.2061307,Calibration,2010,2010-01-26,,exper2_11
,1.7391655,Calibration,2010,2010-01-27,,exper2_11
,1.8572874,Calibration,2010,2010-01-28,,exper2_11
,2.0268753,Calibration,2010,2010-01-29,,exper2_11
,1.9302201,Calibration,2010,2010-01-30,,exper2_11
,1.6849663,Calibration,2010,2010-01-31,,exper2_11
,1.7477196,Calibration,2010,2010-02-01,,exper2_11
,1.9793679,Calibration,2010,2010-02-02,,exper2_11
,2.2072217,Calibration,2010,2010-02-03,,exper2_11
,0.95623356,Calibration,2010,2010-02-04,,exper2_11
,2.077367,Calibration,2010,2010-02-05,,exper2_11
,2.366296,Calibration,2010,2010-02-06,,exper2_11
,2.08856,Calibration,2010,2010-02-07,,exper2_11
,2.1679685,Calibration,2010,2010-02-08,,exper2_11
,2.246628,Calibration,2010,2010-02-09,,exper2_11
,2.3728983,Calibration,2010,2010-02-10,,exper2_11
,3.0976825,Calibration,2010,2010-02-11,,exper2_11
,3.2322645,Calibration,2010,2010-02-12,,exper2_11
,3.034525,Calibration,2010,2010-02-13,,exper2_11
,2.1746738,Calibration,2010,2010-02-14,,exper2_11
,2.3153772,Calibration,2010,2010-02-15,,exper2_11
,2.3917856,Calibration,2010,2010-02-16,,exper2_11
,2.2324088,Calibration,2010,2010-02-17,,exper2_11
,3.0795264,Calibration,2010,2010-02-18,,exper2_11
,3.4486396,Calibration,2010,2010-02-19,,exper2_11
,2.3984377,Calibration,2010,2010-02-20,,exper2_11
,2.2140515,Calibration,2010,2010-02-21,,exper2_11
,2.459123,Calibration,2010,2010-02-22,,exper2_11
,2.2456725,Calibration,2010,2010-02-23,,exper2_11
,3.0805886,Calibration,2010,2010-02-24,,exper2_11
,3.4781084,Calibration,2010,2010-02-25,,exper2_11
,3.6275988,Calibration,2010,2010-02-26,,exper2_11
,2.868102,Calibration,2010,2010-02-27,,exper2_11
,2.5777974,Calibration,2010,2010-02-28,,exper2_11
,3.2782884,Calibration,2010,2010-03-01,,exper2_11
,3.4170203,Calibration,2010,2010-03-02,,exper2_11
,3.6831217,Calibration,2010,2010-03-03,,exper2_11
,3.681245,Calibration,2010,2010-03-04,,exper2_11
,3.6661441,Calibration,2010,2010-03-05,,exper2_11
,3.6246436,Calibration,2010,2010-03-06,,exper2_11
,3.2571888,Calibration,2010,2010-03-07,,exper2_11
,3.4504104,Calibration,2010,2010-03-08,,exper2_11
,3.1650403,Calibration,2010,2010-03-09,,exper2_11
,2.6008139,Calibration,2010,2010-03-10,,exper2_11
,2.8459172,Calibration,2010,2010-03-11,,exper2_11
,2.8114648,Calibration,2010,2010-03-12,,exper2_11
,2.4163558,Calibration,2010,2010-03-13,,exper2_11
,3.328571,Calibration,2010,2010-03-14,,exper2_11
,4.0796595,Calibration,2010,2010-03-15,,exper2_11
,4.204459,Calibration,2010,2010-03-16,,exper2_11
,4.071263,Calibration,2010,2010-03-17,,exper2_11
,3.9426603,Calibration,2010,2010-03-18,,exper2_11
,3.426525,Calibration,2010,2010-03-19,,exper2_11
,4.3209443,Calibration,2010,2010-03-20,,exper2_11
,4.265939,Calibration,2010,2010-03-21,,exper2_11
,3.8437304,Calibration,2010,2010-03-22,,exper2_11
,4.0601788,Calibration,2010,2010-03-23,,exper2_11
,4.1180415,Calibration,2010,2010-03-24,,exper2_11
,4.118559,Calibration,2010,2010-03-25,,exper2_11
,4.108552,Calibration,2010,2010-03-26,,exper2_11
,3.3591094,Calibration,2010,2010-03-27,,exper2_11
,3.7082279,Calibration,2010,2010-03-28,,exper2_11
,4.277272,Calibration,2010,2010-03-29,,exper2_11
,3.4794185,Calibration,2010,2010-03-30,,exper2_11
,4.006793,Calibration,2010,2010-03-31,,exper2_11
,4.3256116,Calibration,2010,2010-04-01,,exper2_11
,3.8529701,Calibration,2010,2010-04-02,,exper2_11
,4.1143837,Calibration,2010,2010-04-03,,exper2_11
,4.476982,Calibration,2010,2010-04-04,,exper2_11
,4.436529,Calibration,2010,2010-04-05,,exper2_11
,4.6264086,Calibration,2010,2010-04-06,,exper2_11
,4.8007183,Calibration,2010,2010-04-07,,exper2_11
,3.9780896,Calibration,2010,2010-04-08,,exper2_11
,4.663913,Calibration,2010,2010-04-09,,exper2_11
,4.526593,Calibration,2010,2010-04-10,,exper2_11
,4.5300035,Calibration,2010,2010-04-11,,exper2_11
,4.630284,Calibration,2010,2010-04-12,,exper2_11
,4.509096,Calibration,2010,2010-04-13,,exper2_11
,4.8305902,Calibration,2010,2010-04-14,,exper2_11
,4.4496737,Calibration,2010,2010-04-15,,exper2_11
,4.782158,Calibration,2010,2010-04-16,,exper2_11
,5.603215,Calibration,2010,2010-04-17,,exper2_11
,5.1970963,Calibration,2010,2010-04-18,,exper2_11
,4.9744496,Calibration,2010,2010-04-19,,exper2_11
,4.933847,Calibration,2010,2010-04-20,,exper2_11
,5.0292234,Calibration,2010,2010-04-21,,exper2_11
,5.239646,Calibration,2010,2010-04-22,,exper2_11
,5.241011,Calibration,2010,2010-04-23,,exper2_11
,6.3074656,Calibration,2010,2010-04-24,,exper2_11
,7.135963,Calibration,2010,2010-04-25,,exper2_11
,7.382367,Calibration,2010,2010-04-26,,exper2_11
,7.8124423,Calibration,2010,2010-04-27,,exper2_11
,8.029161,Calibration,2010,2010-04-28,,exper2_11
,7.8886843,Calibration,2010,2010-04-29,,exper2_11
,8.058653,Calibration,2010,2010-04-30,,exper2_11
,8.278587,Calibration,2010,2010-05-01,,exper2_11
,8.32343,Calibration,2010,2010-05-02,,exper2_11
,8.253316,Calibration,2010,2010-05-03,,exper2_11
,8.572492,Calibration,2010,2010-05-04,,exper2_11
,8.174416,Calibration,2010,2010-05-05,,exper2_11
,7.411915,Calibration,2010,2010-05-06,,exper2_11
,7.963766,Calibration,2010,2010-05-07,,exper2_11
,7.066933,Calibration,2010,2010-05-08,,exper2_11
,8.927031,Calibration,2010,2010-05-09,,exper2_11
,9.36086,Calibration,2010,2010-05-10,,exper2_11
,9.976159,Calibration,2010,2010-05-11,,exper2_11
,9.624205,Calibration,2010,2010-05-12,,exper2_11
,8.732903,Calibration,2010,2010-05-13,,exper2_11
,8.421529,Calibration,2010,2010-05-14,,exper2_11
,10.326734,Calibration,2010,2010-05-15,,exper2_11
,10.427243,Calibration,2010,2010-05-16,,exper2_11
,11.180619,Calibration,2010,2010-05-17,,exper2_11
,11.899743,Calibration,2010,2010-05-18,,exper2_11
,12.545141,Calibration,2010,2010-05-19,,exper2_11
,14.007437,Calibration,2010,2010-05-20,,exper2_11
14.664000000000044,14.162753,Calibration,2010,2010-05-21,-0.017388253647847823,exper2_11
14.042500000000018,14.078051,Calibration,2010,2010-05-22,0.0012642218103068484,exper2_11
14.383500000000026,14.853984,Calibration,2010,2010-05-23,0.016091804651692982,exper2_11
15.112000000000023,14.059761,Calibration,2010,2010-05-24,-0.03607046386155178,exper2_11
16.423500000000047,14.193309,Calibration,2010,2010-05-25,-0.07284205163584923,exper2_11
16.536999999999978,14.690402,Calibration,2010,2010-05-26,-0.05913389680080548,exper2_11
16.85450000000003,15.644771,Calibration,2010,2010-05-27,-0.037223277771602226,exper2_11
17.71950000000004,16.121895,Calibration,2010,2010-05-28,-0.04720860860778249,exper2_11
18.749000000000024,16.502045,Calibration,2010,2010-05-29,-0.06374152433799762,exper2_11
18.92700000000002,17.244541,Calibration,2010,2010-05-30,-0.046513330022710055,exper2_11
19.510000000000048,17.236822,Calibration,2010,2010-05-31,-0.06186052942939376,exper2_11
19.20750000000004,18.042917,Calibration,2010,2010-06-01,-0.03126361620455435,exper2_11
18.90700000000004,17.779564,Calibration,2010,2010-06-02,-0.03073158061756773,exper2_11
19.476,18.033216,Calibration,2010,2010-06-03,-0.03846477370343854,exper2_11
18.71900000000005,16.924936,Calibration,2010,2010-06-04,-0.05033292873768304,exper2_11
18.375999999999976,17.556097,Calibration,2010,2010-06-05,-0.022818121877528862,exper2_11
18.061500000000024,17.56493,Calibration,2010,2010-06-06,-0.013938248608386206,exper2_11
18.569500000000005,17.64485,Calibration,2010,2010-06-07,-0.025532702601771335,exper2_11
17.91900000000004,17.231298,Calibration,2010,2010-06-08,-0.019564600692891232,exper2_11
16.960500000000025,15.425804,Calibration,2010,2010-06-09,-0.04738718735142787,exper2_11
17.222000000000037,16.182009,Calibration,2010,2010-06-10,-0.031133726035888747,exper2_11
17.003499999999974,14.366133,Calibration,2010,2010-06-11,-0.08407389675142539,exper2_11
16.611000000000047,15.236859,Calibration,2010,2010-06-12,-0.043147034296087815,exper2_11
16.657500000000027,15.557403,Calibration,2010,2010-06-13,-0.034148710691837864,exper2_11
16.841000000000008,16.596306,Calibration,2010,2010-06-14,-0.007317998464064777,exper2_11
16.712499999999977,14.96397,Calibration,2010,2010-06-15,-0.05519964205288872,exper2_11
16.7765,15.747883,Calibration,2010,2010-06-16,-0.031626031520633355,exper2_11
17.16300000000001,17.036516,Calibration,2010,2010-06-17,-0.0036984093495267267,exper2_11
17.733000000000004,17.339878,Calibration,2010,2010-06-18,-0.011208715657791527,exper2_11
17.988999999999976,18.156874,Calibration,2010,2010-06-19,0.004644339334063663,exper2_11
18.954499999999996,17.998514,Calibration,2010,2010-06-20,-0.025870307089075766,exper2_11
19.0265,18.905037,Calibration,2010,2010-06-21,-0.003202165890788042,exper2_11
19.595000000000027,18.552866,Calibration,2010,2010-06-22,-0.02731827826056039,exper2_11
20.240499999999997,18.92628,Calibration,2010,2010-06-23,-0.033554480692051754,exper2_11
20.10850000000005,18.576878,Calibration,2010,2010-06-24,-0.03959176570745659,exper2_11
20.192499999999995,19.505795,Calibration,2010,2010-06-25,-0.017298110235403803,exper2_11
20.565500000000043,19.719503,Calibration,2010,2010-06-26,-0.02100028610729051,exper2_11
20.753499999999974,19.801905,Calibration,2010,2010-06-27,-0.02346408152507893,exper2_11
20.563000000000045,20.015188,Calibration,2010,2010-06-28,-0.013500153824148663,exper2_11
20.097500000000025,19.239754,Calibration,2010,2010-06-29,-0.021804935415479405,exper2_11
20.256500000000017,18.975996,Calibration,2010,2010-06-30,-0.032638860957870636,exper2_11
20.097000000000037,19.638958,Calibration,2010,2010-07-01,-0.011527141813639907,exper2_11
20.265499999999975,19.115734,Calibration,2010,2010-07-02,-0.02919578133911754,exper2_11
20.576999999999998,19.841406,Calibration,2010,2010-07-03,-0.018199484013852647,exper2_11
20.8365,20.058434,Calibration,2010,2010-07-04,-0.019025986841688467,exper2_11
21.134000000000015,20.332087,Calibration,2010,2010-07-05,-0.01933901902387558,exper2_11
21.744500000000016,20.443052,Calibration,2010,2010-07-06,-0.030849092621585875,exper2_11
22.589500000000044,20.566523,Calibration,2010,2010-07-07,-0.04687590004679196,exper2_11
22.747000000000014,20.978683,Calibration,2010,2010-07-08,-0.04044114094787407,exper2_11
23.062000000000012,21.056934,Calibration,2010,2010-07-09,-0.04544682849998492,exper2_11
23.124500000000012,21.732042,Calibration,2010,2010-07-10,-0.031042465950081064,exper2_11
22.808500000000038,21.482754,Calibration,2010,2010-07-11,-0.02993246146770707,exper2_11
22.508000000000038,21.42665,Calibration,2010,2010-07-12,-0.024612712942526756,exper2_11
22.428999999999974,21.420876,Calibration,2010,2010-07-13,-0.022990360589501924,exper2_11
22.147000000000048,21.417448,Calibration,2010,2010-07-14,-0.016746498324572354,exper2_11
21.89450000000005,21.625792,Calibration,2010,2010-07-15,-0.006174325601901732,exper2_11
21.874000000000024,22.692755,Calibration,2010,2010-07-16,0.018371423949515884,exper2_11
22.234500000000025,22.97067,Calibration,2010,2010-07-17,0.01628509944045015,exper2_11
22.570500000000038,22.658289,Calibration,2010,2010-07-18,0.00194099726557894,exper2_11
22.759000000000015,22.560509,Calibration,2010,2010-07-19,-0.004379819586391854,exper2_11
22.710000000000036,22.47835,Calibration,2010,2010-07-20,-0.0051263282669638316,exper2_11
22.60699999999997,22.956533,Calibration,2010,2010-07-21,0.007671341655898221,exper2_11
22.54449999999997,21.941576,Calibration,2010,2010-07-22,-0.013553094588901363,exper2_11
22.403999999999996,21.855228,Calibration,2010,2010-07-23,-0.01239903169277253,exper2_11
22.440999999999974,21.762918,Calibration,2010,2010-07-24,-0.015339851106978266,exper2_11
22.78800000000001,21.87662,Calibration,2010,2010-07-25,-0.020404979925915945,exper2_11
23.084500000000048,21.814745,Calibration,2010,2010-07-26,-0.028280098074964805,exper2_11
22.99350000000004,21.786516,Calibration,2010,2010-07-27,-0.02695362603968486,exper2_11
22.90300000000002,21.756987,Calibration,2010,2010-07-28,-0.025660853680037923,exper2_11
23.04400000000004,21.731129,Calibration,2010,2010-07-29,-0.029321441293574075,exper2_11
23.0265,21.70509,Calibration,2010,2010-07-30,-0.029540878015684408,exper2_11
,21.680325,Calibration,2010,2010-07-31,,exper2_11
,21.656637,Calibration,2010,2010-08-01,,exper2_11
,21.611916,Calibration,2010,2010-08-02,,exper2_11
,21.591818,Calibration,2010,2010-08-03,,exper2_11
,21.575403,Calibration,2010,2010-08-04,,exper2_11
,21.559471,Calibration,2010,2010-08-05,,exper2_11
,21.545107,Calibration,2010,2010-08-06,,exper2_11
,21.531717,Calibration,2010,2010-08-07,,exper2_11
,20.63606,Calibration,2010,2010-08-08,,exper2_11
,20.635635,Calibration,2010,2010-08-09,,exper2_11
,20.698345,Calibration,2010,2010-08-10,,exper2_11
,20.097206,Calibration,2010,2010-08-11,,exper2_11
,20.188292,Calibration,2010,2010-08-12,,exper2_11
,20.31183,Calibration,2010,2010-08-13,,exper2_11
,20.436817,Calibration,2010,2010-08-14,,exper2_11
,19.98628,Calibration,2010,2010-08-15,,exper2_11
,20.110434,Calibration,2010,2010-08-16,,exper2_11
,20.8007,Calibration,2010,2010-08-17,,exper2_11
,19.923655,Calibration,2010,2010-08-18,,exper2_11
,20.03923,Calibration,2010,2010-08-19,,exper2_11
,19.412895,Calibration,2010,2010-08-20,,exper2_11
,19.609665,Calibration,2010,2010-08-21,,exper2_11
,19.815325,Calibration,2010,2010-08-22,,exper2_11
,20.009993,Calibration,2010,2010-08-23,,exper2_11
,20.176304,Calibration,2010,2010-08-24,,exper2_11
,20.310274,Calibration,2010,2010-08-25,,exper2_11
,20.430387,Calibration,2010,2010-08-26,,exper2_11
,20.532648,Calibration,2010,2010-08-27,,exper2_11
,20.628473,Calibration,2010,2010-08-28,,exper2_11
,20.705116,Calibration,2010,2010-08-29,,exper2_11
,20.772688,Calibration,2010,2010-08-30,,exper2_11
,20.043287,Calibration,2010,2010-08-31,,exper2_11
,20.144304,Calibration,2010,2010-09-01,,exper2_11
,19.50373,Calibration,2010,2010-09-02,,exper2_11
,18.94961,Calibration,2010,2010-09-03,,exper2_11
,18.49918,Calibration,2010,2010-09-04,,exper2_11
,18.840212,Calibration,2010,2010-09-05,,exper2_11
,18.968306,Calibration,2010,2010-09-06,,exper2_11
,18.57937,Calibration,2010,2010-09-07,,exper2_11
,18.23751,Calibration,2010,2010-09-08,,exper2_11
,17.973417,Calibration,2010,2010-09-09,,exper2_11
,18.415493,Calibration,2010,2010-09-10,,exper2_11
,18.121098,Calibration,2010,2010-09-11,,exper2_11
,18.55904,Calibration,2010,2010-09-12,,exper2_11
,18.934614,Calibration,2010,2010-09-13,,exper2_11
,19.267834,Calibration,2010,2010-09-14,,exper2_11
,18.285334,Calibration,2010,2010-09-15,,exper2_11
,17.370354,Calibration,2010,2010-09-16,,exper2_11
,16.790873,Calibration,2010,2010-09-17,,exper2_11
,17.348911,Calibration,2010,2010-09-18,,exper2_11
,16.646208,Calibration,2010,2010-09-19,,exper2_11
,16.256142,Calibration,2010,2010-09-20,,exper2_11
,15.835245,Calibration,2010,2010-09-21,,exper2_11
,15.52848,Calibration,2010,2010-09-22,,exper2_11
,15.376737,Calibration,2010,2010-09-23,,exper2_11
,15.150264,Calibration,2010,2010-09-24,,exper2_11
,14.959394,Calibration,2010,2010-09-25,,exper2_11
,15.07921,Calibration,2010,2010-09-26,,exper2_11
,14.951936,Calibration,2010,2010-09-27,,exper2_11
,14.855571,Calibration,2010,2010-09-28,,exper2_11
,14.639827,Calibration,2010,2010-09-29,,exper2_11
,14.548028,Calibration,2010,2010-09-30,,exper2_11
,14.381989,Calibration,2010,2010-10-01,,exper2_11
,13.518577,Calibration,2010,2010-10-02,,exper2_11
,13.427645,Calibration,2010,2010-10-03,,exper2_11
,13.525413,Calibration,2010,2010-10-04,,exper2_11
,13.703218,Calibration,2010,2010-10-05,,exper2_11
,13.7351885,Calibration,2010,2010-10-06,,exper2_11
,13.769933,Calibration,2010,2010-10-07,,exper2_11
,13.781418,Calibration,2010,2010-10-08,,exper2_11
,13.745439,Calibration,2010,2010-10-09,,exper2_11
,13.727088,Calibration,2010,2010-10-10,,exper2_11
,13.722161,Calibration,2010,2010-10-11,,exper2_11
,13.690432,Calibration,2010,2010-10-12,,exper2_11
,13.642196,Calibration,2010,2010-10-13,,exper2_11
,13.022445,Calibration,2010,2010-10-14,,exper2_11
,13.15294,Calibration,2010,2010-10-15,,exper2_11
,12.948171,Calibration,2010,2010-10-16,,exper2_11
,12.343293,Calibration,2010,2010-10-17,,exper2_11
,12.569203,Calibration,2010,2010-10-18,,exper2_11
,11.64879,Calibration,2010,2010-10-19,,exper2_11
,11.598421,Calibration,2010,2010-10-20,,exper2_11
,10.9462595,Calibration,2010,2010-10-21,,exper2_11
,10.57475,Calibration,2010,2010-10-22,,exper2_11
,10.477776,Calibration,2010,2010-10-23,,exper2_11
,10.367924,Calibration,2010,2010-10-24,,exper2_11
,11.215671,Calibration,2010,2010-10-25,,exper2_11
,10.98483,Calibration,2010,2010-10-26,,exper2_11
,10.103488,Calibration,2010,2010-10-27,,exper2_11
,9.749635,Calibration,2010,2010-10-28,,exper2_11
,9.463964,Calibration,2010,2010-10-29,,exper2_11
,9.222234,Calibration,2010,2010-10-30,,exper2_11
,9.0002365,Calibration,2010,2010-10-31,,exper2_11
,8.805557,Calibration,2010,2010-11-01,,exper2_11
,8.632239,Calibration,2010,2010-11-02,,exper2_11
,8.48268,Calibration,2010,2010-11-03,,exper2_11
,8.341783,Calibration,2010,2010-11-04,,exper2_11
,8.207056,Calibration,2010,2010-11-05,,exper2_11
,8.104358,Calibration,2010,2010-11-06,,exper2_11
,8.010016,Calibration,2010,2010-11-07,,exper2_11
,7.922414,Calibration,2010,2010-11-08,,exper2_11
,7.8438005,Calibration,2010,2010-11-09,,exper2_11
,7.775448,Calibration,2010,2010-11-10,,exper2_11
,7.759413,Calibration,2010,2010-11-11,,exper2_11
,6.9120684,Calibration,2010,2010-11-12,,exper2_11
,7.40216,Calibration,2010,2010-11-13,,exper2_11
,7.438144,Calibration,2010,2010-11-14,,exper2_11
,7.3965645,Calibration,2010,2010-11-15,,exper2_11
,7.3865495,Calibration,2010,2010-11-16,,exper2_11
,7.363786,Calibration,2010,2010-11-17,,exper2_11
,5.794351,Calibration,2010,2010-11-18,,exper2_11
,4.6740355,Calibration,2010,2010-11-19,,exper2_11
,4.389795,Calibration,2010,2010-11-20,,exper2_11
,4.418447,Calibration,2010,2010-11-21,,exper2_11
,6.4276533,Calibration,2010,2010-11-22,,exper2_11
,4.9403133,Calibration,2010,2010-11-23,,exper2_11
,4.3100357,Calibration,2010,2010-11-24,,exper2_11
,4.8518114,Calibration,2010,2010-11-25,,exper2_11
,3.4819198,Calibration,2010,2010-11-26,,exper2_11
,2.9465406,Calibration,2010,2010-11-27,,exper2_11
,1.9593046,Calibration,2010,2010-11-28,,exper2_11
,2.175846,Calibration,2010,2010-11-29,,exper2_11
,3.812356,Calibration,2010,2010-11-30,,exper2_11
,2.2102432,Calibration,2010,2010-12-01,,exper2_11
,1.9698768,Calibration,2010,2010-12-02,,exper2_11
,1.9446497,Calibration,2010,2010-12-03,,exper2_11
,1.951287,Calibration,2010,2010-12-04,,exper2_11
,1.9603232,Calibration,2010,2010-12-05,,exper2_11
,1.9668645,Calibration,2010,2010-12-06,,exper2_11
,1.9712938,Calibration,2010,2010-12-07,,exper2_11
,1.9741862,Calibration,2010,2010-12-08,,exper2_11
,1.976156,Calibration,2010,2010-12-09,,exper2_11
,1.9815563,Calibration,2010,2010-12-10,,exper2_11
,1.9789765,Calibration,2010,2010-12-11,,exper2_11
,1.9790496,Calibration,2010,2010-12-12,,exper2_11
,1.9794452,Calibration,2010,2010-12-13,,exper2_11
,1.9804945,Calibration,2010,2010-12-14,,exper2_11
,1.9902203,Calibration,2010,2010-12-15,,exper2_11
,1.9912804,Calibration,2010,2010-12-16,,exper2_11
,1.9904206,Calibration,2010,2010-12-17,,exper2_11
,1.9894123,Calibration,2010,2010-12-18,,exper2_11
,1.9887022,Calibration,2010,2010-12-19,,exper2_11
,1.9882094,Calibration,2010,2010-12-20,,exper2_11
,1.9878705,Calibration,2010,2010-12-21,,exper2_11
,1.9877504,Calibration,2010,2010-12-22,,exper2_11
,1.9874678,Calibration,2010,2010-12-23,,exper2_11
,1.9873588,Calibration,2010,2010-12-24,,exper2_11
,1.9872668,Calibration,2010,2010-12-25,,exper2_11
,1.9872065,Calibration,2010,2010-12-26,,exper2_11
,1.9910309,Calibration,2010,2010-12-27,,exper2_11
,1.9939352,Calibration,2010,2010-12-28,,exper2_11
,1.9955113,Calibration,2010,2010-12-29,,exper2_11
,1.9990321,Calibration,2010,2010-12-30,,exper2_11
,2.0397513,Calibration,2010,2010-12-31,,exper2_11
,1.1482655,Calibration,2011,2011-01-01,,exper2_11
,1.0523373,Calibration,2011,2011-01-02,,exper2_11
,0.76568145,Calibration,2011,2011-01-03,,exper2_11
,0.5632869,Calibration,2011,2011-01-04,,exper2_11
,0.24575491,Calibration,2011,2011-01-05,,exper2_11
,0.23342992,Calibration,2011,2011-01-06,,exper2_11
,0.4965135,Calibration,2011,2011-01-07,,exper2_11
,0.08138348,Calibration,2011,2011-01-08,,exper2_11
,0.8455803,Calibration,2011,2011-01-09,,exper2_11
,1.0841324,Calibration,2011,2011-01-10,,exper2_11
,0.20375969,Calibration,2011,2011-01-11,,exper2_11
,0.96972185,Calibration,2011,2011-01-12,,exper2_11
,0.4224574,Calibration,2011,2011-01-13,,exper2_11
,0.44487548,Calibration,2011,2011-01-14,,exper2_11
,1.2032775,Calibration,2011,2011-01-15,,exper2_11
,1.6358359,Calibration,2011,2011-01-16,,exper2_11
,0.23835684,Calibration,2011,2011-01-17,,exper2_11
,1.0269377,Calibration,2011,2011-01-18,,exper2_11
,1.3779484,Calibration,2011,2011-01-19,,exper2_11
,1.4576738,Calibration,2011,2011-01-20,,exper2_11
,1.2793568,Calibration,2011,2011-01-21,,exper2_11
,1.4655759,Calibration,2011,2011-01-22,,exper2_11
,1.4142298,Calibration,2011,2011-01-23,,exper2_11
,0.10077219,Calibration,2011,2011-01-24,,exper2_11
,0.9244275,Calibration,2011,2011-01-25,,exper2_11
,0.32148892,Calibration,2011,2011-01-26,,exper2_11
,0.41253483,Calibration,2011,2011-01-27,,exper2_11
,1.1786867,Calibration,2011,2011-01-28,,exper2_11
,1.0341625,Calibration,2011,2011-01-29,,exper2_11
,1.816183,Calibration,2011,2011-01-30,,exper2_11
,0.7896679,Calibration,2011,2011-01-31,,exper2_11
,1.4388641,Calibration,2011,2011-02-01,,exper2_11
,2.050298,Calibration,2011,2011-02-02,,exper2_11
,1.9160463,Calibration,2011,2011-02-03,,exper2_11
,0.4997552,Calibration,2011,2011-02-04,,exper2_11
,0.4198954,Calibration,2011,2011-02-05,,exper2_11
,1.3207129,Calibration,2011,2011-02-06,,exper2_11
,2.0448236,Calibration,2011,2011-02-07,,exper2_11
,2.7026982,Calibration,2011,2011-02-08,,exper2_11
,2.906279,Calibration,2011,2011-02-09,,exper2_11
,2.9118323,Calibration,2011,2011-02-10,,exper2_11
,2.2118673,Calibration,2011,2011-02-11,,exper2_11
,2.007987,Calibration,2011,2011-02-12,,exper2_11
,2.1651058,Calibration,2011,2011-02-13,,exper2_11
,2.737265,Calibration,2011,2011-02-14,,exper2_11
,2.765499,Calibration,2011,2011-02-15,,exper2_11
,2.5629096,Calibration,2011,2011-02-16,,exper2_11
,0.57025135,Calibration,2011,2011-02-17,,exper2_11
,1.479272,Calibration,2011,2011-02-18,,exper2_11
,2.8338292,Calibration,2011,2011-02-19,,exper2_11
,1.5775708,Calibration,2011,2011-02-20,,exper2_11
,2.3540502,Calibration,2011,2011-02-21,,exper2_11
,3.417921,Calibration,2011,2011-02-22,,exper2_11
,2.4599764,Calibration,2011,2011-02-23,,exper2_11
,2.3179092,Calibration,2011,2011-02-24,,exper2_11
,3.1252427,Calibration,2011,2011-02-25,,exper2_11
,2.4590464,Calibration,2011,2011-02-26,,exper2_11
,3.0929475,Calibration,2011,2011-02-27,,exper2_11
,3.4844384,Calibration,2011,2011-02-28,,exper2_11
,3.3655696,Calibration,2011,2011-03-01,,exper2_11
,3.6130676,Calibration,2011,2011-03-02,,exper2_11
,2.598416,Calibration,2011,2011-03-03,,exper2_11
,2.7743983,Calibration,2011,2011-03-04,,exper2_11
,3.364619,Calibration,2011,2011-03-05,,exper2_11
,3.704729,Calibration,2011,2011-03-06,,exper2_11
,2.7205892,Calibration,2011,2011-03-07,,exper2_11
,2.8102353,Calibration,2011,2011-03-08,,exper2_11
,2.8623106,Calibration,2011,2011-03-09,,exper2_11
,3.8800778,Calibration,2011,2011-03-10,,exper2_11
,3.6348386,Calibration,2011,2011-03-11,,exper2_11
,2.787012,Calibration,2011,2011-03-12,,exper2_11
,2.9184694,Calibration,2011,2011-03-13,,exper2_11
,3.7090275,Calibration,2011,2011-03-14,,exper2_11
,3.4081254,Calibration,2011,2011-03-15,,exper2_11
,3.2506459,Calibration,2011,2011-03-16,,exper2_11
,2.8159666,Calibration,2011,2011-03-17,,exper2_11
,2.8122969,Calibration,2011,2011-03-18,,exper2_11
,3.909922,Calibration,2011,2011-03-19,,exper2_11
,2.8544312,Calibration,2011,2011-03-20,,exper2_11
,2.8588462,Calibration,2011,2011-03-21,,exper2_11
,2.924955,Calibration,2011,2011-03-22,,exper2_11
,2.9334984,Calibration,2011,2011-03-23,,exper2_11
,4.2146053,Calibration,2011,2011-03-24,,exper2_11
,4.311064,Calibration,2011,2011-03-25,,exper2_11
,4.0766788,Calibration,2011,2011-03-26,,exper2_11
,4.2083216,Calibration,2011,2011-03-27,,exper2_11
,4.1811223,Calibration,2011,2011-03-28,,exper2_11
,4.176936,Calibration,2011,2011-03-29,,exper2_11
,4.144807,Calibration,2011,2011-03-30,,exper2_11
,3.7747617,Calibration,2011,2011-03-31,,exper2_11
,3.349885,Calibration,2011,2011-04-01,,exper2_11
,3.2289855,Calibration,2011,2011-04-02,,exper2_11
,2.9179592,Calibration,2011,2011-04-03,,exper2_11
,3.6426737,Calibration,2011,2011-04-04,,exper2_11
,4.1867285,Calibration,2011,2011-04-05,,exper2_11
,3.7871609,Calibration,2011,2011-04-06,,exper2_11
,4.1404233,Calibration,2011,2011-04-07,,exper2_11
,4.144692,Calibration,2011,2011-04-08,,exper2_11
,3.6541846,Calibration,2011,2011-04-09,,exper2_11
,3.8118157,Calibration,2011,2011-04-10,,exper2_11
,3.5141048,Calibration,2011,2011-04-11,,exper2_11
,4.5968175,Calibration,2011,2011-04-12,,exper2_11
,3.9681978,Calibration,2011,2011-04-13,,exper2_11
,4.432613,Calibration,2011,2011-04-14,,exper2_11
,4.032181,Calibration,2011,2011-04-15,,exper2_11
,4.3140535,Calibration,2011,2011-04-16,,exper2_11
,3.9907432,Calibration,2011,2011-04-17,,exper2_11
,4.2401657,Calibration,2011,2011-04-18,,exper2_11
,4.12803,Calibration,2011,2011-04-19,,exper2_11
,4.47141,Calibration,2011,2011-04-20,,exper2_11
,4.8366284,Calibration,2011,2011-04-21,,exper2_11
,4.35698,Calibration,2011,2011-04-22,,exper2_11
,4.2852726,Calibration,2011,2011-04-23,,exper2_11
,4.7681017,Calibration,2011,2011-04-24,,exper2_11
,5.140662,Calibration,2011,2011-04-25,,exper2_11
,4.842844,Calibration,2011,2011-04-26,,exper2_11
,4.516212,Calibration,2011,2011-04-27,,exper2_11
,4.2405143,Calibration,2011,2011-04-28,,exper2_11
,6.1663933,Calibration,2011,2011-04-29,,exper2_11
,6.093009,Calibration,2011,2011-04-30,,exper2_11
,5.6186385,Calibration,2011,2011-05-01,,exper2_11
,6.670044,Calibration,2011,2011-05-02,,exper2_11
,6.4687157,Calibration,2011,2011-05-03,,exper2_11
,6.9993863,Calibration,2011,2011-05-04,,exper2_11
,7.2611732,Calibration,2011,2011-05-05,,exper2_11
,5.9671235,Calibration,2011,2011-05-06,,exper2_11
,7.111553,Calibration,2011,2011-05-07,,exper2_11
,7.076788,Calibration,2011,2011-05-08,,exper2_11
,7.0150285,Calibration,2011,2011-05-09,,exper2_11
,6.4958687,Calibration,2011,2011-05-10,,exper2_11
,6.5723977,Calibration,2011,2011-05-11,,exper2_11
,7.0831637,Calibration,2011,2011-05-12,,exper2_11
,7.0912776,Calibration,2011,2011-05-13,,exper2_11
,7.144175,Calibration,2011,2011-05-14,,exper2_11
,8.634599,Calibration,2011,2011-05-15,,exper2_11
,8.73114,Calibration,2011,2011-05-16,,exper2_11
,8.824336,Calibration,2011,2011-05-17,,exper2_11
,8.552739,Calibration,2011,2011-05-18,,exper2_11
,9.7251215,Calibration,2011,2011-05-19,,exper2_11
,9.376293,Calibration,2011,2011-05-20,,exper2_11
,10.292735,Calibration,2011,2011-05-21,,exper2_11
,10.225142,Calibration,2011,2011-05-22,,exper2_11
,11.5859585,Calibration,2011,2011-05-23,,exper2_11
,11.531824,Calibration,2011,2011-05-24,,exper2_11
,11.694994,Calibration,2011,2011-05-25,,exper2_11
,12.82727,Calibration,2011,2011-05-26,,exper2_11
,13.438066,Calibration,2011,2011-05-27,,exper2_11
11.486500000000035,12.560487,Calibration,2011,2011-05-28,0.04466201120081814,exper2_11
12.136000000000024,13.277162,Calibration,2011,2011-05-29,0.044904353745821184,exper2_11
11.88250000000005,12.750497,Calibration,2011,2011-05-30,0.03523716050871985,exper2_11
12.21550000000002,13.868288,Calibration,2011,2011-05-31,0.06336457103609025,exper2_11
12.091000000000008,14.845895,Calibration,2011,2011-06-01,0.102272174747962,exper2_11
12.079000000000008,15.287496,Calibration,2011,2011-06-02,0.11724174181667918,exper2_11
12.394000000000005,14.84563,Calibration,2011,2011-06-03,0.09000231353330995,exper2_11
13.278500000000008,15.750843,Calibration,2011,2011-06-04,0.08516703405928015,exper2_11
14.910000000000025,16.239511,Calibration,2011,2011-06-05,0.04268161606003295,exper2_11
16.047500000000014,16.940144,Calibration,2011,2011-06-06,0.027059937849134935,exper2_11
16.180000000000007,16.79879,Calibration,2011,2011-06-07,0.01876327113395051,exper2_11
17.148500000000013,17.831175,Calibration,2011,2011-06-08,0.019516329222105427,exper2_11
16.452500000000043,16.667498,Calibration,2011,2011-06-09,0.006491474946881615,exper2_11
15.588000000000022,18.38259,Calibration,2011,2011-06-10,0.08226496491487317,exper2_11
15.290500000000009,18.34254,Calibration,2011,2011-06-11,0.09074531097181596,exper2_11
16.282500000000027,18.02893,Calibration,2011,2011-06-12,0.050899383390960375,exper2_11
,18.013304,Calibration,2011,2011-06-13,,exper2_11
,18.035501,Calibration,2011,2011-06-14,,exper2_11
,19.14214,Calibration,2011,2011-06-15,,exper2_11
,18.458435,Calibration,2011,2011-06-16,,exper2_11
,18.996832,Calibration,2011,2011-06-17,,exper2_11
,19.541578,Calibration,2011,2011-06-18,,exper2_11
,17.845037,Calibration,2011,2011-06-19,,exper2_11
,17.853746,Calibration,2011,2011-06-20,,exper2_11
,16.486166,Calibration,2011,2011-06-21,,exper2_11
,16.826376,Calibration,2011,2011-06-22,,exper2_11
,15.503398,Calibration,2011,2011-06-23,,exper2_11
,16.31375,Calibration,2011,2011-06-24,,exper2_11
,16.75146,Calibration,2011,2011-06-25,,exper2_11
,17.397085,Calibration,2011,2011-06-26,,exper2_11
,18.520864,Calibration,2011,2011-06-27,,exper2_11
,18.590857,Calibration,2011,2011-06-28,,exper2_11
,18.24275,Calibration,2011,2011-06-29,,exper2_11
,19.259253,Calibration,2011,2011-06-30,,exper2_11
,19.349962,Calibration,2011,2011-07-01,,exper2_11
,19.45651,Calibration,2011,2011-07-02,,exper2_11
,19.165466,Calibration,2011,2011-07-03,,exper2_11
,20.577147,Calibration,2011,2011-07-04,,exper2_11
21.860500000000002,20.493784,Calibration,2011,2011-07-05,-0.03226866143650954,exper2_11
22.659500000000037,21.495054,Calibration,2011,2011-07-06,-0.02637204190860805,exper2_11
21.759500000000003,21.125116,Calibration,2011,2011-07-07,-0.014792802308911012,exper2_11
22.22750000000002,21.934425,Calibration,2011,2011-07-08,-0.0066363647790900196,exper2_11
21.73199999999997,21.595459,Calibration,2011,2011-07-09,-0.003151373720628556,exper2_11
22.459500000000048,21.539215,Calibration,2011,2011-07-10,-0.02091617698996633,exper2_11
23.019000000000005,21.509262,Calibration,2011,2011-07-11,-0.033905161449114124,exper2_11
22.5,21.489538,Calibration,2011,2011-07-12,-0.022970502732341372,exper2_11
21.2885,21.472021,Calibration,2011,2011-07-13,0.004291835042506191,exper2_11
20.39100000000002,21.457914,Calibration,2011,2011-07-14,0.025494433223101097,exper2_11
20.601999999999975,21.441965,Calibration,2011,2011-07-15,0.01997825612043711,exper2_11
22.632000000000005,21.432066,Calibration,2011,2011-07-16,-0.027231577704203813,exper2_11
22.576999999999998,21.409132,Calibration,2011,2011-07-17,-0.026550822793769305,exper2_11
23.664000000000044,21.390554,Calibration,2011,2011-07-18,-0.05045983920510164,exper2_11
23.685500000000047,21.398857,Calibration,2011,2011-07-19,-0.050719207936844576,exper2_11
23.063000000000045,21.993376,Calibration,2011,2011-07-20,-0.02373968618930439,exper2_11
,23.089752,Calibration,2011,2011-07-21,,exper2_11
,23.675364,Calibration,2011,2011-07-22,,exper2_11
23.95799999999997,23.527988,Calibration,2011,2011-07-23,-0.009055546285220822,exper2_11
22.10050000000001,23.250622,Calibration,2011,2011-07-24,0.02536038250247857,exper2_11
21.277000000000044,23.131632,Calibration,2011,2011-07-25,0.04176286847590156,exper2_11
21.798000000000002,23.73713,Calibration,2011,2011-07-26,0.04258534553448041,exper2_11
21.585000000000036,22.416431,Calibration,2011,2011-07-27,0.018895554077172572,exper2_11
23.684500000000014,22.351538,Calibration,2011,2011-07-28,-0.028954757229310308,exper2_11
23.18300000000005,22.307623,Calibration,2011,2011-07-29,-0.019243022725689216,exper2_11
23.545500000000004,22.264784,Calibration,2011,2011-07-30,-0.02795695710338609,exper2_11
24.125999999999976,22.226627,Calibration,2011,2011-07-31,-0.040976590945118546,exper2_11
23.753499999999974,22.177443,Calibration,2011,2011-08-01,-0.03431363176582965,exper2_11
22.809000000000026,21.222494,Calibration,2011,2011-08-02,-0.036031161470849116,exper2_11
21.96550000000002,21.878492,Calibration,2011,2011-08-03,-0.0019844827074177217,exper2_11
23.82000000000005,22.457464,Calibration,2011,2011-08-04,-0.029442749400394305,exper2_11
22.806500000000028,22.21182,Calibration,2011,2011-08-05,-0.013209719723554234,exper2_11
23.400500000000022,22.146982,Calibration,2011,2011-08-06,-0.027521121841498707,exper2_11
22.742500000000007,22.097898,Calibration,2011,2011-08-07,-0.014375463611547732,exper2_11
22.100000000000023,22.05059,Calibration,2011,2011-08-08,-0.0011191126616158004,exper2_11
20.488,22.004608,Calibration,2011,2011-08-09,0.03569110535154372,exper2_11
19.674500000000023,21.96026,Calibration,2011,2011-08-10,0.05490028931970289,exper2_11
20.980000000000018,21.917894,Calibration,2011,2011-08-11,0.021863412582866306,exper2_11
21.619500000000016,21.87795,Calibration,2011,2011-08-12,0.005941742892143562,exper2_11
21.245000000000005,21.840233,Calibration,2011,2011-08-13,0.013815240391191978,exper2_11
22.450000000000045,21.807035,Calibration,2011,2011-08-14,-0.014527962556713419,exper2_11
22.963000000000022,21.773506,Calibration,2011,2011-08-15,-0.02658888539650411,exper2_11
24.025500000000022,21.74257,Calibration,2011,2011-08-16,-0.04988038777199858,exper2_11
21.214500000000044,21.747208,Calibration,2011,2011-08-17,0.01239959188879345,exper2_11
21.097500000000025,21.737247,Calibration,2011,2011-08-18,0.014935245446077177,exper2_11
21.361000000000047,21.704355,Calibration,2011,2011-08-19,0.007972887671671926,exper2_11
19.845000000000027,21.678305,Calibration,2011,2011-08-20,0.04415122271004521,exper2_11
19.099000000000046,21.65414,Calibration,2011,2011-08-21,0.06269800174398255,exper2_11
22.198000000000036,21.632494,Calibration,2011,2011-08-22,-0.012902113938595635,exper2_11
21.015000000000043,20.817474,Calibration,2011,2011-08-23,-0.004721825274811504,exper2_11
19.961000000000013,20.803684,Calibration,2011,2011-08-24,0.020671918608987618,exper2_11
19.08250000000004,20.849659,Calibration,2011,2011-08-25,0.0442540301306072,exper2_11
21.047500000000014,20.908176,Calibration,2011,2011-08-26,-0.0033207324910967525,exper2_11
19.68900000000002,20.96171,Calibration,2011,2011-08-27,0.03130843168401053,exper2_11
19.667500000000018,20.997038,Calibration,2011,2011-08-28,0.03269526611243059,exper2_11
22.381500000000017,21.036844,Calibration,2011,2011-08-29,-0.030969761044039423,exper2_11
20.938499999999976,21.071278,Calibration,2011,2011-08-30,0.0031606360694003107,exper2_11
19.073000000000036,20.262316,Calibration,2011,2011-08-31,0.03023531723190356,exper2_11
22.985500000000002,20.31521,Calibration,2011,2011-09-01,-0.06166849542367866,exper2_11
21.346000000000004,19.71723,Calibration,2011,2011-09-02,-0.039664930476297405,exper2_11
19.994000000000028,19.690882,Calibration,2011,2011-09-03,-0.007638129626869555,exper2_11
17.55200000000002,19.127096,Calibration,2011,2011-09-04,0.04294261146957404,exper2_11
16.012500000000045,18.62945,Calibration,2011,2011-09-05,0.07554279871998422,exper2_11
16.154999999999973,18.940176,Calibration,2011,2011-09-06,0.0793606508577645,exper2_11
20.230999999999995,19.250248,Calibration,2011,2011-09-07,-0.024840958568168026,exper2_11
20.85650000000004,19.535202,Calibration,2011,2011-09-08,-0.032712114304327265,exper2_11
19.579499999999996,19.7758,Calibration,2011,2011-09-09,0.004987910178293682,exper2_11
20.629999999999995,19.975828,Calibration,2011,2011-09-10,-0.016110293982242424,exper2_11
20.629999999999995,20.14282,Calibration,2011,2011-09-11,-0.01194863728931955,exper2_11
20.629999999999995,20.283697,Calibration,2011,2011-09-12,-0.008464228266102946,exper2_11
20.629999999999995,19.9479,Calibration,2011,2011-09-13,-0.016809623339962082,exper2_11
20.629999999999995,19.92862,Calibration,2011,2011-09-14,-0.017293010114092264,exper2_11
20.629999999999995,19.299776,Calibration,2011,2011-09-15,-0.03331408421012158,exper2_11
20.629999999999995,19.54408,Calibration,2011,2011-09-16,-0.02703034508568599,exper2_11
20.629999999999995,19.514326,Calibration,2011,2011-09-17,-0.027791571385769265,exper2_11
20.629999999999995,18.14208,Calibration,2011,2011-09-18,-0.06416781543041286,exper2_11
20.629999999999995,17.901737,Calibration,2011,2011-09-19,-0.07080560037493495,exper2_11
,17.354929,Calibration,2011,2011-09-20,,exper2_11
,16.809364,Calibration,2011,2011-09-21,,exper2_11
,16.3411,Calibration,2011,2011-09-22,,exper2_11
,15.979838,Calibration,2011,2011-09-23,,exper2_11
,15.663623,Calibration,2011,2011-09-24,,exper2_11
,15.395596,Calibration,2011,2011-09-25,,exper2_11
,15.217991,Calibration,2011,2011-09-26,,exper2_11
,15.039342,Calibration,2011,2011-09-27,,exper2_11
,14.831199,Calibration,2011,2011-09-28,,exper2_11
,14.746149,Calibration,2011,2011-09-29,,exper2_11
,14.577558,Calibration,2011,2011-09-30,,exper2_11
,14.329832,Calibration,2011,2011-10-01,,exper2_11
,14.438694,Calibration,2011,2011-10-02,,exper2_11
,14.386393,Calibration,2011,2011-10-03,,exper2_11
,14.440349,Calibration,2011,2011-10-04,,exper2_11
,14.39444,Calibration,2011,2011-10-05,,exper2_11
,14.502828,Calibration,2011,2011-10-06,,exper2_11
18.135000000000048,14.439015,Calibration,2011,2011-10-07,-0.11346420045031923,exper2_11
14.689999999999998,14.623113,Calibration,2011,2011-10-08,-0.0022818225483492026,exper2_11
14.399999999999977,14.687396,Calibration,2011,2011-10-09,0.009880432370448633,exper2_11
14.399999999999977,14.599786,Calibration,2011,2011-10-10,0.006889216565035607,exper2_11
14.399999999999977,14.524339,Calibration,2011,2011-10-11,0.0042987576457009765,exper2_11
14.399999999999977,14.411461,Calibration,2011,2011-10-12,0.0003977888005751391,exper2_11
14.399999999999977,14.3093,Calibration,2011,2011-10-13,-0.0031592402460599565,exper2_11
14.399999999999977,13.745578,Calibration,2011,2011-10-14,-0.023251332488957027,exper2_11
14.399999999999977,13.45388,Calibration,2011,2011-10-15,-0.03396724906582303,exper2_11
8.949000000000012,12.728781,Calibration,2011,2011-10-16,0.17436197877761056,exper2_11
8.3005,12.340217,Calibration,2011,2011-10-17,0.19571590985766538,exper2_11
8.20700000000005,11.897496,Calibration,2011,2011-10-18,0.18356571497400095,exper2_11
8.086000000000013,11.388677,Calibration,2011,2011-10-19,0.16958826602626387,exper2_11
7.636500000000012,10.965209,Calibration,2011,2011-10-20,0.17894640787916039,exper2_11
,10.722116,Calibration,2011,2011-10-21,,exper2_11
,10.345221,Calibration,2011,2011-10-22,,exper2_11
,10.006305,Calibration,2011,2011-10-23,,exper2_11
,9.718194,Calibration,2011,2011-10-24,,exper2_11
,9.46742,Calibration,2011,2011-10-25,,exper2_11
,9.226526,Calibration,2011,2011-10-26,,exper2_11
,9.01027,Calibration,2011,2011-10-27,,exper2_11
,8.817028,Calibration,2011,2011-10-28,,exper2_11
,8.644079,Calibration,2011,2011-10-29,,exper2_11
,8.488806,Calibration,2011,2011-10-30,,exper2_11
,8.35717,Calibration,2011,2011-10-31,,exper2_11
,8.274803,Calibration,2011,2011-11-01,,exper2_11
,8.139685,Calibration,2011,2011-11-02,,exper2_11
,8.032536,Calibration,2011,2011-11-03,,exper2_11
,7.9399586,Calibration,2011,2011-11-04,,exper2_11
,7.859668,Calibration,2011,2011-11-05,,exper2_11
,7.791999,Calibration,2011,2011-11-06,,exper2_11
,7.725194,Calibration,2011,2011-11-07,,exper2_11
,7.6660604,Calibration,2011,2011-11-08,,exper2_11
,7.550139,Calibration,2011,2011-11-09,,exper2_11
,7.5498843,Calibration,2011,2011-11-10,,exper2_11
,5.2132206,Calibration,2011,2011-11-11,,exper2_11
,6.896962,Calibration,2011,2011-11-12,,exper2_11
,7.111375,Calibration,2011,2011-11-13,,exper2_11
,7.141025,Calibration,2011,2011-11-14,,exper2_11
,5.684271,Calibration,2011,2011-11-15,,exper2_11
,6.3622465,Calibration,2011,2011-11-16,,exper2_11
,4.6297636,Calibration,2011,2011-11-17,,exper2_11
,4.4149494,Calibration,2011,2011-11-18,,exper2_11
,4.414405,Calibration,2011,2011-11-19,,exper2_11
,5.0340014,Calibration,2011,2011-11-20,,exper2_11
,5.1089334,Calibration,2011,2011-11-21,,exper2_11
,4.4655733,Calibration,2011,2011-11-22,,exper2_11
,4.9024153,Calibration,2011,2011-11-23,,exper2_11
,4.7559032,Calibration,2011,2011-11-24,,exper2_11
,4.69216,Calibration,2011,2011-11-25,,exper2_11
,4.6236687,Calibration,2011,2011-11-26,,exper2_11
,4.0807934,Calibration,2011,2011-11-27,,exper2_11
,2.8232067,Calibration,2011,2011-11-28,,exper2_11
,2.2052038,Calibration,2011,2011-11-29,,exper2_11
,2.09373,Calibration,2011,2011-11-30,,exper2_11
,2.4605207,Calibration,2011,2011-12-01,,exper2_11
,2.1247854,Calibration,2011,2011-12-02,,exper2_11
,2.076341,Calibration,2011,2011-12-03,,exper2_11
,3.719417,Calibration,2011,2011-12-04,,exper2_11
,2.309426,Calibration,2011,2011-12-05,,exper2_11
,2.0993512,Calibration,2011,2011-12-06,,exper2_11
,2.0678713,Calibration,2011,2011-12-07,,exper2_11
,2.062634,Calibration,2011,2011-12-08,,exper2_11
,2.0615387,Calibration,2011,2011-12-09,,exper2_11
,2.0607245,Calibration,2011,2011-12-10,,exper2_11
,2.059975,Calibration,2011,2011-12-11,,exper2_11
,2.0615692,Calibration,2011,2011-12-12,,exper2_11
,3.8842173,Calibration,2011,2011-12-13,,exper2_11
,2.4108326,Calibration,2011,2011-12-14,,exper2_11
,2.220737,Calibration,2011,2011-12-15,,exper2_11
,2.0842106,Calibration,2011,2011-12-16,,exper2_11
,2.0639377,Calibration,2011,2011-12-17,,exper2_11
,2.060749,Calibration,2011,2011-12-18,,exper2_11
,2.0599113,Calibration,2011,2011-12-19,,exper2_11
,2.0593483,Calibration,2011,2011-12-20,,exper2_11
,2.0588274,Calibration,2011,2011-12-21,,exper2_11
,2.058373,Calibration,2011,2011-12-22,,exper2_11
,2.0579848,Calibration,2011,2011-12-23,,exper2_11
,2.057684,Calibration,2011,2011-12-24,,exper2_11
,2.0574512,Calibration,2011,2011-12-25,,exper2_11
,2.0572646,Calibration,2011,2011-12-26,,exper2_11
,2.0571206,Calibration,2011,2011-12-27,,exper2_11
,2.057011,Calibration,2011,2011-12-28,,exper2_11
,2.0569313,Calibration,2011,2011-12-29,,exper2_11
,2.0568638,Calibration,2011,2011-12-30,,exper2_11
,2.0568151,Calibration,2011,2011-12-31,,exper2_11
,2.0361938,Calibration,2012,2012-01-01,,exper2_11
,1.1601408,Calibration,2012,2012-01-02,,exper2_11
,1.8971792,Calibration,2012,2012-01-03,,exper2_11
,1.7025243,Calibration,2012,2012-01-04,,exper2_11
,1.930811,Calibration,2012,2012-01-05,,exper2_11
,2.251799,Calibration,2012,2012-01-06,,exper2_11
,0.77334124,Calibration,2012,2012-01-07,,exper2_11
,1.3983576,Calibration,2012,2012-01-08,,exper2_11
,1.9574888,Calibration,2012,2012-01-09,,exper2_11
,2.1519587,Calibration,2012,2012-01-10,,exper2_11
,1.9457327,Calibration,2012,2012-01-11,,exper2_11
,0.5874743,Calibration,2012,2012-01-12,,exper2_11
,0.620337,Calibration,2012,2012-01-13,,exper2_11
,1.32831,Calibration,2012,2012-01-14,,exper2_11
,1.7255664,Calibration,2012,2012-01-15,,exper2_11
,0.50781,Calibration,2012,2012-01-16,,exper2_11
,0.4371242,Calibration,2012,2012-01-17,,exper2_11
,1.0377853,Calibration,2012,2012-01-18,,exper2_11
,1.4659035,Calibration,2012,2012-01-19,,exper2_11
,0.8154471,Calibration,2012,2012-01-20,,exper2_11
,1.4096621,Calibration,2012,2012-01-21,,exper2_11
,0.094099835,Calibration,2012,2012-01-22,,exper2_11
,0.23969589,Calibration,2012,2012-01-23,,exper2_11
,1.1744715,Calibration,2012,2012-01-24,,exper2_11
,1.7457033,Calibration,2012,2012-01-25,,exper2_11
,2.052202,Calibration,2012,2012-01-26,,exper2_11
,2.4522662,Calibration,2012,2012-01-27,,exper2_11
,2.5163019,Calibration,2012,2012-01-28,,exper2_11
,2.5007675,Calibration,2012,2012-01-29,,exper2_11
,2.3111439,Calibration,2012,2012-01-30,,exper2_11
,2.6873286,Calibration,2012,2012-01-31,,exper2_11
,2.3500295,Calibration,2012,2012-02-01,,exper2_11
,2.4064326,Calibration,2012,2012-02-02,,exper2_11
,2.8289618,Calibration,2012,2012-02-03,,exper2_11
,2.8919773,Calibration,2012,2012-02-04,,exper2_11
,2.5298345,Calibration,2012,2012-02-05,,exper2_11
,2.4584,Calibration,2012,2012-02-06,,exper2_11
,2.3847125,Calibration,2012,2012-02-07,,exper2_11
,3.1426437,Calibration,2012,2012-02-08,,exper2_11
,3.0526295,Calibration,2012,2012-02-09,,exper2_11
,2.6921782,Calibration,2012,2012-02-10,,exper2_11
,2.8431315,Calibration,2012,2012-02-11,,exper2_11
,3.1528044,Calibration,2012,2012-02-12,,exper2_11
,3.1243277,Calibration,2012,2012-02-13,,exper2_11
,2.2563007,Calibration,2012,2012-02-14,,exper2_11
,2.7581658,Calibration,2012,2012-02-15,,exper2_11
,2.7940736,Calibration,2012,2012-02-16,,exper2_11
,2.713702,Calibration,2012,2012-02-17,,exper2_11
,2.838385,Calibration,2012,2012-02-18,,exper2_11
,3.3148267,Calibration,2012,2012-02-19,,exper2_11
,3.0454109,Calibration,2012,2012-02-20,,exper2_11
,2.4626722,Calibration,2012,2012-02-21,,exper2_11
,2.8458447,Calibration,2012,2012-02-22,,exper2_11
,3.34173,Calibration,2012,2012-02-23,,exper2_11
,2.712017,Calibration,2012,2012-02-24,,exper2_11
,2.5076642,Calibration,2012,2012-02-25,,exper2_11
,2.4670045,Calibration,2012,2012-02-26,,exper2_11
,2.8535857,Calibration,2012,2012-02-27,,exper2_11
,2.8656416,Calibration,2012,2012-02-28,,exper2_11
,1.0611438,Calibration,2012,2012-02-29,,exper2_11
,1.0346205,Calibration,2012,2012-03-01,,exper2_11
,1.3573716,Calibration,2012,2012-03-02,,exper2_11
,2.154317,Calibration,2012,2012-03-03,,exper2_11
,3.4459505,Calibration,2012,2012-03-04,,exper2_11
,3.4589865,Calibration,2012,2012-03-05,,exper2_11
,3.3143032,Calibration,2012,2012-03-06,,exper2_11
,1.2101253,Calibration,2012,2012-03-07,,exper2_11
,2.6813421,Calibration,2012,2012-03-08,,exper2_11
,3.4902804,Calibration,2012,2012-03-09,,exper2_11
,3.655697,Calibration,2012,2012-03-10,,exper2_11
,3.5552757,Calibration,2012,2012-03-11,,exper2_11
,2.7233922,Calibration,2012,2012-03-12,,exper2_11
,3.7454767,Calibration,2012,2012-03-13,,exper2_11
,3.6318932,Calibration,2012,2012-03-14,,exper2_11
,3.4494233,Calibration,2012,2012-03-15,,exper2_11
,3.735045,Calibration,2012,2012-03-16,,exper2_11
,3.0987048,Calibration,2012,2012-03-17,,exper2_11
,3.1951623,Calibration,2012,2012-03-18,,exper2_11
,4.027713,Calibration,2012,2012-03-19,,exper2_11
,3.5686383,Calibration,2012,2012-03-20,,exper2_11
,3.8146417,Calibration,2012,2012-03-21,,exper2_11
,3.7416975,Calibration,2012,2012-03-22,,exper2_11
,3.664116,Calibration,2012,2012-03-23,,exper2_11
,3.813846,Calibration,2012,2012-03-24,,exper2_11
,4.784094,Calibration,2012,2012-03-25,,exper2_11
,4.6732078,Calibration,2012,2012-03-26,,exper2_11
,3.5899816,Calibration,2012,2012-03-27,,exper2_11
,4.09172,Calibration,2012,2012-03-28,,exper2_11
,4.6709976,Calibration,2012,2012-03-29,,exper2_11
,4.3684826,Calibration,2012,2012-03-30,,exper2_11
,3.8225322,Calibration,2012,2012-03-31,,exper2_11
,4.254942,Calibration,2012,2012-04-01,,exper2_11
,4.473099,Calibration,2012,2012-04-02,,exper2_11
,4.222886,Calibration,2012,2012-04-03,,exper2_11
,4.6686697,Calibration,2012,2012-04-04,,exper2_11
,4.493501,Calibration,2012,2012-04-05,,exper2_11
,4.3996367,Calibration,2012,2012-04-06,,exper2_11
,4.320509,Calibration,2012,2012-04-07,,exper2_11
,4.286354,Calibration,2012,2012-04-08,,exper2_11
,3.801306,Calibration,2012,2012-04-09,,exper2_11
,3.393029,Calibration,2012,2012-04-10,,exper2_11
,4.130595,Calibration,2012,2012-04-11,,exper2_11
,4.2453957,Calibration,2012,2012-04-12,,exper2_11
,3.6103382,Calibration,2012,2012-04-13,,exper2_11
,4.29631,Calibration,2012,2012-04-14,,exper2_11
,4.552211,Calibration,2012,2012-04-15,,exper2_11
,4.5814815,Calibration,2012,2012-04-16,,exper2_11
,4.99121,Calibration,2012,2012-04-17,,exper2_11
,4.057849,Calibration,2012,2012-04-18,,exper2_11
,4.605857,Calibration,2012,2012-04-19,,exper2_11
,5.033711,Calibration,2012,2012-04-20,,exper2_11
,4.5775046,Calibration,2012,2012-04-21,,exper2_11
,4.195666,Calibration,2012,2012-04-22,,exper2_11
,5.1480856,Calibration,2012,2012-04-23,,exper2_11
,5.194957,Calibration,2012,2012-04-24,,exper2_11
,4.1870475,Calibration,2012,2012-04-25,,exper2_11
,4.430356,Calibration,2012,2012-04-26,,exper2_11
,5.68067,Calibration,2012,2012-04-27,,exper2_11
,4.631195,Calibration,2012,2012-04-28,,exper2_11
,5.587462,Calibration,2012,2012-04-29,,exper2_11
,5.587562,Calibration,2012,2012-04-30,,exper2_11
,5.878955,Calibration,2012,2012-05-01,,exper2_11
,5.256263,Calibration,2012,2012-05-02,,exper2_11
,6.044583,Calibration,2012,2012-05-03,,exper2_11
,6.4780564,Calibration,2012,2012-05-04,,exper2_11
,6.119746,Calibration,2012,2012-05-05,,exper2_11
,6.278948,Calibration,2012,2012-05-06,,exper2_11
,6.500657,Calibration,2012,2012-05-07,,exper2_11
,6.0556564,Calibration,2012,2012-05-08,,exper2_11
,7.614222,Calibration,2012,2012-05-09,,exper2_11
,8.132374,Calibration,2012,2012-05-10,,exper2_11
,7.1091347,Calibration,2012,2012-05-11,,exper2_11
,7.941691,Calibration,2012,2012-05-12,,exper2_11
,8.899634,Calibration,2012,2012-05-13,,exper2_11
,9.387198,Calibration,2012,2012-05-14,,exper2_11
,9.909595,Calibration,2012,2012-05-15,,exper2_11
,10.62672,Calibration,2012,2012-05-16,,exper2_11
,10.875699,Calibration,2012,2012-05-17,,exper2_11
,10.74535,Calibration,2012,2012-05-18,,exper2_11
,11.457721,Calibration,2012,2012-05-19,,exper2_11
,12.001803,Calibration,2012,2012-05-20,,exper2_11
,12.836644,Calibration,2012,2012-05-21,,exper2_11
14.686500000000024,13.359026,Calibration,2012,2012-05-22,-0.04733282759326135,exper2_11
14.557500000000005,14.0788355,Calibration,2012,2012-05-23,-0.01671528512597107,exper2_11
14.617500000000007,14.774262,Calibration,2012,2012-05-24,0.0053335497885227895,exper2_11
14.718500000000006,14.765741,Calibration,2012,2012-05-25,0.001602257548653969,exper2_11
14.9255,15.377857,Calibration,2012,2012-05-26,0.014927626834982215,exper2_11
15.129000000000019,14.346972,Calibration,2012,2012-05-27,-0.026531017268380218,exper2_11
15.83200000000005,15.0559435,Calibration,2012,2012-05-28,-0.0251249006331496,exper2_11
15.886000000000024,15.204571,Calibration,2012,2012-05-29,-0.02191755290604376,exper2_11
15.520000000000039,15.725738,Calibration,2012,2012-05-30,0.0065845004056650485,exper2_11
15.564000000000021,16.18087,Calibration,2012,2012-05-31,0.019432117852779457,exper2_11
15.92100000000005,16.344845,Calibration,2012,2012-06-01,0.013136021093029696,exper2_11
15.60250000000002,16.576403,Calibration,2012,2012-06-02,0.030265254050086433,exper2_11
16.15650000000005,16.78685,Calibration,2012,2012-06-03,0.019134361746848245,exper2_11
17.143500000000017,17.199102,Calibration,2012,2012-06-04,0.0016190503294699259,exper2_11
17.331500000000005,17.015759,Calibration,2012,2012-06-05,-0.009192625532640261,exper2_11
18.11700000000002,17.313896,Calibration,2012,2012-06-06,-0.022666765659523056,exper2_11
19.201999999999998,17.250454,Calibration,2012,2012-06-07,-0.05353675376031262,exper2_11
18.95799999999997,17.412,Calibration,2012,2012-06-08,-0.04250754236958086,exper2_11
19.010500000000036,17.708765,Calibration,2012,2012-06-09,-0.035451008320361715,exper2_11
19.1635,17.82665,Calibration,2012,2012-06-10,-0.036140684968938,exper2_11
19.072500000000048,18.602606,Calibration,2012,2012-06-11,-0.012472272342024004,exper2_11
18.762500000000045,19.226551,Calibration,2012,2012-06-12,0.012215389513815879,exper2_11
18.540999999999997,18.451942,Calibration,2012,2012-06-13,-0.00240742017987682,exper2_11
18.134000000000015,19.3844,Calibration,2012,2012-06-14,0.03332763213757502,exper2_11
18.51800000000003,19.441202,Calibration,2012,2012-06-15,0.024320905368743456,exper2_11
18.668499999999995,19.631289,Calibration,2012,2012-06-16,0.02513822048201121,exper2_11
18.448000000000036,18.928392,Calibration,2012,2012-06-17,0.012852829802433753,exper2_11
18.649500000000046,19.112413,Calibration,2012,2012-06-18,0.012258738093867624,exper2_11
19.214,19.667486,Calibration,2012,2012-06-19,0.011663293644964887,exper2_11
19.444500000000005,19.772306,Calibration,2012,2012-06-20,0.008358825513836002,exper2_11
19.533000000000015,18.997091,Calibration,2012,2012-06-21,-0.013908835631483625,exper2_11
19.939999999999998,19.354368,Calibration,2012,2012-06-22,-0.014903708008072641,exper2_11
19.702999999999975,19.899332,Calibration,2012,2012-06-23,0.004957588009671835,exper2_11
19.73150000000004,19.883032,Calibration,2012,2012-06-24,0.003825158042641482,exper2_11
20.355500000000006,19.122644,Calibration,2012,2012-06-25,-0.031228812638882414,exper2_11
20.577999999999975,18.868778,Calibration,2012,2012-06-26,-0.043329819265038344,exper2_11
20.803500000000042,19.259027,Calibration,2012,2012-06-27,-0.03855154969067713,exper2_11
21.384000000000015,20.752893,Calibration,2012,2012-06-28,-0.0149775292026387,exper2_11
21.51950000000005,21.300514,Calibration,2012,2012-06-29,-0.0051140986940697705,exper2_11
21.872000000000014,20.531075,Calibration,2012,2012-06-30,-0.03162330777023303,exper2_11
22.85699999999997,22.114336,Calibration,2012,2012-07-01,-0.016514163287882543,exper2_11
23.259500000000003,22.053995,Calibration,2012,2012-07-02,-0.02660366109544535,exper2_11
23.652000000000044,21.92801,Calibration,2012,2012-07-03,-0.03782335773672403,exper2_11
24.682000000000016,21.943342,Calibration,2012,2012-07-04,-0.058737537600681906,exper2_11
24.64250000000004,22.67247,Calibration,2012,2012-07-05,-0.04163650327504889,exper2_11
24.734500000000025,22.916208,Calibration,2012,2012-07-06,-0.03815875563888025,exper2_11
24.076999999999998,22.816164,Calibration,2012,2012-07-07,-0.026887415462661254,exper2_11
24.19300000000004,22.9331,Calibration,2012,2012-07-08,-0.026734659988153435,exper2_11
24.116000000000042,22.839943,Calibration,2012,2012-07-09,-0.02717562438721706,exper2_11
24.514499999999998,22.818869,Calibration,2012,2012-07-10,-0.03582317108921203,exper2_11
24.478499999999997,23.833136,Calibration,2012,2012-07-11,-0.013358363612858063,exper2_11
24.589500000000044,24.286606,Calibration,2012,2012-07-12,-0.006197182853762596,exper2_11
24.515000000000043,24.452528,Calibration,2012,2012-07-13,-0.001275784232405385,exper2_11
24.490499999999997,23.864101,Calibration,2012,2012-07-14,-0.012954270572468906,exper2_11
25.02000000000004,23.80419,Calibration,2012,2012-07-15,-0.024901802281037427,exper2_11
25.0,24.177668,Calibration,2012,2012-07-16,-0.016721662942480394,exper2_11
24.66300000000001,23.80003,Calibration,2012,2012-07-17,-0.017806774560534755,exper2_11
24.2765,23.595526,Calibration,2012,2012-07-18,-0.014224889126248525,exper2_11
24.0985,23.540552,Calibration,2012,2012-07-19,-0.011711984929643508,exper2_11
24.053500000000042,23.498037,Calibration,2012,2012-07-20,-0.011681276628175745,exper2_11
24.335000000000036,23.407427,Calibration,2012,2012-07-21,-0.019428697437536765,exper2_11
24.64450000000005,23.678715,Calibration,2012,2012-07-22,-0.019985947804908186,exper2_11
24.853499999999997,24.059511,Calibration,2012,2012-07-23,-0.016232670941266802,exper2_11
25.185000000000002,24.532972,Calibration,2012,2012-07-24,-0.0131145264690304,exper2_11
24.64100000000002,23.391186,Calibration,2012,2012-07-25,-0.026020349057898313,exper2_11
24.293499999999995,23.362719,Calibration,2012,2012-07-26,-0.019531163939122118,exper2_11
23.916500000000042,23.30741,Calibration,2012,2012-07-27,-0.01289793078768158,exper2_11
24.18300000000005,23.81016,Calibration,2012,2012-07-28,-0.007768613678144823,exper2_11
24.220500000000015,23.40597,Calibration,2012,2012-07-29,-0.017102472359430312,exper2_11
24.037500000000023,23.324184,Calibration,2012,2012-07-30,-0.015061026461475729,exper2_11
24.125500000000045,23.822607,Calibration,2012,2012-07-31,-0.006317099428753823,exper2_11
23.833500000000015,23.462416,Calibration,2012,2012-08-01,-0.007846011634516701,exper2_11
24.014499999999998,23.352858,Calibration,2012,2012-08-02,-0.013968320040337006,exper2_11
24.110000000000014,23.275099,Calibration,2012,2012-08-03,-0.01761948841455659,exper2_11
23.695500000000038,22.557001,Calibration,2012,2012-08-04,-0.024614861006219096,exper2_11
23.045500000000004,22.750498,Calibration,2012,2012-08-05,-0.00644165857416768,exper2_11
22.817499999999995,23.456205,Calibration,2012,2012-08-06,0.013802771205850004,exper2_11
22.875,23.037811,Calibration,2012,2012-08-07,0.0035460969337395005,exper2_11
22.480000000000018,22.085184,Calibration,2012,2012-08-08,-0.008859290289210031,exper2_11
22.048500000000047,21.983503,Calibration,2012,2012-08-09,-0.0014761231239216622,exper2_11
21.56800000000004,21.951248,Calibration,2012,2012-08-10,0.008806406017343652,exper2_11
21.323000000000036,21.890291,Calibration,2012,2012-08-11,0.013127702103966906,exper2_11
21.496000000000038,21.84564,Calibration,2012,2012-08-12,0.008067073166194857,exper2_11
21.407500000000027,21.820179,Calibration,2012,2012-08-13,0.00954663760071847,exper2_11
21.613500000000045,21.789661,Calibration,2012,2012-08-14,0.004058722953769374,exper2_11
21.424500000000023,21.759747,Calibration,2012,2012-08-15,0.007763167781884054,exper2_11
21.149500000000046,21.728813,Calibration,2012,2012-08-16,0.013510633430730567,exper2_11
20.64100000000002,21.661531,Calibration,2012,2012-08-17,0.024124595229246013,exper2_11
20.41700000000003,21.642994,Calibration,2012,2012-08-18,0.02914869481744862,exper2_11
20.333500000000015,21.620783,Calibration,2012,2012-08-19,0.030682990261295017,exper2_11
20.19150000000002,21.599573,Calibration,2012,2012-08-20,0.03369315573243867,exper2_11
20.326999999999998,21.583357,Calibration,2012,2012-08-21,0.029977240746900932,exper2_11
20.459500000000048,21.652452,Calibration,2012,2012-08-22,0.028328120615015807,exper2_11
20.482500000000016,21.592918,Calibration,2012,2012-08-23,0.026391143292867292,exper2_11
20.560000000000002,21.573515,Calibration,2012,2012-08-24,0.02405483947487796,exper2_11
20.714999999999975,21.556322,Calibration,2012,2012-08-25,0.019902904759692003,exper2_11
20.884000000000015,21.541256,Calibration,2012,2012-08-26,0.015492091590159211,exper2_11
21.024,21.527534,Calibration,2012,2012-08-27,0.011833521186936303,exper2_11
21.4255,21.514982,Calibration,2012,2012-08-28,0.002083866293000068,exper2_11
21.271500000000003,21.503662,Calibration,2012,2012-08-29,0.005427498060237953,exper2_11
21.254999999999995,21.493246,Calibration,2012,2012-08-30,0.0055732363394223345,exper2_11
21.374000000000024,21.489183,Calibration,2012,2012-08-31,0.0026872345144968468,exper2_11
21.42750000000001,21.485125,Calibration,2012,2012-09-01,0.0013428353209787869,exper2_11
21.171500000000037,21.47622,Calibration,2012,2012-09-02,0.0071450286937884714,exper2_11
21.46700000000004,21.467043,Calibration,2012,2012-09-03,9.99742178215943e-07,exper2_11
21.5625,21.45992,Calibration,2012,2012-09-04,-0.002384317635212303,exper2_11
21.512999999999977,21.147272,Calibration,2012,2012-09-05,-0.008573032283331842,exper2_11
21.101,21.138372,Calibration,2012,2012-09-06,0.0008847769065298631,exper2_11
20.77000000000004,20.317583,Calibration,2012,2012-09-07,-0.011011037445728889,exper2_11
20.204499999999996,19.549994,Calibration,2012,2012-09-08,-0.01646371081895813,exper2_11
19.811000000000035,18.918215,Calibration,2012,2012-09-09,-0.023051983023242538,exper2_11
19.600000000000023,19.158617,Calibration,2012,2012-09-10,-0.011387996122846442,exper2_11
19.299000000000035,19.431047,Calibration,2012,2012-09-11,0.003409431392542816,exper2_11
18.9255,18.940613,Calibration,2012,2012-09-12,0.0003991112858977356,exper2_11
18.460000000000036,18.850279,Calibration,2012,2012-09-13,0.010460357476646611,exper2_11
18.275500000000022,19.15254,Calibration,2012,2012-09-14,0.023432704519411523,exper2_11
18.125999999999976,19.439985,Calibration,2012,2012-09-15,0.034978059689908816,exper2_11
17.948500000000024,19.693789,Calibration,2012,2012-09-16,0.04636510150342277,exper2_11
17.68300000000005,18.49982,Calibration,2012,2012-09-17,0.022574821233330017,exper2_11
17.021500000000003,17.451574,Calibration,2012,2012-09-18,0.012475659162276205,exper2_11
16.411999999999978,16.872906,Calibration,2012,2012-09-19,0.01384728966707401,exper2_11
16.014499999999998,16.344694,Calibration,2012,2012-09-20,0.01020402844920806,exper2_11
15.6755,15.901501,Calibration,2012,2012-09-21,0.007157130090910377,exper2_11
15.38250000000005,15.476908,Calibration,2012,2012-09-22,0.003059285224401654,exper2_11
14.830500000000029,15.203414,Calibration,2012,2012-09-23,0.01241642909989363,exper2_11
14.337000000000046,15.48735,Calibration,2012,2012-09-24,0.038570847176062156,exper2_11
14.336500000000001,15.25541,Calibration,2012,2012-09-25,0.03105275017261174,exper2_11
14.077500000000043,14.802219,Calibration,2012,2012-09-26,0.025094405560541207,exper2_11
14.329499999999996,15.044042,Calibration,2012,2012-09-27,0.02432602927215497,exper2_11
14.19300000000004,15.236424,Calibration,2012,2012-09-28,0.035455142794815306,exper2_11
14.244000000000028,15.442073,Calibration,2012,2012-09-29,0.040358078808887726,exper2_11
14.370000000000005,15.335022,Calibration,2012,2012-09-30,0.03248682911409919,exper2_11
14.226500000000044,15.197528,Calibration,2012,2012-10-01,0.03300118832192794,exper2_11
14.462000000000046,15.032799,Calibration,2012,2012-10-02,0.01935252284978094,exper2_11
14.603499999999997,14.923827,Calibration,2012,2012-10-03,0.010848498730246065,exper2_11
14.063000000000045,14.829218,Calibration,2012,2012-10-04,0.026519871653087126,exper2_11
13.096500000000049,14.026708,Calibration,2012,2012-10-05,0.03429563572497597,exper2_11
12.306500000000028,13.133265,Calibration,2012,2012-10-06,0.03249890698764718,exper2_11
11.866000000000042,12.539921,Calibration,2012,2012-10-07,0.02761300473836714,exper2_11
11.467000000000041,12.334247,Calibration,2012,2012-10-08,0.036437025703760804,exper2_11
11.154999999999973,11.783275,Calibration,2012,2012-10-09,0.027389795446452384,exper2_11
10.711500000000001,11.327583,Calibration,2012,2012-10-10,0.02795412605138637,exper2_11
10.337499999999977,11.305048,Calibration,2012,2012-10-11,0.04470582619884846,exper2_11
10.127499999999998,10.722345,Calibration,2012,2012-10-12,0.028529964713184912,exper2_11
9.878499999999974,10.38603,Calibration,2012,2012-10-13,0.025045248629308053,exper2_11
9.795500000000004,10.253631,Calibration,2012,2012-10-14,0.022850399171495183,exper2_11
9.677500000000009,10.717837,Calibration,2012,2012-10-15,0.05100858674993629,exper2_11
9.514499999999998,10.9520645,Calibration,2012,2012-10-16,0.0702396590871689,exper2_11
9.5745,11.013788,Calibration,2012,2012-10-17,0.0699081054072323,exper2_11
9.599499999999978,11.263144,Calibration,2012,2012-10-18,0.07974270069296746,exper2_11
9.547500000000014,10.6001425,Calibration,2012,2012-10-19,0.05224643429339272,exper2_11
9.5625,10.413653,Calibration,2012,2012-10-20,0.042608472101445034,exper2_11
9.512999999999977,9.957999,Calibration,2012,2012-10-21,0.022854462895696842,exper2_11
9.567000000000007,10.87441,Calibration,2012,2012-10-22,0.0639588803485922,exper2_11
9.527499999999975,10.705831,Calibration,2012,2012-10-23,0.05823710385811419,exper2_11
9.822000000000003,11.194642,Calibration,2012,2012-10-24,0.06531214941866315,exper2_11
9.742999999999995,11.253833,Calibration,2012,2012-10-25,0.071955272027923,exper2_11
9.293000000000006,10.140484,Calibration,2012,2012-10-26,0.043609466139584406,exper2_11
8.952500000000043,9.759509,Calibration,2012,2012-10-27,0.04312786953413633,exper2_11
8.781000000000006,9.465503,Calibration,2012,2012-10-28,0.03751418826640976,exper2_11
8.729499999999973,9.213611,Calibration,2012,2012-10-29,0.02698030785052071,exper2_11
8.40300000000002,8.993091,Calibration,2012,2012-10-30,0.033920875795755895,exper2_11
8.04600000000005,8.798144,Calibration,2012,2012-10-31,0.04465316404977345,exper2_11
7.7555000000000405,8.511966,Calibration,2012,2012-11-01,0.04650175775358705,exper2_11
7.515000000000043,8.43168,Calibration,2012,2012-11-02,0.057484049433352266,exper2_11
7.416500000000042,8.305947,Calibration,2012,2012-11-03,0.056571810137887445,exper2_11
7.271000000000015,8.187303,Calibration,2012,2012-11-04,0.05927575709663186,exper2_11
7.084500000000048,8.079562,Calibration,2012,2012-11-05,0.06561976434223842,exper2_11
6.903500000000008,7.9782605,Calibration,2012,2012-11-06,0.07221998471779735,exper2_11
6.815500000000043,7.897985,Calibration,2012,2012-11-07,0.07357094413017512,exper2_11
6.713999999999999,7.8229494,Calibration,2012,2012-11-08,0.07628487781358811,exper2_11
6.615000000000009,7.7544155,Calibration,2012,2012-11-09,0.07929449260665336,exper2_11
,7.694152,Calibration,2012,2012-11-10,,exper2_11
6.5330000000000155,7.7447886,Calibration,2012,2012-11-11,0.08487229196926302,exper2_11
6.241499999999974,5.6503134,Calibration,2012,2012-11-12,-0.04971374876636648,exper2_11
5.897000000000048,4.7406015,Calibration,2012,2012-11-13,-0.10870857082605347,exper2_11
5.774999999999977,5.0906534,Calibration,2012,2012-11-14,-0.06298255190778755,exper2_11
5.813499999999976,6.853318,Calibration,2012,2012-11-15,0.08208992951624423,exper2_11
,4.803108,Calibration,2012,2012-11-16,,exper2_11
,5.061574,Calibration,2012,2012-11-17,,exper2_11
,4.786809,Calibration,2012,2012-11-18,,exper2_11
,4.6319613,Calibration,2012,2012-11-19,,exper2_11
,4.5982385,Calibration,2012,2012-11-20,,exper2_11
,4.540019,Calibration,2012,2012-11-21,,exper2_11
,4.5071077,Calibration,2012,2012-11-22,,exper2_11
,3.9127326,Calibration,2012,2012-11-23,,exper2_11
,2.3923662,Calibration,2012,2012-11-24,,exper2_11
,2.1495948,Calibration,2012,2012-11-25,,exper2_11
,2.0839481,Calibration,2012,2012-11-26,,exper2_11
,2.070601,Calibration,2012,2012-11-27,,exper2_11
,2.0706222,Calibration,2012,2012-11-28,,exper2_11
,2.0689151,Calibration,2012,2012-11-29,,exper2_11
,3.2531765,Calibration,2012,2012-11-30,,exper2_11
,4.1172533,Calibration,2012,2012-12-01,,exper2_11
,4.302986,Calibration,2012,2012-12-02,,exper2_11
,4.333515,Calibration,2012,2012-12-03,,exper2_11
,2.4055061,Calibration,2012,2012-12-04,,exper2_11
,2.1148744,Calibration,2012,2012-12-05,,exper2_11
,2.205416,Calibration,2012,2012-12-06,,exper2_11
,2.085888,Calibration,2012,2012-12-07,,exper2_11
,2.0680878,Calibration,2012,2012-12-08,,exper2_11
,2.0645297,Calibration,2012,2012-12-09,,exper2_11
,2.063319,Calibration,2012,2012-12-10,,exper2_11
,2.0617363,Calibration,2012,2012-12-11,,exper2_11
,2.0605962,Calibration,2012,2012-12-12,,exper2_11
,2.0605004,Calibration,2012,2012-12-13,,exper2_11
,2.0615404,Calibration,2012,2012-12-14,,exper2_11
,2.0796752,Calibration,2012,2012-12-15,,exper2_11
,3.7772312,Calibration,2012,2012-12-16,,exper2_11
,2.3229604,Calibration,2012,2012-12-17,,exper2_11
,2.0987241,Calibration,2012,2012-12-18,,exper2_11
,2.065575,Calibration,2012,2012-12-19,,exper2_11
,2.0604773,Calibration,2012,2012-12-20,,exper2_11
,2.0595918,Calibration,2012,2012-12-21,,exper2_11
,2.0590847,Calibration,2012,2012-12-22,,exper2_11
,2.0586205,Calibration,2012,2012-12-23,,exper2_11
,2.0581827,Calibration,2012,2012-12-24,,exper2_11
,2.0578022,Calibration,2012,2012-12-25,,exper2_11
,2.0574906,Calibration,2012,2012-12-26,,exper2_11
,2.0572453,Calibration,2012,2012-12-27,,exper2_11
,2.057053,Calibration,2012,2012-12-28,,exper2_11
,2.056905,Calibration,2012,2012-12-29,,exper2_11
,2.056794,Calibration,2012,2012-12-30,,exper2_11
,2.0567088,Calibration,2012,2012-12-31,,exper2_11
,1.490152,Calibration,2013,2013-01-01,,exper2_11
,0.95060307,Calibration,2013,2013-01-02,,exper2_11
,0.91245866,Calibration,2013,2013-01-03,,exper2_11
,1.7778575,Calibration,2013,2013-01-04,,exper2_11
,2.1461387,Calibration,2013,2013-01-05,,exper2_11
,0.5837984,Calibration,2013,2013-01-06,,exper2_11
,1.3092743,Calibration,2013,2013-01-07,,exper2_11
,1.4974983,Calibration,2013,2013-01-08,,exper2_11
,1.4872392,Calibration,2013,2013-01-09,,exper2_11
,2.130743,Calibration,2013,2013-01-10,,exper2_11
,0.41990858,Calibration,2013,2013-01-11,,exper2_11
,1.3190168,Calibration,2013,2013-01-12,,exper2_11
,1.9356675,Calibration,2013,2013-01-13,,exper2_11
,1.9294151,Calibration,2013,2013-01-14,,exper2_11
,1.86858,Calibration,2013,2013-01-15,,exper2_11
,0.24693267,Calibration,2013,2013-01-16,,exper2_11
,0.95948076,Calibration,2013,2013-01-17,,exper2_11
,0.19468607,Calibration,2013,2013-01-18,,exper2_11
,1.110136,Calibration,2013,2013-01-19,,exper2_11
,1.7541436,Calibration,2013,2013-01-20,,exper2_11
,1.2885932,Calibration,2013,2013-01-21,,exper2_11
,0.85038406,Calibration,2013,2013-01-22,,exper2_11
,1.0081067,Calibration,2013,2013-01-23,,exper2_11
,1.2779747,Calibration,2013,2013-01-24,,exper2_11
,1.6164665,Calibration,2013,2013-01-25,,exper2_11
,1.8245131,Calibration,2013,2013-01-26,,exper2_11
,1.1556495,Calibration,2013,2013-01-27,,exper2_11
,2.2196372,Calibration,2013,2013-01-28,,exper2_11
,0.5650811,Calibration,2013,2013-01-29,,exper2_11
,0.520649,Calibration,2013,2013-01-30,,exper2_11
,1.2056923,Calibration,2013,2013-01-31,,exper2_11
,2.227233,Calibration,2013,2013-02-01,,exper2_11
,2.5476673,Calibration,2013,2013-02-02,,exper2_11
,1.9149874,Calibration,2013,2013-02-03,,exper2_11
,2.6387236,Calibration,2013,2013-02-04,,exper2_11
,1.9365144,Calibration,2013,2013-02-05,,exper2_11
,1.8577417,Calibration,2013,2013-02-06,,exper2_11
,0.28649735,Calibration,2013,2013-02-07,,exper2_11
,1.6663264,Calibration,2013,2013-02-08,,exper2_11
,1.6702561,Calibration,2013,2013-02-09,,exper2_11
,0.33734417,Calibration,2013,2013-02-10,,exper2_11
,0.37516809,Calibration,2013,2013-02-11,,exper2_11
,1.1379241,Calibration,2013,2013-02-12,,exper2_11
,1.7902018,Calibration,2013,2013-02-13,,exper2_11
,2.184735,Calibration,2013,2013-02-14,,exper2_11
,2.4517891,Calibration,2013,2013-02-15,,exper2_11
,3.1019468,Calibration,2013,2013-02-16,,exper2_11
,3.298517,Calibration,2013,2013-02-17,,exper2_11
,2.7295723,Calibration,2013,2013-02-18,,exper2_11
,2.4738898,Calibration,2013,2013-02-19,,exper2_11
,3.2699444,Calibration,2013,2013-02-20,,exper2_11
,3.5066764,Calibration,2013,2013-02-21,,exper2_11
,1.2509366,Calibration,2013,2013-02-22,,exper2_11
,2.0167599,Calibration,2013,2013-02-23,,exper2_11
,2.5125918,Calibration,2013,2013-02-24,,exper2_11
,2.4980936,Calibration,2013,2013-02-25,,exper2_11
,2.3930824,Calibration,2013,2013-02-26,,exper2_11
,2.409464,Calibration,2013,2013-02-27,,exper2_11
,2.7103012,Calibration,2013,2013-02-28,,exper2_11
,3.3997967,Calibration,2013,2013-03-01,,exper2_11
,3.8126602,Calibration,2013,2013-03-02,,exper2_11
,3.7764277,Calibration,2013,2013-03-03,,exper2_11
,3.5036783,Calibration,2013,2013-03-04,,exper2_11
,2.6783447,Calibration,2013,2013-03-05,,exper2_11
,3.2618613,Calibration,2013,2013-03-06,,exper2_11
,3.7069979,Calibration,2013,2013-03-07,,exper2_11
,3.66927,Calibration,2013,2013-03-08,,exper2_11
,2.3993227,Calibration,2013,2013-03-09,,exper2_11
,2.646139,Calibration,2013,2013-03-10,,exper2_11
,2.656539,Calibration,2013,2013-03-11,,exper2_11
,2.4976954,Calibration,2013,2013-03-12,,exper2_11
,3.6375935,Calibration,2013,2013-03-13,,exper2_11
,3.7406805,Calibration,2013,2013-03-14,,exper2_11
,3.0555394,Calibration,2013,2013-03-15,,exper2_11
,3.62426,Calibration,2013,2013-03-16,,exper2_11
,3.731375,Calibration,2013,2013-03-17,,exper2_11
,2.6380944,Calibration,2013,2013-03-18,,exper2_11
,3.2801642,Calibration,2013,2013-03-19,,exper2_11
,3.5394304,Calibration,2013,2013-03-20,,exper2_11
,3.6709447,Calibration,2013,2013-03-21,,exper2_11
,3.6767087,Calibration,2013,2013-03-22,,exper2_11
,3.5232177,Calibration,2013,2013-03-23,,exper2_11
,2.7115352,Calibration,2013,2013-03-24,,exper2_11
,2.9601555,Calibration,2013,2013-03-25,,exper2_11
,3.2809036,Calibration,2013,2013-03-26,,exper2_11
,3.3348706,Calibration,2013,2013-03-27,,exper2_11
,3.7735748,Calibration,2013,2013-03-28,,exper2_11
,4.0571856,Calibration,2013,2013-03-29,,exper2_11
,2.7136483,Calibration,2013,2013-03-30,,exper2_11
,3.3399239,Calibration,2013,2013-03-31,,exper2_11
,3.386306,Calibration,2013,2013-04-01,,exper2_11
,3.999452,Calibration,2013,2013-04-02,,exper2_11
,4.173915,Calibration,2013,2013-04-03,,exper2_11
,3.3201337,Calibration,2013,2013-04-04,,exper2_11
,3.7177052,Calibration,2013,2013-04-05,,exper2_11
,2.7893417,Calibration,2013,2013-04-06,,exper2_11
,3.3251865,Calibration,2013,2013-04-07,,exper2_11
,2.741418,Calibration,2013,2013-04-08,,exper2_11
,2.8427181,Calibration,2013,2013-04-09,,exper2_11
,3.4984694,Calibration,2013,2013-04-10,,exper2_11
,3.4147208,Calibration,2013,2013-04-11,,exper2_11
,3.3100727,Calibration,2013,2013-04-12,,exper2_11
,3.6791663,Calibration,2013,2013-04-13,,exper2_11
,3.5118809,Calibration,2013,2013-04-14,,exper2_11
,3.4110298,Calibration,2013,2013-04-15,,exper2_11
,3.6890624,Calibration,2013,2013-04-16,,exper2_11
,3.5422041,Calibration,2013,2013-04-17,,exper2_11
,3.8007333,Calibration,2013,2013-04-18,,exper2_11
,3.8011177,Calibration,2013,2013-04-19,,exper2_11
,4.924312,Calibration,2013,2013-04-20,,exper2_11
,3.8949034,Calibration,2013,2013-04-21,,exper2_11
,3.486347,Calibration,2013,2013-04-22,,exper2_11
,4.169838,Calibration,2013,2013-04-23,,exper2_11
,5.3986306,Calibration,2013,2013-04-24,,exper2_11
,4.65643,Calibration,2013,2013-04-25,,exper2_11
,4.4202,Calibration,2013,2013-04-26,,exper2_11
,4.315169,Calibration,2013,2013-04-27,,exper2_11
,4.290298,Calibration,2013,2013-04-28,,exper2_11
,4.1046896,Calibration,2013,2013-04-29,,exper2_11
,3.4061174,Calibration,2013,2013-04-30,,exper2_11
,4.355434,Calibration,2013,2013-05-01,,exper2_11
,4.5299315,Calibration,2013,2013-05-02,,exper2_11
,4.5780907,Calibration,2013,2013-05-03,,exper2_11
,4.5298243,Calibration,2013,2013-05-04,,exper2_11
,5.026416,Calibration,2013,2013-05-05,,exper2_11
,5.2817836,Calibration,2013,2013-05-06,,exper2_11
,5.0502696,Calibration,2013,2013-05-07,,exper2_11
,4.8954177,Calibration,2013,2013-05-08,,exper2_11
,5.3874397,Calibration,2013,2013-05-09,,exper2_11
,6.0598516,Calibration,2013,2013-05-10,,exper2_11
,5.5256157,Calibration,2013,2013-05-11,,exper2_11
,5.97235,Calibration,2013,2013-05-12,,exper2_11
,6.3476458,Calibration,2013,2013-05-13,,exper2_11
,5.3225336,Calibration,2013,2013-05-14,,exper2_11
,6.212812,Calibration,2013,2013-05-15,,exper2_11
,6.67232,Calibration,2013,2013-05-16,,exper2_11
,5.7016926,Calibration,2013,2013-05-17,,exper2_11
,7.2351623,Calibration,2013,2013-05-18,,exper2_11
,6.681783,Calibration,2013,2013-05-19,,exper2_11
,8.133066,Calibration,2013,2013-05-20,,exper2_11
,9.207479,Calibration,2013,2013-05-21,,exper2_11
,8.125629,Calibration,2013,2013-05-22,,exper2_11
,9.495568,Calibration,2013,2013-05-23,,exper2_11
,9.837739,Calibration,2013,2013-05-24,,exper2_11
,10.171722,Calibration,2013,2013-05-25,,exper2_11
,10.624744,Calibration,2013,2013-05-26,,exper2_11
,11.165189,Calibration,2013,2013-05-27,,exper2_11
,10.656261,Calibration,2013,2013-05-28,,exper2_11
,9.957053,Calibration,2013,2013-05-29,,exper2_11
,9.94587,Calibration,2013,2013-05-30,,exper2_11
,9.77424,Calibration,2013,2013-05-31,,exper2_11
,10.130348,Calibration,2013,2013-06-01,,exper2_11
,10.209273,Calibration,2013,2013-06-02,,exper2_11
,11.538365,Calibration,2013,2013-06-03,,exper2_11
,13.122939,Calibration,2013,2013-06-04,,exper2_11
,11.370125,Calibration,2013,2013-06-05,,exper2_11
,10.57138,Calibration,2013,2013-06-06,,exper2_11
13.208500000000015,12.535108,Calibration,2013,2013-06-07,-0.026157654262113087,exper2_11
13.253499999999974,12.017189,Calibration,2013,2013-06-08,-0.048922725172036365,exper2_11
13.476500000000044,13.711621,Calibration,2013,2013-06-09,0.008647941578037346,exper2_11
14.777499999999975,13.579294,Calibration,2013,2013-06-10,-0.042254628172636026,exper2_11
15.327500000000043,14.157293,Calibration,2013,2013-06-11,-0.03968848170680392,exper2_11
16.713000000000022,15.301972,Calibration,2013,2013-06-12,-0.04407399118213499,exper2_11
15.330000000000041,14.75629,Calibration,2013,2013-06-13,-0.019068803627798947,exper2_11
17.53800000000001,15.51776,Calibration,2013,2013-06-14,-0.06111611732082323,exper2_11
16.817499999999995,16.528639,Calibration,2013,2013-06-15,-0.008662506974697367,exper2_11
16.736500000000035,16.652506,Calibration,2013,2013-06-16,-0.0025156222285149755,exper2_11
16.891500000000008,17.585775,Calibration,2013,2013-06-17,0.020137187982733062,exper2_11
17.134500000000003,17.370432,Calibration,2013,2013-06-18,0.0068376283340598155,exper2_11
17.3125,18.283815,Calibration,2013,2013-06-19,0.02728696421063145,exper2_11
17.61500000000001,18.880629,Calibration,2013,2013-06-20,0.034678909087411246,exper2_11
17.51600000000002,17.250374,Calibration,2013,2013-06-21,-0.007640318224957893,exper2_11
17.56650000000002,17.925837,Calibration,2013,2013-06-22,0.010124342263896361,exper2_11
17.849499999999978,17.68751,Calibration,2013,2013-06-23,-0.004558359450288725,exper2_11
18.959000000000003,18.22029,Calibration,2013,2013-06-24,-0.019868878210032293,exper2_11
20.889499999999998,19.061277,Calibration,2013,2013-06-25,-0.04576187823951892,exper2_11
21.261000000000024,19.425732,Calibration,2013,2013-06-26,-0.04510729336651984,exper2_11
21.230500000000006,19.50217,Calibration,2013,2013-06-27,-0.042431036644002176,exper2_11
20.742500000000007,19.810186,Calibration,2013,2013-06-28,-0.022990181341253354,exper2_11
19.881500000000017,19.996508,Calibration,2013,2013-06-29,0.0028839867246658497,exper2_11
19.418000000000006,19.200068,Calibration,2013,2013-06-30,-0.005643277715663533,exper2_11
19.863,19.730925,Calibration,2013,2013-07-01,-0.003335748981440062,exper2_11
20.755999999999972,19.445791,Calibration,2013,2013-07-02,-0.03259080540776062,exper2_11
21.177999999999997,19.317102,Calibration,2013,2013-07-03,-0.0459536451565306,exper2_11
21.209500000000048,19.576391,Calibration,2013,2013-07-04,-0.040041022300935716,exper2_11
21.15300000000002,19.455378,Calibration,2013,2013-07-05,-0.0418047339609458,exper2_11
21.214,21.121271,Calibration,2013,2013-07-06,-0.002190345404542348,exper2_11
21.994000000000028,20.91839,Calibration,2013,2013-07-07,-0.025065248500097486,exper2_11
22.672500000000014,20.843647,Calibration,2013,2013-07-08,-0.04202699739691564,exper2_11
22.585500000000025,20.893372,Calibration,2013,2013-07-09,-0.03891840695028729,exper2_11
21.789499999999975,20.922436,Calibration,2013,2013-07-10,-0.020300279630590515,exper2_11
22.096000000000004,20.376383,Calibration,2013,2013-07-11,-0.04048789019478605,exper2_11
21.76800000000003,21.451881,Calibration,2013,2013-07-12,-0.007314193861833504,exper2_11
21.814999999999998,21.341888,Calibration,2013,2013-07-13,-0.010962596922571044,exper2_11
22.26600000000002,22.452738,Calibration,2013,2013-07-14,0.004175829135167644,exper2_11
22.732500000000016,22.031008,Calibration,2013,2013-07-15,-0.015671073789214063,exper2_11
,21.970207,Calibration,2013,2013-07-16,,exper2_11
,22.177963,Calibration,2013,2013-07-17,,exper2_11
,22.149113,Calibration,2013,2013-07-18,,exper2_11
,22.095005,Calibration,2013,2013-07-19,,exper2_11
,22.992159,Calibration,2013,2013-07-20,,exper2_11
,22.542639,Calibration,2013,2013-07-21,,exper2_11
,22.44961,Calibration,2013,2013-07-22,,exper2_11
,22.365004,Calibration,2013,2013-07-23,,exper2_11
,22.299566,Calibration,2013,2013-07-24,,exper2_11
,22.234198,Calibration,2013,2013-07-25,,exper2_11
16.966499999999996,22.17216,Calibration,2013,2013-07-26,0.13300555772790665,exper2_11
15.827500000000043,21.203287,Calibration,2013,2013-07-27,0.14517074958575843,exper2_11
15.611500000000035,20.257431,Calibration,2013,2013-07-28,0.12952521574596756,exper2_11
18.673000000000002,20.220436,Calibration,2013,2013-07-29,0.03978656173150346,exper2_11
18.586000000000013,19.64797,Calibration,2013,2013-07-30,0.02777556696417773,exper2_11
19.012500000000045,19.793112,Calibration,2013,2013-07-31,0.02011595140278995,exper2_11
18.42700000000002,19.970434,Calibration,2013,2013-08-01,0.040196284503073144,exper2_11
19.3365,20.154135,Calibration,2013,2013-08-02,0.020704522870669425,exper2_11
19.29449999999997,20.297274,Calibration,2013,2013-08-03,0.02532782807577794,exper2_11
19.722500000000025,20.421616,Calibration,2013,2013-08-04,0.017415145162039836,exper2_11
19.275500000000022,19.8383,Calibration,2013,2013-08-05,0.014388801262279797,exper2_11
19.37050000000005,19.970816,Calibration,2013,2013-08-06,0.015259165803686707,exper2_11
19.492999999999995,20.120703,Calibration,2013,2013-08-07,0.01584559634816756,exper2_11
19.52000000000004,20.268957,Calibration,2013,2013-08-08,0.01882324121898241,exper2_11
19.430000000000007,20.397375,Calibration,2013,2013-08-09,0.024289200687144206,exper2_11
19.47800000000001,20.481514,Calibration,2013,2013-08-10,0.025113267834716464,exper2_11
19.906000000000006,20.577066,Calibration,2013,2013-08-11,0.016576472111120594,exper2_11
19.6755,20.661081,Calibration,2013,2013-08-12,0.02443393272257101,exper2_11
19.261000000000024,20.734663,Calibration,2013,2013-08-13,0.03684557021315555,exper2_11
19.012500000000045,20.799597,Calibration,2013,2013-08-14,0.04488828599213623,exper2_11
19.23750000000001,20.857512,Calibration,2013,2013-08-15,0.04040431612202078,exper2_11
20.135500000000036,20.90917,Calibration,2013,2013-08-16,0.018849466883644413,exper2_11
20.051000000000045,20.95757,Calibration,2013,2013-08-17,0.02210682161599991,exper2_11
20.037500000000023,21.020994,Calibration,2013,2013-08-18,0.02395348894034888,exper2_11
20.06400000000002,21.05012,Calibration,2013,2013-08-19,0.023984933020937002,exper2_11
20.371000000000038,21.082123,Calibration,2013,2013-08-20,0.017154866862947867,exper2_11
20.926499999999976,21.11103,Calibration,2013,2013-08-21,0.004389662667463772,exper2_11
21.13250000000005,21.160912,Calibration,2013,2013-08-22,0.0006717727185048189,exper2_11
21.14100000000002,21.17731,Calibration,2013,2013-08-23,0.0008580433101851981,exper2_11
21.085500000000025,21.197304,Calibration,2013,2013-08-24,0.002644190119831676,exper2_11
21.198000000000036,21.21549,Calibration,2013,2013-08-25,0.0004123768415612598,exper2_11
22.02049999999997,21.202513,Calibration,2013,2013-08-26,-0.018924808962553052,exper2_11
22.375500000000045,20.383755,Calibration,2013,2013-08-27,-0.04658044866173867,exper2_11
22.867500000000007,20.4255,Calibration,2013,2013-08-28,-0.05640632622339807,exper2_11
22.63250000000005,20.514608,Calibration,2013,2013-08-29,-0.049085366231564564,exper2_11
22.189999999999998,20.615183,Calibration,2013,2013-08-30,-0.036790337468093355,exper2_11
22.360000000000014,20.70419,Calibration,2013,2013-08-31,-0.03844982864781927,exper2_11
21.921500000000037,20.685537,Calibration,2013,2013-09-01,-0.029008415955582765,exper2_11
21.17700000000002,19.954382,Calibration,2013,2013-09-02,-0.029724701663386,exper2_11
20.65450000000004,20.059933,Calibration,2013,2013-09-03,-0.01460335442994321,exper2_11
20.43900000000002,20.151775,Calibration,2013,2013-09-04,-0.007076106266619471,exper2_11
20.595000000000027,20.297209,Calibration,2013,2013-09-05,-0.007282346022139051,exper2_11
20.230500000000006,20.425058,Calibration,2013,2013-09-06,0.004785529277991226,exper2_11
20.45150000000001,20.534883,Calibration,2013,2013-09-07,0.0020344195322145506,exper2_11
20.147500000000036,20.628805,Calibration,2013,2013-09-08,0.011803550091841064,exper2_11
20.097500000000025,19.922235,Calibration,2013,2013-09-09,-0.004379452012047207,exper2_11
20.178500000000042,19.289232,Calibration,2013,2013-09-10,-0.022531513598199118,exper2_11
20.21700000000004,19.483698,Calibration,2013,2013-09-11,-0.0184707611632837,exper2_11
19.85650000000004,19.187973,Calibration,2013,2013-09-12,-0.01712219235625285,exper2_11
19.365499999999997,18.748533,Calibration,2013,2013-09-13,-0.016187390798280687,exper2_11
18.918499999999995,18.80771,Calibration,2013,2013-09-14,-0.00293666791642337,exper2_11
18.571000000000026,18.422926,Calibration,2013,2013-09-15,-0.004002658466341074,exper2_11
18.33050000000003,18.798851,Calibration,2013,2013-09-16,0.012614037153982733,exper2_11
17.849499999999978,19.13603,Calibration,2013,2013-09-17,0.03478468985806071,exper2_11
17.599000000000046,18.730268,Calibration,2013,2013-09-18,0.03113931344547487,exper2_11
17.714,18.370548,Calibration,2013,2013-09-19,0.018194719905413017,exper2_11
17.708500000000015,18.063082,Calibration,2013,2013-09-20,0.009912386427220352,exper2_11
17.112000000000023,16.874624,Calibration,2013,2013-09-21,-0.006984387325978335,exper2_11
16.813499999999976,17.006147,Calibration,2013,2013-09-22,0.005696315589944726,exper2_11
16.565999999999974,17.097162,Calibration,2013,2013-09-23,0.015778738872226212,exper2_11
16.749500000000012,17.25929,Calibration,2013,2013-09-24,0.014989968321999553,exper2_11
16.95150000000001,16.963394,Calibration,2013,2013-09-25,0.0003507062407794128,exper2_11
16.687000000000012,16.893337,Calibration,2013,2013-09-26,0.006144585392969739,exper2_11
16.560000000000002,17.036222,Calibration,2013,2013-09-27,0.014174881074284601,exper2_11
16.472500000000025,16.6497,Calibration,2013,2013-09-28,0.005349891127801349,exper2_11
16.39500000000004,16.623268,Calibration,2013,2013-09-29,0.006913388871891019,exper2_11
16.246500000000026,16.387407,Calibration,2013,2013-09-30,0.004317818934421183,exper2_11
16.124000000000024,16.652176,Calibration,2013,2013-10-01,0.016114628652172412,exper2_11
16.158000000000015,16.953701,Calibration,2013,2013-10-02,0.024030810704155872,exper2_11
15.835500000000025,16.571018,Calibration,2013,2013-10-03,0.02269661350299005,exper2_11
15.700000000000045,16.242067,Calibration,2013,2013-10-04,0.016970327290230562,exper2_11
15.463000000000022,15.939371,Calibration,2013,2013-10-05,0.015169908901309172,exper2_11
15.214500000000044,15.614762,Calibration,2013,2013-10-06,0.01298319441567258,exper2_11
14.797500000000014,15.431175,Calibration,2013,2013-10-07,0.020962719241634672,exper2_11
14.559500000000014,15.246224,Calibration,2013,2013-10-08,0.023040017215734135,exper2_11
14.458000000000027,15.101319,Calibration,2013,2013-10-09,0.021763671424101027,exper2_11
14.489500000000021,14.955974,Calibration,2013,2013-10-10,0.015841946749470343,exper2_11
14.440500000000043,14.8224535,Calibration,2013,2013-10-11,0.013052458934311782,exper2_11
14.270500000000027,14.717272,Calibration,2013,2013-10-12,0.015412423135448305,exper2_11
14.081500000000005,14.608271,Calibration,2013,2013-10-13,0.018360922143893146,exper2_11
13.762999999999977,13.472646,Calibration,2013,2013-10-14,-0.010660817187170973,exper2_11
13.468500000000006,13.187789,Calibration,2013,2013-10-15,-0.010530762067759152,exper2_11
13.14100000000002,13.616754,Calibration,2013,2013-10-16,0.017780026891863903,exper2_11
12.853499999999997,12.519734,Calibration,2013,2013-10-17,-0.013154240107406229,exper2_11
12.572000000000003,11.967189,Calibration,2013,2013-10-18,-0.024646746431559848,exper2_11
12.240499999999997,11.490527,Calibration,2013,2013-10-19,-0.031603050392598496,exper2_11
11.871500000000026,11.074405,Calibration,2013,2013-10-20,-0.03473801941378397,exper2_11
11.330000000000041,10.701207,Calibration,2013,2013-10-21,-0.02854100705679294,exper2_11
10.577500000000043,10.352113,Calibration,2013,2013-10-22,-0.010768819872371138,exper2_11
10.241000000000042,10.034195,Calibration,2013,2013-10-23,-0.01019990457595233,exper2_11
,9.7445345,Calibration,2013,2013-10-24,,exper2_11
,9.481078,Calibration,2013,2013-10-25,,exper2_11
,9.255599,Calibration,2013,2013-10-26,,exper2_11
8.475999999999999,9.0339575,Calibration,2013,2013-10-27,0.031865153412135416,exper2_11
8.312000000000012,8.838855,Calibration,2013,2013-10-28,0.030718864814203772,exper2_11
8.024500000000046,8.611195,Calibration,2013,2013-10-29,0.03526721452448247,exper2_11
,8.489588,Calibration,2013,2013-10-30,,exper2_11
7.975500000000011,8.542825,Calibration,2013,2013-10-31,0.03434517446109758,exper2_11
7.869000000000028,8.312825,Calibration,2013,2013-11-01,0.027427388281340295,exper2_11
,8.175502,Calibration,2013,2013-11-02,,exper2_11
,8.065396,Calibration,2013,2013-11-03,,exper2_11
,7.970722,Calibration,2013,2013-11-04,,exper2_11
7.241499999999974,7.8887463,Calibration,2013,2013-11-05,0.04277830316876838,exper2_11
7.025500000000022,7.8119535,Calibration,2013,2013-11-06,0.053004617150226266,exper2_11
6.725999999999999,7.401986,Calibration,2013,2013-11-07,0.04784730932545461,exper2_11
6.527499999999975,7.3880672,Calibration,2013,2013-11-08,0.06184205288237466,exper2_11
6.348500000000001,5.5181046,Calibration,2013,2013-11-09,-0.06997751067316316,exper2_11
6.080000000000041,7.3685856,Calibration,2013,2013-11-10,0.09581569587784262,exper2_11
5.7275000000000205,7.1756988,Calibration,2013,2013-11-11,0.11223563896252435,exper2_11
5.420500000000004,3.9969084,Calibration,2013,2013-11-12,-0.15116595875165062,exper2_11
5.216000000000008,4.3207855,Calibration,2013,2013-11-13,-0.09386962466867585,exper2_11
5.045000000000016,4.635708,Calibration,2013,2013-11-14,-0.0422791546750906,exper2_11
5.0,4.6374745,Calibration,2013,2013-11-15,-0.037616230446718066,exper2_11
4.938499999999976,4.4865932,Calibration,2013,2013-11-16,-0.047947191791418244,exper2_11
4.913000000000011,4.507475,Calibration,2013,2013-11-17,-0.04304720356916359,exper2_11
4.648500000000013,4.0190926,Calibration,2013,2013-11-18,-0.07261617754204085,exper2_11
4.435000000000002,2.9197812,Calibration,2013,2013-11-19,-0.20601820082773223,exper2_11
,3.8555777,Calibration,2013,2013-11-20,,exper2_11
,4.28349,Calibration,2013,2013-11-21,,exper2_11
,4.2714643,Calibration,2013,2013-11-22,,exper2_11
,2.4068887,Calibration,2013,2013-11-23,,exper2_11
,2.1229131,Calibration,2013,2013-11-24,,exper2_11
,2.5433507,Calibration,2013,2013-11-25,,exper2_11
,2.1437755,Calibration,2013,2013-11-26,,exper2_11
,2.0794835,Calibration,2013,2013-11-27,,exper2_11
,2.0692227,Calibration,2013,2013-11-28,,exper2_11
,2.0657535,Calibration,2013,2013-11-29,,exper2_11
,2.2867277,Calibration,2013,2013-11-30,,exper2_11
,3.0071254,Calibration,2013,2013-12-01,,exper2_11
,2.257563,Calibration,2013,2013-12-02,,exper2_11
,2.23312,Calibration,2013,2013-12-03,,exper2_11
,2.0904477,Calibration,2013,2013-12-04,,exper2_11
,2.097304,Calibration,2013,2013-12-05,,exper2_11
,2.065731,Calibration,2013,2013-12-06,,exper2_11
,2.0607195,Calibration,2013,2013-12-07,,exper2_11
,2.0594757,Calibration,2013,2013-12-08,,exper2_11
,2.058831,Calibration,2013,2013-12-09,,exper2_11
,2.0583491,Calibration,2013,2013-12-10,,exper2_11
,2.0579798,Calibration,2013,2013-12-11,,exper2_11
,2.0576763,Calibration,2013,2013-12-12,,exper2_11
,2.0574367,Calibration,2013,2013-12-13,,exper2_11
,2.057252,Calibration,2013,2013-12-14,,exper2_11
,2.0571113,Calibration,2013,2013-12-15,,exper2_11
,2.0570037,Calibration,2013,2013-12-16,,exper2_11
,2.0569336,Calibration,2013,2013-12-17,,exper2_11
,2.056863,Calibration,2013,2013-12-18,,exper2_11
,2.0568163,Calibration,2013,2013-12-19,,exper2_11
,2.056782,Calibration,2013,2013-12-20,,exper2_11
,2.0567565,Calibration,2013,2013-12-21,,exper2_11
,2.0567377,Calibration,2013,2013-12-22,,exper2_11
,2.0567226,Calibration,2013,2013-12-23,,exper2_11
,2.0567133,Calibration,2013,2013-12-24,,exper2_11
,2.0567057,Calibration,2013,2013-12-25,,exper2_11
,2.0567005,Calibration,2013,2013-12-26,,exper2_11
,2.0566962,Calibration,2013,2013-12-27,,exper2_11
,2.0567787,Calibration,2013,2013-12-28,,exper2_11
,2.056704,Calibration,2013,2013-12-29,,exper2_11
,2.0566914,Calibration,2013,2013-12-30,,exper2_11
,2.056691,Calibration,2013,2013-12-31,,exper2_11
,1.4367678,Calibration,2014,2014-01-01,,exper2_11
,0.829195,Calibration,2014,2014-01-02,,exper2_11
,0.37286115,Calibration,2014,2014-01-03,,exper2_11
,1.4520296,Calibration,2014,2014-01-04,,exper2_11
,1.8251638,Calibration,2014,2014-01-05,,exper2_11
,0.6902548,Calibration,2014,2014-01-06,,exper2_11
,0.46758747,Calibration,2014,2014-01-07,,exper2_11
,0.6680432,Calibration,2014,2014-01-08,,exper2_11
,1.1884584,Calibration,2014,2014-01-09,,exper2_11
,0.01,Calibration,2014,2014-01-10,,exper2_11
,0.040428445,Calibration,2014,2014-01-11,,exper2_11
,1.1972228,Calibration,2014,2014-01-12,,exper2_11
,0.28079385,Calibration,2014,2014-01-13,,exper2_11
,0.3157179,Calibration,2014,2014-01-14,,exper2_11
,1.0371667,Calibration,2014,2014-01-15,,exper2_11
,0.20330004,Calibration,2014,2014-01-16,,exper2_11
,0.38979733,Calibration,2014,2014-01-17,,exper2_11
,1.1406044,Calibration,2014,2014-01-18,,exper2_11
,0.25676942,Calibration,2014,2014-01-19,,exper2_11
,1.0295593,Calibration,2014,2014-01-20,,exper2_11
,1.3391601,Calibration,2014,2014-01-21,,exper2_11
,1.2670144,Calibration,2014,2014-01-22,,exper2_11
,1.609453,Calibration,2014,2014-01-23,,exper2_11
,0.21206518,Calibration,2014,2014-01-24,,exper2_11
,0.9544018,Calibration,2014,2014-01-25,,exper2_11
,0.3277889,Calibration,2014,2014-01-26,,exper2_11
,0.69631183,Calibration,2014,2014-01-27,,exper2_11
,1.0345185,Calibration,2014,2014-01-28,,exper2_11
,1.4177974,Calibration,2014,2014-01-29,,exper2_11
,0.013543412,Calibration,2014,2014-01-30,,exper2_11
,1.3387235,Calibration,2014,2014-01-31,,exper2_11
,0.5493029,Calibration,2014,2014-02-01,,exper2_11
,1.9397041,Calibration,2014,2014-02-02,,exper2_11
,2.033733,Calibration,2014,2014-02-03,,exper2_11
,2.2234986,Calibration,2014,2014-02-04,,exper2_11
,1.6966572,Calibration,2014,2014-02-05,,exper2_11
,2.1277459,Calibration,2014,2014-02-06,,exper2_11
,2.6602197,Calibration,2014,2014-02-07,,exper2_11
,2.74537,Calibration,2014,2014-02-08,,exper2_11
,2.7093294,Calibration,2014,2014-02-09,,exper2_11
,2.5960424,Calibration,2014,2014-02-10,,exper2_11
,2.884129,Calibration,2014,2014-02-11,,exper2_11
,1.9709914,Calibration,2014,2014-02-12,,exper2_11
,0.27519423,Calibration,2014,2014-02-13,,exper2_11
,1.6094713,Calibration,2014,2014-02-14,,exper2_11
,2.2534606,Calibration,2014,2014-02-15,,exper2_11
,2.79061,Calibration,2014,2014-02-16,,exper2_11
,0.47277206,Calibration,2014,2014-02-17,,exper2_11
,1.4200455,Calibration,2014,2014-02-18,,exper2_11
,2.632223,Calibration,2014,2014-02-19,,exper2_11
,2.338937,Calibration,2014,2014-02-20,,exper2_11
,2.4560387,Calibration,2014,2014-02-21,,exper2_11
,2.8277264,Calibration,2014,2014-02-22,,exper2_11
,3.2530453,Calibration,2014,2014-02-23,,exper2_11
,3.350021,Calibration,2014,2014-02-24,,exper2_11
,3.566893,Calibration,2014,2014-02-25,,exper2_11
,3.0744708,Calibration,2014,2014-02-26,,exper2_11
,3.5361433,Calibration,2014,2014-02-27,,exper2_11
,2.7263165,Calibration,2014,2014-02-28,,exper2_11
,2.8940737,Calibration,2014,2014-03-01,,exper2_11
,3.319356,Calibration,2014,2014-03-02,,exper2_11
,3.3918808,Calibration,2014,2014-03-03,,exper2_11
,3.124752,Calibration,2014,2014-03-04,,exper2_11
,3.4988987,Calibration,2014,2014-03-05,,exper2_11
,3.1690385,Calibration,2014,2014-03-06,,exper2_11
,2.540895,Calibration,2014,2014-03-07,,exper2_11
,3.398735,Calibration,2014,2014-03-08,,exper2_11
,3.2288935,Calibration,2014,2014-03-09,,exper2_11
,3.4736981,Calibration,2014,2014-03-10,,exper2_11
,2.8089554,Calibration,2014,2014-03-11,,exper2_11
,3.7490482,Calibration,2014,2014-03-12,,exper2_11
,3.3323362,Calibration,2014,2014-03-13,,exper2_11
,2.7277088,Calibration,2014,2014-03-14,,exper2_11
,3.4389067,Calibration,2014,2014-03-15,,exper2_11
,3.804431,Calibration,2014,2014-03-16,,exper2_11
,2.6757114,Calibration,2014,2014-03-17,,exper2_11
,2.7255228,Calibration,2014,2014-03-18,,exper2_11
,2.925174,Calibration,2014,2014-03-19,,exper2_11
,3.4666345,Calibration,2014,2014-03-20,,exper2_11
,2.8550644,Calibration,2014,2014-03-21,,exper2_11
,3.6562138,Calibration,2014,2014-03-22,,exper2_11
,3.8143015,Calibration,2014,2014-03-23,,exper2_11
,3.7897835,Calibration,2014,2014-03-24,,exper2_11
,3.7211165,Calibration,2014,2014-03-25,,exper2_11
,3.2896788,Calibration,2014,2014-03-26,,exper2_11
,2.8065133,Calibration,2014,2014-03-27,,exper2_11
,3.814671,Calibration,2014,2014-03-28,,exper2_11
,3.8351746,Calibration,2014,2014-03-29,,exper2_11
,3.7962642,Calibration,2014,2014-03-30,,exper2_11
,3.1027756,Calibration,2014,2014-03-31,,exper2_11
,3.0426702,Calibration,2014,2014-04-01,,exper2_11
,4.285919,Calibration,2014,2014-04-02,,exper2_11
,3.149369,Calibration,2014,2014-04-03,,exper2_11
,2.9146416,Calibration,2014,2014-04-04,,exper2_11
,4.2781997,Calibration,2014,2014-04-05,,exper2_11
,4.071634,Calibration,2014,2014-04-06,,exper2_11
,3.9063022,Calibration,2014,2014-04-07,,exper2_11
,4.0555058,Calibration,2014,2014-04-08,,exper2_11
,3.3457956,Calibration,2014,2014-04-09,,exper2_11
,4.0437655,Calibration,2014,2014-04-10,,exper2_11
,3.287322,Calibration,2014,2014-04-11,,exper2_11
,2.8690133,Calibration,2014,2014-04-12,,exper2_11
,3.4766784,Calibration,2014,2014-04-13,,exper2_11
,3.8204882,Calibration,2014,2014-04-14,,exper2_11
,4.3727236,Calibration,2014,2014-04-15,,exper2_11
,3.696601,Calibration,2014,2014-04-16,,exper2_11
,3.9741802,Calibration,2014,2014-04-17,,exper2_11
,4.896676,Calibration,2014,2014-04-18,,exper2_11
,3.6746702,Calibration,2014,2014-04-19,,exper2_11
,4.0473876,Calibration,2014,2014-04-20,,exper2_11
,3.8751493,Calibration,2014,2014-04-21,,exper2_11
,3.7315726,Calibration,2014,2014-04-22,,exper2_11
,4.4538503,Calibration,2014,2014-04-23,,exper2_11
,4.5553017,Calibration,2014,2014-04-24,,exper2_11
,4.6257524,Calibration,2014,2014-04-25,,exper2_11
,4.2044744,Calibration,2014,2014-04-26,,exper2_11
,4.408986,Calibration,2014,2014-04-27,,exper2_11
,5.720763,Calibration,2014,2014-04-28,,exper2_11
,5.347652,Calibration,2014,2014-04-29,,exper2_11
,4.6336374,Calibration,2014,2014-04-30,,exper2_11
,5.1740894,Calibration,2014,2014-05-01,,exper2_11
,5.1163254,Calibration,2014,2014-05-02,,exper2_11
,4.942397,Calibration,2014,2014-05-03,,exper2_11
,6.056836,Calibration,2014,2014-05-04,,exper2_11
,5.0356474,Calibration,2014,2014-05-05,,exper2_11
,5.034739,Calibration,2014,2014-05-06,,exper2_11
,4.8161144,Calibration,2014,2014-05-07,,exper2_11
,5.142728,Calibration,2014,2014-05-08,,exper2_11
,5.6441383,Calibration,2014,2014-05-09,,exper2_11
,6.826272,Calibration,2014,2014-05-10,,exper2_11
,5.699691,Calibration,2014,2014-05-11,,exper2_11
,5.785371,Calibration,2014,2014-05-12,,exper2_11
,7.045164,Calibration,2014,2014-05-13,,exper2_11
,7.396615,Calibration,2014,2014-05-14,,exper2_11
,6.6380434,Calibration,2014,2014-05-15,,exper2_11
,7.0026093,Calibration,2014,2014-05-16,,exper2_11
,8.095992,Calibration,2014,2014-05-17,,exper2_11
,8.530118,Calibration,2014,2014-05-18,,exper2_11
,8.836894,Calibration,2014,2014-05-19,,exper2_11
,8.140589,Calibration,2014,2014-05-20,,exper2_11
,8.634369,Calibration,2014,2014-05-21,,exper2_11
,9.989336,Calibration,2014,2014-05-22,,exper2_11
,10.976244,Calibration,2014,2014-05-23,,exper2_11
,11.465447,Calibration,2014,2014-05-24,,exper2_11
,12.044823,Calibration,2014,2014-05-25,,exper2_11
,11.153574,Calibration,2014,2014-05-26,,exper2_11
,12.587245,Calibration,2014,2014-05-27,,exper2_11
15.124500000000012,13.52085,Calibration,2014,2014-05-28,-0.05598290152695181,exper2_11
16.752499999999998,14.090714,Calibration,2014,2014-05-29,-0.08630052322408781,exper2_11
18.032500000000027,14.644079,Calibration,2014,2014-05-30,-0.10369570113256074,exper2_11
16.732500000000016,15.156732,Calibration,2014,2014-05-31,-0.04941380883561278,exper2_11
16.718500000000006,13.885861,Calibration,2014,2014-06-01,-0.092556696951945,exper2_11
16.857500000000016,14.9092655,Calibration,2014,2014-06-02,-0.061329331143142395,exper2_11
16.23750000000001,15.473015,Calibration,2014,2014-06-03,-0.024108254707255538,exper2_11
16.837499999999977,16.145943,Calibration,2014,2014-06-04,-0.020966801996795313,exper2_11
16.825000000000045,15.937991,Calibration,2014,2014-06-05,-0.027073500520000394,exper2_11
17.900500000000022,15.753715,Calibration,2014,2014-06-06,-0.0637894975863116,exper2_11
16.754999999999995,16.745184,Calibration,2014,2014-06-07,-0.00029301496714316896,exper2_11
16.181500000000028,16.898758,Calibration,2014,2014-06-08,0.021682356165086545,exper2_11
16.49350000000004,18.189589,Calibration,2014,2014-06-09,0.04890246566324548,exper2_11
17.24350000000004,17.858717,Calibration,2014,2014-06-10,0.01752644185807245,exper2_11
18.62650000000002,18.081617,Calibration,2014,2014-06-11,-0.014843655406750984,exper2_11
16.615499999999997,18.49914,Calibration,2014,2014-06-12,0.05364257749071715,exper2_11
15.640000000000043,18.21145,Calibration,2014,2014-06-13,0.07596278838774097,exper2_11
15.561500000000024,19.240538,Calibration,2014,2014-06-14,0.10571328268552835,exper2_11
14.949000000000012,18.242308,Calibration,2014,2014-06-15,0.09922199198673491,exper2_11
15.073500000000024,18.195198,Calibration,2014,2014-06-16,0.09383288920829325,exper2_11
16.558500000000038,18.272997,Calibration,2014,2014-06-17,0.04922260180969732,exper2_11
16.13900000000001,18.368645,Calibration,2014,2014-06-18,0.06461306567897714,exper2_11
16.19500000000005,19.171204,Calibration,2014,2014-06-19,0.08415389013265555,exper2_11
16.561500000000024,17.611235,Calibration,2014,2014-06-20,0.030718485810697048,exper2_11
16.789000000000044,18.028677,Calibration,2014,2014-06-21,0.035604816115906754,exper2_11
18.01750000000004,12.163942,Validation,2014,2014-06-22,-0.19394559072416845,exper2_11
19.222000000000037,18.237293,Validation,2014,2014-06-23,-0.026287382150892925,exper2_11
19.545000000000016,20.049593,Validation,2014,2014-06-24,0.012743986840857278,exper2_11
18.837000000000046,18.834036,Validation,2014,2014-06-25,-7.868449906502216e-05,exper2_11
19.149999999999977,19.408354,Validation,2014,2014-06-26,0.006700332873258761,exper2_11
19.237000000000023,19.626574,Validation,2014,2014-06-27,0.010024131259939723,exper2_11
19.523000000000025,19.382147,Validation,2014,2014-06-28,-0.003620424959943262,exper2_11
19.774500000000046,19.15928,Validation,2014,2014-06-29,-0.015801682003261798,exper2_11
19.58250000000004,19.455294,Validation,2014,2014-06-30,-0.003258543393293161,exper2_11
19.237000000000023,19.935713,Validation,2014,2014-07-01,0.017836722660561105,exper2_11
18.820500000000038,19.161022,Validation,2014,2014-07-02,0.008965469698901928,exper2_11
18.829000000000008,19.342464,Validation,2014,2014-07-03,0.013451526014521095,exper2_11
19.20350000000002,19.004227,Validation,2014,2014-07-04,-0.005215523997929478,exper2_11
19.25550000000004,19.273233,Validation,2014,2014-07-05,0.0004602646421266642,exper2_11
19.37900000000002,19.458006,Validation,2014,2014-07-06,0.0020342944392855128,exper2_11
,19.144545,Validation,2014,2014-07-07,,exper2_11
19.470000000000027,19.828047,Validation,2014,2014-07-08,0.00911105838262212,exper2_11
19.168499999999995,19.91028,Validation,2014,2014-07-09,0.0189816627678692,exper2_11
19.483000000000004,20.150341,Validation,2014,2014-07-10,0.01683786974618517,exper2_11
19.470500000000015,20.296991,Validation,2014,2014-07-11,0.0207830899120221,exper2_11
19.786,20.393148,Validation,2014,2014-07-12,0.015111032614746058,exper2_11
19.6635,20.383993,Validation,2014,2014-07-13,0.017990967527644966,exper2_11
19.52049999999997,20.541822,Validation,2014,2014-07-14,0.02549334066110969,exper2_11
18.807500000000005,20.463818,Validation,2014,2014-07-15,0.04217626751046106,exper2_11
18.649500000000046,20.504562,Validation,2014,2014-07-16,0.047378541721262074,exper2_11
18.96550000000002,20.60955,Validation,2014,2014-07-17,0.041542599599920585,exper2_11
19.196000000000026,20.683653,Validation,2014,2014-07-18,0.03730355633650574,exper2_11
19.183500000000038,20.7557,Validation,2014,2014-07-19,0.03936481428950012,exper2_11
19.35650000000004,20.817839,Validation,2014,2014-07-20,0.03637492780826417,exper2_11
20.24200000000002,20.880272,Validation,2014,2014-07-21,0.015521319274208197,exper2_11
20.48350000000005,20.927992,Validation,2014,2014-07-22,0.010733539098089932,exper2_11
20.598000000000013,20.970968,Validation,2014,2014-07-23,0.00897227576707319,exper2_11
20.859000000000037,21.496082,Validation,2014,2014-07-24,0.015041460699022116,exper2_11
20.439999999999998,21.324982,Validation,2014,2014-07-25,0.02118956249121524,exper2_11
20.660500000000013,21.340696,Validation,2014,2014-07-26,0.016194689537322754,exper2_11
20.53400000000005,21.339666,Validation,2014,2014-07-27,0.019240406596451466,exper2_11
19.896500000000003,21.339392,Validation,2014,2014-07-28,0.034991160578710205,exper2_11
19.882000000000005,21.333563,Validation,2014,2014-07-29,0.03521880451327161,exper2_11
20.084000000000003,21.25171,Validation,2014,2014-07-30,0.0282494450085152,exper2_11
20.444500000000005,21.273743,Validation,2014,2014-07-31,0.0198772197147855,exper2_11
20.975000000000023,21.405878,Validation,2014,2014-08-01,0.010166803678187931,exper2_11
21.48199999999997,21.396132,Validation,2014,2014-08-02,-0.0020026172191294025,exper2_11
21.891999999999996,21.38658,Validation,2014,2014-08-03,-0.01167830580696283,exper2_11
21.843000000000018,21.33377,Validation,2014,2014-08-04,-0.011794055905022895,exper2_11
21.988999999999976,21.3347,Validation,2014,2014-08-05,-0.015102596842824993,exper2_11
22.068499999999972,21.33912,Validation,2014,2014-08-06,-0.01680302031300981,exper2_11
22.284500000000037,21.34408,Validation,2014,2014-08-07,-0.021555137235841768,exper2_11
22.778999999999996,22.059212,Validation,2014,2014-08-08,-0.016053010172705252,exper2_11
23.144000000000005,21.794596,Validation,2014,2014-08-09,-0.03002773584810067,exper2_11
23.25200000000001,21.861063,Validation,2014,2014-08-10,-0.030832244672697635,exper2_11
22.55600000000004,20.906294,Validation,2014,2014-08-11,-0.03795718044595552,exper2_11
21.093500000000006,20.659132,Validation,2014,2014-08-12,-0.010403368012259873,exper2_11
20.92700000000002,20.799444,Validation,2014,2014-08-13,-0.0030569535420867824,exper2_11
21.031000000000006,21.456606,Validation,2014,2014-08-14,0.010017178001129376,exper2_11
21.032500000000027,21.270971,Validation,2014,2014-08-15,0.005637156736775705,exper2_11
21.108000000000004,20.408829,Validation,2014,2014-08-16,-0.016840671263821688,exper2_11
21.06800000000004,20.427008,Validation,2014,2014-08-17,-0.015447456471075384,exper2_11
20.55000000000001,19.707296,Validation,2014,2014-08-18,-0.02093294146641892,exper2_11
20.43900000000002,19.075218,Validation,2014,2014-08-19,-0.0345136981425292,exper2_11
20.374500000000012,18.55422,Validation,2014,2014-08-20,-0.04675930241432538,exper2_11
20.244500000000016,18.153124,Validation,2014,2014-08-21,-0.05446629073389092,exper2_11
20.4255,17.824497,Validation,2014,2014-08-22,-0.06800007754098294,exper2_11
20.467499999999973,17.598612,Validation,2014,2014-08-23,-0.07536593653225361,exper2_11
20.440999999999974,17.562735,Validation,2014,2014-08-24,-0.07573638291390826,exper2_11
20.73199999999997,18.065111,Validation,2014,2014-08-25,-0.0687393664106645,exper2_11
20.71900000000005,18.508244,Validation,2014,2014-08-26,-0.0563576799828668,exper2_11
20.837000000000046,18.906733,Validation,2014,2014-08-27,-0.04856784495317662,exper2_11
20.67750000000001,19.239107,Validation,2014,2014-08-28,-0.03603494814293462,exper2_11
20.4375,18.815561,Validation,2014,2014-08-29,-0.04132005637148347,exper2_11
20.1515,18.43957,Validation,2014,2014-08-30,-0.044360795129539284,exper2_11
19.92100000000005,18.76909,Validation,2014,2014-08-31,-0.029772722888691736,exper2_11
19.79600000000005,18.686602,Validation,2014,2014-09-01,-0.028828569638278522,exper2_11
19.75,19.044554,Validation,2014,2014-09-02,-0.018184156665651728,exper2_11
19.656000000000006,19.350807,Validation,2014,2014-09-03,-0.007824091025253124,exper2_11
19.363999999999976,18.911858,Validation,2014,2014-09-04,-0.011812730616927431,exper2_11
19.13250000000005,18.524504,Validation,2014,2014-09-05,-0.016145636461962765,exper2_11
18.874000000000024,18.879229,Validation,2014,2014-09-06,0.00013849390142068113,exper2_11
18.84450000000004,19.201468,Validation,2014,2014-09-07,0.009382532167340302,exper2_11
18.735500000000002,19.489906,Validation,2014,2014-09-08,0.019735730338525336,exper2_11
18.77000000000004,19.732527,Validation,2014,2014-09-09,0.024999054859313162,exper2_11
17.97750000000002,19.22167,Validation,2014,2014-09-10,0.033446180270005336,exper2_11
16.617999999999995,17.864256,Validation,2014,2014-09-11,0.036141948153838505,exper2_11
16.22750000000002,17.054163,Validation,2014,2014-09-12,0.024838391628580363,exper2_11
16.08299999999997,16.50798,Validation,2014,2014-09-13,0.013039814763443106,exper2_11
15.773000000000025,16.094925,Validation,2014,2014-09-14,0.010101847782611171,exper2_11
15.569500000000005,15.777121,Validation,2014,2014-09-15,0.006623380329387056,exper2_11
15.44300000000004,16.030722,Validation,2014,2014-09-16,0.018673408588120895,exper2_11
15.636000000000024,16.13959,Validation,2014,2014-09-17,0.015848307478557148,exper2_11
15.207500000000039,15.838286,Validation,2014,2014-09-18,0.020317939179163243,exper2_11
14.873500000000035,15.541746,Validation,2014,2014-09-19,0.021970762178311176,exper2_11
15.119500000000016,15.276976,Validation,2014,2014-09-20,0.005180720081559392,exper2_11
14.843000000000018,15.047525,Validation,2014,2014-09-21,0.006842482797024086,exper2_11
14.697000000000003,14.98362,Validation,2014,2014-09-22,0.009656796014893762,exper2_11
15.241499999999974,15.37756,Validation,2014,2014-09-23,0.004443626400281571,exper2_11
15.295000000000016,15.114047,Validation,2014,2014-09-24,-0.005950628746227306,exper2_11
15.393500000000017,14.9396105,Validation,2014,2014-09-25,-0.014963500661041438,exper2_11
15.682500000000005,15.330072,Validation,2014,2014-09-26,-0.011364023353713556,exper2_11
15.770000000000039,15.399354,Validation,2014,2014-09-27,-0.011891360315253657,exper2_11
16.34050000000002,15.319407,Validation,2014,2014-09-28,-0.032251911605150195,exper2_11
15.686500000000024,15.22754,Validation,2014,2014-09-29,-0.01484632819216051,exper2_11
15.04000000000002,15.01595,Validation,2014,2014-09-30,-0.0008001675839804894,exper2_11
14.534500000000037,14.913231,Validation,2014,2014-10-01,0.01286112323335416,exper2_11
14.677999999999997,14.776027,Validation,2014,2014-10-02,0.003328126462358475,exper2_11
14.225000000000023,14.661542,Validation,2014,2014-10-03,0.01511229484328251,exper2_11
13.450499999999977,13.354072,Validation,2014,2014-10-04,-0.0035974603232196505,exper2_11
12.748000000000047,13.106633,Validation,2014,2014-10-05,0.013871138056979251,exper2_11
12.280500000000018,12.586549,Validation,2014,2014-10-06,0.012307403569833621,exper2_11
12.004000000000019,12.888507,Validation,2014,2014-10-07,0.035533057930855025,exper2_11
11.522500000000036,12.133859,Validation,2014,2014-10-08,0.025843312953450763,exper2_11
11.14450000000005,11.551995,Validation,2014,2014-10-09,0.01795410579581468,exper2_11
10.974000000000046,11.1815,Validation,2014,2014-10-10,0.00936563971937236,exper2_11
10.987500000000011,11.333062,Validation,2014,2014-10-11,0.015481786223579257,exper2_11
10.725999999999999,10.854898,Validation,2014,2014-10-12,0.005972802895159922,exper2_11
10.674500000000023,11.465758,Validation,2014,2014-10-13,0.03573844135429535,exper2_11
10.503499999999974,11.003056,Validation,2014,2014-10-14,0.02322806043141269,exper2_11
10.322000000000003,11.078357,Validation,2014,2014-10-15,0.035343183851889455,exper2_11
10.422000000000025,10.980374,Validation,2014,2014-10-16,0.02608936408037221,exper2_11
10.23150000000004,10.704383,Validation,2014,2014-10-17,0.022587196287006655,exper2_11
9.931500000000028,10.154016,Validation,2014,2014-10-18,0.011078408250043054,exper2_11
9.717000000000041,9.774192,Validation,2014,2014-10-19,0.002934241107759802,exper2_11
9.632000000000005,9.839018,Validation,2014,2014-10-20,0.010632103028458927,exper2_11
9.534000000000049,9.739721,Validation,2014,2014-10-21,0.010673667790181605,exper2_11
9.388500000000022,9.27659,Validation,2014,2014-10-22,-0.005995666274727176,exper2_11
9.300000000000011,9.142118,Validation,2014,2014-10-23,-0.008560922456630841,exper2_11
9.297000000000025,10.016129,Validation,2014,2014-10-24,0.03723521740914078,exper2_11
9.304500000000019,10.13456,Validation,2014,2014-10-25,0.0427006062581892,exper2_11
9.325499999999977,9.293593,Validation,2014,2014-10-26,-0.0017136491356388114,exper2_11
9.188000000000045,9.877689,Validation,2014,2014-10-27,0.036174373162835546,exper2_11
9.076999999999998,9.253021,Validation,2014,2014-10-28,0.009602893413348067,exper2_11
8.809500000000014,8.907943,Validation,2014,2014-10-29,0.005556263010352337,exper2_11
8.610500000000002,8.707596,Validation,2014,2014-10-30,0.005606610921626289,exper2_11
8.097000000000037,8.525204,Validation,2014,2014-10-31,0.025760946769616266,exper2_11
7.848000000000013,8.373807,Validation,2014,2014-11-01,0.03241358715090478,exper2_11
7.6445000000000505,8.243908,Validation,2014,2014-11-02,0.037726116497349166,exper2_11
7.541999999999973,8.132871,Validation,2014,2014-11-03,0.03769540983252796,exper2_11
7.410000000000025,8.054689,Validation,2014,2014-11-04,0.041687834159944925,exper2_11
6.9950000000000045,7.947004,Validation,2014,2014-11-05,0.06371326439914325,exper2_11
,7.8638268,Validation,2014,2014-11-06,,exper2_11
,6.9583616,Validation,2014,2014-11-07,,exper2_11
,7.4864826,Validation,2014,2014-11-08,,exper2_11
,7.517026,Validation,2014,2014-11-09,,exper2_11
,5.0994096,Validation,2014,2014-11-10,,exper2_11
,6.860947,Validation,2014,2014-11-11,,exper2_11
,7.047099,Validation,2014,2014-11-12,,exper2_11
,4.814319,Validation,2014,2014-11-13,,exper2_11
,4.4728456,Validation,2014,2014-11-14,,exper2_11
,4.2906275,Validation,2014,2014-11-15,,exper2_11
,4.256048,Validation,2014,2014-11-16,,exper2_11
,4.205099,Validation,2014,2014-11-17,,exper2_11
,4.1876745,Validation,2014,2014-11-18,,exper2_11
,4.1773167,Validation,2014,2014-11-19,,exper2_11
,4.1707873,Validation,2014,2014-11-20,,exper2_11
,4.166596,Validation,2014,2014-11-21,,exper2_11
,6.313486,Validation,2014,2014-11-22,,exper2_11
,6.620346,Validation,2014,2014-11-23,,exper2_11
,6.6763926,Validation,2014,2014-11-24,,exper2_11
,4.613781,Validation,2014,2014-11-25,,exper2_11
,4.167257,Validation,2014,2014-11-26,,exper2_11
,3.75988,Validation,2014,2014-11-27,,exper2_11
,2.8980527,Validation,2014,2014-11-28,,exper2_11
,2.4078512,Validation,2014,2014-11-29,,exper2_11
,2.1795516,Validation,2014,2014-11-30,,exper2_11
,2.0989835,Validation,2014,2014-12-01,,exper2_11
,2.0678668,Validation,2014,2014-12-02,,exper2_11
,2.053511,Validation,2014,2014-12-03,,exper2_11
,2.0465934,Validation,2014,2014-12-04,,exper2_11
,2.0443313,Validation,2014,2014-12-05,,exper2_11
,2.0421536,Validation,2014,2014-12-06,,exper2_11
,2.0415614,Validation,2014,2014-12-07,,exper2_11
,2.100147,Validation,2014,2014-12-08,,exper2_11
,2.652541,Validation,2014,2014-12-09,,exper2_11
,2.1362922,Validation,2014,2014-12-10,,exper2_11
,2.0617745,Validation,2014,2014-12-11,,exper2_11
,2.0877628,Validation,2014,2014-12-12,,exper2_11
,2.457717,Validation,2014,2014-12-13,,exper2_11
,4.0216155,Validation,2014,2014-12-14,,exper2_11
,4.28928,Validation,2014,2014-12-15,,exper2_11
,2.4753275,Validation,2014,2014-12-16,,exper2_11
,2.1330638,Validation,2014,2014-12-17,,exper2_11
,2.0721827,Validation,2014,2014-12-18,,exper2_11
,2.0579295,Validation,2014,2014-12-19,,exper2_11
,2.053459,Validation,2014,2014-12-20,,exper2_11
,2.050497,Validation,2014,2014-12-21,,exper2_11
,2.1039708,Validation,2014,2014-12-22,,exper2_11
,2.0573907,Validation,2014,2014-12-23,,exper2_11
,2.1507535,Validation,2014,2014-12-24,,exper2_11
,2.0620952,Validation,2014,2014-12-25,,exper2_11
,2.0481155,Validation,2014,2014-12-26,,exper2_11
,2.0455825,Validation,2014,2014-12-27,,exper2_11
,2.044322,Validation,2014,2014-12-28,,exper2_11
,2.0438218,Validation,2014,2014-12-29,,exper2_11
,2.04352,Validation,2014,2014-12-30,,exper2_11
,2.0433066,Validation,2014,2014-12-31,,exper2_11
,1.08339,Validation,2015,2015-01-01,,exper2_11
,1.4493424,Validation,2015,2015-01-02,,exper2_11
,1.4084482,Validation,2015,2015-01-03,,exper2_11
,0.76795113,Validation,2015,2015-01-04,,exper2_11
,0.7694295,Validation,2015,2015-01-05,,exper2_11
,1.3639932,Validation,2015,2015-01-06,,exper2_11
,1.4860522,Validation,2015,2015-01-07,,exper2_11
,0.046290472,Validation,2015,2015-01-08,,exper2_11
,0.84471416,Validation,2015,2015-01-09,,exper2_11
,1.238475,Validation,2015,2015-01-10,,exper2_11
,0.08928998,Validation,2015,2015-01-11,,exper2_11
,0.7248091,Validation,2015,2015-01-12,,exper2_11
,1.1040038,Validation,2015,2015-01-13,,exper2_11
,1.4720006,Validation,2015,2015-01-14,,exper2_11
,1.0241472,Validation,2015,2015-01-15,,exper2_11
,1.7918359,Validation,2015,2015-01-16,,exper2_11
,0.29133862,Validation,2015,2015-01-17,,exper2_11
,0.47601908,Validation,2015,2015-01-18,,exper2_11
,1.3478608,Validation,2015,2015-01-19,,exper2_11
,1.127581,Validation,2015,2015-01-20,,exper2_11
,2.014639,Validation,2015,2015-01-21,,exper2_11
,2.1162324,Validation,2015,2015-01-22,,exper2_11
,1.9974974,Validation,2015,2015-01-23,,exper2_11
,0.600607,Validation,2015,2015-01-24,,exper2_11
,1.2921042,Validation,2015,2015-01-25,,exper2_11
,0.46262282,Validation,2015,2015-01-26,,exper2_11
,0.54467696,Validation,2015,2015-01-27,,exper2_11
,1.2751157,Validation,2015,2015-01-28,,exper2_11
,0.49221385,Validation,2015,2015-01-29,,exper2_11
,1.227906,Validation,2015,2015-01-30,,exper2_11
,1.7806871,Validation,2015,2015-01-31,,exper2_11
,1.9430702,Validation,2015,2015-02-01,,exper2_11
,2.0472667,Validation,2015,2015-02-02,,exper2_11
,1.8526286,Validation,2015,2015-02-03,,exper2_11
,1.918698,Validation,2015,2015-02-04,,exper2_11
,2.33181,Validation,2015,2015-02-05,,exper2_11
,2.0849218,Validation,2015,2015-02-06,,exper2_11
,0.9964162,Validation,2015,2015-02-07,,exper2_11
,2.0339687,Validation,2015,2015-02-08,,exper2_11
,2.3197105,Validation,2015,2015-02-09,,exper2_11
,2.1705427,Validation,2015,2015-02-10,,exper2_11
,2.3524945,Validation,2015,2015-02-11,,exper2_11
,3.133119,Validation,2015,2015-02-12,,exper2_11
,2.3084378,Validation,2015,2015-02-13,,exper2_11
,3.0114942,Validation,2015,2015-02-14,,exper2_11
,2.755097,Validation,2015,2015-02-15,,exper2_11
,2.916871,Validation,2015,2015-02-16,,exper2_11
,3.0037932,Validation,2015,2015-02-17,,exper2_11
,2.9529796,Validation,2015,2015-02-18,,exper2_11
,2.398741,Validation,2015,2015-02-19,,exper2_11
,1.8759744,Validation,2015,2015-02-20,,exper2_11
,1.8919233,Validation,2015,2015-02-21,,exper2_11
,2.85512,Validation,2015,2015-02-22,,exper2_11
,2.6875696,Validation,2015,2015-02-23,,exper2_11
,2.874902,Validation,2015,2015-02-24,,exper2_11
,3.1072083,Validation,2015,2015-02-25,,exper2_11
,3.0753036,Validation,2015,2015-02-26,,exper2_11
,3.3128843,Validation,2015,2015-02-27,,exper2_11
,3.4367573,Validation,2015,2015-02-28,,exper2_11
,3.0837293,Validation,2015,2015-03-01,,exper2_11
,3.5025694,Validation,2015,2015-03-02,,exper2_11
,2.5602932,Validation,2015,2015-03-03,,exper2_11
,3.4321795,Validation,2015,2015-03-04,,exper2_11
,3.4367218,Validation,2015,2015-03-05,,exper2_11
,3.559561,Validation,2015,2015-03-06,,exper2_11
,2.5143495,Validation,2015,2015-03-07,,exper2_11
,2.742317,Validation,2015,2015-03-08,,exper2_11
,3.1037967,Validation,2015,2015-03-09,,exper2_11
,3.5142353,Validation,2015,2015-03-10,,exper2_11
,3.6372466,Validation,2015,2015-03-11,,exper2_11
,3.1801207,Validation,2015,2015-03-12,,exper2_11
,3.167948,Validation,2015,2015-03-13,,exper2_11
,2.7737634,Validation,2015,2015-03-14,,exper2_11
,3.3213818,Validation,2015,2015-03-15,,exper2_11
,3.232371,Validation,2015,2015-03-16,,exper2_11
,4.1257844,Validation,2015,2015-03-17,,exper2_11
,3.9957922,Validation,2015,2015-03-18,,exper2_11
,3.6405463,Validation,2015,2015-03-19,,exper2_11
,3.069901,Validation,2015,2015-03-20,,exper2_11
,3.973166,Validation,2015,2015-03-21,,exper2_11
,4.093422,Validation,2015,2015-03-22,,exper2_11
,3.8634338,Validation,2015,2015-03-23,,exper2_11
,4.110553,Validation,2015,2015-03-24,,exper2_11
,2.7743433,Validation,2015,2015-03-25,,exper2_11
,3.0612988,Validation,2015,2015-03-26,,exper2_11
,4.1914773,Validation,2015,2015-03-27,,exper2_11
,4.2391663,Validation,2015,2015-03-28,,exper2_11
,3.0050554,Validation,2015,2015-03-29,,exper2_11
,3.7879338,Validation,2015,2015-03-30,,exper2_11
,3.5560837,Validation,2015,2015-03-31,,exper2_11
,3.4371545,Validation,2015,2015-04-01,,exper2_11
,4.0176826,Validation,2015,2015-04-02,,exper2_11
,3.4097443,Validation,2015,2015-04-03,,exper2_11
,4.0890245,Validation,2015,2015-04-04,,exper2_11
,4.1027184,Validation,2015,2015-04-05,,exper2_11
,3.1450856,Validation,2015,2015-04-06,,exper2_11
,4.652492,Validation,2015,2015-04-07,,exper2_11
,3.948662,Validation,2015,2015-04-08,,exper2_11
,3.4992464,Validation,2015,2015-04-09,,exper2_11
,3.8285604,Validation,2015,2015-04-10,,exper2_11
,4.5864506,Validation,2015,2015-04-11,,exper2_11
,4.477008,Validation,2015,2015-04-12,,exper2_11
,4.181481,Validation,2015,2015-04-13,,exper2_11
,4.470028,Validation,2015,2015-04-14,,exper2_11
,4.3765306,Validation,2015,2015-04-15,,exper2_11
,4.2935944,Validation,2015,2015-04-16,,exper2_11
,4.2861347,Validation,2015,2015-04-17,,exper2_11
,4.370083,Validation,2015,2015-04-18,,exper2_11
,5.4602504,Validation,2015,2015-04-19,,exper2_11
,5.2050657,Validation,2015,2015-04-20,,exper2_11
,4.5721045,Validation,2015,2015-04-21,,exper2_11
,4.154089,Validation,2015,2015-04-22,,exper2_11
,5.5394692,Validation,2015,2015-04-23,,exper2_11
,4.1931357,Validation,2015,2015-04-24,,exper2_11
,4.6860514,Validation,2015,2015-04-25,,exper2_11
,5.5704885,Validation,2015,2015-04-26,,exper2_11
,5.5281105,Validation,2015,2015-04-27,,exper2_11
,5.2948565,Validation,2015,2015-04-28,,exper2_11
,5.236252,Validation,2015,2015-04-29,,exper2_11
,5.0656404,Validation,2015,2015-04-30,,exper2_11
,4.3364024,Validation,2015,2015-05-01,,exper2_11
,4.9163284,Validation,2015,2015-05-02,,exper2_11
,4.911719,Validation,2015,2015-05-03,,exper2_11
,5.287054,Validation,2015,2015-05-04,,exper2_11
,6.159664,Validation,2015,2015-05-05,,exper2_11
,5.318899,Validation,2015,2015-05-06,,exper2_11
,5.4633503,Validation,2015,2015-05-07,,exper2_11
,5.796043,Validation,2015,2015-05-08,,exper2_11
,7.1675186,Validation,2015,2015-05-09,,exper2_11
,6.7199383,Validation,2015,2015-05-10,,exper2_11
,6.738845,Validation,2015,2015-05-11,,exper2_11
,7.3699923,Validation,2015,2015-05-12,,exper2_11
,8.253345,Validation,2015,2015-05-13,,exper2_11
,8.941086,Validation,2015,2015-05-14,,exper2_11
,7.784269,Validation,2015,2015-05-15,,exper2_11
,9.03934,Validation,2015,2015-05-16,,exper2_11
,8.832546,Validation,2015,2015-05-17,,exper2_11
,9.333642,Validation,2015,2015-05-18,,exper2_11
,8.532102,Validation,2015,2015-05-19,,exper2_11
,10.221209,Validation,2015,2015-05-20,,exper2_11
,10.73083,Validation,2015,2015-05-21,,exper2_11
,11.304208,Validation,2015,2015-05-22,,exper2_11
,11.96318,Validation,2015,2015-05-23,,exper2_11
,12.576995,Validation,2015,2015-05-24,,exper2_11
,11.8696575,Validation,2015,2015-05-25,,exper2_11
,12.757125,Validation,2015,2015-05-26,,exper2_11
,11.798139,Validation,2015,2015-05-27,,exper2_11
,13.401467,Validation,2015,2015-05-28,,exper2_11
,12.651898,Validation,2015,2015-05-29,,exper2_11
,11.710174,Validation,2015,2015-05-30,,exper2_11
,13.558578,Validation,2015,2015-05-31,,exper2_11
,14.242426,Validation,2015,2015-06-01,,exper2_11
,14.85309,Validation,2015,2015-06-02,,exper2_11
,15.103681,Validation,2015,2015-06-03,,exper2_11
,15.578336,Validation,2015,2015-06-04,,exper2_11
,16.159374,Validation,2015,2015-06-05,,exper2_11
,16.475992,Validation,2015,2015-06-06,,exper2_11
,16.610567,Validation,2015,2015-06-07,,exper2_11
,17.10281,Validation,2015,2015-06-08,,exper2_11
,17.2558,Validation,2015,2015-06-09,,exper2_11
,17.304688,Validation,2015,2015-06-10,,exper2_11
,18.582453,Validation,2015,2015-06-11,,exper2_11
,18.102903,Validation,2015,2015-06-12,,exper2_11
,18.974283,Validation,2015,2015-06-13,,exper2_11
,18.374811,Validation,2015,2015-06-14,,exper2_11
,19.140951,Validation,2015,2015-06-15,,exper2_11
,19.148794,Validation,2015,2015-06-16,,exper2_11
,11.912829,Validation,2015,2015-06-17,,exper2_11
,16.646948,Validation,2015,2015-06-18,,exper2_11
,17.592579,Validation,2015,2015-06-19,,exper2_11
,17.374426,Validation,2015,2015-06-20,,exper2_11
,18.077677,Validation,2015,2015-06-21,,exper2_11
,18.432531,Validation,2015,2015-06-22,,exper2_11
,17.761883,Validation,2015,2015-06-23,,exper2_11
,18.810835,Validation,2015,2015-06-24,,exper2_11
,19.302153,Validation,2015,2015-06-25,,exper2_11
,18.912586,Validation,2015,2015-06-26,,exper2_11
,18.892603,Validation,2015,2015-06-27,,exper2_11
,19.576097,Validation,2015,2015-06-28,,exper2_11
,19.876757,Validation,2015,2015-06-29,,exper2_11
,20.028442,Validation,2015,2015-06-30,,exper2_11
,19.091183,Validation,2015,2015-07-01,,exper2_11
,18.870512,Validation,2015,2015-07-02,,exper2_11
,19.613327,Validation,2015,2015-07-03,,exper2_11
,19.927752,Validation,2015,2015-07-04,,exper2_11
,19.349,Validation,2015,2015-07-05,,exper2_11
,18.483408,Validation,2015,2015-07-06,,exper2_11
,19.03752,Validation,2015,2015-07-07,,exper2_11
,19.573233,Validation,2015,2015-07-08,,exper2_11
,19.783491,Validation,2015,2015-07-09,,exper2_11
,20.022968,Validation,2015,2015-07-10,,exper2_11
,20.170685,Validation,2015,2015-07-11,,exper2_11
,20.292551,Validation,2015,2015-07-12,,exper2_11
,20.394648,Validation,2015,2015-07-13,,exper2_11
,20.484882,Validation,2015,2015-07-14,,exper2_11
,20.611832,Validation,2015,2015-07-15,,exper2_11
,20.727175,Validation,2015,2015-07-16,,exper2_11
,20.82435,Validation,2015,2015-07-17,,exper2_11
,20.87427,Validation,2015,2015-07-18,,exper2_11
,20.979937,Validation,2015,2015-07-19,,exper2_11
,21.238852,Validation,2015,2015-07-20,,exper2_11
,21.851856,Validation,2015,2015-07-21,,exper2_11
,21.56922,Validation,2015,2015-07-22,,exper2_11
23.589,21.640383,Validation,2015,2015-07-23,-0.0430829941528632,exper2_11
23.251750000000015,21.58778,Validation,2015,2015-07-24,-0.037109443414460805,exper2_11
23.89100000000002,22.488531,Validation,2015,2015-07-25,-0.03023896218187436,exper2_11
24.61450000000002,23.198025,Validation,2015,2015-07-26,-0.029625610813438456,exper2_11
24.97920000000005,23.48025,Validation,2015,2015-07-27,-0.03093205996973275,exper2_11
24.436000000000035,23.101994,Validation,2015,2015-07-28,-0.028061900372448566,exper2_11
23.563199999999995,22.97897,Validation,2015,2015-07-29,-0.012552711473770116,exper2_11
22.95440000000002,22.926928,Validation,2015,2015-07-30,-0.0005987715467008974,exper2_11
22.65640000000002,22.844772,Validation,2015,2015-07-31,0.004139944735143895,exper2_11
22.535799999999995,23.30027,Validation,2015,2015-08-01,0.01667835133384465,exper2_11
22.524,23.034218,Validation,2015,2015-08-02,0.011199249196411442,exper2_11
22.142600000000016,22.93145,Validation,2015,2015-08-03,0.01750119840705332,exper2_11
21.765600000000006,22.83942,Validation,2015,2015-08-04,0.02407397891388581,exper2_11
22.218000000000018,22.754206,Validation,2015,2015-08-05,0.011923046587212351,exper2_11
21.95920000000001,22.673117,Validation,2015,2015-08-06,0.015995510361139723,exper2_11
21.708600000000047,21.680342,Validation,2015,2015-08-07,-0.0006512783741297851,exper2_11
21.524200000000008,21.611683,Validation,2015,2015-08-08,0.0020280769971728826,exper2_11
21.53340000000003,21.251715,Validation,2015,2015-08-09,-0.0065837218273685424,exper2_11
21.710800000000006,21.246065,Validation,2015,2015-08-10,-0.01081864001754717,exper2_11
21.727400000000046,21.260506,Validation,2015,2015-08-11,-0.010861062347316257,exper2_11
21.93900000000002,21.28295,Validation,2015,2015-08-12,-0.01517864327621462,exper2_11
22.319600000000037,21.299013,Validation,2015,2015-08-13,-0.02339796680279601,exper2_11
23.157600000000002,21.312572,Validation,2015,2015-08-14,-0.041489101973079485,exper2_11
24.0634,21.401964,Validation,2015,2015-08-15,-0.058537655200450504,exper2_11
23.62960000000004,21.383867,Validation,2015,2015-08-16,-0.04989024113706567,exper2_11
23.724400000000003,20.637379,Validation,2015,2015-08-17,-0.06958741056715385,exper2_11
23.089999999999975,19.851728,Validation,2015,2015-08-18,-0.07541083413174712,exper2_11
22.436000000000035,19.141909,Validation,2015,2015-08-19,-0.07922696118378193,exper2_11
21.734000000000037,18.57565,Validation,2015,2015-08-20,-0.07835222574223624,exper2_11
21.314400000000035,18.871681,Validation,2015,2015-08-21,-0.060785195094063736,exper2_11
21.2158,19.192266,Validation,2015,2015-08-22,-0.0500774650417313,exper2_11
20.78400000000005,18.742579,Validation,2015,2015-08-23,-0.051646805027563386,exper2_11
19.899999999999977,18.340574,Validation,2015,2015-08-24,-0.0407793493028216,exper2_11
19.022000000000048,18.004847,Validation,2015,2015-08-25,-0.02747070089055832,exper2_11
18.97720000000004,18.42761,Validation,2015,2015-08-26,-0.014693019342246719,exper2_11
19.26060000000001,18.809847,Validation,2015,2015-08-27,-0.011839974544877736,exper2_11
19.4144,19.157854,Validation,2015,2015-08-28,-0.006651048167068221,exper2_11
19.912400000000048,19.455872,Validation,2015,2015-08-29,-0.011596354110124796,exper2_11
19.961000000000013,19.702576,Validation,2015,2015-08-30,-0.006515406439091069,exper2_11
20.372599999999977,19.907438,Validation,2015,2015-08-31,-0.011548194631520651,exper2_11
20.983400000000017,20.068747,Validation,2015,2015-09-01,-0.022280282755491158,exper2_11
21.148600000000044,19.483551,Validation,2015,2015-09-02,-0.040978607644201394,exper2_11
21.408200000000022,18.967703,Validation,2015,2015-09-03,-0.06044439780140958,exper2_11
21.56400000000002,19.23591,Validation,2015,2015-09-04,-0.05706114451314169,exper2_11
22.181399999999996,19.499464,Validation,2015,2015-09-05,-0.06434453860437152,exper2_11
22.39960000000002,19.742094,Validation,2015,2015-09-06,-0.0630612038890941,exper2_11
22.815999999999974,19.94568,Validation,2015,2015-09-07,-0.06712363359466306,exper2_11
22.342399999999998,19.656603,Validation,2015,2015-09-08,-0.06394906920737997,exper2_11
21.835800000000006,19.561356,Validation,2015,2015-09-09,-0.054942045575808694,exper2_11
21.399800000000027,19.76713,Validation,2015,2015-09-10,-0.03965974888025909,exper2_11
20.69720000000001,19.236845,Validation,2015,2015-09-11,-0.036569172567363896,exper2_11
20.23580000000004,18.851322,Validation,2015,2015-09-12,-0.03542030594532082,exper2_11
20.009000000000015,19.150576,Validation,2015,2015-09-13,-0.021921186534861973,exper2_11
19.84159999999997,19.43478,Validation,2015,2015-09-14,-0.010357876105145557,exper2_11
19.96900000000005,19.692204,Validation,2015,2015-09-15,-0.006979023672841676,exper2_11
19.949400000000026,19.908258,Validation,2015,2015-09-16,-0.0010322122147129445,exper2_11
19.945400000000006,19.36138,Validation,2015,2015-09-17,-0.014858006231552194,exper2_11
19.90840000000003,18.874506,Validation,2015,2015-09-18,-0.026658497519081992,exper2_11
19.59680000000003,19.150751,Validation,2015,2015-09-19,-0.011511666499834948,exper2_11
19.428800000000024,19.427374,Validation,2015,2015-09-20,-3.670237568437599e-05,exper2_11
19.23660000000001,19.682165,Validation,2015,2015-09-21,0.01144859412172922,exper2_11
19.08760000000001,18.283312,Validation,2015,2015-09-22,-0.02152176964501396,exper2_11
18.911,17.48104,Validation,2015,2015-09-23,-0.03929323528430299,exper2_11
18.84159999999997,16.845602,Validation,2015,2015-09-24,-0.055930357400693055,exper2_11
19.19500000000005,16.548075,Validation,2015,2015-09-25,-0.07405421325041564,exper2_11
19.12700000000001,16.110823,Validation,2015,2015-09-26,-0.08559488337240474,exper2_11
19.124400000000037,16.35477,Validation,2015,2015-09-27,-0.07806353102528771,exper2_11
19.075000000000045,16.074978,Validation,2015,2015-09-28,-0.08534918957655302,exper2_11
18.663200000000018,16.371218,Validation,2015,2015-09-29,-0.0654208752705848,exper2_11
18.373000000000047,16.23157,Validation,2015,2015-09-30,-0.06188288869839421,exper2_11
18.020399999999995,16.006666,Validation,2015,2015-10-01,-0.05918035382981291,exper2_11
17.505800000000022,15.644395,Validation,2015,2015-10-02,-0.056150654090272735,exper2_11
17.036999999999978,15.197354,Validation,2015,2015-10-03,-0.05707096426419859,exper2_11
16.697600000000023,15.208035,Validation,2015,2015-10-04,-0.0466865652116396,exper2_11
16.50060000000002,15.077688,Validation,2015,2015-10-05,-0.04505981366221009,exper2_11
16.42960000000005,14.944009,Validation,2015,2015-10-06,-0.04735161903026479,exper2_11
16.28720000000004,14.788234,Validation,2015,2015-10-07,-0.04823637393773862,exper2_11
15.891999999999996,14.420408,Validation,2015,2015-10-08,-0.04854750368281823,exper2_11
15.624600000000044,14.493032,Validation,2015,2015-10-09,-0.037571596845460326,exper2_11
15.432800000000043,14.335194,Validation,2015,2015-10-10,-0.03687203039145927,exper2_11
15.505200000000002,14.314834,Validation,2015,2015-10-11,-0.039918343932014155,exper2_11
15.355200000000025,14.270337,Validation,2015,2015-10-12,-0.03661918065367278,exper2_11
14.883200000000045,14.057952,Validation,2015,2015-10-13,-0.028514693364358152,exper2_11
14.482400000000041,13.432584,Validation,2015,2015-10-14,-0.03760762314203622,exper2_11
14.190400000000011,13.095824,Validation,2015,2015-10-15,-0.0401145922084569,exper2_11
13.548400000000015,12.218237,Validation,2015,2015-10-16,-0.05162346489943587,exper2_11
12.973400000000026,11.726911,Validation,2015,2015-10-17,-0.05046452368588373,exper2_11
12.707600000000014,11.295833,Validation,2015,2015-10-18,-0.058815228119904986,exper2_11
12.508600000000001,12.050347,Validation,2015,2015-10-19,-0.018659296169752135,exper2_11
12.467000000000041,12.000413,Validation,2015,2015-10-20,-0.019069734104972657,exper2_11
12.345199999999977,12.217523,Validation,2015,2015-10-21,-0.005198014113273794,exper2_11
12.285799999999995,11.527993,Validation,2015,2015-10-22,-0.03182217932925579,exper2_11
11.946000000000026,10.833274,Validation,2015,2015-10-23,-0.04884818181012305,exper2_11
11.794200000000046,10.973761,Validation,2015,2015-10-24,-0.036034821448460104,exper2_11
11.619799999999998,10.331353,Validation,2015,2015-10-25,-0.05869608769206173,exper2_11
11.411000000000001,9.988253,Validation,2015,2015-10-26,-0.06648584341610686,exper2_11
11.346400000000017,9.919306,Validation,2015,2015-10-27,-0.06710777492816754,exper2_11
11.146399999999971,9.5551405,Validation,2015,2015-10-28,-0.076866719414477,exper2_11
10.882000000000005,9.289953,Validation,2015,2015-10-29,-0.07892377847068352,exper2_11
10.637200000000007,9.076407,Validation,2015,2015-10-30,-0.07917336148564438,exper2_11
10.487199999999973,8.867298,Validation,2015,2015-10-31,-0.08369640293512409,exper2_11
10.356800000000021,8.74616,Validation,2015,2015-11-01,-0.08431366050684763,exper2_11
10.3596,8.58071,Validation,2015,2015-11-02,-0.09392082549440967,exper2_11
10.388400000000047,8.461483,Validation,2015,2015-11-03,-0.10222434792387614,exper2_11
,8.330644,Validation,2015,2015-11-04,,exper2_11
,9.162785,Validation,2015,2015-11-05,,exper2_11
,8.5877905,Validation,2015,2015-11-06,,exper2_11
,8.290798,Validation,2015,2015-11-07,,exper2_11
,8.144265,Validation,2015,2015-11-08,,exper2_11
,8.030648,Validation,2015,2015-11-09,,exper2_11
,7.9338226,Validation,2015,2015-11-10,,exper2_11
,7.8519573,Validation,2015,2015-11-11,,exper2_11
,7.780631,Validation,2015,2015-11-12,,exper2_11
,7.713953,Validation,2015,2015-11-13,,exper2_11
,7.312016,Validation,2015,2015-11-14,,exper2_11
,7.509655,Validation,2015,2015-11-15,,exper2_11
,7.5068893,Validation,2015,2015-11-16,,exper2_11
,7.4794464,Validation,2015,2015-11-17,,exper2_11
,7.4876933,Validation,2015,2015-11-18,,exper2_11
,7.4251637,Validation,2015,2015-11-19,,exper2_11
,5.082286,Validation,2015,2015-11-20,,exper2_11
,4.531025,Validation,2015,2015-11-21,,exper2_11
,4.346511,Validation,2015,2015-11-22,,exper2_11
,4.4824057,Validation,2015,2015-11-23,,exper2_11
,5.619742,Validation,2015,2015-11-24,,exper2_11
,4.3968806,Validation,2015,2015-11-25,,exper2_11
,6.3919053,Validation,2015,2015-11-26,,exper2_11
,4.5250716,Validation,2015,2015-11-27,,exper2_11
,4.2355337,Validation,2015,2015-11-28,,exper2_11
,4.184863,Validation,2015,2015-11-29,,exper2_11
,4.1809993,Validation,2015,2015-11-30,,exper2_11
,5.5896225,Validation,2015,2015-12-01,,exper2_11
,4.4514647,Validation,2015,2015-12-02,,exper2_11
,6.369238,Validation,2015,2015-12-03,,exper2_11
,4.45878,Validation,2015,2015-12-04,,exper2_11
,4.2117343,Validation,2015,2015-12-05,,exper2_11
,5.9451838,Validation,2015,2015-12-06,,exper2_11
,4.3975515,Validation,2015,2015-12-07,,exper2_11
,6.3404,Validation,2015,2015-12-08,,exper2_11
,6.3889456,Validation,2015,2015-12-09,,exper2_11
,6.6260924,Validation,2015,2015-12-10,,exper2_11
,6.541274,Validation,2015,2015-12-11,,exper2_11
,4.507962,Validation,2015,2015-12-12,,exper2_11
,5.8592253,Validation,2015,2015-12-13,,exper2_11
,4.4239006,Validation,2015,2015-12-14,,exper2_11
,4.209222,Validation,2015,2015-12-15,,exper2_11
,4.247907,Validation,2015,2015-12-16,,exper2_11
,4.173339,Validation,2015,2015-12-17,,exper2_11
,4.143433,Validation,2015,2015-12-18,,exper2_11
,4.008372,Validation,2015,2015-12-19,,exper2_11
,3.4173508,Validation,2015,2015-12-20,,exper2_11
,2.624754,Validation,2015,2015-12-21,,exper2_11
,2.24332,Validation,2015,2015-12-22,,exper2_11
,2.1243412,Validation,2015,2015-12-23,,exper2_11
,2.0815964,Validation,2015,2015-12-24,,exper2_11
,2.0570378,Validation,2015,2015-12-25,,exper2_11
,2.0467854,Validation,2015,2015-12-26,,exper2_11
,2.0423381,Validation,2015,2015-12-27,,exper2_11
,2.0405824,Validation,2015,2015-12-28,,exper2_11
,2.0401504,Validation,2015,2015-12-29,,exper2_11
,2.0403018,Validation,2015,2015-12-30,,exper2_11
,2.0406692,Validation,2015,2015-12-31,,exper2_11
,1.5227203,Validation,2016,2016-01-01,,exper2_11
,2.133728,Validation,2016,2016-01-02,,exper2_11
,0.9360106,Validation,2016,2016-01-03,,exper2_11
,1.7967668,Validation,2016,2016-01-04,,exper2_11
,2.040518,Validation,2016,2016-01-05,,exper2_11
,0.48338282,Validation,2016,2016-01-06,,exper2_11
,0.3898967,Validation,2016,2016-01-07,,exper2_11
,0.31590676,Validation,2016,2016-01-08,,exper2_11
,0.50337046,Validation,2016,2016-01-09,,exper2_11
,1.336568,Validation,2016,2016-01-10,,exper2_11
,0.44399506,Validation,2016,2016-01-11,,exper2_11
,1.1754985,Validation,2016,2016-01-12,,exper2_11
,0.6561193,Validation,2016,2016-01-13,,exper2_11
,0.20696019,Validation,2016,2016-01-14,,exper2_11
,0.2920286,Validation,2016,2016-01-15,,exper2_11
,1.1085808,Validation,2016,2016-01-16,,exper2_11
,0.9869805,Validation,2016,2016-01-17,,exper2_11
,0.92370605,Validation,2016,2016-01-18,,exper2_11
,1.2984045,Validation,2016,2016-01-19,,exper2_11
,1.4480215,Validation,2016,2016-01-20,,exper2_11
,1.6877681,Validation,2016,2016-01-21,,exper2_11
,1.98833,Validation,2016,2016-01-22,,exper2_11
,2.0234308,Validation,2016,2016-01-23,,exper2_11
,1.0250068,Validation,2016,2016-01-24,,exper2_11
,0.48579818,Validation,2016,2016-01-25,,exper2_11
,0.5368618,Validation,2016,2016-01-26,,exper2_11
,0.5307644,Validation,2016,2016-01-27,,exper2_11
,0.30334753,Validation,2016,2016-01-28,,exper2_11
,0.59329313,Validation,2016,2016-01-29,,exper2_11
,1.2651525,Validation,2016,2016-01-30,,exper2_11
,1.845488,Validation,2016,2016-01-31,,exper2_11
,0.74558854,Validation,2016,2016-02-01,,exper2_11
,0.6088091,Validation,2016,2016-02-02,,exper2_11
,0.9291298,Validation,2016,2016-02-03,,exper2_11
,1.829198,Validation,2016,2016-02-04,,exper2_11
,2.0715272,Validation,2016,2016-02-05,,exper2_11
,2.0933878,Validation,2016,2016-02-06,,exper2_11
,0.63913226,Validation,2016,2016-02-07,,exper2_11
,1.6185735,Validation,2016,2016-02-08,,exper2_11
,2.1611347,Validation,2016,2016-02-09,,exper2_11
,2.1732187,Validation,2016,2016-02-10,,exper2_11
,2.9768348,Validation,2016,2016-02-11,,exper2_11
,2.7610831,Validation,2016,2016-02-12,,exper2_11
,2.925881,Validation,2016,2016-02-13,,exper2_11
,3.130678,Validation,2016,2016-02-14,,exper2_11
,2.191314,Validation,2016,2016-02-15,,exper2_11
,2.3143854,Validation,2016,2016-02-16,,exper2_11
,3.317066,Validation,2016,2016-02-17,,exper2_11
,2.4281688,Validation,2016,2016-02-18,,exper2_11
,1.1442682,Validation,2016,2016-02-19,,exper2_11
,2.1950684,Validation,2016,2016-02-20,,exper2_11
,1.3335888,Validation,2016,2016-02-21,,exper2_11
,2.1158867,Validation,2016,2016-02-22,,exper2_11
,2.1820364,Validation,2016,2016-02-23,,exper2_11
,1.8015914,Validation,2016,2016-02-24,,exper2_11
,2.4846942,Validation,2016,2016-02-25,,exper2_11
,3.355092,Validation,2016,2016-02-26,,exper2_11
,3.3034406,Validation,2016,2016-02-27,,exper2_11
,2.5724006,Validation,2016,2016-02-28,,exper2_11
,3.4499245,Validation,2016,2016-02-29,,exper2_11
,3.274035,Validation,2016,2016-03-01,,exper2_11
,3.6997132,Validation,2016,2016-03-02,,exper2_11
,3.71363,Validation,2016,2016-03-03,,exper2_11
,3.261974,Validation,2016,2016-03-04,,exper2_11
,2.7393026,Validation,2016,2016-03-05,,exper2_11
,3.4107854,Validation,2016,2016-03-06,,exper2_11
,2.8245976,Validation,2016,2016-03-07,,exper2_11
,2.099604,Validation,2016,2016-03-08,,exper2_11
,0.90784156,Validation,2016,2016-03-09,,exper2_11
,2.152293,Validation,2016,2016-03-10,,exper2_11
,3.3200822,Validation,2016,2016-03-11,,exper2_11
,3.3455563,Validation,2016,2016-03-12,,exper2_11
,2.7378085,Validation,2016,2016-03-13,,exper2_11
,2.8943114,Validation,2016,2016-03-14,,exper2_11
,3.1583726,Validation,2016,2016-03-15,,exper2_11
,1.254362,Validation,2016,2016-03-16,,exper2_11
,2.0132256,Validation,2016,2016-03-17,,exper2_11
,2.8011065,Validation,2016,2016-03-18,,exper2_11
,4.016901,Validation,2016,2016-03-19,,exper2_11
,3.9271207,Validation,2016,2016-03-20,,exper2_11
,3.3958883,Validation,2016,2016-03-21,,exper2_11
,3.317026,Validation,2016,2016-03-22,,exper2_11
,3.4106069,Validation,2016,2016-03-23,,exper2_11
,3.627968,Validation,2016,2016-03-24,,exper2_11
,3.771059,Validation,2016,2016-03-25,,exper2_11
,2.7888887,Validation,2016,2016-03-26,,exper2_11
,2.8243175,Validation,2016,2016-03-27,,exper2_11
,3.878919,Validation,2016,2016-03-28,,exper2_11
,3.8844404,Validation,2016,2016-03-29,,exper2_11
,4.0097356,Validation,2016,2016-03-30,,exper2_11
,3.247679,Validation,2016,2016-03-31,,exper2_11
,4.1473236,Validation,2016,2016-04-01,,exper2_11
,3.9467795,Validation,2016,2016-04-02,,exper2_11
,3.9211268,Validation,2016,2016-04-03,,exper2_11
,4.193162,Validation,2016,2016-04-04,,exper2_11
,3.9624853,Validation,2016,2016-04-05,,exper2_11
,2.8847246,Validation,2016,2016-04-06,,exper2_11
,3.426785,Validation,2016,2016-04-07,,exper2_11
,3.342114,Validation,2016,2016-04-08,,exper2_11
,3.8866568,Validation,2016,2016-04-09,,exper2_11
,3.3321004,Validation,2016,2016-04-10,,exper2_11
,3.247096,Validation,2016,2016-04-11,,exper2_11
,3.9809833,Validation,2016,2016-04-12,,exper2_11
,3.2826,Validation,2016,2016-04-13,,exper2_11
,3.8314633,Validation,2016,2016-04-14,,exper2_11
,4.068468,Validation,2016,2016-04-15,,exper2_11
,4.089806,Validation,2016,2016-04-16,,exper2_11
,4.166997,Validation,2016,2016-04-17,,exper2_11
,4.0703077,Validation,2016,2016-04-18,,exper2_11
,3.9549732,Validation,2016,2016-04-19,,exper2_11
,4.170652,Validation,2016,2016-04-20,,exper2_11
,5.181992,Validation,2016,2016-04-21,,exper2_11
,5.0802507,Validation,2016,2016-04-22,,exper2_11
,3.9581537,Validation,2016,2016-04-23,,exper2_11
,4.5495434,Validation,2016,2016-04-24,,exper2_11
,4.1569853,Validation,2016,2016-04-25,,exper2_11
,4.4178314,Validation,2016,2016-04-26,,exper2_11
,5.717719,Validation,2016,2016-04-27,,exper2_11
,5.005465,Validation,2016,2016-04-28,,exper2_11
,4.7663426,Validation,2016,2016-04-29,,exper2_11
,3.877684,Validation,2016,2016-04-30,,exper2_11
,3.6992364,Validation,2016,2016-05-01,,exper2_11
,4.0938516,Validation,2016,2016-05-02,,exper2_11
,4.116306,Validation,2016,2016-05-03,,exper2_11
,4.134946,Validation,2016,2016-05-04,,exper2_11
,5.7392178,Validation,2016,2016-05-05,,exper2_11
,4.9790306,Validation,2016,2016-05-06,,exper2_11
,4.923524,Validation,2016,2016-05-07,,exper2_11
,5.853494,Validation,2016,2016-05-08,,exper2_11
,6.182962,Validation,2016,2016-05-09,,exper2_11
,6.6735263,Validation,2016,2016-05-10,,exper2_11
,5.971801,Validation,2016,2016-05-11,,exper2_11
,5.793321,Validation,2016,2016-05-12,,exper2_11
,6.9665384,Validation,2016,2016-05-13,,exper2_11
,6.508636,Validation,2016,2016-05-14,,exper2_11
,7.6720476,Validation,2016,2016-05-15,,exper2_11
,7.8035617,Validation,2016,2016-05-16,,exper2_11
,8.457908,Validation,2016,2016-05-17,,exper2_11
,8.898173,Validation,2016,2016-05-18,,exper2_11
,9.374027,Validation,2016,2016-05-19,,exper2_11
,10.157678,Validation,2016,2016-05-20,,exper2_11
,10.872359,Validation,2016,2016-05-21,,exper2_11
,11.269588,Validation,2016,2016-05-22,,exper2_11
,11.767699,Validation,2016,2016-05-23,,exper2_11
,11.319999,Validation,2016,2016-05-24,,exper2_11
,11.02039,Validation,2016,2016-05-25,,exper2_11
,11.290979,Validation,2016,2016-05-26,,exper2_11
,12.594512,Validation,2016,2016-05-27,,exper2_11
,11.603822,Validation,2016,2016-05-28,,exper2_11
,12.574828,Validation,2016,2016-05-29,,exper2_11
,13.640262,Validation,2016,2016-05-30,,exper2_11
,14.57764,Validation,2016,2016-05-31,,exper2_11
,13.012452,Validation,2016,2016-06-01,,exper2_11
,14.9595,Validation,2016,2016-06-02,,exper2_11
,14.939691,Validation,2016,2016-06-03,,exper2_11
,14.594381,Validation,2016,2016-06-04,,exper2_11
,14.294562,Validation,2016,2016-06-05,,exper2_11
,15.46061,Validation,2016,2016-06-06,,exper2_11
,16.018595,Validation,2016,2016-06-07,,exper2_11
,16.284077,Validation,2016,2016-06-08,,exper2_11
,16.633316,Validation,2016,2016-06-09,,exper2_11
,17.116713,Validation,2016,2016-06-10,,exper2_11
,11.050173,Validation,2016,2016-06-11,,exper2_11
,15.789246,Validation,2016,2016-06-12,,exper2_11
,15.381602,Validation,2016,2016-06-13,,exper2_11
,15.806895,Validation,2016,2016-06-14,,exper2_11
,16.155767,Validation,2016,2016-06-15,,exper2_11
,15.708076,Validation,2016,2016-06-16,,exper2_11
,16.390953,Validation,2016,2016-06-17,,exper2_11
,16.874063,Validation,2016,2016-06-18,,exper2_11
,17.222208,Validation,2016,2016-06-19,,exper2_11
,17.381704,Validation,2016,2016-06-20,,exper2_11
,18.444347,Validation,2016,2016-06-21,,exper2_11
,18.346426,Validation,2016,2016-06-22,,exper2_11
,19.039576,Validation,2016,2016-06-23,,exper2_11
,18.588617,Validation,2016,2016-06-24,,exper2_11
,19.407919,Validation,2016,2016-06-25,,exper2_11
,18.788528,Validation,2016,2016-06-26,,exper2_11
,19.400185,Validation,2016,2016-06-27,,exper2_11
,18.711184,Validation,2016,2016-06-28,,exper2_11
,19.246412,Validation,2016,2016-06-29,,exper2_11
,19.786549,Validation,2016,2016-06-30,,exper2_11
,19.019506,Validation,2016,2016-07-01,,exper2_11
,19.83927,Validation,2016,2016-07-02,,exper2_11
,20.726347,Validation,2016,2016-07-03,,exper2_11
,19.830133,Validation,2016,2016-07-04,,exper2_11
,20.167856,Validation,2016,2016-07-05,,exper2_11
,20.620537,Validation,2016,2016-07-06,,exper2_11
,20.788218,Validation,2016,2016-07-07,,exper2_11
,20.861572,Validation,2016,2016-07-08,,exper2_11
,20.241983,Validation,2016,2016-07-09,,exper2_11
,20.371714,Validation,2016,2016-07-10,,exper2_11
,20.389887,Validation,2016,2016-07-11,,exper2_11
,20.520712,Validation,2016,2016-07-12,,exper2_11
,20.680235,Validation,2016,2016-07-13,,exper2_11
,19.947054,Validation,2016,2016-07-14,,exper2_11
,20.055368,Validation,2016,2016-07-15,,exper2_11
,20.208029,Validation,2016,2016-07-16,,exper2_11
,20.331804,Validation,2016,2016-07-17,,exper2_11
,20.532686,Validation,2016,2016-07-18,,exper2_11
,20.790756,Validation,2016,2016-07-19,,exper2_11
,20.804924,Validation,2016,2016-07-20,,exper2_11
,20.858095,Validation,2016,2016-07-21,,exper2_11
,22.025576,Validation,2016,2016-07-22,,exper2_11
,21.591616,Validation,2016,2016-07-23,,exper2_11
,21.548777,Validation,2016,2016-07-24,,exper2_11
,22.002153,Validation,2016,2016-07-25,,exper2_11
,21.82762,Validation,2016,2016-07-26,,exper2_11
,20.913448,Validation,2016,2016-07-27,,exper2_11
,20.883406,Validation,2016,2016-07-28,,exper2_11
,20.999596,Validation,2016,2016-07-29,,exper2_11
,21.017607,Validation,2016,2016-07-30,,exper2_11
,21.838104,Validation,2016,2016-07-31,,exper2_11
,21.689934,Validation,2016,2016-08-01,,exper2_11
,21.61861,Validation,2016,2016-08-02,,exper2_11
,21.594662,Validation,2016,2016-08-03,,exper2_11
,21.573675,Validation,2016,2016-08-04,,exper2_11
,21.553495,Validation,2016,2016-08-05,,exper2_11
,21.536314,Validation,2016,2016-08-06,,exper2_11
,21.52149,Validation,2016,2016-08-07,,exper2_11
,21.508394,Validation,2016,2016-08-08,,exper2_11
23.93425000000002,21.496857,Validation,2016,2016-08-09,-0.05365031777032931,exper2_11
24.12575000000004,21.486633,Validation,2016,2016-08-10,-0.05785965363431435,exper2_11
24.00475,20.612852,Validation,2016,2016-08-11,-0.07602151940173583,exper2_11
23.747500000000002,19.807426,Validation,2016,2016-08-12,-0.09046217886851143,exper2_11
23.50075000000004,19.897879,Validation,2016,2016-08-13,-0.08301809217215687,exper2_11
23.573750000000018,20.056238,Validation,2016,2016-08-14,-0.0806214251422224,exper2_11
24.22425000000004,20.219664,Validation,2016,2016-08-15,-0.09010426971497114,exper2_11
,20.359884,Validation,2016,2016-08-16,,exper2_11
24.449599999999975,20.478518,Validation,2016,2016-08-17,-0.0883874661517285,exper2_11
24.68960000000004,20.579483,Validation,2016,2016-08-18,-0.09079302456485651,exper2_11
24.29000000000002,19.87251,Validation,2016,2016-08-19,-0.10002803280286628,exper2_11
23.46180000000004,19.229689,Validation,2016,2016-08-20,-0.099132438103563,exper2_11
22.622000000000014,19.431547,Validation,2016,2016-08-21,-0.07586643815256193,exper2_11
22.163800000000037,19.662144,Validation,2016,2016-08-22,-0.059811114131287264,exper2_11
21.985400000000027,19.88228,Validation,2016,2016-08-23,-0.05023253336943159,exper2_11
22.041600000000017,19.532892,Validation,2016,2016-08-24,-0.06034247536010764,exper2_11
21.886199999999974,19.738056,Validation,2016,2016-08-25,-0.05160798087782141,exper2_11
21.689400000000035,19.898859,Validation,2016,2016-08-26,-0.04305400172959453,exper2_11
21.538800000000037,19.874464,Validation,2016,2016-08-27,-0.04018847593268393,exper2_11
21.912800000000004,20.048838,Validation,2016,2016-08-28,-0.0444206289869433,exper2_11
21.930000000000007,20.202608,Validation,2016,2016-08-29,-0.04099893097123904,exper2_11
22.195600000000013,20.122889,Validation,2016,2016-08-30,-0.04897886255436086,exper2_11
21.771600000000035,20.248602,Validation,2016,2016-08-31,-0.036244425709442384,exper2_11
21.516399999999976,20.162924,Validation,2016,2016-09-01,-0.03247356394769423,exper2_11
21.441400000000044,20.29145,Validation,2016,2016-09-02,-0.027555019264699093,exper2_11
21.14440000000002,20.411573,Validation,2016,2016-09-03,-0.017634687141966674,exper2_11
20.9846,20.519564,Validation,2016,2016-09-04,-0.011204570430946364,exper2_11
20.94640000000004,19.84506,Validation,2016,2016-09-05,-0.026999269996213934,exper2_11
20.997000000000014,19.23786,Validation,2016,2016-09-06,-0.04372179463355232,exper2_11
20.97580000000005,18.727385,Validation,2016,2016-09-07,-0.0566306067698496,exper2_11
20.96120000000002,19.029602,Validation,2016,2016-09-08,-0.04830105549686101,exper2_11
20.877800000000036,18.764875,Validation,2016,2016-09-09,-0.05329924295103996,exper2_11
20.7072,18.396824,Validation,2016,2016-09-10,-0.05908282287911606,exper2_11
,18.773985,Validation,2016,2016-09-11,,exper2_11
19.94840000000005,19.1157,Validation,2016,2016-09-12,-0.02131625295034564,exper2_11
19.920600000000036,18.728806,Validation,2016,2016-09-13,-0.030836035931082424,exper2_11
19.764599999999973,19.068344,Validation,2016,2016-09-14,-0.01792951576644383,exper2_11
19.69300000000004,18.678463,Validation,2016,2016-09-15,-0.026439883678491063,exper2_11
19.563000000000045,18.331865,Validation,2016,2016-09-16,-0.032488166384496524,exper2_11
19.449000000000012,18.037851,Validation,2016,2016-09-17,-0.03764383020123996,exper2_11
19.495000000000005,18.472116,Validation,2016,2016-09-18,-0.026941301440741555,exper2_11
19.36700000000002,18.221695,Validation,2016,2016-09-19,-0.030469401913194798,exper2_11
19.125999999999976,17.999437,Validation,2016,2016-09-20,-0.030344764905192695,exper2_11
18.992999999999995,17.656706,Validation,2016,2016-09-21,-0.03646125152860401,exper2_11
19.009000000000015,16.724073,Validation,2016,2016-09-22,-0.063944306266256,exper2_11
18.829000000000008,16.814589,Validation,2016,2016-09-23,-0.056515394082860576,exper2_11
18.66900000000004,16.446142,Validation,2016,2016-09-24,-0.0633019735729987,exper2_11
18.519000000000005,16.14093,Validation,2016,2016-09-25,-0.06861150072023053,exper2_11
17.843000000000018,15.833784,Validation,2016,2016-09-26,-0.059661750671852205,exper2_11
17.088000000000022,15.470634,Validation,2016,2016-09-27,-0.04967547215518225,exper2_11
,15.306816,Validation,2016,2016-09-28,,exper2_11
,15.054277,Validation,2016,2016-09-29,,exper2_11
,14.869149,Validation,2016,2016-09-30,,exper2_11
,14.709991,Validation,2016,2016-10-01,,exper2_11
,14.55689,Validation,2016,2016-10-02,,exper2_11
,14.425465,Validation,2016,2016-10-03,,exper2_11
,14.393868,Validation,2016,2016-10-04,,exper2_11
,14.328485,Validation,2016,2016-10-05,,exper2_11
,14.2774515,Validation,2016,2016-10-06,,exper2_11
,14.214889,Validation,2016,2016-10-07,,exper2_11
,13.933555,Validation,2016,2016-10-08,,exper2_11
,13.137567,Validation,2016,2016-10-09,,exper2_11
,13.564075,Validation,2016,2016-10-10,,exper2_11
,13.678893,Validation,2016,2016-10-11,,exper2_11
,13.671348,Validation,2016,2016-10-12,,exper2_11
,12.559175,Validation,2016,2016-10-13,,exper2_11
,12.069367,Validation,2016,2016-10-14,,exper2_11
,12.863549,Validation,2016,2016-10-15,,exper2_11
,13.000952,Validation,2016,2016-10-16,,exper2_11
,13.072034,Validation,2016,2016-10-17,,exper2_11
,13.116528,Validation,2016,2016-10-18,,exper2_11
,12.512988,Validation,2016,2016-10-19,,exper2_11
,11.624453,Validation,2016,2016-10-20,,exper2_11
,11.1607065,Validation,2016,2016-10-21,,exper2_11
,11.045832,Validation,2016,2016-10-22,,exper2_11
,10.520517,Validation,2016,2016-10-23,,exper2_11
,10.18389,Validation,2016,2016-10-24,,exper2_11
,9.869953,Validation,2016,2016-10-25,,exper2_11
,9.590631,Validation,2016,2016-10-26,,exper2_11
,9.34868,Validation,2016,2016-10-27,,exper2_11
,9.141237,Validation,2016,2016-10-28,,exper2_11
,9.674668,Validation,2016,2016-10-29,,exper2_11
,9.118303,Validation,2016,2016-10-30,,exper2_11
,8.835568,Validation,2016,2016-10-31,,exper2_11
,9.78823,Validation,2016,2016-11-01,,exper2_11
,8.948946,Validation,2016,2016-11-02,,exper2_11
,8.73414,Validation,2016,2016-11-03,,exper2_11
,8.517914,Validation,2016,2016-11-04,,exper2_11
,8.391668,Validation,2016,2016-11-05,,exper2_11
,8.2768955,Validation,2016,2016-11-06,,exper2_11
,8.182565,Validation,2016,2016-11-07,,exper2_11
,8.071049,Validation,2016,2016-11-08,,exper2_11
,7.958422,Validation,2016,2016-11-09,,exper2_11
,7.887301,Validation,2016,2016-11-10,,exper2_11
,7.80416,Validation,2016,2016-11-11,,exper2_11
,7.570069,Validation,2016,2016-11-12,,exper2_11
,7.6281857,Validation,2016,2016-11-13,,exper2_11
,7.5937786,Validation,2016,2016-11-14,,exper2_11
,7.5580006,Validation,2016,2016-11-15,,exper2_11
,7.512495,Validation,2016,2016-11-16,,exper2_11
,7.478993,Validation,2016,2016-11-17,,exper2_11
,7.4518943,Validation,2016,2016-11-18,,exper2_11
,5.476479,Validation,2016,2016-11-19,,exper2_11
,4.6359587,Validation,2016,2016-11-20,,exper2_11
,4.380928,Validation,2016,2016-11-21,,exper2_11
,4.2782483,Validation,2016,2016-11-22,,exper2_11
,6.218471,Validation,2016,2016-11-23,,exper2_11
,6.666894,Validation,2016,2016-11-24,,exper2_11
,6.7102895,Validation,2016,2016-11-25,,exper2_11
,6.757554,Validation,2016,2016-11-26,,exper2_11
,4.794621,Validation,2016,2016-11-27,,exper2_11
,6.483614,Validation,2016,2016-11-28,,exper2_11
,6.7124643,Validation,2016,2016-11-29,,exper2_11
,5.2515216,Validation,2016,2016-11-30,,exper2_11
,4.4060426,Validation,2016,2016-12-01,,exper2_11
,4.224571,Validation,2016,2016-12-02,,exper2_11
,4.192254,Validation,2016,2016-12-03,,exper2_11
,4.176339,Validation,2016,2016-12-04,,exper2_11
,6.300838,Validation,2016,2016-12-05,,exper2_11
,4.451446,Validation,2016,2016-12-06,,exper2_11
,4.213004,Validation,2016,2016-12-07,,exper2_11
,4.1735997,Validation,2016,2016-12-08,,exper2_11
,4.1649065,Validation,2016,2016-12-09,,exper2_11
,4.1623716,Validation,2016,2016-12-10,,exper2_11
,4.1611586,Validation,2016,2016-12-11,,exper2_11
,4.160335,Validation,2016,2016-12-12,,exper2_11
,4.1594105,Validation,2016,2016-12-13,,exper2_11
,4.158686,Validation,2016,2016-12-14,,exper2_11
,4.158086,Validation,2016,2016-12-15,,exper2_11
,4.1575828,Validation,2016,2016-12-16,,exper2_11
,4.157065,Validation,2016,2016-12-17,,exper2_11
,4.155787,Validation,2016,2016-12-18,,exper2_11
,4.148372,Validation,2016,2016-12-19,,exper2_11
,4.096833,Validation,2016,2016-12-20,,exper2_11
,3.791368,Validation,2016,2016-12-21,,exper2_11
,2.9642904,Validation,2016,2016-12-22,,exper2_11
,2.3644428,Validation,2016,2016-12-23,,exper2_11
,2.1819685,Validation,2016,2016-12-24,,exper2_11
,2.09504,Validation,2016,2016-12-25,,exper2_11
,2.1933725,Validation,2016,2016-12-26,,exper2_11
,2.0683641,Validation,2016,2016-12-27,,exper2_11
,2.0466776,Validation,2016,2016-12-28,,exper2_11
,2.0413656,Validation,2016,2016-12-29,,exper2_11
,2.0400238,Validation,2016,2016-12-30,,exper2_11
,2.039953,Validation,2016,2016-12-31,,exper2_11
,1.3628607,Validation,2017,2017-01-01,,exper2_11
,0.9267383,Validation,2017,2017-01-02,,exper2_11
,0.6841286,Validation,2017,2017-01-03,,exper2_11
,1.3889416,Validation,2017,2017-01-04,,exper2_11
,1.1279675,Validation,2017,2017-01-05,,exper2_11
,0.9649442,Validation,2017,2017-01-06,,exper2_11
,1.1201931,Validation,2017,2017-01-07,,exper2_11
,1.4880147,Validation,2017,2017-01-08,,exper2_11
,0.20297436,Validation,2017,2017-01-09,,exper2_11
,0.17837547,Validation,2017,2017-01-10,,exper2_11
,0.29051572,Validation,2017,2017-01-11,,exper2_11
,0.86489445,Validation,2017,2017-01-12,,exper2_11
,1.1920104,Validation,2017,2017-01-13,,exper2_11
,1.4720938,Validation,2017,2017-01-14,,exper2_11
,1.5829875,Validation,2017,2017-01-15,,exper2_11
,1.7325037,Validation,2017,2017-01-16,,exper2_11
,1.1101757,Validation,2017,2017-01-17,,exper2_11
,2.031827,Validation,2017,2017-01-18,,exper2_11
,2.1342201,Validation,2017,2017-01-19,,exper2_11
,0.40509748,Validation,2017,2017-01-20,,exper2_11
,0.32758743,Validation,2017,2017-01-21,,exper2_11
,0.28017098,Validation,2017,2017-01-22,,exper2_11
,0.34882224,Validation,2017,2017-01-23,,exper2_11
,0.35934758,Validation,2017,2017-01-24,,exper2_11
,0.31262112,Validation,2017,2017-01-25,,exper2_11
,0.36910582,Validation,2017,2017-01-26,,exper2_11
,1.2778103,Validation,2017,2017-01-27,,exper2_11
,0.5804623,Validation,2017,2017-01-28,,exper2_11
,1.3438126,Validation,2017,2017-01-29,,exper2_11
,0.6052963,Validation,2017,2017-01-30,,exper2_11
,0.4375354,Validation,2017,2017-01-31,,exper2_11
,0.8937087,Validation,2017,2017-02-01,,exper2_11
,2.0712404,Validation,2017,2017-02-02,,exper2_11
,2.654021,Validation,2017,2017-02-03,,exper2_11
,0.8187215,Validation,2017,2017-02-04,,exper2_11
,1.5716543,Validation,2017,2017-02-05,,exper2_11
,2.0617883,Validation,2017,2017-02-06,,exper2_11
,0.4017337,Validation,2017,2017-02-07,,exper2_11
,1.1855357,Validation,2017,2017-02-08,,exper2_11
,2.5076432,Validation,2017,2017-02-09,,exper2_11
,2.2441998,Validation,2017,2017-02-10,,exper2_11
,1.8504081,Validation,2017,2017-02-11,,exper2_11
,2.593099,Validation,2017,2017-02-12,,exper2_11
,2.889966,Validation,2017,2017-02-13,,exper2_11
,2.577711,Validation,2017,2017-02-14,,exper2_11
,2.457969,Validation,2017,2017-02-15,,exper2_11
,2.399614,Validation,2017,2017-02-16,,exper2_11
,2.4787319,Validation,2017,2017-02-17,,exper2_11
,2.6722202,Validation,2017,2017-02-18,,exper2_11
,2.3587646,Validation,2017,2017-02-19,,exper2_11
,2.4012945,Validation,2017,2017-02-20,,exper2_11
,2.816122,Validation,2017,2017-02-21,,exper2_11
,2.9548187,Validation,2017,2017-02-22,,exper2_11
,3.0804865,Validation,2017,2017-02-23,,exper2_11
,2.3972576,Validation,2017,2017-02-24,,exper2_11
,2.532287,Validation,2017,2017-02-25,,exper2_11
,2.7548325,Validation,2017,2017-02-26,,exper2_11
,3.2349732,Validation,2017,2017-02-27,,exper2_11
,2.6502252,Validation,2017,2017-02-28,,exper2_11
,2.7306874,Validation,2017,2017-03-01,,exper2_11
,3.44623,Validation,2017,2017-03-02,,exper2_11
,3.8279862,Validation,2017,2017-03-03,,exper2_11
,3.7897346,Validation,2017,2017-03-04,,exper2_11
,2.8973334,Validation,2017,2017-03-05,,exper2_11
,0.7854023,Validation,2017,2017-03-06,,exper2_11
,1.7325335,Validation,2017,2017-03-07,,exper2_11
,3.0227964,Validation,2017,2017-03-08,,exper2_11
,3.3011994,Validation,2017,2017-03-09,,exper2_11
,3.7676938,Validation,2017,2017-03-10,,exper2_11
,3.8083067,Validation,2017,2017-03-11,,exper2_11
,3.2671025,Validation,2017,2017-03-12,,exper2_11
,3.3365102,Validation,2017,2017-03-13,,exper2_11
,3.559949,Validation,2017,2017-03-14,,exper2_11
,3.7942297,Validation,2017,2017-03-15,,exper2_11
,4.000755,Validation,2017,2017-03-16,,exper2_11
,2.7738054,Validation,2017,2017-03-17,,exper2_11
,2.8161051,Validation,2017,2017-03-18,,exper2_11
,3.3993487,Validation,2017,2017-03-19,,exper2_11
,3.336589,Validation,2017,2017-03-20,,exper2_11
,3.3080041,Validation,2017,2017-03-21,,exper2_11
,4.0222116,Validation,2017,2017-03-22,,exper2_11
,3.7043605,Validation,2017,2017-03-23,,exper2_11
,3.1482065,Validation,2017,2017-03-24,,exper2_11
,4.1351624,Validation,2017,2017-03-25,,exper2_11
,1.7625684,Validation,2017,2017-03-26,,exper2_11
,2.0343955,Validation,2017,2017-03-27,,exper2_11
,4.0429893,Validation,2017,2017-03-28,,exper2_11
,3.753242,Validation,2017,2017-03-29,,exper2_11
,3.862484,Validation,2017,2017-03-30,,exper2_11
,4.391076,Validation,2017,2017-03-31,,exper2_11
,3.7450373,Validation,2017,2017-04-01,,exper2_11
,3.7804575,Validation,2017,2017-04-02,,exper2_11
,4.373527,Validation,2017,2017-04-03,,exper2_11
,4.0948806,Validation,2017,2017-04-04,,exper2_11
,3.8164935,Validation,2017,2017-04-05,,exper2_11
,4.383389,Validation,2017,2017-04-06,,exper2_11
,4.3499193,Validation,2017,2017-04-07,,exper2_11
,4.261507,Validation,2017,2017-04-08,,exper2_11
,3.4985564,Validation,2017,2017-04-09,,exper2_11
,3.5020652,Validation,2017,2017-04-10,,exper2_11
,4.1121287,Validation,2017,2017-04-11,,exper2_11
,4.808591,Validation,2017,2017-04-12,,exper2_11
,4.2022305,Validation,2017,2017-04-13,,exper2_11
,3.8895974,Validation,2017,2017-04-14,,exper2_11
,4.554057,Validation,2017,2017-04-15,,exper2_11
,4.790555,Validation,2017,2017-04-16,,exper2_11
,4.383709,Validation,2017,2017-04-17,,exper2_11
,4.337029,Validation,2017,2017-04-18,,exper2_11
,4.679409,Validation,2017,2017-04-19,,exper2_11
,5.0637197,Validation,2017,2017-04-20,,exper2_11
,5.355059,Validation,2017,2017-04-21,,exper2_11
,5.5078797,Validation,2017,2017-04-22,,exper2_11
,5.056513,Validation,2017,2017-04-23,,exper2_11
,4.66337,Validation,2017,2017-04-24,,exper2_11
,4.912961,Validation,2017,2017-04-25,,exper2_11
,5.199032,Validation,2017,2017-04-26,,exper2_11
,4.4655743,Validation,2017,2017-04-27,,exper2_11
,5.038788,Validation,2017,2017-04-28,,exper2_11
,5.7934227,Validation,2017,2017-04-29,,exper2_11
,5.488719,Validation,2017,2017-04-30,,exper2_11
,5.264323,Validation,2017,2017-05-01,,exper2_11
,4.995395,Validation,2017,2017-05-02,,exper2_11
,5.953392,Validation,2017,2017-05-03,,exper2_11
,5.8279247,Validation,2017,2017-05-04,,exper2_11
,6.056048,Validation,2017,2017-05-05,,exper2_11
,6.3466144,Validation,2017,2017-05-06,,exper2_11
,6.591714,Validation,2017,2017-05-07,,exper2_11
,6.8166375,Validation,2017,2017-05-08,,exper2_11
,7.0624557,Validation,2017,2017-05-09,,exper2_11
,6.504325,Validation,2017,2017-05-10,,exper2_11
,6.0426087,Validation,2017,2017-05-11,,exper2_11
,7.5232496,Validation,2017,2017-05-12,,exper2_11
,6.72046,Validation,2017,2017-05-13,,exper2_11
,7.5347533,Validation,2017,2017-05-14,,exper2_11
,8.248821,Validation,2017,2017-05-15,,exper2_11
,7.979307,Validation,2017,2017-05-16,,exper2_11
,7.802806,Validation,2017,2017-05-17,,exper2_11
,7.6226034,Validation,2017,2017-05-18,,exper2_11
,8.908225,Validation,2017,2017-05-19,,exper2_11
,9.988987,Validation,2017,2017-05-20,,exper2_11
,8.720752,Validation,2017,2017-05-21,,exper2_11
,8.185159,Validation,2017,2017-05-22,,exper2_11
,9.826535,Validation,2017,2017-05-23,,exper2_11
,10.797559,Validation,2017,2017-05-24,,exper2_11
,10.771942,Validation,2017,2017-05-25,,exper2_11
,11.767486,Validation,2017,2017-05-26,,exper2_11
,11.634603,Validation,2017,2017-05-27,,exper2_11
,11.614423,Validation,2017,2017-05-28,,exper2_11
,11.782979,Validation,2017,2017-05-29,,exper2_11
,12.2731085,Validation,2017,2017-05-30,,exper2_11
,13.024455,Validation,2017,2017-05-31,,exper2_11
,13.561467,Validation,2017,2017-06-01,,exper2_11
,14.119267,Validation,2017,2017-06-02,,exper2_11
,13.808236,Validation,2017,2017-06-03,,exper2_11
,14.907242,Validation,2017,2017-06-04,,exper2_11
,15.426988,Validation,2017,2017-06-05,,exper2_11
,11.016529,Validation,2017,2017-06-06,,exper2_11
,15.432249,Validation,2017,2017-06-07,,exper2_11
,16.34328,Validation,2017,2017-06-08,,exper2_11
,16.311512,Validation,2017,2017-06-09,,exper2_11
,16.25323,Validation,2017,2017-06-10,,exper2_11
,16.265501,Validation,2017,2017-06-11,,exper2_11
,15.966376,Validation,2017,2017-06-12,,exper2_11
,17.42267,Validation,2017,2017-06-13,,exper2_11
,17.329351,Validation,2017,2017-06-14,,exper2_11
,17.515024,Validation,2017,2017-06-15,,exper2_11
,17.810305,Validation,2017,2017-06-16,,exper2_11
,17.666882,Validation,2017,2017-06-17,,exper2_11
,18.402628,Validation,2017,2017-06-18,,exper2_11
,17.999258,Validation,2017,2017-06-19,,exper2_11
,17.63381,Validation,2017,2017-06-20,,exper2_11
,17.913763,Validation,2017,2017-06-21,,exper2_11
,18.779253,Validation,2017,2017-06-22,,exper2_11
,19.005722,Validation,2017,2017-06-23,,exper2_11
,19.56493,Validation,2017,2017-06-24,,exper2_11
,19.614262,Validation,2017,2017-06-25,,exper2_11
,19.281408,Validation,2017,2017-06-26,,exper2_11
,18.99972,Validation,2017,2017-06-27,,exper2_11
,19.179358,Validation,2017,2017-06-28,,exper2_11
,17.387606,Validation,2017,2017-06-29,,exper2_11
,18.493336,Validation,2017,2017-06-30,,exper2_11
,18.686506,Validation,2017,2017-07-01,,exper2_11
,18.302868,Validation,2017,2017-07-02,,exper2_11
,19.226835,Validation,2017,2017-07-03,,exper2_11
,18.707895,Validation,2017,2017-07-04,,exper2_11
,18.642202,Validation,2017,2017-07-05,,exper2_11
,19.395247,Validation,2017,2017-07-06,,exper2_11
,19.770939,Validation,2017,2017-07-07,,exper2_11
,20.003157,Validation,2017,2017-07-08,,exper2_11
,20.20223,Validation,2017,2017-07-09,,exper2_11
,20.294718,Validation,2017,2017-07-10,,exper2_11
,21.215014,Validation,2017,2017-07-11,,exper2_11
,20.556753,Validation,2017,2017-07-12,,exper2_11
,19.959532,Validation,2017,2017-07-13,,exper2_11
,20.054579,Validation,2017,2017-07-14,,exper2_11
,20.15658,Validation,2017,2017-07-15,,exper2_11
,19.82689,Validation,2017,2017-07-16,,exper2_11
22.045200000000023,19.382906,Validation,2017,2017-07-17,-0.06426299195242473,exper2_11
22.26860000000005,19.602613,Validation,2017,2017-07-18,-0.06367110793539425,exper2_11
22.800400000000025,19.84905,Validation,2017,2017-07-19,-0.06920017589997725,exper2_11
23.1952,20.662775,Validation,2017,2017-07-20,-0.05774149303601862,exper2_11
23.813800000000015,20.613522,Validation,2017,2017-07-21,-0.0720340166940494,exper2_11
24.127400000000023,20.669895,Validation,2017,2017-07-22,-0.07718110690827504,exper2_11
23.508800000000008,20.73808,Validation,2017,2017-07-23,-0.06261957876184403,exper2_11
23.172000000000025,20.12263,Validation,2017,2017-07-24,-0.0704330050428062,exper2_11
22.650599999999997,20.553917,Validation,2017,2017-07-25,-0.048529256146730655,exper2_11
22.648199999999974,20.753435,Validation,2017,2017-07-26,-0.04365653181553071,exper2_11
22.89639999999997,20.827818,Validation,2017,2017-07-27,-0.04730975605013016,exper2_11
22.930000000000007,21.643087,Validation,2017,2017-07-28,-0.028871964863890678,exper2_11
23.706000000000017,21.83396,Validation,2017,2017-07-29,-0.0411076434370898,exper2_11
24.290399999999977,21.626415,Validation,2017,2017-07-30,-0.05801762889377704,exper2_11
24.574000000000012,21.747355,Validation,2017,2017-07-31,-0.06102251375441388,exper2_11
24.57000000000005,21.67067,Validation,2017,2017-08-01,-0.06270087505644352,exper2_11
24.004999999999995,21.639194,Validation,2017,2017-08-02,-0.05183146592869222,exper2_11
22.539000000000044,20.737568,Validation,2017,2017-08-03,-0.041626038887470115,exper2_11
21.075400000000002,20.720385,Validation,2017,2017-08-04,-0.008494048039489433,exper2_11
21.065200000000004,20.75183,Validation,2017,2017-08-05,-0.007493857384201079,exper2_11
21.232799999999997,20.80991,Validation,2017,2017-08-06,-0.010058585216041097,exper2_11
21.064200000000028,20.88158,Validation,2017,2017-08-07,-0.004353707230641795,exper2_11
21.1798,20.938606,Validation,2017,2017-08-08,-0.005726563733001283,exper2_11
21.293200000000013,20.985537,Validation,2017,2017-08-09,-0.0072770250391599005,exper2_11
21.243600000000015,20.196611,Validation,2017,2017-08-10,-0.0252650399237448,exper2_11
20.89300000000003,20.218678,Validation,2017,2017-08-11,-0.01640221270240548,exper2_11
21.030400000000043,20.355665,Validation,2017,2017-08-12,-0.016303429420447033,exper2_11
21.46900000000005,20.476372,Validation,2017,2017-08-13,-0.023664785722279928,exper2_11
21.27800000000002,19.98618,Validation,2017,2017-08-14,-0.03130610298049753,exper2_11
20.777800000000013,20.109129,Validation,2017,2017-08-15,-0.016354151928559223,exper2_11
20.879200000000026,20.245993,Validation,2017,2017-08-16,-0.015397066822386044,exper2_11
20.84140000000002,19.603281,Validation,2017,2017-08-17,-0.03061265282906728,exper2_11
20.584799999999973,19.77183,Validation,2017,2017-08-18,-0.020144655360284237,exper2_11
20.738200000000006,19.95286,Validation,2017,2017-08-19,-0.019300065513263902,exper2_11
20.95060000000001,20.12841,Validation,2017,2017-08-20,-0.020014836137784126,exper2_11
21.437599999999975,20.27838,Validation,2017,2017-08-21,-0.027788405672006685,exper2_11
20.948200000000043,20.405642,Validation,2017,2017-08-22,-0.013119904313653678,exper2_11
20.426600000000008,20.513836,Validation,2017,2017-08-23,0.002130800638777177,exper2_11
,20.572748,Validation,2017,2017-08-24,,exper2_11
,20.516214,Validation,2017,2017-08-25,,exper2_11
,19.893488,Validation,2017,2017-08-26,,exper2_11
19.45160000000004,19.282064,Validation,2017,2017-08-27,-0.004376956443297213,exper2_11
19.4846,18.768026,Validation,2017,2017-08-28,-0.018732665346392865,exper2_11
20.02600000000001,18.381441,Validation,2017,2017-08-29,-0.042818756883223945,exper2_11
19.827200000000005,18.055529,Validation,2017,2017-08-30,-0.04676725840037049,exper2_11
19.715400000000045,18.400482,Validation,2017,2017-08-31,-0.03449789817625645,exper2_11
19.205600000000004,18.824202,Validation,2017,2017-09-01,-0.010028935210104888,exper2_11
18.825000000000045,18.489614,Validation,2017,2017-09-02,-0.008988047120929014,exper2_11
18.863800000000026,18.872696,Validation,2017,2017-09-03,0.00023573791455685773,exper2_11
18.853800000000035,19.19408,Validation,2017,2017-09-04,0.008943477261494177,exper2_11
18.291600000000017,18.78559,Validation,2017,2017-09-05,0.013323265019721402,exper2_11
17.791800000000023,18.424181,Validation,2017,2017-09-06,0.017461379405068415,exper2_11
17.5308,18.111536,Validation,2017,2017-09-07,0.016293433336617782,exper2_11
17.40960000000001,18.533348,Validation,2017,2017-09-08,0.03126477218523075,exper2_11
17.2192,18.90883,Validation,2017,2017-09-09,0.04676785899044267,exper2_11
17.26320000000004,19.248184,Validation,2017,2017-09-10,0.054366172287670586,exper2_11
17.32680000000005,19.532948,Validation,2017,2017-09-11,0.059852486452114245,exper2_11
18.01320000000004,19.767727,Validation,2017,2017-09-12,0.046439487917307204,exper2_11
18.72980000000001,19.961687,Validation,2017,2017-09-13,0.0318387113219627,exper2_11
18.863999999999976,20.123375,Validation,2017,2017-09-14,0.0323021219288663,exper2_11
19.0034,20.254179,Validation,2017,2017-09-15,0.03186082872882376,exper2_11
19.022400000000005,19.682076,Validation,2017,2017-09-16,0.01704390750573417,exper2_11
18.885199999999998,19.843447,Validation,2017,2017-09-17,0.02474258236310454,exper2_11
18.568200000000047,19.27274,Validation,2017,2017-09-18,0.01861844397569854,exper2_11
18.537800000000004,18.864248,Validation,2017,2017-09-19,0.008728085514194366,exper2_11
18.336000000000013,17.77461,Validation,2017,2017-09-20,-0.015546385744131638,exper2_11
18.4486,17.70022,Validation,2017,2017-09-21,-0.020702747412812052,exper2_11
18.66840000000002,17.159166,Validation,2017,2017-09-22,-0.04212492832429541,exper2_11
18.939400000000035,17.352894,Validation,2017,2017-09-23,-0.043714684393178035,exper2_11
19.31660000000005,17.555391,Validation,2017,2017-09-24,-0.047765488808799085,exper2_11
19.962800000000016,17.119474,Validation,2017,2017-09-25,-0.07667613797024843,exper2_11
19.593399999999974,16.629826,Validation,2017,2017-09-26,-0.08181420509967281,exper2_11
18.726400000000012,16.303484,Validation,2017,2017-09-27,-0.06916711569885933,exper2_11
18.18640000000005,15.912732,Validation,2017,2017-09-28,-0.06667817431192756,exper2_11
17.826000000000022,15.638195,Validation,2017,2017-09-29,-0.06537748658481765,exper2_11
17.481600000000014,15.382966,Validation,2017,2017-09-30,-0.06385704152554024,exper2_11
17.18780000000004,15.207511,Validation,2017,2017-10-01,-0.061128879268561795,exper2_11
16.933600000000013,15.06361,Validation,2017,2017-10-02,-0.058442280392610874,exper2_11
16.91179999999997,14.8986635,Validation,2017,2017-10-03,-0.06328535508040703,exper2_11
16.654999999999973,14.743265,Validation,2017,2017-10-04,-0.060886639397719385,exper2_11
16.285000000000025,14.433296,Validation,2017,2017-10-05,-0.06028015955419211,exper2_11
16.21180000000004,14.475056,Validation,2017,2017-10-06,-0.05659570738381982,exper2_11
15.99980000000005,14.412119,Validation,2017,2017-10-07,-0.05220588325466767,exper2_11
15.880800000000022,14.296653,Validation,2017,2017-10-08,-0.052494397619827764,exper2_11
15.821600000000046,14.256352,Validation,2017,2017-10-09,-0.052039698490152615,exper2_11
15.495000000000005,14.025014,Validation,2017,2017-10-10,-0.04979625281197959,exper2_11
15.18100000000004,13.335058,Validation,2017,2017-10-11,-0.06473341350260044,exper2_11
14.913599999999974,13.775213,Validation,2017,2017-10-12,-0.03968051061704512,exper2_11
14.729000000000042,13.804058,Validation,2017,2017-10-13,-0.03241650168093493,exper2_11
14.44160000000005,12.735212,Validation,2017,2017-10-14,-0.06278836728451108,exper2_11
13.921400000000006,12.8268175,Validation,2017,2017-10-15,-0.04092169831413168,exper2_11
13.572400000000016,12.04415,Validation,2017,2017-10-16,-0.059658682628754185,exper2_11
13.463000000000022,12.748935,Validation,2017,2017-10-17,-0.02724198961796115,exper2_11
13.232199999999978,12.878446,Validation,2017,2017-10-18,-0.013548281408712485,exper2_11
13.113800000000026,12.975615,Validation,2017,2017-10-19,-0.005296609934183432,exper2_11
13.011000000000024,13.044602,Validation,2017,2017-10-20,0.0012896418050800274,exper2_11
13.024000000000001,13.0962105,Validation,2017,2017-10-21,0.0027645443283218192,exper2_11
12.977599999999995,13.126024,Validation,2017,2017-10-22,0.005685963175682077,exper2_11
12.730200000000025,12.85945,Validation,2017,2017-10-23,0.0050508834060763634,exper2_11
12.236000000000047,11.747585,Validation,2017,2017-10-24,-0.020364540886128376,exper2_11
11.702400000000011,11.250422,Validation,2017,2017-10-25,-0.019691630306915352,exper2_11
11.350199999999973,10.881092,Validation,2017,2017-10-26,-0.021101244451169565,exper2_11
10.983600000000024,10.495305,Validation,2017,2017-10-27,-0.022733697889403527,exper2_11
10.40640000000002,10.157185,Validation,2017,2017-10-28,-0.01211925858295547,exper2_11
9.950199999999995,9.851261,Validation,2017,2017-10-29,-0.0049965434565600875,exper2_11
9.610400000000027,9.577939,Validation,2017,2017-10-30,-0.0016917027802687877,exper2_11
9.012800000000027,9.329511,Validation,2017,2017-10-31,0.017266673439100173,exper2_11
8.663000000000011,9.103523,Validation,2017,2017-11-01,0.02479513003679868,exper2_11
8.461250000000007,8.902801,Validation,2017,2017-11-02,0.02542900681335114,exper2_11
8.171500000000037,8.721226,Validation,2017,2017-11-03,0.03254215731873589,exper2_11
7.958250000000021,8.558596,Validation,2017,2017-11-04,0.03634747637673219,exper2_11
,8.413462,Validation,2017,2017-11-05,,exper2_11
7.360599999999977,8.28219,Validation,2017,2017-11-06,0.058914701524079745,exper2_11
7.202800000000025,7.5668907,Validation,2017,2017-11-07,0.024651207905434618,exper2_11
,5.3968277,Validation,2017,2017-11-08,,exper2_11
,7.1102877,Validation,2017,2017-11-09,,exper2_11
,4.961902,Validation,2017,2017-11-10,,exper2_11
,6.759946,Validation,2017,2017-11-11,,exper2_11
,6.873526,Validation,2017,2017-11-12,,exper2_11
,7.024779,Validation,2017,2017-11-13,,exper2_11
,7.0431657,Validation,2017,2017-11-14,,exper2_11
,7.055748,Validation,2017,2017-11-15,,exper2_11
,6.987708,Validation,2017,2017-11-16,,exper2_11
,5.0317125,Validation,2017,2017-11-17,,exper2_11
,6.6498957,Validation,2017,2017-11-18,,exper2_11
,6.5520926,Validation,2017,2017-11-19,,exper2_11
,4.6247764,Validation,2017,2017-11-20,,exper2_11
,4.3076324,Validation,2017,2017-11-21,,exper2_11
,4.2302237,Validation,2017,2017-11-22,,exper2_11
,5.119601,Validation,2017,2017-11-23,,exper2_11
,6.48193,Validation,2017,2017-11-24,,exper2_11
,5.99874,Validation,2017,2017-11-25,,exper2_11
,4.4379926,Validation,2017,2017-11-26,,exper2_11
,4.2242393,Validation,2017,2017-11-27,,exper2_11
,4.615908,Validation,2017,2017-11-28,,exper2_11
,4.227398,Validation,2017,2017-11-29,,exper2_11
,4.259297,Validation,2017,2017-11-30,,exper2_11
,4.1778803,Validation,2017,2017-12-01,,exper2_11
,4.650216,Validation,2017,2017-12-02,,exper2_11
,4.228072,Validation,2017,2017-12-03,,exper2_11
,6.330536,Validation,2017,2017-12-04,,exper2_11
,5.7812448,Validation,2017,2017-12-05,,exper2_11
,4.3848724,Validation,2017,2017-12-06,,exper2_11
,4.1990113,Validation,2017,2017-12-07,,exper2_11
,4.168214,Validation,2017,2017-12-08,,exper2_11
,4.1622562,Validation,2017,2017-12-09,,exper2_11
,4.1609316,Validation,2017,2017-12-10,,exper2_11
,4.1603303,Validation,2017,2017-12-11,,exper2_11
,4.1597266,Validation,2017,2017-12-12,,exper2_11
,4.159094,Validation,2017,2017-12-13,,exper2_11
,4.158493,Validation,2017,2017-12-14,,exper2_11
,4.1579638,Validation,2017,2017-12-15,,exper2_11
,4.15752,Validation,2017,2017-12-16,,exper2_11
,4.1571655,Validation,2017,2017-12-17,,exper2_11
,4.184614,Validation,2017,2017-12-18,,exper2_11
,4.1802893,Validation,2017,2017-12-19,,exper2_11
,4.1596823,Validation,2017,2017-12-20,,exper2_11
,4.15694,Validation,2017,2017-12-21,,exper2_11
,4.156404,Validation,2017,2017-12-22,,exper2_11
,4.1562405,Validation,2017,2017-12-23,,exper2_11
,4.1561675,Validation,2017,2017-12-24,,exper2_11
,4.156119,Validation,2017,2017-12-25,,exper2_11
,4.1560802,Validation,2017,2017-12-26,,exper2_11
,4.1560473,Validation,2017,2017-12-27,,exper2_11
,4.1560063,Validation,2017,2017-12-28,,exper2_11
,4.1558714,Validation,2017,2017-12-29,,exper2_11
,4.1550093,Validation,2017,2017-12-30,,exper2_11
,4.148768,Validation,2017,2017-12-31,,exper2_11
,3.0834703,Validation,2018,2018-01-01,,exper2_11
,2.7468116,Validation,2018,2018-01-02,,exper2_11
,2.1945195,Validation,2018,2018-01-03,,exper2_11
,2.1453843,Validation,2018,2018-01-04,,exper2_11
,1.9939511,Validation,2018,2018-01-05,,exper2_11
,1.8615793,Validation,2018,2018-01-06,,exper2_11
,1.8271637,Validation,2018,2018-01-07,,exper2_11
,1.7748178,Validation,2018,2018-01-08,,exper2_11
,1.7158569,Validation,2018,2018-01-09,,exper2_11
,0.4385745,Validation,2018,2018-01-10,,exper2_11
,0.32286948,Validation,2018,2018-01-11,,exper2_11
,1.0894542,Validation,2018,2018-01-12,,exper2_11
,1.194661,Validation,2018,2018-01-13,,exper2_11
,1.0723104,Validation,2018,2018-01-14,,exper2_11
,0.15407719,Validation,2018,2018-01-15,,exper2_11
,0.87501514,Validation,2018,2018-01-16,,exper2_11
,1.4366798,Validation,2018,2018-01-17,,exper2_11
,1.8689704,Validation,2018,2018-01-18,,exper2_11
,1.8514163,Validation,2018,2018-01-19,,exper2_11
,2.1320984,Validation,2018,2018-01-20,,exper2_11
,0.7172597,Validation,2018,2018-01-21,,exper2_11
,0.45928204,Validation,2018,2018-01-22,,exper2_11
,0.5078436,Validation,2018,2018-01-23,,exper2_11
,1.1840653,Validation,2018,2018-01-24,,exper2_11
,0.63602495,Validation,2018,2018-01-25,,exper2_11
,1.6104054,Validation,2018,2018-01-26,,exper2_11
,2.3249674,Validation,2018,2018-01-27,,exper2_11
,2.3969643,Validation,2018,2018-01-28,,exper2_11
,2.306722,Validation,2018,2018-01-29,,exper2_11
,2.1818695,Validation,2018,2018-01-30,,exper2_11
,2.3336446,Validation,2018,2018-01-31,,exper2_11
,2.1715784,Validation,2018,2018-02-01,,exper2_11
,2.032817,Validation,2018,2018-02-02,,exper2_11
,0.5624078,Validation,2018,2018-02-03,,exper2_11
,1.4479723,Validation,2018,2018-02-04,,exper2_11
,2.1934185,Validation,2018,2018-02-05,,exper2_11
,2.7531598,Validation,2018,2018-02-06,,exper2_11
,2.3296592,Validation,2018,2018-02-07,,exper2_11
,2.7514386,Validation,2018,2018-02-08,,exper2_11
,2.8973622,Validation,2018,2018-02-09,,exper2_11
,2.9961233,Validation,2018,2018-02-10,,exper2_11
,3.0864182,Validation,2018,2018-02-11,,exper2_11
,3.185835,Validation,2018,2018-02-12,,exper2_11
,2.1242113,Validation,2018,2018-02-13,,exper2_11
,2.7244916,Validation,2018,2018-02-14,,exper2_11
,2.2760296,Validation,2018,2018-02-15,,exper2_11
,3.2657115,Validation,2018,2018-02-16,,exper2_11
,2.3746,Validation,2018,2018-02-17,,exper2_11
,2.3640425,Validation,2018,2018-02-18,,exper2_11
,0.6453311,Validation,2018,2018-02-19,,exper2_11
,0.7389654,Validation,2018,2018-02-20,,exper2_11
,1.7981238,Validation,2018,2018-02-21,,exper2_11
,2.4018579,Validation,2018,2018-02-22,,exper2_11
,2.0934741,Validation,2018,2018-02-23,,exper2_11
,2.4420352,Validation,2018,2018-02-24,,exper2_11
,2.5970244,Validation,2018,2018-02-25,,exper2_11
,3.3490033,Validation,2018,2018-02-26,,exper2_11
,3.0556273,Validation,2018,2018-02-27,,exper2_11
,3.3130863,Validation,2018,2018-02-28,,exper2_11
,2.5790577,Validation,2018,2018-03-01,,exper2_11
,3.480427,Validation,2018,2018-03-02,,exper2_11
,3.4348755,Validation,2018,2018-03-03,,exper2_11
,2.653258,Validation,2018,2018-03-04,,exper2_11
,2.7054842,Validation,2018,2018-03-05,,exper2_11
,2.5710251,Validation,2018,2018-03-06,,exper2_11
,2.6529474,Validation,2018,2018-03-07,,exper2_11
,2.4766223,Validation,2018,2018-03-08,,exper2_11
,3.0772226,Validation,2018,2018-03-09,,exper2_11
,3.6351383,Validation,2018,2018-03-10,,exper2_11
,3.5078316,Validation,2018,2018-03-11,,exper2_11
,3.198228,Validation,2018,2018-03-12,,exper2_11
,3.182083,Validation,2018,2018-03-13,,exper2_11
,3.6380486,Validation,2018,2018-03-14,,exper2_11
,3.2235742,Validation,2018,2018-03-15,,exper2_11
,3.7405446,Validation,2018,2018-03-16,,exper2_11
,3.789344,Validation,2018,2018-03-17,,exper2_11
,3.4470239,Validation,2018,2018-03-18,,exper2_11
,3.5510874,Validation,2018,2018-03-19,,exper2_11
,3.1865878,Validation,2018,2018-03-20,,exper2_11
,3.6062372,Validation,2018,2018-03-21,,exper2_11
,3.6399534,Validation,2018,2018-03-22,,exper2_11
,3.8643777,Validation,2018,2018-03-23,,exper2_11
,3.6248722,Validation,2018,2018-03-24,,exper2_11
,3.706223,Validation,2018,2018-03-25,,exper2_11
,3.1944892,Validation,2018,2018-03-26,,exper2_11
,3.1761837,Validation,2018,2018-03-27,,exper2_11
,3.6994898,Validation,2018,2018-03-28,,exper2_11
,3.3238657,Validation,2018,2018-03-29,,exper2_11
,3.1744022,Validation,2018,2018-03-30,,exper2_11
,3.1543975,Validation,2018,2018-03-31,,exper2_11
,3.837735,Validation,2018,2018-04-01,,exper2_11
,3.3168662,Validation,2018,2018-04-02,,exper2_11
,2.6530313,Validation,2018,2018-04-03,,exper2_11
,3.7253842,Validation,2018,2018-04-04,,exper2_11
,3.745736,Validation,2018,2018-04-05,,exper2_11
,3.7363098,Validation,2018,2018-04-06,,exper2_11
,3.983992,Validation,2018,2018-04-07,,exper2_11
,4.2366996,Validation,2018,2018-04-08,,exper2_11
,3.834486,Validation,2018,2018-04-09,,exper2_11
,3.7908597,Validation,2018,2018-04-10,,exper2_11
,3.9880362,Validation,2018,2018-04-11,,exper2_11
,3.4657962,Validation,2018,2018-04-12,,exper2_11
,3.68372,Validation,2018,2018-04-13,,exper2_11
,3.7260275,Validation,2018,2018-04-14,,exper2_11
,3.055431,Validation,2018,2018-04-15,,exper2_11
,3.7361684,Validation,2018,2018-04-16,,exper2_11
,3.7591825,Validation,2018,2018-04-17,,exper2_11
,3.547595,Validation,2018,2018-04-18,,exper2_11
,4.868688,Validation,2018,2018-04-19,,exper2_11
,4.724745,Validation,2018,2018-04-20,,exper2_11
,4.5044,Validation,2018,2018-04-21,,exper2_11
,4.578624,Validation,2018,2018-04-22,,exper2_11
,4.420711,Validation,2018,2018-04-23,,exper2_11
,4.1784706,Validation,2018,2018-04-24,,exper2_11
,4.8396244,Validation,2018,2018-04-25,,exper2_11
,4.482717,Validation,2018,2018-04-26,,exper2_11
,3.729095,Validation,2018,2018-04-27,,exper2_11
,5.446347,Validation,2018,2018-04-28,,exper2_11
,5.829668,Validation,2018,2018-04-29,,exper2_11
,4.753154,Validation,2018,2018-04-30,,exper2_11
,4.2324677,Validation,2018,2018-05-01,,exper2_11
,4.9200497,Validation,2018,2018-05-02,,exper2_11
,5.299121,Validation,2018,2018-05-03,,exper2_11
,5.1209803,Validation,2018,2018-05-04,,exper2_11
,5.440876,Validation,2018,2018-05-05,,exper2_11
,5.3823075,Validation,2018,2018-05-06,,exper2_11
,5.6395,Validation,2018,2018-05-07,,exper2_11
,6.220909,Validation,2018,2018-05-08,,exper2_11
,5.8924036,Validation,2018,2018-05-09,,exper2_11
,6.3052454,Validation,2018,2018-05-10,,exper2_11
,7.149909,Validation,2018,2018-05-11,,exper2_11
,7.381349,Validation,2018,2018-05-12,,exper2_11
,7.5963745,Validation,2018,2018-05-13,,exper2_11
,6.9291515,Validation,2018,2018-05-14,,exper2_11
,7.446064,Validation,2018,2018-05-15,,exper2_11
,7.9627337,Validation,2018,2018-05-16,,exper2_11
,7.65581,Validation,2018,2018-05-17,,exper2_11
,8.549146,Validation,2018,2018-05-18,,exper2_11
,8.773701,Validation,2018,2018-05-19,,exper2_11
,9.769461,Validation,2018,2018-05-20,,exper2_11
,10.179193,Validation,2018,2018-05-21,,exper2_11
,9.492648,Validation,2018,2018-05-22,,exper2_11
,10.686799,Validation,2018,2018-05-23,,exper2_11
,9.574815,Validation,2018,2018-05-24,,exper2_11
,10.755752,Validation,2018,2018-05-25,,exper2_11
,10.786517,Validation,2018,2018-05-26,,exper2_11
,11.961123,Validation,2018,2018-05-27,,exper2_11
,12.512839,Validation,2018,2018-05-28,,exper2_11
,12.23367,Validation,2018,2018-05-29,,exper2_11
,12.992299,Validation,2018,2018-05-30,,exper2_11
,13.869712,Validation,2018,2018-05-31,,exper2_11
,10.45292,Validation,2018,2018-06-01,,exper2_11
,14.913611,Validation,2018,2018-06-02,,exper2_11
,13.241412,Validation,2018,2018-06-03,,exper2_11
,14.545371,Validation,2018,2018-06-04,,exper2_11
,14.969041,Validation,2018,2018-06-05,,exper2_11
,16.261189,Validation,2018,2018-06-06,,exper2_11
16.924599999999998,16.142733,Validation,2018,2018-06-07,-0.023644706657778288,exper2_11
16.921400000000006,16.819471,Validation,2018,2018-06-08,-0.00302092496846924,exper2_11
16.970600000000047,16.704456,Validation,2018,2018-06-09,-0.007903288061389705,exper2_11
17.206000000000017,17.118729,Validation,2018,2018-06-10,-0.0025425215513244755,exper2_11
17.344600000000014,17.152369,Validation,2018,2018-06-11,-0.005572415854861648,exper2_11
18.074000000000012,17.26269,Validation,2018,2018-06-12,-0.022959434484351893,exper2_11
18.158000000000015,17.486366,Validation,2018,2018-06-13,-0.018842633444586386,exper2_11
18.944200000000023,18.83666,Validation,2018,2018-06-14,-0.0028464046020113473,exper2_11
18.605200000000025,19.028131,Validation,2018,2018-06-15,0.011238215387709279,exper2_11
18.329600000000028,18.376143,Validation,2018,2018-06-16,0.0012679896566240348,exper2_11
18.874000000000024,18.307116,Validation,2018,2018-06-17,-0.015246569037305917,exper2_11
19.576000000000022,18.403437,Validation,2018,2018-06-18,-0.030873636955355298,exper2_11
20.319200000000023,19.39462,Validation,2018,2018-06-19,-0.023281041304230324,exper2_11
20.787800000000004,20.244226,Validation,2018,2018-06-20,-0.013247543230616369,exper2_11
21.126599999999996,20.672861,Validation,2018,2018-06-21,-0.010855137574131256,exper2_11
21.67420000000004,20.588387,Validation,2018,2018-06-22,-0.025692073139908924,exper2_11
22.66840000000002,19.941145,Validation,2018,2018-06-23,-0.06400573065015952,exper2_11
21.788599999999974,20.234846,Validation,2018,2018-06-24,-0.03697349999882364,exper2_11
21.824400000000026,19.598167,Validation,2018,2018-06-25,-0.0537444373745405,exper2_11
21.632799999999975,20.35132,Validation,2018,2018-06-26,-0.030522962613844167,exper2_11
21.79740000000004,20.559605,Validation,2018,2018-06-27,-0.029222919930371547,exper2_11
22.475000000000023,21.226349,Validation,2018,2018-06-28,-0.028572370307439206,exper2_11
23.05740000000003,21.603806,Validation,2018,2018-06-29,-0.03254713885054257,exper2_11
23.672600000000045,21.272362,Validation,2018,2018-06-30,-0.05340394453316253,exper2_11
23.566200000000038,18.189795,Validation,2018,2018-07-01,-0.12875769141104446,exper2_11
22.886199999999974,18.422556,Validation,2018,2018-07-02,-0.10805564042665518,exper2_11
23.148400000000038,19.407867,Validation,2018,2018-07-03,-0.08789616181371959,exper2_11
23.404200000000003,19.994032,Validation,2018,2018-07-04,-0.07857850295026765,exper2_11
23.380600000000015,20.267294,Validation,2018,2018-07-05,-0.07132775008424037,exper2_11
23.71780000000001,19.631117,Validation,2018,2018-07-06,-0.09427416942081566,exper2_11
23.432200000000023,19.305517,Validation,2018,2018-07-07,-0.09655833474577132,exper2_11
23.295399999999972,19.63516,Validation,2018,2018-07-08,-0.08525953343708988,exper2_11
23.8956,20.226698,Validation,2018,2018-07-09,-0.08315301448608936,exper2_11
24.449400000000026,21.121912,Validation,2018,2018-07-10,-0.07301716477351737,exper2_11
24.129200000000026,20.896973,Validation,2018,2018-07-11,-0.0717855227986242,exper2_11
23.434600000000046,20.922607,Validation,2018,2018-07-12,-0.056630990184612935,exper2_11
23.327600000000018,20.881584,Validation,2018,2018-07-13,-0.05532822825350386,exper2_11
24.406200000000013,21.757015,Validation,2018,2018-07-14,-0.05738735394899664,exper2_11
24.91700000000003,21.753069,Validation,2018,2018-07-15,-0.06779358053242907,exper2_11
24.473000000000013,22.792242,Validation,2018,2018-07-16,-0.0355601257271682,exper2_11
23.785799999999995,22.912817,Validation,2018,2018-07-17,-0.018693979708909143,exper2_11
23.934199999999976,23.366636,Validation,2018,2018-07-18,-0.011999020914560324,exper2_11
23.85480000000001,22.90611,Validation,2018,2018-07-19,-0.020288082951320768,exper2_11
23.163200000000018,20.68096,Validation,2018,2018-07-20,-0.0566150729164243,exper2_11
22.274800000000027,21.086466,Validation,2018,2018-07-21,-0.02740543066558475,exper2_11
21.900800000000004,21.10423,Validation,2018,2018-07-22,-0.018522696134593317,exper2_11
22.39960000000002,21.526506,Validation,2018,2018-07-23,-0.019876416261965367,exper2_11
22.61880000000002,22.16374,Validation,2018,2018-07-24,-0.010161546002362054,exper2_11
22.652800000000013,21.862516,Validation,2018,2018-07-25,-0.017753071541573774,exper2_11
22.096400000000017,21.825312,Validation,2018,2018-07-26,-0.0061720804809974415,exper2_11
21.595000000000027,21.789248,Validation,2018,2018-07-27,0.004477374253407696,exper2_11
21.801600000000008,21.750866,Validation,2018,2018-07-28,-0.0011648953194737287,exper2_11
22.16840000000002,21.707415,Validation,2018,2018-07-29,-0.010506594050571907,exper2_11
22.72720000000004,21.676678,Validation,2018,2018-07-30,-0.023658345857739266,exper2_11
23.150400000000047,21.77952,Validation,2018,2018-07-31,-0.030511515803912183,exper2_11
22.955600000000004,21.71515,Validation,2018,2018-08-01,-0.027768710929079503,exper2_11
21.9178,21.588346,Validation,2018,2018-08-02,-0.0075725741147446525,exper2_11
21.461599999999976,21.549091,Validation,2018,2018-08-03,0.002034176535818503,exper2_11
21.411999999999978,21.539167,Validation,2018,2018-08-04,0.002960743836789556,exper2_11
21.6404,21.523481,Validation,2018,2018-08-05,-0.0027087144916806494,exper2_11
22.11840000000001,21.513174,Validation,2018,2018-08-06,-0.013871283722251557,exper2_11
22.5274,21.502653,Validation,2018,2018-08-07,-0.02327380517151679,exper2_11
22.444600000000037,21.48611,Validation,2018,2018-08-08,-0.021818206392509622,exper2_11
23.2586,21.481092,Validation,2018,2018-08-09,-0.03972999029584892,exper2_11
23.606600000000014,21.48601,Validation,2018,2018-08-10,-0.047027449090597175,exper2_11
24.048400000000015,21.50392,Validation,2018,2018-08-11,-0.05585841557186309,exper2_11
24.732600000000048,22.279003,Validation,2018,2018-08-12,-0.05219130369177018,exper2_11
24.73180000000002,22.07636,Validation,2018,2018-08-13,-0.05673026364701219,exper2_11
24.82220000000001,22.00369,Validation,2018,2018-08-14,-0.06019125823516898,exper2_11
24.934199999999976,21.801191,Validation,2018,2018-08-15,-0.06703717634296888,exper2_11
24.972200000000043,21.591633,Validation,2018,2018-08-16,-0.07260070639759182,exper2_11
24.5274,21.562378,Validation,2018,2018-08-17,-0.06433144622297389,exper2_11
24.23180000000002,21.556454,Validation,2018,2018-08-18,-0.05842865972596793,exper2_11
24.102400000000046,21.543705,Validation,2018,2018-08-19,-0.05605505692502065,exper2_11
23.924599999999998,20.856758,Validation,2018,2018-08-20,-0.06850712017850348,exper2_11
23.10480000000001,20.851915,Validation,2018,2018-08-21,-0.051252342721194555,exper2_11
22.530400000000043,20.893988,Validation,2018,2018-08-22,-0.0376841777790243,exper2_11
22.225600000000043,20.96539,Validation,2018,2018-08-23,-0.02917763103194477,exper2_11
21.761199999999974,20.164486,Validation,2018,2018-08-24,-0.038084387485423934,exper2_11
21.667400000000043,19.432306,Validation,2018,2018-08-25,-0.05438223072870968,exper2_11
21.59620000000001,19.58362,Validation,2018,2018-08-26,-0.048872965571457164,exper2_11
21.579600000000028,19.040861,Validation,2018,2018-08-27,-0.06249901649637519,exper2_11
21.512200000000007,18.556116,Validation,2018,2018-08-28,-0.07377609501212934,exper2_11
21.079600000000028,18.159431,Validation,2018,2018-08-29,-0.07441999544871261,exper2_11
20.81400000000002,18.5479,Validation,2018,2018-08-30,-0.057570920031305615,exper2_11
20.636000000000024,18.866396,Validation,2018,2018-08-31,-0.04479738524995526,exper2_11
20.95799999999997,18.717844,Validation,2018,2018-09-01,-0.05646145775928177,exper2_11
21.01260000000002,18.35929,Validation,2018,2018-09-02,-0.06739099613123524,exper2_11
21.185400000000016,18.741112,Validation,2018,2018-09-03,-0.06121967928490783,exper2_11
20.9914,18.382715,Validation,2018,2018-09-04,-0.06625380049452818,exper2_11
20.89580000000001,18.086744,Validation,2018,2018-09-05,-0.07205932145680559,exper2_11
20.852599999999995,18.51293,Validation,2018,2018-09-06,-0.05943448719191542,exper2_11
20.5736,18.891016,Validation,2018,2018-09-07,-0.04263525567446125,exper2_11
20.337400000000002,19.231432,Validation,2018,2018-09-08,-0.027950484867201433,exper2_11
19.98240000000004,19.517488,Validation,2018,2018-09-09,-0.011769945138597589,exper2_11
19.839999999999975,19.753998,Validation,2018,2018-09-10,-0.002172101885090793,exper2_11
19.783200000000022,19.949612,Validation,2018,2018-09-11,0.004188268004448213,exper2_11
19.77180000000004,20.11289,Validation,2018,2018-09-12,0.00855190905200925,exper2_11
19.838000000000022,20.250902,Validation,2018,2018-09-13,0.010299662836651223,exper2_11
20.3014,20.042446,Validation,2018,2018-09-14,-0.006418670710011287,exper2_11
20.955600000000004,20.047764,Validation,2018,2018-09-15,-0.022140529236176765,exper2_11
20.84480000000002,20.187515,Validation,2018,2018-09-16,-0.016018709572333197,exper2_11
20.97120000000001,20.15774,Validation,2018,2018-09-17,-0.0197782964465451,exper2_11
20.36220000000003,19.550196,Validation,2018,2018-09-18,-0.02034466465647379,exper2_11
19.8476,18.656229,Validation,2018,2018-09-19,-0.030941623500404684,exper2_11
19.47320000000002,17.540094,Validation,2018,2018-09-20,-0.05222733228694913,exper2_11
18.732799999999997,16.845022,Validation,2018,2018-09-21,-0.053060521461043786,exper2_11
17.875200000000007,16.97436,Validation,2018,2018-09-22,-0.025849408149684214,exper2_11
17.850199999999973,16.500574,Validation,2018,2018-09-23,-0.03928953343710644,exper2_11
17.501400000000046,16.081373,Validation,2018,2018-09-24,-0.04228438122721407,exper2_11
17.28340000000003,15.82408,Validation,2018,2018-09-25,-0.04407824190127091,exper2_11
16.689999999999998,15.527048,Validation,2018,2018-09-26,-0.03609740672182772,exper2_11
16.091000000000008,15.3234625,Validation,2018,2018-09-27,-0.024432616476199428,exper2_11
15.537200000000041,15.049487,Validation,2018,2018-09-28,-0.015945266783238037,exper2_11
14.865599999999972,14.19311,Validation,2018,2018-09-29,-0.02314244242817722,exper2_11
14.534000000000049,14.540044,Validation,2018,2018-09-30,0.0002078772016266917,exper2_11
14.240000000000009,14.272335,Validation,2018,2018-10-01,0.001134072408685488,exper2_11
14.037200000000041,14.305714,Validation,2018,2018-10-02,0.009473749129904391,exper2_11
13.945600000000013,14.263753,Validation,2018,2018-10-03,0.011278278449840334,exper2_11
13.564600000000041,14.211148,Validation,2018,2018-10-04,0.023277438142246892,exper2_11
13.040800000000047,13.090486,Validation,2018,2018-10-05,0.0019013826425204083,exper2_11
12.742999999999995,13.673895,Validation,2018,2018-10-06,0.035238618556540695,exper2_11
12.451800000000048,13.653877,Validation,2018,2018-10-07,0.0460465839061313,exper2_11
12.268600000000049,13.505225,Validation,2018,2018-10-08,0.04797988551824848,exper2_11
12.119400000000041,13.079976,Validation,2018,2018-10-09,0.03811904226232144,exper2_11
11.773800000000051,12.272294,Validation,2018,2018-10-10,0.020730769977534348,exper2_11
11.218399999999974,11.8952265,Validation,2018,2018-10-11,0.029282574035018577,exper2_11
10.48580000000004,11.366594,Validation,2018,2018-10-12,0.04030653583747928,exper2_11
,10.937031,Validation,2018,2018-10-13,,exper2_11
9.585200000000043,10.705304,Validation,2018,2018-10-14,0.05520336694266318,exper2_11
9.257799999999975,10.286198,Validation,2018,2018-10-15,0.05261961652474436,exper2_11
8.91760000000005,10.022037,Validation,2018,2018-10-16,0.0583135029741366,exper2_11
8.504999999999995,9.706897,Validation,2018,2018-10-17,0.06599514571785253,exper2_11
8.242200000000025,9.447085,Validation,2018,2018-10-18,0.06811385280033419,exper2_11
8.256600000000049,9.50887,Validation,2018,2018-10-19,0.07048899443800953,exper2_11
7.882600000000025,9.12111,Validation,2018,2018-10-20,0.07283763162259475,exper2_11
7.637200000000007,8.900064,Validation,2018,2018-10-21,0.07636477428284141,exper2_11
7.559799999999996,8.714673,Validation,2018,2018-10-22,0.07096223879543456,exper2_11
7.460800000000006,8.555187,Validation,2018,2018-10-23,0.06833092521516013,exper2_11
7.435600000000022,8.405749,Validation,2018,2018-10-24,0.06124158373925741,exper2_11
7.426600000000008,8.2775345,Validation,2018,2018-10-25,0.05418537937786142,exper2_11
7.529999999999973,8.187689,Validation,2018,2018-10-26,0.041843863606929134,exper2_11
7.43100000000004,8.089747,Validation,2018,2018-10-27,0.04244302227788661,exper2_11
7.352599999999995,8.018472,Validation,2018,2018-10-28,0.04331979773810383,exper2_11
7.331800000000044,7.933312,Validation,2018,2018-10-29,0.03940435822768184,exper2_11
7.258000000000038,7.8504195,Validation,2018,2018-10-30,0.03921121732788146,exper2_11
7.1708000000000425,7.7677336,Validation,2018,2018-10-31,0.03995931534778793,exper2_11
7.125200000000007,7.7024293,Validation,2018,2018-11-01,0.038929304416649456,exper2_11
6.993200000000002,7.646086,Validation,2018,2018-11-02,0.0445982274231742,exper2_11
7.080399999999997,7.596039,Validation,2018,2018-11-03,0.035133783115992925,exper2_11
6.782200000000046,7.385911,Validation,2018,2018-11-04,0.04261054902601368,exper2_11
6.602400000000046,7.467682,Validation,2018,2018-11-05,0.06149799921935495,exper2_11
6.566200000000038,7.448512,Validation,2018,2018-11-06,0.06295613298817758,exper2_11
6.3402000000000385,7.4196405,Validation,2018,2018-11-07,0.07844862284953166,exper2_11
6.0976,7.388378,Validation,2018,2018-11-08,0.09571260828053559,exper2_11
5.874000000000024,7.345282,Validation,2018,2018-11-09,0.11129818314878764,exper2_11
5.453200000000038,7.322902,Validation,2018,2018-11-10,0.14634371054301337,exper2_11
5.3104000000000156,7.211345,Validation,2018,2018-11-11,0.15181152196040282,exper2_11
5.146399999999971,5.051665,Validation,2018,2018-11-12,-0.009289524270728714,exper2_11
4.601800000000026,4.4929557,Validation,2018,2018-11-13,-0.011967810803507783,exper2_11
4.293200000000013,4.335576,Validation,2018,2018-11-14,0.004911016018031905,exper2_11
4.002800000000036,5.864052,Validation,2018,2018-11-15,0.18863684719499393,exper2_11
,6.5709743,Validation,2018,2018-11-16,,exper2_11
,4.576227,Validation,2018,2018-11-17,,exper2_11
,4.2645974,Validation,2018,2018-11-18,,exper2_11
,5.6658444,Validation,2018,2018-11-19,,exper2_11
,4.3802967,Validation,2018,2018-11-20,,exper2_11
,4.2758894,Validation,2018,2018-11-21,,exper2_11
,4.187695,Validation,2018,2018-11-22,,exper2_11
,6.3322396,Validation,2018,2018-11-23,,exper2_11
,6.628686,Validation,2018,2018-11-24,,exper2_11
,4.9800334,Validation,2018,2018-11-25,,exper2_11
,4.2870474,Validation,2018,2018-11-26,,exper2_11
,4.1873403,Validation,2018,2018-11-27,,exper2_11
,4.174014,Validation,2018,2018-11-28,,exper2_11
,4.1683927,Validation,2018,2018-11-29,,exper2_11
,6.2881618,Validation,2018,2018-11-30,,exper2_11
,4.4431233,Validation,2018,2018-12-01,,exper2_11
,4.673561,Validation,2018,2018-12-02,,exper2_11
,4.2492766,Validation,2018,2018-12-03,,exper2_11
,4.1751738,Validation,2018,2018-12-04,,exper2_11
,4.1632996,Validation,2018,2018-12-05,,exper2_11
,4.1607475,Validation,2018,2018-12-06,,exper2_11
,4.1598425,Validation,2018,2018-12-07,,exper2_11
,4.159215,Validation,2018,2018-12-08,,exper2_11
,4.1590157,Validation,2018,2018-12-09,,exper2_11
,4.158165,Validation,2018,2018-12-10,,exper2_11
,4.157674,Validation,2018,2018-12-11,,exper2_11
,4.193857,Validation,2018,2018-12-12,,exper2_11
,4.660892,Validation,2018,2018-12-13,,exper2_11
,4.222044,Validation,2018,2018-12-14,,exper2_11
,4.167301,Validation,2018,2018-12-15,,exper2_11
,4.154748,Validation,2018,2018-12-16,,exper2_11
,4.126433,Validation,2018,2018-12-17,,exper2_11
,3.9515028,Validation,2018,2018-12-18,,exper2_11
,3.2742605,Validation,2018,2018-12-19,,exper2_11
,3.3686657,Validation,2018,2018-12-20,,exper2_11
,2.3275402,Validation,2018,2018-12-21,,exper2_11
,2.1336174,Validation,2018,2018-12-22,,exper2_11
,2.0776622,Validation,2018,2018-12-23,,exper2_11
,2.0562425,Validation,2018,2018-12-24,,exper2_11
,2.046955,Validation,2018,2018-12-25,,exper2_11
,2.042871,Validation,2018,2018-12-26,,exper2_11
,2.0412457,Validation,2018,2018-12-27,,exper2_11
,2.0436757,Validation,2018,2018-12-28,,exper2_11
,2.041248,Validation,2018,2018-12-29,,exper2_11
,2.041163,Validation,2018,2018-12-30,,exper2_11
,2.0414155,Validation,2018,2018-12-31,,exper2_11
,1.0238371,Validation,2019,2019-01-01,,exper2_11
,1.5185413,Validation,2019,2019-01-02,,exper2_11
,0.6525822,Validation,2019,2019-01-03,,exper2_11
,1.2313818,Validation,2019,2019-01-04,,exper2_11
,1.674871,Validation,2019,2019-01-05,,exper2_11
,1.5588841,Validation,2019,2019-01-06,,exper2_11
,0.4674797,Validation,2019,2019-01-07,,exper2_11
,0.4260431,Validation,2019,2019-01-08,,exper2_11
,0.54993767,Validation,2019,2019-01-09,,exper2_11
,0.8476704,Validation,2019,2019-01-10,,exper2_11
,1.4544151,Validation,2019,2019-01-11,,exper2_11
,0.45141143,Validation,2019,2019-01-12,,exper2_11
,1.2724061,Validation,2019,2019-01-13,,exper2_11
,0.26038837,Validation,2019,2019-01-14,,exper2_11
,0.36518735,Validation,2019,2019-01-15,,exper2_11
,1.0516667,Validation,2019,2019-01-16,,exper2_11
,0.24422432,Validation,2019,2019-01-17,,exper2_11
,0.27652782,Validation,2019,2019-01-18,,exper2_11
,0.30088168,Validation,2019,2019-01-19,,exper2_11
,0.7499211,Validation,2019,2019-01-20,,exper2_11
,1.205122,Validation,2019,2019-01-21,,exper2_11
,0.01,Validation,2019,2019-01-22,,exper2_11
,0.30934697,Validation,2019,2019-01-23,,exper2_11
,0.30464447,Validation,2019,2019-01-24,,exper2_11
,0.0680051,Validation,2019,2019-01-25,,exper2_11
,0.32511365,Validation,2019,2019-01-26,,exper2_11
,1.0678891,Validation,2019,2019-01-27,,exper2_11
,0.5238501,Validation,2019,2019-01-28,,exper2_11
,0.25672352,Validation,2019,2019-01-29,,exper2_11
,0.11199336,Validation,2019,2019-01-30,,exper2_11
,0.89495605,Validation,2019,2019-01-31,,exper2_11
,1.3179797,Validation,2019,2019-02-01,,exper2_11
,1.5735922,Validation,2019,2019-02-02,,exper2_11
,0.18529777,Validation,2019,2019-02-03,,exper2_11
,0.29133093,Validation,2019,2019-02-04,,exper2_11
,0.55912215,Validation,2019,2019-02-05,,exper2_11
,0.71155614,Validation,2019,2019-02-06,,exper2_11
,0.26993746,Validation,2019,2019-02-07,,exper2_11
,1.2527418,Validation,2019,2019-02-08,,exper2_11
,1.9880518,Validation,2019,2019-02-09,,exper2_11
,0.97501254,Validation,2019,2019-02-10,,exper2_11
,1.6292995,Validation,2019,2019-02-11,,exper2_11
,0.30838782,Validation,2019,2019-02-12,,exper2_11
,1.2954742,Validation,2019,2019-02-13,,exper2_11
,1.7761755,Validation,2019,2019-02-14,,exper2_11
,1.8958297,Validation,2019,2019-02-15,,exper2_11
,2.7780468,Validation,2019,2019-02-16,,exper2_11
,2.0101702,Validation,2019,2019-02-17,,exper2_11
,2.9345634,Validation,2019,2019-02-18,,exper2_11
,3.3458672,Validation,2019,2019-02-19,,exper2_11
,1.2458391,Validation,2019,2019-02-20,,exper2_11
,1.9527266,Validation,2019,2019-02-21,,exper2_11
,3.108846,Validation,2019,2019-02-22,,exper2_11
,0.70009524,Validation,2019,2019-02-23,,exper2_11
,0.99672896,Validation,2019,2019-02-24,,exper2_11
,2.2840161,Validation,2019,2019-02-25,,exper2_11
,2.5597818,Validation,2019,2019-02-26,,exper2_11
,2.9342694,Validation,2019,2019-02-27,,exper2_11
,3.522488,Validation,2019,2019-02-28,,exper2_11
,2.969601,Validation,2019,2019-03-01,,exper2_11
,2.7578058,Validation,2019,2019-03-02,,exper2_11
,3.466286,Validation,2019,2019-03-03,,exper2_11
,3.386868,Validation,2019,2019-03-04,,exper2_11
,3.2138705,Validation,2019,2019-03-05,,exper2_11
,3.285644,Validation,2019,2019-03-06,,exper2_11
,3.5439756,Validation,2019,2019-03-07,,exper2_11
,3.2999985,Validation,2019,2019-03-08,,exper2_11
,3.1349084,Validation,2019,2019-03-09,,exper2_11
,2.5669816,Validation,2019,2019-03-10,,exper2_11
,3.2472975,Validation,2019,2019-03-11,,exper2_11
,3.2345757,Validation,2019,2019-03-12,,exper2_11
,2.3590045,Validation,2019,2019-03-13,,exper2_11
,2.8484163,Validation,2019,2019-03-14,,exper2_11
,2.9353328,Validation,2019,2019-03-15,,exper2_11
,3.5862725,Validation,2019,2019-03-16,,exper2_11
,3.8724234,Validation,2019,2019-03-17,,exper2_11
,3.3578231,Validation,2019,2019-03-18,,exper2_11
,3.7935123,Validation,2019,2019-03-19,,exper2_11
,2.7192116,Validation,2019,2019-03-20,,exper2_11
,3.7493982,Validation,2019,2019-03-21,,exper2_11
,3.719797,Validation,2019,2019-03-22,,exper2_11
,4.0003486,Validation,2019,2019-03-23,,exper2_11
,3.5112414,Validation,2019,2019-03-24,,exper2_11
,4.1299553,Validation,2019,2019-03-25,,exper2_11
,3.9042597,Validation,2019,2019-03-26,,exper2_11
,3.3258183,Validation,2019,2019-03-27,,exper2_11
,3.2753534,Validation,2019,2019-03-28,,exper2_11
,3.8936396,Validation,2019,2019-03-29,,exper2_11
,3.2437801,Validation,2019,2019-03-30,,exper2_11
,3.3972893,Validation,2019,2019-03-31,,exper2_11
,2.9111044,Validation,2019,2019-04-01,,exper2_11
,3.6707244,Validation,2019,2019-04-02,,exper2_11
,4.0853124,Validation,2019,2019-04-03,,exper2_11
,3.740488,Validation,2019,2019-04-04,,exper2_11
,2.7992673,Validation,2019,2019-04-05,,exper2_11
,2.8517635,Validation,2019,2019-04-06,,exper2_11
,3.099226,Validation,2019,2019-04-07,,exper2_11
,3.7500122,Validation,2019,2019-04-08,,exper2_11
,3.5637484,Validation,2019,2019-04-09,,exper2_11
,3.934525,Validation,2019,2019-04-10,,exper2_11
,3.7604375,Validation,2019,2019-04-11,,exper2_11
,3.993413,Validation,2019,2019-04-12,,exper2_11
,4.0397735,Validation,2019,2019-04-13,,exper2_11
,4.6976433,Validation,2019,2019-04-14,,exper2_11
,4.582812,Validation,2019,2019-04-15,,exper2_11
,4.3866715,Validation,2019,2019-04-16,,exper2_11
,3.606975,Validation,2019,2019-04-17,,exper2_11
,3.1012788,Validation,2019,2019-04-18,,exper2_11
,4.5352707,Validation,2019,2019-04-19,,exper2_11
,4.4573836,Validation,2019,2019-04-20,,exper2_11
,3.8510354,Validation,2019,2019-04-21,,exper2_11
,3.2443068,Validation,2019,2019-04-22,,exper2_11
,4.4468966,Validation,2019,2019-04-23,,exper2_11
,4.4049826,Validation,2019,2019-04-24,,exper2_11
,5.3008986,Validation,2019,2019-04-25,,exper2_11
,5.1953473,Validation,2019,2019-04-26,,exper2_11
,4.4228687,Validation,2019,2019-04-27,,exper2_11
,5.35233,Validation,2019,2019-04-28,,exper2_11
,4.8772864,Validation,2019,2019-04-29,,exper2_11
,4.431407,Validation,2019,2019-04-30,,exper2_11
,4.339525,Validation,2019,2019-05-01,,exper2_11
,4.8360376,Validation,2019,2019-05-02,,exper2_11
,5.6371393,Validation,2019,2019-05-03,,exper2_11
,5.99617,Validation,2019,2019-05-04,,exper2_11
,5.1849637,Validation,2019,2019-05-05,,exper2_11
,4.838821,Validation,2019,2019-05-06,,exper2_11
,6.125982,Validation,2019,2019-05-07,,exper2_11
,6.352947,Validation,2019,2019-05-08,,exper2_11
,5.4549556,Validation,2019,2019-05-09,,exper2_11
,5.675786,Validation,2019,2019-05-10,,exper2_11
,6.8136244,Validation,2019,2019-05-11,,exper2_11
,6.5741673,Validation,2019,2019-05-12,,exper2_11
,7.223586,Validation,2019,2019-05-13,,exper2_11
,6.4889693,Validation,2019,2019-05-14,,exper2_11
,7.578881,Validation,2019,2019-05-15,,exper2_11
,6.96654,Validation,2019,2019-05-16,,exper2_11
,8.424233,Validation,2019,2019-05-17,,exper2_11
,7.120496,Validation,2019,2019-05-18,,exper2_11
,6.9314284,Validation,2019,2019-05-19,,exper2_11
,7.825489,Validation,2019,2019-05-20,,exper2_11
,8.678814,Validation,2019,2019-05-21,,exper2_11
,8.675993,Validation,2019,2019-05-22,,exper2_11
,9.818101,Validation,2019,2019-05-23,,exper2_11
,9.456231,Validation,2019,2019-05-24,,exper2_11
,9.305686,Validation,2019,2019-05-25,,exper2_11
,10.372156,Validation,2019,2019-05-26,,exper2_11
,6.731115,Validation,2019,2019-05-27,,exper2_11
,11.126328,Validation,2019,2019-05-28,,exper2_11
,13.807113,Validation,2019,2019-05-29,,exper2_11
,14.746806,Validation,2019,2019-05-30,,exper2_11
,15.121379,Validation,2019,2019-05-31,,exper2_11
,14.78016,Validation,2019,2019-06-01,,exper2_11
,15.396479,Validation,2019,2019-06-02,,exper2_11
,15.524632,Validation,2019,2019-06-03,,exper2_11
,15.7120695,Validation,2019,2019-06-04,,exper2_11
,14.483651,Validation,2019,2019-06-05,,exper2_11
,15.667974,Validation,2019,2019-06-06,,exper2_11
,16.077127,Validation,2019,2019-06-07,,exper2_11
,16.368078,Validation,2019,2019-06-08,,exper2_11
,17.613453,Validation,2019,2019-06-09,,exper2_11
,17.327364,Validation,2019,2019-06-10,,exper2_11
,17.395145,Validation,2019,2019-06-11,,exper2_11
,18.138489,Validation,2019,2019-06-12,,exper2_11
9.129600000000039,17.98923,Validation,2019,2019-06-13,0.32669659653038,exper2_11
10.346000000000004,18.753044,Validation,2019,2019-06-14,0.2889113501913175,exper2_11
,18.185051,Validation,2019,2019-06-15,,exper2_11
,18.140833,Validation,2019,2019-06-16,,exper2_11
19.96320000000003,17.654142,Validation,2019,2019-06-17,-0.061382795119562385,exper2_11
18.121200000000044,17.827766,Validation,2019,2019-06-18,-0.00816250398209939,exper2_11
18.372000000000014,18.190924,Validation,2019,2019-06-19,-0.004952457050082636,exper2_11
18.460000000000036,19.176954,Validation,2019,2019-06-20,0.01904921063158061,exper2_11
18.7894,18.56256,Validation,2019,2019-06-21,-0.006073064907149834,exper2_11
18.65700000000004,18.392656,Validation,2019,2019-06-22,-0.007134848198807453,exper2_11
18.74380000000002,19.151674,Validation,2019,2019-06-23,0.010763139358463595,exper2_11
18.636600000000044,18.66552,Validation,2019,2019-06-24,0.0007752834041840024,exper2_11
18.7158,18.150272,Validation,2019,2019-06-25,-0.01534005643315764,exper2_11
19.112600000000043,19.462358,Validation,2019,2019-06-26,0.009066982533772819,exper2_11
19.988999999999976,19.90708,Validation,2019,2019-06-27,-0.002053342182178626,exper2_11
20.67180000000002,19.840532,Validation,2019,2019-06-28,-0.020518880298702576,exper2_11
21.880200000000002,19.583178,Validation,2019,2019-06-29,-0.05539882586231888,exper2_11
21.88040000000001,20.165487,Validation,2019,2019-06-30,-0.04078669332785053,exper2_11
21.581399999999974,20.353992,Validation,2019,2019-07-01,-0.029269012778391508,exper2_11
22.6284,20.246641,Validation,2019,2019-07-02,-0.05555117328299569,exper2_11
23.819600000000037,20.287066,Validation,2019,2019-07-03,-0.08009071766124624,exper2_11
23.942799999999977,20.548782,Validation,2019,2019-07-04,-0.07628448960911055,exper2_11
23.919399999999996,20.671556,Validation,2019,2019-07-05,-0.07283637275653426,exper2_11
23.830200000000048,20.76122,Validation,2019,2019-07-06,-0.06882442864228971,exper2_11
23.782600000000002,21.629684,Validation,2019,2019-07-07,-0.04740821955811451,exper2_11
24.22800000000001,20.69011,Validation,2019,2019-07-08,-0.07876312707529133,exper2_11
24.069000000000017,20.993002,Validation,2019,2019-07-09,-0.06826146042901396,exper2_11
23.815200000000004,21.161486,Validation,2019,2019-07-10,-0.05900199822093967,exper2_11
23.291600000000017,20.348051,Validation,2019,2019-07-11,-0.06745124804120732,exper2_11
23.078599999999994,20.931078,Validation,2019,2019-07-12,-0.048796586172192534,exper2_11
23.286200000000008,20.684904,Validation,2019,2019-07-13,-0.05915921273346804,exper2_11
23.623400000000004,21.337645,Validation,2019,2019-07-14,-0.05083857469231449,exper2_11
24.029600000000016,21.29369,Validation,2019,2019-07-15,-0.06036433561308101,exper2_11
24.3202,21.329382,Validation,2019,2019-07-16,-0.06551687726301375,exper2_11
23.077800000000025,21.424784,Validation,2019,2019-07-17,-0.03714427693076653,exper2_11
17.276400000000024,21.384932,Validation,2019,2019-07-18,0.10626978942757263,exper2_11
23.07080000000002,22.573053,Validation,2019,2019-07-19,-0.010905009182485633,exper2_11
24.1986,22.109701,Validation,2019,2019-07-20,-0.045108518153560914,exper2_11
23.8784,22.03235,Validation,2019,2019-07-21,-0.040209524743534876,exper2_11
23.472200000000043,22.50548,Validation,2019,2019-07-22,-0.021025858445179357,exper2_11
23.322600000000023,22.348255,Validation,2019,2019-07-23,-0.021334061715503887,exper2_11
24.065800000000024,22.793833,Validation,2019,2019-07-24,-0.02714419950899124,exper2_11
23.83620000000002,23.61653,Validation,2019,2019-07-25,-0.0046292497345521875,exper2_11
23.34159999999997,23.103148,Validation,2019,2019-07-26,-0.005134111090853374,exper2_11
23.261600000000044,22.977373,Validation,2019,2019-07-27,-0.006146911525781289,exper2_11
23.5548,22.87858,Validation,2019,2019-07-28,-0.01456322811856991,exper2_11
22.92840000000001,22.786366,Validation,2019,2019-07-29,-0.003106971880644154,exper2_11
22.646600000000035,22.708242,Validation,2019,2019-07-30,0.0013591143326194466,exper2_11
23.184199999999976,23.396805,Validation,2019,2019-07-31,0.004564195436304889,exper2_11
23.396000000000015,23.520384,Validation,2019,2019-08-01,0.002651181200936633,exper2_11
23.769600000000025,23.188051,Validation,2019,2019-08-02,-0.012384537153999496,exper2_11
24.16700000000003,23.072998,Validation,2019,2019-08-03,-0.023158382691707145,exper2_11
24.631200000000035,22.974768,Validation,2019,2019-08-04,-0.034794635958794694,exper2_11
24.343200000000024,22.883844,Validation,2019,2019-08-05,-0.030900845981022957,exper2_11
24.486400000000003,22.796766,Validation,2019,2019-08-06,-0.03573436069881925,exper2_11
24.1884,22.714628,Validation,2019,2019-08-07,-0.03142167651724251,exper2_11
23.432800000000043,22.634943,Validation,2019,2019-08-08,-0.017319211653831476,exper2_11
22.974000000000046,23.248968,Validation,2019,2019-08-09,0.0059487336176604,exper2_11
23.225199999999973,22.884653,Validation,2019,2019-08-10,-0.007385556139032635,exper2_11
23.763800000000003,22.785295,Validation,2019,2019-08-11,-0.021020913582190597,exper2_11
23.531799999999976,22.69968,Validation,2019,2019-08-12,-0.017998983933037067,exper2_11
22.853800000000035,21.847149,Validation,2019,2019-08-13,-0.022519680893016192,exper2_11
22.468600000000038,21.800152,Validation,2019,2019-08-14,-0.015099774615106906,exper2_11
22.627800000000036,21.764578,Validation,2019,2019-08-15,-0.019445278128891484,exper2_11
22.240599999999972,20.830145,Validation,2019,2019-08-16,-0.032747404802387296,exper2_11
22.4932,20.801569,Validation,2019,2019-08-17,-0.03907241116360521,exper2_11
22.206200000000024,20.102716,Validation,2019,2019-08-18,-0.04971726365920382,exper2_11
21.88820000000004,20.316551,Validation,2019,2019-08-19,-0.03723866973506911,exper2_11
21.968000000000018,20.376984,Validation,2019,2019-08-20,-0.037572723391540434,exper2_11
21.8168,20.492556,Validation,2019,2019-08-21,-0.03129909123790882,exper2_11
21.584000000000003,20.561876,Validation,2019,2019-08-22,-0.024252045343657026,exper2_11
21.34480000000002,20.639109,Validation,2019,2019-08-23,-0.01680861465077951,exper2_11
21.063800000000015,20.718763,Validation,2019,2019-08-24,-0.008257910019962669,exper2_11
20.882799999999975,20.786001,Validation,2019,2019-08-25,-0.002323052061862326,exper2_11
20.524200000000008,20.02836,Validation,2019,2019-08-26,-0.012227085754723328,exper2_11
20.163599999999974,20.102028,Validation,2019,2019-08-27,-0.0015291480638793234,exper2_11
19.3716,19.444895,Validation,2019,2019-08-28,0.0018882382617162376,exper2_11
18.801800000000014,19.59456,Validation,2019,2019-08-29,0.02064676470119845,exper2_11
18.508399999999995,19.804403,Validation,2019,2019-08-30,0.03382689840612016,exper2_11
18.555000000000007,19.99825,Validation,2019,2019-08-31,0.037435212060473844,exper2_11
18.36840000000001,19.649473,Validation,2019,2019-09-01,0.033696603276434964,exper2_11
18.595199999999977,19.83392,Validation,2019,2019-09-02,0.03223387734230911,exper2_11
18.147800000000018,19.287775,Validation,2019,2019-09-03,0.030451650294264995,exper2_11
18.236400000000003,19.508158,Validation,2019,2019-09-04,0.033693803996761806,exper2_11
17.938800000000015,19.121115,Validation,2019,2019-09-05,0.03190279145060267,exper2_11
17.712400000000002,18.670248,Validation,2019,2019-09-06,0.026327056534858232,exper2_11
17.5428,18.290928,Validation,2019,2019-09-07,0.020877757662357995,exper2_11
17.261199999999974,17.98441,Validation,2019,2019-09-08,0.02051913262322732,exper2_11
17.01260000000002,17.776796,Validation,2019,2019-09-09,0.02196635818147287,exper2_11
16.951000000000022,17.639935,Validation,2019,2019-09-10,0.01991662118877763,exper2_11
,17.252424,Validation,2019,2019-09-11,,exper2_11
16.453200000000038,16.412607,Validation,2019,2019-09-12,-0.001235107562352161,exper2_11
16.226200000000006,15.955022,Validation,2019,2019-09-13,-0.00842659557736607,exper2_11
16.210000000000036,16.389631,Validation,2019,2019-09-14,0.0055102240226891225,exper2_11
16.50320000000005,15.943165,Validation,2019,2019-09-15,-0.017260336483719184,exper2_11
17.18900000000002,16.27455,Validation,2019,2019-09-16,-0.02732676389207928,exper2_11
17.477400000000046,15.993789,Validation,2019,2019-09-17,-0.04432502512146411,exper2_11
17.174000000000035,16.316467,Validation,2019,2019-09-18,-0.025605277691179377,exper2_11
17.9794,16.040571,Validation,2019,2019-09-19,-0.056990900289291026,exper2_11
18.596400000000017,15.754408,Validation,2019,2019-09-20,-0.08273436033921293,exper2_11
18.489599999999996,15.474214,Validation,2019,2019-09-21,-0.0887823268417424,exper2_11
18.374199999999973,15.225567,Validation,2019,2019-09-22,-0.09370996973668236,exper2_11
18.075800000000015,15.014297,Validation,2019,2019-09-23,-0.09252023382258742,exper2_11
18.045800000000042,15.244967,Validation,2019,2019-09-24,-0.0841324112662711,exper2_11
17.903800000000047,15.021081,Validation,2019,2019-09-25,-0.08755442523226156,exper2_11
17.380600000000015,14.931266,Validation,2019,2019-09-26,-0.07580293201938688,exper2_11
16.98780000000005,14.86816,Validation,2019,2019-09-27,-0.06653824702532753,exper2_11
16.6644,14.809295,Validation,2019,2019-09-28,-0.058941453077663214,exper2_11
16.139200000000017,14.706005,Validation,2019,2019-09-29,-0.046464106790137315,exper2_11
15.983000000000004,14.597357,Validation,2019,2019-09-30,-0.04531154469409625,exper2_11
16.028399999999976,14.510275,Validation,2019,2019-10-01,-0.049711558164465194,exper2_11
15.545399999999972,14.436772,Validation,2019,2019-10-02,-0.03697622842972332,exper2_11
15.001400000000046,14.302388,Validation,2019,2019-10-03,-0.023853974244403792,exper2_11
14.53060000000005,14.075727,Validation,2019,2019-10-04,-0.015901116206668457,exper2_11
14.117800000000045,13.285844,Validation,2019,2019-10-05,-0.03035932576691785,exper2_11
13.608799999999974,13.75533,Validation,2019,2019-10-06,0.005354823460319083,exper2_11
13.330399999999997,13.818097,Validation,2019,2019-10-07,0.017964055708313248,exper2_11
13.236199999999997,13.809214,Validation,2019,2019-10-08,0.021187090941514827,exper2_11
13.168000000000006,13.826987,Validation,2019,2019-10-09,0.024411467952693413,exper2_11
13.052999999999997,13.800841,Validation,2019,2019-10-10,0.027848579361538464,exper2_11
12.913000000000011,13.761911,Validation,2019,2019-10-11,0.03182433784802575,exper2_11
12.057000000000016,12.424369,Validation,2019,2019-10-12,0.015006058707876304,exper2_11
11.401599999999974,11.886196,Validation,2019,2019-10-13,0.020809016604007264,exper2_11
11.051199999999994,11.431079,Validation,2019,2019-10-14,0.01689681514647031,exper2_11
10.797199999999975,11.021764,Validation,2019,2019-10-15,0.010292138692604867,exper2_11
10.474400000000003,10.854766,Validation,2019,2019-10-16,0.0178331348705463,exper2_11
10.466800000000035,10.575765,Validation,2019,2019-10-17,0.005178297315362812,exper2_11
10.143000000000029,10.192005,Validation,2019,2019-10-18,0.0024098915683171277,exper2_11
10.035000000000025,9.875546,Validation,2019,2019-10-19,-0.008008496651462416,exper2_11
10.367399999999975,9.642893,Validation,2019,2019-10-20,-0.03620672462708421,exper2_11
10.063400000000001,9.439668,Validation,2019,2019-10-21,-0.03198124048063291,exper2_11
9.842399999999998,9.1962,Validation,2019,2019-10-22,-0.03394155119737188,exper2_11
9.502800000000036,8.970065,Validation,2019,2019-10-23,-0.028838779460953527,exper2_11
9.238400000000013,8.781431,Validation,2019,2019-10-24,-0.025359216568441978,exper2_11
9.033000000000015,8.606927,Validation,2019,2019-10-25,-0.02415390290164639,exper2_11
8.785600000000045,8.461809,Validation,2019,2019-10-26,-0.01877330320760422,exper2_11
8.712600000000009,8.324124,Validation,2019,2019-10-27,-0.02280225095448181,exper2_11
8.562400000000025,8.202365,Validation,2019,2019-10-28,-0.021475700978483347,exper2_11
8.355999999999995,8.093602,Validation,2019,2019-10-29,-0.015951620996062628,exper2_11
8.07140000000004,7.9870214,Validation,2019,2019-10-30,-0.005254473738564872,exper2_11
7.735000000000014,6.8452826,Validation,2019,2019-10-31,-0.06102196182002193,exper2_11
7.362199999999973,7.513733,Validation,2019,2019-11-01,0.010186447537204284,exper2_11
7.1498000000000275,7.5593495,Validation,2019,2019-11-02,0.027843182630540846,exper2_11
6.940800000000024,7.529652,Validation,2019,2019-11-03,0.04069341537176759,exper2_11
6.799800000000005,7.495177,Validation,2019,2019-11-04,0.048644835333128106,exper2_11
6.475800000000049,7.4532223,Validation,2019,2019-11-05,0.07017163556051814,exper2_11
6.128600000000006,5.067651,Validation,2019,2019-11-06,-0.09475932831841452,exper2_11
5.688000000000045,4.538356,Validation,2019,2019-11-07,-0.11241973114175162,exper2_11
5.3571999999999775,4.353275,Validation,2019,2019-11-08,-0.1033857968990433,exper2_11
5.265800000000013,6.466049,Validation,2019,2019-11-09,0.1023069061367918,exper2_11
4.962400000000002,6.681142,Validation,2019,2019-11-10,0.14761331860894136,exper2_11
4.527000000000044,4.5903373,Validation,2019,2019-11-11,0.006946905059905502,exper2_11
4.2327999999999975,4.278992,Validation,2019,2019-11-12,0.005426844911210548,exper2_11
3.758000000000038,4.210304,Validation,2019,2019-11-13,0.05676286895060661,exper2_11
3.5086000000000013,5.7078357,Validation,2019,2019-11-14,0.23862106263290217,exper2_11
3.228400000000022,6.5228386,Validation,2019,2019-11-15,0.33784821910246676,exper2_11
3.2256000000000427,4.588049,Validation,2019,2019-11-16,0.17436782049992902,exper2_11
3.010400000000004,6.1304884,Validation,2019,2019-11-17,0.34133316813732734,exper2_11
2.983600000000024,6.6196856,Validation,2019,2019-11-18,0.37862933400510934,exper2_11
2.914800000000014,6.7000823,Validation,2019,2019-11-19,0.39368992600869324,exper2_11
,6.725058,Validation,2019,2019-11-20,,exper2_11
,6.736379,Validation,2019,2019-11-21,,exper2_11
,5.625368,Validation,2019,2019-11-22,,exper2_11
,4.394469,Validation,2019,2019-11-23,,exper2_11
,5.8667746,Validation,2019,2019-11-24,,exper2_11
,6.5674,Validation,2019,2019-11-25,,exper2_11
,6.5914674,Validation,2019,2019-11-26,,exper2_11
,5.132189,Validation,2019,2019-11-27,,exper2_11
,5.1980543,Validation,2019,2019-11-28,,exper2_11
,6.0955377,Validation,2019,2019-11-29,,exper2_11
,4.587875,Validation,2019,2019-11-30,,exper2_11
,4.2866864,Validation,2019,2019-12-01,,exper2_11
,4.1890783,Validation,2019,2019-12-02,,exper2_11
,4.1884665,Validation,2019,2019-12-03,,exper2_11
,4.209085,Validation,2019,2019-12-04,,exper2_11
,4.170846,Validation,2019,2019-12-05,,exper2_11
,4.166437,Validation,2019,2019-12-06,,exper2_11
,4.162428,Validation,2019,2019-12-07,,exper2_11
,4.16926,Validation,2019,2019-12-08,,exper2_11
,4.161174,Validation,2019,2019-12-09,,exper2_11
,4.15894,Validation,2019,2019-12-10,,exper2_11
,4.158094,Validation,2019,2019-12-11,,exper2_11
,4.157559,Validation,2019,2019-12-12,,exper2_11
,4.1571956,Validation,2019,2019-12-13,,exper2_11
,4.1591244,Validation,2019,2019-12-14,,exper2_11
,4.156937,Validation,2019,2019-12-15,,exper2_11
,4.1565256,Validation,2019,2019-12-16,,exper2_11
,4.1563563,Validation,2019,2019-12-17,,exper2_11
,4.15625,Validation,2019,2019-12-18,,exper2_11
,4.1561737,Validation,2019,2019-12-19,,exper2_11
,4.1561184,Validation,2019,2019-12-20,,exper2_11
,4.1560965,Validation,2019,2019-12-21,,exper2_11
,4.156062,Validation,2019,2019-12-22,,exper2_11
,4.15602,Validation,2019,2019-12-23,,exper2_11
,4.156019,Validation,2019,2019-12-24,,exper2_11
,4.230474,Validation,2019,2019-12-25,,exper2_11
,4.488035,Validation,2019,2019-12-26,,exper2_11
,4.1993437,Validation,2019,2019-12-27,,exper2_11
,4.1635756,Validation,2019,2019-12-28,,exper2_11
,4.1601806,Validation,2019,2019-12-29,,exper2_11
,4.1599593,Validation,2019,2019-12-30,,exper2_11
,4.156862,Validation,2019,2019-12-31,,exper2_11
,2.9793854,Validation,2020,2020-01-01,,exper2_11
,1.1685332,Validation,2020,2020-01-02,,exper2_11
,0.8091112,Validation,2020,2020-01-03,,exper2_11
,0.68887687,Validation,2020,2020-01-04,,exper2_11
,0.43375874,Validation,2020,2020-01-05,,exper2_11
,1.253575,Validation,2020,2020-01-06,,exper2_11
,1.4936099,Validation,2020,2020-01-07,,exper2_11
,1.814796,Validation,2020,2020-01-08,,exper2_11
,0.27732444,Validation,2020,2020-01-09,,exper2_11
,1.0521525,Validation,2020,2020-01-10,,exper2_11
,1.7010771,Validation,2020,2020-01-11,,exper2_11
,1.8457202,Validation,2020,2020-01-12,,exper2_11
,1.7155495,Validation,2020,2020-01-13,,exper2_11
,0.43341184,Validation,2020,2020-01-14,,exper2_11
,0.500494,Validation,2020,2020-01-15,,exper2_11
,1.0830321,Validation,2020,2020-01-16,,exper2_11
,0.41872478,Validation,2020,2020-01-17,,exper2_11
,0.19815378,Validation,2020,2020-01-18,,exper2_11
,0.8965134,Validation,2020,2020-01-19,,exper2_11
,1.7062573,Validation,2020,2020-01-20,,exper2_11
,1.7852358,Validation,2020,2020-01-21,,exper2_11
,0.3378666,Validation,2020,2020-01-22,,exper2_11
,0.32584745,Validation,2020,2020-01-23,,exper2_11
,0.3293376,Validation,2020,2020-01-24,,exper2_11
,0.57557017,Validation,2020,2020-01-25,,exper2_11
,0.3853352,Validation,2020,2020-01-26,,exper2_11
,0.46386123,Validation,2020,2020-01-27,,exper2_11
,0.56795484,Validation,2020,2020-01-28,,exper2_11
,0.9368057,Validation,2020,2020-01-29,,exper2_11
,1.84461,Validation,2020,2020-01-30,,exper2_11
,0.6559411,Validation,2020,2020-01-31,,exper2_11
,1.6220384,Validation,2020,2020-02-01,,exper2_11
,1.6252468,Validation,2020,2020-02-02,,exper2_11
,1.8429432,Validation,2020,2020-02-03,,exper2_11
,1.9363755,Validation,2020,2020-02-04,,exper2_11
,2.4714158,Validation,2020,2020-02-05,,exper2_11
,2.4674623,Validation,2020,2020-02-06,,exper2_11
,1.9070278,Validation,2020,2020-02-07,,exper2_11
,1.6859508,Validation,2020,2020-02-08,,exper2_11
,2.1635756,Validation,2020,2020-02-09,,exper2_11
,2.6373506,Validation,2020,2020-02-10,,exper2_11
,2.1112242,Validation,2020,2020-02-11,,exper2_11
,2.3054712,Validation,2020,2020-02-12,,exper2_11
,2.3260865,Validation,2020,2020-02-13,,exper2_11
,3.0613494,Validation,2020,2020-02-14,,exper2_11
,2.2952282,Validation,2020,2020-02-15,,exper2_11
,3.0034409,Validation,2020,2020-02-16,,exper2_11
,2.5834618,Validation,2020,2020-02-17,,exper2_11
,2.4381068,Validation,2020,2020-02-18,,exper2_11
,3.394626,Validation,2020,2020-02-19,,exper2_11
,3.6389399,Validation,2020,2020-02-20,,exper2_11
,3.4715905,Validation,2020,2020-02-21,,exper2_11
,3.3586082,Validation,2020,2020-02-22,,exper2_11
,3.2465792,Validation,2020,2020-02-23,,exper2_11
,3.1919625,Validation,2020,2020-02-24,,exper2_11
,2.3619676,Validation,2020,2020-02-25,,exper2_11
,2.3564749,Validation,2020,2020-02-26,,exper2_11
,2.9240618,Validation,2020,2020-02-27,,exper2_11
,3.2014887,Validation,2020,2020-02-28,,exper2_11
,3.524152,Validation,2020,2020-02-29,,exper2_11
,3.2399793,Validation,2020,2020-03-01,,exper2_11
,2.4955025,Validation,2020,2020-03-02,,exper2_11
,2.3968155,Validation,2020,2020-03-03,,exper2_11
,2.9942098,Validation,2020,2020-03-04,,exper2_11
,2.5435424,Validation,2020,2020-03-05,,exper2_11
,3.44987,Validation,2020,2020-03-06,,exper2_11
,3.6892576,Validation,2020,2020-03-07,,exper2_11
,3.5198522,Validation,2020,2020-03-08,,exper2_11
,2.6636105,Validation,2020,2020-03-09,,exper2_11
,3.67621,Validation,2020,2020-03-10,,exper2_11
,3.3312933,Validation,2020,2020-03-11,,exper2_11
,1.5043147,Validation,2020,2020-03-12,,exper2_11
,2.5812247,Validation,2020,2020-03-13,,exper2_11
,2.4936876,Validation,2020,2020-03-14,,exper2_11
,3.6986105,Validation,2020,2020-03-15,,exper2_11
,2.6971858,Validation,2020,2020-03-16,,exper2_11
,3.827052,Validation,2020,2020-03-17,,exper2_11
,2.9099178,Validation,2020,2020-03-18,,exper2_11
,1.1117818,Validation,2020,2020-03-19,,exper2_11
,2.1907763,Validation,2020,2020-03-20,,exper2_11
,3.3199673,Validation,2020,2020-03-21,,exper2_11
,3.3672338,Validation,2020,2020-03-22,,exper2_11
,3.2511737,Validation,2020,2020-03-23,,exper2_11
,3.221424,Validation,2020,2020-03-24,,exper2_11
,2.6864545,Validation,2020,2020-03-25,,exper2_11
,3.498011,Validation,2020,2020-03-26,,exper2_11
,3.8297677,Validation,2020,2020-03-27,,exper2_11
,2.829873,Validation,2020,2020-03-28,,exper2_11
,2.873756,Validation,2020,2020-03-29,,exper2_11
,3.4883127,Validation,2020,2020-03-30,,exper2_11
,3.5884404,Validation,2020,2020-03-31,,exper2_11
,3.3725605,Validation,2020,2020-04-01,,exper2_11
,3.8391023,Validation,2020,2020-04-02,,exper2_11
,3.1355352,Validation,2020,2020-04-03,,exper2_11
,4.1585817,Validation,2020,2020-04-04,,exper2_11
,4.245012,Validation,2020,2020-04-05,,exper2_11
,3.709011,Validation,2020,2020-04-06,,exper2_11
,3.1305938,Validation,2020,2020-04-07,,exper2_11
,4.2417336,Validation,2020,2020-04-08,,exper2_11
,3.9544783,Validation,2020,2020-04-09,,exper2_11
,3.4074416,Validation,2020,2020-04-10,,exper2_11
,4.102769,Validation,2020,2020-04-11,,exper2_11
,3.6668172,Validation,2020,2020-04-12,,exper2_11
,4.1109586,Validation,2020,2020-04-13,,exper2_11
,4.0629272,Validation,2020,2020-04-14,,exper2_11
,4.0994396,Validation,2020,2020-04-15,,exper2_11
,4.531554,Validation,2020,2020-04-16,,exper2_11
,4.2099953,Validation,2020,2020-04-17,,exper2_11
,3.434862,Validation,2020,2020-04-18,,exper2_11
,3.8206015,Validation,2020,2020-04-19,,exper2_11
,3.7220004,Validation,2020,2020-04-20,,exper2_11
,5.18019,Validation,2020,2020-04-21,,exper2_11
,4.532551,Validation,2020,2020-04-22,,exper2_11
,4.0416117,Validation,2020,2020-04-23,,exper2_11
,4.3664103,Validation,2020,2020-04-24,,exper2_11
,4.4596863,Validation,2020,2020-04-25,,exper2_11
,5.2943454,Validation,2020,2020-04-26,,exper2_11
,5.3523517,Validation,2020,2020-04-27,,exper2_11
,4.5440044,Validation,2020,2020-04-28,,exper2_11
,4.879774,Validation,2020,2020-04-29,,exper2_11
,6.2655373,Validation,2020,2020-04-30,,exper2_11
,5.146509,Validation,2020,2020-05-01,,exper2_11
,5.3516283,Validation,2020,2020-05-02,,exper2_11
,4.6723456,Validation,2020,2020-05-03,,exper2_11
,6.0338917,Validation,2020,2020-05-04,,exper2_11
,4.910697,Validation,2020,2020-05-05,,exper2_11
,6.0270214,Validation,2020,2020-05-06,,exper2_11
,6.593806,Validation,2020,2020-05-07,,exper2_11
,6.857623,Validation,2020,2020-05-08,,exper2_11
,7.235649,Validation,2020,2020-05-09,,exper2_11
,5.7945004,Validation,2020,2020-05-10,,exper2_11
,7.391397,Validation,2020,2020-05-11,,exper2_11
,7.841793,Validation,2020,2020-05-12,,exper2_11
,7.2223415,Validation,2020,2020-05-13,,exper2_11
,6.675728,Validation,2020,2020-05-14,,exper2_11
,7.054819,Validation,2020,2020-05-15,,exper2_11
,7.425294,Validation,2020,2020-05-16,,exper2_11
,7.72038,Validation,2020,2020-05-17,,exper2_11
,8.433477,Validation,2020,2020-05-18,,exper2_11
,8.9393425,Validation,2020,2020-05-19,,exper2_11
,9.033734,Validation,2020,2020-05-20,,exper2_11
,11.028419,Validation,2020,2020-05-21,,exper2_11
,15.44106,Validation,2020,2020-05-22,,exper2_11
,16.803057,Validation,2020,2020-05-23,,exper2_11
,16.581606,Validation,2020,2020-05-24,,exper2_11
,16.776396,Validation,2020,2020-05-25,,exper2_11
,15.0762205,Validation,2020,2020-05-26,,exper2_11
,15.9188595,Validation,2020,2020-05-27,,exper2_11
,16.400753,Validation,2020,2020-05-28,,exper2_11
,17.312052,Validation,2020,2020-05-29,,exper2_11
,17.09802,Validation,2020,2020-05-30,,exper2_11
,17.316463,Validation,2020,2020-05-31,,exper2_11
,17.88496,Validation,2020,2020-06-01,,exper2_11
,18.050459,Validation,2020,2020-06-02,,exper2_11
,18.029963,Validation,2020,2020-06-03,,exper2_11
17.641999999999996,18.24708,Validation,2020,2020-06-04,0.01685972033233748,exper2_11
17.858000000000004,18.291681,Validation,2020,2020-06-05,0.011996821941463157,exper2_11
17.969400000000007,18.303795,Validation,2020,2020-06-06,0.009218787099474534,exper2_11
17.343000000000018,18.784842,Validation,2020,2020-06-07,0.03990942929651466,exper2_11
17.520200000000045,18.507257,Validation,2020,2020-06-08,0.027397366650180426,exper2_11
18.687400000000025,19.85606,Validation,2020,2020-06-09,0.030320579087213764,exper2_11
17.6798,18.805023,Validation,2020,2020-06-10,0.030840856412980434,exper2_11
17.260800000000017,18.741714,Validation,2020,2020-06-11,0.04113364022012808,exper2_11
17.000400000000013,18.624784,Validation,2020,2020-06-12,0.045596520938450374,exper2_11
17.23580000000004,18.508413,Validation,2020,2020-06-13,0.03560333818541969,exper2_11
17.011199999999974,18.43418,Validation,2020,2020-06-14,0.04014569272187789,exper2_11
16.80940000000004,18.507723,Validation,2020,2020-06-15,0.04808780323373163,exper2_11
17.265600000000006,18.519413,Validation,2020,2020-06-16,0.03503737708804248,exper2_11
18.0342,18.42484,Validation,2020,2020-06-17,0.01071451462217165,exper2_11
18.724800000000016,18.432775,Validation,2020,2020-06-18,-0.007859083878700296,exper2_11
19.451999999999998,18.91663,Validation,2020,2020-06-19,-0.013953331449490229,exper2_11
19.474800000000016,19.226532,Validation,2020,2020-06-20,-0.006414973461143513,exper2_11
19.790999999999997,19.505869,Validation,2020,2020-06-21,-0.007255822057915318,exper2_11
20.11280000000005,19.92975,Validation,2020,2020-06-22,-0.004571376085496815,exper2_11
19.616800000000012,19.743677,Validation,2020,2020-06-23,0.0032234654786638655,exper2_11
19.567799999999977,19.639372,Validation,2020,2020-06-24,0.0018254790777060138,exper2_11
19.95060000000001,19.127924,Validation,2020,2020-06-25,-0.021051870722475663,exper2_11
20.560400000000016,19.892263,Validation,2020,2020-06-26,-0.01651650425861394,exper2_11
20.881400000000042,19.286667,Validation,2020,2020-06-27,-0.03970151551080109,exper2_11
21.72120000000001,19.856882,Validation,2020,2020-06-28,-0.04483895867029864,exper2_11
22.23920000000004,20.242506,Validation,2020,2020-06-29,-0.04700126618029192,exper2_11
22.298400000000015,20.899443,Validation,2020,2020-06-30,-0.032384888705418495,exper2_11
,21.7834,Validation,2020,2020-07-01,,exper2_11
,21.541658,Validation,2020,2020-07-02,,exper2_11
,22.081774,Validation,2020,2020-07-03,,exper2_11
,23.188599,Validation,2020,2020-07-04,,exper2_11
,23.58958,Validation,2020,2020-07-05,,exper2_11
,23.116205,Validation,2020,2020-07-06,,exper2_11
27.10650000000004,23.587564,Validation,2020,2020-07-07,-0.06941513900134978,exper2_11
26.430000000000007,24.23072,Validation,2020,2020-07-08,-0.0434119265854379,exper2_11
25.202750000000037,23.608072,Validation,2020,2020-07-09,-0.03267057682289414,exper2_11
24.91550000000001,23.464777,Validation,2020,2020-07-10,-0.02998583508354281,exper2_11
24.91375000000005,23.371225,Validation,2020,2020-07-11,-0.031946265510912855,exper2_11
24.560500000000047,23.26816,Validation,2020,2020-07-12,-0.027020203728867744,exper2_11
24.54725000000002,23.767458,Validation,2020,2020-07-13,-0.016139847902560386,exper2_11
23.99675000000002,22.552752,Validation,2020,2020-07-14,-0.03102070722682613,exper2_11
23.879999999999995,22.465664,Validation,2020,2020-07-15,-0.03051711790852989,exper2_11
23.60775000000001,22.861929,Validation,2020,2020-07-16,-0.016049627998216884,exper2_11
23.911,23.40962,Validation,2020,2020-07-17,-0.01059537495378923,exper2_11
24.417500000000018,23.005552,Validation,2020,2020-07-18,-0.029773446454688768,exper2_11
24.162249999999972,22.919748,Validation,2020,2020-07-19,-0.026390164785337407,exper2_11
23.68100000000004,23.442457,Validation,2020,2020-07-20,-0.005062081924412218,exper2_11
23.031750000000045,22.525896,Validation,2020,2020-07-21,-0.011103601068601856,exper2_11
22.400500000000022,21.541626,Validation,2020,2020-07-22,-0.019545572826759023,exper2_11
22.367500000000007,21.468983,Validation,2020,2020-07-23,-0.020497020933156723,exper2_11
22.433500000000038,21.439596,Validation,2020,2020-07-24,-0.022654061611291815,exper2_11
22.771000000000015,21.47061,Validation,2020,2020-07-25,-0.02939292545936037,exper2_11
23.12900000000002,21.472216,Validation,2020,2020-07-26,-0.03714661861335614,exper2_11
23.17750000000001,21.51824,Validation,2020,2020-07-27,-0.0371234490345929,exper2_11
23.137,21.50554,Validation,2020,2020-07-28,-0.03654494393105027,exper2_11
23.351500000000044,21.497782,Validation,2020,2020-07-29,-0.041332172422442096,exper2_11
23.17700000000002,21.506094,Validation,2020,2020-07-30,-0.03739459093651593,exper2_11
23.426000000000045,22.243778,Validation,2020,2020-07-31,-0.02588630418388574,exper2_11
24.024249999999995,21.904974,Validation,2020,2020-08-01,-0.04614221257002909,exper2_11
23.169750000000022,20.958448,Validation,2020,2020-08-02,-0.05011085132954396,exper2_11
22.094749999999976,20.872868,Validation,2020,2020-08-03,-0.028437285669288763,exper2_11
21.792500000000018,20.90079,Validation,2020,2020-08-04,-0.02088643799935945,exper2_11
21.653250000000014,20.951006,Validation,2020,2020-08-05,-0.016482955726100097,exper2_11
21.92025000000001,20.997969,Validation,2020,2020-08-06,-0.02148927319900611,exper2_11
21.99675000000002,21.038782,Validation,2020,2020-08-07,-0.022259928785901724,exper2_11
22.040999999999997,20.229969,Validation,2020,2020-08-08,-0.042843374948072596,exper2_11
22.552750000000003,20.281263,Validation,2020,2020-08-09,-0.05302997479882859,exper2_11
22.72800000000001,20.38172,Validation,2020,2020-08-10,-0.0544257868787574,exper2_11
22.522000000000048,21.318531,Validation,2020,2020-08-11,-0.027451058077387517,exper2_11
22.806249999999977,21.069246,Validation,2020,2020-08-12,-0.03958938028463765,exper2_11
22.80125000000004,21.089891,Validation,2020,2020-08-13,-0.0389909788258458,exper2_11
22.78275000000002,21.133348,Validation,2020,2020-08-14,-0.03755801614184863,exper2_11
22.644000000000005,21.152575,Validation,2020,2020-08-15,-0.03405347282311004,exper2_11
22.588750000000005,21.173204,Validation,2020,2020-08-16,-0.032346489015385615,exper2_11
22.458500000000015,21.191769,Validation,2020,2020-08-17,-0.02902001277531401,exper2_11
22.513750000000016,21.208872,Validation,2020,2020-08-18,-0.029844462742919856,exper2_11
22.378750000000025,21.224306,Validation,2020,2020-08-19,-0.02647621512150755,exper2_11
22.320749999999975,21.238455,Validation,2020,2020-08-20,-0.02484653211137418,exper2_11
22.79725000000002,21.25116,Validation,2020,2020-08-21,-0.03509979914565586,exper2_11
22.781750000000045,20.416862,Validation,2020,2020-08-22,-0.05474452478943258,exper2_11
23.001250000000027,20.449625,Validation,2020,2020-08-23,-0.05872436363698485,exper2_11
23.117999999999995,20.533863,Validation,2020,2020-08-24,-0.05919877757266876,exper2_11
23.402499999999975,20.631483,Validation,2020,2020-08-25,-0.06292905452337565,exper2_11
23.10050000000001,20.717104,Validation,2020,2020-08-26,-0.05439357305222788,exper2_11
23.429750000000013,20.790491,Validation,2020,2020-08-27,-0.05968440763720257,exper2_11
22.85050000000001,20.041483,Validation,2020,2020-08-28,-0.06549049223183682,exper2_11
22.141750000000002,20.08639,Validation,2020,2020-08-29,-0.048672768459239686,exper2_11
21.928999999999974,20.216524,Validation,2020,2020-08-30,-0.0406324493867992,exper2_11
21.282249999999976,19.574797,Validation,2020,2020-08-31,-0.04179091398548512,exper2_11
20.825499999999977,19.746508,Validation,2020,2020-09-01,-0.02659450241646717,exper2_11
20.341750000000047,19.932756,Validation,2020,2020-09-02,-0.010155148066734189,exper2_11
19.67500000000001,20.110834,Validation,2020,2020-09-03,0.010954505072606544,exper2_11
18.937250000000006,20.264555,Validation,2020,2020-09-04,0.03385826183721916,exper2_11
18.893250000000023,20.39424,Validation,2020,2020-09-05,0.03820527724224698,exper2_11
18.728499999999997,19.735025,Validation,2020,2020-09-06,0.026168308683681488,exper2_11
18.273750000000007,19.589277,Validation,2020,2020-09-07,0.034744376305767995,exper2_11
17.72950000000003,18.263144,Validation,2020,2020-09-08,0.01482646138075666,exper2_11
17.173249999999996,17.387463,Validation,2020,2020-09-09,0.006198153908083375,exper2_11
17.209750000000042,17.371096,Validation,2020,2020-09-10,0.004665752218650657,exper2_11
17.058500000000038,17.603643,Validation,2020,2020-09-11,0.015727342963025148,exper2_11
16.91825,17.10759,Validation,2020,2020-09-12,0.0055645863034806614,exper2_11
16.866250000000036,16.595465,Validation,2020,2020-09-13,-0.008092391437644324,exper2_11
16.786999999999978,16.830866,Validation,2020,2020-09-14,0.0013048377362224679,exper2_11
16.69425000000001,17.072607,Validation,2020,2020-09-15,0.011204982446323685,exper2_11
16.817000000000007,16.614998,Validation,2020,2020-09-16,-0.006042179622456454,exper2_11
16.666750000000036,16.835405,Validation,2020,2020-09-17,0.005034164159613126,exper2_11
16.589,17.131844,Validation,2020,2020-09-18,0.01609816094362093,exper2_11
16.201999999999998,17.283731,Validation,2020,2020-09-19,0.03230425059834831,exper2_11
16.017750000000035,17.497776,Validation,2020,2020-09-20,0.04415941525439109,exper2_11
15.765000000000043,17.710869,Validation,2020,2020-09-21,0.05812750805704551,exper2_11
16.387999999999977,17.90476,Validation,2020,2020-09-22,0.044229754174447876,exper2_11
16.92575000000005,17.962046,Validation,2020,2020-09-23,0.029703672865176767,exper2_11
16.885250000000042,17.39062,Validation,2020,2020-09-24,0.014744171004267063,exper2_11
16.670500000000004,16.853027,Validation,2020,2020-09-25,0.005444753527227665,exper2_11
16.659250000000043,16.411676,Validation,2020,2020-09-26,-0.0074861402457819665,exper2_11
16.275250000000028,16.003147,Validation,2020,2020-09-27,-0.008429875675055822,exper2_11
15.96550000000002,15.760419,Validation,2020,2020-09-28,-0.006464150299066599,exper2_11
15.555250000000001,15.494293,Validation,2020,2020-09-29,-0.0019632104308725837,exper2_11
15.153250000000014,15.224687,Validation,2020,2020-09-30,0.0023515956171434814,exper2_11
14.650250000000028,14.850079,Validation,2020,2020-10-01,0.006773774814169307,exper2_11
14.251750000000015,13.792848,Validation,2020,2020-10-02,-0.016363307209381714,exper2_11
13.904250000000047,13.970754,Validation,2020,2020-10-03,0.0023857815599471585,exper2_11
13.601750000000038,12.990251,Validation,2020,2020-10-04,-0.022995615186055078,exper2_11
13.182749999999999,13.652834,Validation,2020,2020-10-05,0.017517186869278247,exper2_11
13.073750000000018,13.767344,Validation,2020,2020-10-06,0.025840767240093113,exper2_11
13.016500000000008,13.771863,Validation,2020,2020-10-07,0.02819742976318193,exper2_11
13.065500000000043,13.704555,Validation,2020,2020-10-08,0.023871993104102235,exper2_11
12.869500000000016,13.734875,Validation,2020,2020-10-09,0.03252753482371731,exper2_11
12.895750000000021,13.714951,Validation,2020,2020-10-10,0.0307846296503709,exper2_11
12.660750000000007,13.096107,Validation,2020,2020-10-11,0.016902548986972545,exper2_11
12.516500000000008,13.446562,Validation,2020,2020-10-12,0.03582250121501821,exper2_11
12.225500000000011,13.318099,Validation,2020,2020-10-13,0.04277388714778855,exper2_11
11.880999999999972,12.300769,Validation,2020,2020-10-14,0.01735889772162542,exper2_11
11.397000000000048,11.916511,Validation,2020,2020-10-15,0.022283670241063366,exper2_11
10.922500000000014,11.328229,Validation,2020,2020-10-16,0.01823441161874152,exper2_11
10.501750000000015,10.913252,Validation,2020,2020-10-17,0.019215589108878103,exper2_11
10.101500000000044,10.545535,Validation,2020,2020-10-18,0.021505997626380335,exper2_11
9.698249999999973,10.208088,Validation,2020,2020-10-19,0.02561183896115344,exper2_11
9.407500000000027,9.901303,Validation,2020,2020-10-20,0.025573997718581275,exper2_11
9.094000000000051,9.628632,Validation,2020,2020-10-21,0.028555365690743274,exper2_11
8.823000000000036,9.3730755,Validation,2020,2020-10-22,0.03023044643203279,exper2_11
8.40625,9.145284,Validation,2020,2020-10-23,0.04210650258309051,exper2_11
8.101999999999975,8.93883,Validation,2020,2020-10-24,0.04910737078083511,exper2_11
7.803250000000048,8.753524,Validation,2020,2020-10-25,0.057394866690297905,exper2_11
7.491750000000025,8.587463,Validation,2020,2020-10-26,0.06814471287156693,exper2_11
7.2379999999999995,8.438501,Validation,2020,2020-10-27,0.0765796736538489,exper2_11
7.021000000000015,8.306008,Validation,2020,2020-10-28,0.08383947542225084,exper2_11
6.7242500000000405,8.187001,Validation,2020,2020-10-29,0.09809714865196126,exper2_11
6.63775000000004,8.080286,Validation,2020,2020-10-30,0.09801144822940641,exper2_11
6.474749999999972,7.985109,Validation,2020,2020-10-31,0.10445183924718837,exper2_11
6.168000000000006,7.899959,Validation,2020,2020-11-01,0.12311374212955459,exper2_11
5.979499999999973,7.8237066,Validation,2020,2020-11-02,0.13360711584938137,exper2_11
5.9465000000000146,7.757776,Validation,2020,2020-11-03,0.13216866123742593,exper2_11
6.055499999999995,7.7163086,Validation,2020,2020-11-04,0.1205948065894354,exper2_11
6.078750000000014,7.7128677,Validation,2020,2020-11-05,0.11848629856192659,exper2_11
,8.256255,Validation,2020,2020-11-06,,exper2_11
,7.968113,Validation,2020,2020-11-07,,exper2_11
,7.9845047,Validation,2020,2020-11-08,,exper2_11
,8.993458,Validation,2020,2020-11-09,,exper2_11
,8.0365925,Validation,2020,2020-11-10,,exper2_11
,7.846103,Validation,2020,2020-11-11,,exper2_11
,7.28992,Validation,2020,2020-11-12,,exper2_11
,7.522173,Validation,2020,2020-11-13,,exper2_11
,5.12998,Validation,2020,2020-11-14,,exper2_11
,6.8878136,Validation,2020,2020-11-15,,exper2_11
,5.1152782,Validation,2020,2020-11-16,,exper2_11
,4.483659,Validation,2020,2020-11-17,,exper2_11
,4.3876486,Validation,2020,2020-11-18,,exper2_11
,6.4403973,Validation,2020,2020-11-19,,exper2_11
,4.971038,Validation,2020,2020-11-20,,exper2_11
,4.3297663,Validation,2020,2020-11-21,,exper2_11
,4.2157784,Validation,2020,2020-11-22,,exper2_11
,4.6063285,Validation,2020,2020-11-23,,exper2_11
,4.230389,Validation,2020,2020-11-24,,exper2_11
,6.341855,Validation,2020,2020-11-25,,exper2_11
,6.6337996,Validation,2020,2020-11-26,,exper2_11
,4.5102534,Validation,2020,2020-11-27,,exper2_11
,4.226313,Validation,2020,2020-11-28,,exper2_11
,4.177179,Validation,2020,2020-11-29,,exper2_11
,4.166818,Validation,2020,2020-11-30,,exper2_11
,4.164004,Validation,2020,2020-12-01,,exper2_11
,4.162656,Validation,2020,2020-12-02,,exper2_11
,4.1887608,Validation,2020,2020-12-03,,exper2_11
,4.1690035,Validation,2020,2020-12-04,,exper2_11
,4.160846,Validation,2020,2020-12-05,,exper2_11
,4.159066,Validation,2020,2020-12-06,,exper2_11
,4.305249,Validation,2020,2020-12-07,,exper2_11
,4.179699,Validation,2020,2020-12-08,,exper2_11
,4.171543,Validation,2020,2020-12-09,,exper2_11
,4.160549,Validation,2020,2020-12-10,,exper2_11
,4.1952047,Validation,2020,2020-12-11,,exper2_11
,4.1617837,Validation,2020,2020-12-12,,exper2_11
,4.157469,Validation,2020,2020-12-13,,exper2_11
,4.1566467,Validation,2020,2020-12-14,,exper2_11
,4.1564126,Validation,2020,2020-12-15,,exper2_11
,4.1563025,Validation,2020,2020-12-16,,exper2_11
,4.1562276,Validation,2020,2020-12-17,,exper2_11
,4.1561675,Validation,2020,2020-12-18,,exper2_11
,4.1661744,Validation,2020,2020-12-19,,exper2_11
,4.157373,Validation,2020,2020-12-20,,exper2_11
,4.1562753,Validation,2020,2020-12-21,,exper2_11
,4.159068,Validation,2020,2020-12-22,,exper2_11
,4.156405,Validation,2020,2020-12-23,,exper2_11
,4.156065,Validation,2020,2020-12-24,,exper2_11
,4.156,Validation,2020,2020-12-25,,exper2_11
,4.15598,Validation,2020,2020-12-26,,exper2_11
,4.1559696,Validation,2020,2020-12-27,,exper2_11
,4.1559634,Validation,2020,2020-12-28,,exper2_11
,4.155957,Validation,2020,2020-12-29,,exper2_11
,4.1559587,Validation,2020,2020-12-30,,exper2_11
,4.1559496,Validation,2020,2020-12-31,,exper2_11
,3.074033,Validation,2021,2021-01-01,,exper2_11
,2.8936238,Validation,2021,2021-01-02,,exper2_11
,2.2822566,Validation,2021,2021-01-03,,exper2_11
,0.7935059,Validation,2021,2021-01-04,,exper2_11
,1.41389,Validation,2021,2021-01-05,,exper2_11
,0.54396486,Validation,2021,2021-01-06,,exper2_11
,1.5537034,Validation,2021,2021-01-07,,exper2_11
,0.6552584,Validation,2021,2021-01-08,,exper2_11
,0.42959303,Validation,2021,2021-01-09,,exper2_11
,1.099327,Validation,2021,2021-01-10,,exper2_11
,0.3619939,Validation,2021,2021-01-11,,exper2_11
,1.2713318,Validation,2021,2021-01-12,,exper2_11
,1.9940925,Validation,2021,2021-01-13,,exper2_11
,0.5276128,Validation,2021,2021-01-14,,exper2_11
,0.34957653,Validation,2021,2021-01-15,,exper2_11
,0.29547316,Validation,2021,2021-01-16,,exper2_11
,0.30136162,Validation,2021,2021-01-17,,exper2_11
,1.2471863,Validation,2021,2021-01-18,,exper2_11
,1.7524152,Validation,2021,2021-01-19,,exper2_11
,0.9463572,Validation,2021,2021-01-20,,exper2_11
,1.4674504,Validation,2021,2021-01-21,,exper2_11
,1.8000319,Validation,2021,2021-01-22,,exper2_11
,1.8052824,Validation,2021,2021-01-23,,exper2_11
,1.911279,Validation,2021,2021-01-24,,exper2_11
,2.0052106,Validation,2021,2021-01-25,,exper2_11
,1.8292377,Validation,2021,2021-01-26,,exper2_11
,1.917576,Validation,2021,2021-01-27,,exper2_11
,1.8187113,Validation,2021,2021-01-28,,exper2_11
,1.841385,Validation,2021,2021-01-29,,exper2_11
,0.2533893,Validation,2021,2021-01-30,,exper2_11
,1.424535,Validation,2021,2021-01-31,,exper2_11
,0.6349701,Validation,2021,2021-02-01,,exper2_11
,1.5286775,Validation,2021,2021-02-02,,exper2_11
,2.1331835,Validation,2021,2021-02-03,,exper2_11
,0.27570188,Validation,2021,2021-02-04,,exper2_11
,1.1784484,Validation,2021,2021-02-05,,exper2_11
,2.148479,Validation,2021,2021-02-06,,exper2_11
,1.829083,Validation,2021,2021-02-07,,exper2_11
,2.4320164,Validation,2021,2021-02-08,,exper2_11
,2.2985775,Validation,2021,2021-02-09,,exper2_11
,2.5804205,Validation,2021,2021-02-10,,exper2_11
,2.396115,Validation,2021,2021-02-11,,exper2_11
,2.196502,Validation,2021,2021-02-12,,exper2_11
,1.5555091,Validation,2021,2021-02-13,,exper2_11
,1.625805,Validation,2021,2021-02-14,,exper2_11
,1.7882506,Validation,2021,2021-02-15,,exper2_11
,2.6389422,Validation,2021,2021-02-16,,exper2_11
,2.8199077,Validation,2021,2021-02-17,,exper2_11
,2.102362,Validation,2021,2021-02-18,,exper2_11
,2.3765054,Validation,2021,2021-02-19,,exper2_11
,3.132597,Validation,2021,2021-02-20,,exper2_11
,2.0846,Validation,2021,2021-02-21,,exper2_11
,2.3647308,Validation,2021,2021-02-22,,exper2_11
,2.689546,Validation,2021,2021-02-23,,exper2_11
,2.5605783,Validation,2021,2021-02-24,,exper2_11
,3.0663888,Validation,2021,2021-02-25,,exper2_11
,3.225808,Validation,2021,2021-02-26,,exper2_11
,3.308797,Validation,2021,2021-02-27,,exper2_11
,2.392508,Validation,2021,2021-02-28,,exper2_11
,3.654169,Validation,2021,2021-03-01,,exper2_11
,3.3696575,Validation,2021,2021-03-02,,exper2_11
,2.8085256,Validation,2021,2021-03-03,,exper2_11
,3.5741615,Validation,2021,2021-03-04,,exper2_11
,3.6436205,Validation,2021,2021-03-05,,exper2_11
,3.6687853,Validation,2021,2021-03-06,,exper2_11
,3.2708762,Validation,2021,2021-03-07,,exper2_11
,3.3538404,Validation,2021,2021-03-08,,exper2_11
,3.2006028,Validation,2021,2021-03-09,,exper2_11
,1.1298084,Validation,2021,2021-03-10,,exper2_11
,1.8311635,Validation,2021,2021-03-11,,exper2_11
,3.5191436,Validation,2021,2021-03-12,,exper2_11
,3.7991617,Validation,2021,2021-03-13,,exper2_11
,3.7531247,Validation,2021,2021-03-14,,exper2_11
,3.735691,Validation,2021,2021-03-15,,exper2_11
,2.8262239,Validation,2021,2021-03-16,,exper2_11
,3.331149,Validation,2021,2021-03-17,,exper2_11
,3.8168812,Validation,2021,2021-03-18,,exper2_11
,4.080055,Validation,2021,2021-03-19,,exper2_11
,4.08916,Validation,2021,2021-03-20,,exper2_11
,3.443299,Validation,2021,2021-03-21,,exper2_11
,3.565516,Validation,2021,2021-03-22,,exper2_11
,3.0156994,Validation,2021,2021-03-23,,exper2_11
,1.4753464,Validation,2021,2021-03-24,,exper2_11
,2.9774463,Validation,2021,2021-03-25,,exper2_11
,3.5244384,Validation,2021,2021-03-26,,exper2_11
,3.5892825,Validation,2021,2021-03-27,,exper2_11
,3.7264025,Validation,2021,2021-03-28,,exper2_11
,4.162067,Validation,2021,2021-03-29,,exper2_11
,4.1767106,Validation,2021,2021-03-30,,exper2_11
,3.8417442,Validation,2021,2021-03-31,,exper2_11
,4.206599,Validation,2021,2021-04-01,,exper2_11
,4.140012,Validation,2021,2021-04-02,,exper2_11
,4.1233473,Validation,2021,2021-04-03,,exper2_11
,4.500757,Validation,2021,2021-04-04,,exper2_11
,4.897214,Validation,2021,2021-04-05,,exper2_11
,3.9273424,Validation,2021,2021-04-06,,exper2_11
,4.384127,Validation,2021,2021-04-07,,exper2_11
,3.8468413,Validation,2021,2021-04-08,,exper2_11
,3.668911,Validation,2021,2021-04-09,,exper2_11
,4.26021,Validation,2021,2021-04-10,,exper2_11
,4.3254256,Validation,2021,2021-04-11,,exper2_11
,4.1668887,Validation,2021,2021-04-12,,exper2_11
,4.1387973,Validation,2021,2021-04-13,,exper2_11
,4.8948793,Validation,2021,2021-04-14,,exper2_11
,4.6133676,Validation,2021,2021-04-15,,exper2_11
,5.1597905,Validation,2021,2021-04-16,,exper2_11
,4.9889226,Validation,2021,2021-04-17,,exper2_11
,4.3167996,Validation,2021,2021-04-18,,exper2_11
,3.7011256,Validation,2021,2021-04-19,,exper2_11
,3.7359095,Validation,2021,2021-04-20,,exper2_11
,4.0255804,Validation,2021,2021-04-21,,exper2_11
,4.6345634,Validation,2021,2021-04-22,,exper2_11
,4.1064606,Validation,2021,2021-04-23,,exper2_11
,4.05332,Validation,2021,2021-04-24,,exper2_11
,5.3754487,Validation,2021,2021-04-25,,exper2_11
,4.7884216,Validation,2021,2021-04-26,,exper2_11
,4.741835,Validation,2021,2021-04-27,,exper2_11
,4.9452868,Validation,2021,2021-04-28,,exper2_11
,4.6193333,Validation,2021,2021-04-29,,exper2_11
,5.514817,Validation,2021,2021-04-30,,exper2_11
,4.876621,Validation,2021,2021-05-01,,exper2_11
,6.0318456,Validation,2021,2021-05-02,,exper2_11
,5.658392,Validation,2021,2021-05-03,,exper2_11
,5.6759605,Validation,2021,2021-05-04,,exper2_11
,6.398001,Validation,2021,2021-05-05,,exper2_11
,7.0136285,Validation,2021,2021-05-06,,exper2_11
,6.8952365,Validation,2021,2021-05-07,,exper2_11
,7.1940765,Validation,2021,2021-05-08,,exper2_11
,7.555138,Validation,2021,2021-05-09,,exper2_11
,7.8965244,Validation,2021,2021-05-10,,exper2_11
,8.215306,Validation,2021,2021-05-11,,exper2_11
,8.636956,Validation,2021,2021-05-12,,exper2_11
,8.974446,Validation,2021,2021-05-13,,exper2_11
,9.398221,Validation,2021,2021-05-14,,exper2_11
,9.193837,Validation,2021,2021-05-15,,exper2_11
,11.066904,Validation,2021,2021-05-16,,exper2_11
,15.426811,Validation,2021,2021-05-17,,exper2_11
,15.066037,Validation,2021,2021-05-18,,exper2_11
,13.606197,Validation,2021,2021-05-19,,exper2_11
,12.137572,Validation,2021,2021-05-20,,exper2_11
,10.514426,Validation,2021,2021-05-21,,exper2_11
,11.515251,Validation,2021,2021-05-22,,exper2_11
,10.06303,Validation,2021,2021-05-23,,exper2_11
,11.712646,Validation,2021,2021-05-24,,exper2_11
,11.991004,Validation,2021,2021-05-25,,exper2_11
,13.407763,Validation,2021,2021-05-26,,exper2_11
,14.372853,Validation,2021,2021-05-27,,exper2_11
,14.316403,Validation,2021,2021-05-28,,exper2_11
,14.673774,Validation,2021,2021-05-29,,exper2_11
,15.9860935,Validation,2021,2021-05-30,,exper2_11
,15.553141,Validation,2021,2021-05-31,,exper2_11
,15.92027,Validation,2021,2021-06-01,,exper2_11
,16.031784,Validation,2021,2021-06-02,,exper2_11
,17.236137,Validation,2021,2021-06-03,,exper2_11
,17.115679,Validation,2021,2021-06-04,,exper2_11
,17.463545,Validation,2021,2021-06-05,,exper2_11
,17.385866,Validation,2021,2021-06-06,,exper2_11
,18.080791,Validation,2021,2021-06-07,,exper2_11
,19.028948,Validation,2021,2021-06-08,,exper2_11
,17.924204,Validation,2021,2021-06-09,,exper2_11
,18.643185,Validation,2021,2021-06-10,,exper2_11
,18.219213,Validation,2021,2021-06-11,,exper2_11
,18.339653,Validation,2021,2021-06-12,,exper2_11
,18.966757,Validation,2021,2021-06-13,,exper2_11
,18.629766,Validation,2021,2021-06-14,,exper2_11
,18.598347,Validation,2021,2021-06-15,,exper2_11
,18.46963,Validation,2021,2021-06-16,,exper2_11
,19.634203,Validation,2021,2021-06-17,,exper2_11
22.726999999999975,19.148619,Validation,2021,2021-06-18,-0.0854526192837003,exper2_11
22.406600000000026,19.935972,Validation,2021,2021-06-19,-0.05834855222737034,exper2_11
23.425200000000018,20.218412,Validation,2021,2021-06-20,-0.0734766767555668,exper2_11
,20.178156,Validation,2021,2021-06-21,,exper2_11
,19.35695,Validation,2021,2021-06-22,,exper2_11
,19.065903,Validation,2021,2021-06-23,,exper2_11
,19.496824,Validation,2021,2021-06-24,,exper2_11
,19.168648,Validation,2021,2021-06-25,,exper2_11
,19.98271,Validation,2021,2021-06-26,,exper2_11
,20.245321,Validation,2021,2021-06-27,,exper2_11
,20.138266,Validation,2021,2021-06-28,,exper2_11
,20.342678,Validation,2021,2021-06-29,,exper2_11
,20.113,Validation,2021,2021-06-30,,exper2_11
,19.42132,Validation,2021,2021-07-01,,exper2_11
,19.169394,Validation,2021,2021-07-02,,exper2_11
,19.720087,Validation,2021,2021-07-03,,exper2_11
,19.692274,Validation,2021,2021-07-04,,exper2_11
,20.503807,Validation,2021,2021-07-05,,exper2_11
,20.294113,Validation,2021,2021-07-06,,exper2_11
,20.167856,Validation,2021,2021-07-07,,exper2_11
,20.286194,Validation,2021,2021-07-08,,exper2_11
23.165399999999977,19.563395,Validation,2021,2021-07-09,-0.08429925280411395,exper2_11
23.105999999999995,20.825167,Validation,2021,2021-07-10,-0.0519183410990905,exper2_11
23.19500000000005,20.588598,Validation,2021,2021-07-11,-0.05952918108043665,exper2_11
23.41900000000004,20.191862,Validation,2021,2021-07-12,-0.07399848885832698,exper2_11
23.771600000000035,20.478313,Validation,2021,2021-07-13,-0.07442470046796139,exper2_11
23.902600000000007,20.790361,Validation,2021,2021-07-14,-0.06963598960066547,exper2_11
23.343600000000038,20.644459,Validation,2021,2021-07-15,-0.06136077164293426,exper2_11
23.894000000000005,20.86101,Validation,2021,2021-07-16,-0.0677687353768827,exper2_11
24.211599999999976,20.64408,Validation,2021,2021-07-17,-0.0795333133860994,exper2_11
24.404999999999973,20.871473,Validation,2021,2021-07-18,-0.07804332866747442,exper2_11
24.276800000000037,21.815283,Validation,2021,2021-07-19,-0.05340433817818873,exper2_11
24.088600000000042,21.695509,Validation,2021,2021-07-20,-0.05226903171454479,exper2_11
23.51320000000004,22.459814,Validation,2021,2021-07-21,-0.022913136099863257,exper2_11
23.355800000000045,22.086077,Validation,2021,2021-07-22,-0.027941699479400412,exper2_11
23.47240000000005,22.00477,Validation,2021,2021-07-23,-0.03227179070438623,exper2_11
23.49980000000005,21.944437,Validation,2021,2021-07-24,-0.03422574730651068,exper2_11
23.56540000000001,22.884363,Validation,2021,2021-07-25,-0.014661793279848455,exper2_11
23.90960000000001,23.315,Validation,2021,2021-07-26,-0.012590883971873492,exper2_11
24.304400000000044,22.910124,Validation,2021,2021-07-27,-0.029530662642971967,exper2_11
23.984200000000044,22.793322,Validation,2021,2021-07-28,-0.025458347290062345,exper2_11
23.82340000000005,22.689154,Validation,2021,2021-07-29,-0.024385810694288634,exper2_11
23.833799999999997,23.371965,Validation,2021,2021-07-30,-0.009783436147681915,exper2_11
23.53679999999997,22.92784,Validation,2021,2021-07-31,-0.013105895801026902,exper2_11
23.043600000000026,22.821037,Validation,2021,2021-08-01,-0.0048525993152473195,exper2_11
22.94640000000004,22.728662,Validation,2021,2021-08-02,-0.004767098221243967,exper2_11
22.981600000000014,22.643873,Validation,2021,2021-08-03,-0.0074021541363293196,exper2_11
23.233400000000017,22.588324,Validation,2021,2021-08-04,-0.01407796032703031,exper2_11
22.975000000000023,22.504301,Validation,2021,2021-08-05,-0.01034973972217538,exper2_11
22.90360000000004,22.431723,Validation,2021,2021-08-06,-0.010408602641821002,exper2_11
22.415200000000027,21.446657,Validation,2021,2021-08-07,-0.022081664604894292,exper2_11
22.342399999999998,20.466497,Validation,2021,2021-08-08,-0.04382038995948362,exper2_11
22.814800000000048,20.45033,Validation,2021,2021-08-09,-0.0546506904201995,exper2_11
22.807200000000023,20.055986,Validation,2021,2021-08-10,-0.06418593264679553,exper2_11
22.742999999999995,20.163225,Validation,2021,2021-08-11,-0.060125886525577356,exper2_11
22.393400000000042,20.295113,Validation,2021,2021-08-12,-0.04915344344070552,exper2_11
22.11500000000001,20.438665,Validation,2021,2021-08-13,-0.039393424623269176,exper2_11
22.30540000000002,20.963707,Validation,2021,2021-08-14,-0.03100810540667634,exper2_11
22.256400000000042,20.902105,Validation,2021,2021-08-15,-0.03137955446277164,exper2_11
22.31140000000005,21.011147,Validation,2021,2021-08-16,-0.030013320044032534,exper2_11
22.33680000000004,21.035437,Validation,2021,2021-08-17,-0.030004525264519265,exper2_11
22.915200000000027,21.061117,Validation,2021,2021-08-18,-0.042160939045826955,exper2_11
23.697600000000023,21.088186,Validation,2021,2021-08-19,-0.058264327895862625,exper2_11
23.708199999999977,21.116854,Validation,2021,2021-08-20,-0.05781022154585836,exper2_11
23.240400000000022,21.038298,Validation,2021,2021-08-21,-0.04973277136670079,exper2_11
23.054200000000037,21.140295,Validation,2021,2021-08-22,-0.04330641112815525,exper2_11
22.78679999999997,21.135529,Validation,2021,2021-08-23,-0.03759526167023943,exper2_11
22.836400000000026,20.321638,Validation,2021,2021-08-24,-0.05826867955508084,exper2_11
23.090599999999995,20.368494,Validation,2021,2021-08-25,-0.06263604952437747,exper2_11
23.04400000000004,20.462757,Validation,2021,2021-08-26,-0.05932970096674234,exper2_11
22.32280000000003,19.765291,Validation,2021,2021-08-27,-0.06076561593177464,exper2_11
22.383200000000045,19.134367,Validation,2021,2021-08-28,-0.07825200864285832,exper2_11
22.274800000000027,19.345495,Validation,2021,2021-08-29,-0.07038164338420914,exper2_11
22.087400000000002,19.589987,Validation,2021,2021-08-30,-0.05992249971833125,exper2_11
22.128000000000043,19.817484,Validation,2021,2021-08-31,-0.05508378693215102,exper2_11
22.05200000000002,20.014994,Validation,2021,2021-09-01,-0.048422911998255304,exper2_11
21.976800000000026,20.178663,Validation,2021,2021-09-02,-0.042654892330104596,exper2_11
21.49860000000001,19.560781,Validation,2021,2021-09-03,-0.04719551175204274,exper2_11
21.071199999999976,19.012533,Validation,2021,2021-09-04,-0.05135915865134407,exper2_11
20.66500000000002,19.219744,Validation,2021,2021-09-05,-0.03623581691273634,exper2_11
20.408600000000035,19.484257,Validation,2021,2021-09-06,-0.023170645851161752,exper2_11
20.143400000000042,19.730827,Validation,2021,2021-09-07,-0.010346850486321595,exper2_11
19.730000000000018,19.936598,Validation,2021,2021-09-08,0.0052083575458835366,exper2_11
19.777800000000013,19.526304,Validation,2021,2021-09-09,-0.006398714837444004,exper2_11
19.69840000000005,19.730394,Validation,2021,2021-09-10,0.0008114466576986519,exper2_11
19.639200000000017,19.91383,Validation,2021,2021-09-11,0.006943331644411953,exper2_11
19.69300000000004,20.080471,Validation,2021,2021-09-12,0.009741946797656964,exper2_11
19.724800000000016,20.231504,Validation,2021,2021-09-13,0.012681464099478661,exper2_11
19.25460000000004,19.61508,Validation,2021,2021-09-14,0.009274063508518962,exper2_11
19.12220000000002,19.784227,Validation,2021,2021-09-15,0.017015886986981168,exper2_11
18.857199999999978,19.96265,Validation,2021,2021-09-16,0.028476418393058752,exper2_11
18.620799999999974,19.42542,Validation,2021,2021-09-17,0.021148506869069213,exper2_11
18.53460000000001,19.638739,Validation,2021,2021-09-18,0.02892434017470797,exper2_11
18.567000000000007,19.84317,Validation,2021,2021-09-19,0.033224798549440986,exper2_11
18.736800000000017,19.55389,Validation,2021,2021-09-20,0.02133913552877609,exper2_11
18.515800000000013,19.045885,Validation,2021,2021-09-21,0.014112388324566674,exper2_11
18.24739999999997,18.755451,Validation,2021,2021-09-22,0.013730055546631979,exper2_11
18.026599999999974,19.042337,Validation,2021,2021-09-23,0.027401309246059845,exper2_11
17.84820000000002,18.636229,Validation,2021,2021-09-24,0.021599038068395027,exper2_11
17.389400000000023,17.820179,Validation,2021,2021-09-25,0.012234709928565518,exper2_11
17.265600000000006,16.925482,Validation,2021,2021-09-26,-0.009947570707532145,exper2_11
17.294399999999996,16.526094,Validation,2021,2021-09-27,-0.022717159407403768,exper2_11
17.23780000000005,16.363913,Validation,2021,2021-09-28,-0.02600722851431033,exper2_11
17.713600000000042,16.535688,Validation,2021,2021-09-29,-0.03439229411032814,exper2_11
17.94580000000002,16.535702,Validation,2021,2021-09-30,-0.040894339766426986,exper2_11
18.276400000000024,16.161583,Validation,2021,2021-10-01,-0.06140943435888948,exper2_11
18.634599999999978,15.833816,Validation,2021,2021-10-02,-0.08125654686066168,exper2_11
18.374000000000024,15.625464,Validation,2021,2021-10-03,-0.08084055457719073,exper2_11
17.8322,15.400535,Validation,2021,2021-10-04,-0.0731707876966628,exper2_11
18.198200000000043,15.119786,Validation,2021,2021-10-05,-0.09239495188073579,exper2_11
18.084600000000023,15.02098,Validation,2021,2021-10-06,-0.09254089883636664,exper2_11
17.970000000000027,14.8383,Validation,2021,2021-10-07,-0.09545451219537637,exper2_11
18.020399999999995,14.728368,Validation,2021,2021-10-08,-0.1005238491436637,exper2_11
18.015000000000043,14.564063,Validation,2021,2021-10-09,-0.10592498992826092,exper2_11
17.91840000000002,14.454556,Validation,2021,2021-10-10,-0.106998059895459,exper2_11
17.74640000000005,14.417552,Validation,2021,2021-10-11,-0.10349623722432454,exper2_11
17.391999999999996,14.337953,Validation,2021,2021-10-12,-0.09625124321295773,exper2_11
17.221400000000017,14.269717,Validation,2021,2021-10-13,-0.09373064674766567,exper2_11
16.772199999999998,14.210385,Validation,2021,2021-10-14,-0.08268563293725255,exper2_11
16.24640000000005,14.058932,Validation,2021,2021-10-15,-0.072180950654067,exper2_11
15.656799999999976,13.686675,Validation,2021,2021-10-16,-0.0671401367243868,exper2_11
15.141399999999976,13.57915,Validation,2021,2021-10-17,-0.05439484234239414,exper2_11
15.052999999999997,13.697057,Validation,2021,2021-10-18,-0.04716314964201638,exper2_11
14.928600000000017,13.729051,Validation,2021,2021-10-19,-0.04185791008944139,exper2_11
14.739599999999996,13.706032,Validation,2021,2021-10-20,-0.036334865331007625,exper2_11
14.264200000000017,13.382286,Validation,2021,2021-10-21,-0.031899675276380456,exper2_11
13.818600000000004,12.304988,Validation,2021,2021-10-22,-0.057940436740736366,exper2_11
13.471400000000017,11.751171,Validation,2021,2021-10-23,-0.0682019640383496,exper2_11
13.139800000000037,11.308469,Validation,2021,2021-10-24,-0.07490637455431565,exper2_11
12.68180000000001,10.913297,Validation,2021,2021-10-25,-0.07495215311034373,exper2_11
12.381600000000049,10.544105,Validation,2021,2021-10-26,-0.08015000881603968,exper2_11
12.050000000000011,10.210767,Validation,2021,2021-10-27,-0.08262218569843047,exper2_11
11.84820000000002,10.066346,Validation,2021,2021-10-28,-0.08130918239327822,exper2_11
11.609200000000044,10.2979765,Validation,2021,2021-10-29,-0.059853605805091435,exper2_11
11.545399999999972,10.049665,Validation,2021,2021-10-30,-0.06926279303670539,exper2_11
11.145600000000002,9.54774,Validation,2021,2021-10-31,-0.07721614870959437,exper2_11
10.538400000000024,9.2726755,Validation,2021,2021-11-01,-0.06388974111325975,exper2_11
9.977599999999995,9.0436,Validation,2021,2021-11-02,-0.0491031014634494,exper2_11
9.615200000000016,8.835748,Validation,2021,2021-11-03,-0.042244566136530534,exper2_11
9.355999999999995,8.662459,Validation,2021,2021-11-04,-0.03849056193710266,exper2_11
9.0942,8.504859,Validation,2021,2021-11-05,-0.033487076231804296,exper2_11
8.950800000000015,8.380155,Validation,2021,2021-11-06,-0.03292636806059753,exper2_11
8.941400000000044,8.24776,Validation,2021,2021-11-07,-0.040353349917738604,exper2_11
9.006600000000049,8.161924,Validation,2021,2021-11-08,-0.04919908199437393,exper2_11
8.867000000000019,8.041305,Validation,2021,2021-11-09,-0.04883371998471263,exper2_11
8.732799999999997,7.3190536,Validation,2021,2021-11-10,-0.08807371291391353,exper2_11
8.498400000000004,7.6775312,Validation,2021,2021-11-11,-0.05074630605990994,exper2_11
8.303600000000017,7.647838,Validation,2021,2021-11-12,-0.04110989113030353,exper2_11
7.998800000000017,7.580452,Validation,2021,2021-11-13,-0.026852896121002515,exper2_11
7.748400000000004,7.544003,Validation,2021,2021-11-14,-0.013365917055215368,exper2_11
7.451600000000042,5.1432323,Validation,2021,2021-11-15,-0.18327895053155505,exper2_11
7.2538000000000125,4.6739707,Validation,2021,2021-11-16,-0.21628763376872093,exper2_11
7.132000000000005,6.6333537,Validation,2021,2021-11-17,-0.03622473496317596,exper2_11
6.745200000000011,4.653797,Validation,2021,2021-11-18,-0.18347253033610209,exper2_11
6.444000000000017,4.3289313,Validation,2021,2021-11-19,-0.19633176925157134,exper2_11
6.2309999999999945,4.2648087,Validation,2021,2021-11-20,-0.18733109662002373,exper2_11
5.980800000000045,4.2089076,Validation,2021,2021-11-21,-0.1738904063399346,exper2_11
5.481400000000008,4.188629,Validation,2021,2021-11-22,-0.1336884128789994,exper2_11
5.255800000000022,4.1781664,Validation,2021,2021-11-23,-0.1142291127661906,exper2_11
5.076600000000042,5.968128,Validation,2021,2021-11-24,0.08071979571166575,exper2_11
,4.492535,Validation,2021,2021-11-25,,exper2_11
,4.2167788,Validation,2021,2021-11-26,,exper2_11
,4.1736307,Validation,2021,2021-11-27,,exper2_11
,4.219558,Validation,2021,2021-11-28,,exper2_11
,4.1688375,Validation,2021,2021-11-29,,exper2_11
,4.162281,Validation,2021,2021-11-30,,exper2_11
,4.1717706,Validation,2021,2021-12-01,,exper2_11
,5.9098716,Validation,2021,2021-12-02,,exper2_11
,4.389396,Validation,2021,2021-12-03,,exper2_11
,4.196713,Validation,2021,2021-12-04,,exper2_11
,4.1659136,Validation,2021,2021-12-05,,exper2_11
,4.1658745,Validation,2021,2021-12-06,,exper2_11
,4.15949,Validation,2021,2021-12-07,,exper2_11
,4.1585093,Validation,2021,2021-12-08,,exper2_11
,4.15812,Validation,2021,2021-12-09,,exper2_11
,4.158051,Validation,2021,2021-12-10,,exper2_11
,4.3388186,Validation,2021,2021-12-11,,exper2_11
,4.1804986,Validation,2021,2021-12-12,,exper2_11
,4.1614995,Validation,2021,2021-12-13,,exper2_11
,4.1577063,Validation,2021,2021-12-14,,exper2_11
,6.215084,Validation,2021,2021-12-15,,exper2_11
,5.0863967,Validation,2021,2021-12-16,,exper2_11
,4.288496,Validation,2021,2021-12-17,,exper2_11
,4.180915,Validation,2021,2021-12-18,,exper2_11
,4.162779,Validation,2021,2021-12-19,,exper2_11
,4.159471,Validation,2021,2021-12-20,,exper2_11
,4.1588907,Validation,2021,2021-12-21,,exper2_11
,4.158635,Validation,2021,2021-12-22,,exper2_11
,4.1583147,Validation,2021,2021-12-23,,exper2_11
,4.157943,Validation,2021,2021-12-24,,exper2_11
,4.157573,Validation,2021,2021-12-25,,exper2_11
,4.15724,Validation,2021,2021-12-26,,exper2_11
,4.1569567,Validation,2021,2021-12-27,,exper2_11
,4.156724,Validation,2021,2021-12-28,,exper2_11
,4.156541,Validation,2021,2021-12-29,,exper2_11
,4.1563945,Validation,2021,2021-12-30,,exper2_11
,4.1562843,Validation,2021,2021-12-31,,exper2_11
