LSWT,projection,Phase,Year,Date,Error,Lake
,2.5820103,Calibration,2016,2016-01-01,,exper2_43
,3.1394684,Calibration,2016,2016-01-02,,exper2_43
,4.698791,Calibration,2016,2016-01-03,,exper2_43
,5.4368787,Calibration,2016,2016-01-04,,exper2_43
,6.579392,Calibration,2016,2016-01-05,,exper2_43
,6.3448453,Calibration,2016,2016-01-06,,exper2_43
,6.2952037,Calibration,2016,2016-01-07,,exper2_43
,6.892767,Calibration,2016,2016-01-08,,exper2_43
,6.996057,Calibration,2016,2016-01-09,,exper2_43
,6.6647635,Calibration,2016,2016-01-10,,exper2_43
,6.567594,Calibration,2016,2016-01-11,,exper2_43
,6.8072133,Calibration,2016,2016-01-12,,exper2_43
,6.9858603,Calibration,2016,2016-01-13,,exper2_43
,6.632487,Calibration,2016,2016-01-14,,exper2_43
,6.6351137,Calibration,2016,2016-01-15,,exper2_43
,6.477797,Calibration,2016,2016-01-16,,exper2_43
,6.473076,Calibration,2016,2016-01-17,,exper2_43
,6.6550803,Calibration,2016,2016-01-18,,exper2_43
,6.0353723,Calibration,2016,2016-01-19,,exper2_43
,6.3697047,Calibration,2016,2016-01-20,,exper2_43
,6.4817133,Calibration,2016,2016-01-21,,exper2_43
,6.707242,Calibration,2016,2016-01-22,,exper2_43
,6.562232,Calibration,2016,2016-01-23,,exper2_43
,6.6076674,Calibration,2016,2016-01-24,,exper2_43
,6.3283906,Calibration,2016,2016-01-25,,exper2_43
,5.847771,Calibration,2016,2016-01-26,,exper2_43
,6.068959,Calibration,2016,2016-01-27,,exper2_43
,6.082558,Calibration,2016,2016-01-28,,exper2_43
,6.0909996,Calibration,2016,2016-01-29,,exper2_43
,5.728008,Calibration,2016,2016-01-30,,exper2_43
,5.8773913,Calibration,2016,2016-01-31,,exper2_43
,5.0319285,Calibration,2016,2016-02-01,,exper2_43
,5.1692185,Calibration,2016,2016-02-02,,exper2_43
,5.1532283,Calibration,2016,2016-02-03,,exper2_43
,5.215423,Calibration,2016,2016-02-04,,exper2_43
,4.972324,Calibration,2016,2016-02-05,,exper2_43
,5.13635,Calibration,2016,2016-02-06,,exper2_43
,4.802178,Calibration,2016,2016-02-07,,exper2_43
,4.8641486,Calibration,2016,2016-02-08,,exper2_43
,4.9308524,Calibration,2016,2016-02-09,,exper2_43
,5.3221064,Calibration,2016,2016-02-10,,exper2_43
,5.417958,Calibration,2016,2016-02-11,,exper2_43
,5.673322,Calibration,2016,2016-02-12,,exper2_43
,5.902321,Calibration,2016,2016-02-13,,exper2_43
,5.796884,Calibration,2016,2016-02-14,,exper2_43
,5.7847466,Calibration,2016,2016-02-15,,exper2_43
,6.098771,Calibration,2016,2016-02-16,,exper2_43
,6.2096653,Calibration,2016,2016-02-17,,exper2_43
,5.901278,Calibration,2016,2016-02-18,,exper2_43
,5.817816,Calibration,2016,2016-02-19,,exper2_43
,6.426188,Calibration,2016,2016-02-20,,exper2_43
,6.440268,Calibration,2016,2016-02-21,,exper2_43
,6.351976,Calibration,2016,2016-02-22,,exper2_43
,5.492372,Calibration,2016,2016-02-23,,exper2_43
,5.265203,Calibration,2016,2016-02-24,,exper2_43
,5.6325,Calibration,2016,2016-02-25,,exper2_43
,5.977621,Calibration,2016,2016-02-26,,exper2_43
,6.2770696,Calibration,2016,2016-02-27,,exper2_43
,6.370812,Calibration,2016,2016-02-28,,exper2_43
,6.386446,Calibration,2016,2016-02-29,,exper2_43
,6.636414,Calibration,2016,2016-03-01,,exper2_43
,6.7376075,Calibration,2016,2016-03-02,,exper2_43
,6.7825913,Calibration,2016,2016-03-03,,exper2_43
,6.5481853,Calibration,2016,2016-03-04,,exper2_43
,6.2123694,Calibration,2016,2016-03-05,,exper2_43
,5.3868346,Calibration,2016,2016-03-06,,exper2_43
,5.3306913,Calibration,2016,2016-03-07,,exper2_43
,5.8640847,Calibration,2016,2016-03-08,,exper2_43
,6.02383,Calibration,2016,2016-03-09,,exper2_43
,6.1304817,Calibration,2016,2016-03-10,,exper2_43
,5.7655163,Calibration,2016,2016-03-11,,exper2_43
,5.0748024,Calibration,2016,2016-03-12,,exper2_43
,5.2332363,Calibration,2016,2016-03-13,,exper2_43
,4.9826274,Calibration,2016,2016-03-14,,exper2_43
,5.4159064,Calibration,2016,2016-03-15,,exper2_43
,5.0247884,Calibration,2016,2016-03-16,,exper2_43
,5.2290235,Calibration,2016,2016-03-17,,exper2_43
,5.489341,Calibration,2016,2016-03-18,,exper2_43
,5.673307,Calibration,2016,2016-03-19,,exper2_43
,6.0019517,Calibration,2016,2016-03-20,,exper2_43
,5.532767,Calibration,2016,2016-03-21,,exper2_43
,5.092655,Calibration,2016,2016-03-22,,exper2_43
,4.6612782,Calibration,2016,2016-03-23,,exper2_43
,4.8075213,Calibration,2016,2016-03-24,,exper2_43
,5.270141,Calibration,2016,2016-03-25,,exper2_43
,4.814225,Calibration,2016,2016-03-26,,exper2_43
,4.74628,Calibration,2016,2016-03-27,,exper2_43
,4.6193924,Calibration,2016,2016-03-28,,exper2_43
,4.3744674,Calibration,2016,2016-03-29,,exper2_43
,4.437498,Calibration,2016,2016-03-30,,exper2_43
,4.669773,Calibration,2016,2016-03-31,,exper2_43
,4.562217,Calibration,2016,2016-04-01,,exper2_43
,5.339599,Calibration,2016,2016-04-02,,exper2_43
,6.0283976,Calibration,2016,2016-04-03,,exper2_43
,6.405823,Calibration,2016,2016-04-04,,exper2_43
,7.292964,Calibration,2016,2016-04-05,,exper2_43
,5.7978907,Calibration,2016,2016-04-06,,exper2_43
,5.9231005,Calibration,2016,2016-04-07,,exper2_43
,5.484631,Calibration,2016,2016-04-08,,exper2_43
,4.202867,Calibration,2016,2016-04-09,,exper2_43
,5.8026223,Calibration,2016,2016-04-10,,exper2_43
,5.124249,Calibration,2016,2016-04-11,,exper2_43
,5.9695544,Calibration,2016,2016-04-12,,exper2_43
,5.525748,Calibration,2016,2016-04-13,,exper2_43
,4.788294,Calibration,2016,2016-04-14,,exper2_43
,4.258907,Calibration,2016,2016-04-15,,exper2_43
,3.878903,Calibration,2016,2016-04-16,,exper2_43
,3.7393837,Calibration,2016,2016-04-17,,exper2_43
,3.8840861,Calibration,2016,2016-04-18,,exper2_43
,4.3488655,Calibration,2016,2016-04-19,,exper2_43
,5.0592465,Calibration,2016,2016-04-20,,exper2_43
,5.312139,Calibration,2016,2016-04-21,,exper2_43
,4.9160724,Calibration,2016,2016-04-22,,exper2_43
,4.5254464,Calibration,2016,2016-04-23,,exper2_43
,4.5751467,Calibration,2016,2016-04-24,,exper2_43
,4.05767,Calibration,2016,2016-04-25,,exper2_43
,4.292354,Calibration,2016,2016-04-26,,exper2_43
,4.349141,Calibration,2016,2016-04-27,,exper2_43
,4.2681932,Calibration,2016,2016-04-28,,exper2_43
,4.5311637,Calibration,2016,2016-04-29,,exper2_43
,4.2083907,Calibration,2016,2016-04-30,,exper2_43
,4.44553,Calibration,2016,2016-05-01,,exper2_43
,4.901404,Calibration,2016,2016-05-02,,exper2_43
,4.9205704,Calibration,2016,2016-05-03,,exper2_43
,6.668082,Calibration,2016,2016-05-04,,exper2_43
,5.507353,Calibration,2016,2016-05-05,,exper2_43
,4.530532,Calibration,2016,2016-05-06,,exper2_43
,4.727325,Calibration,2016,2016-05-07,,exper2_43
,4.822681,Calibration,2016,2016-05-08,,exper2_43
,4.912517,Calibration,2016,2016-05-09,,exper2_43
,4.842593,Calibration,2016,2016-05-10,,exper2_43
,5.1997013,Calibration,2016,2016-05-11,,exper2_43
,6.50645,Calibration,2016,2016-05-12,,exper2_43
,8.354197,Calibration,2016,2016-05-13,,exper2_43
,7.7897916,Calibration,2016,2016-05-14,,exper2_43
,6.1838474,Calibration,2016,2016-05-15,,exper2_43
,7.247866,Calibration,2016,2016-05-16,,exper2_43
,6.3873897,Calibration,2016,2016-05-17,,exper2_43
,5.954243,Calibration,2016,2016-05-18,,exper2_43
,6.889293,Calibration,2016,2016-05-19,,exper2_43
,5.92184,Calibration,2016,2016-05-20,,exper2_43
,5.1538663,Calibration,2016,2016-05-21,,exper2_43
,5.473644,Calibration,2016,2016-05-22,,exper2_43
,6.314535,Calibration,2016,2016-05-23,,exper2_43
,5.505237,Calibration,2016,2016-05-24,,exper2_43
,6.132939,Calibration,2016,2016-05-25,,exper2_43
,6.2675996,Calibration,2016,2016-05-26,,exper2_43
,7.7118034,Calibration,2016,2016-05-27,,exper2_43
,7.937332,Calibration,2016,2016-05-28,,exper2_43
,8.5578785,Calibration,2016,2016-05-29,,exper2_43
,9.17355,Calibration,2016,2016-05-30,,exper2_43
,9.880831,Calibration,2016,2016-05-31,,exper2_43
,10.297443,Calibration,2016,2016-06-01,,exper2_43
,10.770981,Calibration,2016,2016-06-02,,exper2_43
,11.36212,Calibration,2016,2016-06-03,,exper2_43
,11.637853,Calibration,2016,2016-06-04,,exper2_43
,11.633362,Calibration,2016,2016-06-05,,exper2_43
,11.407759,Calibration,2016,2016-06-06,,exper2_43
,11.239807,Calibration,2016,2016-06-07,,exper2_43
,11.135887,Calibration,2016,2016-06-08,,exper2_43
,10.524808,Calibration,2016,2016-06-09,,exper2_43
,9.973026,Calibration,2016,2016-06-10,,exper2_43
,8.638181,Calibration,2016,2016-06-11,,exper2_43
,7.846161,Calibration,2016,2016-06-12,,exper2_43
,9.858793,Calibration,2016,2016-06-13,,exper2_43
,9.524788,Calibration,2016,2016-06-14,,exper2_43
,7.972464,Calibration,2016,2016-06-15,,exper2_43
,7.912834,Calibration,2016,2016-06-16,,exper2_43
,8.688202,Calibration,2016,2016-06-17,,exper2_43
,9.972786,Calibration,2016,2016-06-18,,exper2_43
,10.972284,Calibration,2016,2016-06-19,,exper2_43
,11.607075,Calibration,2016,2016-06-20,,exper2_43
,11.82933,Calibration,2016,2016-06-21,,exper2_43
,11.651183,Calibration,2016,2016-06-22,,exper2_43
,11.933711,Calibration,2016,2016-06-23,,exper2_43
,11.803889,Calibration,2016,2016-06-24,,exper2_43
,12.00189,Calibration,2016,2016-06-25,,exper2_43
,12.184138,Calibration,2016,2016-06-26,,exper2_43
,12.250347,Calibration,2016,2016-06-27,,exper2_43
,12.356425,Calibration,2016,2016-06-28,,exper2_43
,12.076794,Calibration,2016,2016-06-29,,exper2_43
,12.124421,Calibration,2016,2016-06-30,,exper2_43
,9.640478,Calibration,2016,2016-07-01,,exper2_43
,9.081424,Calibration,2016,2016-07-02,,exper2_43
,10.556342,Calibration,2016,2016-07-03,,exper2_43
,11.120496,Calibration,2016,2016-07-04,,exper2_43
,11.184908,Calibration,2016,2016-07-05,,exper2_43
,10.113753,Calibration,2016,2016-07-06,,exper2_43
,9.841161,Calibration,2016,2016-07-07,,exper2_43
,9.959699,Calibration,2016,2016-07-08,,exper2_43
,10.391445,Calibration,2016,2016-07-09,,exper2_43
,9.77919,Calibration,2016,2016-07-10,,exper2_43
,10.025112,Calibration,2016,2016-07-11,,exper2_43
,10.119398,Calibration,2016,2016-07-12,,exper2_43
,10.235401,Calibration,2016,2016-07-13,,exper2_43
,11.0225115,Calibration,2016,2016-07-14,,exper2_43
,11.328053,Calibration,2016,2016-07-15,,exper2_43
,10.937153,Calibration,2016,2016-07-16,,exper2_43
,10.688274,Calibration,2016,2016-07-17,,exper2_43
,10.010855,Calibration,2016,2016-07-18,,exper2_43
,10.721289,Calibration,2016,2016-07-19,,exper2_43
,11.239758,Calibration,2016,2016-07-20,,exper2_43
,11.770369,Calibration,2016,2016-07-21,,exper2_43
,12.174419,Calibration,2016,2016-07-22,,exper2_43
,12.201334,Calibration,2016,2016-07-23,,exper2_43
,12.142098,Calibration,2016,2016-07-24,,exper2_43
,11.495859,Calibration,2016,2016-07-25,,exper2_43
,11.98436,Calibration,2016,2016-07-26,,exper2_43
,12.043365,Calibration,2016,2016-07-27,,exper2_43
,12.659277,Calibration,2016,2016-07-28,,exper2_43
,12.445213,Calibration,2016,2016-07-29,,exper2_43
,11.022606,Calibration,2016,2016-07-30,,exper2_43
,9.68011,Calibration,2016,2016-07-31,,exper2_43
,10.355904,Calibration,2016,2016-08-01,,exper2_43
,9.900057,Calibration,2016,2016-08-02,,exper2_43
,8.944128,Calibration,2016,2016-08-03,,exper2_43
,7.819094,Calibration,2016,2016-08-04,,exper2_43
,8.656559,Calibration,2016,2016-08-05,,exper2_43
,9.738155,Calibration,2016,2016-08-06,,exper2_43
,9.994175,Calibration,2016,2016-08-07,,exper2_43
,10.300836,Calibration,2016,2016-08-08,,exper2_43
,9.6462345,Calibration,2016,2016-08-09,,exper2_43
,8.877821,Calibration,2016,2016-08-10,,exper2_43
,8.5643215,Calibration,2016,2016-08-11,,exper2_43
,9.060144,Calibration,2016,2016-08-12,,exper2_43
,9.783239,Calibration,2016,2016-08-13,,exper2_43
,10.048627,Calibration,2016,2016-08-14,,exper2_43
,10.382645,Calibration,2016,2016-08-15,,exper2_43
,10.775117,Calibration,2016,2016-08-16,,exper2_43
,10.822308,Calibration,2016,2016-08-17,,exper2_43
,9.999624,Calibration,2016,2016-08-18,,exper2_43
,8.471763,Calibration,2016,2016-08-19,,exper2_43
,9.0677185,Calibration,2016,2016-08-20,,exper2_43
,8.52933,Calibration,2016,2016-08-21,,exper2_43
,8.199144,Calibration,2016,2016-08-22,,exper2_43
,8.045395,Calibration,2016,2016-08-23,,exper2_43
,9.100295,Calibration,2016,2016-08-24,,exper2_43
,9.199377,Calibration,2016,2016-08-25,,exper2_43
,8.71065,Calibration,2016,2016-08-26,,exper2_43
,7.9184394,Calibration,2016,2016-08-27,,exper2_43
,8.8925905,Calibration,2016,2016-08-28,,exper2_43
,9.762329,Calibration,2016,2016-08-29,,exper2_43
,9.99054,Calibration,2016,2016-08-30,,exper2_43
,10.219212,Calibration,2016,2016-08-31,,exper2_43
,9.474487,Calibration,2016,2016-09-01,,exper2_43
,9.023632,Calibration,2016,2016-09-02,,exper2_43
,9.391469,Calibration,2016,2016-09-03,,exper2_43
,8.493283,Calibration,2016,2016-09-04,,exper2_43
,9.23182,Calibration,2016,2016-09-05,,exper2_43
,9.562357,Calibration,2016,2016-09-06,,exper2_43
,9.729793,Calibration,2016,2016-09-07,,exper2_43
,9.2447405,Calibration,2016,2016-09-08,,exper2_43
,9.45965,Calibration,2016,2016-09-09,,exper2_43
,8.943742,Calibration,2016,2016-09-10,,exper2_43
,8.744441,Calibration,2016,2016-09-11,,exper2_43
,8.127753,Calibration,2016,2016-09-12,,exper2_43
,7.1493287,Calibration,2016,2016-09-13,,exper2_43
,6.578711,Calibration,2016,2016-09-14,,exper2_43
,6.984843,Calibration,2016,2016-09-15,,exper2_43
,7.1781526,Calibration,2016,2016-09-16,,exper2_43
,7.63388,Calibration,2016,2016-09-17,,exper2_43
,8.00634,Calibration,2016,2016-09-18,,exper2_43
,8.085941,Calibration,2016,2016-09-19,,exper2_43
,7.332231,Calibration,2016,2016-09-20,,exper2_43
,7.3425345,Calibration,2016,2016-09-21,,exper2_43
,7.486934,Calibration,2016,2016-09-22,,exper2_43
,7.601849,Calibration,2016,2016-09-23,,exper2_43
,7.629234,Calibration,2016,2016-09-24,,exper2_43
,7.6409097,Calibration,2016,2016-09-25,,exper2_43
,7.7303653,Calibration,2016,2016-09-26,,exper2_43
,7.949943,Calibration,2016,2016-09-27,,exper2_43
,7.9751797,Calibration,2016,2016-09-28,,exper2_43
,7.9473643,Calibration,2016,2016-09-29,,exper2_43
,8.01759,Calibration,2016,2016-09-30,,exper2_43
,8.262431,Calibration,2016,2016-10-01,,exper2_43
,8.231433,Calibration,2016,2016-10-02,,exper2_43
,7.829798,Calibration,2016,2016-10-03,,exper2_43
,7.9428563,Calibration,2016,2016-10-04,,exper2_43
,8.210659,Calibration,2016,2016-10-05,,exper2_43
,8.091098,Calibration,2016,2016-10-06,,exper2_43
,8.122347,Calibration,2016,2016-10-07,,exper2_43
,8.21534,Calibration,2016,2016-10-08,,exper2_43
,8.622913,Calibration,2016,2016-10-09,,exper2_43
,8.963938,Calibration,2016,2016-10-10,,exper2_43
,8.93261,Calibration,2016,2016-10-11,,exper2_43
,9.207593,Calibration,2016,2016-10-12,,exper2_43
,9.471018,Calibration,2016,2016-10-13,,exper2_43
,9.426117,Calibration,2016,2016-10-14,,exper2_43
,9.155047,Calibration,2016,2016-10-15,,exper2_43
,9.252852,Calibration,2016,2016-10-16,,exper2_43
,9.518427,Calibration,2016,2016-10-17,,exper2_43
,9.968997,Calibration,2016,2016-10-18,,exper2_43
,9.867179,Calibration,2016,2016-10-19,,exper2_43
,9.654146,Calibration,2016,2016-10-20,,exper2_43
,10.26782,Calibration,2016,2016-10-21,,exper2_43
,10.905532,Calibration,2016,2016-10-22,,exper2_43
,10.976689,Calibration,2016,2016-10-23,,exper2_43
,10.84235,Calibration,2016,2016-10-24,,exper2_43
,11.060711,Calibration,2016,2016-10-25,,exper2_43
,11.746837,Calibration,2016,2016-10-26,,exper2_43
,11.900604,Calibration,2016,2016-10-27,,exper2_43
,11.962147,Calibration,2016,2016-10-28,,exper2_43
,12.189081,Calibration,2016,2016-10-29,,exper2_43
,12.3147745,Calibration,2016,2016-10-30,,exper2_43
,12.439884,Calibration,2016,2016-10-31,,exper2_43
,12.379118,Calibration,2016,2016-11-01,,exper2_43
,12.236109,Calibration,2016,2016-11-02,,exper2_43
,12.200151,Calibration,2016,2016-11-03,,exper2_43
,12.701647,Calibration,2016,2016-11-04,,exper2_43
,13.112754,Calibration,2016,2016-11-05,,exper2_43
,13.504208,Calibration,2016,2016-11-06,,exper2_43
,13.760723,Calibration,2016,2016-11-07,,exper2_43
,13.892948,Calibration,2016,2016-11-08,,exper2_43
,14.141615,Calibration,2016,2016-11-09,,exper2_43
,14.444782,Calibration,2016,2016-11-10,,exper2_43
,14.690788,Calibration,2016,2016-11-11,,exper2_43
,14.942478,Calibration,2016,2016-11-12,,exper2_43
,15.068962,Calibration,2016,2016-11-13,,exper2_43
,15.335515,Calibration,2016,2016-11-14,,exper2_43
,15.494075,Calibration,2016,2016-11-15,,exper2_43
,14.704974,Calibration,2016,2016-11-16,,exper2_43
,14.601149,Calibration,2016,2016-11-17,,exper2_43
,14.738072,Calibration,2016,2016-11-18,,exper2_43
,14.700584,Calibration,2016,2016-11-19,,exper2_43
,15.027803,Calibration,2016,2016-11-20,,exper2_43
,15.198332,Calibration,2016,2016-11-21,,exper2_43
,15.553434,Calibration,2016,2016-11-22,,exper2_43
,15.668947,Calibration,2016,2016-11-23,,exper2_43
,15.238422,Calibration,2016,2016-11-24,,exper2_43
,15.210294,Calibration,2016,2016-11-25,,exper2_43
,15.521019,Calibration,2016,2016-11-26,,exper2_43
,15.323351,Calibration,2016,2016-11-27,,exper2_43
,15.334586,Calibration,2016,2016-11-28,,exper2_43
,15.246903,Calibration,2016,2016-11-29,,exper2_43
,15.234687,Calibration,2016,2016-11-30,,exper2_43
,15.214976,Calibration,2016,2016-12-01,,exper2_43
,15.128311,Calibration,2016,2016-12-02,,exper2_43
,15.068033,Calibration,2016,2016-12-03,,exper2_43
,15.067144,Calibration,2016,2016-12-04,,exper2_43
,15.288181,Calibration,2016,2016-12-05,,exper2_43
,15.284593,Calibration,2016,2016-12-06,,exper2_43
,15.205785,Calibration,2016,2016-12-07,,exper2_43
,15.16434,Calibration,2016,2016-12-08,,exper2_43
,15.456543,Calibration,2016,2016-12-09,,exper2_43
,15.375298,Calibration,2016,2016-12-10,,exper2_43
,15.650381,Calibration,2016,2016-12-11,,exper2_43
,15.736169,Calibration,2016,2016-12-12,,exper2_43
,15.943412,Calibration,2016,2016-12-13,,exper2_43
,16.048464,Calibration,2016,2016-12-14,,exper2_43
15.800000000000011,15.700743,Calibration,2016,2016-12-15,-0.0031509504178918028,exper2_43
15.740277777777806,15.455639,Calibration,2016,2016-12-16,-0.009124235564292248,exper2_43
15.595416666666665,15.193676,Calibration,2016,2016-12-17,-0.013048149102992367,exper2_43
15.375,15.054082,Calibration,2016,2016-12-18,-0.010546426739665852,exper2_43
15.108055555555609,14.878357,Calibration,2016,2016-12-19,-0.007660090117314826,exper2_43
14.994444444444468,14.824644,Calibration,2016,2016-12-20,-0.0056943509695260505,exper2_43
14.913194444444457,15.12078,Calibration,2016,2016-12-21,0.006911690863645008,exper2_43
14.819444444444457,14.9151535,Calibration,2016,2016-12-22,0.003218777638807524,exper2_43
14.70972222222224,15.019659,Calibration,2016,2016-12-23,0.010425269782032596,exper2_43
14.659722222222229,14.872615,Calibration,2016,2016-12-24,0.007208797519676879,exper2_43
14.541250000000048,14.620678,Calibration,2016,2016-12-25,0.002723686449662588,exper2_43
14.5,14.304525,Calibration,2016,2016-12-26,-0.006786247024953934,exper2_43
14.338888888888903,14.333372,Calibration,2016,2016-12-27,-0.0001924080141108451,exper2_43
14.275138888888875,14.182845,Calibration,2016,2016-12-28,-0.003243159220712768,exper2_43
14.227361111111122,14.05475,Calibration,2016,2016-12-29,-0.006103174732162822,exper2_43
14.166666666666686,14.072174,Calibration,2016,2016-12-30,-0.0033461924048031337,exper2_43
14.132638888888891,14.170215,Calibration,2016,2016-12-31,0.0013276316492473873,exper2_43
14.221527777777794,14.058146,Calibration,2017,2017-01-01,-0.005777340274916905,exper2_43
14.070833333333326,14.161098,Calibration,2017,2017-01-02,0.0031972376832797088,exper2_43
13.940277777777794,13.9217205,Calibration,2017,2017-01-03,-0.0006660424291491715,exper2_43
13.867916666666645,13.855936,Calibration,2017,2017-01-04,-0.00043214110152244196,exper2_43
13.800000000000011,13.931061,Calibration,2017,2017-01-05,0.004726136948142819,exper2_43
13.688194444444434,13.735598,Calibration,2017,2017-01-06,0.0017285416230647574,exper2_43
13.438888888888869,13.424751,Calibration,2017,2017-01-07,-0.0005262729496371666,exper2_43
13.456250000000011,13.327524,Calibration,2017,2017-01-08,-0.004806111861955984,exper2_43
13.452777777777783,13.433264,Calibration,2017,2017-01-09,-0.0007258040961618454,exper2_43
13.454861111111086,13.353722,Calibration,2017,2017-01-10,-0.0037726534624471213,exper2_43
13.383680555555543,13.317242,Calibration,2017,2017-01-11,-0.0024882618771127686,exper2_43
13.385416666666686,13.420683,Calibration,2017,2017-01-12,0.0013156050674494003,exper2_43
13.304861111111109,13.642395,Calibration,2017,2017-01-13,0.01252572457781049,exper2_43
13.252083333333303,13.311393,Calibration,2017,2017-01-14,0.0022327443337276016,exper2_43
13.231250000000045,13.104761,Calibration,2017,2017-01-15,-0.00480288665390165,exper2_43
13.204166666666652,13.12653,Calibration,2017,2017-01-16,-0.002948534744424028,exper2_43
13.155555555555566,12.912746,Calibration,2017,2017-01-17,-0.009314343767075104,exper2_43
13.20972222222224,13.126271,Calibration,2017,2017-01-18,-0.003168704247032069,exper2_43
13.067361111111097,13.0631275,Calibration,2017,2017-01-19,-0.00016201738402373285,exper2_43
12.952083333333348,13.005718,Calibration,2017,2017-01-20,0.0020662342199696667,exper2_43
12.94652777777776,12.83246,Calibration,2017,2017-01-21,-0.0044248196839034495,exper2_43
12.934027777777715,12.826187,Calibration,2017,2017-01-22,-0.004186325477441177,exper2_43
12.850694444444457,12.878349,Calibration,2017,2017-01-23,0.0010748498865691236,exper2_43
12.922222222222217,12.87697,Calibration,2017,2017-01-24,-0.0017540057139807184,exper2_43
12.908055555555563,12.842714,Calibration,2017,2017-01-25,-0.00253744824737695,exper2_43
12.720138888888869,12.76608,Calibration,2017,2017-01-26,0.001802582569655681,exper2_43
12.608888888888885,12.684153,Calibration,2017,2017-01-27,0.0029756687934988308,exper2_43
12.599305555555532,12.622394,Calibration,2017,2017-01-28,0.0009154043265652068,exper2_43
12.633333333333326,12.597967,Calibration,2017,2017-01-29,-0.0014016790586194431,exper2_43
12.6851388888889,12.789466,Calibration,2017,2017-01-30,0.004095334007893846,exper2_43
12.845833333333303,12.905809,Calibration,2017,2017-01-31,0.0023290191522088977,exper2_43
12.924444444444475,12.7880745,Calibration,2017,2017-02-01,-0.005303640276002487,exper2_43
12.761666666666656,12.637341,Calibration,2017,2017-02-02,-0.004894920497209398,exper2_43
12.606944444444423,12.656226,Calibration,2017,2017-02-03,0.0019507335192765264,exper2_43
12.615833333333342,12.807177,Calibration,2017,2017-02-04,0.007526380912793503,exper2_43
12.943750000000023,12.796364,Calibration,2017,2017-02-05,-0.005725933086534961,exper2_43
12.913888888888891,12.89904,Calibration,2017,2017-02-06,-0.0005752414480758133,exper2_43
12.790972222222194,12.894958,Calibration,2017,2017-02-07,0.004048337792326357,exper2_43
13.021388888888907,13.084554,Calibration,2017,2017-02-08,0.0024195575171435282,exper2_43
13.473043478260877,13.274256,Calibration,2017,2017-02-09,-0.007432067214782999,exper2_43
13.676363636363646,13.596104,Calibration,2017,2017-02-10,-0.0029428935510095048,exper2_43
13.176944444444416,13.399501,Calibration,2017,2017-02-11,0.00837419752637769,exper2_43
13.016666666666652,12.915295,Calibration,2017,2017-02-12,-0.00390915358166843,exper2_43
12.744722222222208,12.925218,Calibration,2017,2017-02-13,0.007031391865605222,exper2_43
12.809444444444466,13.020703,Calibration,2017,2017-02-14,0.008178771304439895,exper2_43
13.051527777777778,13.135198,Calibration,2017,2017-02-15,0.003195125024393461,exper2_43
13.514166666666654,13.233624,Calibration,2017,2017-02-16,-0.010488425270065325,exper2_43
13.45861111111111,13.284273,Calibration,2017,2017-02-17,-0.006519041171538022,exper2_43
13.170833333333348,13.071648,Calibration,2017,2017-02-18,-0.003779585069562892,exper2_43
13.088888888888903,12.812229,Calibration,2017,2017-02-19,-0.010681381858111629,exper2_43
13.20972222222224,13.195278,Calibration,2017,2017-02-20,-0.0005470196661360324,exper2_43
13.156944444444434,13.277291,Calibration,2017,2017-02-21,0.004552688968999581,exper2_43
13.153472222222206,13.326012,Calibration,2017,2017-02-22,0.006515966711245738,exper2_43
13.17847222222224,13.055396,Calibration,2017,2017-02-23,-0.004691498058433275,exper2_43
13.109305555555636,12.969189,Calibration,2017,2017-02-24,-0.0053728894026529705,exper2_43
13.014583333333348,12.95625,Calibration,2017,2017-02-25,-0.002246102056925726,exper2_43
13.004861111111097,12.936272,Calibration,2017,2017-02-26,-0.002644041962856505,exper2_43
12.911111111111097,13.240156,Calibration,2017,2017-02-27,0.012582375416505868,exper2_43
12.932777777777744,13.083722,Calibration,2017,2017-02-28,0.005801869483207546,exper2_43
13.00902777777776,12.875989,Calibration,2017,2017-03-01,-0.005139607165720555,exper2_43
12.936805555555566,12.900108,Calibration,2017,2017-03-02,-0.0014203406144115407,exper2_43
13.204722222222244,13.260744,Calibration,2017,2017-03-03,0.0021167914426753506,exper2_43
13.464444444444439,13.234491,Calibration,2017,2017-03-04,-0.008612818801587433,exper2_43
12.995833333333337,12.931805,Calibration,2017,2017-03-05,-0.0024695144376371894,exper2_43
13.03027777777777,12.923015,Calibration,2017,2017-03-06,-0.004132929851044625,exper2_43
13.093055555555566,13.114372,Calibration,2017,2017-03-07,0.0008133838245317673,exper2_43
13.444583333333355,13.544981,Calibration,2017,2017-03-08,0.0037198699550634153,exper2_43
14.20319444444442,14.424988,Calibration,2017,2017-03-09,0.0077473779747872125,exper2_43
14.952361111111088,15.167749,Calibration,2017,2017-03-10,0.007150979531817847,exper2_43
15.650694444444412,15.438135,Calibration,2017,2017-03-11,-0.006837159846234073,exper2_43
15.981944444444423,15.991005,Calibration,2017,2017-03-12,0.00028338015655668825,exper2_43
16.327777777777783,16.264507,Calibration,2017,2017-03-13,-0.00194127180520945,exper2_43
16.583472222222213,16.65359,Calibration,2017,2017-03-14,0.0021096036572440914,exper2_43
17.140347222222204,16.702991,Calibration,2017,2017-03-15,-0.012922948897044546,exper2_43
16.86583333333334,16.772682,Calibration,2017,2017-03-16,-0.002769181158647843,exper2_43
16.84486111111113,17.038223,Calibration,2017,2017-03-17,0.0057067459778727065,exper2_43
17.453611111111115,17.06558,Calibration,2017,2017-03-18,-0.011241014822246443,exper2_43
16.475694444444457,16.857811,Calibration,2017,2017-03-19,0.011463436709654055,exper2_43
16.208055555555575,16.84409,Calibration,2017,2017-03-20,0.01924334869270826,exper2_43
16.155833333333305,16.668837,Calibration,2017,2017-03-21,0.015628588541365906,exper2_43
16.368888888888875,16.336924,Calibration,2017,2017-03-22,-0.0009773580661636425,exper2_43
15.91861111111109,16.448084,Calibration,2017,2017-03-23,0.016358567553395674,exper2_43
16.339583333333337,16.57006,Calibration,2017,2017-03-24,0.0070033390881932235,exper2_43
16.640972222222217,16.366905,Calibration,2017,2017-03-25,-0.008303078874510815,exper2_43
16.73319444444445,16.47614,Calibration,2017,2017-03-26,-0.007740455728807006,exper2_43
16.831111111111113,16.371231,Calibration,2017,2017-03-27,-0.013850831046043288,exper2_43
16.146388888888907,16.003744,Calibration,2017,2017-03-28,-0.004436832763940629,exper2_43
16.245000000000005,15.795825,Calibration,2017,2017-03-29,-0.014018833639839006,exper2_43
16.379999999999995,15.904974,Calibration,2017,2017-03-30,-0.014713532570112228,exper2_43
15.265277777777783,15.722583,Calibration,2017,2017-03-31,0.014757554426838208,exper2_43
15.937916666666695,16.10179,Calibration,2017,2017-04-01,0.0051146788643645046,exper2_43
16.91500000000002,16.579744,Calibration,2017,2017-04-02,-0.010009201969650836,exper2_43
16.98750000000001,16.54522,Calibration,2017,2017-04-03,-0.013189523135758916,exper2_43
15.667500000000018,16.487532,Calibration,2017,2017-04-04,0.025502436775912195,exper2_43
15.863472222222242,16.325893,Calibration,2017,2017-04-05,0.01436565060878267,exper2_43
16.597916666666663,16.703495,Calibration,2017,2017-04-06,0.0031703868876078365,exper2_43
16.55250000000001,16.463924,Calibration,2017,2017-04-07,-0.0026827736082673005,exper2_43
16.01111111111112,16.241926,Calibration,2017,2017-04-08,0.007156382822124654,exper2_43
15.86652777777772,16.051609,Calibration,2017,2017-04-09,0.005798623603551185,exper2_43
16.191249999999968,16.248558,Calibration,2017,2017-04-10,0.0017665962867329367,exper2_43
16.578055555555636,16.574883,Calibration,2017,2017-04-11,-9.570941270421351e-05,exper2_43
16.819722222222197,16.620668,Calibration,2017,2017-04-12,-0.005952496582621905,exper2_43
16.28666666666669,16.80806,Calibration,2017,2017-04-13,0.01575456524581752,exper2_43
16.734027777777783,16.587116,Calibration,2017,2017-04-14,-0.0044089583550285015,exper2_43
17.617916666666645,17.27382,Calibration,2017,2017-04-15,-0.009861812962454952,exper2_43
17.95625000000001,17.955688,Calibration,2017,2017-04-16,-1.5636121616710837e-05,exper2_43
17.135833333333323,17.184095,Calibration,2017,2017-04-17,0.0014062397901943476,exper2_43
17.140972222222217,17.214367,Calibration,2017,2017-04-18,0.00213634015752361,exper2_43
17.47430555555553,17.422983,Calibration,2017,2017-04-19,-0.0014706697246350034,exper2_43
18.7358695652174,18.405025,Calibration,2017,2017-04-20,-0.008907811258115291,exper2_43
17.917826086956552,17.573505,Calibration,2017,2017-04-21,-0.009701543191078448,exper2_43
17.310416666666697,17.36715,Calibration,2017,2017-04-22,0.0016360054315353969,exper2_43
17.539583333333326,18.084179,Calibration,2017,2017-04-23,0.015287424929593002,exper2_43
17.81388888888887,17.699942,Calibration,2017,2017-04-24,-0.0032085317769357928,exper2_43
18.09722222222223,17.807987,Calibration,2017,2017-04-25,-0.008055516556955217,exper2_43
18.27013888888888,18.229475,Calibration,2017,2017-04-26,-0.0011140903469982902,exper2_43
18.53826086956525,18.58032,Calibration,2017,2017-04-27,0.0011331114315212623,exper2_43
18.21695652173912,18.016535,Calibration,2017,2017-04-28,-0.005531393997677426,exper2_43
17.80472222222221,17.706371,Calibration,2017,2017-04-29,-0.0027695828281716233,exper2_43
18.232638888888914,18.343815,Calibration,2017,2017-04-30,0.0030395500274222023,exper2_43
19.185833333333335,19.29571,Calibration,2017,2017-05-01,0.0028552981052204366,exper2_43
19.86597222222224,19.876692,Calibration,2017,2017-05-02,0.00026972514988305324,exper2_43
20.06680555555556,19.749859,Calibration,2017,2017-05-03,-0.007960151962423147,exper2_43
19.94416666666666,20.41543,Calibration,2017,2017-05-04,0.011676613257311208,exper2_43
21.04694444444442,20.85838,Calibration,2017,2017-05-05,-0.004499788172324997,exper2_43
20.225138888888864,19.641184,Calibration,2017,2017-05-06,-0.014647827930306714,exper2_43
18.836666666666645,19.039389,Calibration,2017,2017-05-07,0.0053522466428796945,exper2_43
19.072916666666686,19.287926,Calibration,2017,2017-05-08,0.005604909594521469,exper2_43
19.18541666666664,18.994534,Calibration,2017,2017-05-09,-0.004999564609721732,exper2_43
19.125833333333333,19.004978,Calibration,2017,2017-05-10,-0.003169488101758568,exper2_43
20.012152777777715,19.89525,Calibration,2017,2017-05-11,-0.0029293426348852335,exper2_43
20.33472222222224,20.039248,Calibration,2017,2017-05-12,-0.007318445804164298,exper2_43
19.44513888888889,19.905119,Calibration,2017,2017-05-13,0.011689378385920789,exper2_43
20.1092361111111,20.21406,Calibration,2017,2017-05-14,0.0025995821064490297,exper2_43
19.433333333333337,19.61007,Calibration,2017,2017-05-15,0.0045266531542444656,exper2_43
19.838888888888903,19.522823,Calibration,2017,2017-05-16,-0.008029771503866684,exper2_43
19.501666666666665,19.32287,Calibration,2017,2017-05-17,-0.0046052426204859515,exper2_43
19.436805555555566,19.285484,Calibration,2017,2017-05-18,-0.0039078588095026855,exper2_43
19.35555555555561,19.409176,Calibration,2017,2017-05-19,0.0013832242678172482,exper2_43
20.681527777777717,20.06194,Calibration,2017,2017-05-20,-0.015207064681387833,exper2_43
21.6464285714286,21.223444,Calibration,2017,2017-05-21,-0.009866709677912595,exper2_43
21.17638888888888,21.171568,Calibration,2017,2017-05-22,-0.00011384190365725612,exper2_43
21.734027777777783,22.11652,Calibration,2017,2017-05-23,0.00872263107789011,exper2_43
23.008000000000038,22.613508,Calibration,2017,2017-05-24,-0.008647056856857486,exper2_43
21.91513888888892,21.707571,Calibration,2017,2017-05-25,-0.004758252286787842,exper2_43
20.96201388888892,21.090008,Calibration,2017,2017-05-26,0.0030437036795822395,exper2_43
21.24236111111111,21.919945,Calibration,2017,2017-05-27,0.015698504478557525,exper2_43
22.042777777777758,22.210407,Calibration,2017,2017-05-28,0.003787964169590959,exper2_43
22.358260869565243,23.174706,Calibration,2017,2017-05-29,0.0179308466108473,exper2_43
24.01666666666665,23.676008,Calibration,2017,2017-05-30,-0.007142783309110058,exper2_43
23.364901960784323,23.08739,Calibration,2017,2017-05-31,-0.005974109005982791,exper2_43
22.99000000000001,22.613617,Calibration,2017,2017-06-01,-0.008253359752322047,exper2_43
23.06347222222223,23.25454,Calibration,2017,2017-06-02,0.0041251180795934764,exper2_43
24.48555555555555,24.422115,Calibration,2017,2017-06-03,-0.001297142728009855,exper2_43
25.309305555555568,24.452831,Calibration,2017,2017-06-04,-0.01721136474256573,exper2_43
24.33263888888888,24.534908,Calibration,2017,2017-06-05,0.0041391356318549654,exper2_43
24.339166666666642,24.619543,Calibration,2017,2017-06-06,0.005726793258463857,exper2_43
24.73083333333335,24.463133,Calibration,2017,2017-06-07,-0.005441733931643049,exper2_43
24.305416666666645,24.01143,Calibration,2017,2017-06-08,-0.006084542806231747,exper2_43
23.85958333333332,23.756556,Calibration,2017,2017-06-09,-0.0021637154646051166,exper2_43
23.27111111111111,23.267881,Calibration,2017,2017-06-10,-6.939810048914026e-05,exper2_43
22.759444444444455,22.763763,Calibration,2017,2017-06-11,9.487431777758597e-05,exper2_43
22.457916666666677,22.13558,Calibration,2017,2017-06-12,-0.007228332098635182,exper2_43
23.640138888888885,23.46524,Calibration,2017,2017-06-13,-0.0037129179877550033,exper2_43
24.669166666666683,24.387657,Calibration,2017,2017-06-14,-0.005738437166300934,exper2_43
25.70430555555555,25.422752,Calibration,2017,2017-06-15,-0.005506930900215372,exper2_43
25.855694444444453,26.11496,Calibration,2017,2017-06-16,0.004988685952423076,exper2_43
26.60583333333335,26.550318,Calibration,2017,2017-06-17,-0.001044386546143565,exper2_43
26.38680555555561,27.090542,Calibration,2017,2017-06-18,0.013159521149094116,exper2_43
27.035833333333358,27.729525,Calibration,2017,2017-06-19,0.012666607233361563,exper2_43
27.75875000000002,28.299107,Calibration,2017,2017-06-20,0.009639266120649512,exper2_43
29.278402777777785,28.565128,Calibration,2017,2017-06-21,-0.012331101468839189,exper2_43
29.317083333333358,28.618622,Calibration,2017,2017-06-22,-0.012055804019965215,exper2_43
29.375416666666695,28.736235,Calibration,2017,2017-06-23,-0.010999205617175553,exper2_43
29.38048611111111,28.85887,Calibration,2017,2017-06-24,-0.008956427360059459,exper2_43
28.692361111111097,29.06377,Calibration,2017,2017-06-25,0.006430645094146142,exper2_43
28.46097222222221,28.877674,Calibration,2017,2017-06-26,0.007267382599147076,exper2_43
28.339583333333337,28.236761,Calibration,2017,2017-06-27,-0.001817406925739382,exper2_43
28.230000000000018,27.928942,Calibration,2017,2017-06-28,-0.005360825258792163,exper2_43
27.64736111111108,27.923288,Calibration,2017,2017-06-29,0.004965341181446571,exper2_43
28.267638888888882,28.226948,Calibration,2017,2017-06-30,-0.000720265548633107,exper2_43
28.694444444444457,28.640732,Calibration,2017,2017-07-01,-0.0009368181355408102,exper2_43
27.36375000000004,28.195187,Calibration,2017,2017-07-02,0.014964948316988974,exper2_43
27.633541666666645,27.860437,Calibration,2017,2017-07-03,0.0040886548480710844,exper2_43
28.45541666666668,28.269123,Calibration,2017,2017-07-04,-0.003284179829658488,exper2_43
29.055416666666645,29.028475,Calibration,2017,2017-07-05,-0.0004638439030769579,exper2_43
29.207142857142856,29.483694,Calibration,2017,2017-07-06,0.004711999927820519,exper2_43
29.436969696969697,29.715698,Calibration,2017,2017-07-07,0.004712019845064217,exper2_43
29.908115942028985,30.010725,Calibration,2017,2017-07-08,0.0017124676926913668,exper2_43
29.184927536231896,29.569485,Calibration,2017,2017-07-09,0.006545162478101171,exper2_43
29.665694444444455,29.166094,Calibration,2017,2017-07-10,-0.00849201822408311,exper2_43
29.541944444444425,29.977348,Calibration,2017,2017-07-11,0.007315340336109125,exper2_43
29.61231884057969,29.613972,Calibration,2017,2017-07-12,2.790770129308182e-05,exper2_43
29.999166666666667,30.132301,Calibration,2017,2017-07-13,0.0022140597649447868,exper2_43
30.782083333333333,30.530634,Calibration,2017,2017-07-14,-0.0041010970999144246,exper2_43
31.10877192982457,30.756924,Calibration,2017,2017-07-15,-0.005687291654035284,exper2_43
30.841111111111104,30.651554,Calibration,2017,2017-07-16,-0.0030825953432118626,exper2_43
30.14652777777775,30.156582,Calibration,2017,2017-07-17,0.0001667260766756654,exper2_43
29.686805555555566,29.985079,Calibration,2017,2017-07-18,0.004998556007624412,exper2_43
29.215347222222192,29.422602,Calibration,2017,2017-07-19,0.003534476928625476,exper2_43
29.706111111111113,29.668653,Calibration,2017,2017-07-20,-0.0006308677298300192,exper2_43
29.97625000000005,29.901731,Calibration,2017,2017-07-21,-0.0012445060280175397,exper2_43
30.331818181818164,30.591347,Calibration,2017,2017-07-22,0.004259932313668583,exper2_43
31.29791666666665,30.78543,Calibration,2017,2017-07-23,-0.008254802269569811,exper2_43
29.785833333333358,29.801891,Calibration,2017,2017-07-24,0.0002694849260061551,exper2_43
29.189305555555563,29.203934,Calibration,2017,2017-07-25,0.00025051119696864937,exper2_43
29.566111111111127,29.911549,Calibration,2017,2017-07-26,0.005807852981849408,exper2_43
30.48347826086956,30.617004,Calibration,2017,2017-07-27,0.002185353173308965,exper2_43
30.844583333333333,30.872608,Calibration,2017,2017-07-28,0.0004540850092454371,exper2_43
30.852013888888905,30.331017,Calibration,2017,2017-07-29,-0.008515389720072946,exper2_43
31.35555555555561,30.58057,Calibration,2017,2017-07-30,-0.012512654365965475,exper2_43
31.740151515151524,30.96847,Calibration,2017,2017-07-31,-0.012305834212818358,exper2_43
31.78212121212124,31.799717,Calibration,2017,2017-08-01,0.0002767415641072507,exper2_43
30.871190476190463,31.2384,Calibration,2017,2017-08-02,0.00591227585840352,exper2_43
30.477152777777803,30.48772,Calibration,2017,2017-08-03,0.00017334099388379424,exper2_43
30.450208333333308,30.244867,Calibration,2017,2017-08-04,-0.0033831576330952524,exper2_43
30.422222222222217,30.576336,Calibration,2017,2017-08-05,0.0025265135683005396,exper2_43
30.415972222222194,30.787308,Calibration,2017,2017-08-06,0.006067248638787471,exper2_43
30.37694444444446,30.864517,Calibration,2017,2017-08-07,0.007961481556490211,exper2_43
30.393333333333317,30.593632,Calibration,2017,2017-08-08,0.0032842823182986864,exper2_43
30.60041666666666,30.682465,Calibration,2017,2017-08-09,0.001338839350359745,exper2_43
30.321111111111122,30.918833,Calibration,2017,2017-08-10,0.009760323570719947,exper2_43
30.382083333333355,30.461973,Calibration,2017,2017-08-11,0.001313026473559018,exper2_43
30.631388888888864,30.656153,Calibration,2017,2017-08-12,0.00040405987381229397,exper2_43
30.212430555555557,30.366898,Calibration,2017,2017-08-13,0.0025498306468329066,exper2_43
29.755902777777806,29.937225,Calibration,2017,2017-08-14,0.0030375785242122335,exper2_43
29.220486111111086,29.3676,Calibration,2017,2017-08-15,0.0025109776960792114,exper2_43
29.212222222222238,29.387386,Calibration,2017,2017-08-16,0.0029891684287787486,exper2_43
29.632430555555572,29.553577,Calibration,2017,2017-08-17,-0.0013322934786936826,exper2_43
29.58819444444447,29.508213,Calibration,2017,2017-08-18,-0.001353405471361054,exper2_43
29.354513888888903,29.325485,Calibration,2017,2017-08-19,-0.0004946942711800802,exper2_43
29.1404861111111,29.395842,Calibration,2017,2017-08-20,0.004362342111147957,exper2_43
28.88833333333332,29.001244,Calibration,2017,2017-08-21,0.0019504419270891219,exper2_43
28.86618055555556,29.093197,Calibration,2017,2017-08-22,0.003916817664869384,exper2_43
29.542916666666656,29.387346,Calibration,2017,2017-08-23,-0.00263990675113271,exper2_43
28.928958333333355,29.35477,Calibration,2017,2017-08-24,0.0073058524980928324,exper2_43
29.290694444444455,29.469843,Calibration,2017,2017-08-25,0.0030487887685434747,exper2_43
29.95875000000001,29.776175,Calibration,2017,2017-08-26,-0.003056427309513104,exper2_43
30.05219696969698,30.253143,Calibration,2017,2017-08-27,0.0033321483622525275,exper2_43
30.886666666666656,30.568027,Calibration,2017,2017-08-28,-0.005184944367042099,exper2_43
30.638181818181806,30.576086,Calibration,2017,2017-08-29,-0.0010144003357153526,exper2_43
30.57924242424241,30.968182,Calibration,2017,2017-08-30,0.006319341417894996,exper2_43
30.5734027777778,30.365454,Calibration,2017,2017-08-31,-0.0034124213947515423,exper2_43
30.722500000000025,30.310696,Calibration,2017,2017-09-01,-0.006747219237550365,exper2_43
30.894375000000025,30.5736,Calibration,2017,2017-09-02,-0.00521855855742377,exper2_43
30.628402777777808,29.98299,Calibration,2017,2017-09-03,-0.010648369563637313,exper2_43
30.409097222222215,30.04748,Calibration,2017,2017-09-04,-0.005981443401806047,exper2_43
30.292291666666642,30.059406,Calibration,2017,2017-09-05,-0.0038588042104941277,exper2_43
29.906805555555536,29.947914,Calibration,2017,2017-09-06,0.0006868057890843448,exper2_43
30.01659722222223,29.958248,Calibration,2017,2017-09-07,-0.0009728926092868227,exper2_43
29.315277777777794,29.758987,Calibration,2017,2017-09-08,0.007511048126349799,exper2_43
28.697291666666672,29.140205,Calibration,2017,2017-09-09,0.007657899100499864,exper2_43
28.75187500000004,29.455032,Calibration,2017,2017-09-10,0.012080307658697265,exper2_43
29.135763888888903,29.535019,Calibration,2017,2017-09-11,0.006805006050523189,exper2_43
29.643680555555534,29.669369,Calibration,2017,2017-09-12,0.00043309505487164145,exper2_43
29.45083333333332,29.491596,Calibration,2017,2017-09-13,0.0006915712314215461,exper2_43
28.900138888888875,29.07408,Calibration,2017,2017-09-14,0.0030003099559443545,exper2_43
28.3617361111111,28.637867,Calibration,2017,2017-09-15,0.0048444348349958605,exper2_43
28.169236111111104,28.283812,Calibration,2017,2017-09-16,0.00202957081700117,exper2_43
27.936666666666667,27.934017,Calibration,2017,2017-09-17,-4.742174406506568e-05,exper2_43
27.563819444444448,27.568275,Calibration,2017,2017-09-18,8.082419549094824e-05,exper2_43
26.819027777777762,26.921696,Calibration,2017,2017-09-19,0.001910430764401169,exper2_43
26.591736111111118,26.540888,Calibration,2017,2017-09-20,-0.0009570067257236372,exper2_43
25.93208333333331,26.075636,Calibration,2017,2017-09-21,0.002760216729157509,exper2_43
25.448263888888903,25.35996,Calibration,2017,2017-09-22,-0.0017379732085374946,exper2_43
24.896666666666647,24.927492,Calibration,2017,2017-09-23,0.0006186853083768452,exper2_43
24.269513888888866,24.362337,Calibration,2017,2017-09-24,0.0019086919709344456,exper2_43
23.947777777777787,24.220915,Calibration,2017,2017-09-25,0.005670427160725716,exper2_43
23.617083333333312,23.745708,Calibration,2017,2017-09-26,0.0027157421967220546,exper2_43
23.46118055555553,23.666334,Calibration,2017,2017-09-27,0.004353159676215537,exper2_43
23.46319444444447,23.750536,Calibration,2017,2017-09-28,0.0060859736782010575,exper2_43
23.650972222222208,23.756247,Calibration,2017,2017-09-29,0.002220639540548026,exper2_43
24.023888888888905,23.71668,Calibration,2017,2017-09-30,-0.006434953874994583,exper2_43
23.87270833333332,23.583641,Calibration,2017,2017-10-01,-0.006091224563831842,exper2_43
23.441666666666663,23.277752,Calibration,2017,2017-10-02,-0.00350849280681915,exper2_43
22.997222222222206,23.089417,Calibration,2017,2017-10-03,0.002000455755341849,exper2_43
23.043402777777715,23.040722,Calibration,2017,2017-10-04,-5.817370919599231e-05,exper2_43
23.06361111111113,22.979156,Calibration,2017,2017-10-05,-0.0018342645623429235,exper2_43
22.756944444444457,22.833145,Calibration,2017,2017-10-06,0.0016714311783328573,exper2_43
22.712777777777717,22.729908,Calibration,2017,2017-10-07,0.00037696301252886305,exper2_43
22.905555555555566,22.681717,Calibration,2017,2017-10-08,-0.004910112504218293,exper2_43
22.212222222222238,22.063053,Calibration,2017,2017-10-09,-0.0033691284792318546,exper2_43
21.646527777777806,21.75005,Calibration,2017,2017-10-10,0.0023854833621273974,exper2_43
21.76305555555564,21.90997,Calibration,2017,2017-10-11,0.00336394776097807,exper2_43
21.7811111111111,21.891983,Calibration,2017,2017-10-12,0.0025386779501258274,exper2_43
21.71027777777772,21.905083,Calibration,2017,2017-10-13,0.004466429320158368,exper2_43
21.541041666666672,21.89597,Calibration,2017,2017-10-14,0.008171089942913852,exper2_43
21.137500000000045,21.309734,Calibration,2017,2017-10-15,0.004057610516732391,exper2_43
21.040694444444455,21.327656,Calibration,2017,2017-10-16,0.006773012075967828,exper2_43
21.121249999999975,21.472004,Calibration,2017,2017-10-17,0.008234964562423902,exper2_43
21.35486111111112,21.455822,Calibration,2017,2017-10-18,0.0023583104155321583,exper2_43
21.424791666666692,21.470871,Calibration,2017,2017-10-19,0.0010742182817290876,exper2_43
21.389930555555566,21.26287,Calibration,2017,2017-10-20,-0.0029789313474678464,exper2_43
20.867916666666645,20.79251,Calibration,2017,2017-10-21,-0.0018100532180719067,exper2_43
20.712916666666672,20.6908,Calibration,2017,2017-10-22,-0.000534177978832257,exper2_43
20.868055555555543,20.836197,Calibration,2017,2017-10-23,-0.000763918647765716,exper2_43
20.573263888888903,20.517443,Calibration,2017,2017-10-24,-0.0013584868762640274,exper2_43
20.519722222222242,20.420109,Calibration,2017,2017-10-25,-0.0024331665417455686,exper2_43
20.645694444444416,20.652,Calibration,2017,2017-10-26,0.00015269575750583454,exper2_43
20.5022222222222,20.531185,Calibration,2017,2017-10-27,0.0007058377497498866,exper2_43
20.422500000000014,20.434397,Calibration,2017,2017-10-28,0.000291180797430808,exper2_43
20.539513888888905,20.575756,Calibration,2017,2017-10-29,0.000881477469143158,exper2_43
20.7834722222222,20.652998,Calibration,2017,2017-10-30,-0.003148778142396104,exper2_43
20.539583333333326,20.349907,Calibration,2017,2017-10-31,-0.0046387570685039745,exper2_43
20.63263888888889,20.397964,Calibration,2017,2017-11-01,-0.005719496963133721,exper2_43
20.469097222222217,20.307016,Calibration,2017,2017-11-02,-0.003974896949517367,exper2_43
20.313333333333333,20.137005,Calibration,2017,2017-11-03,-0.004359134903377868,exper2_43
20.20666666666665,19.898941,Calibration,2017,2017-11-04,-0.007672882776842566,exper2_43
20.05916666666667,19.74776,Calibration,2017,2017-11-05,-0.007822907066511998,exper2_43
19.909027777777794,19.658325,Calibration,2017,2017-11-06,-0.00633609689876896,exper2_43
19.765277777777783,19.728897,Calibration,2017,2017-11-07,-0.0009211657964412466,exper2_43
19.513194444444423,19.515694,Calibration,2017,2017-11-08,6.403513467713344e-05,exper2_43
19.414861111111122,19.553682,Calibration,2017,2017-11-09,0.0035623917116351642,exper2_43
19.40513888888887,19.578842,Calibration,2017,2017-11-10,0.004455760276650024,exper2_43
19.302916666666647,19.554314,Calibration,2017,2017-11-11,0.006469760991455511,exper2_43
19.15763888888887,18.968807,Calibration,2017,2017-11-12,-0.004952773932516792,exper2_43
19.08000000000004,19.30185,Calibration,2017,2017-11-13,0.005780059296342328,exper2_43
19.058333333333337,19.297836,Calibration,2017,2017-11-14,0.006244183729604979,exper2_43
18.924444444444475,19.196018,Calibration,2017,2017-11-15,0.0071240943990465285,exper2_43
18.820833333333326,18.580856,Calibration,2017,2017-11-16,-0.006416207724694288,exper2_43
18.70430555555555,18.488462,Calibration,2017,2017-11-17,-0.005803362293822856,exper2_43
18.493055555555543,18.541943,Calibration,2017,2017-11-18,0.0013200227708766786,exper2_43
18.28145833333332,18.388342,Calibration,2017,2017-11-19,0.002914757366070968,exper2_43
18.16402777777779,18.14318,Calibration,2017,2017-11-20,-0.0005741815854027816,exper2_43
18.108888888888885,17.926746,Calibration,2017,2017-11-21,-0.005054511157640776,exper2_43
18.16958333333332,18.250164,Calibration,2017,2017-11-22,0.00221255512403256,exper2_43
18.16402777777779,18.354406,Calibration,2017,2017-11-23,0.005213218571532675,exper2_43
18.179444444444414,18.337908,Calibration,2017,2017-11-24,0.004339398587033276,exper2_43
18.228611111111093,18.421593,Calibration,2017,2017-11-25,0.005265498719203333,exper2_43
18.185833333333335,18.503946,Calibration,2017,2017-11-26,0.008670342916463738,exper2_43
18.02555555555557,18.130295,Calibration,2017,2017-11-27,0.002896882336321244,exper2_43
17.778472222222206,17.679806,Calibration,2017,2017-11-28,-0.0027826073975910823,exper2_43
17.64083333333332,17.69785,Calibration,2017,2017-11-29,0.0016134144269714134,exper2_43
17.579444444444448,17.689348,Calibration,2017,2017-11-30,0.003116176315527048,exper2_43
17.47075000000001,17.77988,Calibration,2017,2017-12-01,0.008769503384455911,exper2_43
17.415789473684185,17.95568,Calibration,2017,2017-12-02,0.015263469926086367,exper2_43
17.356944444444423,17.540512,Calibration,2017,2017-12-03,0.005260201137060989,exper2_43
17.15430555555554,17.091284,Calibration,2017,2017-12-04,-0.0018402882977635471,exper2_43
16.74555555555554,16.821772,Calibration,2017,2017-12-05,0.0022705431905878366,exper2_43
16.38472222222225,16.616327,Calibration,2017,2017-12-06,0.007018112059990202,exper2_43
16.22222222222223,16.424807,Calibration,2017,2017-12-07,0.006205292792845963,exper2_43
16.143194444444475,16.256536,Calibration,2017,2017-12-08,0.003498240141910897,exper2_43
16.110138888888912,16.15537,Calibration,2017,2017-12-09,0.0014018629784704384,exper2_43
15.991805555555572,16.045591,Calibration,2017,2017-12-10,0.0016788442258828156,exper2_43
15.892361111111086,15.968397,Calibration,2017,2017-12-11,0.0023865103520564197,exper2_43
15.86388888888888,15.835098,Calibration,2017,2017-12-12,-0.0009082505427095594,exper2_43
15.836805555555543,15.761581,Calibration,2017,2017-12-13,-0.00238063210989725,exper2_43
15.680416666666645,14.383022,Validation,2017,2017-12-14,-0.04315522117729826,exper2_43
15.545138888888914,14.978537,Validation,2017,2017-12-15,-0.018562714806475138,exper2_43
15.44083333333333,14.818271,Validation,2017,2017-12-16,-0.020574391419612773,exper2_43
15.343055555555566,14.185634,Validation,2017,2017-12-17,-0.0391965213141945,exper2_43
15.26569444444442,13.708183,Validation,2017,2017-12-18,-0.0537557026443603,exper2_43
15.206944444444446,13.715568,Validation,2017,2017-12-19,-0.05156456859361803,exper2_43
15.078333333333319,13.468981,Validation,2017,2017-12-20,-0.05637491979952343,exper2_43
14.92847222222224,13.11014,Validation,2017,2017-12-21,-0.06485101227351076,exper2_43
14.754166666666663,12.912874,Validation,2017,2017-12-22,-0.0665518387849115,exper2_43
14.670833333333348,12.786081,Validation,2017,2017-12-23,-0.06864398434598033,exper2_43
14.637222222222249,12.70952,Validation,2017,2017-12-24,-0.07049109698797666,exper2_43
14.627013888888882,12.665281,Validation,2017,2017-12-25,-0.07187862288015835,exper2_43
14.534166666666636,13.101933,Validation,2017,2017-12-26,-0.0518247575776124,exper2_43
14.47631944444447,13.450745,Validation,2017,2017-12-27,-0.03672333091815659,exper2_43
14.452638888888885,13.489989,Validation,2017,2017-12-28,-0.03445093290243431,exper2_43
14.415833333333353,13.62834,Validation,2017,2017-12-29,-0.028080470158527562,exper2_43
14.358333333333348,13.662088,Validation,2017,2017-12-30,-0.024847768029309703,exper2_43
14.302222222222213,13.607309,Validation,2017,2017-12-31,-0.024898765470379555,exper2_43
14.225625000000036,13.280281,Validation,2018,2018-01-01,-0.03436876177815854,exper2_43
14.145486111111097,13.732982,Validation,2018,2018-01-02,-0.014796524412719222,exper2_43
14.100000000000023,14.19101,Validation,2018,2018-01-03,0.003216939714422063,exper2_43
14.128819444444446,14.421944,Validation,2018,2018-01-04,0.010266773570545425,exper2_43
14.121041666666656,14.657459,Validation,2018,2018-01-05,0.01863952517024658,exper2_43
14.024027777777803,14.7745495,Validation,2018,2018-01-06,0.026061068907895186,exper2_43
14.020694444444416,14.869535,Validation,2018,2018-01-07,0.029381593879196782,exper2_43
14.004583333333358,14.682086,Validation,2018,2018-01-08,0.023617334236845013,exper2_43
13.897916666666674,14.76478,Validation,2018,2018-01-09,0.030243608500018976,exper2_43
13.909027777777794,14.734002,Validation,2018,2018-01-10,0.028801922795892825,exper2_43
14.02555555555557,14.531073,Validation,2018,2018-01-11,0.01770226715753831,exper2_43
14.053194444444443,14.541973,Validation,2018,2018-01-12,0.017093051424510834,exper2_43
14.073750000000018,14.537802,Validation,2018,2018-01-13,0.016219034421104547,exper2_43
14.106250000000045,14.712139,Validation,2018,2018-01-14,0.021024392685970443,exper2_43
14.205000000000041,14.669755,Validation,2018,2018-01-15,0.01609554721016312,exper2_43
14.12923611111114,14.818281,Validation,2018,2018-01-16,0.02380325247983579,exper2_43
14.053611111111081,14.458527,Validation,2018,2018-01-17,0.014201513199705577,exper2_43
14.137638888888887,14.634991,Validation,2018,2018-01-18,0.017285587396493465,exper2_43
14.054791666666688,14.598444,Validation,2018,2018-01-19,0.018973505293714315,exper2_43
13.877083333333303,14.555033,Validation,2018,2018-01-20,0.023844493151921598,exper2_43
13.774166666666645,13.588917,Validation,2018,2018-01-21,-0.006770066263657042,exper2_43
13.669444444444423,13.356319,Validation,2018,2018-01-22,-0.011586167126967254,exper2_43
13.628888888888866,13.215828,Validation,2018,2018-01-23,-0.015387048021332433,exper2_43
13.682916666666642,13.2644615,Validation,2018,2018-01-24,-0.01552860343130175,exper2_43
13.598611111111097,13.186564,Validation,2018,2018-01-25,-0.015383384915461503,exper2_43
13.509722222222194,13.132474,Validation,2018,2018-01-26,-0.014159804027713743,exper2_43
13.447222222222194,13.068242,Validation,2018,2018-01-27,-0.01429279702375629,exper2_43
13.525416666666672,13.101661,Validation,2018,2018-01-28,-0.015914474274586542,exper2_43
13.685277777777799,13.132991,Validation,2018,2018-01-29,-0.020593683679277507,exper2_43
13.857083333333321,13.039155,Validation,2018,2018-01-30,-0.03041051007181383,exper2_43
13.853472222222251,13.262525,Validation,2018,2018-01-31,-0.021793320791218006,exper2_43
13.946944444444455,13.189476,Validation,2018,2018-02-01,-0.027913351078990106,exper2_43
13.980138888888916,13.328078,Validation,2018,2018-02-02,-0.02387781725688978,exper2_43
14.010000000000048,13.417273,Validation,2018,2018-02-03,-0.021610877668820604,exper2_43
14.131416666666667,13.383187,Validation,2018,2018-02-04,-0.027193899419005737,exper2_43
14.133425925925906,13.64089,Validation,2018,2018-02-05,-0.017733498950095745,exper2_43
14.148730158730189,13.447096,Validation,2018,2018-02-06,-0.025425377265508475,exper2_43
13.980416666666656,13.406759,Validation,2018,2018-02-07,-0.02094620511709854,exper2_43
14.027121212121244,13.348095,Validation,2018,2018-02-08,-0.02480441681840305,exper2_43
14.192807017543885,13.465756,Validation,2018,2018-02-09,-0.026286636432205124,exper2_43
14.386166666666668,13.482168,Validation,2018,2018-02-10,-0.03243819458309022,exper2_43
13.632638888888891,12.839259,Validation,2018,2018-02-11,-0.02997064056947987,exper2_43
13.379652777777778,12.730745,Validation,2018,2018-02-12,-0.0248524537966274,exper2_43
13.401388888888903,12.807547,Validation,2018,2018-02-13,-0.02265800811279016,exper2_43
13.583124999999995,12.796283,Validation,2018,2018-02-14,-0.029827896011279456,exper2_43
13.554097222222197,12.969906,Validation,2018,2018-02-15,-0.022025007586070754,exper2_43
13.408194444444462,12.780423,Validation,2018,2018-02-16,-0.02397114996499658,exper2_43
13.476944444444428,12.81637,Validation,2018,2018-02-17,-0.025123285054210676,exper2_43
13.431249999999977,12.632216,Validation,2018,2018-02-18,-0.03065722465857299,exper2_43
13.225694444444457,12.446236,Validation,2018,2018-02-19,-0.030362297834016973,exper2_43
13.210138888888878,12.329561,Validation,2018,2018-02-20,-0.03447877818250974,exper2_43
13.20861111111111,12.28644,Validation,2018,2018-02-21,-0.03617059700086116,exper2_43
13.08715277777776,11.990748,Validation,2018,2018-02-22,-0.04371994148594111,exper2_43
12.920000000000016,11.893194,Validation,2018,2018-02-23,-0.041381443806585906,exper2_43
13.008611111111122,11.919598,Validation,2018,2018-02-24,-0.04368599031221821,exper2_43
12.896388888888907,12.103014,Validation,2018,2018-02-25,-0.031735753863785986,exper2_43
12.880833333333328,12.186473,Validation,2018,2018-02-26,-0.027699842747733395,exper2_43
12.800277777777808,12.158949,Validation,2018,2018-02-27,-0.025695062102090844,exper2_43
12.903472222222206,12.351016,Validation,2018,2018-02-28,-0.021875564128176147,exper2_43
12.860416666666652,12.2268505,Validation,2018,2018-03-01,-0.025254490757023167,exper2_43
12.66527777777776,11.963886,Validation,2018,2018-03-02,-0.028478088646756536,exper2_43
12.660555555555561,11.936565,Validation,2018,2018-03-03,-0.02943393894424663,exper2_43
12.822777777777787,11.888079,Validation,2018,2018-03-04,-0.0378254428144763,exper2_43
12.912708333333342,11.969677,Validation,2018,2018-03-05,-0.03789955626629799,exper2_43
12.675347222222229,12.046043,Validation,2018,2018-03-06,-0.025455842510832383,exper2_43
12.68083333333334,12.225175,Validation,2018,2018-03-07,-0.01829512080474934,exper2_43
12.95402777777781,12.632179,Validation,2018,2018-03-08,-0.012578985116688202,exper2_43
13.501666666666665,13.308731,Validation,2018,2018-03-09,-0.007196297100648413,exper2_43
13.556666666666672,13.381818,Validation,2018,2018-03-10,-0.006490671332317616,exper2_43
13.742361111111109,12.868779,Validation,2018,2018-03-11,-0.03282767739527956,exper2_43
14.55041666666665,13.866536,Validation,2018,2018-03-12,-0.024065934545018527,exper2_43
15.618680555555557,14.063534,Validation,2018,2018-03-13,-0.05239321955096427,exper2_43
15.771250000000009,13.938053,Validation,2018,2018-03-14,-0.061704472191987124,exper2_43
13.615138888888907,13.078293,Validation,2018,2018-03-15,-0.020111540828745545,exper2_43
13.554861111111109,13.455909,Validation,2018,2018-03-16,-0.0036634400351243756,exper2_43
13.302083333333314,13.383272,Validation,2018,2018-03-17,0.003042449169318623,exper2_43
13.416111111111093,13.349241,Validation,2018,2018-03-18,-0.002498373773610795,exper2_43
13.787986111111081,13.692282,Validation,2018,2018-03-19,-0.003482658490312998,exper2_43
14.410069444444446,13.796776,Validation,2018,2018-03-20,-0.021742723118090584,exper2_43
14.727361111111122,14.206182,Validation,2018,2018-03-21,-0.018012988988608748,exper2_43
14.611111111111086,14.5223875,Validation,2018,2018-03-22,-0.003045415440961507,exper2_43
14.278402777777785,14.866029,Validation,2018,2018-03-23,0.02016254826064441,exper2_43
14.673611111111086,14.636191,Validation,2018,2018-03-24,-0.001276697208539559,exper2_43
14.139861111111088,14.453529,Validation,2018,2018-03-25,0.010969956400899842,exper2_43
14.32458333333335,14.509802,Validation,2018,2018-03-26,0.006423529755154742,exper2_43
13.786249999999995,14.566017,Validation,2018,2018-03-27,0.02750281473891722,exper2_43
14.47208333333333,14.865094,Validation,2018,2018-03-28,0.013396341597559152,exper2_43
15.310555555555538,15.820304,Validation,2018,2018-03-29,0.01637437481692811,exper2_43
16.250833333333333,16.027914,Validation,2018,2018-03-30,-0.0069060699123124954,exper2_43
17.017361111111086,16.238426,Validation,2018,2018-03-31,-0.02342253680927717,exper2_43
16.395833333333314,16.26425,Validation,2018,2018-04-01,-0.004028879263834025,exper2_43
16.257361111111095,16.388783,Validation,2018,2018-04-02,0.0040256329099760775,exper2_43
15.547083333333319,16.248848,Validation,2018,2018-04-03,0.022070893963974995,exper2_43
15.53875000000005,16.30994,Validation,2018,2018-04-04,0.024214193109577,exper2_43
16.64777777777772,16.670982,Validation,2018,2018-04-05,0.0006964419733983346,exper2_43
17.463750000000005,16.687624,Validation,2018,2018-04-06,-0.022726055556258028,exper2_43
17.637777777777785,16.852453,Validation,2018,2018-04-07,-0.022769477703640725,exper2_43
16.680277777777803,17.399033,Validation,2018,2018-04-08,0.021090650226793548,exper2_43
16.938611111111072,17.118008,Validation,2018,2018-04-09,0.005267597174199671,exper2_43
16.83708333333334,17.748856,Validation,2018,2018-04-10,0.026362512797078415,exper2_43
17.559583333333308,17.254711,Validation,2018,2018-04-11,-0.008757097816426467,exper2_43
16.461250000000007,16.887783,Validation,2018,2018-04-12,0.012789967549905704,exper2_43
16.260000000000048,16.683676,Validation,2018,2018-04-13,0.012860609999948347,exper2_43
16.374305555555566,16.847416,Validation,2018,2018-04-14,0.014240994970920453,exper2_43
17.19930555555561,17.02972,Validation,2018,2018-04-15,-0.004954428146540751,exper2_43
16.162222222222226,16.953691,Validation,2018,2018-04-16,0.02389996747116199,exper2_43
15.611250000000041,16.832523,Validation,2018,2018-04-17,0.03764276531354141,exper2_43
16.355208333333337,17.151974,Validation,2018,2018-04-18,0.023778943560812907,exper2_43
16.172222222222217,17.015753,Validation,2018,2018-04-19,0.025416753199482323,exper2_43
16.233888888888885,17.03623,Validation,2018,2018-04-20,0.02411597021838403,exper2_43
17.481527777777785,17.558863,Validation,2018,2018-04-21,0.002207021878338875,exper2_43
19.061666666666667,18.03926,Validation,2018,2018-04-22,-0.027557418923196894,exper2_43
19.378583333333324,18.322966,Validation,2018,2018-04-23,-0.027999319408260066,exper2_43
18.80263888888885,19.191097,Validation,2018,2018-04-24,0.010224274051787009,exper2_43
19.04257575757572,18.799105,Validation,2018,2018-04-25,-0.006433939088875974,exper2_43
20.216666666666697,19.777912,Validation,2018,2018-04-26,-0.010970349979086698,exper2_43
,19.253305,Validation,2018,2018-04-27,,exper2_43
,19.34021,Validation,2018,2018-04-28,,exper2_43
,18.567436,Validation,2018,2018-04-29,,exper2_43
,18.26622,Validation,2018,2018-04-30,,exper2_43
,18.297924,Validation,2018,2018-05-01,,exper2_43
,18.258385,Validation,2018,2018-05-02,,exper2_43
,18.416037,Validation,2018,2018-05-03,,exper2_43
,19.145908,Validation,2018,2018-05-04,,exper2_43
,20.130255,Validation,2018,2018-05-05,,exper2_43
,20.415499,Validation,2018,2018-05-06,,exper2_43
,20.265808,Validation,2018,2018-05-07,,exper2_43
,21.36377,Validation,2018,2018-05-08,,exper2_43
,21.797955,Validation,2018,2018-05-09,,exper2_43
,21.491367,Validation,2018,2018-05-10,,exper2_43
,20.206156,Validation,2018,2018-05-11,,exper2_43
,19.680494,Validation,2018,2018-05-12,,exper2_43
,20.086903,Validation,2018,2018-05-13,,exper2_43
,19.886524,Validation,2018,2018-05-14,,exper2_43
,20.807785,Validation,2018,2018-05-15,,exper2_43
,20.886414,Validation,2018,2018-05-16,,exper2_43
,20.96475,Validation,2018,2018-05-17,,exper2_43
,21.114826,Validation,2018,2018-05-18,,exper2_43
,21.846321,Validation,2018,2018-05-19,,exper2_43
,21.380522,Validation,2018,2018-05-20,,exper2_43
,21.171392,Validation,2018,2018-05-21,,exper2_43
,21.307768,Validation,2018,2018-05-22,,exper2_43
,21.59389,Validation,2018,2018-05-23,,exper2_43
,21.955576,Validation,2018,2018-05-24,,exper2_43
,21.72591,Validation,2018,2018-05-25,,exper2_43
,21.069317,Validation,2018,2018-05-26,,exper2_43
,21.440174,Validation,2018,2018-05-27,,exper2_43
,22.219109,Validation,2018,2018-05-28,,exper2_43
,22.742144,Validation,2018,2018-05-29,,exper2_43
,23.052994,Validation,2018,2018-05-30,,exper2_43
,22.213463,Validation,2018,2018-05-31,,exper2_43
,22.589025,Validation,2018,2018-06-01,,exper2_43
,23.520706,Validation,2018,2018-06-02,,exper2_43
,24.433853,Validation,2018,2018-06-03,,exper2_43
,24.737114,Validation,2018,2018-06-04,,exper2_43
,24.282824,Validation,2018,2018-06-05,,exper2_43
,24.148163,Validation,2018,2018-06-06,,exper2_43
,23.899992,Validation,2018,2018-06-07,,exper2_43
,24.777205,Validation,2018,2018-06-08,,exper2_43
,24.693705,Validation,2018,2018-06-09,,exper2_43
,24.544518,Validation,2018,2018-06-10,,exper2_43
,25.451862,Validation,2018,2018-06-11,,exper2_43
,26.125006,Validation,2018,2018-06-12,,exper2_43
,26.351343,Validation,2018,2018-06-13,,exper2_43
,25.992292,Validation,2018,2018-06-14,,exper2_43
,26.359524,Validation,2018,2018-06-15,,exper2_43
,23.875612,Validation,2018,2018-06-16,,exper2_43
,23.55026,Validation,2018,2018-06-17,,exper2_43
,24.266636,Validation,2018,2018-06-18,,exper2_43
,25.600609,Validation,2018,2018-06-19,,exper2_43
,26.511002,Validation,2018,2018-06-20,,exper2_43
,26.982098,Validation,2018,2018-06-21,,exper2_43
,27.351337,Validation,2018,2018-06-22,,exper2_43
,27.4338,Validation,2018,2018-06-23,,exper2_43
,27.204021,Validation,2018,2018-06-24,,exper2_43
,27.624874,Validation,2018,2018-06-25,,exper2_43
,27.95722,Validation,2018,2018-06-26,,exper2_43
,27.928892,Validation,2018,2018-06-27,,exper2_43
,27.609056,Validation,2018,2018-06-28,,exper2_43
,27.232506,Validation,2018,2018-06-29,,exper2_43
,27.295843,Validation,2018,2018-06-30,,exper2_43
,28.10571,Validation,2018,2018-07-01,,exper2_43
,28.419554,Validation,2018,2018-07-02,,exper2_43
,27.904308,Validation,2018,2018-07-03,,exper2_43
,27.922039,Validation,2018,2018-07-04,,exper2_43
,28.96739,Validation,2018,2018-07-05,,exper2_43
,29.651691,Validation,2018,2018-07-06,,exper2_43
,30.365423,Validation,2018,2018-07-07,,exper2_43
,30.779846,Validation,2018,2018-07-08,,exper2_43
,30.83912,Validation,2018,2018-07-09,,exper2_43
,29.427773,Validation,2018,2018-07-10,,exper2_43
,29.15419,Validation,2018,2018-07-11,,exper2_43
,29.20522,Validation,2018,2018-07-12,,exper2_43
,29.204105,Validation,2018,2018-07-13,,exper2_43
,30.471195,Validation,2018,2018-07-14,,exper2_43
,30.177338,Validation,2018,2018-07-15,,exper2_43
,30.612202,Validation,2018,2018-07-16,,exper2_43
,31.166428,Validation,2018,2018-07-17,,exper2_43
,30.96286,Validation,2018,2018-07-18,,exper2_43
,30.958723,Validation,2018,2018-07-19,,exper2_43
,30.955658,Validation,2018,2018-07-20,,exper2_43
,30.879593,Validation,2018,2018-07-21,,exper2_43
,30.406101,Validation,2018,2018-07-22,,exper2_43
,31.430103,Validation,2018,2018-07-23,,exper2_43
,32.370964,Validation,2018,2018-07-24,,exper2_43
,32.690964,Validation,2018,2018-07-25,,exper2_43
,33.077072,Validation,2018,2018-07-26,,exper2_43
,32.642372,Validation,2018,2018-07-27,,exper2_43
,32.837868,Validation,2018,2018-07-28,,exper2_43
,32.046436,Validation,2018,2018-07-29,,exper2_43
,32.16421,Validation,2018,2018-07-30,,exper2_43
,32.16741,Validation,2018,2018-07-31,,exper2_43
,32.39696,Validation,2018,2018-08-01,,exper2_43
,32.35436,Validation,2018,2018-08-02,,exper2_43
,31.736385,Validation,2018,2018-08-03,,exper2_43
,32.037926,Validation,2018,2018-08-04,,exper2_43
,31.45705,Validation,2018,2018-08-05,,exper2_43
,31.295834,Validation,2018,2018-08-06,,exper2_43
,31.376469,Validation,2018,2018-08-07,,exper2_43
,30.788465,Validation,2018,2018-08-08,,exper2_43
,30.737888,Validation,2018,2018-08-09,,exper2_43
,30.042862,Validation,2018,2018-08-10,,exper2_43
,29.886917,Validation,2018,2018-08-11,,exper2_43
,29.923418,Validation,2018,2018-08-12,,exper2_43
,29.958508,Validation,2018,2018-08-13,,exper2_43
,30.294437,Validation,2018,2018-08-14,,exper2_43
,30.246376,Validation,2018,2018-08-15,,exper2_43
,30.052795,Validation,2018,2018-08-16,,exper2_43
,30.071514,Validation,2018,2018-08-17,,exper2_43
,30.379559,Validation,2018,2018-08-18,,exper2_43
,30.928658,Validation,2018,2018-08-19,,exper2_43
,31.006712,Validation,2018,2018-08-20,,exper2_43
,30.06361,Validation,2018,2018-08-21,,exper2_43
,29.920921,Validation,2018,2018-08-22,,exper2_43
,30.250546,Validation,2018,2018-08-23,,exper2_43
,30.240322,Validation,2018,2018-08-24,,exper2_43
,30.303202,Validation,2018,2018-08-25,,exper2_43
,30.245153,Validation,2018,2018-08-26,,exper2_43
,29.730232,Validation,2018,2018-08-27,,exper2_43
,29.639488,Validation,2018,2018-08-28,,exper2_43
,29.860668,Validation,2018,2018-08-29,,exper2_43
,29.50294,Validation,2018,2018-08-30,,exper2_43
,29.337599,Validation,2018,2018-08-31,,exper2_43
,29.225552,Validation,2018,2018-09-01,,exper2_43
,29.434414,Validation,2018,2018-09-02,,exper2_43
,29.227411,Validation,2018,2018-09-03,,exper2_43
,28.761303,Validation,2018,2018-09-04,,exper2_43
,28.860428,Validation,2018,2018-09-05,,exper2_43
,29.262909,Validation,2018,2018-09-06,,exper2_43
,29.441643,Validation,2018,2018-09-07,,exper2_43
,29.546204,Validation,2018,2018-09-08,,exper2_43
,29.598583,Validation,2018,2018-09-09,,exper2_43
,29.5403,Validation,2018,2018-09-10,,exper2_43
,29.465034,Validation,2018,2018-09-11,,exper2_43
,29.032488,Validation,2018,2018-09-12,,exper2_43
,28.803612,Validation,2018,2018-09-13,,exper2_43
,29.046963,Validation,2018,2018-09-14,,exper2_43
,29.104937,Validation,2018,2018-09-15,,exper2_43
,28.88289,Validation,2018,2018-09-16,,exper2_43
,28.85965,Validation,2018,2018-09-17,,exper2_43
,28.800545,Validation,2018,2018-09-18,,exper2_43
,28.531387,Validation,2018,2018-09-19,,exper2_43
,28.366005,Validation,2018,2018-09-20,,exper2_43
,28.340382,Validation,2018,2018-09-21,,exper2_43
,28.188635,Validation,2018,2018-09-22,,exper2_43
,27.908142,Validation,2018,2018-09-23,,exper2_43
,27.621544,Validation,2018,2018-09-24,,exper2_43
,27.412428,Validation,2018,2018-09-25,,exper2_43
,27.221848,Validation,2018,2018-09-26,,exper2_43
,27.068003,Validation,2018,2018-09-27,,exper2_43
,26.880043,Validation,2018,2018-09-28,,exper2_43
,26.237474,Validation,2018,2018-09-29,,exper2_43
,25.4465,Validation,2018,2018-09-30,,exper2_43
,24.990099,Validation,2018,2018-10-01,,exper2_43
,24.34615,Validation,2018,2018-10-02,,exper2_43
,24.251053,Validation,2018,2018-10-03,,exper2_43
,23.85739,Validation,2018,2018-10-04,,exper2_43
,23.725573,Validation,2018,2018-10-05,,exper2_43
,22.994617,Validation,2018,2018-10-06,,exper2_43
,22.429502,Validation,2018,2018-10-07,,exper2_43
,22.61415,Validation,2018,2018-10-08,,exper2_43
,22.676693,Validation,2018,2018-10-09,,exper2_43
,22.188457,Validation,2018,2018-10-10,,exper2_43
,22.029879,Validation,2018,2018-10-11,,exper2_43
,21.904537,Validation,2018,2018-10-12,,exper2_43
,21.857368,Validation,2018,2018-10-13,,exper2_43
,21.813194,Validation,2018,2018-10-14,,exper2_43
,21.092588,Validation,2018,2018-10-15,,exper2_43
,20.633492,Validation,2018,2018-10-16,,exper2_43
,20.730305,Validation,2018,2018-10-17,,exper2_43
,20.661755,Validation,2018,2018-10-18,,exper2_43
,20.551912,Validation,2018,2018-10-19,,exper2_43
,20.400953,Validation,2018,2018-10-20,,exper2_43
,20.35146,Validation,2018,2018-10-21,,exper2_43
,20.487547,Validation,2018,2018-10-22,,exper2_43
,20.60619,Validation,2018,2018-10-23,,exper2_43
,20.691174,Validation,2018,2018-10-24,,exper2_43
,20.79686,Validation,2018,2018-10-25,,exper2_43
,20.839014,Validation,2018,2018-10-26,,exper2_43
,20.90322,Validation,2018,2018-10-27,,exper2_43
,20.98446,Validation,2018,2018-10-28,,exper2_43
,20.90057,Validation,2018,2018-10-29,,exper2_43
,20.798815,Validation,2018,2018-10-30,,exper2_43
,20.328306,Validation,2018,2018-10-31,,exper2_43
,20.216574,Validation,2018,2018-11-01,,exper2_43
,20.400179,Validation,2018,2018-11-02,,exper2_43
,20.478035,Validation,2018,2018-11-03,,exper2_43
,20.243326,Validation,2018,2018-11-04,,exper2_43
,20.288734,Validation,2018,2018-11-05,,exper2_43
,20.391218,Validation,2018,2018-11-06,,exper2_43
,20.364948,Validation,2018,2018-11-07,,exper2_43
,19.93581,Validation,2018,2018-11-08,,exper2_43
,19.542625,Validation,2018,2018-11-09,,exper2_43
,19.600578,Validation,2018,2018-11-10,,exper2_43
,19.406961,Validation,2018,2018-11-11,,exper2_43
,19.110056,Validation,2018,2018-11-12,,exper2_43
,18.940367,Validation,2018,2018-11-13,,exper2_43
,18.89607,Validation,2018,2018-11-14,,exper2_43
,18.945847,Validation,2018,2018-11-15,,exper2_43
,18.785288,Validation,2018,2018-11-16,,exper2_43
,18.753632,Validation,2018,2018-11-17,,exper2_43
,18.544346,Validation,2018,2018-11-18,,exper2_43
,18.438559,Validation,2018,2018-11-19,,exper2_43
,18.133167,Validation,2018,2018-11-20,,exper2_43
,18.098965,Validation,2018,2018-11-21,,exper2_43
,17.827066,Validation,2018,2018-11-22,,exper2_43
,17.834938,Validation,2018,2018-11-23,,exper2_43
,17.979687,Validation,2018,2018-11-24,,exper2_43
,17.557615,Validation,2018,2018-11-25,,exper2_43
,17.19869,Validation,2018,2018-11-26,,exper2_43
,17.264519,Validation,2018,2018-11-27,,exper2_43
,17.339127,Validation,2018,2018-11-28,,exper2_43
,17.02063,Validation,2018,2018-11-29,,exper2_43
,16.98745,Validation,2018,2018-11-30,,exper2_43
,17.21138,Validation,2018,2018-12-01,,exper2_43
,17.038734,Validation,2018,2018-12-02,,exper2_43
,16.74012,Validation,2018,2018-12-03,,exper2_43
,16.46926,Validation,2018,2018-12-04,,exper2_43
,16.394882,Validation,2018,2018-12-05,,exper2_43
,16.06902,Validation,2018,2018-12-06,,exper2_43
,15.925205,Validation,2018,2018-12-07,,exper2_43
,16.238417,Validation,2018,2018-12-08,,exper2_43
,14.419528,Validation,2018,2018-12-09,,exper2_43
,15.144257,Validation,2018,2018-12-10,,exper2_43
,14.592842,Validation,2018,2018-12-11,,exper2_43
,14.76578,Validation,2018,2018-12-12,,exper2_43
,14.176352,Validation,2018,2018-12-13,,exper2_43
,13.950438,Validation,2018,2018-12-14,,exper2_43
,13.900402,Validation,2018,2018-12-15,,exper2_43
,13.91758,Validation,2018,2018-12-16,,exper2_43
,14.256005,Validation,2018,2018-12-17,,exper2_43
,14.278612,Validation,2018,2018-12-18,,exper2_43
,14.35306,Validation,2018,2018-12-19,,exper2_43
,14.430894,Validation,2018,2018-12-20,,exper2_43
,14.4947,Validation,2018,2018-12-21,,exper2_43
,14.79856,Validation,2018,2018-12-22,,exper2_43
,14.540496,Validation,2018,2018-12-23,,exper2_43
,14.416449,Validation,2018,2018-12-24,,exper2_43
,14.40732,Validation,2018,2018-12-25,,exper2_43
,14.299411,Validation,2018,2018-12-26,,exper2_43
,13.858243,Validation,2018,2018-12-27,,exper2_43
,13.40466,Validation,2018,2018-12-28,,exper2_43
,13.156174,Validation,2018,2018-12-29,,exper2_43
,13.002384,Validation,2018,2018-12-30,,exper2_43
,13.067429,Validation,2018,2018-12-31,,exper2_43
,13.225903,Validation,2019,2019-01-01,,exper2_43
,13.583502,Validation,2019,2019-01-02,,exper2_43
,14.055303,Validation,2019,2019-01-03,,exper2_43
,14.395981,Validation,2019,2019-01-04,,exper2_43
,14.258104,Validation,2019,2019-01-05,,exper2_43
,14.057437,Validation,2019,2019-01-06,,exper2_43
,13.800002,Validation,2019,2019-01-07,,exper2_43
,14.140144,Validation,2019,2019-01-08,,exper2_43
,14.299364,Validation,2019,2019-01-09,,exper2_43
,14.352722,Validation,2019,2019-01-10,,exper2_43
,14.38193,Validation,2019,2019-01-11,,exper2_43
,14.26964,Validation,2019,2019-01-12,,exper2_43
,14.025792,Validation,2019,2019-01-13,,exper2_43
,13.99761,Validation,2019,2019-01-14,,exper2_43
,13.874311,Validation,2019,2019-01-15,,exper2_43
,13.466282,Validation,2019,2019-01-16,,exper2_43
,13.643487,Validation,2019,2019-01-17,,exper2_43
,13.264765,Validation,2019,2019-01-18,,exper2_43
,13.208252,Validation,2019,2019-01-19,,exper2_43
,13.190731,Validation,2019,2019-01-20,,exper2_43
,13.229083,Validation,2019,2019-01-21,,exper2_43
,13.1646,Validation,2019,2019-01-22,,exper2_43
,13.080797,Validation,2019,2019-01-23,,exper2_43
,13.0819,Validation,2019,2019-01-24,,exper2_43
,13.103449,Validation,2019,2019-01-25,,exper2_43
,13.085202,Validation,2019,2019-01-26,,exper2_43
,13.076681,Validation,2019,2019-01-27,,exper2_43
,12.990683,Validation,2019,2019-01-28,,exper2_43
,13.088722,Validation,2019,2019-01-29,,exper2_43
,13.223446,Validation,2019,2019-01-30,,exper2_43
,13.032849,Validation,2019,2019-01-31,,exper2_43
,13.201298,Validation,2019,2019-02-01,,exper2_43
,13.507164,Validation,2019,2019-02-02,,exper2_43
,12.972042,Validation,2019,2019-02-03,,exper2_43
,13.057917,Validation,2019,2019-02-04,,exper2_43
,13.338111,Validation,2019,2019-02-05,,exper2_43
,13.324707,Validation,2019,2019-02-06,,exper2_43
,13.16156,Validation,2019,2019-02-07,,exper2_43
,13.245712,Validation,2019,2019-02-08,,exper2_43
,13.111878,Validation,2019,2019-02-09,,exper2_43
,13.091297,Validation,2019,2019-02-10,,exper2_43
,12.873764,Validation,2019,2019-02-11,,exper2_43
,12.995171,Validation,2019,2019-02-12,,exper2_43
,13.075031,Validation,2019,2019-02-13,,exper2_43
,12.927229,Validation,2019,2019-02-14,,exper2_43
,12.889164,Validation,2019,2019-02-15,,exper2_43
,12.761171,Validation,2019,2019-02-16,,exper2_43
,12.880746,Validation,2019,2019-02-17,,exper2_43
,12.798704,Validation,2019,2019-02-18,,exper2_43
,12.610029,Validation,2019,2019-02-19,,exper2_43
,12.7254715,Validation,2019,2019-02-20,,exper2_43
,12.75791,Validation,2019,2019-02-21,,exper2_43
,12.541061,Validation,2019,2019-02-22,,exper2_43
,12.506945,Validation,2019,2019-02-23,,exper2_43
,12.682123,Validation,2019,2019-02-24,,exper2_43
,12.752389,Validation,2019,2019-02-25,,exper2_43
,12.581435,Validation,2019,2019-02-26,,exper2_43
,12.463246,Validation,2019,2019-02-27,,exper2_43
,12.367548,Validation,2019,2019-02-28,,exper2_43
,12.48252,Validation,2019,2019-03-01,,exper2_43
,12.685179,Validation,2019,2019-03-02,,exper2_43
,12.592642,Validation,2019,2019-03-03,,exper2_43
,12.873575,Validation,2019,2019-03-04,,exper2_43
,13.127605,Validation,2019,2019-03-05,,exper2_43
,13.035336,Validation,2019,2019-03-06,,exper2_43
,13.165791,Validation,2019,2019-03-07,,exper2_43
,12.518948,Validation,2019,2019-03-08,,exper2_43
,12.586505,Validation,2019,2019-03-09,,exper2_43
,12.562229,Validation,2019,2019-03-10,,exper2_43
,12.65216,Validation,2019,2019-03-11,,exper2_43
,12.764854,Validation,2019,2019-03-12,,exper2_43
,12.863075,Validation,2019,2019-03-13,,exper2_43
,12.807925,Validation,2019,2019-03-14,,exper2_43
,12.754919,Validation,2019,2019-03-15,,exper2_43
,12.909575,Validation,2019,2019-03-16,,exper2_43
,13.270514,Validation,2019,2019-03-17,,exper2_43
,13.888096,Validation,2019,2019-03-18,,exper2_43
,14.278633,Validation,2019,2019-03-19,,exper2_43
,14.297119,Validation,2019,2019-03-20,,exper2_43
,14.589079,Validation,2019,2019-03-21,,exper2_43
,14.720904,Validation,2019,2019-03-22,,exper2_43
,14.833216,Validation,2019,2019-03-23,,exper2_43
,15.071849,Validation,2019,2019-03-24,,exper2_43
,15.2813835,Validation,2019,2019-03-25,,exper2_43
,15.717092,Validation,2019,2019-03-26,,exper2_43
,15.746096,Validation,2019,2019-03-27,,exper2_43
,15.677431,Validation,2019,2019-03-28,,exper2_43
,15.697363,Validation,2019,2019-03-29,,exper2_43
,15.514168,Validation,2019,2019-03-30,,exper2_43
,15.407811,Validation,2019,2019-03-31,,exper2_43
,15.795961,Validation,2019,2019-04-01,,exper2_43
,15.88925,Validation,2019,2019-04-02,,exper2_43
,16.038425,Validation,2019,2019-04-03,,exper2_43
,16.04319,Validation,2019,2019-04-04,,exper2_43
,15.965803,Validation,2019,2019-04-05,,exper2_43
,16.159021,Validation,2019,2019-04-06,,exper2_43
,16.487034,Validation,2019,2019-04-07,,exper2_43
,16.635529,Validation,2019,2019-04-08,,exper2_43
,16.507072,Validation,2019,2019-04-09,,exper2_43
,16.093292,Validation,2019,2019-04-10,,exper2_43
,15.831783,Validation,2019,2019-04-11,,exper2_43
,15.798755,Validation,2019,2019-04-12,,exper2_43
,15.967857,Validation,2019,2019-04-13,,exper2_43
,16.335072,Validation,2019,2019-04-14,,exper2_43
,16.06789,Validation,2019,2019-04-15,,exper2_43
,15.992604,Validation,2019,2019-04-16,,exper2_43
,16.86951,Validation,2019,2019-04-17,,exper2_43
,16.89052,Validation,2019,2019-04-18,,exper2_43
,18.21974,Validation,2019,2019-04-19,,exper2_43
,17.816725,Validation,2019,2019-04-20,,exper2_43
,17.243126,Validation,2019,2019-04-21,,exper2_43
,17.131977,Validation,2019,2019-04-22,,exper2_43
,17.19069,Validation,2019,2019-04-23,,exper2_43
,18.918482,Validation,2019,2019-04-24,,exper2_43
,19.302713,Validation,2019,2019-04-25,,exper2_43
,20.020245,Validation,2019,2019-04-26,,exper2_43
,20.028402,Validation,2019,2019-04-27,,exper2_43
,19.84383,Validation,2019,2019-04-28,,exper2_43
,18.82483,Validation,2019,2019-04-29,,exper2_43
,18.637608,Validation,2019,2019-04-30,,exper2_43
,18.292757,Validation,2019,2019-05-01,,exper2_43
,18.750225,Validation,2019,2019-05-02,,exper2_43
,19.824291,Validation,2019,2019-05-03,,exper2_43
,21.047443,Validation,2019,2019-05-04,,exper2_43
,21.247772,Validation,2019,2019-05-05,,exper2_43
,19.788559,Validation,2019,2019-05-06,,exper2_43
,18.666885,Validation,2019,2019-05-07,,exper2_43
,18.705622,Validation,2019,2019-05-08,,exper2_43
,18.96986,Validation,2019,2019-05-09,,exper2_43
,19.0458,Validation,2019,2019-05-10,,exper2_43
,19.10303,Validation,2019,2019-05-11,,exper2_43
,19.86611,Validation,2019,2019-05-12,,exper2_43
,20.687004,Validation,2019,2019-05-13,,exper2_43
,20.75085,Validation,2019,2019-05-14,,exper2_43
,19.932686,Validation,2019,2019-05-15,,exper2_43
,19.724726,Validation,2019,2019-05-16,,exper2_43
,19.816982,Validation,2019,2019-05-17,,exper2_43
,20.141945,Validation,2019,2019-05-18,,exper2_43
,19.465893,Validation,2019,2019-05-19,,exper2_43
,19.114674,Validation,2019,2019-05-20,,exper2_43
,19.09799,Validation,2019,2019-05-21,,exper2_43
,19.972029,Validation,2019,2019-05-22,,exper2_43
,19.749655,Validation,2019,2019-05-23,,exper2_43
,19.501575,Validation,2019,2019-05-24,,exper2_43
,20.077858,Validation,2019,2019-05-25,,exper2_43
,19.544806,Validation,2019,2019-05-26,,exper2_43
,19.0294,Validation,2019,2019-05-27,,exper2_43
,19.823868,Validation,2019,2019-05-28,,exper2_43
,19.80678,Validation,2019,2019-05-29,,exper2_43
,21.168392,Validation,2019,2019-05-30,,exper2_43
,21.65308,Validation,2019,2019-05-31,,exper2_43
,22.018406,Validation,2019,2019-06-01,,exper2_43
,21.647419,Validation,2019,2019-06-02,,exper2_43
,22.534801,Validation,2019,2019-06-03,,exper2_43
,22.88421,Validation,2019,2019-06-04,,exper2_43
,23.716858,Validation,2019,2019-06-05,,exper2_43
,23.538887,Validation,2019,2019-06-06,,exper2_43
,22.69079,Validation,2019,2019-06-07,,exper2_43
,23.440388,Validation,2019,2019-06-08,,exper2_43
,22.216097,Validation,2019,2019-06-09,,exper2_43
,23.255627,Validation,2019,2019-06-10,,exper2_43
,24.69014,Validation,2019,2019-06-11,,exper2_43
,25.436749,Validation,2019,2019-06-12,,exper2_43
,25.607197,Validation,2019,2019-06-13,,exper2_43
,25.965977,Validation,2019,2019-06-14,,exper2_43
,26.154942,Validation,2019,2019-06-15,,exper2_43
,26.563183,Validation,2019,2019-06-16,,exper2_43
,25.325832,Validation,2019,2019-06-17,,exper2_43
,26.291233,Validation,2019,2019-06-18,,exper2_43
,26.514717,Validation,2019,2019-06-19,,exper2_43
,25.30455,Validation,2019,2019-06-20,,exper2_43
,25.8606,Validation,2019,2019-06-21,,exper2_43
,24.622658,Validation,2019,2019-06-22,,exper2_43
,24.788765,Validation,2019,2019-06-23,,exper2_43
,25.697952,Validation,2019,2019-06-24,,exper2_43
,26.218836,Validation,2019,2019-06-25,,exper2_43
,25.557987,Validation,2019,2019-06-26,,exper2_43
,25.643005,Validation,2019,2019-06-27,,exper2_43
,26.19054,Validation,2019,2019-06-28,,exper2_43
,27.090694,Validation,2019,2019-06-29,,exper2_43
,27.126198,Validation,2019,2019-06-30,,exper2_43
,27.953619,Validation,2019,2019-07-01,,exper2_43
,28.170809,Validation,2019,2019-07-02,,exper2_43
,27.774303,Validation,2019,2019-07-03,,exper2_43
,27.595852,Validation,2019,2019-07-04,,exper2_43
,28.07009,Validation,2019,2019-07-05,,exper2_43
,28.456928,Validation,2019,2019-07-06,,exper2_43
,28.25935,Validation,2019,2019-07-07,,exper2_43
,27.824883,Validation,2019,2019-07-08,,exper2_43
,28.090631,Validation,2019,2019-07-09,,exper2_43
,29.034248,Validation,2019,2019-07-10,,exper2_43
,29.81717,Validation,2019,2019-07-11,,exper2_43
,30.38935,Validation,2019,2019-07-12,,exper2_43
,30.56989,Validation,2019,2019-07-13,,exper2_43
,30.5734,Validation,2019,2019-07-14,,exper2_43
,30.599297,Validation,2019,2019-07-15,,exper2_43
,30.505127,Validation,2019,2019-07-16,,exper2_43
,29.874783,Validation,2019,2019-07-17,,exper2_43
,29.40431,Validation,2019,2019-07-18,,exper2_43
,29.414532,Validation,2019,2019-07-19,,exper2_43
,29.252178,Validation,2019,2019-07-20,,exper2_43
,29.385296,Validation,2019,2019-07-21,,exper2_43
,29.886894,Validation,2019,2019-07-22,,exper2_43
,28.65825,Validation,2019,2019-07-23,,exper2_43
,29.621315,Validation,2019,2019-07-24,,exper2_43
,29.494164,Validation,2019,2019-07-25,,exper2_43
,29.961727,Validation,2019,2019-07-26,,exper2_43
,30.199131,Validation,2019,2019-07-27,,exper2_43
,30.603348,Validation,2019,2019-07-28,,exper2_43
,30.76009,Validation,2019,2019-07-29,,exper2_43
,30.418549,Validation,2019,2019-07-30,,exper2_43
,29.129042,Validation,2019,2019-07-31,,exper2_43
,28.825756,Validation,2019,2019-08-01,,exper2_43
,30.060913,Validation,2019,2019-08-02,,exper2_43
,30.501911,Validation,2019,2019-08-03,,exper2_43
,30.611729,Validation,2019,2019-08-04,,exper2_43
,30.843662,Validation,2019,2019-08-05,,exper2_43
,30.540878,Validation,2019,2019-08-06,,exper2_43
,29.963976,Validation,2019,2019-08-07,,exper2_43
,29.376186,Validation,2019,2019-08-08,,exper2_43
,29.344154,Validation,2019,2019-08-09,,exper2_43
,28.811653,Validation,2019,2019-08-10,,exper2_43
,28.429817,Validation,2019,2019-08-11,,exper2_43
,28.297415,Validation,2019,2019-08-12,,exper2_43
,28.266085,Validation,2019,2019-08-13,,exper2_43
,28.444637,Validation,2019,2019-08-14,,exper2_43
,28.48917,Validation,2019,2019-08-15,,exper2_43
,28.167152,Validation,2019,2019-08-16,,exper2_43
,27.67432,Validation,2019,2019-08-17,,exper2_43
,27.355694,Validation,2019,2019-08-18,,exper2_43
,27.20084,Validation,2019,2019-08-19,,exper2_43
,27.118773,Validation,2019,2019-08-20,,exper2_43
,27.06743,Validation,2019,2019-08-21,,exper2_43
,26.91518,Validation,2019,2019-08-22,,exper2_43
,26.655548,Validation,2019,2019-08-23,,exper2_43
,26.482658,Validation,2019,2019-08-24,,exper2_43
,26.58274,Validation,2019,2019-08-25,,exper2_43
,26.756947,Validation,2019,2019-08-26,,exper2_43
,27.168812,Validation,2019,2019-08-27,,exper2_43
,27.452612,Validation,2019,2019-08-28,,exper2_43
,27.357115,Validation,2019,2019-08-29,,exper2_43
,27.6021,Validation,2019,2019-08-30,,exper2_43
,27.759766,Validation,2019,2019-08-31,,exper2_43
,27.976946,Validation,2019,2019-09-01,,exper2_43
,27.86237,Validation,2019,2019-09-02,,exper2_43
,28.20642,Validation,2019,2019-09-03,,exper2_43
,28.490658,Validation,2019,2019-09-04,,exper2_43
,28.325853,Validation,2019,2019-09-05,,exper2_43
,28.313921,Validation,2019,2019-09-06,,exper2_43
,28.56591,Validation,2019,2019-09-07,,exper2_43
,28.34194,Validation,2019,2019-09-08,,exper2_43
,28.144482,Validation,2019,2019-09-09,,exper2_43
,27.932892,Validation,2019,2019-09-10,,exper2_43
,27.55846,Validation,2019,2019-09-11,,exper2_43
,27.822136,Validation,2019,2019-09-12,,exper2_43
,27.918941,Validation,2019,2019-09-13,,exper2_43
,28.19471,Validation,2019,2019-09-14,,exper2_43
,28.115337,Validation,2019,2019-09-15,,exper2_43
,27.827164,Validation,2019,2019-09-16,,exper2_43
,27.695065,Validation,2019,2019-09-17,,exper2_43
,27.878141,Validation,2019,2019-09-18,,exper2_43
,27.368652,Validation,2019,2019-09-19,,exper2_43
,27.214924,Validation,2019,2019-09-20,,exper2_43
,27.260334,Validation,2019,2019-09-21,,exper2_43
,27.3676,Validation,2019,2019-09-22,,exper2_43
,26.697468,Validation,2019,2019-09-23,,exper2_43
,26.912422,Validation,2019,2019-09-24,,exper2_43
,27.037914,Validation,2019,2019-09-25,,exper2_43
,26.343342,Validation,2019,2019-09-26,,exper2_43
,26.084837,Validation,2019,2019-09-27,,exper2_43
,25.75914,Validation,2019,2019-09-28,,exper2_43
,24.985209,Validation,2019,2019-09-29,,exper2_43
,24.32169,Validation,2019,2019-09-30,,exper2_43
,24.192574,Validation,2019,2019-10-01,,exper2_43
,24.082458,Validation,2019,2019-10-02,,exper2_43
,24.101477,Validation,2019,2019-10-03,,exper2_43
,23.609917,Validation,2019,2019-10-04,,exper2_43
,23.340084,Validation,2019,2019-10-05,,exper2_43
,23.07043,Validation,2019,2019-10-06,,exper2_43
,22.419651,Validation,2019,2019-10-07,,exper2_43
,22.79545,Validation,2019,2019-10-08,,exper2_43
,22.24916,Validation,2019,2019-10-09,,exper2_43
,21.33801,Validation,2019,2019-10-10,,exper2_43
,20.475988,Validation,2019,2019-10-11,,exper2_43
,20.450474,Validation,2019,2019-10-12,,exper2_43
,20.718513,Validation,2019,2019-10-13,,exper2_43
,20.972584,Validation,2019,2019-10-14,,exper2_43
,20.792412,Validation,2019,2019-10-15,,exper2_43
,20.753891,Validation,2019,2019-10-16,,exper2_43
,20.4357,Validation,2019,2019-10-17,,exper2_43
,19.91392,Validation,2019,2019-10-18,,exper2_43
,20.041128,Validation,2019,2019-10-19,,exper2_43
,19.64567,Validation,2019,2019-10-20,,exper2_43
,19.371696,Validation,2019,2019-10-21,,exper2_43
,19.394962,Validation,2019,2019-10-22,,exper2_43
,19.55759,Validation,2019,2019-10-23,,exper2_43
,18.851862,Validation,2019,2019-10-24,,exper2_43
,18.349503,Validation,2019,2019-10-25,,exper2_43
,18.738367,Validation,2019,2019-10-26,,exper2_43
,18.512098,Validation,2019,2019-10-27,,exper2_43
,18.064503,Validation,2019,2019-10-28,,exper2_43
,18.026752,Validation,2019,2019-10-29,,exper2_43
,17.89982,Validation,2019,2019-10-30,,exper2_43
,17.779362,Validation,2019,2019-10-31,,exper2_43
,17.759792,Validation,2019,2019-11-01,,exper2_43
,17.764072,Validation,2019,2019-11-02,,exper2_43
,17.931587,Validation,2019,2019-11-03,,exper2_43
,18.098112,Validation,2019,2019-11-04,,exper2_43
,18.155388,Validation,2019,2019-11-05,,exper2_43
,18.21302,Validation,2019,2019-11-06,,exper2_43
,18.300577,Validation,2019,2019-11-07,,exper2_43
,18.264587,Validation,2019,2019-11-08,,exper2_43
,18.306221,Validation,2019,2019-11-09,,exper2_43
,18.388512,Validation,2019,2019-11-10,,exper2_43
,18.383007,Validation,2019,2019-11-11,,exper2_43
,18.095827,Validation,2019,2019-11-12,,exper2_43
,18.203432,Validation,2019,2019-11-13,,exper2_43
,18.117254,Validation,2019,2019-11-14,,exper2_43
,18.3363,Validation,2019,2019-11-15,,exper2_43
,18.415846,Validation,2019,2019-11-16,,exper2_43
,18.199957,Validation,2019,2019-11-17,,exper2_43
,18.256535,Validation,2019,2019-11-18,,exper2_43
,17.86821,Validation,2019,2019-11-19,,exper2_43
,17.474354,Validation,2019,2019-11-20,,exper2_43
,17.240013,Validation,2019,2019-11-21,,exper2_43
,17.2022,Validation,2019,2019-11-22,,exper2_43
,17.260735,Validation,2019,2019-11-23,,exper2_43
,17.128149,Validation,2019,2019-11-24,,exper2_43
,17.22977,Validation,2019,2019-11-25,,exper2_43
,16.78286,Validation,2019,2019-11-26,,exper2_43
,16.382652,Validation,2019,2019-11-27,,exper2_43
,16.281473,Validation,2019,2019-11-28,,exper2_43
,16.165443,Validation,2019,2019-11-29,,exper2_43
,15.985224,Validation,2019,2019-11-30,,exper2_43
,15.868492,Validation,2019,2019-12-01,,exper2_43
,15.659758,Validation,2019,2019-12-02,,exper2_43
,15.772868,Validation,2019,2019-12-03,,exper2_43
,7.899653,Validation,2019,2019-12-04,,exper2_43
,11.584894,Validation,2019,2019-12-05,,exper2_43
,12.4422655,Validation,2019,2019-12-06,,exper2_43
,12.68363,Validation,2019,2019-12-07,,exper2_43
,13.308551,Validation,2019,2019-12-08,,exper2_43
,13.944046,Validation,2019,2019-12-09,,exper2_43
,13.89614,Validation,2019,2019-12-10,,exper2_43
,13.888936,Validation,2019,2019-12-11,,exper2_43
,14.273423,Validation,2019,2019-12-12,,exper2_43
,14.23889,Validation,2019,2019-12-13,,exper2_43
,14.594418,Validation,2019,2019-12-14,,exper2_43
,14.526193,Validation,2019,2019-12-15,,exper2_43
,13.84049,Validation,2019,2019-12-16,,exper2_43
,13.372956,Validation,2019,2019-12-17,,exper2_43
,13.060142,Validation,2019,2019-12-18,,exper2_43
,13.050339,Validation,2019,2019-12-19,,exper2_43
,13.109136,Validation,2019,2019-12-20,,exper2_43
,13.520745,Validation,2019,2019-12-21,,exper2_43
,13.718621,Validation,2019,2019-12-22,,exper2_43
,13.81494,Validation,2019,2019-12-23,,exper2_43
,13.798841,Validation,2019,2019-12-24,,exper2_43
,13.987723,Validation,2019,2019-12-25,,exper2_43
,13.635969,Validation,2019,2019-12-26,,exper2_43
,13.48525,Validation,2019,2019-12-27,,exper2_43
,13.119465,Validation,2019,2019-12-28,,exper2_43
,12.70076,Validation,2019,2019-12-29,,exper2_43
,12.349885,Validation,2019,2019-12-30,,exper2_43
,12.21204,Validation,2019,2019-12-31,,exper2_43
,12.631088,Validation,2020,2020-01-01,,exper2_43
,13.144165,Validation,2020,2020-01-02,,exper2_43
,13.492909,Validation,2020,2020-01-03,,exper2_43
,13.549466,Validation,2020,2020-01-04,,exper2_43
,13.701298,Validation,2020,2020-01-05,,exper2_43
,13.545805,Validation,2020,2020-01-06,,exper2_43
,13.648381,Validation,2020,2020-01-07,,exper2_43
,13.735781,Validation,2020,2020-01-08,,exper2_43
,13.731068,Validation,2020,2020-01-09,,exper2_43
,13.540696,Validation,2020,2020-01-10,,exper2_43
,13.653014,Validation,2020,2020-01-11,,exper2_43
,13.5417185,Validation,2020,2020-01-12,,exper2_43
,13.595033,Validation,2020,2020-01-13,,exper2_43
,13.485855,Validation,2020,2020-01-14,,exper2_43
,13.514404,Validation,2020,2020-01-15,,exper2_43
,13.344124,Validation,2020,2020-01-16,,exper2_43
,13.094522,Validation,2020,2020-01-17,,exper2_43
,12.897529,Validation,2020,2020-01-18,,exper2_43
,12.813504,Validation,2020,2020-01-19,,exper2_43
,13.405353,Validation,2020,2020-01-20,,exper2_43
,13.190262,Validation,2020,2020-01-21,,exper2_43
,12.679875,Validation,2020,2020-01-22,,exper2_43
,12.941638,Validation,2020,2020-01-23,,exper2_43
,12.901305,Validation,2020,2020-01-24,,exper2_43
,12.8304405,Validation,2020,2020-01-25,,exper2_43
,12.748928,Validation,2020,2020-01-26,,exper2_43
,12.768859,Validation,2020,2020-01-27,,exper2_43
,12.683503,Validation,2020,2020-01-28,,exper2_43
,12.602932,Validation,2020,2020-01-29,,exper2_43
,12.532653,Validation,2020,2020-01-30,,exper2_43
,12.502955,Validation,2020,2020-01-31,,exper2_43
,12.693378,Validation,2020,2020-02-01,,exper2_43
,12.737297,Validation,2020,2020-02-02,,exper2_43
,12.382677,Validation,2020,2020-02-03,,exper2_43
,12.315351,Validation,2020,2020-02-04,,exper2_43
,12.306975,Validation,2020,2020-02-05,,exper2_43
,12.402491,Validation,2020,2020-02-06,,exper2_43
,12.637405,Validation,2020,2020-02-07,,exper2_43
,12.685585,Validation,2020,2020-02-08,,exper2_43
,12.715001,Validation,2020,2020-02-09,,exper2_43
,12.533186,Validation,2020,2020-02-10,,exper2_43
,12.133983,Validation,2020,2020-02-11,,exper2_43
,12.189937,Validation,2020,2020-02-12,,exper2_43
,12.375116,Validation,2020,2020-02-13,,exper2_43
,12.27421,Validation,2020,2020-02-14,,exper2_43
,12.262987,Validation,2020,2020-02-15,,exper2_43
,12.304469,Validation,2020,2020-02-16,,exper2_43
,12.553097,Validation,2020,2020-02-17,,exper2_43
,12.132572,Validation,2020,2020-02-18,,exper2_43
,12.120674,Validation,2020,2020-02-19,,exper2_43
,11.824278,Validation,2020,2020-02-20,,exper2_43
,11.938217,Validation,2020,2020-02-21,,exper2_43
,12.295049,Validation,2020,2020-02-22,,exper2_43
,11.702352,Validation,2020,2020-02-23,,exper2_43
,11.934748,Validation,2020,2020-02-24,,exper2_43
,11.75009,Validation,2020,2020-02-25,,exper2_43
,11.65777,Validation,2020,2020-02-26,,exper2_43
,11.945652,Validation,2020,2020-02-27,,exper2_43
,11.9536915,Validation,2020,2020-02-28,,exper2_43
,12.1537075,Validation,2020,2020-02-29,,exper2_43
,11.977361,Validation,2020,2020-03-01,,exper2_43
,11.573258,Validation,2020,2020-03-02,,exper2_43
,11.557228,Validation,2020,2020-03-03,,exper2_43
,11.769873,Validation,2020,2020-03-04,,exper2_43
,12.319694,Validation,2020,2020-03-05,,exper2_43
,12.776463,Validation,2020,2020-03-06,,exper2_43
,12.680598,Validation,2020,2020-03-07,,exper2_43
,12.274708,Validation,2020,2020-03-08,,exper2_43
,12.184338,Validation,2020,2020-03-09,,exper2_43
,12.621616,Validation,2020,2020-03-10,,exper2_43
,12.123331,Validation,2020,2020-03-11,,exper2_43
,12.698707,Validation,2020,2020-03-12,,exper2_43
,12.759264,Validation,2020,2020-03-13,,exper2_43
,12.451332,Validation,2020,2020-03-14,,exper2_43
,12.443338,Validation,2020,2020-03-15,,exper2_43
,12.406183,Validation,2020,2020-03-16,,exper2_43
,12.259746,Validation,2020,2020-03-17,,exper2_43
,12.7593975,Validation,2020,2020-03-18,,exper2_43
,12.3891735,Validation,2020,2020-03-19,,exper2_43
,12.593059,Validation,2020,2020-03-20,,exper2_43
,12.814634,Validation,2020,2020-03-21,,exper2_43
,13.052797,Validation,2020,2020-03-22,,exper2_43
,12.778198,Validation,2020,2020-03-23,,exper2_43
,13.002815,Validation,2020,2020-03-24,,exper2_43
,12.947589,Validation,2020,2020-03-25,,exper2_43
,12.70311,Validation,2020,2020-03-26,,exper2_43
,12.804593,Validation,2020,2020-03-27,,exper2_43
,12.888643,Validation,2020,2020-03-28,,exper2_43
,12.993899,Validation,2020,2020-03-29,,exper2_43
,13.354267,Validation,2020,2020-03-30,,exper2_43
,13.678209,Validation,2020,2020-03-31,,exper2_43
,13.663106,Validation,2020,2020-04-01,,exper2_43
,13.726719,Validation,2020,2020-04-02,,exper2_43
,13.663638,Validation,2020,2020-04-03,,exper2_43
,14.002266,Validation,2020,2020-04-04,,exper2_43
,13.9473915,Validation,2020,2020-04-05,,exper2_43
,13.846212,Validation,2020,2020-04-06,,exper2_43
,14.281581,Validation,2020,2020-04-07,,exper2_43
,14.741997,Validation,2020,2020-04-08,,exper2_43
,14.553959,Validation,2020,2020-04-09,,exper2_43
,14.284515,Validation,2020,2020-04-10,,exper2_43
,15.275546,Validation,2020,2020-04-11,,exper2_43
,15.063383,Validation,2020,2020-04-12,,exper2_43
,15.243885,Validation,2020,2020-04-13,,exper2_43
,15.044059,Validation,2020,2020-04-14,,exper2_43
,15.595849,Validation,2020,2020-04-15,,exper2_43
,15.678616,Validation,2020,2020-04-16,,exper2_43
,16.128214,Validation,2020,2020-04-17,,exper2_43
,16.007114,Validation,2020,2020-04-18,,exper2_43
,16.288893,Validation,2020,2020-04-19,,exper2_43
,16.510448,Validation,2020,2020-04-20,,exper2_43
,16.572327,Validation,2020,2020-04-21,,exper2_43
,17.468925,Validation,2020,2020-04-22,,exper2_43
,18.530754,Validation,2020,2020-04-23,,exper2_43
,18.311577,Validation,2020,2020-04-24,,exper2_43
,19.08916,Validation,2020,2020-04-25,,exper2_43
,19.39101,Validation,2020,2020-04-26,,exper2_43
,20.652725,Validation,2020,2020-04-27,,exper2_43
,20.98698,Validation,2020,2020-04-28,,exper2_43
,20.852016,Validation,2020,2020-04-29,,exper2_43
,19.134583,Validation,2020,2020-04-30,,exper2_43
,19.296371,Validation,2020,2020-05-01,,exper2_43
,19.13239,Validation,2020,2020-05-02,,exper2_43
,18.998756,Validation,2020,2020-05-03,,exper2_43
,19.64645,Validation,2020,2020-05-04,,exper2_43
,19.581778,Validation,2020,2020-05-05,,exper2_43
,20.732859,Validation,2020,2020-05-06,,exper2_43
,20.562786,Validation,2020,2020-05-07,,exper2_43
,19.62032,Validation,2020,2020-05-08,,exper2_43
,20.9171,Validation,2020,2020-05-09,,exper2_43
,20.446487,Validation,2020,2020-05-10,,exper2_43
,19.558453,Validation,2020,2020-05-11,,exper2_43
,19.227003,Validation,2020,2020-05-12,,exper2_43
,19.07609,Validation,2020,2020-05-13,,exper2_43
,19.444752,Validation,2020,2020-05-14,,exper2_43
,20.200638,Validation,2020,2020-05-15,,exper2_43
,20.996334,Validation,2020,2020-05-16,,exper2_43
,20.147152,Validation,2020,2020-05-17,,exper2_43
,19.773035,Validation,2020,2020-05-18,,exper2_43
,19.285198,Validation,2020,2020-05-19,,exper2_43
,19.502308,Validation,2020,2020-05-20,,exper2_43
,20.261265,Validation,2020,2020-05-21,,exper2_43
,20.513012,Validation,2020,2020-05-22,,exper2_43
,20.028147,Validation,2020,2020-05-23,,exper2_43
,19.995556,Validation,2020,2020-05-24,,exper2_43
,20.310606,Validation,2020,2020-05-25,,exper2_43
,21.658981,Validation,2020,2020-05-26,,exper2_43
,22.493204,Validation,2020,2020-05-27,,exper2_43
,22.804775,Validation,2020,2020-05-28,,exper2_43
,23.016045,Validation,2020,2020-05-29,,exper2_43
,22.852879,Validation,2020,2020-05-30,,exper2_43
,22.606422,Validation,2020,2020-05-31,,exper2_43
,22.908598,Validation,2020,2020-06-01,,exper2_43
,24.011173,Validation,2020,2020-06-02,,exper2_43
,24.273178,Validation,2020,2020-06-03,,exper2_43
,24.37053,Validation,2020,2020-06-04,,exper2_43
,24.691547,Validation,2020,2020-06-05,,exper2_43
,22.072943,Validation,2020,2020-06-06,,exper2_43
,21.439222,Validation,2020,2020-06-07,,exper2_43
,21.220211,Validation,2020,2020-06-08,,exper2_43
,22.056896,Validation,2020,2020-06-09,,exper2_43
,22.935307,Validation,2020,2020-06-10,,exper2_43
,24.299847,Validation,2020,2020-06-11,,exper2_43
,24.357506,Validation,2020,2020-06-12,,exper2_43
,23.47274,Validation,2020,2020-06-13,,exper2_43
,23.583145,Validation,2020,2020-06-14,,exper2_43
,24.527897,Validation,2020,2020-06-15,,exper2_43
,23.543314,Validation,2020,2020-06-16,,exper2_43
,24.493376,Validation,2020,2020-06-17,,exper2_43
,24.2888,Validation,2020,2020-06-18,,exper2_43
,24.871592,Validation,2020,2020-06-19,,exper2_43
,25.721012,Validation,2020,2020-06-20,,exper2_43
,26.307375,Validation,2020,2020-06-21,,exper2_43
,26.71775,Validation,2020,2020-06-22,,exper2_43
,27.175562,Validation,2020,2020-06-23,,exper2_43
,27.255829,Validation,2020,2020-06-24,,exper2_43
,27.583082,Validation,2020,2020-06-25,,exper2_43
,27.97147,Validation,2020,2020-06-26,,exper2_43
,28.114485,Validation,2020,2020-06-27,,exper2_43
,26.433556,Validation,2020,2020-06-28,,exper2_43
,25.684944,Validation,2020,2020-06-29,,exper2_43
,25.86761,Validation,2020,2020-06-30,,exper2_43
,26.30945,Validation,2020,2020-07-01,,exper2_43
,26.372614,Validation,2020,2020-07-02,,exper2_43
,27.126995,Validation,2020,2020-07-03,,exper2_43
,27.926184,Validation,2020,2020-07-04,,exper2_43
,28.58046,Validation,2020,2020-07-05,,exper2_43
,28.82446,Validation,2020,2020-07-06,,exper2_43
,28.184164,Validation,2020,2020-07-07,,exper2_43
,28.188929,Validation,2020,2020-07-08,,exper2_43
,28.104956,Validation,2020,2020-07-09,,exper2_43
,28.741861,Validation,2020,2020-07-10,,exper2_43
,29.48951,Validation,2020,2020-07-11,,exper2_43
,29.896673,Validation,2020,2020-07-12,,exper2_43
,29.9224,Validation,2020,2020-07-13,,exper2_43
,29.617756,Validation,2020,2020-07-14,,exper2_43
,29.436146,Validation,2020,2020-07-15,,exper2_43
,29.324215,Validation,2020,2020-07-16,,exper2_43
,29.122383,Validation,2020,2020-07-17,,exper2_43
,29.126545,Validation,2020,2020-07-18,,exper2_43
,29.29547,Validation,2020,2020-07-19,,exper2_43
,29.602495,Validation,2020,2020-07-20,,exper2_43
,29.170128,Validation,2020,2020-07-21,,exper2_43
,28.398989,Validation,2020,2020-07-22,,exper2_43
,27.665762,Validation,2020,2020-07-23,,exper2_43
,27.022243,Validation,2020,2020-07-24,,exper2_43
,26.98999,Validation,2020,2020-07-25,,exper2_43
,27.298588,Validation,2020,2020-07-26,,exper2_43
,27.761442,Validation,2020,2020-07-27,,exper2_43
,27.819357,Validation,2020,2020-07-28,,exper2_43
,27.632069,Validation,2020,2020-07-29,,exper2_43
,27.847664,Validation,2020,2020-07-30,,exper2_43
,28.084103,Validation,2020,2020-07-31,,exper2_43
,28.053802,Validation,2020,2020-08-01,,exper2_43
,27.355848,Validation,2020,2020-08-02,,exper2_43
,26.9328,Validation,2020,2020-08-03,,exper2_43
,26.426205,Validation,2020,2020-08-04,,exper2_43
,25.97101,Validation,2020,2020-08-05,,exper2_43
,25.529303,Validation,2020,2020-08-06,,exper2_43
,25.26286,Validation,2020,2020-08-07,,exper2_43
,25.140484,Validation,2020,2020-08-08,,exper2_43
,25.217655,Validation,2020,2020-08-09,,exper2_43
,25.277607,Validation,2020,2020-08-10,,exper2_43
,25.162851,Validation,2020,2020-08-11,,exper2_43
,25.05468,Validation,2020,2020-08-12,,exper2_43
,25.735903,Validation,2020,2020-08-13,,exper2_43
,26.042984,Validation,2020,2020-08-14,,exper2_43
,26.16779,Validation,2020,2020-08-15,,exper2_43
,26.976738,Validation,2020,2020-08-16,,exper2_43
,27.331802,Validation,2020,2020-08-17,,exper2_43
,27.682106,Validation,2020,2020-08-18,,exper2_43
,27.866455,Validation,2020,2020-08-19,,exper2_43
,28.249454,Validation,2020,2020-08-20,,exper2_43
,27.824898,Validation,2020,2020-08-21,,exper2_43
,27.384388,Validation,2020,2020-08-22,,exper2_43
,27.46141,Validation,2020,2020-08-23,,exper2_43
,27.542006,Validation,2020,2020-08-24,,exper2_43
,28.2326,Validation,2020,2020-08-25,,exper2_43
,28.468937,Validation,2020,2020-08-26,,exper2_43
,28.447083,Validation,2020,2020-08-27,,exper2_43
,28.491396,Validation,2020,2020-08-28,,exper2_43
,28.436573,Validation,2020,2020-08-29,,exper2_43
,28.050621,Validation,2020,2020-08-30,,exper2_43
,27.76853,Validation,2020,2020-08-31,,exper2_43
,27.83873,Validation,2020,2020-09-01,,exper2_43
,27.826157,Validation,2020,2020-09-02,,exper2_43
,27.95781,Validation,2020,2020-09-03,,exper2_43
,28.096977,Validation,2020,2020-09-04,,exper2_43
,28.320675,Validation,2020,2020-09-05,,exper2_43
,28.554121,Validation,2020,2020-09-06,,exper2_43
,28.668371,Validation,2020,2020-09-07,,exper2_43
,28.142702,Validation,2020,2020-09-08,,exper2_43
,26.414087,Validation,2020,2020-09-09,,exper2_43
,26.410181,Validation,2020,2020-09-10,,exper2_43
,26.981718,Validation,2020,2020-09-11,,exper2_43
,27.272053,Validation,2020,2020-09-12,,exper2_43
,27.407726,Validation,2020,2020-09-13,,exper2_43
,27.469408,Validation,2020,2020-09-14,,exper2_43
27.30000000000001,27.59713,Validation,2020,2020-09-15,0.005412483726234132,exper2_43
26.385277777777787,27.749134,Validation,2020,2020-09-16,0.02519388757628299,exper2_43
26.812777777777796,27.871014,Validation,2020,2020-09-17,0.019351910979773842,exper2_43
26.636250000000018,27.882446,Validation,2020,2020-09-18,0.022858145441612337,exper2_43
25.892083333333346,27.708204,Validation,2020,2020-09-19,0.033882671479973724,exper2_43
25.971805555555534,27.807766,Validation,2020,2020-09-20,0.03413862091822563,exper2_43
26.202500000000043,27.910439,Validation,2020,2020-09-21,0.03156247994942903,exper2_43
26.05444444444447,27.836113,Validation,2020,2020-09-22,0.03306086663247952,exper2_43
26.079861111111086,27.89032,Validation,2020,2020-09-23,0.03354553721576475,exper2_43
26.349999999999966,27.988415,Validation,2020,2020-09-24,0.030152053045861316,exper2_43
26.053194444444443,27.921448,Validation,2020,2020-09-25,0.03461353764229112,exper2_43
26.138888888888914,27.785769,Validation,2020,2020-09-26,0.03054038170095831,exper2_43
26.00916666666666,27.696417,Validation,2020,2020-09-27,0.03141666243167239,exper2_43
25.201388888888914,26.575596,Validation,2020,2020-09-28,0.026540884402644734,exper2_43
24.66194444444443,26.24369,Validation,2020,2020-09-29,0.031072120960532613,exper2_43
24.95194444444445,26.718754,Validation,2020,2020-09-30,0.03419364223397594,exper2_43
25.37145833333335,26.63879,Validation,2020,2020-10-01,0.024366962948857034,exper2_43
25.329583333333346,26.4711,Validation,2020,2020-10-02,0.022036707818403525,exper2_43
25.431249999999977,26.443844,Validation,2020,2020-10-03,0.019519845971664625,exper2_43
25.149305555555543,26.36246,Validation,2020,2020-10-04,0.023551001083871505,exper2_43
24.99097222222224,26.236645,Validation,2020,2020-10-05,0.024316425326810186,exper2_43
24.85055555555556,26.080635,Validation,2020,2020-10-06,0.024151791861089334,exper2_43
24.894305555555547,25.883154,Validation,2020,2020-10-07,0.01947415979752275,exper2_43
24.732361111111118,25.661175,Validation,2020,2020-10-08,0.018431206438326,exper2_43
24.406805555555536,25.372261,Validation,2020,2020-10-09,0.01939480905716973,exper2_43
24.270555555555575,24.870848,Validation,2020,2020-10-10,0.012215608563806619,exper2_43
24.173888888888882,24.301113,Validation,2020,2020-10-11,0.0026245329443650954,exper2_43
24.167916666666656,24.263317,Validation,2020,2020-10-12,0.0019698123308442084,exper2_43
24.058749999999975,24.34962,Validation,2020,2020-10-13,0.006008688459664199,exper2_43
24.04222222222222,24.293371,Validation,2020,2020-10-14,0.005195942794009822,exper2_43
23.98652777777778,24.014723,Validation,2020,2020-10-15,0.0005873814945521046,exper2_43
23.32430555555561,22.884098,Validation,2020,2020-10-16,-0.009526568074206194,exper2_43
23.193750000000023,23.011635,Validation,2020,2020-10-17,-0.003941427476972063,exper2_43
23.42402777777778,23.27687,Validation,2020,2020-10-18,-0.003151053940042811,exper2_43
23.384126984126965,23.25492,Validation,2020,2020-10-19,-0.0027703811073346678,exper2_43
23.37638888888887,22.91885,Validation,2020,2020-10-20,-0.00988306692749812,exper2_43
23.294166666666683,22.638731,Validation,2020,2020-10-21,-0.014269416847495124,exper2_43
23.040138888888862,22.443823,Validation,2020,2020-10-22,-0.013110468069027553,exper2_43
22.628194444444432,22.021559,Validation,2020,2020-10-23,-0.013586540558205696,exper2_43
22.32013888888889,21.959642,Validation,2020,2020-10-24,-0.0081413337652901,exper2_43
22.29041666666666,21.57498,Validation,2020,2020-10-25,-0.016309823744502107,exper2_43
21.6226388888889,20.923294,Validation,2020,2020-10-26,-0.016437407124786,exper2_43
20.56694444444446,20.530787,Validation,2020,2020-10-27,-0.0008798035638158515,exper2_43
20.407638888888926,20.48813,Validation,2020,2020-10-28,0.0019682153346219466,exper2_43
20.54902777777778,20.638245,Validation,2020,2020-10-29,0.002166126716222922,exper2_43
20.68083333333334,20.830887,Validation,2020,2020-10-30,0.003614726319638293,exper2_43
20.592916666666667,20.967857,Validation,2020,2020-10-31,0.009021504121290576,exper2_43
20.522638888888878,20.786161,Validation,2020,2020-11-01,0.006379331567431093,exper2_43
20.63833333333332,20.543505,Validation,2020,2020-11-02,-0.0023026805713791455,exper2_43
20.726376811594207,20.706915,Validation,2020,2020-11-03,-0.00046971671947919233,exper2_43
20.80013888888891,20.829903,Validation,2020,2020-11-04,0.0007149586917859715,exper2_43
20.922222222222217,20.768246,Validation,2020,2020-11-05,-0.0036933268654837886,exper2_43
20.637777777777785,20.61362,Validation,2020,2020-11-06,-0.0005856048662243455,exper2_43
20.21680555555554,19.507448,Validation,2020,2020-11-07,-0.017857034233381582,exper2_43
19.894444444444446,18.759035,Validation,2020,2020-11-08,-0.029374052402129706,exper2_43
19.60138888888889,18.609516,Validation,2020,2020-11-09,-0.025957844867625108,exper2_43
19.316111111111127,18.63024,Validation,2020,2020-11-10,-0.018074771713526956,exper2_43
19.087499999999977,18.65172,Validation,2020,2020-11-11,-0.011547137234426828,exper2_43
18.89861111111111,18.576164,Validation,2020,2020-11-12,-0.008604370871774897,exper2_43
18.85238095238094,18.645866,Validation,2020,2020-11-13,-0.005507312286627881,exper2_43
18.682638888888903,18.53828,Validation,2020,2020-11-14,-0.003878421174132364,exper2_43
18.54583333333335,18.390501,Validation,2020,2020-11-15,-0.004205406781808259,exper2_43
18.50347222222223,18.37654,Validation,2020,2020-11-16,-0.003441782875767172,exper2_43
18.447222222222194,18.481731,Validation,2020,2020-11-17,0.0009344752334963497,exper2_43
18.33250000000004,18.330784,Validation,2020,2020-11-18,-4.680857320911128e-05,exper2_43
18.30347222222224,18.304125,Validation,2020,2020-11-19,1.7827172051501857e-05,exper2_43
18.24444444444447,17.962078,Validation,2020,2020-11-20,-0.0077987702259576215,exper2_43
18.12847222222223,17.832916,Validation,2020,2020-11-21,-0.00821870275127558,exper2_43
18.024305555555543,17.689707,Validation,2020,2020-11-22,-0.009368836798118622,exper2_43
17.875833333333333,17.568855,Validation,2020,2020-11-23,-0.008660762998618602,exper2_43
17.74236111111111,17.246048,Validation,2020,2020-11-24,-0.014185073013071196,exper2_43
17.609027777777783,17.34724,Validation,2020,2020-11-25,-0.007488995338086486,exper2_43
17.44861111111112,17.140446,Validation,2020,2020-11-26,-0.008909332321007138,exper2_43
17.065277777777794,16.817966,Validation,2020,2020-11-27,-0.007298926715871897,exper2_43
16.859027777777783,13.2791,Validation,2020,2020-11-28,-0.11878399801145269,exper2_43
16.823750000000018,13.621784,Validation,2020,2020-11-29,-0.1051702941944657,exper2_43
16.678750000000036,13.582891,Validation,2020,2020-11-30,-0.102303060441241,exper2_43
16.570972222222224,14.027851,Validation,2020,2020-12-01,-0.08311172917702767,exper2_43
16.35833333333335,13.629831,Validation,2020,2020-12-02,-0.09098596233968438,exper2_43
16.061805555555566,13.250542,Validation,2020,2020-12-03,-0.09590715630106005,exper2_43
15.889166666666654,13.167901,Validation,2020,2020-12-04,-0.09365245162025944,exper2_43
15.850694444444457,13.1186695,Validation,2020,2020-12-05,-0.09430738413392772,exper2_43
15.766388888888912,13.433675,Validation,2020,2020-12-06,-0.07988729409777584,exper2_43
15.67069444444445,13.317517,Validation,2020,2020-12-07,-0.08117703796935286,exper2_43
15.607361111111118,13.121504,Validation,2020,2020-12-08,-0.08652821078223644,exper2_43
15.61388888888888,13.330667,Validation,2020,2020-12-09,-0.07888261929892568,exper2_43
15.536805555555532,13.502808,Validation,2020,2020-12-10,-0.07004218431797739,exper2_43
15.450000000000045,13.7379055,Validation,2020,2020-12-11,-0.058657668928819164,exper2_43
15.384722222222194,13.98455,Validation,2020,2020-12-12,-0.04767471637897229,exper2_43
15.168055555555611,13.662487,Validation,2020,2020-12-13,-0.052221303884828346,exper2_43
15.045416666666654,13.668541,Validation,2020,2020-12-14,-0.047951443344665605,exper2_43
14.93541666666664,13.383923,Validation,2020,2020-12-15,-0.05478567407304758,exper2_43
14.870138888888903,13.192764,Validation,2020,2020-12-16,-0.05977195575363085,exper2_43
14.796527777777783,13.448883,Validation,2020,2020-12-17,-0.047711988649674276,exper2_43
14.759583333333353,13.340877,Validation,2020,2020-12-18,-0.05048695852168738,exper2_43
14.657638888888869,13.128605,Validation,2020,2020-12-19,-0.05502845264728498,exper2_43
14.565694444444432,12.978143,Validation,2020,2020-12-20,-0.05763727455861791,exper2_43
14.555277777777803,13.018245,Validation,2020,2020-12-21,-0.055743078645576184,exper2_43
14.462499999999977,12.974957,Validation,2020,2020-12-22,-0.054215757262166965,exper2_43
14.325416666666683,12.7114525,Validation,2020,2020-12-23,-0.05969493633060745,exper2_43
14.05111111111114,12.614301,Validation,2020,2020-12-24,-0.0538829248895332,exper2_43
13.988333333333344,12.786302,Validation,2020,2020-12-25,-0.044894420517599135,exper2_43
13.913888888888891,12.807589,Validation,2020,2020-12-26,-0.04140116552385338,exper2_43
13.811111111111131,13.00084,Validation,2020,2020-12-27,-0.030220513047599835,exper2_43
13.736111111111086,13.083744,Validation,2020,2020-12-28,-0.02432403374822552,exper2_43
13.700000000000045,13.078137,Validation,2020,2020-12-29,-0.023222772853716413,exper2_43
13.630555555555532,12.847942,Validation,2020,2020-12-30,-0.02955655588863964,exper2_43
13.514166666666654,12.913966,Validation,2020,2020-12-31,-0.022710665610772816,exper2_43
