LSWT,projection,Phase,Year,Date,Error,Lake
21.19743055666669,20.88201,Calibration,2008,2008-01-01,-0.007495847139830561,exper2_07
21.574374999583313,21.856607,Calibration,2008,2008-01-02,0.00649841246307782,exper2_07
21.517291667083327,21.70874,Calibration,2008,2008-01-03,0.004429010919348663,exper2_07
20.952355072173873,21.73407,Calibration,2008,2008-01-04,0.01831295907170101,exper2_07
,22.008678,Calibration,2008,2008-01-05,,exper2_07
,22.51238,Calibration,2008,2008-01-06,,exper2_07
,23.046288,Calibration,2008,2008-01-07,,exper2_07
,22.481115,Calibration,2008,2008-01-08,,exper2_07
,22.780594,Calibration,2008,2008-01-09,,exper2_07
,22.698458,Calibration,2008,2008-01-10,,exper2_07
,22.376795,Calibration,2008,2008-01-11,,exper2_07
,22.548885,Calibration,2008,2008-01-12,,exper2_07
,22.562466,Calibration,2008,2008-01-13,,exper2_07
,22.497427,Calibration,2008,2008-01-14,,exper2_07
,22.56053,Calibration,2008,2008-01-15,,exper2_07
,22.916796,Calibration,2008,2008-01-16,,exper2_07
,23.232897,Calibration,2008,2008-01-17,,exper2_07
,23.297346,Calibration,2008,2008-01-18,,exper2_07
,23.107544,Calibration,2008,2008-01-19,,exper2_07
,23.779875,Calibration,2008,2008-01-20,,exper2_07
,23.38156,Calibration,2008,2008-01-21,,exper2_07
,22.850576,Calibration,2008,2008-01-22,,exper2_07
,22.73944,Calibration,2008,2008-01-23,,exper2_07
,22.886751,Calibration,2008,2008-01-24,,exper2_07
,22.471704,Calibration,2008,2008-01-25,,exper2_07
,22.031569,Calibration,2008,2008-01-26,,exper2_07
,21.99745,Calibration,2008,2008-01-27,,exper2_07
,22.065397,Calibration,2008,2008-01-28,,exper2_07
,22.503239,Calibration,2008,2008-01-29,,exper2_07
,22.834417,Calibration,2008,2008-01-30,,exper2_07
,22.477613,Calibration,2008,2008-01-31,,exper2_07
,22.34847,Calibration,2008,2008-02-01,,exper2_07
,22.635557,Calibration,2008,2008-02-02,,exper2_07
,22.796755,Calibration,2008,2008-02-03,,exper2_07
,22.87485,Calibration,2008,2008-02-04,,exper2_07
,22.221418,Calibration,2008,2008-02-05,,exper2_07
,21.606829,Calibration,2008,2008-02-06,,exper2_07
,21.330431,Calibration,2008,2008-02-07,,exper2_07
,21.381304,Calibration,2008,2008-02-08,,exper2_07
,21.681124,Calibration,2008,2008-02-09,,exper2_07
,21.957972,Calibration,2008,2008-02-10,,exper2_07
,21.633152,Calibration,2008,2008-02-11,,exper2_07
,21.855772,Calibration,2008,2008-02-12,,exper2_07
,22.020634,Calibration,2008,2008-02-13,,exper2_07
,21.701311,Calibration,2008,2008-02-14,,exper2_07
,21.282137,Calibration,2008,2008-02-15,,exper2_07
,21.272943,Calibration,2008,2008-02-16,,exper2_07
,21.259218,Calibration,2008,2008-02-17,,exper2_07
,21.503113,Calibration,2008,2008-02-18,,exper2_07
,21.592875,Calibration,2008,2008-02-19,,exper2_07
,21.169262,Calibration,2008,2008-02-20,,exper2_07
,21.190321,Calibration,2008,2008-02-21,,exper2_07
,21.217587,Calibration,2008,2008-02-22,,exper2_07
,20.706179,Calibration,2008,2008-02-23,,exper2_07
,21.333948,Calibration,2008,2008-02-24,,exper2_07
,20.375795,Calibration,2008,2008-02-25,,exper2_07
,20.789055,Calibration,2008,2008-02-26,,exper2_07
,20.831717,Calibration,2008,2008-02-27,,exper2_07
,20.887995,Calibration,2008,2008-02-28,,exper2_07
,21.081078,Calibration,2008,2008-02-29,,exper2_07
,21.359234,Calibration,2008,2008-03-01,,exper2_07
,20.778234,Calibration,2008,2008-03-02,,exper2_07
,20.632135,Calibration,2008,2008-03-03,,exper2_07
,20.311176,Calibration,2008,2008-03-04,,exper2_07
,20.056429,Calibration,2008,2008-03-05,,exper2_07
,20.432798,Calibration,2008,2008-03-06,,exper2_07
,19.89811,Calibration,2008,2008-03-07,,exper2_07
,20.256258,Calibration,2008,2008-03-08,,exper2_07
,20.387037,Calibration,2008,2008-03-09,,exper2_07
,20.375837,Calibration,2008,2008-03-10,,exper2_07
,20.314959,Calibration,2008,2008-03-11,,exper2_07
,20.41403,Calibration,2008,2008-03-12,,exper2_07
,20.458912,Calibration,2008,2008-03-13,,exper2_07
,20.013885,Calibration,2008,2008-03-14,,exper2_07
,20.191202,Calibration,2008,2008-03-15,,exper2_07
,20.183126,Calibration,2008,2008-03-16,,exper2_07
,20.358496,Calibration,2008,2008-03-17,,exper2_07
,20.5276,Calibration,2008,2008-03-18,,exper2_07
,20.64533,Calibration,2008,2008-03-19,,exper2_07
,20.798456,Calibration,2008,2008-03-20,,exper2_07
,20.943398,Calibration,2008,2008-03-21,,exper2_07
,21.075714,Calibration,2008,2008-03-22,,exper2_07
,21.094973,Calibration,2008,2008-03-23,,exper2_07
,20.80368,Calibration,2008,2008-03-24,,exper2_07
,20.644896,Calibration,2008,2008-03-25,,exper2_07
,20.752516,Calibration,2008,2008-03-26,,exper2_07
,20.553576,Calibration,2008,2008-03-27,,exper2_07
,20.300993,Calibration,2008,2008-03-28,,exper2_07
,20.16503,Calibration,2008,2008-03-29,,exper2_07
,20.078913,Calibration,2008,2008-03-30,,exper2_07
,20.041246,Calibration,2008,2008-03-31,,exper2_07
,19.907942,Calibration,2008,2008-04-01,,exper2_07
,19.571894,Calibration,2008,2008-04-02,,exper2_07
,19.69811,Calibration,2008,2008-04-03,,exper2_07
,19.300768,Calibration,2008,2008-04-04,,exper2_07
,19.214039,Calibration,2008,2008-04-05,,exper2_07
,19.474947,Calibration,2008,2008-04-06,,exper2_07
,19.440432,Calibration,2008,2008-04-07,,exper2_07
,18.800346,Calibration,2008,2008-04-08,,exper2_07
,18.648317,Calibration,2008,2008-04-09,,exper2_07
,18.538807,Calibration,2008,2008-04-10,,exper2_07
,18.617964,Calibration,2008,2008-04-11,,exper2_07
,18.60623,Calibration,2008,2008-04-12,,exper2_07
,18.183132,Calibration,2008,2008-04-13,,exper2_07
,18.663126,Calibration,2008,2008-04-14,,exper2_07
,18.449743,Calibration,2008,2008-04-15,,exper2_07
,18.110075,Calibration,2008,2008-04-16,,exper2_07
,17.85739,Calibration,2008,2008-04-17,,exper2_07
,17.698807,Calibration,2008,2008-04-18,,exper2_07
,17.536663,Calibration,2008,2008-04-19,,exper2_07
,17.088116,Calibration,2008,2008-04-20,,exper2_07
,16.647448,Calibration,2008,2008-04-21,,exper2_07
,16.53382,Calibration,2008,2008-04-22,,exper2_07
,16.50392,Calibration,2008,2008-04-23,,exper2_07
,16.509697,Calibration,2008,2008-04-24,,exper2_07
,16.40101,Calibration,2008,2008-04-25,,exper2_07
,16.442532,Calibration,2008,2008-04-26,,exper2_07
,16.279957,Calibration,2008,2008-04-27,,exper2_07
,16.399088,Calibration,2008,2008-04-28,,exper2_07
,16.409786,Calibration,2008,2008-04-29,,exper2_07
,16.349134,Calibration,2008,2008-04-30,,exper2_07
,16.23969,Calibration,2008,2008-05-01,,exper2_07
,16.076588,Calibration,2008,2008-05-02,,exper2_07
,15.723462,Calibration,2008,2008-05-03,,exper2_07
,15.744423,Calibration,2008,2008-05-04,,exper2_07
,15.349319,Calibration,2008,2008-05-05,,exper2_07
,15.119106,Calibration,2008,2008-05-06,,exper2_07
,14.927551,Calibration,2008,2008-05-07,,exper2_07
,15.228361,Calibration,2008,2008-05-08,,exper2_07
,15.072502,Calibration,2008,2008-05-09,,exper2_07
,15.058077,Calibration,2008,2008-05-10,,exper2_07
,14.999517,Calibration,2008,2008-05-11,,exper2_07
,14.775784,Calibration,2008,2008-05-12,,exper2_07
,14.413567,Calibration,2008,2008-05-13,,exper2_07
,14.058415,Calibration,2008,2008-05-14,,exper2_07
,13.815716,Calibration,2008,2008-05-15,,exper2_07
,13.420522,Calibration,2008,2008-05-16,,exper2_07
,13.1501255,Calibration,2008,2008-05-17,,exper2_07
,13.042295,Calibration,2008,2008-05-18,,exper2_07
,13.139446,Calibration,2008,2008-05-19,,exper2_07
,13.175013,Calibration,2008,2008-05-20,,exper2_07
,13.139879,Calibration,2008,2008-05-21,,exper2_07
,13.11322,Calibration,2008,2008-05-22,,exper2_07
,12.978176,Calibration,2008,2008-05-23,,exper2_07
,13.012079,Calibration,2008,2008-05-24,,exper2_07
,12.795407,Calibration,2008,2008-05-25,,exper2_07
,12.71785,Calibration,2008,2008-05-26,,exper2_07
,12.6871395,Calibration,2008,2008-05-27,,exper2_07
,12.6062155,Calibration,2008,2008-05-28,,exper2_07
,12.341614,Calibration,2008,2008-05-29,,exper2_07
,12.260308,Calibration,2008,2008-05-30,,exper2_07
,11.925179,Calibration,2008,2008-05-31,,exper2_07
,11.963336,Calibration,2008,2008-06-01,,exper2_07
,12.104935,Calibration,2008,2008-06-02,,exper2_07
,12.0665865,Calibration,2008,2008-06-03,,exper2_07
,12.045325,Calibration,2008,2008-06-04,,exper2_07
,11.7561,Calibration,2008,2008-06-05,,exper2_07
,11.587132,Calibration,2008,2008-06-06,,exper2_07
,11.586955,Calibration,2008,2008-06-07,,exper2_07
,11.67959,Calibration,2008,2008-06-08,,exper2_07
,11.455652,Calibration,2008,2008-06-09,,exper2_07
,11.592115,Calibration,2008,2008-06-10,,exper2_07
,11.280104,Calibration,2008,2008-06-11,,exper2_07
,11.333664,Calibration,2008,2008-06-12,,exper2_07
,11.28767,Calibration,2008,2008-06-13,,exper2_07
,11.278107,Calibration,2008,2008-06-14,,exper2_07
,11.286575,Calibration,2008,2008-06-15,,exper2_07
,11.327115,Calibration,2008,2008-06-16,,exper2_07
,11.198782,Calibration,2008,2008-06-17,,exper2_07
,11.332099,Calibration,2008,2008-06-18,,exper2_07
,11.045482,Calibration,2008,2008-06-19,,exper2_07
,10.899515,Calibration,2008,2008-06-20,,exper2_07
,10.934627,Calibration,2008,2008-06-21,,exper2_07
,10.806192,Calibration,2008,2008-06-22,,exper2_07
,10.685829,Calibration,2008,2008-06-23,,exper2_07
,10.768084,Calibration,2008,2008-06-24,,exper2_07
,10.368219,Calibration,2008,2008-06-25,,exper2_07
,10.365727,Calibration,2008,2008-06-26,,exper2_07
,10.368657,Calibration,2008,2008-06-27,,exper2_07
,10.275394,Calibration,2008,2008-06-28,,exper2_07
,10.079617,Calibration,2008,2008-06-29,,exper2_07
,9.804246,Calibration,2008,2008-06-30,,exper2_07
,9.598145,Calibration,2008,2008-07-01,,exper2_07
,9.574854,Calibration,2008,2008-07-02,,exper2_07
,9.694992,Calibration,2008,2008-07-03,,exper2_07
,9.715545,Calibration,2008,2008-07-04,,exper2_07
,9.6557045,Calibration,2008,2008-07-05,,exper2_07
,9.170056,Calibration,2008,2008-07-06,,exper2_07
,9.295765,Calibration,2008,2008-07-07,,exper2_07
,8.798352,Calibration,2008,2008-07-08,,exper2_07
,9.070642,Calibration,2008,2008-07-09,,exper2_07
,8.807505,Calibration,2008,2008-07-10,,exper2_07
,9.024157,Calibration,2008,2008-07-11,,exper2_07
,9.258984,Calibration,2008,2008-07-12,,exper2_07
,9.324886,Calibration,2008,2008-07-13,,exper2_07
,9.189474,Calibration,2008,2008-07-14,,exper2_07
,9.1272335,Calibration,2008,2008-07-15,,exper2_07
,9.009474,Calibration,2008,2008-07-16,,exper2_07
,9.228567,Calibration,2008,2008-07-17,,exper2_07
,9.404645,Calibration,2008,2008-07-18,,exper2_07
,9.540684,Calibration,2008,2008-07-19,,exper2_07
,9.629717,Calibration,2008,2008-07-20,,exper2_07
,9.629568,Calibration,2008,2008-07-21,,exper2_07
,9.562179,Calibration,2008,2008-07-22,,exper2_07
,9.626104,Calibration,2008,2008-07-23,,exper2_07
,9.777694,Calibration,2008,2008-07-24,,exper2_07
,9.798739,Calibration,2008,2008-07-25,,exper2_07
,9.544508,Calibration,2008,2008-07-26,,exper2_07
,9.532028,Calibration,2008,2008-07-27,,exper2_07
,9.455666,Calibration,2008,2008-07-28,,exper2_07
,9.538551,Calibration,2008,2008-07-29,,exper2_07
,9.537419,Calibration,2008,2008-07-30,,exper2_07
,9.741392,Calibration,2008,2008-07-31,,exper2_07
,9.788805,Calibration,2008,2008-08-01,,exper2_07
,9.788883,Calibration,2008,2008-08-02,,exper2_07
,9.851075,Calibration,2008,2008-08-03,,exper2_07
,9.832169,Calibration,2008,2008-08-04,,exper2_07
,9.765194,Calibration,2008,2008-08-05,,exper2_07
,9.8383255,Calibration,2008,2008-08-06,,exper2_07
,9.697779,Calibration,2008,2008-08-07,,exper2_07
,9.736146,Calibration,2008,2008-08-08,,exper2_07
,9.587447,Calibration,2008,2008-08-09,,exper2_07
,9.552594,Calibration,2008,2008-08-10,,exper2_07
,9.677602,Calibration,2008,2008-08-11,,exper2_07
,9.534733,Calibration,2008,2008-08-12,,exper2_07
,9.48266,Calibration,2008,2008-08-13,,exper2_07
,9.51116,Calibration,2008,2008-08-14,,exper2_07
,9.54807,Calibration,2008,2008-08-15,,exper2_07
,9.297298,Calibration,2008,2008-08-16,,exper2_07
,9.183925,Calibration,2008,2008-08-17,,exper2_07
,8.768758,Calibration,2008,2008-08-18,,exper2_07
,8.903601,Calibration,2008,2008-08-19,,exper2_07
,9.085083,Calibration,2008,2008-08-20,,exper2_07
,9.3535795,Calibration,2008,2008-08-21,,exper2_07
,9.486889,Calibration,2008,2008-08-22,,exper2_07
,9.982392,Calibration,2008,2008-08-23,,exper2_07
,9.952726,Calibration,2008,2008-08-24,,exper2_07
,10.226049,Calibration,2008,2008-08-25,,exper2_07
,10.513427,Calibration,2008,2008-08-26,,exper2_07
,10.620123,Calibration,2008,2008-08-27,,exper2_07
,10.796195,Calibration,2008,2008-08-28,,exper2_07
,11.068824,Calibration,2008,2008-08-29,,exper2_07
,11.024825,Calibration,2008,2008-08-30,,exper2_07
,11.043443,Calibration,2008,2008-08-31,,exper2_07
,11.113787,Calibration,2008,2008-09-01,,exper2_07
,11.076078,Calibration,2008,2008-09-02,,exper2_07
,11.0946665,Calibration,2008,2008-09-03,,exper2_07
,11.524616,Calibration,2008,2008-09-04,,exper2_07
,11.5049095,Calibration,2008,2008-09-05,,exper2_07
,11.734791,Calibration,2008,2008-09-06,,exper2_07
,11.87191,Calibration,2008,2008-09-07,,exper2_07
,11.787848,Calibration,2008,2008-09-08,,exper2_07
,11.829079,Calibration,2008,2008-09-09,,exper2_07
,11.956688,Calibration,2008,2008-09-10,,exper2_07
,12.086628,Calibration,2008,2008-09-11,,exper2_07
,12.102397,Calibration,2008,2008-09-12,,exper2_07
,12.173566,Calibration,2008,2008-09-13,,exper2_07
,12.625711,Calibration,2008,2008-09-14,,exper2_07
,12.755011,Calibration,2008,2008-09-15,,exper2_07
,12.815474,Calibration,2008,2008-09-16,,exper2_07
,12.901204,Calibration,2008,2008-09-17,,exper2_07
,12.8288,Calibration,2008,2008-09-18,,exper2_07
,12.762159,Calibration,2008,2008-09-19,,exper2_07
,12.864783,Calibration,2008,2008-09-20,,exper2_07
,12.975057,Calibration,2008,2008-09-21,,exper2_07
,13.349329,Calibration,2008,2008-09-22,,exper2_07
,13.905355,Calibration,2008,2008-09-23,,exper2_07
,14.130026,Calibration,2008,2008-09-24,,exper2_07
,14.218306,Calibration,2008,2008-09-25,,exper2_07
,14.114306,Calibration,2008,2008-09-26,,exper2_07
,14.057015,Calibration,2008,2008-09-27,,exper2_07
,13.92432,Calibration,2008,2008-09-28,,exper2_07
,14.135539,Calibration,2008,2008-09-29,,exper2_07
,13.847237,Calibration,2008,2008-09-30,,exper2_07
,13.821459,Calibration,2008,2008-10-01,,exper2_07
,13.765963,Calibration,2008,2008-10-02,,exper2_07
,13.96517,Calibration,2008,2008-10-03,,exper2_07
,14.021426,Calibration,2008,2008-10-04,,exper2_07
,13.624587,Calibration,2008,2008-10-05,,exper2_07
,13.438845,Calibration,2008,2008-10-06,,exper2_07
,13.428051,Calibration,2008,2008-10-07,,exper2_07
,13.467252,Calibration,2008,2008-10-08,,exper2_07
,13.616682,Calibration,2008,2008-10-09,,exper2_07
,13.816711,Calibration,2008,2008-10-10,,exper2_07
,13.973851,Calibration,2008,2008-10-11,,exper2_07
,14.403541,Calibration,2008,2008-10-12,,exper2_07
,14.399591,Calibration,2008,2008-10-13,,exper2_07
,14.413697,Calibration,2008,2008-10-14,,exper2_07
,14.660139,Calibration,2008,2008-10-15,,exper2_07
,14.493169,Calibration,2008,2008-10-16,,exper2_07
,14.506704,Calibration,2008,2008-10-17,,exper2_07
,14.777712,Calibration,2008,2008-10-18,,exper2_07
,14.510036,Calibration,2008,2008-10-19,,exper2_07
,14.627091,Calibration,2008,2008-10-20,,exper2_07
,14.795244,Calibration,2008,2008-10-21,,exper2_07
,15.25164,Calibration,2008,2008-10-22,,exper2_07
,15.371293,Calibration,2008,2008-10-23,,exper2_07
,15.458198,Calibration,2008,2008-10-24,,exper2_07
,15.604418,Calibration,2008,2008-10-25,,exper2_07
,15.427836,Calibration,2008,2008-10-26,,exper2_07
,15.697758,Calibration,2008,2008-10-27,,exper2_07
,15.872542,Calibration,2008,2008-10-28,,exper2_07
,15.67491,Calibration,2008,2008-10-29,,exper2_07
,15.6346,Calibration,2008,2008-10-30,,exper2_07
,15.661129,Calibration,2008,2008-10-31,,exper2_07
,15.840224,Calibration,2008,2008-11-01,,exper2_07
,16.04418,Calibration,2008,2008-11-02,,exper2_07
,16.28895,Calibration,2008,2008-11-03,,exper2_07
,16.204006,Calibration,2008,2008-11-04,,exper2_07
,15.6520195,Calibration,2008,2008-11-05,,exper2_07
,15.599048,Calibration,2008,2008-11-06,,exper2_07
,15.708227,Calibration,2008,2008-11-07,,exper2_07
,15.924273,Calibration,2008,2008-11-08,,exper2_07
,16.078098,Calibration,2008,2008-11-09,,exper2_07
,16.421602,Calibration,2008,2008-11-10,,exper2_07
,16.811453,Calibration,2008,2008-11-11,,exper2_07
,17.332094,Calibration,2008,2008-11-12,,exper2_07
,18.002222,Calibration,2008,2008-11-13,,exper2_07
,18.299438,Calibration,2008,2008-11-14,,exper2_07
,18.420887,Calibration,2008,2008-11-15,,exper2_07
,18.655535,Calibration,2008,2008-11-16,,exper2_07
,18.09038,Calibration,2008,2008-11-17,,exper2_07
,17.577068,Calibration,2008,2008-11-18,,exper2_07
,17.783833,Calibration,2008,2008-11-19,,exper2_07
,18.140177,Calibration,2008,2008-11-20,,exper2_07
,18.220673,Calibration,2008,2008-11-21,,exper2_07
,18.529493,Calibration,2008,2008-11-22,,exper2_07
,18.998753,Calibration,2008,2008-11-23,,exper2_07
,18.685225,Calibration,2008,2008-11-24,,exper2_07
,18.484943,Calibration,2008,2008-11-25,,exper2_07
,18.773302,Calibration,2008,2008-11-26,,exper2_07
,19.0324,Calibration,2008,2008-11-27,,exper2_07
,19.102972,Calibration,2008,2008-11-28,,exper2_07
,19.421501,Calibration,2008,2008-11-29,,exper2_07
,19.761402,Calibration,2008,2008-11-30,,exper2_07
,20.183577,Calibration,2008,2008-12-01,,exper2_07
,19.727655,Calibration,2008,2008-12-02,,exper2_07
,20.130348,Calibration,2008,2008-12-03,,exper2_07
,20.345106,Calibration,2008,2008-12-04,,exper2_07
,20.421186,Calibration,2008,2008-12-05,,exper2_07
,20.582958,Calibration,2008,2008-12-06,,exper2_07
,20.647371,Calibration,2008,2008-12-07,,exper2_07
,20.995975,Calibration,2008,2008-12-08,,exper2_07
,20.871088,Calibration,2008,2008-12-09,,exper2_07
,20.803848,Calibration,2008,2008-12-10,,exper2_07
,20.725946,Calibration,2008,2008-12-11,,exper2_07
,20.93273,Calibration,2008,2008-12-12,,exper2_07
,20.787489,Calibration,2008,2008-12-13,,exper2_07
,21.188818,Calibration,2008,2008-12-14,,exper2_07
,21.183092,Calibration,2008,2008-12-15,,exper2_07
,21.13748,Calibration,2008,2008-12-16,,exper2_07
,20.91657,Calibration,2008,2008-12-17,,exper2_07
,20.961824,Calibration,2008,2008-12-18,,exper2_07
,21.27374,Calibration,2008,2008-12-19,,exper2_07
,21.488909,Calibration,2008,2008-12-20,,exper2_07
,21.302828,Calibration,2008,2008-12-21,,exper2_07
,21.158667,Calibration,2008,2008-12-22,,exper2_07
,21.29836,Calibration,2008,2008-12-23,,exper2_07
,21.081139,Calibration,2008,2008-12-24,,exper2_07
,21.399538,Calibration,2008,2008-12-25,,exper2_07
,20.613827,Calibration,2008,2008-12-26,,exper2_07
,20.707537,Calibration,2008,2008-12-27,,exper2_07
,20.688202,Calibration,2008,2008-12-28,,exper2_07
,20.90817,Calibration,2008,2008-12-29,,exper2_07
,20.91737,Calibration,2008,2008-12-30,,exper2_07
,21.228317,Calibration,2008,2008-12-31,,exper2_07
,21.863405,Calibration,2009,2009-01-01,,exper2_07
,22.458996,Calibration,2009,2009-01-02,,exper2_07
,22.526316,Calibration,2009,2009-01-03,,exper2_07
,22.794466,Calibration,2009,2009-01-04,,exper2_07
,22.977272,Calibration,2009,2009-01-05,,exper2_07
,23.126541,Calibration,2009,2009-01-06,,exper2_07
,23.48252,Calibration,2009,2009-01-07,,exper2_07
,23.75543,Calibration,2009,2009-01-08,,exper2_07
,24.084343,Calibration,2009,2009-01-09,,exper2_07
,23.856195,Calibration,2009,2009-01-10,,exper2_07
,23.545483,Calibration,2009,2009-01-11,,exper2_07
,23.757456,Calibration,2009,2009-01-12,,exper2_07
,23.752842,Calibration,2009,2009-01-13,,exper2_07
,23.61171,Calibration,2009,2009-01-14,,exper2_07
,23.607794,Calibration,2009,2009-01-15,,exper2_07
,23.397085,Calibration,2009,2009-01-16,,exper2_07
,23.37498,Calibration,2009,2009-01-17,,exper2_07
,23.117868,Calibration,2009,2009-01-18,,exper2_07
,22.592228,Calibration,2009,2009-01-19,,exper2_07
,22.099901,Calibration,2009,2009-01-20,,exper2_07
,22.121397,Calibration,2009,2009-01-21,,exper2_07
,22.408676,Calibration,2009,2009-01-22,,exper2_07
,22.697512,Calibration,2009,2009-01-23,,exper2_07
,22.962526,Calibration,2009,2009-01-24,,exper2_07
,23.190786,Calibration,2009,2009-01-25,,exper2_07
,23.316269,Calibration,2009,2009-01-26,,exper2_07
,23.30105,Calibration,2009,2009-01-27,,exper2_07
,23.043688,Calibration,2009,2009-01-28,,exper2_07
,22.628569,Calibration,2009,2009-01-29,,exper2_07
,22.783016,Calibration,2009,2009-01-30,,exper2_07
,23.192032,Calibration,2009,2009-01-31,,exper2_07
,23.374485,Calibration,2009,2009-02-01,,exper2_07
,23.273,Calibration,2009,2009-02-02,,exper2_07
,23.054123,Calibration,2009,2009-02-03,,exper2_07
,23.233368,Calibration,2009,2009-02-04,,exper2_07
,23.43336,Calibration,2009,2009-02-05,,exper2_07
,22.854486,Calibration,2009,2009-02-06,,exper2_07
,23.389284,Calibration,2009,2009-02-07,,exper2_07
,23.659998,Calibration,2009,2009-02-08,,exper2_07
,23.968134,Calibration,2009,2009-02-09,,exper2_07
,23.649796,Calibration,2009,2009-02-10,,exper2_07
,23.600784,Calibration,2009,2009-02-11,,exper2_07
,23.291143,Calibration,2009,2009-02-12,,exper2_07
,23.221941,Calibration,2009,2009-02-13,,exper2_07
,22.80171,Calibration,2009,2009-02-14,,exper2_07
,22.627785,Calibration,2009,2009-02-15,,exper2_07
,22.875034,Calibration,2009,2009-02-16,,exper2_07
,22.514505,Calibration,2009,2009-02-17,,exper2_07
,22.740946,Calibration,2009,2009-02-18,,exper2_07
,22.947515,Calibration,2009,2009-02-19,,exper2_07
,22.663078,Calibration,2009,2009-02-20,,exper2_07
,22.737673,Calibration,2009,2009-02-21,,exper2_07
,22.28858,Calibration,2009,2009-02-22,,exper2_07
,22.309757,Calibration,2009,2009-02-23,,exper2_07
,22.094841,Calibration,2009,2009-02-24,,exper2_07
,21.934492,Calibration,2009,2009-02-25,,exper2_07
,22.159006,Calibration,2009,2009-02-26,,exper2_07
,21.802717,Calibration,2009,2009-02-27,,exper2_07
,21.85391,Calibration,2009,2009-02-28,,exper2_07
,21.635334,Calibration,2009,2009-03-01,,exper2_07
,21.818325,Calibration,2009,2009-03-02,,exper2_07
,21.716814,Calibration,2009,2009-03-03,,exper2_07
,21.835619,Calibration,2009,2009-03-04,,exper2_07
,22.141035,Calibration,2009,2009-03-05,,exper2_07
,20.948921,Calibration,2009,2009-03-06,,exper2_07
,21.000872,Calibration,2009,2009-03-07,,exper2_07
,20.607618,Calibration,2009,2009-03-08,,exper2_07
,20.657267,Calibration,2009,2009-03-09,,exper2_07
,20.689672,Calibration,2009,2009-03-10,,exper2_07
,19.95056,Calibration,2009,2009-03-11,,exper2_07
,20.31277,Calibration,2009,2009-03-12,,exper2_07
,20.167025,Calibration,2009,2009-03-13,,exper2_07
,19.67222,Calibration,2009,2009-03-14,,exper2_07
,19.866556,Calibration,2009,2009-03-15,,exper2_07
,19.977093,Calibration,2009,2009-03-16,,exper2_07
,19.748346,Calibration,2009,2009-03-17,,exper2_07
,19.90595,Calibration,2009,2009-03-18,,exper2_07
,19.664867,Calibration,2009,2009-03-19,,exper2_07
,19.861273,Calibration,2009,2009-03-20,,exper2_07
,19.837435,Calibration,2009,2009-03-21,,exper2_07
,19.955017,Calibration,2009,2009-03-22,,exper2_07
,19.234924,Calibration,2009,2009-03-23,,exper2_07
,19.204763,Calibration,2009,2009-03-24,,exper2_07
,19.279043,Calibration,2009,2009-03-25,,exper2_07
,19.53511,Calibration,2009,2009-03-26,,exper2_07
,19.568584,Calibration,2009,2009-03-27,,exper2_07
,19.609777,Calibration,2009,2009-03-28,,exper2_07
,19.190165,Calibration,2009,2009-03-29,,exper2_07
,19.490454,Calibration,2009,2009-03-30,,exper2_07
,19.491352,Calibration,2009,2009-03-31,,exper2_07
,18.860628,Calibration,2009,2009-04-01,,exper2_07
,18.742155,Calibration,2009,2009-04-02,,exper2_07
,18.62958,Calibration,2009,2009-04-03,,exper2_07
,18.686008,Calibration,2009,2009-04-04,,exper2_07
,18.716845,Calibration,2009,2009-04-05,,exper2_07
,18.845503,Calibration,2009,2009-04-06,,exper2_07
,18.537556,Calibration,2009,2009-04-07,,exper2_07
,18.150446,Calibration,2009,2009-04-08,,exper2_07
,17.847692,Calibration,2009,2009-04-09,,exper2_07
,17.463156,Calibration,2009,2009-04-10,,exper2_07
,17.467312,Calibration,2009,2009-04-11,,exper2_07
,17.687943,Calibration,2009,2009-04-12,,exper2_07
,17.719234,Calibration,2009,2009-04-13,,exper2_07
,17.724041,Calibration,2009,2009-04-14,,exper2_07
,17.461607,Calibration,2009,2009-04-15,,exper2_07
,17.443703,Calibration,2009,2009-04-16,,exper2_07
,17.47236,Calibration,2009,2009-04-17,,exper2_07
,17.395369,Calibration,2009,2009-04-18,,exper2_07
,17.324377,Calibration,2009,2009-04-19,,exper2_07
,16.80322,Calibration,2009,2009-04-20,,exper2_07
,16.642895,Calibration,2009,2009-04-21,,exper2_07
,16.48673,Calibration,2009,2009-04-22,,exper2_07
,16.222773,Calibration,2009,2009-04-23,,exper2_07
,15.890881,Calibration,2009,2009-04-24,,exper2_07
,16.637568,Calibration,2009,2009-04-25,,exper2_07
,16.330889,Calibration,2009,2009-04-26,,exper2_07
,16.379564,Calibration,2009,2009-04-27,,exper2_07
,16.422956,Calibration,2009,2009-04-28,,exper2_07
,16.46356,Calibration,2009,2009-04-29,,exper2_07
,16.380707,Calibration,2009,2009-04-30,,exper2_07
,16.372839,Calibration,2009,2009-05-01,,exper2_07
,15.93292,Calibration,2009,2009-05-02,,exper2_07
,15.90399,Calibration,2009,2009-05-03,,exper2_07
,15.679081,Calibration,2009,2009-05-04,,exper2_07
,15.212663,Calibration,2009,2009-05-05,,exper2_07
,14.884477,Calibration,2009,2009-05-06,,exper2_07
,14.6173725,Calibration,2009,2009-05-07,,exper2_07
,14.573334,Calibration,2009,2009-05-08,,exper2_07
,14.226235,Calibration,2009,2009-05-09,,exper2_07
,13.914544,Calibration,2009,2009-05-10,,exper2_07
,13.429964,Calibration,2009,2009-05-11,,exper2_07
,12.937887,Calibration,2009,2009-05-12,,exper2_07
,12.642301,Calibration,2009,2009-05-13,,exper2_07
,12.600963,Calibration,2009,2009-05-14,,exper2_07
,12.885223,Calibration,2009,2009-05-15,,exper2_07
,13.140935,Calibration,2009,2009-05-16,,exper2_07
,13.465415,Calibration,2009,2009-05-17,,exper2_07
,13.4767275,Calibration,2009,2009-05-18,,exper2_07
,13.499619,Calibration,2009,2009-05-19,,exper2_07
,13.142412,Calibration,2009,2009-05-20,,exper2_07
,12.421987,Calibration,2009,2009-05-21,,exper2_07
,12.333189,Calibration,2009,2009-05-22,,exper2_07
,12.278791,Calibration,2009,2009-05-23,,exper2_07
,12.414703,Calibration,2009,2009-05-24,,exper2_07
,12.316219,Calibration,2009,2009-05-25,,exper2_07
,12.467467,Calibration,2009,2009-05-26,,exper2_07
,12.441305,Calibration,2009,2009-05-27,,exper2_07
,12.304588,Calibration,2009,2009-05-28,,exper2_07
,12.321599,Calibration,2009,2009-05-29,,exper2_07
,12.038312,Calibration,2009,2009-05-30,,exper2_07
,12.529617,Calibration,2009,2009-05-31,,exper2_07
,11.783872,Calibration,2009,2009-06-01,,exper2_07
,11.786421,Calibration,2009,2009-06-02,,exper2_07
,11.380323,Calibration,2009,2009-06-03,,exper2_07
,11.232222,Calibration,2009,2009-06-04,,exper2_07
,11.065669,Calibration,2009,2009-06-05,,exper2_07
,11.163818,Calibration,2009,2009-06-06,,exper2_07
,11.119568,Calibration,2009,2009-06-07,,exper2_07
,10.980099,Calibration,2009,2009-06-08,,exper2_07
,11.163163,Calibration,2009,2009-06-09,,exper2_07
,11.21139,Calibration,2009,2009-06-10,,exper2_07
,11.214817,Calibration,2009,2009-06-11,,exper2_07
,11.39961,Calibration,2009,2009-06-12,,exper2_07
,11.222454,Calibration,2009,2009-06-13,,exper2_07
,11.32185,Calibration,2009,2009-06-14,,exper2_07
,11.302658,Calibration,2009,2009-06-15,,exper2_07
,11.433469,Calibration,2009,2009-06-16,,exper2_07
,11.083736,Calibration,2009,2009-06-17,,exper2_07
,10.7134695,Calibration,2009,2009-06-18,,exper2_07
,10.454721,Calibration,2009,2009-06-19,,exper2_07
,10.218648,Calibration,2009,2009-06-20,,exper2_07
,10.019193,Calibration,2009,2009-06-21,,exper2_07
,9.8231735,Calibration,2009,2009-06-22,,exper2_07
,9.625808,Calibration,2009,2009-06-23,,exper2_07
,9.439252,Calibration,2009,2009-06-24,,exper2_07
,9.235444,Calibration,2009,2009-06-25,,exper2_07
,9.467276,Calibration,2009,2009-06-26,,exper2_07
,9.569718,Calibration,2009,2009-06-27,,exper2_07
,9.6778755,Calibration,2009,2009-06-28,,exper2_07
,9.672728,Calibration,2009,2009-06-29,,exper2_07
,9.586186,Calibration,2009,2009-06-30,,exper2_07
,9.549193,Calibration,2009,2009-07-01,,exper2_07
,9.409927,Calibration,2009,2009-07-02,,exper2_07
,9.426607,Calibration,2009,2009-07-03,,exper2_07
,9.316185,Calibration,2009,2009-07-04,,exper2_07
,9.420632,Calibration,2009,2009-07-05,,exper2_07
,9.351797,Calibration,2009,2009-07-06,,exper2_07
,9.24958,Calibration,2009,2009-07-07,,exper2_07
,9.220906,Calibration,2009,2009-07-08,,exper2_07
,8.888639,Calibration,2009,2009-07-09,,exper2_07
,8.800648,Calibration,2009,2009-07-10,,exper2_07
,8.779016,Calibration,2009,2009-07-11,,exper2_07
,8.983944,Calibration,2009,2009-07-12,,exper2_07
,8.735365,Calibration,2009,2009-07-13,,exper2_07
,8.562923,Calibration,2009,2009-07-14,,exper2_07
,8.762051,Calibration,2009,2009-07-15,,exper2_07
,8.817045,Calibration,2009,2009-07-16,,exper2_07
,8.838194,Calibration,2009,2009-07-17,,exper2_07
,9.001286,Calibration,2009,2009-07-18,,exper2_07
,8.959288,Calibration,2009,2009-07-19,,exper2_07
,8.9508,Calibration,2009,2009-07-20,,exper2_07
,8.863132,Calibration,2009,2009-07-21,,exper2_07
,9.036783,Calibration,2009,2009-07-22,,exper2_07
,9.088723,Calibration,2009,2009-07-23,,exper2_07
,9.135701,Calibration,2009,2009-07-24,,exper2_07
,9.151619,Calibration,2009,2009-07-25,,exper2_07
,9.120108,Calibration,2009,2009-07-26,,exper2_07
,9.086831,Calibration,2009,2009-07-27,,exper2_07
,9.198395,Calibration,2009,2009-07-28,,exper2_07
,9.073746,Calibration,2009,2009-07-29,,exper2_07
,9.034284,Calibration,2009,2009-07-30,,exper2_07
,8.997357,Calibration,2009,2009-07-31,,exper2_07
,9.122032,Calibration,2009,2009-08-01,,exper2_07
,9.086915,Calibration,2009,2009-08-02,,exper2_07
,9.066167,Calibration,2009,2009-08-03,,exper2_07
,9.351013,Calibration,2009,2009-08-04,,exper2_07
,9.224326,Calibration,2009,2009-08-05,,exper2_07
,9.379839,Calibration,2009,2009-08-06,,exper2_07
,9.481362,Calibration,2009,2009-08-07,,exper2_07
,9.510567,Calibration,2009,2009-08-08,,exper2_07
,9.468352,Calibration,2009,2009-08-09,,exper2_07
,9.608624,Calibration,2009,2009-08-10,,exper2_07
,9.441689,Calibration,2009,2009-08-11,,exper2_07
,9.462685,Calibration,2009,2009-08-12,,exper2_07
,9.517907,Calibration,2009,2009-08-13,,exper2_07
,9.650963,Calibration,2009,2009-08-14,,exper2_07
,9.810957,Calibration,2009,2009-08-15,,exper2_07
,9.959247,Calibration,2009,2009-08-16,,exper2_07
,10.316799,Calibration,2009,2009-08-17,,exper2_07
,10.545905,Calibration,2009,2009-08-18,,exper2_07
,10.357939,Calibration,2009,2009-08-19,,exper2_07
,10.545016,Calibration,2009,2009-08-20,,exper2_07
,10.768001,Calibration,2009,2009-08-21,,exper2_07
,10.66015,Calibration,2009,2009-08-22,,exper2_07
,10.578603,Calibration,2009,2009-08-23,,exper2_07
,10.712482,Calibration,2009,2009-08-24,,exper2_07
,10.901636,Calibration,2009,2009-08-25,,exper2_07
,11.220599,Calibration,2009,2009-08-26,,exper2_07
,11.494316,Calibration,2009,2009-08-27,,exper2_07
,11.731688,Calibration,2009,2009-08-28,,exper2_07
,11.773031,Calibration,2009,2009-08-29,,exper2_07
,11.559338,Calibration,2009,2009-08-30,,exper2_07
,11.598602,Calibration,2009,2009-08-31,,exper2_07
,11.788804,Calibration,2009,2009-09-01,,exper2_07
,11.909204,Calibration,2009,2009-09-02,,exper2_07
,11.973257,Calibration,2009,2009-09-03,,exper2_07
,11.616606,Calibration,2009,2009-09-04,,exper2_07
,11.733759,Calibration,2009,2009-09-05,,exper2_07
,11.716173,Calibration,2009,2009-09-06,,exper2_07
,11.686562,Calibration,2009,2009-09-07,,exper2_07
,12.0085945,Calibration,2009,2009-09-08,,exper2_07
,12.019186,Calibration,2009,2009-09-09,,exper2_07
,12.441782,Calibration,2009,2009-09-10,,exper2_07
,12.383283,Calibration,2009,2009-09-11,,exper2_07
,12.270851,Calibration,2009,2009-09-12,,exper2_07
,12.414972,Calibration,2009,2009-09-13,,exper2_07
,12.684942,Calibration,2009,2009-09-14,,exper2_07
,13.031662,Calibration,2009,2009-09-15,,exper2_07
,13.274981,Calibration,2009,2009-09-16,,exper2_07
,13.346191,Calibration,2009,2009-09-17,,exper2_07
,13.691119,Calibration,2009,2009-09-18,,exper2_07
,13.240822,Calibration,2009,2009-09-19,,exper2_07
,13.213616,Calibration,2009,2009-09-20,,exper2_07
,13.446098,Calibration,2009,2009-09-21,,exper2_07
,13.388554,Calibration,2009,2009-09-22,,exper2_07
,13.47083,Calibration,2009,2009-09-23,,exper2_07
,13.0341015,Calibration,2009,2009-09-24,,exper2_07
,13.038127,Calibration,2009,2009-09-25,,exper2_07
,13.253359,Calibration,2009,2009-09-26,,exper2_07
,13.616665,Calibration,2009,2009-09-27,,exper2_07
,13.596157,Calibration,2009,2009-09-28,,exper2_07
,13.670406,Calibration,2009,2009-09-29,,exper2_07
,13.55661,Calibration,2009,2009-09-30,,exper2_07
,13.790499,Calibration,2009,2009-10-01,,exper2_07
,13.790472,Calibration,2009,2009-10-02,,exper2_07
,14.230693,Calibration,2009,2009-10-03,,exper2_07
,13.748274,Calibration,2009,2009-10-04,,exper2_07
,13.024672,Calibration,2009,2009-10-05,,exper2_07
,12.802876,Calibration,2009,2009-10-06,,exper2_07
,12.973834,Calibration,2009,2009-10-07,,exper2_07
,13.278528,Calibration,2009,2009-10-08,,exper2_07
,13.136018,Calibration,2009,2009-10-09,,exper2_07
,12.652301,Calibration,2009,2009-10-10,,exper2_07
,12.952484,Calibration,2009,2009-10-11,,exper2_07
,13.166531,Calibration,2009,2009-10-12,,exper2_07
,13.344165,Calibration,2009,2009-10-13,,exper2_07
,13.496231,Calibration,2009,2009-10-14,,exper2_07
,13.38138,Calibration,2009,2009-10-15,,exper2_07
,13.973056,Calibration,2009,2009-10-16,,exper2_07
,13.747145,Calibration,2009,2009-10-17,,exper2_07
,13.895971,Calibration,2009,2009-10-18,,exper2_07
,14.046959,Calibration,2009,2009-10-19,,exper2_07
,14.123704,Calibration,2009,2009-10-20,,exper2_07
,14.135164,Calibration,2009,2009-10-21,,exper2_07
,14.229323,Calibration,2009,2009-10-22,,exper2_07
,14.143083,Calibration,2009,2009-10-23,,exper2_07
,14.292277,Calibration,2009,2009-10-24,,exper2_07
,14.51162,Calibration,2009,2009-10-25,,exper2_07
,14.961598,Calibration,2009,2009-10-26,,exper2_07
,15.332611,Calibration,2009,2009-10-27,,exper2_07
,15.417629,Calibration,2009,2009-10-28,,exper2_07
,15.107874,Calibration,2009,2009-10-29,,exper2_07
,14.964871,Calibration,2009,2009-10-30,,exper2_07
,15.254603,Calibration,2009,2009-10-31,,exper2_07
,15.725103,Calibration,2009,2009-11-01,,exper2_07
,16.028296,Calibration,2009,2009-11-02,,exper2_07
,16.20725,Calibration,2009,2009-11-03,,exper2_07
,16.682564,Calibration,2009,2009-11-04,,exper2_07
,16.565596,Calibration,2009,2009-11-05,,exper2_07
,16.975077,Calibration,2009,2009-11-06,,exper2_07
,17.080156,Calibration,2009,2009-11-07,,exper2_07
,17.143133,Calibration,2009,2009-11-08,,exper2_07
,16.948036,Calibration,2009,2009-11-09,,exper2_07
,16.97847,Calibration,2009,2009-11-10,,exper2_07
,16.9584,Calibration,2009,2009-11-11,,exper2_07
,16.907598,Calibration,2009,2009-11-12,,exper2_07
,16.961061,Calibration,2009,2009-11-13,,exper2_07
,17.08892,Calibration,2009,2009-11-14,,exper2_07
,17.487799,Calibration,2009,2009-11-15,,exper2_07
,17.487446,Calibration,2009,2009-11-16,,exper2_07
,17.901703,Calibration,2009,2009-11-17,,exper2_07
,17.560461,Calibration,2009,2009-11-18,,exper2_07
,17.910172,Calibration,2009,2009-11-19,,exper2_07
,18.126888,Calibration,2009,2009-11-20,,exper2_07
,18.6238,Calibration,2009,2009-11-21,,exper2_07
,18.55178,Calibration,2009,2009-11-22,,exper2_07
,18.63398,Calibration,2009,2009-11-23,,exper2_07
,19.192974,Calibration,2009,2009-11-24,,exper2_07
,19.135303,Calibration,2009,2009-11-25,,exper2_07
,19.082188,Calibration,2009,2009-11-26,,exper2_07
,19.398113,Calibration,2009,2009-11-27,,exper2_07
,19.919004,Calibration,2009,2009-11-28,,exper2_07
,19.611216,Calibration,2009,2009-11-29,,exper2_07
,20.116133,Calibration,2009,2009-11-30,,exper2_07
,20.010359,Calibration,2009,2009-12-01,,exper2_07
,20.072378,Calibration,2009,2009-12-02,,exper2_07
,19.741705,Calibration,2009,2009-12-03,,exper2_07
,19.194176,Calibration,2009,2009-12-04,,exper2_07
,19.160309,Calibration,2009,2009-12-05,,exper2_07
,19.297949,Calibration,2009,2009-12-06,,exper2_07
,19.444574,Calibration,2009,2009-12-07,,exper2_07
,19.694595,Calibration,2009,2009-12-08,,exper2_07
,20.021193,Calibration,2009,2009-12-09,,exper2_07
,20.48409,Calibration,2009,2009-12-10,,exper2_07
,20.98361,Calibration,2009,2009-12-11,,exper2_07
,20.699377,Calibration,2009,2009-12-12,,exper2_07
,20.915718,Calibration,2009,2009-12-13,,exper2_07
,20.774378,Calibration,2009,2009-12-14,,exper2_07
,20.532785,Calibration,2009,2009-12-15,,exper2_07
,20.451937,Calibration,2009,2009-12-16,,exper2_07
,20.73635,Calibration,2009,2009-12-17,,exper2_07
,20.789408,Calibration,2009,2009-12-18,,exper2_07
,21.084883,Calibration,2009,2009-12-19,,exper2_07
,20.970926,Calibration,2009,2009-12-20,,exper2_07
,20.954073,Calibration,2009,2009-12-21,,exper2_07
,20.57394,Calibration,2009,2009-12-22,,exper2_07
,20.502953,Calibration,2009,2009-12-23,,exper2_07
,20.598,Calibration,2009,2009-12-24,,exper2_07
,20.624922,Calibration,2009,2009-12-25,,exper2_07
,20.942728,Calibration,2009,2009-12-26,,exper2_07
,21.204226,Calibration,2009,2009-12-27,,exper2_07
,21.780687,Calibration,2009,2009-12-28,,exper2_07
,21.540722,Calibration,2009,2009-12-29,,exper2_07
,21.34339,Calibration,2009,2009-12-30,,exper2_07
,21.268248,Calibration,2009,2009-12-31,,exper2_07
,21.626635,Calibration,2010,2010-01-01,,exper2_07
,21.75485,Calibration,2010,2010-01-02,,exper2_07
,22.108679,Calibration,2010,2010-01-03,,exper2_07
,21.975784,Calibration,2010,2010-01-04,,exper2_07
,22.03462,Calibration,2010,2010-01-05,,exper2_07
,22.292559,Calibration,2010,2010-01-06,,exper2_07
,22.556036,Calibration,2010,2010-01-07,,exper2_07
,22.035038,Calibration,2010,2010-01-08,,exper2_07
,22.25228,Calibration,2010,2010-01-09,,exper2_07
,22.376585,Calibration,2010,2010-01-10,,exper2_07
,22.012367,Calibration,2010,2010-01-11,,exper2_07
,21.997137,Calibration,2010,2010-01-12,,exper2_07
,22.15493,Calibration,2010,2010-01-13,,exper2_07
,22.05873,Calibration,2010,2010-01-14,,exper2_07
,22.38006,Calibration,2010,2010-01-15,,exper2_07
,22.103476,Calibration,2010,2010-01-16,,exper2_07
,22.103996,Calibration,2010,2010-01-17,,exper2_07
,21.605516,Calibration,2010,2010-01-18,,exper2_07
,21.553112,Calibration,2010,2010-01-19,,exper2_07
,21.965227,Calibration,2010,2010-01-20,,exper2_07
,21.525496,Calibration,2010,2010-01-21,,exper2_07
,21.530107,Calibration,2010,2010-01-22,,exper2_07
,21.212393,Calibration,2010,2010-01-23,,exper2_07
,21.50023,Calibration,2010,2010-01-24,,exper2_07
,21.634003,Calibration,2010,2010-01-25,,exper2_07
,21.736996,Calibration,2010,2010-01-26,,exper2_07
,22.004667,Calibration,2010,2010-01-27,,exper2_07
,22.111395,Calibration,2010,2010-01-28,,exper2_07
,22.080011,Calibration,2010,2010-01-29,,exper2_07
,22.396204,Calibration,2010,2010-01-30,,exper2_07
,21.585806,Calibration,2010,2010-01-31,,exper2_07
,21.79648,Calibration,2010,2010-02-01,,exper2_07
,22.011057,Calibration,2010,2010-02-02,,exper2_07
,22.147818,Calibration,2010,2010-02-03,,exper2_07
,22.343401,Calibration,2010,2010-02-04,,exper2_07
,22.042616,Calibration,2010,2010-02-05,,exper2_07
,22.361235,Calibration,2010,2010-02-06,,exper2_07
,22.637735,Calibration,2010,2010-02-07,,exper2_07
,22.734907,Calibration,2010,2010-02-08,,exper2_07
,22.627783,Calibration,2010,2010-02-09,,exper2_07
,22.687126,Calibration,2010,2010-02-10,,exper2_07
,22.606127,Calibration,2010,2010-02-11,,exper2_07
,22.626482,Calibration,2010,2010-02-12,,exper2_07
,22.854395,Calibration,2010,2010-02-13,,exper2_07
,22.67449,Calibration,2010,2010-02-14,,exper2_07
,22.689295,Calibration,2010,2010-02-15,,exper2_07
,23.206572,Calibration,2010,2010-02-16,,exper2_07
,22.313585,Calibration,2010,2010-02-17,,exper2_07
,22.495043,Calibration,2010,2010-02-18,,exper2_07
,22.226542,Calibration,2010,2010-02-19,,exper2_07
,22.37398,Calibration,2010,2010-02-20,,exper2_07
,22.376085,Calibration,2010,2010-02-21,,exper2_07
,22.278389,Calibration,2010,2010-02-22,,exper2_07
,22.203442,Calibration,2010,2010-02-23,,exper2_07
,22.342312,Calibration,2010,2010-02-24,,exper2_07
,21.787687,Calibration,2010,2010-02-25,,exper2_07
,21.84186,Calibration,2010,2010-02-26,,exper2_07
,21.737059,Calibration,2010,2010-02-27,,exper2_07
,21.672564,Calibration,2010,2010-02-28,,exper2_07
,21.700954,Calibration,2010,2010-03-01,,exper2_07
,21.801424,Calibration,2010,2010-03-02,,exper2_07
,21.303186,Calibration,2010,2010-03-03,,exper2_07
,21.514744,Calibration,2010,2010-03-04,,exper2_07
,21.545258,Calibration,2010,2010-03-05,,exper2_07
,21.322458,Calibration,2010,2010-03-06,,exper2_07
,21.03731,Calibration,2010,2010-03-07,,exper2_07
,20.950315,Calibration,2010,2010-03-08,,exper2_07
,20.94863,Calibration,2010,2010-03-09,,exper2_07
,21.007486,Calibration,2010,2010-03-10,,exper2_07
,21.003271,Calibration,2010,2010-03-11,,exper2_07
,20.747301,Calibration,2010,2010-03-12,,exper2_07
,20.532354,Calibration,2010,2010-03-13,,exper2_07
,20.640959,Calibration,2010,2010-03-14,,exper2_07
,20.853306,Calibration,2010,2010-03-15,,exper2_07
,20.808887,Calibration,2010,2010-03-16,,exper2_07
,20.255713,Calibration,2010,2010-03-17,,exper2_07
,20.075933,Calibration,2010,2010-03-18,,exper2_07
,20.183298,Calibration,2010,2010-03-19,,exper2_07
,19.845728,Calibration,2010,2010-03-20,,exper2_07
,20.085093,Calibration,2010,2010-03-21,,exper2_07
,20.1393,Calibration,2010,2010-03-22,,exper2_07
,19.770649,Calibration,2010,2010-03-23,,exper2_07
,19.65344,Calibration,2010,2010-03-24,,exper2_07
,19.487387,Calibration,2010,2010-03-25,,exper2_07
,19.350008,Calibration,2010,2010-03-26,,exper2_07
,19.732038,Calibration,2010,2010-03-27,,exper2_07
,19.61727,Calibration,2010,2010-03-28,,exper2_07
,19.385624,Calibration,2010,2010-03-29,,exper2_07
,19.3848,Calibration,2010,2010-03-30,,exper2_07
,19.129782,Calibration,2010,2010-03-31,,exper2_07
,19.385206,Calibration,2010,2010-04-01,,exper2_07
,19.348997,Calibration,2010,2010-04-02,,exper2_07
,19.37335,Calibration,2010,2010-04-03,,exper2_07
,19.106043,Calibration,2010,2010-04-04,,exper2_07
,19.01017,Calibration,2010,2010-04-05,,exper2_07
,18.727282,Calibration,2010,2010-04-06,,exper2_07
,18.251059,Calibration,2010,2010-04-07,,exper2_07
,18.058775,Calibration,2010,2010-04-08,,exper2_07
,17.901747,Calibration,2010,2010-04-09,,exper2_07
,17.906574,Calibration,2010,2010-04-10,,exper2_07
,18.00508,Calibration,2010,2010-04-11,,exper2_07
,17.979301,Calibration,2010,2010-04-12,,exper2_07
,18.06922,Calibration,2010,2010-04-13,,exper2_07
,17.977978,Calibration,2010,2010-04-14,,exper2_07
,18.095991,Calibration,2010,2010-04-15,,exper2_07
,17.700663,Calibration,2010,2010-04-16,,exper2_07
,17.669767,Calibration,2010,2010-04-17,,exper2_07
,17.615507,Calibration,2010,2010-04-18,,exper2_07
,17.525753,Calibration,2010,2010-04-19,,exper2_07
,17.543192,Calibration,2010,2010-04-20,,exper2_07
,17.532068,Calibration,2010,2010-04-21,,exper2_07
,17.290556,Calibration,2010,2010-04-22,,exper2_07
,17.182076,Calibration,2010,2010-04-23,,exper2_07
,17.146097,Calibration,2010,2010-04-24,,exper2_07
,17.150639,Calibration,2010,2010-04-25,,exper2_07
,17.071762,Calibration,2010,2010-04-26,,exper2_07
,17.080181,Calibration,2010,2010-04-27,,exper2_07
,17.022663,Calibration,2010,2010-04-28,,exper2_07
,16.942415,Calibration,2010,2010-04-29,,exper2_07
,16.882921,Calibration,2010,2010-04-30,,exper2_07
,16.636463,Calibration,2010,2010-05-01,,exper2_07
,16.527754,Calibration,2010,2010-05-02,,exper2_07
,16.339745,Calibration,2010,2010-05-03,,exper2_07
,16.220161,Calibration,2010,2010-05-04,,exper2_07
,16.0294,Calibration,2010,2010-05-05,,exper2_07
,15.746668,Calibration,2010,2010-05-06,,exper2_07
,15.699284,Calibration,2010,2010-05-07,,exper2_07
,15.734144,Calibration,2010,2010-05-08,,exper2_07
,15.713285,Calibration,2010,2010-05-09,,exper2_07
,15.783703,Calibration,2010,2010-05-10,,exper2_07
,15.866465,Calibration,2010,2010-05-11,,exper2_07
,15.813946,Calibration,2010,2010-05-12,,exper2_07
,15.82243,Calibration,2010,2010-05-13,,exper2_07
,15.836228,Calibration,2010,2010-05-14,,exper2_07
,15.716927,Calibration,2010,2010-05-15,,exper2_07
,15.71542,Calibration,2010,2010-05-16,,exper2_07
,15.586441,Calibration,2010,2010-05-17,,exper2_07
,15.458316,Calibration,2010,2010-05-18,,exper2_07
,15.276079,Calibration,2010,2010-05-19,,exper2_07
,15.119336,Calibration,2010,2010-05-20,,exper2_07
,14.861289,Calibration,2010,2010-05-21,,exper2_07
,14.795339,Calibration,2010,2010-05-22,,exper2_07
,15.015722,Calibration,2010,2010-05-23,,exper2_07
,14.74732,Calibration,2010,2010-05-24,,exper2_07
,14.497616,Calibration,2010,2010-05-25,,exper2_07
,14.420316,Calibration,2010,2010-05-26,,exper2_07
,14.295399,Calibration,2010,2010-05-27,,exper2_07
,14.155384,Calibration,2010,2010-05-28,,exper2_07
,14.175217,Calibration,2010,2010-05-29,,exper2_07
,13.959845,Calibration,2010,2010-05-30,,exper2_07
,13.538971,Calibration,2010,2010-05-31,,exper2_07
,13.672766,Calibration,2010,2010-06-01,,exper2_07
,13.517775,Calibration,2010,2010-06-02,,exper2_07
,13.58764,Calibration,2010,2010-06-03,,exper2_07
,13.33011,Calibration,2010,2010-06-04,,exper2_07
,13.464622,Calibration,2010,2010-06-05,,exper2_07
,13.28013,Calibration,2010,2010-06-06,,exper2_07
,13.097033,Calibration,2010,2010-06-07,,exper2_07
,13.2760105,Calibration,2010,2010-06-08,,exper2_07
,12.812899,Calibration,2010,2010-06-09,,exper2_07
,12.88219,Calibration,2010,2010-06-10,,exper2_07
,12.607821,Calibration,2010,2010-06-11,,exper2_07
,12.703331,Calibration,2010,2010-06-12,,exper2_07
,12.68137,Calibration,2010,2010-06-13,,exper2_07
,12.416232,Calibration,2010,2010-06-14,,exper2_07
,12.395614,Calibration,2010,2010-06-15,,exper2_07
,12.035047,Calibration,2010,2010-06-16,,exper2_07
,11.996282,Calibration,2010,2010-06-17,,exper2_07
,11.985883,Calibration,2010,2010-06-18,,exper2_07
,12.134633,Calibration,2010,2010-06-19,,exper2_07
,11.959286,Calibration,2010,2010-06-20,,exper2_07
,12.059248,Calibration,2010,2010-06-21,,exper2_07
,11.942207,Calibration,2010,2010-06-22,,exper2_07
,11.822105,Calibration,2010,2010-06-23,,exper2_07
,11.740817,Calibration,2010,2010-06-24,,exper2_07
,11.545752,Calibration,2010,2010-06-25,,exper2_07
,11.601388,Calibration,2010,2010-06-26,,exper2_07
,11.474374,Calibration,2010,2010-06-27,,exper2_07
,11.315351,Calibration,2010,2010-06-28,,exper2_07
,11.306147,Calibration,2010,2010-06-29,,exper2_07
,11.263672,Calibration,2010,2010-06-30,,exper2_07
,10.984446,Calibration,2010,2010-07-01,,exper2_07
,10.861063,Calibration,2010,2010-07-02,,exper2_07
,10.688281,Calibration,2010,2010-07-03,,exper2_07
,10.584576,Calibration,2010,2010-07-04,,exper2_07
,10.431801,Calibration,2010,2010-07-05,,exper2_07
,10.325452,Calibration,2010,2010-07-06,,exper2_07
,10.410731,Calibration,2010,2010-07-07,,exper2_07
,10.423372,Calibration,2010,2010-07-08,,exper2_07
,10.174238,Calibration,2010,2010-07-09,,exper2_07
,9.931646,Calibration,2010,2010-07-10,,exper2_07
,9.8945465,Calibration,2010,2010-07-11,,exper2_07
,9.574039,Calibration,2010,2010-07-12,,exper2_07
,9.427719,Calibration,2010,2010-07-13,,exper2_07
,9.35506,Calibration,2010,2010-07-14,,exper2_07
,9.339266,Calibration,2010,2010-07-15,,exper2_07
,9.415569,Calibration,2010,2010-07-16,,exper2_07
,9.491131,Calibration,2010,2010-07-17,,exper2_07
,9.370543,Calibration,2010,2010-07-18,,exper2_07
,9.296048,Calibration,2010,2010-07-19,,exper2_07
,9.333486,Calibration,2010,2010-07-20,,exper2_07
,9.326776,Calibration,2010,2010-07-21,,exper2_07
,9.476659,Calibration,2010,2010-07-22,,exper2_07
,9.56466,Calibration,2010,2010-07-23,,exper2_07
,9.523504,Calibration,2010,2010-07-24,,exper2_07
,9.499334,Calibration,2010,2010-07-25,,exper2_07
,9.529486,Calibration,2010,2010-07-26,,exper2_07
,9.315729,Calibration,2010,2010-07-27,,exper2_07
,9.178267,Calibration,2010,2010-07-28,,exper2_07
,8.965139,Calibration,2010,2010-07-29,,exper2_07
,8.8443775,Calibration,2010,2010-07-30,,exper2_07
,8.946604,Calibration,2010,2010-07-31,,exper2_07
,9.110244,Calibration,2010,2010-08-01,,exper2_07
,9.290608,Calibration,2010,2010-08-02,,exper2_07
,9.448662,Calibration,2010,2010-08-03,,exper2_07
,9.609524,Calibration,2010,2010-08-04,,exper2_07
,9.930822,Calibration,2010,2010-08-05,,exper2_07
,10.108772,Calibration,2010,2010-08-06,,exper2_07
,10.027306,Calibration,2010,2010-08-07,,exper2_07
,10.14392,Calibration,2010,2010-08-08,,exper2_07
,10.287355,Calibration,2010,2010-08-09,,exper2_07
,10.254008,Calibration,2010,2010-08-10,,exper2_07
,10.305409,Calibration,2010,2010-08-11,,exper2_07
,10.500589,Calibration,2010,2010-08-12,,exper2_07
,10.449601,Calibration,2010,2010-08-13,,exper2_07
,10.394656,Calibration,2010,2010-08-14,,exper2_07
,10.358831,Calibration,2010,2010-08-15,,exper2_07
,10.3932,Calibration,2010,2010-08-16,,exper2_07
,10.518566,Calibration,2010,2010-08-17,,exper2_07
,10.771246,Calibration,2010,2010-08-18,,exper2_07
,10.818319,Calibration,2010,2010-08-19,,exper2_07
,10.824217,Calibration,2010,2010-08-20,,exper2_07
,10.929716,Calibration,2010,2010-08-21,,exper2_07
,11.05797,Calibration,2010,2010-08-22,,exper2_07
,11.019525,Calibration,2010,2010-08-23,,exper2_07
,10.966259,Calibration,2010,2010-08-24,,exper2_07
,10.970809,Calibration,2010,2010-08-25,,exper2_07
,11.228427,Calibration,2010,2010-08-26,,exper2_07
,11.278682,Calibration,2010,2010-08-27,,exper2_07
,11.38853,Calibration,2010,2010-08-28,,exper2_07
,11.506935,Calibration,2010,2010-08-29,,exper2_07
,11.417814,Calibration,2010,2010-08-30,,exper2_07
,11.439482,Calibration,2010,2010-08-31,,exper2_07
,11.514935,Calibration,2010,2010-09-01,,exper2_07
,11.433229,Calibration,2010,2010-09-02,,exper2_07
,11.066048,Calibration,2010,2010-09-03,,exper2_07
,11.010224,Calibration,2010,2010-09-04,,exper2_07
,11.603371,Calibration,2010,2010-09-05,,exper2_07
,11.464077,Calibration,2010,2010-09-06,,exper2_07
,11.481367,Calibration,2010,2010-09-07,,exper2_07
,11.493479,Calibration,2010,2010-09-08,,exper2_07
,11.457969,Calibration,2010,2010-09-09,,exper2_07
,11.618388,Calibration,2010,2010-09-10,,exper2_07
,11.925177,Calibration,2010,2010-09-11,,exper2_07
,12.017369,Calibration,2010,2010-09-12,,exper2_07
,12.2476845,Calibration,2010,2010-09-13,,exper2_07
,12.308447,Calibration,2010,2010-09-14,,exper2_07
,12.43606,Calibration,2010,2010-09-15,,exper2_07
,12.392949,Calibration,2010,2010-09-16,,exper2_07
,12.126147,Calibration,2010,2010-09-17,,exper2_07
,12.207967,Calibration,2010,2010-09-18,,exper2_07
,12.168927,Calibration,2010,2010-09-19,,exper2_07
,12.171788,Calibration,2010,2010-09-20,,exper2_07
,11.928635,Calibration,2010,2010-09-21,,exper2_07
,12.217001,Calibration,2010,2010-09-22,,exper2_07
,11.802925,Calibration,2010,2010-09-23,,exper2_07
,12.2361355,Calibration,2010,2010-09-24,,exper2_07
,12.186138,Calibration,2010,2010-09-25,,exper2_07
,12.485862,Calibration,2010,2010-09-26,,exper2_07
,13.087677,Calibration,2010,2010-09-27,,exper2_07
,13.230341,Calibration,2010,2010-09-28,,exper2_07
,13.738745,Calibration,2010,2010-09-29,,exper2_07
,13.632294,Calibration,2010,2010-09-30,,exper2_07
,13.403709,Calibration,2010,2010-10-01,,exper2_07
,13.847562,Calibration,2010,2010-10-02,,exper2_07
,13.9883995,Calibration,2010,2010-10-03,,exper2_07
,14.166556,Calibration,2010,2010-10-04,,exper2_07
,14.332515,Calibration,2010,2010-10-05,,exper2_07
,14.374454,Calibration,2010,2010-10-06,,exper2_07
,14.541264,Calibration,2010,2010-10-07,,exper2_07
,14.554392,Calibration,2010,2010-10-08,,exper2_07
,14.182734,Calibration,2010,2010-10-09,,exper2_07
,14.308096,Calibration,2010,2010-10-10,,exper2_07
,13.892681,Calibration,2010,2010-10-11,,exper2_07
,13.627992,Calibration,2010,2010-10-12,,exper2_07
,13.544642,Calibration,2010,2010-10-13,,exper2_07
,13.672454,Calibration,2010,2010-10-14,,exper2_07
,14.319193,Calibration,2010,2010-10-15,,exper2_07
,14.574053,Calibration,2010,2010-10-16,,exper2_07
,14.435089,Calibration,2010,2010-10-17,,exper2_07
,14.173178,Calibration,2010,2010-10-18,,exper2_07
,14.300188,Calibration,2010,2010-10-19,,exper2_07
,13.982981,Calibration,2010,2010-10-20,,exper2_07
,13.981877,Calibration,2010,2010-10-21,,exper2_07
,14.0421095,Calibration,2010,2010-10-22,,exper2_07
,14.777762,Calibration,2010,2010-10-23,,exper2_07
,15.29447,Calibration,2010,2010-10-24,,exper2_07
,15.893173,Calibration,2010,2010-10-25,,exper2_07
,16.445919,Calibration,2010,2010-10-26,,exper2_07
,16.600863,Calibration,2010,2010-10-27,,exper2_07
,16.780956,Calibration,2010,2010-10-28,,exper2_07
,17.040022,Calibration,2010,2010-10-29,,exper2_07
,16.526915,Calibration,2010,2010-10-30,,exper2_07
,16.195217,Calibration,2010,2010-10-31,,exper2_07
,15.850708,Calibration,2010,2010-11-01,,exper2_07
,16.082466,Calibration,2010,2010-11-02,,exper2_07
,16.046211,Calibration,2010,2010-11-03,,exper2_07
,16.253716,Calibration,2010,2010-11-04,,exper2_07
,15.977961,Calibration,2010,2010-11-05,,exper2_07
,15.916339,Calibration,2010,2010-11-06,,exper2_07
,16.105482,Calibration,2010,2010-11-07,,exper2_07
,16.313383,Calibration,2010,2010-11-08,,exper2_07
,16.555498,Calibration,2010,2010-11-09,,exper2_07
,16.530186,Calibration,2010,2010-11-10,,exper2_07
,17.05574,Calibration,2010,2010-11-11,,exper2_07
,17.431486,Calibration,2010,2010-11-12,,exper2_07
,18.04924,Calibration,2010,2010-11-13,,exper2_07
,18.313025,Calibration,2010,2010-11-14,,exper2_07
,18.323832,Calibration,2010,2010-11-15,,exper2_07
,17.966757,Calibration,2010,2010-11-16,,exper2_07
,18.656693,Calibration,2010,2010-11-17,,exper2_07
,19.073076,Calibration,2010,2010-11-18,,exper2_07
,19.381493,Calibration,2010,2010-11-19,,exper2_07
,19.151213,Calibration,2010,2010-11-20,,exper2_07
,18.744589,Calibration,2010,2010-11-21,,exper2_07
,18.5227,Calibration,2010,2010-11-22,,exper2_07
,18.164766,Calibration,2010,2010-11-23,,exper2_07
,18.185694,Calibration,2010,2010-11-24,,exper2_07
,18.758858,Calibration,2010,2010-11-25,,exper2_07
,18.814005,Calibration,2010,2010-11-26,,exper2_07
,19.071688,Calibration,2010,2010-11-27,,exper2_07
,19.731735,Calibration,2010,2010-11-28,,exper2_07
,19.629671,Calibration,2010,2010-11-29,,exper2_07
,19.98958,Calibration,2010,2010-11-30,,exper2_07
,20.169336,Calibration,2010,2010-12-01,,exper2_07
,20.19317,Calibration,2010,2010-12-02,,exper2_07
,20.335602,Calibration,2010,2010-12-03,,exper2_07
,20.55427,Calibration,2010,2010-12-04,,exper2_07
,20.643908,Calibration,2010,2010-12-05,,exper2_07
,20.953363,Calibration,2010,2010-12-06,,exper2_07
,21.24875,Calibration,2010,2010-12-07,,exper2_07
,20.773806,Calibration,2010,2010-12-08,,exper2_07
,20.13944,Calibration,2010,2010-12-09,,exper2_07
,20.525997,Calibration,2010,2010-12-10,,exper2_07
,20.910135,Calibration,2010,2010-12-11,,exper2_07
,21.298819,Calibration,2010,2010-12-12,,exper2_07
,21.640636,Calibration,2010,2010-12-13,,exper2_07
,21.48382,Calibration,2010,2010-12-14,,exper2_07
,21.723452,Calibration,2010,2010-12-15,,exper2_07
,17.35837,Calibration,2010,2010-12-16,,exper2_07
,19.33852,Calibration,2010,2010-12-17,,exper2_07
,19.052303,Calibration,2010,2010-12-18,,exper2_07
,18.320692,Calibration,2010,2010-12-19,,exper2_07
,18.854092,Calibration,2010,2010-12-20,,exper2_07
,19.833918,Calibration,2010,2010-12-21,,exper2_07
,20.515917,Calibration,2010,2010-12-22,,exper2_07
,20.489109,Calibration,2010,2010-12-23,,exper2_07
,20.308765,Calibration,2010,2010-12-24,,exper2_07
,19.83636,Calibration,2010,2010-12-25,,exper2_07
,19.898453,Calibration,2010,2010-12-26,,exper2_07
,20.512718,Calibration,2010,2010-12-27,,exper2_07
,20.451828,Calibration,2010,2010-12-28,,exper2_07
,20.247221,Calibration,2010,2010-12-29,,exper2_07
,20.663488,Calibration,2010,2010-12-30,,exper2_07
,20.87034,Calibration,2010,2010-12-31,,exper2_07
,22.167131,Calibration,2011,2011-01-01,,exper2_07
,22.833162,Calibration,2011,2011-01-02,,exper2_07
,23.058716,Calibration,2011,2011-01-03,,exper2_07
,23.093424,Calibration,2011,2011-01-04,,exper2_07
,22.96018,Calibration,2011,2011-01-05,,exper2_07
,23.39752,Calibration,2011,2011-01-06,,exper2_07
,23.279829,Calibration,2011,2011-01-07,,exper2_07
,23.291471,Calibration,2011,2011-01-08,,exper2_07
,22.672527,Calibration,2011,2011-01-09,,exper2_07
,22.489344,Calibration,2011,2011-01-10,,exper2_07
,22.635881,Calibration,2011,2011-01-11,,exper2_07
,22.69523,Calibration,2011,2011-01-12,,exper2_07
,22.60717,Calibration,2011,2011-01-13,,exper2_07
,22.652521,Calibration,2011,2011-01-14,,exper2_07
,22.822018,Calibration,2011,2011-01-15,,exper2_07
,22.862204,Calibration,2011,2011-01-16,,exper2_07
,23.074242,Calibration,2011,2011-01-17,,exper2_07
,23.817337,Calibration,2011,2011-01-18,,exper2_07
,22.467577,Calibration,2011,2011-01-19,,exper2_07
,22.555159,Calibration,2011,2011-01-20,,exper2_07
,22.821854,Calibration,2011,2011-01-21,,exper2_07
,22.805656,Calibration,2011,2011-01-22,,exper2_07
,23.026085,Calibration,2011,2011-01-23,,exper2_07
,22.23076,Calibration,2011,2011-01-24,,exper2_07
,21.935053,Calibration,2011,2011-01-25,,exper2_07
,21.956776,Calibration,2011,2011-01-26,,exper2_07
,22.586878,Calibration,2011,2011-01-27,,exper2_07
,23.080166,Calibration,2011,2011-01-28,,exper2_07
,22.361757,Calibration,2011,2011-01-29,,exper2_07
,22.291521,Calibration,2011,2011-01-30,,exper2_07
,22.32023,Calibration,2011,2011-01-31,,exper2_07
,22.414442,Calibration,2011,2011-02-01,,exper2_07
,22.436281,Calibration,2011,2011-02-02,,exper2_07
,22.978144,Calibration,2011,2011-02-03,,exper2_07
,22.83933,Calibration,2011,2011-02-04,,exper2_07
,22.873453,Calibration,2011,2011-02-05,,exper2_07
,23.22776,Calibration,2011,2011-02-06,,exper2_07
,23.60684,Calibration,2011,2011-02-07,,exper2_07
,23.112806,Calibration,2011,2011-02-08,,exper2_07
,23.560743,Calibration,2011,2011-02-09,,exper2_07
,23.222086,Calibration,2011,2011-02-10,,exper2_07
,22.990557,Calibration,2011,2011-02-11,,exper2_07
,22.79864,Calibration,2011,2011-02-12,,exper2_07
,23.240705,Calibration,2011,2011-02-13,,exper2_07
,23.408323,Calibration,2011,2011-02-14,,exper2_07
,23.399035,Calibration,2011,2011-02-15,,exper2_07
,23.247837,Calibration,2011,2011-02-16,,exper2_07
,23.024168,Calibration,2011,2011-02-17,,exper2_07
,22.920954,Calibration,2011,2011-02-18,,exper2_07
,22.920284,Calibration,2011,2011-02-19,,exper2_07
,22.998686,Calibration,2011,2011-02-20,,exper2_07
,22.990791,Calibration,2011,2011-02-21,,exper2_07
,23.351694,Calibration,2011,2011-02-22,,exper2_07
,22.982439,Calibration,2011,2011-02-23,,exper2_07
,23.243567,Calibration,2011,2011-02-24,,exper2_07
,23.239103,Calibration,2011,2011-02-25,,exper2_07
,23.09398,Calibration,2011,2011-02-26,,exper2_07
,22.868567,Calibration,2011,2011-02-27,,exper2_07
,22.689434,Calibration,2011,2011-02-28,,exper2_07
,22.85892,Calibration,2011,2011-03-01,,exper2_07
,22.709993,Calibration,2011,2011-03-02,,exper2_07
,22.776407,Calibration,2011,2011-03-03,,exper2_07
,22.719809,Calibration,2011,2011-03-04,,exper2_07
,22.593645,Calibration,2011,2011-03-05,,exper2_07
,21.919937,Calibration,2011,2011-03-06,,exper2_07
,21.769302,Calibration,2011,2011-03-07,,exper2_07
,21.344456,Calibration,2011,2011-03-08,,exper2_07
,21.30508,Calibration,2011,2011-03-09,,exper2_07
,21.1282,Calibration,2011,2011-03-10,,exper2_07
,21.07941,Calibration,2011,2011-03-11,,exper2_07
,21.066628,Calibration,2011,2011-03-12,,exper2_07
,21.266653,Calibration,2011,2011-03-13,,exper2_07
,21.009317,Calibration,2011,2011-03-14,,exper2_07
,20.939613,Calibration,2011,2011-03-15,,exper2_07
,21.024984,Calibration,2011,2011-03-16,,exper2_07
,20.960115,Calibration,2011,2011-03-17,,exper2_07
,20.906858,Calibration,2011,2011-03-18,,exper2_07
,20.778345,Calibration,2011,2011-03-19,,exper2_07
,20.907404,Calibration,2011,2011-03-20,,exper2_07
,20.991228,Calibration,2011,2011-03-21,,exper2_07
,20.044046,Calibration,2011,2011-03-22,,exper2_07
,20.004118,Calibration,2011,2011-03-23,,exper2_07
,20.254736,Calibration,2011,2011-03-24,,exper2_07
,19.848112,Calibration,2011,2011-03-25,,exper2_07
,19.981752,Calibration,2011,2011-03-26,,exper2_07
,19.767895,Calibration,2011,2011-03-27,,exper2_07
,19.457365,Calibration,2011,2011-03-28,,exper2_07
,19.65841,Calibration,2011,2011-03-29,,exper2_07
,19.447733,Calibration,2011,2011-03-30,,exper2_07
,19.568548,Calibration,2011,2011-03-31,,exper2_07
,19.709602,Calibration,2011,2011-04-01,,exper2_07
,19.300781,Calibration,2011,2011-04-02,,exper2_07
,19.15422,Calibration,2011,2011-04-03,,exper2_07
,19.060522,Calibration,2011,2011-04-04,,exper2_07
,18.734417,Calibration,2011,2011-04-05,,exper2_07
,18.917467,Calibration,2011,2011-04-06,,exper2_07
,18.431833,Calibration,2011,2011-04-07,,exper2_07
,18.508284,Calibration,2011,2011-04-08,,exper2_07
,18.420355,Calibration,2011,2011-04-09,,exper2_07
,18.68306,Calibration,2011,2011-04-10,,exper2_07
,18.443575,Calibration,2011,2011-04-11,,exper2_07
,18.59511,Calibration,2011,2011-04-12,,exper2_07
,18.797493,Calibration,2011,2011-04-13,,exper2_07
,18.482725,Calibration,2011,2011-04-14,,exper2_07
,18.398283,Calibration,2011,2011-04-15,,exper2_07
,18.243864,Calibration,2011,2011-04-16,,exper2_07
,18.071089,Calibration,2011,2011-04-17,,exper2_07
,17.56394,Calibration,2011,2011-04-18,,exper2_07
,17.444414,Calibration,2011,2011-04-19,,exper2_07
,17.455736,Calibration,2011,2011-04-20,,exper2_07
,17.11233,Calibration,2011,2011-04-21,,exper2_07
,17.010477,Calibration,2011,2011-04-22,,exper2_07
,16.926474,Calibration,2011,2011-04-23,,exper2_07
,16.887379,Calibration,2011,2011-04-24,,exper2_07
,17.39829,Calibration,2011,2011-04-25,,exper2_07
,16.60232,Calibration,2011,2011-04-26,,exper2_07
,16.499514,Calibration,2011,2011-04-27,,exper2_07
15.473749754285677,16.316298,Calibration,2011,2011-04-28,0.02650350813503958,exper2_07
15.266249677083295,16.089863,Calibration,2011,2011-04-29,0.026266430393374552,exper2_07
15.026041328333292,16.107576,Calibration,2011,2011-04-30,0.03473849561516113,exper2_07
14.87572888541672,16.13513,Calibration,2011,2011-05-01,0.04061161449044932,exper2_07
14.81093717500005,16.312838,Calibration,2011,2011-05-02,0.04825572850759041,exper2_07
14.838333000416696,16.192583,Calibration,2011,2011-05-03,0.04364196274454138,exper2_07
15.116353788750018,16.374935,Calibration,2011,2011-05-04,0.03996601612079231,exper2_07
16.039582850000045,16.376219,Calibration,2011,2011-05-05,0.010384933541206563,exper2_07
17.94999949000004,16.709757,Calibration,2011,2011-05-06,-0.035783362889069324,exper2_07
18.335681308636424,16.198206,Calibration,2011,2011-05-07,-0.06189501184397834,exper2_07
17.874687155000004,16.286142,Calibration,2011,2011-05-08,-0.04650193888176878,exper2_07
17.179583013333286,16.172009,Calibration,2011,2011-05-09,-0.030210687189875702,exper2_07
17.442499734000023,16.071505,Calibration,2011,2011-05-10,-0.04090812687531551,exper2_07
,15.962266,Calibration,2011,2011-05-11,,exper2_07
,16.071243,Calibration,2011,2011-05-12,,exper2_07
15.8914769022727,16.027681,Calibration,2011,2011-05-13,0.004267169182714541,exper2_07
15.633020520000002,15.918089,Calibration,2011,2011-05-14,0.009035130557597193,exper2_07
15.606145491250004,15.753188,Calibration,2011,2011-05-15,0.004688959394051368,exper2_07
15.366249680416672,15.496208,Calibration,2011,2011-05-16,0.0042108930870993055,exper2_07
15.169166236250021,15.413503,Calibration,2011,2011-05-17,0.007989376515505839,exper2_07
14.956978857916681,14.987703,Calibration,2011,2011-05-18,0.0010260407928718374,exper2_07
14.618020513750025,14.549706,Calibration,2011,2011-05-19,-0.002342111017712527,exper2_07
14.414270529583291,14.515538,Calibration,2011,2011-05-20,0.0035004616499805363,exper2_07
14.27541631458331,14.327418,Calibration,2011,2011-05-21,0.0018180719987811401,exper2_07
14.24416639375005,14.367316,Calibration,2011,2011-05-22,0.004304210789532176,exper2_07
14.447395465833324,14.150726,Calibration,2011,2011-05-23,-0.01037372837673311,exper2_07
14.338333031250045,14.187374,Calibration,2011,2011-05-24,-0.005292030640499194,exper2_07
14.36947888166668,14.36298,Calibration,2011,2011-05-25,-0.00022618992695878692,exper2_07
14.269166271250015,14.180577,Calibration,2011,2011-05-26,-0.0031138766843019847,exper2_07
14.357083051666677,13.974913,Calibration,2011,2011-05-27,-0.013489004175592399,exper2_07
14.326249700000005,14.084807,Calibration,2011,2011-05-28,-0.008498180945878684,exper2_07
14.177082995416697,13.903591,Calibration,2011,2011-05-29,-0.009739504042390759,exper2_07
14.039062122916675,13.435835,Calibration,2011,2011-05-30,-0.02195557778095152,exper2_07
13.773228791250006,13.459895,Calibration,2011,2011-05-31,-0.0115056083223578,exper2_07
13.693715022916706,13.331397,Calibration,2011,2011-06-01,-0.013406714661213317,exper2_07
13.516874640833294,13.060625,Calibration,2011,2011-06-02,-0.01716676020676727,exper2_07
13.376457998750027,13.205045,Calibration,2011,2011-06-03,-0.006448591488394447,exper2_07
13.205208003333325,13.117351,Calibration,2011,2011-06-04,-0.0033377236013255873,exper2_07
13.18020810750005,13.0521965,Calibration,2011,2011-06-05,-0.004879903566476651,exper2_07
13.634999622916723,13.179887,Calibration,2011,2011-06-06,-0.016972393524340698,exper2_07
13.708020547500041,13.141134,Calibration,2011,2011-06-07,-0.02111374787904701,exper2_07
13.503749659166715,13.087699,Calibration,2011,2011-06-08,-0.015646034521515296,exper2_07
13.302916338750038,13.233989,Calibration,2011,2011-06-09,-0.0025974233463452686,exper2_07
13.308333089166695,13.171841,Calibration,2011,2011-06-10,-0.005154513814569059,exper2_07
13.167708039166712,12.977263,Calibration,2011,2011-06-11,-0.007284176562155748,exper2_07
13.211249679583318,13.0311575,Calibration,2011,2011-06-12,-0.006862639726743603,exper2_07
13.168541401250025,12.956528,Calibration,2011,2011-06-13,-0.008115335136017166,exper2_07
13.044999787083327,12.854434,Calibration,2011,2011-06-14,-0.007357912732181686,exper2_07
12.87270806250001,12.797807,Calibration,2011,2011-06-15,-0.002917795894227614,exper2_07
12.682083021250037,12.800395,Calibration,2011,2011-06-16,0.0046428761950819105,exper2_07
12.489166349583286,12.708424,Calibration,2011,2011-06-17,0.008701517297137551,exper2_07
12.35208302625,12.526176,Calibration,2011,2011-06-18,0.006997813755197211,exper2_07
12.333958010833271,12.546369,Calibration,2011,2011-06-19,0.008537290986417239,exper2_07
12.3561455808333,12.552177,Calibration,2011,2011-06-20,0.00787013434372768,exper2_07
12.393333048333318,12.528995,Calibration,2011,2011-06-21,0.005443372466611195,exper2_07
12.394583027083286,12.46036,Calibration,2011,2011-06-22,0.0026464171468168138,exper2_07
12.245832989166729,12.399424,Calibration,2011,2011-06-23,0.006232055630074683,exper2_07
12.168228894583308,12.253618,Calibration,2011,2011-06-24,0.0034964327350560185,exper2_07
12.123333116666686,12.2965975,Calibration,2011,2011-06-25,0.0070952029702082515,exper2_07
11.940833012500036,12.099731,Calibration,2011,2011-06-26,0.006609596587938107,exper2_07
11.790728857083309,11.8464575,Calibration,2011,2011-06-27,0.0023576674272045104,exper2_07
11.629999776249974,11.828337,Calibration,2011,2011-06-28,0.008454859513007012,exper2_07
11.53364552000005,11.758974,Calibration,2011,2011-06-29,0.009673817682689115,exper2_07
11.261770615416708,11.536045,Calibration,2011,2011-06-30,0.012030734118441811,exper2_07
11.06572893458332,11.370117,Calibration,2011,2011-07-01,0.01356705030246554,exper2_07
11.136354166666706,11.191214,Calibration,2011,2011-07-02,0.002457027190581194,exper2_07
10.861458333333303,10.985836,Calibration,2011,2011-07-03,0.005693048011179336,exper2_07
10.758125000000007,10.965006,Calibration,2011,2011-07-04,0.00952352935807048,exper2_07
10.662083333333271,10.7520075,Calibration,2011,2011-07-05,0.004199298110202529,exper2_07
10.623749999999973,10.687132,Calibration,2011,2011-07-06,0.002974155741920768,exper2_07
10.533333333333303,10.62822,Calibration,2011,2011-07-07,0.004483899241122271,exper2_07
10.516250000000014,10.612169,Calibration,2011,2011-07-08,0.004539822148576861,exper2_07
10.373020833333271,10.488765,Calibration,2011,2011-07-09,0.005548131487180313,exper2_07
10.373020833333271,10.444626,Calibration,2011,2011-07-10,0.0034396309166296038,exper2_07
10.361562500000048,10.435108,Calibration,2011,2011-07-11,0.0035364162816747214,exper2_07
10.343958333333319,10.404548,Calibration,2011,2011-07-12,0.002920179310251551,exper2_07
10.316979166666727,10.38269,Calibration,2011,2011-07-13,0.0031745078207599505,exper2_07
10.361979166666686,10.455278,Calibration,2011,2011-07-14,0.004481821376143367,exper2_07
10.223645833333308,10.178021,Calibration,2011,2011-07-15,-0.0022363075415850826,exper2_07
10.041145833333303,10.054756,Calibration,2011,2011-07-16,0.000677268988419195,exper2_07
9.903645833333314,9.862656,Calibration,2011,2011-07-17,-0.0020737411974063908,exper2_07
9.846666666666692,9.837715,Calibration,2011,2011-07-18,-0.0004547522916782925,exper2_07
10.007291666666674,9.580946,Calibration,2011,2011-07-19,-0.021765393394582045,exper2_07
9.85604166666667,9.579239,Calibration,2011,2011-07-20,-0.014242283471814802,exper2_07
9.677395833333321,9.652427,Calibration,2011,2011-07-21,-0.0012917404492117353,exper2_07
9.634374999999977,9.705125,Calibration,2011,2011-07-22,0.0036583084139625954,exper2_07
9.718229166666674,9.845592,Calibration,2011,2011-07-23,0.006510097404525467,exper2_07
9.907083333333333,9.807035,Calibration,2011,2011-07-24,-0.005074935800345026,exper2_07
9.872708333333321,9.582319,Calibration,2011,2011-07-25,-0.014926171258404942,exper2_07
9.642916666666679,9.421091,Calibration,2011,2011-07-26,-0.011635831767688136,exper2_07
9.422500000000014,9.581749,Calibration,2011,2011-07-27,0.008379650399096814,exper2_07
9.366458333333355,9.480393,Calibration,2011,2011-07-28,0.006045310800388123,exper2_07
9.406458333333319,9.468151,Calibration,2011,2011-07-29,0.0032685581886237325,exper2_07
9.430729166666652,9.389325,Calibration,2011,2011-07-30,-0.0021999949671267323,exper2_07
9.435729166666647,9.450246,Calibration,2011,2011-07-31,0.0007686492518256373,exper2_07
9.426979166666683,9.563329,Calibration,2011,2011-08-01,0.0071799560577427,exper2_07
9.483958333333362,9.162021,Calibration,2011,2011-08-02,-0.01726579493400679,exper2_07
9.577916666666681,9.231286,Calibration,2011,2011-08-03,-0.018428777817937267,exper2_07
9.398333333333312,9.23123,Calibration,2011,2011-08-04,-0.008969805152883367,exper2_07
9.393229166666686,9.218774,Calibration,2011,2011-08-05,-0.00937326975118541,exper2_07
9.401041666666686,9.555002,Calibration,2011,2011-08-06,0.008121976654988537,exper2_07
9.427395833333321,9.489147,Calibration,2011,2011-08-07,0.003264410039506269,exper2_07
9.37291666666664,9.147564,Calibration,2011,2011-08-08,-0.01216775834253394,exper2_07
9.368541666666658,9.449581,Calibration,2011,2011-08-09,0.004306459277542446,exper2_07
9.926666666666677,9.501079,Calibration,2011,2011-08-10,-0.02190619935815284,exper2_07
9.617500000000007,9.537304,Calibration,2011,2011-08-11,-0.004186734343786805,exper2_07
9.549479166666686,9.604597,Calibration,2011,2011-08-12,0.0028776081009970677,exper2_07
9.935625000000016,9.624712,Calibration,2011,2011-08-13,-0.015895074292270904,exper2_07
10.445520833333319,9.835674,Calibration,2011,2011-08-14,-0.030069556742573337,exper2_07
9.858020833333342,9.932485,Calibration,2011,2011-08-15,0.003762601899521618,exper2_07
9.483020833333342,9.708947,Calibration,2011,2011-08-16,0.011771921888955194,exper2_07
9.54260416666665,9.687927,Calibration,2011,2011-08-17,0.00755689358280925,exper2_07
9.223125000000039,9.550259,Calibration,2011,2011-08-18,0.017425395592459186,exper2_07
8.990937499999973,9.481594,Calibration,2011,2011-08-19,0.026561415440934582,exper2_07
8.908958333333317,9.369429,Calibration,2011,2011-08-20,0.025192064382757996,exper2_07
9.035104166666656,9.64001,Calibration,2011,2011-08-21,0.03239100505011894,exper2_07
9.189375000000041,9.609136,Calibration,2011,2011-08-22,0.02232946194827658,exper2_07
9.456145833333323,9.974297,Calibration,2011,2011-08-23,0.026666955169620494,exper2_07
10.219375000000014,9.982446,Calibration,2011,2011-08-24,-0.01172811532499107,exper2_07
9.58052083333331,10.013267,Calibration,2011,2011-08-25,0.02208586432626202,exper2_07
9.662604166666654,9.936556,Calibration,2011,2011-08-26,0.01397772635936664,exper2_07
9.873437500000023,10.028013,Calibration,2011,2011-08-27,0.0077670583653469474,exper2_07
9.981875000000002,10.282505,Calibration,2011,2011-08-28,0.014835392687820186,exper2_07
10.718541666666681,10.635376,Calibration,2011,2011-08-29,-0.0038946338322397214,exper2_07
10.583958333333271,10.847713,Calibration,2011,2011-08-30,0.012306792467727258,exper2_07
11.285312499999975,11.008446,Calibration,2011,2011-08-31,-0.012419025867082104,exper2_07
11.140000000000043,11.060679,Calibration,2011,2011-09-01,-0.0035728890415129963,exper2_07
10.858541666666724,10.999242,Calibration,2011,2011-09-02,0.006437073652969034,exper2_07
10.699583333333294,11.02787,Calibration,2011,2011-09-03,0.01510931065689589,exper2_07
10.74760416666669,11.01914,Calibration,2011,2011-09-04,0.01247481349284269,exper2_07
11.13697916666672,11.2408905,Calibration,2011,2011-09-05,0.004643486524731461,exper2_07
11.281562500000007,11.070936,Calibration,2011,2011-09-06,-0.009422941917843871,exper2_07
11.555208333333326,11.059992,Calibration,2011,2011-09-07,-0.021897506679821536,exper2_07
11.827187500000036,11.353734,Calibration,2011,2011-09-08,-0.020424273609927178,exper2_07
12.017500000000041,11.397238,Calibration,2011,2011-09-09,-0.02649024849983789,exper2_07
12.269479166666713,11.753044,Calibration,2011,2011-09-10,-0.021497951397737365,exper2_07
12.461041666666688,11.688637,Calibration,2011,2011-09-11,-0.031984065071268726,exper2_07
11.479479166666692,11.6786785,Calibration,2011,2011-09-12,0.00860169227041413,exper2_07
11.349791666666704,11.305639,Calibration,2011,2011-09-13,-0.0019488660281178443,exper2_07
11.1764583333333,11.50218,Calibration,2011,2011-09-14,0.01436249213632765,exper2_07
11.257083333333298,11.157785,Calibration,2011,2011-09-15,-0.004430002191665342,exper2_07
11.364659090909072,11.249541,Calibration,2011,2011-09-16,-0.005090509783836607,exper2_07
,11.238338,Calibration,2011,2011-09-17,,exper2_07
,11.148781,Calibration,2011,2011-09-18,,exper2_07
,11.123736,Calibration,2011,2011-09-19,,exper2_07
,11.141161,Calibration,2011,2011-09-20,,exper2_07
,11.339384,Calibration,2011,2011-09-21,,exper2_07
,11.631513,Calibration,2011,2011-09-22,,exper2_07
,12.116814,Calibration,2011,2011-09-23,,exper2_07
,12.2254925,Calibration,2011,2011-09-24,,exper2_07
,12.035764,Calibration,2011,2011-09-25,,exper2_07
12.186249999999973,12.067366,Calibration,2011,2011-09-26,-0.004901716732511142,exper2_07
12.528645833333314,12.259426,Calibration,2011,2011-09-27,-0.010860857469269614,exper2_07
12.397187499999973,12.480517,Calibration,2011,2011-09-28,0.003349580990986104,exper2_07
12.666041666666729,12.6578455,Calibration,2011,2011-09-29,-0.0003236536903820218,exper2_07
12.894687499999975,12.879507,Calibration,2011,2011-09-30,-0.0005889780626301201,exper2_07
13.02979166666671,12.95853,Calibration,2011,2011-10-01,-0.002742048539615361,exper2_07
12.641875000000027,12.819341,Calibration,2011,2011-10-02,0.006970040548010023,exper2_07
12.636562500000025,12.785154,Calibration,2011,2011-10-03,0.0058450750423764295,exper2_07
12.704270833333283,12.869091,Calibration,2011,2011-10-04,0.006444995439305794,exper2_07
13.47510416666671,13.285488,Calibration,2011,2011-10-05,-0.0070856442903806565,exper2_07
13.63822916666669,13.489398,Calibration,2011,2011-10-06,-0.005486331816394805,exper2_07
14.41770833333328,13.710276,Calibration,2011,2011-10-07,-0.025150493676597243,exper2_07
14.904375000000016,13.660838,Calibration,2011,2011-10-08,-0.04353326079974023,exper2_07
14.393229166666686,13.557159,Calibration,2011,2011-10-09,-0.029912633956112003,exper2_07
14.264062500000023,13.501035,Calibration,2011,2011-10-10,-0.02748154479214219,exper2_07
13.850625000000036,13.48139,Calibration,2011,2011-10-11,-0.01350924915775997,exper2_07
13.757708333333312,13.234904,Calibration,2011,2011-10-12,-0.019368412068803922,exper2_07
13.83739583333329,13.339462,Calibration,2011,2011-10-13,-0.01832196904360147,exper2_07
14.26416666666671,13.660317,Calibration,2011,2011-10-14,-0.0216243653351796,exper2_07
14.226458333333312,13.678292,Calibration,2011,2011-10-15,-0.019644184123431104,exper2_07
14.272604166666724,13.834807,Calibration,2011,2011-10-16,-0.015575848019892896,exper2_07
14.58562500000005,14.044426,Calibration,2011,2011-10-17,-0.018903181007898846,exper2_07
14.549166666666679,13.753447,Calibration,2011,2011-10-18,-0.028114721449249685,exper2_07
14.436770833333298,14.093404,Calibration,2011,2011-10-19,-0.012035223104233337,exper2_07
14.242881944583303,14.270311,Calibration,2011,2011-10-20,0.0009619901467630424,exper2_07
14.425937499999975,15.259859,Calibration,2011,2011-10-21,0.02809160207956406,exper2_07
14.79541666666671,15.225044,Calibration,2011,2011-10-22,0.014311158812890272,exper2_07
15.10395833333331,15.290575,Calibration,2011,2011-10-23,0.00613981112712842,exper2_07
15.464062500000011,15.4470825,Calibration,2011,2011-10-24,-0.0005493158036699236,exper2_07
15.626875000000041,15.810878,Calibration,2011,2011-10-25,0.005852924703569246,exper2_07
15.982708333333278,16.348778,Calibration,2011,2011-10-26,0.011322382042123234,exper2_07
16.31020833333332,16.376572,Calibration,2011,2011-10-27,0.0020302801916630446,exper2_07
16.2297916666667,16.639666,Calibration,2011,2011-10-28,0.012469750674626832,exper2_07
16.328229166666688,16.37628,Calibration,2011,2011-10-29,0.0014692366813841018,exper2_07
16.262916666666683,16.633978,Calibration,2011,2011-10-30,0.011279521314956548,exper2_07
16.57666666666671,16.35467,Calibration,2011,2011-10-31,-0.006741211293165197,exper2_07
16.546979166666688,16.1901,Calibration,2011,2011-11-01,-0.010901383466656464,exper2_07
16.24187500000005,16.770351,Calibration,2011,2011-11-02,0.01600850555639533,exper2_07
16.589479166666706,16.823551,Calibration,2011,2011-11-03,0.0070054110296919525,exper2_07
16.95281250000005,16.53301,Calibration,2011,2011-11-04,-0.012536708965694055,exper2_07
17.076770833333285,15.995517,Calibration,2011,2011-11-05,-0.03269365787553252,exper2_07
16.948854166666706,16.161913,Calibration,2011,2011-11-06,-0.023766928943731797,exper2_07
16.694375000000036,16.313986,Calibration,2011,2011-11-07,-0.011524025001924886,exper2_07
17.45458333333329,17.10811,Calibration,2011,2011-11-08,-0.010024476329038237,exper2_07
17.642395833333296,17.602009,Calibration,2011,2011-11-09,-0.0011459127810768566,exper2_07
17.967916666666724,17.201937,Calibration,2011,2011-11-10,-0.021779446630167544,exper2_07
17.39625000000001,17.177717,Calibration,2011,2011-11-11,-0.006320732295994314,exper2_07
17.39479166666672,17.41664,Calibration,2011,2011-11-12,0.0006276002080912817,exper2_07
17.88052083333332,17.777449,Calibration,2011,2011-11-13,-0.002890579038568791,exper2_07
18.798229166666715,17.225391,Calibration,2011,2011-11-14,-0.04366129096721653,exper2_07
17.911458333333314,17.566944,Calibration,2011,2011-11-15,-0.009710533371663088,exper2_07
17.832812500000045,17.225151,Calibration,2011,2011-11-16,-0.017333050076153846,exper2_07
17.765729166666688,17.269848,Calibration,2011,2011-11-17,-0.014153650053386316,exper2_07
17.60468750000001,17.103453,Calibration,2011,2011-11-18,-0.014441419645921834,exper2_07
17.3991666666667,17.149736,Calibration,2011,2011-11-19,-0.007219628991824841,exper2_07
17.332604166666727,17.42448,Calibration,2011,2011-11-20,0.0026433825681899973,exper2_07
17.306458333333296,17.78136,Calibration,2011,2011-11-21,0.013534676904108246,exper2_07
17.39989583333329,17.953297,Calibration,2011,2011-11-22,0.015653489515168026,exper2_07
17.530416666666724,18.407455,Calibration,2011,2011-11-23,0.024404304599901477,exper2_07
17.5773958333333,17.795198,Calibration,2011,2011-11-24,0.006157382903047601,exper2_07
17.325312499999995,18.022392,Calibration,2011,2011-11-25,0.01972065166399948,exper2_07
17.4226041666667,18.11922,Calibration,2011,2011-11-26,0.01959990993512026,exper2_07
17.529687500000023,18.518234,Calibration,2011,2011-11-27,0.027423127460859044,exper2_07
18.68333333333328,18.837679,Calibration,2011,2011-11-28,0.004113577079700825,exper2_07
18.160000000000025,18.613644,Calibration,2011,2011-11-29,0.012336108181289508,exper2_07
18.447083333333296,18.448696,Calibration,2011,2011-11-30,4.371240191938345e-05,exper2_07
18.838645833333317,18.605688,Calibration,2011,2011-12-01,-0.0062214416388294185,exper2_07
18.564583333333303,19.145483,Calibration,2011,2011-12-02,0.015404366522145685,exper2_07
18.384583333333296,19.13496,Calibration,2011,2011-12-03,0.01999962609005029,exper2_07
18.381145833333278,19.092943,Calibration,2011,2011-12-04,0.018994387234411797,exper2_07
18.185000000000002,19.11574,Calibration,2011,2011-12-05,0.024952315337967323,exper2_07
19.25,19.078196,Calibration,2011,2011-12-06,-0.00448245542314404,exper2_07
19.63520833333331,19.236593,Calibration,2011,2011-12-07,-0.010254607985047983,exper2_07
19.725416666666717,19.51142,Calibration,2011,2011-12-08,-0.005453991514612468,exper2_07
20.119791666666686,19.895739,Calibration,2011,2011-12-09,-0.005599152715947424,exper2_07
20.240416666666704,19.52773,Calibration,2011,2011-12-10,-0.017921018899633243,exper2_07
19.98406250000005,18.467798,Calibration,2011,2011-12-11,-0.03943279305766518,exper2_07
19.733437500000036,18.08753,Calibration,2011,2011-12-12,-0.04351838323460178,exper2_07
19.513020833333314,18.866947,Calibration,2011,2011-12-13,-0.016833616409903888,exper2_07
19.37520833333332,18.368958,Calibration,2011,2011-12-14,-0.026659770882860832,exper2_07
19.034791666666706,18.634253,Calibration,2011,2011-12-15,-0.010633110735808485,exper2_07
18.78687500000001,19.324259,Calibration,2011,2011-12-16,0.01410044127997965,exper2_07
19.154583333333278,19.137197,Calibration,2011,2011-12-17,-0.0004540357865466957,exper2_07
18.772500000000036,18.714817,Calibration,2011,2011-12-18,-0.001538732494736605,exper2_07
18.105833333333294,18.531034,Calibration,2011,2011-12-19,0.011605826637753756,exper2_07
17.984375,18.747635,Calibration,2011,2011-12-20,0.020779148487352263,exper2_07
18.660729166666727,18.899364,Calibration,2011,2011-12-21,0.0063534267797122936,exper2_07
18.658749999999998,18.735022,Calibration,2011,2011-12-22,0.0020396870371990625,exper2_07
18.371979166666677,18.65128,Calibration,2011,2011-12-23,0.007543914102540235,exper2_07
18.74854166666671,19.25847,Calibration,2011,2011-12-24,0.013416704946502314,exper2_07
19.29781250000002,19.431112,Calibration,2011,2011-12-25,0.0034418665158779563,exper2_07
19.45510416666673,19.505724,Calibration,2011,2011-12-26,0.0012992482198926497,exper2_07
19.516770833333283,19.581102,Calibration,2011,2011-12-27,0.001645397373559764,exper2_07
19.496666666666727,19.692318,Calibration,2011,2011-12-28,0.0049925074055991595,exper2_07
19.300833333333287,19.74751,Calibration,2011,2011-12-29,0.011439091345768463,exper2_07
18.801666666666677,19.819195,Calibration,2011,2011-12-30,0.02634659322860179,exper2_07
18.676666666666677,19.493982,Calibration,2011,2011-12-31,0.021412149654253892,exper2_07
18.583333333333314,19.38702,Calibration,2012,2012-01-01,0.021166165306497415,exper2_07
18.757395833333305,19.40936,Calibration,2012,2012-01-02,0.017082013467574764,exper2_07
19.25020833333332,19.320303,Calibration,2012,2012-01-03,0.001817311401047301,exper2_07
19.321562500000027,19.524286,Calibration,2012,2012-01-04,0.005218672691157552,exper2_07
19.210520833333305,19.746746,Calibration,2012,2012-01-05,0.013764446857189241,exper2_07
19.614374999999995,19.905617,Calibration,2012,2012-01-06,0.007369479275722391,exper2_07
20.134166666666715,19.643015,Calibration,2012,2012-01-07,-0.012347575654898071,exper2_07
19.339270833333273,18.771912,Calibration,2012,2012-01-08,-0.014886948546347676,exper2_07
19.151041666666686,19.10404,Calibration,2012,2012-01-09,-0.0012286346954629758,exper2_07
19.19843750000001,19.67765,Calibration,2012,2012-01-10,0.012326676291503774,exper2_07
19.420000000000016,20.2565,Calibration,2012,2012-01-11,0.021083014857494697,exper2_07
20.504895833333308,20.278585,Calibration,2012,2012-01-12,-0.005549070171085139,exper2_07
20.104166666666686,20.113655,Calibration,2012,2012-01-13,0.00023592584707038384,exper2_07
19.991666666666674,19.990421,Calibration,2012,2012-01-14,-3.1148235726144795e-05,exper2_07
20.100416666666717,19.985384,Calibration,2012,2012-01-15,-0.0028696615101340816,exper2_07
19.895833333333314,20.238577,Calibration,2012,2012-01-16,0.008539892670796547,exper2_07
20.283749999999998,20.311058,Calibration,2012,2012-01-17,0.0006726979569334491,exper2_07
20.177812500000016,20.47193,Calibration,2012,2012-01-18,0.007235397700872886,exper2_07
20.42333333333329,20.504335,Calibration,2012,2012-01-19,0.0019791518209858064,exper2_07
20.396666666666704,20.543005,Calibration,2012,2012-01-20,0.0035744869716079785,exper2_07
20.574583333333294,20.627028,Calibration,2012,2012-01-21,0.0012728671813529164,exper2_07
20.964479166666706,20.415895,Calibration,2012,2012-01-22,-0.01325709855343013,exper2_07
20.455729166666686,19.969969,Calibration,2012,2012-01-23,-0.012016128239557113,exper2_07
20.388854166666704,20.020016,Calibration,2012,2012-01-24,-0.009127660614610178,exper2_07
21.060937500000023,20.536537,Calibration,2012,2012-01-25,-0.012606542434242814,exper2_07
21.56885416666671,20.506807,Calibration,2012,2012-01-26,-0.025241358107922694,exper2_07
21.585312500000043,20.22691,Calibration,2012,2012-01-27,-0.032488176736537276,exper2_07
20.426666666666677,20.179937,Calibration,2012,2012-01-28,-0.006076088111616534,exper2_07
20.595520833333296,20.587852,Calibration,2012,2012-01-29,-0.00018620027184215848,exper2_07
20.732500000000016,20.706953,Calibration,2012,2012-01-30,-0.0006164886216990965,exper2_07
20.707604166666727,20.586124,Calibration,2012,2012-01-31,-0.0029418449400921125,exper2_07
20.7936458333333,21.217802,Calibration,2012,2012-02-01,0.010096205577037142,exper2_07
20.843854166666688,21.355635,Calibration,2012,2012-02-02,0.012127647432194627,exper2_07
20.767708333333303,20.991001,Calibration,2012,2012-02-03,0.00534721495686296,exper2_07
20.574166666666713,21.247747,Calibration,2012,2012-02-04,0.016105928417855752,exper2_07
20.70500000000004,21.131771,Calibration,2012,2012-02-05,0.010200861026114406,exper2_07
20.35958333333332,20.867828,Calibration,2012,2012-02-06,0.012327842443157974,exper2_07
20.11864583333329,20.730083,Calibration,2012,2012-02-07,0.014968339107165472,exper2_07
20.35302083333329,20.982027,Calibration,2012,2012-02-08,0.015217261202085415,exper2_07
20.55833333333328,21.10213,Calibration,2012,2012-02-09,0.013053084421851659,exper2_07
21.28354166666668,21.29089,Calibration,2012,2012-02-10,0.0001725935750819362,exper2_07
21.397291666666717,21.099072,Calibration,2012,2012-02-11,-0.007017545543667663,exper2_07
21.642708333333303,21.006617,Calibration,2012,2012-02-12,-0.014914462117128853,exper2_07
21.066458333333287,20.9919,Calibration,2012,2012-02-13,-0.0017727473642550513,exper2_07
20.92385416666673,21.212368,Calibration,2012,2012-02-14,0.006847169249965425,exper2_07
21.046180555416697,21.203062,Calibration,2012,2012-02-15,0.0037132382115289174,exper2_07
20.92500000000001,21.064978,Calibration,2012,2012-02-16,0.0033335965799869,exper2_07
21.192291666666677,21.279188,Calibration,2012,2012-02-17,0.00204599627382457,exper2_07
21.42947916666668,21.260796,Calibration,2012,2012-02-18,-0.003951334920038946,exper2_07
21.622395833333314,21.524858,Calibration,2012,2012-02-19,-0.0022605693031002004,exper2_07
21.95923611125005,21.635628,Calibration,2012,2012-02-20,-0.0074230846487637414,exper2_07
21.876666666666722,21.27839,Calibration,2012,2012-02-21,-0.013863399013183049,exper2_07
21.691770833333294,21.528154,Calibration,2012,2012-02-22,-0.0037856719876908362,exper2_07
21.074374999999975,20.959677,Calibration,2012,2012-02-23,-0.0027286985834427155,exper2_07
20.8913541666667,20.66888,Calibration,2012,2012-02-24,-0.005353042541855681,exper2_07
20.903750000000002,20.707304,Calibration,2012,2012-02-25,-0.004721005123818205,exper2_07
20.802187500000002,20.546947,Calibration,2012,2012-02-26,-0.00617280194325838,exper2_07
21.039895833333276,20.372274,Calibration,2012,2012-02-27,-0.016121382453206285,exper2_07
20.514270833333285,20.358019,Calibration,2012,2012-02-28,-0.0038229313631746517,exper2_07
20.250416666666695,20.045567,Calibration,2012,2012-02-29,-0.005083635921784583,exper2_07
20.354583333333323,20.119488,Calibration,2012,2012-03-01,-0.00580854765822254,exper2_07
19.817708333333314,19.984755,Calibration,2012,2012-03-02,0.004196881722678893,exper2_07
19.49072916666671,19.311964,Calibration,2012,2012-03-03,-0.004607028968409205,exper2_07
19.044062499999995,19.241018,Calibration,2012,2012-03-04,0.005144452909508571,exper2_07
18.70541666666668,19.134256,Calibration,2012,2012-03-05,0.011333070872814058,exper2_07
18.89291666666668,19.11691,Calibration,2012,2012-03-06,0.005893061924200706,exper2_07
18.672187500000007,19.144941,Calibration,2012,2012-03-07,0.012501050306642149,exper2_07
18.518541666666692,18.650719,Calibration,2012,2012-03-08,0.0035560842759176695,exper2_07
17.957916666666677,18.948595,Calibration,2012,2012-03-09,0.026842915635497976,exper2_07
18.050729166666713,19.021925,Calibration,2012,2012-03-10,0.02619709401492561,exper2_07
18.94895833333328,18.817072,Calibration,2012,2012-03-11,-0.0034921970298266046,exper2_07
18.174895833333323,18.750343,Calibration,2012,2012-03-12,0.015584123558092612,exper2_07
18.61500000000001,18.625978,Calibration,2012,2012-03-13,0.0002947954189096347,exper2_07
18.349895833333278,18.725084,Calibration,2012,2012-03-14,0.010119721442286015,exper2_07
18.50583333333327,18.50565,Calibration,2012,2012-03-15,-4.965126184680394e-06,exper2_07
18.252812500000005,18.650951,Calibration,2012,2012-03-16,0.010788571234450631,exper2_07
18.24895833333329,18.670425,Calibration,2012,2012-03-17,0.011415875318459286,exper2_07
18.426770833333308,18.59131,Calibration,2012,2012-03-18,0.004444845919452897,exper2_07
18.05447916666668,18.097244,Calibration,2012,2012-03-19,0.0011829338126076207,exper2_07
17.693541666666704,18.095049,Calibration,2012,2012-03-20,0.01121886141212355,exper2_07
17.737708333333273,18.125584,Calibration,2012,2012-03-21,0.010815385144868541,exper2_07
17.81791666666669,18.138504,Calibration,2012,2012-03-22,0.008915997628716091,exper2_07
17.94333333333327,18.191973,Calibration,2012,2012-03-23,0.006880788521823696,exper2_07
18.444062499999973,18.11939,Calibration,2012,2012-03-24,-0.008879686840259674,exper2_07
18.246249999999975,18.0608,Calibration,2012,2012-03-25,-0.0051078081201976055,exper2_07
18.10718750000001,18.150812,Calibration,2012,2012-03-26,0.0012031730782199412,exper2_07
18.227708333333283,18.161787,Calibration,2012,2012-03-27,-0.0018115475245933169,exper2_07
18.576250000000016,18.317394,Calibration,2012,2012-03-28,-0.0070162692958142545,exper2_07
18.230833333333294,18.081362,Calibration,2012,2012-03-29,-0.004116291022216322,exper2_07
17.91062500000004,17.978607,Calibration,2012,2012-03-30,0.0018942221276194455,exper2_07
18.100625000000036,18.037214,Calibration,2012,2012-03-31,-0.001754690432246551,exper2_07
18.05364583333329,18.032583,Calibration,2012,2012-04-01,-0.0005836740823786936,exper2_07
17.924583333333317,17.80019,Calibration,2012,2012-04-02,-0.0034819916237560336,exper2_07
17.613645833333294,17.65238,Calibration,2012,2012-04-03,0.001098341970404687,exper2_07
17.49312500000002,17.68727,Calibration,2012,2012-04-04,0.005518534262351267,exper2_07
17.494791666666686,17.785234,Calibration,2012,2012-04-05,0.008232499138638643,exper2_07
17.47062500000004,17.68028,Calibration,2012,2012-04-06,0.00596444618813041,exper2_07
17.295520833333285,17.327099,Calibration,2012,2012-04-07,0.0009120630788291896,exper2_07
17.16177083333332,17.344267,Calibration,2012,2012-04-08,0.0052888152387006926,exper2_07
17.10697916666669,17.41245,Calibration,2012,2012-04-09,0.008849266170341308,exper2_07
17.911041666666677,17.571405,Calibration,2012,2012-04-10,-0.009571951313247572,exper2_07
17.809479166666677,17.546396,Calibration,2012,2012-04-11,-0.007440995535599754,exper2_07
17.488229166666713,17.390156,Calibration,2012,2012-04-12,-0.002811866849509917,exper2_07
17.34031250000004,17.48982,Calibration,2012,2012-04-13,0.004292489507031241,exper2_07
17.232951388749996,17.507416,Calibration,2012,2012-04-14,0.007900445653566538,exper2_07
17.275208333333296,17.213186,Calibration,2012,2012-04-15,-0.0017983460819001827,exper2_07
17.32614583333327,17.22304,Calibration,2012,2012-04-16,-0.002984331030791742,exper2_07
17.287812499999973,17.31121,Calibration,2012,2012-04-17,0.0006762656920907774,exper2_07
17.620625000000018,17.072378,Calibration,2012,2012-04-18,-0.015802807238244593,exper2_07
16.799895833333323,16.848839,Calibration,2012,2012-04-19,0.001454526398790263,exper2_07
16.645833333333314,16.797522,Calibration,2012,2012-04-20,0.004535677063367677,exper2_07
16.848020833333294,16.808113,Calibration,2012,2012-04-21,-0.0011857492387572735,exper2_07
16.674791666666692,16.852411,Calibration,2012,2012-04-22,0.0052977757735915105,exper2_07
16.550833333333287,16.624128,Calibration,2012,2012-04-23,0.0022093471895924866,exper2_07
16.330937500000005,16.602587,Calibration,2012,2012-04-24,0.008248411077567236,exper2_07
16.28093750000005,16.560448,Calibration,2012,2012-04-25,0.008510913630150923,exper2_07
16.22187500000001,16.494322,Calibration,2012,2012-04-26,0.008327582346844517,exper2_07
16.059791666666683,16.543575,Calibration,2012,2012-04-27,0.01483845582231018,exper2_07
16.01750000000004,16.495287,Calibration,2012,2012-04-28,0.014695354857999127,exper2_07
15.907916666666722,16.363617,Calibration,2012,2012-04-29,0.014120812546419436,exper2_07
15.820625000000007,16.166128,Calibration,2012,2012-04-30,0.010801445112498635,exper2_07
15.619375000000048,15.99752,Calibration,2012,2012-05-01,0.011960233332012335,exper2_07
15.349479166666697,15.588551,Calibration,2012,2012-05-02,0.00772742812045508,exper2_07
14.866770833333305,15.25343,Calibration,2012,2012-05-03,0.012837216146641843,exper2_07
14.709375000000023,15.09186,Calibration,2012,2012-05-04,0.012834529167905246,exper2_07
14.769583333333287,14.907972,Calibration,2012,2012-05-05,0.004663086273847168,exper2_07
14.4577083333333,14.861349,Calibration,2012,2012-05-06,0.013767181067779608,exper2_07
14.554895833333319,14.630996,Calibration,2012,2012-05-07,0.002607421358896235,exper2_07
14.387187500000039,14.766581,Calibration,2012,2012-05-08,0.013013517861644864,exper2_07
14.314791666666679,14.781949,Calibration,2012,2012-05-09,0.016055316341587616,exper2_07
14.391666666666708,14.844409,Calibration,2012,2012-05-10,0.015485741917585599,exper2_07
14.961458333333326,14.679365,Calibration,2012,2012-05-11,-0.009517049191766916,exper2_07
14.69114583333328,14.568258,Calibration,2012,2012-05-12,-0.004199933372246173,exper2_07
14.386145833333273,14.420981,Calibration,2012,2012-05-13,0.0012092692735872646,exper2_07
14.319166666666717,14.174752,Calibration,2012,2012-05-14,-0.0050682544493232656,exper2_07
14.226354166666681,14.103073,Calibration,2012,2012-05-15,-0.004351695687367678,exper2_07
14.077291666666724,14.046796,Calibration,2012,2012-05-16,-0.0010843310604228842,exper2_07
13.806354166666722,13.604614,Calibration,2012,2012-05-17,-0.0073598242035863,exper2_07
13.48677083333331,13.592464,Calibration,2012,2012-05-18,0.003903124020819458,exper2_07
13.25416666666672,13.19941,Calibration,2012,2012-05-19,-0.002069898823564003,exper2_07
13.048645833333296,13.194229,Calibration,2012,2012-05-20,0.0055475359642949305,exper2_07
12.848854166666683,12.573252,Calibration,2012,2012-05-21,-0.010841054773596318,exper2_07
12.766979166666715,12.587427,Calibration,2012,2012-05-22,-0.007081689281849208,exper2_07
12.611354166666729,12.276548,Calibration,2012,2012-05-23,-0.013452551107640355,exper2_07
12.584166666666704,12.350537,Calibration,2012,2012-05-24,-0.009369646692743268,exper2_07
12.374583333333305,12.3979645,Calibration,2012,2012-05-25,0.0009438328420743026,exper2_07
12.311666666666724,12.382569,Calibration,2012,2012-05-26,0.002871222516899567,exper2_07
12.441458333333287,12.307515,Calibration,2012,2012-05-27,-0.005412070488738947,exper2_07
12.398333333333312,12.07589,Calibration,2012,2012-05-28,-0.013174830799542143,exper2_07
12.435937500000023,12.462498,Calibration,2012,2012-05-29,0.001066742185054663,exper2_07
12.284375000000011,12.130119,Calibration,2012,2012-05-30,-0.0063182007468247535,exper2_07
12.075520833333314,11.853985,Calibration,2012,2012-05-31,-0.009257859466922121,exper2_07
11.887812499999995,12.033661,Calibration,2012,2012-06-01,0.006096965111728726,exper2_07
11.773750000000007,11.89973,Calibration,2012,2012-06-02,0.005321555180838149,exper2_07
11.769375000000025,11.545447,Calibration,2012,2012-06-03,-0.00960451883760645,exper2_07
11.594791666666708,11.636729,Calibration,2012,2012-06-04,0.0018052013864483462,exper2_07
11.704687499999977,11.65789,Calibration,2012,2012-06-05,-0.002003082901923991,exper2_07
11.631875000000036,11.605631,Calibration,2012,2012-06-06,-0.0011293864973217944,exper2_07
11.7376041666667,11.669342,Calibration,2012,2012-06-07,-0.0029163191578006936,exper2_07
11.767291666666722,11.628031,Calibration,2012,2012-06-08,-0.005952509952561715,exper2_07
11.669583333333321,11.55011,Calibration,2012,2012-06-09,-0.005145350932952483,exper2_07
11.644687499999975,11.5204935,Calibration,2012,2012-06-10,-0.005361235579170615,exper2_07
11.555937500000027,11.475651,Calibration,2012,2012-06-11,-0.003485939034894803,exper2_07
11.518958333333273,11.603929,Calibration,2012,2012-06-12,0.0036747242252115862,exper2_07
11.268333333333317,11.297519,Calibration,2012,2012-06-13,0.0012933434442508208,exper2_07
11.221041666666679,11.097812,Calibration,2012,2012-06-14,-0.00552133954798716,exper2_07
10.936145833333285,11.133843,Calibration,2012,2012-06-15,0.008957756449996869,exper2_07
10.654999999999973,10.839282,Calibration,2012,2012-06-16,0.008573537628309457,exper2_07
10.338750000000005,10.6237,Calibration,2012,2012-06-17,0.013593360507848281,exper2_07
10.193645833333278,10.676886,Calibration,2012,2012-06-18,0.02315416705876612,exper2_07
10.077916666666681,10.598636,Calibration,2012,2012-06-19,0.025184034470008384,exper2_07
10.19114583333328,10.624551,Calibration,2012,2012-06-20,0.020821065626302045,exper2_07
10.2936458333333,10.67477,Calibration,2012,2012-06-21,0.018176123483245314,exper2_07
10.426874999999995,10.527763,Calibration,2012,2012-06-22,0.004814607865509792,exper2_07
10.324166666666713,10.410497,Calibration,2012,2012-06-23,0.00416356144726163,exper2_07
10.325312499999995,10.463005,Calibration,2012,2012-06-24,0.006623555055928025,exper2_07
10.273854166666695,10.337755,Calibration,2012,2012-06-25,0.003100244887895571,exper2_07
10.210729166666681,10.25959,Calibration,2012,2012-06-26,0.002386918421046918,exper2_07
10.040624999999977,10.085727,Calibration,2012,2012-06-27,0.002240929631126107,exper2_07
9.823125000000005,10.058878,Calibration,2012,2012-06-28,0.011857605373014462,exper2_07
9.701145833333328,10.0766115,Calibration,2012,2012-06-29,0.01898423966076716,exper2_07
9.73531250000002,9.940735,Calibration,2012,2012-06-30,0.010440225086293569,exper2_07
9.346979166666642,9.564496,Calibration,2012,2012-07-01,0.011501845905546162,exper2_07
9.295937500000036,9.334328,Calibration,2012,2012-07-02,0.0020606361394414382,exper2_07
9.167708333333337,9.23658,Calibration,2012,2012-07-03,0.003742147527340585,exper2_07
9.010520833333317,9.188304,Calibration,2012,2012-07-04,0.009768933777699355,exper2_07
9.185208333333321,9.106611,Calibration,2012,2012-07-05,-0.004296843249318557,exper2_07
9.201041666666697,9.145093,Calibration,2012,2012-07-06,-0.0030496180051075364,exper2_07
8.929062500000043,8.850547,Calibration,2012,2012-07-07,-0.004416051087482041,exper2_07
8.832083333333344,9.143017,Calibration,2012,2012-07-08,0.017298011097747524,exper2_07
8.740208333333328,8.916496,Calibration,2012,2012-07-09,0.009984192827262558,exper2_07
8.748333333333335,8.864962,Calibration,2012,2012-07-10,0.006621605502759778,exper2_07
8.929583333333312,8.727844,Calibration,2012,2012-07-11,-0.011425169053298032,exper2_07
8.749583333333362,8.650809,Calibration,2012,2012-07-12,-0.005676541182594853,exper2_07
8.732812500000023,8.677835,Calibration,2012,2012-07-13,-0.003157667401848094,exper2_07
8.932604166666636,8.794756,Calibration,2012,2012-07-14,-0.007776015729467173,exper2_07
8.937395833333312,8.992723,Calibration,2012,2012-07-15,0.0030857369497679045,exper2_07
8.92427083333331,9.285402,Calibration,2012,2012-07-16,0.01983184772380392,exper2_07
9.19291666666669,9.29977,Calibration,2012,2012-07-17,0.0057781591410392555,exper2_07
9.243020833333333,9.376718,Calibration,2012,2012-07-18,0.0071803766107119225,exper2_07
9.355624999999975,9.421869,Calibration,2012,2012-07-19,0.0035278550467674166,exper2_07
9.612291666666692,9.400268,Calibration,2012,2012-07-20,-0.011151789859976193,exper2_07
9.508125000000007,9.458449,Calibration,2012,2012-07-21,-0.0026191148353369668,exper2_07
9.357916666666654,9.606472,Calibration,2012,2012-07-22,0.013106425568544612,exper2_07
9.429270833333305,9.692984,Calibration,2012,2012-07-23,0.013790884047101534,exper2_07
9.59708333333333,9.85733,Calibration,2012,2012-07-24,0.01337727230125982,exper2_07
10.178750000000036,9.963463,Calibration,2012,2012-07-25,-0.0106883574427297,exper2_07
9.883645833333333,9.966593,Calibration,2012,2012-07-26,0.004178637695110762,exper2_07
9.763541666666697,9.861858,Calibration,2012,2012-07-27,0.005009666100051845,exper2_07
9.809895833333314,9.631023,Calibration,2012,2012-07-28,-0.00920082142926424,exper2_07
9.659895833333337,9.741825,Calibration,2012,2012-07-29,0.004222783674297281,exper2_07
9.627812500000005,9.828749,Calibration,2012,2012-07-30,0.010327426357948215,exper2_07
9.66645833333331,10.055359,Calibration,2012,2012-07-31,0.019719306240706228,exper2_07
9.885937500000011,10.181352,Calibration,2012,2012-08-01,0.014721179293424525,exper2_07
9.987500000000011,10.030698,Calibration,2012,2012-08-02,0.002157927649315326,exper2_07
10.040729166666722,10.101213,Calibration,2012,2012-08-03,0.0030029024344359464,exper2_07
10.144375000000025,10.104235,Calibration,2012,2012-08-04,-0.001982373366330679,exper2_07
10.143645833333323,10.07451,Calibration,2012,2012-08-05,-0.00341951138045791,exper2_07
10.522916666666674,10.25916,Calibration,2012,2012-08-06,-0.012691543225322703,exper2_07
10.365312500000016,10.47884,Calibration,2012,2012-08-07,0.005446485528848532,exper2_07
10.389479166666717,10.339774,Calibration,2012,2012-08-08,-0.00239782080792808,exper2_07
10.348854166666683,10.404036,Calibration,2012,2012-08-09,0.0026589743537167518,exper2_07
10.465937499999995,10.632168,Calibration,2012,2012-08-10,0.007878921527364543,exper2_07
10.867916666666702,10.8315735,Calibration,2012,2012-08-11,-0.0016748402880590572,exper2_07
10.45677083333328,10.798737,Calibration,2012,2012-08-12,0.016088335714924767,exper2_07
10.48072916666672,10.718962,Calibration,2012,2012-08-13,0.011237548243200897,exper2_07
10.675729166666713,10.623456,Calibration,2012,2012-08-14,-0.0024542331067029075,exper2_07
11.106770833333314,10.607165,Calibration,2012,2012-08-15,-0.023008518253637176,exper2_07
10.817499999999995,10.710505,Calibration,2012,2012-08-16,-0.004970059718321596,exper2_07
10.806458333333296,10.80832,Calibration,2012,2012-08-17,8.613144697892488e-05,exper2_07
10.9296875,10.813646,Calibration,2012,2012-08-18,-0.005336862527652973,exper2_07
11.149791666666715,11.001727,Calibration,2012,2012-08-19,-0.006684172043071022,exper2_07
11.026770833333273,10.950727,Calibration,2012,2012-08-20,-0.003460055805269095,exper2_07
11.083645833333321,11.045317,Calibration,2012,2012-08-21,-0.0017320801693812852,exper2_07
11.232395833333271,11.169544,Calibration,2012,2012-08-22,-0.0028056326020432466,exper2_07
11.128541666666706,11.153122,Calibration,2012,2012-08-23,0.0011031618644056047,exper2_07
11.289791666666702,11.261879,Calibration,2012,2012-08-24,-0.0012377220222222615,exper2_07
11.371875000000045,11.384218,Calibration,2012,2012-08-25,0.0005424136658787259,exper2_07
11.248958333333292,11.299513,Calibration,2012,2012-08-26,0.002242038024899535,exper2_07
11.244062500000041,11.07624,Calibration,2012,2012-08-27,-0.007518846002974505,exper2_07
11.150416666666729,10.837932,Calibration,2012,2012-08-28,-0.0142113918431937,exper2_07
11.340833333333308,11.124724,Calibration,2012,2012-08-29,-0.009619567334593827,exper2_07
11.3483333333333,11.022808,Calibration,2012,2012-08-30,-0.014551124256073071,exper2_07
11.247812500000009,10.909025,Calibration,2012,2012-08-31,-0.015290417903706685,exper2_07
11.568750000000023,11.06544,Calibration,2012,2012-09-01,-0.022236705538225276,exper2_07
11.866666666666674,11.268547,Calibration,2012,2012-09-02,-0.02585321301444326,exper2_07
11.403645833333314,11.19067,Calibration,2012,2012-09-03,-0.009426079610023272,exper2_07
11.328020833333312,11.076202,Calibration,2012,2012-09-04,-0.011239775564454667,exper2_07
11.296354166666674,11.2601795,Calibration,2012,2012-09-05,-0.001603732537827521,exper2_07
11.368749999999977,11.462764,Calibration,2012,2012-09-06,0.004117720235102765,exper2_07
11.568437500000016,11.51358,Calibration,2012,2012-09-07,-0.002376619676702353,exper2_07
11.592708333333292,11.669973,Calibration,2012,2012-09-08,0.0033214158648521923,exper2_07
11.681041666666715,11.823232,Calibration,2012,2012-09-09,0.006049539512040598,exper2_07
11.672916666666708,11.866516,Calibration,2012,2012-09-10,0.008224473734110498,exper2_07
11.677500000000009,11.760799,Calibration,2012,2012-09-11,0.003553986853273541,exper2_07
11.686145833333285,11.8708935,Calibration,2012,2012-09-12,0.007842566402998756,exper2_07
11.553437499999973,11.940758,Calibration,2012,2012-09-13,0.016485784991538383,exper2_07
11.679062500000043,12.030615,Calibration,2012,2012-09-14,0.014827378191300103,exper2_07
11.668958333333308,12.173325,Calibration,2012,2012-09-15,0.021154276767709538,exper2_07
11.632604166666681,12.026064,Calibration,2012,2012-09-16,0.016630680601920866,exper2_07
11.604583333333323,12.046999,Calibration,2012,2012-09-17,0.018705541071649658,exper2_07
11.64479166666672,12.467705,Calibration,2012,2012-09-18,0.03412807580265655,exper2_07
11.830208333333303,12.355978,Calibration,2012,2012-09-19,0.02173842834264186,exper2_07
11.939479166666729,12.119278,Calibration,2012,2012-09-20,0.007473319861549523,exper2_07
11.805937500000027,12.401205,Calibration,2012,2012-09-21,0.024590575336195367,exper2_07
12.121666666666727,12.077261,Calibration,2012,2012-09-22,-0.0018350274137000969,exper2_07
12.031562500000007,12.434163,Calibration,2012,2012-09-23,0.016455698075545686,exper2_07
12.37593750000002,12.265957,Calibration,2012,2012-09-24,-0.004463156105122557,exper2_07
12.250729166666702,12.360479,Calibration,2012,2012-09-25,0.004459357942366332,exper2_07
12.118333333333283,12.537083,Calibration,2012,2012-09-26,0.01698407111416225,exper2_07
12.263125000000002,12.496116,Calibration,2012,2012-09-27,0.009410251609818012,exper2_07
12.295069444583305,12.615802,Calibration,2012,2012-09-28,0.012875196669817814,exper2_07
12.601354166666681,13.089979,Calibration,2012,2012-09-29,0.019019059799264826,exper2_07
13.59520833333329,13.512284,Calibration,2012,2012-09-30,-0.0030590824334055427,exper2_07
14.196354166666708,13.159185,Calibration,2012,2012-10-01,-0.03791439588428717,exper2_07
13.176250000000039,13.366128,Calibration,2012,2012-10-02,0.00715376625502577,exper2_07
13.15208333333328,13.349522,Calibration,2012,2012-10-03,0.007450050812051021,exper2_07
13.228124999999977,13.315761,Calibration,2012,2012-10-04,0.0033015366991555628,exper2_07
13.25093750000002,13.598689,Calibration,2012,2012-10-05,0.012951821816134624,exper2_07
13.331666666666706,13.290524,Calibration,2012,2012-10-06,-0.0015454452586920167,exper2_07
13.326979166666717,13.391465,Calibration,2012,2012-10-07,0.0024135394842705765,exper2_07
13.512604166666677,13.699826,Calibration,2012,2012-10-08,0.006880020309516171,exper2_07
13.434583333333308,13.674964,Calibration,2012,2012-10-09,0.00886700966472672,exper2_07
13.664270833333319,13.773285,Calibration,2012,2012-10-10,0.00397317019735488,exper2_07
13.839270833333273,13.9117565,Calibration,2012,2012-10-11,0.002611999954397943,exper2_07
14.055104166666695,14.1791,Calibration,2012,2012-10-12,0.0043916899184273835,exper2_07
14.427812500000016,14.049395,Calibration,2012,2012-10-13,-0.013288448232545356,exper2_07
13.818437500000016,13.824609,Calibration,2012,2012-10-14,0.00022324973621920107,exper2_07
14.023645833333319,13.772959,Calibration,2012,2012-10-15,-0.009018622293923072,exper2_07
13.949687500000039,13.834616,Calibration,2012,2012-10-16,-0.004141611605071318,exper2_07
13.998749999999973,14.080648,Calibration,2012,2012-10-17,0.002916672964630466,exper2_07
14.061770833333298,13.718818,Calibration,2012,2012-10-18,-0.01234506324122908,exper2_07
13.937291666666681,13.751473,Calibration,2012,2012-10-19,-0.006710961620009257,exper2_07
13.861562500000048,13.973324,Calibration,2012,2012-10-20,0.004015152809624259,exper2_07
13.966979166666704,14.097299,Calibration,2012,2012-10-21,0.00464360624012428,exper2_07
13.935208333333321,14.380204,Calibration,2012,2012-10-22,0.015715676643444615,exper2_07
13.999375000000043,14.031062,Calibration,2012,2012-10-23,0.001130454227916853,exper2_07
13.94677083333329,14.191719,Calibration,2012,2012-10-24,0.008705094794106968,exper2_07
14.091562500000009,14.53402,Calibration,2012,2012-10-25,0.01545673061280798,exper2_07
14.188645833333283,14.849121,Calibration,2012,2012-10-26,0.022745387483660038,exper2_07
14.839375000000018,15.416052,Calibration,2012,2012-10-27,0.019060278580907444,exper2_07
15.97291666666672,16.09244,Calibration,2012,2012-10-28,0.003727480326013469,exper2_07
15.958124999999995,16.613108,Calibration,2012,2012-10-29,0.02010923834795408,exper2_07
15.780520833333298,16.973402,Calibration,2012,2012-10-30,0.03641949073406906,exper2_07
16.433645833333287,17.190617,Calibration,2012,2012-10-31,0.022512635798658476,exper2_07
16.996145833333287,17.595947,Calibration,2012,2012-11-01,0.017339263934560104,exper2_07
17.574791666666727,17.527565,Calibration,2012,2012-11-02,-0.0013453986770888852,exper2_07
17.538645833333305,17.398422,Calibration,2012,2012-11-03,-0.004013605028996041,exper2_07
16.746458333333294,16.73545,Calibration,2012,2012-11-04,-0.00032876227812328864,exper2_07
16.55437500000005,16.541616,Calibration,2012,2012-11-05,-0.00038550167635599655,exper2_07
16.36135416666673,16.131645,Calibration,2012,2012-11-06,-0.007069490920774124,exper2_07
16.161458333333314,16.015732,Calibration,2012,2012-11-07,-0.004528876547449872,exper2_07
16.20093750000001,16.042591,Calibration,2012,2012-11-08,-0.004910951497225541,exper2_07
16.153541666666683,16.326418,Calibration,2012,2012-11-09,0.0053225514591492724,exper2_07
16.428333333333285,16.729263,Calibration,2012,2012-11-10,0.009075747425458684,exper2_07
17.20458333333329,17.064268,Calibration,2012,2012-11-11,-0.004094541113341938,exper2_07
16.885416666666686,16.981396,Calibration,2012,2012-11-12,0.002834015013547,exper2_07
16.765625,16.744482,Calibration,2012,2012-11-13,-0.0006309427650957112,exper2_07
16.204375000000027,17.077894,Calibration,2012,2012-11-14,0.026245782860609225,exper2_07
16.20458333333329,16.693537,Calibration,2012,2012-11-15,0.014862655486873483,exper2_07
16.226666666666688,17.195812,Calibration,2012,2012-11-16,0.028996818632349784,exper2_07
16.312395833333312,16.950338,Calibration,2012,2012-11-17,0.019178896314905294,exper2_07
16.109375,16.6137,Calibration,2012,2012-11-18,0.015411933424401836,exper2_07
16.143645833333323,16.841337,Calibration,2012,2012-11-19,0.02115178806843514,exper2_07
16.734687500000007,17.052933,Calibration,2012,2012-11-20,0.009418989470233145,exper2_07
17.414375000000007,17.299603,Calibration,2012,2012-11-21,-0.0033062328114614186,exper2_07
17.819062499999973,17.687458,Calibration,2012,2012-11-22,-0.0037064871374209913,exper2_07
18.261145833333273,17.889538,Calibration,2012,2012-11-23,-0.010279418937333326,exper2_07
18.311145833333285,18.190527,Calibration,2012,2012-11-24,-0.0033044751600399607,exper2_07
18.999166666666724,18.441595,Calibration,2012,2012-11-25,-0.014892100565735082,exper2_07
19.09270833333329,18.795807,Calibration,2012,2012-11-26,-0.007836185895873803,exper2_07
18.994375000000048,18.926046,Calibration,2012,2012-11-27,-0.0018018952867309879,exper2_07
19.154166666666697,18.888529,Calibration,2012,2012-11-28,-0.006982624111910223,exper2_07
18.958020833333308,18.914797,Calibration,2012,2012-11-29,-0.0011412935920109338,exper2_07
18.458333333333314,18.817223,Calibration,2012,2012-11-30,0.00962800561766183,exper2_07
18.019062500000018,18.989092,Calibration,2012,2012-12-01,0.026211233432170335,exper2_07
18.212604166666722,19.246834,Calibration,2012,2012-12-02,0.027609320660071504,exper2_07
18.104062499999998,19.447866,Calibration,2012,2012-12-03,0.035785217371201265,exper2_07
18.453437500000007,19.86911,Calibration,2012,2012-12-04,0.03694098372384034,exper2_07
18.716041666666683,16.641212,Calibration,2012,2012-12-05,-0.05868185339439711,exper2_07
18.468125000000043,18.913593,Calibration,2012,2012-12-06,0.011916741995479702,exper2_07
18.451562500000023,18.84974,Calibration,2012,2012-12-07,0.010674602705472365,exper2_07
18.33687500000002,18.85019,Calibration,2012,2012-12-08,0.013803569060994544,exper2_07
18.768958333333273,19.175554,Calibration,2012,2012-12-09,0.010715539987846162,exper2_07
19.576979166666717,19.148445,Calibration,2012,2012-12-10,-0.011065961059483402,exper2_07
20.420104166666704,19.738253,Calibration,2012,2012-12-11,-0.01697906939227399,exper2_07
21.02447916666671,20.230486,Calibration,2012,2012-12-12,-0.019246004667204518,exper2_07
20.233229166666717,20.392511,Calibration,2012,2012-12-13,0.003920721174202551,exper2_07
19.71062500000005,20.152573,Calibration,2012,2012-12-14,0.011086607650434304,exper2_07
20.003333333333273,20.436956,Calibration,2012,2012-12-15,0.010722551077285824,exper2_07
21.0710416666667,20.695946,Calibration,2012,2012-12-16,-0.008980679484271746,exper2_07
21.092499999999973,21.244907,Calibration,2012,2012-12-17,0.0035998278729148874,exper2_07
20.75583333333327,21.380487,Calibration,2012,2012-12-18,0.014824600183145527,exper2_07
20.820729166666695,21.273605,Calibration,2012,2012-12-19,0.01075860172749386,exper2_07
21.648750000000007,21.64717,Calibration,2012,2012-12-20,-3.651352998640108e-05,exper2_07
21.98020833333328,21.405619,Calibration,2012,2012-12-21,-0.013243718178250872,exper2_07
21.534583333333273,21.621984,Calibration,2012,2012-12-22,0.0020252108289199626,exper2_07
21.725312499999973,21.897367,Calibration,2012,2012-12-23,0.003944163391751508,exper2_07
21.512812499999995,21.867357,Calibration,2012,2012-12-24,0.008172968341033326,exper2_07
21.79135416666668,21.878061,Calibration,2012,2012-12-25,0.0019855344289180983,exper2_07
21.769895833333294,21.83023,Calibration,2012,2012-12-26,0.001383823496323235,exper2_07
21.43770833333332,21.75391,Calibration,2012,2012-12-27,0.007320904913772914,exper2_07
21.589375000000018,21.697561,Calibration,2012,2012-12-28,0.002499282078504287,exper2_07
21.339270833333273,21.674871,Calibration,2012,2012-12-29,0.007802099346759375,exper2_07
21.66062500000004,21.662031,Calibration,2012,2012-12-30,3.2458160007037744e-05,exper2_07
21.362187500000005,21.30992,Calibration,2012,2012-12-31,-0.0012248784170650455,exper2_07
21.401458333333323,21.524635,Calibration,2013,2013-01-01,0.00286951294980072,exper2_07
21.491041666666717,21.412933,Calibration,2013,2013-01-02,-0.0018205380044089435,exper2_07
21.627499999999998,20.994799,Calibration,2013,2013-01-03,-0.014844373945305791,exper2_07
21.110000000000014,20.872828,Calibration,2013,2013-01-04,-0.00564927338264277,exper2_07
20.794270833333314,20.723185,Calibration,2013,2013-01-05,-0.0017122014594771343,exper2_07
20.618854166666722,20.710083,Calibration,2013,2013-01-06,0.0022073841570286537,exper2_07
20.309687499999995,20.832306,Calibration,2013,2013-01-07,0.012702797431758058,exper2_07
20.66187500000001,20.814455,Calibration,2013,2013-01-08,0.003678725485828229,exper2_07
20.37260416666669,21.317938,Calibration,2013,2013-01-09,0.022675015448010986,exper2_07
21.296875,21.883333,Calibration,2013,2013-01-10,0.013581643779403251,exper2_07
22.204791666666722,22.32951,Calibration,2013,2013-01-11,0.0028004945517284214,exper2_07
22.742083333333312,22.590405,Calibration,2013,2013-01-12,-0.003345918789142851,exper2_07
23.353750000000048,22.8842,Calibration,2013,2013-01-13,-0.010155096976670344,exper2_07
23.360000000000014,22.740808,Calibration,2013,2013-01-14,-0.013431250630603788,exper2_07
22.826874999999973,22.26777,Calibration,2013,2013-01-15,-0.012398461575111892,exper2_07
21.965625000000045,21.99086,Calibration,2013,2013-01-16,0.000574090156661219,exper2_07
21.648541666666688,21.468975,Calibration,2013,2013-01-17,-0.004164585837273664,exper2_07
20.986979166666686,21.091906,Calibration,2013,2013-01-18,0.0024935648319221585,exper2_07
20.620520833333273,21.049099,Calibration,2013,2013-01-19,0.010285146281888325,exper2_07
20.72239583333328,21.745749,Calibration,2013,2013-01-20,0.02409694848101668,exper2_07
21.370729166666706,21.930635,Calibration,2013,2013-01-21,0.012930453590345626,exper2_07
21.526354166666692,22.051134,Calibration,2013,2013-01-22,0.012042455028722357,exper2_07
21.873749999999973,22.248713,Calibration,2013,2013-01-23,0.008498223310535543,exper2_07
22.083124999999995,22.593159,Calibration,2013,2013-01-24,0.011416207424467263,exper2_07
22.67500000000001,22.166857,Calibration,2013,2013-01-25,-0.011331895485672474,exper2_07
21.787187500000016,21.726713,Calibration,2013,2013-01-26,-0.0013897701312046674,exper2_07
21.477187500000014,21.493769,Calibration,2013,2013-01-27,0.0003858697475218964,exper2_07
21.610208333333276,21.355423,Calibration,2013,2013-01-28,-0.005929980590303917,exper2_07
21.7858333333333,21.590569,Calibration,2013,2013-01-29,-0.004501636429224195,exper2_07
22.247083333333308,21.783487,Calibration,2013,2013-01-30,-0.010528957642580264,exper2_07
22.449583333333294,21.89829,Calibration,2013,2013-01-31,-0.012431096462080082,exper2_07
22.711562500000014,22.01517,Calibration,2013,2013-02-01,-0.015569958517675597,exper2_07
22.404999999999973,22.059935,Calibration,2013,2013-02-02,-0.007760393372674606,exper2_07
22.32229166666673,22.175264,Calibration,2013,2013-02-03,-0.003304165920101279,exper2_07
22.40281250000004,21.929165,Calibration,2013,2013-02-04,-0.010684107532499454,exper2_07
21.871041666666713,21.505163,Calibration,2013,2013-02-05,-0.008435004286417365,exper2_07
21.18947916666673,21.271017,Calibration,2013,2013-02-06,0.001920323951348819,exper2_07
21.140937500000007,21.326874,Calibration,2013,2013-02-07,0.00437828731210154,exper2_07
21.509583333333296,21.58938,Calibration,2013,2013-02-08,0.0018514814345406947,exper2_07
21.468125000000043,21.75877,Calibration,2013,2013-02-09,0.006723707291201398,exper2_07
22.577708333333305,21.88663,Calibration,2013,2013-02-10,-0.015542326019891485,exper2_07
22.763750000000016,21.99698,Calibration,2013,2013-02-11,-0.017130402508132064,exper2_07
22.720833333333303,22.044132,Calibration,2013,2013-02-12,-0.01511675686803761,exper2_07
23.050208333333273,21.965612,Calibration,2013,2013-02-13,-0.024093660937166382,exper2_07
22.373229166666704,21.813658,Calibration,2013,2013-02-14,-0.012663743589074461,exper2_07
22.0123958333333,21.907858,Calibration,2013,2013-02-15,-0.0023801761046896145,exper2_07
22.166666666666686,22.063675,Calibration,2013,2013-02-16,-0.0023285314152804186,exper2_07
22.307708333333323,22.228258,Calibration,2013,2013-02-17,-0.0017839559058167012,exper2_07
22.647083333333285,22.36072,Calibration,2013,2013-02-18,-0.0063625334579720935,exper2_07
22.546458333333305,21.983513,Calibration,2013,2013-02-19,-0.012641945179761931,exper2_07
22.784270833333323,22.239517,Calibration,2013,2013-02-20,-0.012099240092188645,exper2_07
22.79927083333331,22.35602,Calibration,2013,2013-02-21,-0.009816144501694768,exper2_07
23.088854166666692,22.282492,Calibration,2013,2013-02-22,-0.017772505258307085,exper2_07
22.37031250000001,22.129852,Calibration,2013,2013-02-23,-0.005403580103271356,exper2_07
22.2922916666667,22.107466,Calibration,2013,2013-02-24,-0.004162768749805474,exper2_07
22.04270833333328,22.094255,Calibration,2013,2013-02-25,0.0011678898963351622,exper2_07
21.720520833333296,22.139286,Calibration,2013,2013-02-26,0.009547812399717841,exper2_07
22.159687500000018,22.163725,Calibration,2013,2013-02-27,9.108954102185707e-05,exper2_07
22.112916666666706,22.263071,Calibration,2013,2013-02-28,0.003383685664378236,exper2_07
22.098749999999995,22.572601,Calibration,2013,2013-03-01,0.010607499087779611,exper2_07
22.13958333333329,22.689327,Calibration,2013,2013-03-02,0.012263155620473197,exper2_07
22.53687500000001,22.751345,Calibration,2013,2013-03-03,0.004735661553883383,exper2_07
22.52781250000004,22.538393,Calibration,2013,2013-03-04,0.00023477726841237436,exper2_07
22.0773958333333,22.271795,Calibration,2013,2013-03-05,0.004383381853087426,exper2_07
21.649999999999977,21.696184,Calibration,2013,2013-03-06,0.0010654722952434974,exper2_07
21.481250000000045,21.954453,Calibration,2013,2013-03-07,0.01089432165829036,exper2_07
21.501562499999977,21.964426,Calibration,2013,2013-03-08,0.010648867222163067,exper2_07
21.75968750000004,21.896467,Calibration,2013,2013-03-09,0.0031331139852887003,exper2_07
21.215729166666677,21.830053,Calibration,2013,2013-03-10,0.014271413531773148,exper2_07
21.511666666666713,21.880936,Calibration,2013,2013-03-11,0.008509952904473372,exper2_07
21.496875000000045,21.817839,Calibration,2013,2013-03-12,0.00741003787482537,exper2_07
21.368333333333283,21.805676,Calibration,2013,2013-03-13,0.010129755957572395,exper2_07
21.215937499999995,21.390156,Calibration,2013,2013-03-14,0.004089046396283386,exper2_07
21.1008333333333,21.196392,Calibration,2013,2013-03-15,0.0022592197267260294,exper2_07
21.048437499999977,21.489702,Calibration,2013,2013-03-16,0.010373390270165466,exper2_07
20.939062499999977,21.195127,Calibration,2013,2013-03-17,0.006077368219503829,exper2_07
20.746875000000045,20.99914,Calibration,2013,2013-03-18,0.00604284713310086,exper2_07
21.069930555416704,20.99426,Calibration,2013,2013-03-19,-0.0017989117355216811,exper2_07
20.876250000000027,20.676735,Calibration,2013,2013-03-20,-0.004801461941831924,exper2_07
20.456458333333273,20.535315,Calibration,2013,2013-03-21,0.0019237086136422493,exper2_07
20.470000000000027,20.301931,Calibration,2013,2013-03-22,-0.004122164760922571,exper2_07
20.3125,20.293165,Calibration,2013,2013-03-23,-0.0004761599888167929,exper2_07
20.237291666666692,20.256088,Calibration,2013,2013-03-24,0.0004641892132678062,exper2_07
20.16510416666671,20.309023,Calibration,2013,2013-03-25,0.003555820648741333,exper2_07
20.3125,20.431704,Calibration,2013,2013-03-26,0.0029256570767762506,exper2_07
20.679062500000043,20.509624,Calibration,2013,2013-03-27,-0.00411370284457487,exper2_07
20.618333333333283,20.559008,Calibration,2013,2013-03-28,-0.0014407362707484618,exper2_07
20.64625000000001,20.628675,Calibration,2013,2013-03-29,-0.00042579214834110083,exper2_07
20.319791666666674,20.32042,Calibration,2013,2013-03-30,1.5443936969226975e-05,exper2_07
20.13375000000002,20.325224,Calibration,2013,2013-03-31,0.004732545197393236,exper2_07
20.210416666666674,20.276777,Calibration,2013,2013-04-01,0.0016390516195653542,exper2_07
20.501666666666722,20.55186,Calibration,2013,2013-04-02,0.0012226511519333435,exper2_07
20.5657291666667,20.277199,Calibration,2013,2013-04-03,-0.0070643900813940706,exper2_07
20.362708333333273,20.021826,Calibration,2013,2013-04-04,-0.008440918047575666,exper2_07
20.123437500000023,19.459398,Calibration,2013,2013-04-05,-0.016775938798599066,exper2_07
19.56927083333329,19.329313,Calibration,2013,2013-04-06,-0.006168799215082838,exper2_07
19.100208333333285,18.876379,Calibration,2013,2013-04-07,-0.005893876620091035,exper2_07
18.862916666666706,18.688757,Calibration,2013,2013-04-08,-0.004637868493669846,exper2_07
19.112187500000005,18.574148,Calibration,2013,2013-04-09,-0.014276774651032775,exper2_07
18.753020833333323,18.511263,Calibration,2013,2013-04-10,-0.006487658301112963,exper2_07
18.368749999999977,18.627522,Calibration,2013,2013-04-11,0.0069945295646463845,exper2_07
18.152291666666713,18.344545,Calibration,2013,2013-04-12,0.005267681074653849,exper2_07
18.146562500000016,18.553246,Calibration,2013,2013-04-13,0.01108133982448066,exper2_07
18.38177083333329,18.319645,Calibration,2013,2013-04-14,-0.0016927386605141545,exper2_07
17.98416666666668,18.408913,Calibration,2013,2013-04-15,0.011671064935930533,exper2_07
17.834583333333285,18.04096,Calibration,2013,2013-04-16,0.005752581217925155,exper2_07
17.721562500000005,17.911528,Calibration,2013,2013-04-17,0.005331143971920191,exper2_07
17.723958333333314,17.861193,Calibration,2013,2013-04-18,0.0038565066022252775,exper2_07
17.753020833333323,17.62898,Calibration,2013,2013-04-19,-0.0035057427953040323,exper2_07
17.710000000000036,17.9596,Calibration,2013,2013-04-20,0.0069975678300063385,exper2_07
17.37302083333327,17.258108,Calibration,2013,2013-04-21,-0.003318190821525407,exper2_07
17.25677083333329,17.406832,Calibration,2013,2013-04-22,0.0043290626724813465,exper2_07
17.214999999999975,17.277468,Calibration,2013,2013-04-23,0.0018110541743309963,exper2_07
17.121145833333287,17.159307,Calibration,2013,2013-04-24,0.0011132188415497442,exper2_07
17.00239583333331,17.035435,Calibration,2013,2013-04-25,0.0009706520370767294,exper2_07
16.942395833333308,16.91452,Calibration,2013,2013-04-26,-0.0008233345760601717,exper2_07
16.805520833333276,16.907557,Calibration,2013,2013-04-27,0.0030265911168238287,exper2_07
16.729479166666692,16.926155,Calibration,2013,2013-04-28,0.005843774096292357,exper2_07
16.755208333333314,16.978256,Calibration,2013,2013-04-29,0.006612065946059146,exper2_07
16.7272916666667,16.93728,Calibration,2013,2013-04-30,0.006237684715987129,exper2_07
16.77437500000002,16.764029,Calibration,2013,2013-05-01,-0.00030849562623063684,exper2_07
16.65812500000004,16.653536,Calibration,2013,2013-05-02,-0.00013776428398981657,exper2_07
16.61031250000002,16.606161,Calibration,2013,2013-05-03,-0.00012497962589609957,exper2_07
16.664479166666695,16.49647,Calibration,2013,2013-05-04,-0.0050664916340787455,exper2_07
16.513125000000002,16.358372,Calibration,2013,2013-05-05,-0.004707825342734721,exper2_07
16.45166666666671,16.14005,Calibration,2013,2013-05-06,-0.009561195358358143,exper2_07
16.11614583333329,16.021593,Calibration,2013,2013-05-07,-0.0029421092652283697,exper2_07
15.871875000000045,15.875604,Calibration,2013,2013-05-08,0.00011744793595457865,exper2_07
15.817187500000045,15.82959,Calibration,2013,2013-05-09,0.00039189910603658595,exper2_07
15.659062500000005,15.637604,Calibration,2013,2013-05-10,-0.0006856557837908275,exper2_07
15.42333333333329,15.505539,Calibration,2013,2013-05-11,0.00265789215878179,exper2_07
14.948125000000005,15.40159,Calibration,2013,2013-05-12,0.01494133773912067,exper2_07
14.918541666666727,15.467024,Calibration,2013,2013-05-13,0.018050747896364995,exper2_07
15.265937500000007,15.455731,Calibration,2013,2013-05-14,0.006177850968139637,exper2_07
15.282500000000027,15.3863945,Calibration,2013,2013-05-15,0.0033876180548312014,exper2_07
15.05052083333328,15.357063,Calibration,2013,2013-05-16,0.010081118540873317,exper2_07
14.955729166666686,15.406154,Calibration,2013,2013-05-17,0.014835196964512852,exper2_07
14.749895833333312,14.960203,Calibration,2013,2013-05-18,0.007078648153072937,exper2_07
14.798437499999977,15.047307,Calibration,2013,2013-05-19,0.008338525927699188,exper2_07
14.7688541666667,14.895586,Calibration,2013,2013-05-20,0.004272180643096097,exper2_07
14.846041666666679,14.666577,Calibration,2013,2013-05-21,-0.006080935326641416,exper2_07
14.611458333333303,14.540407,Calibration,2013,2013-05-22,-0.002437276355873597,exper2_07
14.554270833333305,14.437622,Calibration,2013,2013-05-23,-0.00402349592724028,exper2_07
14.403958333333321,14.308617,Calibration,2013,2013-05-24,-0.0033205553749291773,exper2_07
14.339375000000018,14.097651,Calibration,2013,2013-05-25,-0.008500343040740918,exper2_07
14.137604166666677,14.09871,Calibration,2013,2013-05-26,-0.0013774498411747672,exper2_07
14.08354166666669,14.121837,Calibration,2013,2013-05-27,0.0013577196228022892,exper2_07
13.979166666666686,13.9851675,Calibration,2013,2013-05-28,0.0002145889350972132,exper2_07
13.417604166666706,13.327532,Calibration,2013,2013-05-29,-0.0033678031083739617,exper2_07
12.88250000000005,13.042878,Calibration,2013,2013-05-30,0.006186145097138205,exper2_07
12.674374999999998,12.842837,Calibration,2013,2013-05-31,0.006601909780593646,exper2_07
12.559895833333314,12.843367,Calibration,2013,2013-06-01,0.011158834030849333,exper2_07
12.465625000000045,12.783497,Calibration,2013,2013-06-02,0.012589422257677082,exper2_07
12.431458333333296,12.745636,Calibration,2013,2013-06-03,0.012478709775078358,exper2_07
12.30229166666669,12.801392,Calibration,2013,2013-06-04,0.019881542065480987,exper2_07
12.257708333333312,12.636898,Calibration,2013,2013-06-05,0.015231801689887447,exper2_07
12.092187500000023,12.62088,Calibration,2013,2013-06-06,0.021393241621549527,exper2_07
11.716458333333321,12.488989,Calibration,2013,2013-06-07,0.031915565794654446,exper2_07
11.685312500000009,12.430495,Calibration,2013,2013-06-08,0.030900178401474993,exper2_07
11.588020833333303,12.391826,Calibration,2013,2013-06-09,0.033520016165215855,exper2_07
11.471458333333317,12.299835,Calibration,2013,2013-06-10,0.03484778270085533,exper2_07
11.47416666666669,12.285729,Calibration,2013,2013-06-11,0.03415683044395774,exper2_07
11.591458333333321,12.316499,Calibration,2013,2013-06-12,0.030326322753291925,exper2_07
11.505625000000009,12.301571,Calibration,2013,2013-06-13,0.033432996306392924,exper2_07
11.55104166666672,12.321744,Calibration,2013,2013-06-14,0.03228371880720442,exper2_07
11.522708333333298,12.251681,Calibration,2013,2013-06-15,0.03066211183026301,exper2_07
11.552500000000009,12.210791,Calibration,2013,2013-06-16,0.027701998190818523,exper2_07
,12.108286,Calibration,2013,2013-06-17,,exper2_07
11.589999999999975,12.09422,Calibration,2013,2013-06-18,0.021289287044332226,exper2_07
11.773854166666695,12.111786,Calibration,2013,2013-06-19,0.014147903142735785,exper2_07
11.797916666666708,12.16775,Calibration,2013,2013-06-20,0.015431812998370056,exper2_07
11.584583333333285,12.009865,Calibration,2013,2013-06-21,0.01802464169807409,exper2_07
11.017604166666729,11.769229,Calibration,2013,2013-06-22,0.03298504733911536,exper2_07
10.627708333333317,11.4716625,Calibration,2013,2013-06-23,0.03818905947947684,exper2_07
10.442187500000045,11.179626,Calibration,2013,2013-06-24,0.03410624871912925,exper2_07
10.363125000000025,11.07435,Calibration,2013,2013-06-25,0.03317673117798148,exper2_07
10.748749999999973,10.912035,Calibration,2013,2013-06-26,0.007538276590195913,exper2_07
10.640000000000043,11.0048275,Calibration,2013,2013-06-27,0.016855181654826867,exper2_07
12.705000000000041,10.769944,Calibration,2013,2013-06-28,-0.08243068836622157,exper2_07
9.806875000000048,10.512606,Calibration,2013,2013-06-29,0.034731727580832664,exper2_07
9.733181818181833,10.451826,Calibration,2013,2013-06-30,0.035602873205178326,exper2_07
9.576847826086919,10.374571,Calibration,2013,2013-07-01,0.039983273047367776,exper2_07
9.537500000000023,10.3194685,Calibration,2013,2013-07-02,0.039380054327006676,exper2_07
9.554239130434837,10.291199,Calibration,2013,2013-07-03,0.037134962967270015,exper2_07
9.620568181818157,10.289158,Calibration,2013,2013-07-04,0.03358105902409821,exper2_07
9.77760869565219,10.273575,Calibration,2013,2013-07-05,0.024735005434321992,exper2_07
10.199021739130444,10.276683,Calibration,2013,2013-07-06,0.003792842107884493,exper2_07
10.163586956521726,10.283263,Calibration,2013,2013-07-07,0.005853040884348456,exper2_07
10.092613636363637,10.284271,Calibration,2013,2013-07-08,0.0094056380566221,exper2_07
9.962159090909097,10.005368,Calibration,2013,2013-07-09,0.002163970586723873,exper2_07
9.88131578947366,9.975785,Calibration,2013,2013-07-10,0.004757465137777698,exper2_07
9.779545454545428,9.734278,Calibration,2013,2013-07-11,-0.0023197775704271754,exper2_07
9.600952380952435,9.650506,Calibration,2013,2013-07-12,0.0025740199837767995,exper2_07
9.598804347826103,9.535169,Calibration,2013,2013-07-13,-0.0033257964811933974,exper2_07
9.504891304347836,9.555056,Calibration,2013,2013-07-14,0.002631923065783855,exper2_07
9.259062500000027,9.423294,Calibration,2013,2013-07-15,0.008790730804780478,exper2_07
8.84886363636366,9.340945,Calibration,2013,2013-07-16,0.027052599107154702,exper2_07
8.774456521739125,9.163485,Calibration,2013,2013-07-17,0.021687441694817886,exper2_07
8.75631578947366,9.156378,Calibration,2013,2013-07-18,0.022333994664571307,exper2_07
8.784239130434798,9.273907,Calibration,2013,2013-07-19,0.027116160303295236,exper2_07
8.989409722375001,9.312237,Calibration,2013,2013-07-20,0.017639236085556897,exper2_07
9.264270833333342,9.352959,Calibration,2013,2013-07-21,0.0047637510085039815,exper2_07
9.223333333333358,9.3577795,Calibration,2013,2013-07-22,0.007235636031085834,exper2_07
9.115729166666654,9.43802,Calibration,2013,2013-07-23,0.01737064499686142,exper2_07
9.028125000000045,9.52517,Calibration,2013,2013-07-24,0.026790137142380318,exper2_07
9.210416666666674,9.603796,Calibration,2013,2013-07-25,0.020908626124416747,exper2_07
9.041041666666672,9.621487,Calibration,2013,2013-07-26,0.03110216294774685,exper2_07
9.050833333333344,9.787616,Calibration,2013,2013-07-27,0.03911056788433874,exper2_07
9.20854166666669,9.838346,Calibration,2013,2013-07-28,0.03306597317225648,exper2_07
9.165937500000041,9.88904,Calibration,2013,2013-07-29,0.03794822080167083,exper2_07
9.418229166666663,9.877706,Calibration,2013,2013-07-30,0.02381208340219844,exper2_07
9.541041666666672,9.979148,Calibration,2013,2013-07-31,0.022443749465668,exper2_07
9.363541666666663,10.008928,Calibration,2013,2013-08-01,0.0333146281000303,exper2_07
9.20739583333335,10.071056,Calibration,2013,2013-08-02,0.04479926727026348,exper2_07
9.315208333333317,10.145414,Calibration,2013,2013-08-03,0.042660814738039135,exper2_07
9.455104166666672,10.252156,Calibration,2013,2013-08-04,0.040444591171083226,exper2_07
9.961562500000014,10.359332,Calibration,2013,2013-08-05,0.01957441307510656,exper2_07
10.060729166666704,10.497382,Calibration,2013,2013-08-06,0.021239937380987478,exper2_07
10.102187500000014,10.708995,Calibration,2013,2013-08-07,0.029157755420269396,exper2_07
10.377916666666692,10.664037,Calibration,2013,2013-08-08,0.013597600871473674,exper2_07
10.7545833333333,10.721868,Calibration,2013,2013-08-09,-0.0015233323305333722,exper2_07
10.621875000000045,10.580222,Calibration,2013,2013-08-10,-0.0019645636902437006,exper2_07
10.365937499999973,10.586217,Calibration,2013,2013-08-11,0.010513449934071828,exper2_07
10.482083333333321,10.536017,Calibration,2013,2013-08-12,0.002566077935048867,exper2_07
10.459375000000023,10.582733,Calibration,2013,2013-08-13,0.0058624427453891756,exper2_07
10.518750000000011,10.95556,Calibration,2013,2013-08-14,0.020341037081567565,exper2_07
10.479687500000011,11.009578,Calibration,2013,2013-08-15,0.02465836988684668,exper2_07
10.561770833333298,11.051659,Calibration,2013,2013-08-16,0.022665898434141043,exper2_07
10.5813541666667,10.910713,Calibration,2013,2013-08-17,0.01532467880261979,exper2_07
10.656145833333312,11.052384,Calibration,2013,2013-08-18,0.01825266562784662,exper2_07
10.8046875,11.265789,Calibration,2013,2013-08-19,0.020892232721583408,exper2_07
10.79833333333329,11.090245,Calibration,2013,2013-08-20,0.013336266331049125,exper2_07
10.8014583333333,10.955767,Calibration,2013,2013-08-21,0.007092280584669403,exper2_07
10.766145833333326,10.917164,Calibration,2013,2013-08-22,0.0069647123874049385,exper2_07
10.989062500000045,10.974913,Calibration,2013,2013-08-23,-0.0006442302213066912,exper2_07
11.067291666666677,11.039502,Calibration,2013,2013-08-24,-0.001257058035868628,exper2_07
11.115312500000016,10.9735565,Calibration,2013,2013-08-25,-0.006417530083874056,exper2_07
11.057708333333323,11.154584,Calibration,2013,2013-08-26,0.004361350754942292,exper2_07
11.179166666666674,11.326419,Calibration,2013,2013-08-27,0.006542918410092949,exper2_07
11.188645833333283,11.306948,Calibration,2013,2013-08-28,0.005258891016969612,exper2_07
11.264479166666717,11.136914,Calibration,2013,2013-08-29,-0.0056945079728176395,exper2_07
11.183020833333273,11.01727,Calibration,2013,2013-08-30,-0.007466151940231258,exper2_07
10.994375000000048,11.011977,Calibration,2013,2013-08-31,0.0007998688552801564,exper2_07
10.887708333333308,11.004289,Calibration,2013,2013-09-01,0.005325249223801288,exper2_07
10.851354166666681,10.971996,Calibration,2013,2013-09-02,0.005528121855068834,exper2_07
10.999791666666681,10.882849,Calibration,2013,2013-09-03,-0.005344095816199562,exper2_07
11.50416666666672,11.149157,Calibration,2013,2013-09-04,-0.01567143559982047,exper2_07
11.027812500000039,10.608905,Calibration,2013,2013-09-05,-0.01936096196493858,exper2_07
10.775416666666729,10.989426,Calibration,2013,2013-09-06,0.009832783959974589,exper2_07
10.775208333333296,11.216508,Calibration,2013,2013-09-07,0.02006662751702502,exper2_07
10.886874999999975,11.506008,Calibration,2013,2013-09-08,0.027648657124499678,exper2_07
11.051562500000045,11.375164,Calibration,2013,2013-09-09,0.01442928068529718,exper2_07
11.194375000000036,11.868729,Calibration,2013,2013-09-10,0.029239500818661845,exper2_07
11.341770833333271,11.720101,Calibration,2013,2013-09-11,0.016405022110033102,exper2_07
11.399270833333276,11.830183,Calibration,2013,2013-09-12,0.018550250832070292,exper2_07
11.57270833333331,11.963314,Calibration,2013,2013-09-13,0.016596080535410253,exper2_07
12.090208333333294,12.437925,Calibration,2013,2013-09-14,0.014176252056537296,exper2_07
11.983437500000036,12.368863,Calibration,2013,2013-09-15,0.01582707161895433,exper2_07
12.314999999999998,12.394573,Calibration,2013,2013-09-16,0.0032203393797325098,exper2_07
12.344166666666695,12.288167,Calibration,2013,2013-09-17,-0.0022734210898578845,exper2_07
11.880833333333271,12.405931,Calibration,2013,2013-09-18,0.021620752851895363,exper2_07
12.185937500000023,12.819979,Calibration,2013,2013-09-19,0.02535564818195015,exper2_07
11.895000000000039,12.495665,Calibration,2013,2013-09-20,0.024626823684105455,exper2_07
11.973541666666677,12.44676,Calibration,2013,2013-09-21,0.019378077878119696,exper2_07
12.11302083333328,12.432947,Calibration,2013,2013-09-22,0.0130337628396873,exper2_07
12.428958333333298,13.035397,Calibration,2013,2013-09-23,0.02381518183968928,exper2_07
12.734270833333312,12.572388,Calibration,2013,2013-09-24,-0.006396859460428918,exper2_07
12.485104166666702,12.577653,Calibration,2013,2013-09-25,0.0036926809043888297,exper2_07
12.792500000000018,12.97752,Calibration,2013,2013-09-26,0.007179660283248971,exper2_07
12.957916666666677,13.209094,Calibration,2013,2013-09-27,0.009599009364232762,exper2_07
13.284166666666692,13.327232,Calibration,2013,2013-09-28,0.0016183175536407164,exper2_07
13.329479166666715,13.403149,Calibration,2013,2013-09-29,0.00275578910380471,exper2_07
13.385625000000005,13.574654,Calibration,2013,2013-09-30,0.007011375071976028,exper2_07
13.431458333333296,13.902916,Calibration,2013,2013-10-01,0.017247792698325885,exper2_07
13.86687500000005,14.193241,Calibration,2013,2013-10-02,0.011630961112069368,exper2_07
14.652291666666713,14.530161,Calibration,2013,2013-10-03,-0.00418507534418478,exper2_07
15.345000000000027,14.996513,Calibration,2013,2013-10-04,-0.011485473024667367,exper2_07
15.639687500000036,15.27685,Calibration,2013,2013-10-05,-0.011736041148483251,exper2_07
15.9094791666667,15.39628,Calibration,2013,2013-10-06,-0.016393113819907476,exper2_07
15.823229166666692,15.58036,Calibration,2013,2013-10-07,-0.007733789586570108,exper2_07
16.02312500000005,15.3547945,Calibration,2013,2013-10-08,-0.021299388498133145,exper2_07
15.381458333333285,15.133455,Calibration,2013,2013-10-09,-0.008127273765710303,exper2_07
15.10697916666669,15.087554,Calibration,2013,2013-10-10,-0.0006433346264151246,exper2_07
15.185000000000002,14.885391,Calibration,2013,2013-10-11,-0.00996358053021311,exper2_07
15.031770833333326,15.014906,Calibration,2013,2013-10-12,-0.0005612901520184298,exper2_07
14.717812500000036,15.02253,Calibration,2013,2013-10-13,0.010245917851420155,exper2_07
14.746458333333294,14.780296,Calibration,2013,2013-10-14,0.001146011227480646,exper2_07
14.741458333333298,14.538143,Calibration,2013,2013-10-15,-0.006943918804181121,exper2_07
14.598749999999995,14.637698,Calibration,2013,2013-10-16,0.0013321787000866246,exper2_07
14.586041666666688,14.806524,Calibration,2013,2013-10-17,0.0075013052787321725,exper2_07
14.681875000000048,15.378208,Calibration,2013,2013-10-18,0.023164711710367297,exper2_07
14.977604166666708,15.897297,Calibration,2013,2013-10-19,0.02978771451609399,exper2_07
15.316250000000025,16.273726,Calibration,2013,2013-10-20,0.030309472995673513,exper2_07
16.602708333333283,16.515049,Calibration,2013,2013-10-21,-0.0026468988159174998,exper2_07
16.593645833333312,16.478458,Calibration,2013,2013-10-22,-0.0034829180497194766,exper2_07
16.026354166666692,16.49081,Calibration,2013,2013-10-23,0.014283417201084319,exper2_07
16.326874999999973,16.792965,Calibration,2013,2013-10-24,0.01407283175924871,exper2_07
16.387812499999995,16.58498,Calibration,2013,2013-10-25,0.005979703142238793,exper2_07
16.291250000000048,16.41584,Calibration,2013,2013-10-26,0.0038092703557068134,exper2_07
16.33250000000004,16.395142,Calibration,2013,2013-10-27,0.001914027363324298,exper2_07
16.191562499999975,16.286509,Calibration,2013,2013-10-28,0.002923389754420994,exper2_07
16.37156250000004,16.21329,Calibration,2013,2013-10-29,-0.0048572643600568195,exper2_07
16.33041666666668,16.462358,Calibration,2013,2013-10-30,0.004023502356718845,exper2_07
16.356875000000002,16.523653,Calibration,2013,2013-10-31,0.005072243068643305,exper2_07
16.308645833333287,16.492277,Calibration,2013,2013-11-01,0.005598358075825902,exper2_07
16.514791666666724,16.541937,Calibration,2013,2013-11-02,0.0008211704219069921,exper2_07
16.479270833333317,17.08343,Calibration,2013,2013-11-03,0.018000890874587637,exper2_07
17.065833333333273,17.218193,Calibration,2013,2013-11-04,0.004444043973824249,exper2_07
16.72187500000001,17.302307,Calibration,2013,2013-11-05,0.017059399891147277,exper2_07
16.423645833333296,16.707567,Calibration,2013,2013-11-06,0.00856960417412486,exper2_07
16.60010416666671,16.800081,Calibration,2013,2013-11-07,0.005987304677266454,exper2_07
16.61697916666668,16.941053,Calibration,2013,2013-11-08,0.009657128238497127,exper2_07
17.062916666666695,17.54005,Calibration,2013,2013-11-09,0.013788812893879107,exper2_07
17.570208333333312,18.056381,Calibration,2013,2013-11-10,0.013646349489854838,exper2_07
18.4211458333333,18.507751,Calibration,2013,2013-11-11,0.002345199500845283,exper2_07
18.49312500000002,18.35061,Calibration,2013,2013-11-12,-0.003868073205183229,exper2_07
17.690937500000018,18.225054,Calibration,2013,2013-11-13,0.014871266755800541,exper2_07
17.492708333333326,18.31013,Calibration,2013,2013-11-14,0.02283117454976337,exper2_07
18.036979166666697,18.45079,Calibration,2013,2013-11-15,0.011341094384814634,exper2_07
18.433229166666706,18.883677,Calibration,2013,2013-11-16,0.012070865841298881,exper2_07
18.722083333333273,19.190706,Calibration,2013,2013-11-17,0.012360549693942144,exper2_07
19.979895833333273,19.385822,Calibration,2013,2013-11-18,-0.01509113933186122,exper2_07
19.99416666666673,19.303968,Calibration,2013,2013-11-19,-0.017563129533021384,exper2_07
19.776145833333317,19.422794,Calibration,2013,2013-11-20,-0.009014312369452389,exper2_07
19.73239583333327,19.563923,Calibration,2013,2013-11-21,-0.004287245135435861,exper2_07
19.87395833333329,19.71879,Calibration,2013,2013-11-22,-0.003919108557272716,exper2_07
20.218229166666674,19.882538,Calibration,2013,2013-11-23,-0.00837119461577753,exper2_07
20.604166666666686,20.11058,Calibration,2013,2013-11-24,-0.012123032988147013,exper2_07
21.237395833333323,20.442884,Calibration,2013,2013-11-25,-0.019062045236588176,exper2_07
21.412395833333278,20.938217,Calibration,2013,2013-11-26,-0.011196500751652232,exper2_07
21.443229166666697,20.833988,Calibration,2013,2013-11-27,-0.014410621489915128,exper2_07
21.105520833333287,20.596184,Calibration,2013,2013-11-28,-0.012213818625375203,exper2_07
20.753333333333273,20.792212,Calibration,2013,2013-11-29,0.000935797072465074,exper2_07
20.524791666666715,20.254017,Calibration,2013,2013-11-30,-0.006640085871102289,exper2_07
20.144166666666706,19.772257,Calibration,2013,2013-12-01,-0.00931721288366388,exper2_07
20.036458333333314,19.493038,Calibration,2013,2013-12-02,-0.013747206613023429,exper2_07
20.337291666666715,20.133358,Calibration,2013,2013-12-03,-0.005039050932683377,exper2_07
20.022500000000036,19.912361,Calibration,2013,2013-12-04,-0.002757962637720126,exper2_07
19.776041666666686,19.722559,Calibration,2013,2013-12-05,-0.0013540401578237982,exper2_07
19.583229166666683,20.071592,Calibration,2013,2013-12-06,0.012315353992842946,exper2_07
19.873333333333278,20.372972,Calibration,2013,2013-12-07,0.012414534573262437,exper2_07
19.715416666666727,20.347013,Calibration,2013,2013-12-08,0.01576531440139986,exper2_07
19.718333333333305,20.160921,Calibration,2013,2013-12-09,0.011098195535320933,exper2_07
19.99531250000001,20.206764,Calibration,2013,2013-12-10,0.005259721348671869,exper2_07
19.885520833333317,20.48316,Calibration,2013,2013-12-11,0.01480452600804292,exper2_07
20.243854166666722,20.798578,Calibration,2013,2013-12-12,0.01351586791601747,exper2_07
21.115833333333285,21.037382,Calibration,2013,2013-12-13,-0.001861096635789223,exper2_07
21.52583333333331,21.283312,Calibration,2013,2013-12-14,-0.005665179448394479,exper2_07
22.33572916666668,21.490116,Calibration,2013,2013-12-15,-0.019294848547987978,exper2_07
23.05437500000005,21.70756,Calibration,2013,2013-12-16,-0.030088409424173915,exper2_07
23.317291666666677,21.745451,Calibration,2013,2013-12-17,-0.034881159047663014,exper2_07
23.386354166666706,21.634644,Calibration,2013,2013-12-18,-0.03890874704334552,exper2_07
22.31343750000002,21.632929,Calibration,2013,2013-12-19,-0.015484981086730057,exper2_07
21.6796875,21.62396,Calibration,2013,2013-12-20,-0.001286889386578321,exper2_07
22.18208333333331,21.838333,Calibration,2013,2013-12-21,-0.007808881220779414,exper2_07
22.189999999999998,22.098309,Calibration,2013,2013-12-22,-0.0020703305170632976,exper2_07
22.189999999999998,22.030214,Calibration,2013,2013-12-23,-0.0036134083201987644,exper2_07
22.189999999999998,22.216526,Calibration,2013,2013-12-24,0.0005973453423339178,exper2_07
22.189999999999998,22.263773,Calibration,2013,2013-12-25,0.0016595433763629559,exper2_07
22.189999999999998,22.12221,Calibration,2013,2013-12-26,-0.0015298368494786206,exper2_07
22.189999999999998,22.300848,Calibration,2013,2013-12-27,0.0024914788583981747,exper2_07
22.189999999999998,22.429113,Calibration,2013,2013-12-28,0.005358990125642073,exper2_07
22.189999999999998,22.46238,Calibration,2013,2013-12-29,0.006099998676161332,exper2_07
22.189999999999998,22.346167,Calibration,2013,2013-12-30,0.003506512181050484,exper2_07
22.189999999999998,22.07789,Calibration,2013,2013-12-31,-0.0025325264628301447,exper2_07
22.189999999999998,22.283272,Calibration,2014,2014-01-01,0.0020972549533155374,exper2_07
22.189999999999998,22.326414,Calibration,2014,2014-01-02,0.0030643552722951183,exper2_07
22.189999999999998,22.369152,Calibration,2014,2014-01-03,0.004020544843717234,exper2_07
22.189999999999998,22.375479,Calibration,2014,2014-01-04,0.0041619376641320255,exper2_07
22.189999999999998,22.569149,Calibration,2014,2014-01-05,0.008470871892295197,exper2_07
22.189999999999998,22.370207,Calibration,2014,2014-01-06,0.004044120207107086,exper2_07
22.189999999999998,22.323893,Calibration,2014,2014-01-07,0.003007883282795451,exper2_07
22.189999999999998,22.202166,Calibration,2014,2014-01-08,0.00027404843787798186,exper2_07
22.189999999999998,22.0483,Calibration,2014,2014-01-09,-0.0032031115853405337,exper2_07
22.189999999999998,22.105442,Calibration,2014,2014-01-10,-0.0019089538104373998,exper2_07
22.189999999999998,22.288496,Calibration,2014,2014-01-11,0.0022144637583384375,exper2_07
22.189999999999998,22.314907,Calibration,2014,2014-01-12,0.002806591052240491,exper2_07
22.189999999999998,21.861256,Calibration,2014,2014-01-13,-0.007462769208935065,exper2_07
22.189999999999998,22.143599,Calibration,2014,2014-01-14,-0.001046642839567564,exper2_07
22.189999999999998,22.14735,Calibration,2014,2014-01-15,-0.0009619358942577787,exper2_07
22.121666666666727,21.869827,Calibration,2014,2014-01-16,-0.005724729342417259,exper2_07
20.849687500000016,21.662989,Calibration,2014,2014-01-17,0.019130791945601192,exper2_07
20.72458333333327,21.406845,Calibration,2014,2014-01-18,0.016193653643544716,exper2_07
21.078229166666688,21.708658,Calibration,2014,2014-01-19,0.014734164839889005,exper2_07
21.531770833333326,22.195255,Calibration,2014,2014-01-20,0.015173326548551705,exper2_07
20.910104166666713,21.171259,Calibration,2014,2014-01-21,0.006205948204371935,exper2_07
20.825416666666683,21.344168,Calibration,2014,2014-01-22,0.012301545067608664,exper2_07
20.813020833333326,21.22016,Calibration,2014,2014-01-23,0.009686126383510229,exper2_07
20.605624999999975,21.315008,Calibration,2014,2014-01-24,0.0169220526962517,exper2_07
21.254791666666677,21.57932,Calibration,2014,2014-01-25,0.00757642032068427,exper2_07
20.94635416666671,21.789457,Calibration,2014,2014-01-26,0.01972825892730044,exper2_07
20.747916666666697,21.106861,Calibration,2014,2014-01-27,0.008575949195380817,exper2_07
20.6438541666667,20.968214,Calibration,2014,2014-01-28,0.007794850926304652,exper2_07
20.930208333333326,21.206564,Calibration,2014,2014-01-29,0.006558537858479166,exper2_07
21.442187500000045,21.517904,Calibration,2014,2014-01-30,0.0017624911511145013,exper2_07
22.41900000000004,21.558905,Calibration,2014,2014-01-31,-0.01955744274449842,exper2_07
,21.337988,Calibration,2014,2014-02-01,,exper2_07
,21.11224,Calibration,2014,2014-02-02,,exper2_07
,21.266212,Calibration,2014,2014-02-03,,exper2_07
21.121818181818185,21.470484,Calibration,2014,2014-02-04,0.008186117726211702,exper2_07
21.09687500000001,21.707785,Calibration,2014,2014-02-05,0.014272036214432854,exper2_07
21.429166666666674,21.69829,Calibration,2014,2014-02-06,0.006240182615748564,exper2_07
21.081979166666713,21.99447,Calibration,2014,2014-02-07,0.021183069511706995,exper2_07
20.765000000000043,21.175512,Calibration,2014,2014-02-08,0.009787966126184806,exper2_07
20.916562499999998,21.215986,Calibration,2014,2014-02-09,0.007106708725235717,exper2_07
20.919166666666683,21.445631,Calibration,2014,2014-02-10,0.012426929649446791,exper2_07
20.871875000000045,21.139559,Calibration,2014,2014-02-11,0.006371689036817819,exper2_07
21.028229166666677,21.228634,Calibration,2014,2014-02-12,0.004742536466190632,exper2_07
20.615104166666697,20.869669,Calibration,2014,2014-02-13,0.0061363429209029575,exper2_07
20.51343750000001,20.730463,Calibration,2014,2014-02-14,0.005262002991375606,exper2_07
20.506145833333278,21.100874,Calibration,2014,2014-02-15,0.014293936863253531,exper2_07
21.16177083333332,21.264019,Calibration,2014,2014-02-16,0.0024100477442969806,exper2_07
21.18979166666668,21.403187,Calibration,2014,2014-02-17,0.00501010117443579,exper2_07
21.200520833333314,21.576883,Calibration,2014,2014-02-18,0.008798160855962972,exper2_07
21.611145833333296,21.570253,Calibration,2014,2014-02-19,-0.0009469924989295068,exper2_07
21.615625000000023,21.984426,Calibration,2014,2014-02-20,0.008458739972508664,exper2_07
21.9655555554167,22.077383,Calibration,2014,2014-02-21,0.0025390559651091303,exper2_07
22.135729166666692,21.986088,Calibration,2014,2014-02-22,-0.0033915504366156288,exper2_07
22.062395833333312,21.544558,Calibration,2014,2014-02-23,-0.011875130489300324,exper2_07
21.700416666666683,21.568155,Calibration,2014,2014-02-24,-0.0030567539438749835,exper2_07
21.587708333333296,21.618853,Calibration,2014,2014-02-25,0.0007208229801056078,exper2_07
21.789687500000014,21.639898,Calibration,2014,2014-02-26,-0.003449012857694022,exper2_07
21.591250000000002,21.716633,Calibration,2014,2014-02-27,0.0028951506004591264,exper2_07
21.757708333333312,21.69982,Calibration,2014,2014-02-28,-0.0013320768877982355,exper2_07
21.35395833333331,21.510754,Calibration,2014,2014-03-01,0.003657910926516615,exper2_07
21.42750000000001,21.304178,Calibration,2014,2014-03-02,-0.0028859564419248308,exper2_07
21.242083333333312,20.911367,Calibration,2014,2014-03-03,-0.007845524175828263,exper2_07
20.749375000000043,20.641743,Calibration,2014,2014-03-04,-0.002600371762486512,exper2_07
20.373645833333285,20.55617,Calibration,2014,2014-03-05,0.004459430735854543,exper2_07
20.0319791666667,20.574171,Calibration,2014,2014-03-06,0.013352457608195098,exper2_07
20.11083333333329,20.740606,Calibration,2014,2014-03-07,0.015416175786695257,exper2_07
20.483229166666717,20.812408,Calibration,2014,2014-03-08,0.007971284610649743,exper2_07
20.533333333333303,20.801819,Calibration,2014,2014-03-09,0.006495331458980963,exper2_07
20.34562500000004,20.847036,Calibration,2014,2014-03-10,0.012172346848183116,exper2_07
20.504479166666727,20.874456,Calibration,2014,2014-03-11,0.008941197588962052,exper2_07
20.46239583333329,20.859217,Calibration,2014,2014-03-12,0.009603227766232568,exper2_07
20.60010416666671,20.866331,Calibration,2014,2014-03-13,0.006420299504456996,exper2_07
20.762500000000045,20.818989,Calibration,2014,2014-03-14,0.0013585083574188005,exper2_07
20.48239583333327,20.338758,Calibration,2014,2014-03-15,-0.0035186992421338908,exper2_07
20.167395833333273,20.059752,Calibration,2014,2014-03-16,-0.002675912407926098,exper2_07
19.982500000000016,19.991636,Calibration,2014,2014-03-17,0.00022855468801037128,exper2_07
20.182708333333323,20.31051,Calibration,2014,2014-03-18,0.003156140837837835,exper2_07
20.61479166666669,20.455847,Calibration,2014,2014-03-19,-0.003870036750193624,exper2_07
20.84135416666669,20.54708,Calibration,2014,2014-03-20,-0.0071100802140622085,exper2_07
20.79833333333329,20.366373,Calibration,2014,2014-03-21,-0.010493461730291033,exper2_07
20.155104166666717,20.274118,Calibration,2014,2014-03-22,0.0029437681253919445,exper2_07
19.90593750000005,20.323845,Calibration,2014,2014-03-23,0.010388010688506415,exper2_07
20.00875000000002,20.070593,Calibration,2014,2014-03-24,0.001543011332141349,exper2_07
20.24197916666668,20.060495,Calibration,2014,2014-03-25,-0.004503043352461998,exper2_07
19.77927083333327,19.737022,Calibration,2014,2014-03-26,-0.0010691395870955306,exper2_07
19.572916666666686,19.799397,Calibration,2014,2014-03-27,0.005752261676409921,exper2_07
19.788437500000043,19.997568,Calibration,2014,2014-03-28,0.005256386691224835,exper2_07
19.953229166666688,20.070692,Calibration,2014,2014-03-29,0.0029348172818709516,exper2_07
20.149270833333276,20.193384,Calibration,2014,2014-03-30,0.0010934663867493111,exper2_07
20.2805208333333,20.381071,Calibration,2014,2014-03-31,0.00247285589685723,exper2_07
20.340729166666677,20.47228,Calibration,2014,2014-04-01,0.003223269656406297,exper2_07
20.262916666666683,20.247429,Calibration,2014,2014-04-02,-0.00038231647766381774,exper2_07
20.1328125,20.17048,Calibration,2014,2014-04-03,0.0009346191125420263,exper2_07
20.1022916666667,20.251993,Calibration,2014,2014-04-04,0.0037096807247587937,exper2_07
20.005312500000002,19.98454,Calibration,2014,2014-04-05,-0.0005194207750838671,exper2_07
19.685833333333278,19.904974,Calibration,2014,2014-04-06,0.0055351397276693325,exper2_07
19.658333333333303,19.999575,Calibration,2014,2014-04-07,0.008604622512315738,exper2_07
19.752812500000005,19.914934,Calibration,2014,2014-04-08,0.004086989354893588,exper2_07
19.7258333333333,19.803919,Calibration,2014,2014-04-09,0.0019753603520771767,exper2_07
19.839999999999975,19.557049,Calibration,2014,2014-04-10,-0.007182040559589755,exper2_07
19.66427083333332,19.342276,Calibration,2014,2014-04-11,-0.008254901884630645,exper2_07
19.42083333333329,19.169033,Calibration,2014,2014-04-12,-0.006525036399230149,exper2_07
19.3952083333333,19.001936,Calibration,2014,2014-04-13,-0.010242229773085768,exper2_07
19.192291666666677,18.412363,Calibration,2014,2014-04-14,-0.020740214745376344,exper2_07
15.980833333333294,18.250086,Calibration,2014,2014-04-15,0.06629247921978877,exper2_07
,18.55436,Calibration,2014,2014-04-16,,exper2_07
19.93900000000002,18.089228,Calibration,2014,2014-04-17,-0.048642086066944965,exper2_07
,17.68297,Calibration,2014,2014-04-18,,exper2_07
,17.682028,Calibration,2014,2014-04-19,,exper2_07
,17.57931,Calibration,2014,2014-04-20,,exper2_07
,17.425516,Calibration,2014,2014-04-21,,exper2_07
,17.217272,Calibration,2014,2014-04-22,,exper2_07
,17.314522,Calibration,2014,2014-04-23,,exper2_07
,16.973757,Calibration,2014,2014-04-24,,exper2_07
,17.031096,Calibration,2014,2014-04-25,,exper2_07
,16.861097,Calibration,2014,2014-04-26,,exper2_07
,17.010511,Calibration,2014,2014-04-27,,exper2_07
,16.633858,Calibration,2014,2014-04-28,,exper2_07
,16.489103,Calibration,2014,2014-04-29,,exper2_07
16.559375000000045,16.471027,Calibration,2014,2014-04-30,-0.002674736587565602,exper2_07
16.410312499999975,16.142412,Calibration,2014,2014-05-01,-0.008229735511171225,exper2_07
16.192291666666677,15.944229,Calibration,2014,2014-05-02,-0.007719022923816352,exper2_07
16.117604166666695,15.98755,Calibration,2014,2014-05-03,-0.0040508880622761295,exper2_07
16.008645833333276,16.069956,Calibration,2014,2014-05-04,0.0019112426758453045,exper2_07
16.13520833333331,16.159563,Calibration,2014,2014-05-05,0.0007541385242151846,exper2_07
15.724895833333278,16.153442,Calibration,2014,2014-05-06,0.013443189747644099,exper2_07
15.776458333333323,16.153051,Calibration,2014,2014-05-07,0.011794513803490227,exper2_07
15.754895833333308,16.130356,Calibration,2014,2014-05-08,0.011775350106487517,exper2_07
15.767916666666679,15.990853,Calibration,2014,2014-05-09,0.0070196875738905914,exper2_07
15.614895833333321,15.842447,Calibration,2014,2014-05-10,0.007233651193117649,exper2_07
15.482187500000009,15.824427,Calibration,2014,2014-05-11,0.010931848118427871,exper2_07
15.55437500000005,15.689701,Calibration,2014,2014-05-12,0.004331255626644844,exper2_07
15.255833333333271,15.633075,Calibration,2014,2014-05-13,0.012212844363372725,exper2_07
15.194375000000036,15.350634,Calibration,2014,2014-05-14,0.0051156843055284095,exper2_07
14.98020833333328,15.165942,Calibration,2014,2014-05-15,0.006161113625031391,exper2_07
14.669131944583285,14.930717,Calibration,2014,2014-05-16,0.00883739373231128,exper2_07
14.350520833333292,14.782978,Calibration,2014,2014-05-17,0.014843985136942937,exper2_07
14.2610416666667,14.52936,Calibration,2014,2014-05-18,0.009319708548896055,exper2_07
14.321458333333283,14.632837,Calibration,2014,2014-05-19,0.01075415427783779,exper2_07
14.311666666666724,14.565578,Calibration,2014,2014-05-20,0.008792798374872103,exper2_07
14.046250000000043,14.470814,Calibration,2014,2014-05-21,0.014888059827074075,exper2_07
13.906145833333312,14.446396,Calibration,2014,2014-05-22,0.01905473048118097,exper2_07
13.836770833333276,14.234152,Calibration,2014,2014-05-23,0.014156321525234924,exper2_07
13.67156250000005,14.210853,Calibration,2014,2014-05-24,0.019341585748833007,exper2_07
13.721666666666692,14.108784,Calibration,2014,2014-05-25,0.013909837959928945,exper2_07
13.664166666666688,13.974361,Calibration,2014,2014-05-26,0.011223273252540057,exper2_07
13.314791666666679,13.369604,Calibration,2014,2014-05-27,0.0020541010000139958,exper2_07
12.939583333333303,13.228358,Calibration,2014,2014-05-28,0.011035447105309746,exper2_07
12.7421875,13.005669,Calibration,2014,2014-05-29,0.010233129263371738,exper2_07
12.616770833333305,12.81565,Calibration,2014,2014-05-30,0.007819906502196255,exper2_07
12.435729166666704,12.877069,Calibration,2014,2014-05-31,0.017435460727903952,exper2_07
12.259166666666715,12.750578,Calibration,2014,2014-06-01,0.019648791619432438,exper2_07
12.036562500000002,12.542929,Calibration,2014,2014-06-02,0.020601166706320277,exper2_07
11.946145833333276,12.492093,Calibration,2014,2014-06-03,0.022339877055219216,exper2_07
11.963958333333323,12.443228,Calibration,2014,2014-06-04,0.019636406778818467,exper2_07
11.842916666666724,12.347816,Calibration,2014,2014-06-05,0.020871620459894255,exper2_07
11.879895833333308,12.284964,Calibration,2014,2014-06-06,0.01676267869224489,exper2_07
11.93510416666669,12.225729,Calibration,2014,2014-06-07,0.012028758284639209,exper2_07
11.8561458333333,12.323263,Calibration,2014,2014-06-08,0.019318806963786062,exper2_07
11.813854166666715,12.28937,Calibration,2014,2014-06-09,0.019728291177945872,exper2_07
11.797916666666708,12.289524,Calibration,2014,2014-06-10,0.020409283697096256,exper2_07
11.75875000000002,12.24759,Calibration,2014,2014-06-11,0.020362956772201787,exper2_07
11.82666666666671,12.007597,Calibration,2014,2014-06-12,0.007591184930187654,exper2_07
11.676666666666677,12.030779,Calibration,2014,2014-06-13,0.01493675130249541,exper2_07
11.597708333333287,11.965048,Calibration,2014,2014-06-14,0.015589835939641817,exper2_07
11.662395833333278,11.850853,Calibration,2014,2014-06-15,0.008014933818000775,exper2_07
11.434479166666677,11.85237,Calibration,2014,2014-06-16,0.01794536855476317,exper2_07
11.485520833333283,11.793694,Calibration,2014,2014-06-17,0.01323810607059688,exper2_07
11.54541666666671,11.823885,Calibration,2014,2014-06-18,0.011915987123776565,exper2_07
11.515520833333312,11.773691,Calibration,2014,2014-06-19,0.011085404861110017,exper2_07
11.386874999999975,11.707013,Calibration,2014,2014-06-20,0.013862461287734993,exper2_07
11.255520833333321,11.581331,Calibration,2014,2014-06-21,0.014266870866702286,exper2_07
11.210000000000036,11.544733,Calibration,2014,2014-06-22,0.014710480091626755,exper2_07
11.2734375,11.479027,Calibration,2014,2014-06-23,0.009035913287155067,exper2_07
11.287187500000016,11.458745,Calibration,2014,2014-06-24,0.007542337634469386,exper2_07
11.2734375,11.367151,Calibration,2014,2014-06-25,0.004139192728944754,exper2_07
11.301770833333308,11.220015,Calibration,2014,2014-06-26,-0.003630096802621667,exper2_07
11.571562500000027,11.275136,Calibration,2014,2014-06-27,-0.012974588259257945,exper2_07
11.444791666666674,11.202496,Calibration,2014,2014-06-28,-0.01069868055853711,exper2_07
11.302708333333271,10.972166,Calibration,2014,2014-06-29,-0.014839242909941526,exper2_07
11.350937500000043,10.867189,Calibration,2014,2014-06-30,-0.021772676637804696,exper2_07
11.246145833333287,10.706964,Calibration,2014,2014-07-01,-0.02456063444416807,exper2_07
11.219062500000007,10.798553,Calibration,2014,2014-07-02,-0.019098754099320745,exper2_07
11.003437500000018,10.404027,Calibration,2014,2014-07-03,-0.028000070500962173,exper2_07
10.751979166666729,10.222319,Calibration,2014,2014-07-04,-0.025252836687182617,exper2_07
10.555937500000027,10.197897,Calibration,2014,2014-07-05,-0.017251777898563053,exper2_07
10.438369565217386,10.15288,Calibration,2014,2014-07-06,-0.013864620177577938,exper2_07
10.514499999999998,10.074817,Calibration,2014,2014-07-07,-0.02135492413512392,exper2_07
10.426166666666688,10.091322,Calibration,2014,2014-07-08,-0.01631996624005683,exper2_07
10.177797619285684,10.044048,Calibration,2014,2014-07-09,-0.006614099940810572,exper2_07
10.112727272727284,10.1023035,Calibration,2014,2014-07-10,-0.0005156444181598768,exper2_07
10.082083333333287,10.157127,Calibration,2014,2014-07-11,0.0037078544267041403,exper2_07
10.100000000000023,10.076847,Calibration,2014,2014-07-12,-0.001147499581888079,exper2_07
10.439166666666722,10.143999,Calibration,2014,2014-07-13,-0.014340241451931319,exper2_07
10.452051282307707,10.267605,Calibration,2014,2014-07-14,-0.008902003655174032,exper2_07
10.4643421052632,10.399347,Calibration,2014,2014-07-15,-0.003115211249859185,exper2_07
10.076979166666717,10.232828,Calibration,2014,2014-07-16,0.007673582089522246,exper2_07
9.90291666666667,9.915266,Calibration,2014,2014-07-17,0.0006231333369612177,exper2_07
9.679583333333312,9.925031,Calibration,2014,2014-07-18,0.01251987794599116,exper2_07
9.65510416666666,9.74651,Calibration,2014,2014-07-19,0.004711225914540318,exper2_07
9.63708333333335,9.84487,Calibration,2014,2014-07-20,0.010665577567074022,exper2_07
9.580624999999998,9.699917,Calibration,2014,2014-07-21,0.006187162196583213,exper2_07
,9.823044,Calibration,2014,2014-07-22,,exper2_07
,9.537648,Calibration,2014,2014-07-23,,exper2_07
,9.346113,Calibration,2014,2014-07-24,,exper2_07
,8.968361,Calibration,2014,2014-07-25,,exper2_07
,8.991613,Calibration,2014,2014-07-26,,exper2_07
,8.998243,Calibration,2014,2014-07-27,,exper2_07
,9.078697,Calibration,2014,2014-07-28,,exper2_07
,9.40151,Calibration,2014,2014-07-29,,exper2_07
,9.416131,Calibration,2014,2014-07-30,,exper2_07
,9.568321,Calibration,2014,2014-07-31,,exper2_07
,9.806707,Calibration,2014,2014-08-01,,exper2_07
,10.012344,Calibration,2014,2014-08-02,,exper2_07
,10.127048,Calibration,2014,2014-08-03,,exper2_07
,9.976777,Calibration,2014,2014-08-04,,exper2_07
,10.019836,Calibration,2014,2014-08-05,,exper2_07
,10.2259445,Calibration,2014,2014-08-06,,exper2_07
,10.009079,Calibration,2014,2014-08-07,,exper2_07
,9.856103,Calibration,2014,2014-08-08,,exper2_07
,9.73683,Calibration,2014,2014-08-09,,exper2_07
,9.816357,Calibration,2014,2014-08-10,,exper2_07
,9.624371,Calibration,2014,2014-08-11,,exper2_07
,9.409533,Calibration,2014,2014-08-12,,exper2_07
,9.369638,Calibration,2014,2014-08-13,,exper2_07
,9.370621,Calibration,2014,2014-08-14,,exper2_07
,9.365553,Calibration,2014,2014-08-15,,exper2_07
,9.258104,Calibration,2014,2014-08-16,,exper2_07
,9.599767,Calibration,2014,2014-08-17,,exper2_07
,9.6414175,Calibration,2014,2014-08-18,,exper2_07
,9.754614,Calibration,2014,2014-08-19,,exper2_07
,9.967735,Calibration,2014,2014-08-20,,exper2_07
,10.137226,Calibration,2014,2014-08-21,,exper2_07
,9.979019,Calibration,2014,2014-08-22,,exper2_07
9.390294117647045,9.794362,Calibration,2014,2014-08-23,0.021062037631292788,exper2_07
9.450937500000009,10.071544,Calibration,2014,2014-08-24,0.0317893093295821,exper2_07
9.537708333333342,9.903868,Calibration,2014,2014-08-25,0.018833832565346986,exper2_07
9.628020833333323,9.854961,Calibration,2014,2014-08-26,0.011648142941753882,exper2_07
9.870625000000018,9.693758,Calibration,2014,2014-08-27,-0.009040253865278786,exper2_07
9.924374999999998,9.893635,Calibration,2014,2014-08-28,-0.001551124667594167,exper2_07
9.863750000000039,9.82324,Calibration,2014,2014-08-29,-0.0020576898384266342,exper2_07
9.816875000000039,9.788868,Calibration,2014,2014-08-30,-0.0014285125348926248,exper2_07
9.84468750000002,10.110396,Calibration,2014,2014-08-31,0.0133153479444911,exper2_07
9.918124999999975,9.990852,Calibration,2014,2014-09-01,0.003652993052166758,exper2_07
9.971354166666686,10.4033375,Calibration,2014,2014-09-02,0.021201955813184833,exper2_07
10.297708333333276,11.021257,Calibration,2014,2014-09-03,0.033939219951496694,exper2_07
10.860208333333276,11.257519,Calibration,2014,2014-09-04,0.017963438700161122,exper2_07
10.722187500000018,11.324179,Calibration,2014,2014-09-05,0.027305687945829733,exper2_07
10.972083333333273,11.598625,Calibration,2014,2014-09-06,0.027759068764539273,exper2_07
10.894479166666713,11.842989,Calibration,2014,2014-09-07,0.041715717669858196,exper2_07
11.094166666666695,11.969957,Calibration,2014,2014-09-08,0.03797198993211455,exper2_07
11.421041666666724,12.359117,Calibration,2014,2014-09-09,0.03944779840732962,exper2_07
11.8014583333333,12.190573,Calibration,2014,2014-09-10,0.01621848538569916,exper2_07
11.723645833333308,12.039472,Calibration,2014,2014-09-11,0.013290587545391318,exper2_07
11.707916666666677,12.060128,Calibration,2014,2014-09-12,0.014818700785310376,exper2_07
11.808020833333273,12.035621,Calibration,2014,2014-09-13,0.00954551576536206,exper2_07
11.871458333333294,12.042707,Calibration,2014,2014-09-14,0.007160990331169673,exper2_07
11.99854166666671,12.1467285,Calibration,2014,2014-09-15,0.006137303407230892,exper2_07
12.23677083333331,12.072865,Calibration,2014,2014-09-16,-0.006742441768302751,exper2_07
12.170312500000023,12.302313,Calibration,2014,2014-09-17,0.005393796090904072,exper2_07
12.377291666666679,12.420448,Calibration,2014,2014-09-18,0.0017403455560216544,exper2_07
12.413854166666681,12.36442,Calibration,2014,2014-09-19,-0.0019950634707568203,exper2_07
12.328333333333319,12.262367,Calibration,2014,2014-09-20,-0.002682562238458616,exper2_07
12.34343750000005,12.400509,Calibration,2014,2014-09-21,0.0023064785114428952,exper2_07
12.359166666666681,12.052673,Calibration,2014,2014-09-22,-0.012555109600144516,exper2_07
12.028229166666677,12.18007,Calibration,2014,2014-09-23,0.006272260441317055,exper2_07
12.072812499999998,12.676035,Calibration,2014,2014-09-24,0.02437375837959635,exper2_07
12.370000000000005,13.066431,Calibration,2014,2014-09-25,0.027379275193346996,exper2_07
12.615312500000016,13.307571,Calibration,2014,2014-09-26,0.026704548518056644,exper2_07
12.81044117647059,13.652597,Calibration,2014,2014-09-27,0.031823868131886035,exper2_07
,13.533845,Calibration,2014,2014-09-28,,exper2_07
,13.199194,Calibration,2014,2014-09-29,,exper2_07
,13.380814,Calibration,2014,2014-09-30,,exper2_07
,13.434111,Calibration,2014,2014-10-01,,exper2_07
,13.568669,Calibration,2014,2014-10-02,,exper2_07
12.993552631578893,13.118296,Calibration,2014,2014-10-03,0.004777258068374677,exper2_07
12.981250000000045,12.787491,Calibration,2014,2014-10-04,-0.007519154949828851,exper2_07
12.763125000000002,13.054504,Calibration,2014,2014-10-05,0.011286063103569392,exper2_07
12.759895833333303,12.754527,Calibration,2014,2014-10-06,-0.0002104198620928295,exper2_07
12.601875000000007,13.080406,Calibration,2014,2014-10-07,0.018632736922546116,exper2_07
12.7109375,13.540326,Calibration,2014,2014-10-08,0.03159423601558429,exper2_07
12.752708333333317,13.962814,Calibration,2014,2014-10-09,0.045295988138553296,exper2_07
13.121145833333287,14.268723,Calibration,2014,2014-10-10,0.04189785381398682,exper2_07
13.447604166666679,14.016941,Calibration,2014,2014-10-11,0.020729886439857254,exper2_07
13.354687500000011,14.226934,Calibration,2014,2014-10-12,0.03162420741980779,exper2_07
14.331458333333273,14.459827,Calibration,2014,2014-10-13,0.004458609137793208,exper2_07
14.697916666666686,14.914583,Calibration,2014,2014-10-14,0.007316725721922899,exper2_07
15.30104166666672,15.576273,Calibration,2014,2014-10-15,0.008913705777160058,exper2_07
16.180833333333283,15.656025,Calibration,2014,2014-10-16,-0.016484302442280014,exper2_07
15.33687500000002,15.7566595,Calibration,2014,2014-10-17,0.013500700849779362,exper2_07
15.083333333333314,15.592363,Calibration,2014,2014-10-18,0.016593918936550607,exper2_07
15.070416666666688,15.829443,Calibration,2014,2014-10-19,0.02456406986858014,exper2_07
15.290208333333283,15.918343,Calibration,2014,2014-10-20,0.020126992071344045,exper2_07
15.656666666666695,16.044422,Calibration,2014,2014-10-21,0.012231614038184978,exper2_07
15.809791666666683,15.609784,Calibration,2014,2014-10-22,-0.006365698305507781,exper2_07
15.535729166666727,15.864235,Calibration,2014,2014-10-23,0.010461978768441139,exper2_07
15.817708333333314,15.666874,Calibration,2014,2014-10-24,-0.004790738532846277,exper2_07
15.668333333333294,15.591883,Calibration,2014,2014-10-25,-0.002445620578865639,exper2_07
15.518333333333317,15.611777,Calibration,2014,2014-10-26,0.0030017231019036136,exper2_07
15.17729166666669,15.287949,Calibration,2014,2014-10-27,0.003632235975578918,exper2_07
15.106666666666683,15.31634,Calibration,2014,2014-10-28,0.006891947894096647,exper2_07
15.165312500000027,15.1962385,Calibration,2014,2014-10-29,0.001018591498935997,exper2_07
15.224270833333321,15.20902,Calibration,2014,2014-10-30,-0.0005011345186771423,exper2_07
15.170624999999973,15.439945,Calibration,2014,2014-10-31,0.008798275203739698,exper2_07
15.120520833333273,15.938293,Calibration,2014,2014-11-01,0.026329808216525405,exper2_07
15.557812500000011,16.13815,Calibration,2014,2014-11-02,0.018309485790078718,exper2_07
16.162916666666717,15.897483,Calibration,2014,2014-11-03,-0.008279179251563431,exper2_07
15.926354166666727,15.929596,Calibration,2014,2014-11-04,0.00010176373918543557,exper2_07
15.928645833333292,16.014395,Calibration,2014,2014-11-05,0.002684432201989147,exper2_07
15.744791666666686,15.926949,Calibration,2014,2014-11-06,0.00575140107444755,exper2_07
15.705312500000048,16.060856,Calibration,2014,2014-11-07,0.011192516560003177,exper2_07
15.79656250000005,16.534708,Calibration,2014,2014-11-08,0.022830699540387817,exper2_07
16.63375000000002,16.800453,Calibration,2014,2014-11-09,0.004986007445954761,exper2_07
17.03437500000001,17.191145,Calibration,2014,2014-11-10,0.004580498513895324,exper2_07
17.169375000000002,17.28016,Calibration,2014,2014-11-11,0.0032158895910705493,exper2_07
16.71677083333327,16.388079,Calibration,2014,2014-11-12,-0.009928821562249416,exper2_07
16.375520833333326,16.458529,Calibration,2014,2014-11-13,0.0025280977211648847,exper2_07
16.424583333333317,16.852413,Calibration,2014,2014-11-14,0.012856624365656419,exper2_07
16.391145833333326,16.701597,Calibration,2014,2014-11-15,0.00938125255951544,exper2_07
16.061145833333285,16.654991,Calibration,2014,2014-11-16,0.01815144975317094,exper2_07
16.117291666666688,16.449125,Calibration,2014,2014-11-17,0.010189442200309982,exper2_07
15.850625000000036,16.4228,Calibration,2014,2014-11-18,0.01772898485210916,exper2_07
16.031666666666695,16.42161,Calibration,2014,2014-11-19,0.012015526732105512,exper2_07
16.058229166666706,16.537556,Calibration,2014,2014-11-20,0.01470516908716147,exper2_07
16.216250000000002,17.09831,Calibration,2014,2014-11-21,0.026476725435413434,exper2_07
16.361562500000048,17.670847,Calibration,2014,2014-11-22,0.038471693913717575,exper2_07
16.510833333333323,17.874668,Calibration,2014,2014-11-23,0.03966307688728769,exper2_07
17.277395833333287,18.447676,Calibration,2014,2014-11-24,0.032757943405893185,exper2_07
18.418020833333287,18.477465,Calibration,2014,2014-11-25,0.0016111413564445908,exper2_07
18.913125000000036,20.146875,Calibration,2014,2014-11-26,0.03158603096314835,exper2_07
18.566041666666706,19.779016,Calibration,2014,2014-11-27,0.03163314612741286,exper2_07
18.607812500000023,19.008856,Calibration,2014,2014-11-28,0.010661319505855188,exper2_07
17.946145833333276,18.510914,Calibration,2014,2014-11-29,0.015491321035395085,exper2_07
17.883229166666695,17.97101,Calibration,2014,2014-11-30,0.002448275099231167,exper2_07
17.838958333333323,17.65449,Calibration,2014,2014-12-01,-0.005197263925955159,exper2_07
17.72625000000005,17.562603,Calibration,2014,2014-12-02,-0.0046373568216738605,exper2_07
18.097083333333273,17.72926,Calibration,2014,2014-12-03,-0.010266854313608346,exper2_07
18.347812499999975,18.237259,Calibration,2014,2014-12-04,-0.003021822415618442,exper2_07
18.195625000000007,18.458652,Calibration,2014,2014-12-05,0.007175901812937459,exper2_07
18.523750000000007,18.7206,Calibration,2014,2014-12-06,0.00528536885450747,exper2_07
18.899999999999977,19.351583,Calibration,2014,2014-12-07,0.01180561534298937,exper2_07
19.144895833333294,19.525856,Calibration,2014,2014-12-08,0.009851377759528183,exper2_07
19.619895833333317,19.440786,Calibration,2014,2014-12-09,-0.0045854158599867205,exper2_07
19.27531250000004,19.538012,Calibration,2014,2014-12-10,0.006768269848744511,exper2_07
19.30270833333327,19.637838,Calibration,2014,2014-12-11,0.00860619736343286,exper2_07
19.20083333333332,19.496859,Calibration,2014,2014-12-12,0.007649687841923013,exper2_07
18.950625000000002,19.288824,Calibration,2014,2014-12-13,0.008844245655861562,exper2_07
18.837083333333283,18.888052,Calibration,2014,2014-12-14,0.0013510528969261249,exper2_07
18.396666666666704,18.491585,Calibration,2014,2014-12-15,0.002573125790690816,exper2_07
18.490937499999973,18.77131,Calibration,2014,2014-12-16,0.007524326067765235,exper2_07
18.686145833333285,18.871828,Calibration,2014,2014-12-17,0.004943883456617133,exper2_07
18.347500000000025,19.166183,Calibration,2014,2014-12-18,0.02182359597659113,exper2_07
18.771562500000016,19.797102,Calibration,2014,2014-12-19,0.026589965933761332,exper2_07
20.376666666666722,20.136225,Calibration,2014,2014-12-20,-0.005934948397271524,exper2_07
20.024687500000027,20.200306,Calibration,2014,2014-12-21,0.0043659034771059745,exper2_07
20.951874999999973,20.587042,Calibration,2014,2014-12-22,-0.008782923888370564,exper2_07
21.74583333333328,20.894,Calibration,2014,2014-12-23,-0.019977429201651523,exper2_07
21.725416666666717,21.14528,Calibration,2014,2014-12-24,-0.013532222763361834,exper2_07
21.521770833333278,21.069485,Calibration,2014,2014-12-25,-0.010619224929220268,exper2_07
21.609270833333312,20.98223,Calibration,2014,2014-12-26,-0.014722223907863591,exper2_07
21.707604166666727,21.260183,Calibration,2014,2014-12-27,-0.010412936256155787,exper2_07
21.4108333333333,21.213215,Calibration,2014,2014-12-28,-0.004636313709650942,exper2_07
21.647812500000043,21.459475,Calibration,2014,2014-12-29,-0.004369051017373108,exper2_07
21.930312500000014,21.41535,Calibration,2014,2014-12-30,-0.011880370732462406,exper2_07
21.802812500000016,21.643837,Calibration,2014,2014-12-31,-0.003659097463740667,exper2_07
21.391458333333276,22.321524,Calibration,2015,2015-01-01,0.021276638895388597,exper2_07
22.194166666666717,22.628738,Calibration,2015,2015-01-02,0.009695305022622908,exper2_07
22.149062500000014,23.063896,Calibration,2015,2015-01-03,0.020233882186084084,exper2_07
23.024999999999977,23.27294,Calibration,2015,2015-01-04,0.005355307033310982,exper2_07
22.765520833333312,23.436996,Calibration,2015,2015-01-05,0.014533312597776618,exper2_07
23.326874999999973,23.65987,Calibration,2015,2015-01-06,0.007087001805686251,exper2_07
24.074583333333294,23.998224,Calibration,2015,2015-01-07,-0.0015884047289040995,exper2_07
23.8873958333333,23.896778,Calibration,2015,2015-01-08,0.00019634687769069163,exper2_07
23.231562499999995,23.848629,Calibration,2015,2015-01-09,0.01310671172252003,exper2_07
22.809479166666677,24.00382,Calibration,2015,2015-01-10,0.025512862011602,exper2_07
23.395520833333308,23.939268,Calibration,2015,2015-01-11,0.01148726530660531,exper2_07
23.8391666666667,24.190737,Calibration,2015,2015-01-12,0.007319817005715223,exper2_07
24.02000000000004,24.32067,Calibration,2015,2015-01-13,0.0062197975189553865,exper2_07
24.194062499999973,24.348188,Calibration,2015,2015-01-14,0.0031750876279972706,exper2_07
24.631145833333278,24.395056,Calibration,2015,2015-01-15,-0.00481558951609651,exper2_07
24.473020833333294,24.368473,Calibration,2015,2015-01-16,-0.0021405524695484097,exper2_07
24.626145833333283,24.360579,Calibration,2015,2015-01-17,-0.005421209516651744,exper2_07
24.662395833333278,24.27696,Calibration,2015,2015-01-18,-0.007875777089997479,exper2_07
24.824583333333294,24.021685,Calibration,2015,2015-01-19,-0.016437257541488826,exper2_07
24.405104166666717,23.961994,Calibration,2015,2015-01-20,-0.009161392987219031,exper2_07
24.85697916666669,24.006798,Calibration,2015,2015-01-21,-0.017399010659452867,exper2_07
24.397065217391287,23.76018,Calibration,2015,2015-01-22,-0.013225127417807746,exper2_07
23.65645833333332,23.7653,Calibration,2015,2015-01-23,0.002295199914582571,exper2_07
23.688125000000014,23.950663,Calibration,2015,2015-01-24,0.005511005339771714,exper2_07
24.310416666666697,23.856318,Calibration,2015,2015-01-25,-0.009427650725995497,exper2_07
24.231041666666727,23.744898,Calibration,2015,2015-01-26,-0.01013307564654472,exper2_07
24.330937500000005,23.973303,Calibration,2015,2015-01-27,-0.007403794289847149,exper2_07
23.57572916666669,23.333567,Calibration,2015,2015-01-28,-0.005162356345806599,exper2_07
23.477812500000027,23.65154,Calibration,2015,2015-01-29,0.003686200726775511,exper2_07
23.39500000000004,23.98962,Calibration,2015,2015-01-30,0.012548801828963816,exper2_07
23.655625000000043,23.67547,Calibration,2015,2015-01-31,0.00041928782812116546,exper2_07
23.431458333333296,23.59947,Calibration,2015,2015-02-01,0.0035723684536007497,exper2_07
23.01458333333329,23.26951,Calibration,2015,2015-02-02,0.005507873569290053,exper2_07
22.82395833333328,23.444426,Calibration,2015,2015-02-03,0.01341017768582494,exper2_07
22.911041666666677,23.341076,Calibration,2015,2015-02-04,0.009297611724612536,exper2_07
22.627604166666686,22.802948,Calibration,2015,2015-02-05,0.0038596015902351496,exper2_07
22.356250000000045,22.327612,Calibration,2015,2015-02-06,-0.0006409042448363586,exper2_07
21.95458333333329,21.959389,Calibration,2015,2015-02-07,0.00010942757739195206,exper2_07
22.350312499999973,22.077536,Calibration,2015,2015-02-08,-0.006139772287278206,exper2_07
22.870625000000018,22.226084,Calibration,2015,2015-02-09,-0.014292423156675336,exper2_07
22.068958333333285,22.022718,Calibration,2015,2015-02-10,-0.00104872182603779,exper2_07
21.525625000000048,21.772127,Calibration,2015,2015-02-11,0.005693185887035273,exper2_07
21.275104166666722,21.897821,Calibration,2015,2015-02-12,0.014423791095246156,exper2_07
21.229166666666686,22.004742,Calibration,2015,2015-02-13,0.017939044418984917,exper2_07
21.424791666666692,21.821955,Calibration,2015,2015-02-14,0.009183651803288827,exper2_07
20.910729166666727,21.662962,Calibration,2015,2015-02-15,0.01766895876932349,exper2_07
20.971770833333323,21.956656,Calibration,2015,2015-02-16,0.02294248247735212,exper2_07
21.173541666666722,21.51324,Calibration,2015,2015-02-17,0.007957946881905481,exper2_07
20.96072916666668,21.924257,Calibration,2015,2015-02-18,0.022467725692509575,exper2_07
21.970520833333296,21.97776,Calibration,2015,2015-02-19,0.00016472729806394848,exper2_07
22.84270833333329,21.946146,Calibration,2015,2015-02-20,-0.02001753193062258,exper2_07
22.864166666666677,22.258703,Calibration,2015,2015-02-21,-0.013418105635066726,exper2_07
21.934895833333314,21.704348,Calibration,2015,2015-02-22,-0.005283048116004856,exper2_07
21.918958333333308,22.120607,Calibration,2015,2015-02-23,0.004578815424652068,exper2_07
21.54218750000001,21.76444,Calibration,2015,2015-02-24,0.0051320790044354445,exper2_07
21.503854166666713,21.952885,Calibration,2015,2015-02-25,0.010332816483334556,exper2_07
21.582083333333287,21.88048,Calibration,2015,2015-02-26,0.006865597831557067,exper2_07
21.376354166666715,21.693125,Calibration,2015,2015-02-27,0.007354874316195774,exper2_07
21.7702083333333,21.7026,Calibration,2015,2015-02-28,-0.0015551756616183452,exper2_07
22.516250000000014,21.960659,Calibration,2015,2015-03-01,-0.01249167230937484,exper2_07
22.52656250000001,21.945383,Calibration,2015,2015-03-02,-0.013068450696877724,exper2_07
22.520520833333308,22.07176,Calibration,2015,2015-03-03,-0.010063639839613725,exper2_07
22.3014583333333,21.875856,Calibration,2015,2015-03-04,-0.009633947567222901,exper2_07
21.977083333333326,21.908495,Calibration,2015,2015-03-05,-0.0015628911974388605,exper2_07
21.784166666666692,21.918852,Calibration,2015,2015-03-06,0.003081827990702453,exper2_07
21.205312500000048,21.317114,Calibration,2015,2015-03-07,0.0026292332275028862,exper2_07
21.12156250000004,21.38731,Calibration,2015,2015-03-08,0.0062515779006044585,exper2_07
21.10958333333332,21.402967,Calibration,2015,2015-03-09,0.006901117769764733,exper2_07
21.374375000000043,21.470083,Calibration,2015,2015-03-10,0.002233853353111672,exper2_07
21.869375000000048,21.643953,Calibration,2015,2015-03-11,-0.005180520206604161,exper2_07
21.436562500000036,21.212252,Calibration,2015,2015-03-12,-0.005259485901146939,exper2_07
21.095937500000048,21.157782,Calibration,2015,2015-03-13,0.0014636368648246875,exper2_07
21.461354166666695,21.298841,Calibration,2015,2015-03-14,-0.0038005600250910405,exper2_07
21.344583333333276,21.299078,Calibration,2015,2015-03-15,-0.0010671069099773473,exper2_07
20.85958333333332,20.711113,Calibration,2015,2015-03-16,-0.003571514803457863,exper2_07
20.298437499999977,20.288816,Calibration,2015,2015-03-17,-0.00023704604369100804,exper2_07
20.16500000000002,20.269917,Calibration,2015,2015-03-18,0.00259470139710782,exper2_07
19.916145833333303,20.00833,Calibration,2015,2015-03-19,0.0023089485241097846,exper2_07
19.854062499999998,19.757082,Calibration,2015,2015-03-20,-0.0024483138719187986,exper2_07
19.779479166666704,19.85878,Calibration,2015,2015-03-21,0.002000611086678328,exper2_07
19.633645833333276,20.015045,Calibration,2015,2015-03-22,0.009619468463375311,exper2_07
19.378020833333323,19.661394,Calibration,2015,2015-03-23,0.0072586458140692055,exper2_07
19.259166666666715,19.60425,Calibration,2015,2015-03-24,0.008879386259915814,exper2_07
19.302812500000016,19.633057,Calibration,2015,2015-03-25,0.00848174569911971,exper2_07
19.4609375,19.783688,Calibration,2015,2015-03-26,0.008224058474244546,exper2_07
19.441041666666706,19.77144,Calibration,2015,2015-03-27,0.008425858833930234,exper2_07
19.645520833333308,19.74423,Calibration,2015,2015-03-28,0.0025059675242049143,exper2_07
19.479583333333323,19.552927,Calibration,2015,2015-03-29,0.0018790409128160537,exper2_07
19.4876041666667,19.338144,Calibration,2015,2015-03-30,-0.0038495037492383595,exper2_07
19.275208333333296,19.536905,Calibration,2015,2015-03-31,0.00674266178625363,exper2_07
19.399791666666715,19.624891,Calibration,2015,2015-04-01,0.005768134356462088,exper2_07
19.38718750000004,19.24269,Calibration,2015,2015-04-02,-0.003740585782438856,exper2_07
19.11822916666671,19.43654,Calibration,2015,2015-04-03,0.00825608449661023,exper2_07
19.25927083333329,19.574102,Calibration,2015,2015-04-04,0.008107242358122393,exper2_07
19.25093750000002,19.292381,Calibration,2015,2015-04-05,0.001075252155905655,exper2_07
19.557187499999998,19.253328,Calibration,2015,2015-04-06,-0.007829300131404442,exper2_07
19.01666666666671,19.215343,Calibration,2015,2015-04-07,0.005196609017865549,exper2_07
19.421458333333305,19.179743,Calibration,2015,2015-04-08,-0.006261865254035575,exper2_07
19.3601041666667,19.194357,Calibration,2015,2015-04-09,-0.00429904202178614,exper2_07
19.37354166666671,19.001282,Calibration,2015,2015-04-10,-0.009700629093643264,exper2_07
19.26197916666672,18.863695,Calibration,2015,2015-04-11,-0.010446609252367857,exper2_07
19.142812500000048,18.583546,Calibration,2015,2015-04-12,-0.014824299033737876,exper2_07
18.882708333333312,18.197298,Calibration,2015,2015-04-13,-0.01848463229272759,exper2_07
18.418333333333294,17.561218,Calibration,2015,2015-04-14,-0.02382228331418159,exper2_07
17.9226041666667,17.325096,Calibration,2015,2015-04-15,-0.01695168851472055,exper2_07
17.508229166666695,17.067057,Calibration,2015,2015-04-16,-0.012759764678363606,exper2_07
17.2990476190476,17.068003,Calibration,2015,2015-04-17,-0.006722861464443575,exper2_07
,16.79931,Calibration,2015,2015-04-18,,exper2_07
,16.797228,Calibration,2015,2015-04-19,,exper2_07
,16.959093,Calibration,2015,2015-04-20,,exper2_07
,17.079721,Calibration,2015,2015-04-21,,exper2_07
,17.107807,Calibration,2015,2015-04-22,,exper2_07
,17.002289,Calibration,2015,2015-04-23,,exper2_07
,16.855217,Calibration,2015,2015-04-24,,exper2_07
,16.678429,Calibration,2015,2015-04-25,,exper2_07
,16.662388,Calibration,2015,2015-04-26,,exper2_07
,16.72658,Calibration,2015,2015-04-27,,exper2_07
,16.347948,Calibration,2015,2015-04-28,,exper2_07
,16.268383,Calibration,2015,2015-04-29,,exper2_07
,15.993477,Calibration,2015,2015-04-30,,exper2_07
,15.868786,Calibration,2015,2015-05-01,,exper2_07
,15.580493,Calibration,2015,2015-05-02,,exper2_07
,15.629734,Calibration,2015,2015-05-03,,exper2_07
,15.619207,Calibration,2015,2015-05-04,,exper2_07
,15.642626,Calibration,2015,2015-05-05,,exper2_07
,15.6744795,Calibration,2015,2015-05-06,,exper2_07
,16.088205,Calibration,2015,2015-05-07,,exper2_07
,15.661168,Calibration,2015,2015-05-08,,exper2_07
15.407857142857097,15.681844,Calibration,2015,2015-05-09,0.008812777441934492,exper2_07
15.411875000000009,15.619074,Calibration,2015,2015-05-10,0.00667716829029555,exper2_07
15.260520833333317,15.49671,Calibration,2015,2015-05-11,0.007679137075423772,exper2_07
15.166770833333317,15.337598,Calibration,2015,2015-05-12,0.005600083563170624,exper2_07
14.980333333333306,15.253738,Calibration,2015,2015-05-13,0.009042945732497885,exper2_07
14.764791666666724,15.215249,Calibration,2015,2015-05-14,0.015025242927480992,exper2_07
14.723020833333294,14.9565735,Calibration,2015,2015-05-15,0.007869132255629005,exper2_07
14.609125000000006,14.836309,Calibration,2015,2015-05-16,0.007715438313550949,exper2_07
14.346354166666686,14.607322,Calibration,2015,2015-05-17,0.009013279466778955,exper2_07
14.171666666666681,14.427531,Calibration,2015,2015-05-18,0.008946564743449386,exper2_07
13.891354166666702,14.270883,Calibration,2015,2015-05-19,0.0134765019872704,exper2_07
13.74968750000005,14.048887,Calibration,2015,2015-05-20,0.010763132839295938,exper2_07
13.650937499999998,13.95037,Calibration,2015,2015-05-21,0.010848483778929326,exper2_07
13.613333333333287,13.789723,Calibration,2015,2015-05-22,0.006436875444527635,exper2_07
13.76979166666672,13.6825285,Calibration,2015,2015-05-23,-0.003178717513191818,exper2_07
13.311249999999973,13.696821,Calibration,2015,2015-05-24,0.01427614766456542,exper2_07
13.12420138875001,13.689227,Calibration,2015,2015-05-25,0.021072490434628194,exper2_07
12.616979166666681,13.082323,Calibration,2015,2015-05-26,0.018107258450449516,exper2_07
12.258020833333319,12.983607,Calibration,2015,2015-05-27,0.028745628262731315,exper2_07
12.112500000000011,12.371424,Calibration,2015,2015-05-28,0.01057525436938319,exper2_07
11.861666666666679,12.169139,Calibration,2015,2015-05-29,0.012794920285100542,exper2_07
11.881875000000036,12.25865,Calibration,2015,2015-05-30,0.015607565650072102,exper2_07
11.766944444444448,12.216766,Calibration,2015,2015-05-31,0.01875530924690868,exper2_07
,12.368763,Calibration,2015,2015-06-01,,exper2_07
,12.290674,Calibration,2015,2015-06-02,,exper2_07
,12.283748,Calibration,2015,2015-06-03,,exper2_07
,12.259709,Calibration,2015,2015-06-04,,exper2_07
,12.233519,Calibration,2015,2015-06-05,,exper2_07
,12.141158,Calibration,2015,2015-06-06,,exper2_07
,12.114257,Calibration,2015,2015-06-07,,exper2_07
,11.877327,Calibration,2015,2015-06-08,,exper2_07
,11.940432,Calibration,2015,2015-06-09,,exper2_07
,11.875433,Calibration,2015,2015-06-10,,exper2_07
,11.930135,Calibration,2015,2015-06-11,,exper2_07
11.288333335000004,11.951092,Calibration,2015,2015-06-12,0.028518710272170438,exper2_07
,11.858667,Calibration,2015,2015-06-13,,exper2_07
,11.767557,Calibration,2015,2015-06-14,,exper2_07
10.942222222222199,11.800167,Calibration,2015,2015-06-15,0.03772448224220248,exper2_07
10.903750000000002,11.684573,Calibration,2015,2015-06-16,0.03456755809294396,exper2_07
,11.375845,Calibration,2015,2015-06-17,,exper2_07
,11.316801,Calibration,2015,2015-06-18,,exper2_07
10.293333335,11.413664,Calibration,2015,2015-06-19,0.05161149277617947,exper2_07
,11.345368,Calibration,2015,2015-06-20,,exper2_07
,11.273632,Calibration,2015,2015-06-21,,exper2_07
,11.481634,Calibration,2015,2015-06-22,,exper2_07
,11.048926,Calibration,2015,2015-06-23,,exper2_07
10.068333333333271,10.746362,Calibration,2015,2015-06-24,0.032574505511885204,exper2_07
9.962499999999977,10.447131,Calibration,2015,2015-06-25,0.02374521877417957,exper2_07
,10.265186,Calibration,2015,2015-06-26,,exper2_07
,10.361709,Calibration,2015,2015-06-27,,exper2_07
,10.290192,Calibration,2015,2015-06-28,,exper2_07
,10.312054,Calibration,2015,2015-06-29,,exper2_07
,10.303302,Calibration,2015,2015-06-30,,exper2_07
,10.339484,Calibration,2015,2015-07-01,,exper2_07
,10.180258,Calibration,2015,2015-07-02,,exper2_07
,10.110169,Calibration,2015,2015-07-03,,exper2_07
,10.155585,Calibration,2015,2015-07-04,,exper2_07
,10.165355,Calibration,2015,2015-07-05,,exper2_07
9.672261904714276,10.150881,Calibration,2015,2015-07-06,0.024144451547644965,exper2_07
,10.224691,Calibration,2015,2015-07-07,,exper2_07
,10.377164,Calibration,2015,2015-07-08,,exper2_07
,10.16306,Calibration,2015,2015-07-09,,exper2_07
9.140000000000043,9.743524,Calibration,2015,2015-07-10,0.03196032745658744,exper2_07
,9.273998,Calibration,2015,2015-07-11,,exper2_07
,9.355127,Calibration,2015,2015-07-12,,exper2_07
8.279404761857165,9.088772,Calibration,2015,2015-07-13,0.046600577463812465,exper2_07
,9.085046,Calibration,2015,2015-07-14,,exper2_07
,9.105777,Calibration,2015,2015-07-15,,exper2_07
8.310000000000002,9.266286,Calibration,2015,2015-07-16,0.05440773448630047,exper2_07
,9.308368,Calibration,2015,2015-07-17,,exper2_07
,9.397163,Calibration,2015,2015-07-18,,exper2_07
8.708124999999995,9.3123665,Calibration,2015,2015-07-19,0.033530799427901034,exper2_07
,9.350114,Calibration,2015,2015-07-20,,exper2_07
,8.911018,Calibration,2015,2015-07-21,,exper2_07
8.155666666600041,9.014845,Calibration,2015,2015-07-22,0.050038009919294406,exper2_07
8.256562499999973,9.258312,Calibration,2015,2015-07-23,0.05719422725258898,exper2_07
8.492013888875022,8.989332,Calibration,2015,2015-07-24,0.028448513502278023,exper2_07
8.263645833333328,8.931184,Calibration,2015,2015-07-25,0.03882201774146231,exper2_07
8.429615384615317,9.021692,Calibration,2015,2015-07-26,0.033927365381440415,exper2_07
,9.20967,Calibration,2015,2015-07-27,,exper2_07
,9.30397,Calibration,2015,2015-07-28,,exper2_07
,9.102723,Calibration,2015,2015-07-29,,exper2_07
,9.136402,Calibration,2015,2015-07-30,,exper2_07
,9.3176985,Calibration,2015,2015-07-31,,exper2_07
,9.134795,Calibration,2015,2015-08-01,,exper2_07
8.740000000000009,9.241055,Calibration,2015,2015-08-02,0.02786569241193557,exper2_07
,9.401606,Calibration,2015,2015-08-03,,exper2_07
,9.599797,Calibration,2015,2015-08-04,,exper2_07
,9.723949,Calibration,2015,2015-08-05,,exper2_07
9.31888888900005,9.998415,Calibration,2015,2015-08-06,0.035177067588050066,exper2_07
9.53093750000005,10.071701,Calibration,2015,2015-08-07,0.027586263371163575,exper2_07
,9.816349,Calibration,2015,2015-08-08,,exper2_07
,9.795541,Calibration,2015,2015-08-09,,exper2_07
,9.749042,Calibration,2015,2015-08-10,,exper2_07
,9.669758,Calibration,2015,2015-08-11,,exper2_07
,9.540632,Calibration,2015,2015-08-12,,exper2_07
,9.727212,Calibration,2015,2015-08-13,,exper2_07
,9.551111,Calibration,2015,2015-08-14,,exper2_07
,9.622519,Calibration,2015,2015-08-15,,exper2_07
,9.713542,Calibration,2015,2015-08-16,,exper2_07
,9.856584,Calibration,2015,2015-08-17,,exper2_07
,10.146567,Calibration,2015,2015-08-18,,exper2_07
,9.927029,Calibration,2015,2015-08-19,,exper2_07
,9.701781,Calibration,2015,2015-08-20,,exper2_07
,9.712639,Calibration,2015,2015-08-21,,exper2_07
,10.064162,Calibration,2015,2015-08-22,,exper2_07
,10.09766,Calibration,2015,2015-08-23,,exper2_07
,10.413942,Calibration,2015,2015-08-24,,exper2_07
,10.249752,Calibration,2015,2015-08-25,,exper2_07
,10.126457,Calibration,2015,2015-08-26,,exper2_07
,10.212995,Calibration,2015,2015-08-27,,exper2_07
,10.501984,Calibration,2015,2015-08-28,,exper2_07
,10.711674,Calibration,2015,2015-08-29,,exper2_07
,10.775259,Calibration,2015,2015-08-30,,exper2_07
,10.858627,Calibration,2015,2015-08-31,,exper2_07
,10.900431,Calibration,2015,2015-09-01,,exper2_07
,11.169701,Calibration,2015,2015-09-02,,exper2_07
,11.377475,Calibration,2015,2015-09-03,,exper2_07
,11.350431,Calibration,2015,2015-09-04,,exper2_07
,11.379351,Calibration,2015,2015-09-05,,exper2_07
,11.209716,Calibration,2015,2015-09-06,,exper2_07
,11.640279,Calibration,2015,2015-09-07,,exper2_07
,11.494367,Calibration,2015,2015-09-08,,exper2_07
10.880833334999977,11.468028,Calibration,2015,2015-09-09,0.0262740335151673,exper2_07
10.893090277916713,11.429433,Calibration,2015,2015-09-10,0.024026969868588065,exper2_07
10.912291666666704,11.329299,Calibration,2015,2015-09-11,0.01874898756887991,exper2_07
10.887256944583328,11.535177,Calibration,2015,2015-09-12,0.028896072620070306,exper2_07
10.856770833333314,11.658017,Calibration,2015,2015-09-13,0.035587558073623585,exper2_07
11.064270833333296,11.484133,Calibration,2015,2015-09-14,0.01862047268788805,exper2_07
11.250729166666702,11.749879,Calibration,2015,2015-09-15,0.021701587871477857,exper2_07
11.417604166666706,11.631363,Calibration,2015,2015-09-16,0.009274114003226601,exper2_07
11.37215277791671,12.148779,Calibration,2015,2015-09-17,0.033018510814733636,exper2_07
11.663446969545419,12.17466,Calibration,2015,2015-09-18,0.02144519134523371,exper2_07
11.6953125,12.295894,Calibration,2015,2015-09-19,0.025033387854473038,exper2_07
11.921458333333305,12.01889,Calibration,2015,2015-09-20,0.004069783973877898,exper2_07
11.608166666666705,11.667618,Calibration,2015,2015-09-21,0.0025542052632204692,exper2_07
11.3313194445833,11.652521,Calibration,2015,2015-09-22,0.013975109501364949,exper2_07
11.805416666666702,12.072157,Calibration,2015,2015-09-23,0.011171161870699615,exper2_07
11.868333333333283,11.9006405,Calibration,2015,2015-09-24,0.0013592153612061568,exper2_07
12.189375000000041,12.160145,Calibration,2015,2015-09-25,-0.0012004423218541377,exper2_07
12.149166666666702,12.23348,Calibration,2015,2015-09-26,0.0034579422984309404,exper2_07
12.020034722083324,12.611848,Calibration,2015,2015-09-27,0.02402630627303616,exper2_07
12.665208333333283,12.543509,Calibration,2015,2015-09-28,-0.004827687356385782,exper2_07
12.355000000000018,12.810999,Calibration,2015,2015-09-29,0.01811964302059559,exper2_07
13.044409722083287,12.714412,Calibration,2015,2015-09-30,-0.012811066961723329,exper2_07
12.923368055416688,13.105025,Calibration,2015,2015-10-01,0.006979195127620151,exper2_07
12.905555555416697,13.048742,Calibration,2015,2015-10-02,0.005516879698455246,exper2_07
12.923645833333296,13.509148,Calibration,2015,2015-10-03,0.02215058394077045,exper2_07
13.195729166666695,13.616684,Calibration,2015,2015-10-04,0.01569999653914735,exper2_07
13.438125000000014,14.181095,Calibration,2015,2015-10-05,0.026900474378871483,exper2_07
14.010312499999998,14.696505,Calibration,2015,2015-10-06,0.02390345438419685,exper2_07
14.628298611250045,15.071835,Calibration,2015,2015-10-07,0.014933803506491651,exper2_07
15.306458333333296,14.708539,Calibration,2015,2015-10-08,-0.019920685563209174,exper2_07
14.453194444166684,14.621521,Calibration,2015,2015-10-09,0.005789447957725514,exper2_07
14.754131944583321,14.756453,Calibration,2015,2015-10-10,7.863672917389569e-05,exper2_07
14.932951388750041,15.232478,Calibration,2015,2015-10-11,0.009929470844478887,exper2_07
15.092971014347825,15.076444,Calibration,2015,2015-10-12,-0.0005478177929328222,exper2_07
14.91760869565212,15.349916,Calibration,2015,2015-10-13,0.014282890995590517,exper2_07
15.006325757727325,15.655086,Calibration,2015,2015-10-14,0.02115883705195981,exper2_07
15.330568181818194,16.12351,Calibration,2015,2015-10-15,0.025209518626567565,exper2_07
16.237898550869602,16.224253,Calibration,2015,2015-10-16,-0.00042036185335171206,exper2_07
15.908913043478321,16.319223,Calibration,2015,2015-10-17,0.012731433017292253,exper2_07
15.882173913043516,15.991886,Calibration,2015,2015-10-18,0.0034420536854624702,exper2_07
15.864047619047597,15.819374,Calibration,2015,2015-10-19,-0.0014099971585448024,exper2_07
15.575530303181779,15.778075,Calibration,2015,2015-10-20,0.006460019881310734,exper2_07
15.500763888750043,16.06326,Calibration,2015,2015-10-21,0.017820771318191295,exper2_07
15.526022727272675,15.873553,Calibration,2015,2015-10-22,0.01106800132436273,exper2_07
15.516607142857083,15.948872,Calibration,2015,2015-10-23,0.01373773693551318,exper2_07
15.626547619047642,16.05987,Calibration,2015,2015-10-24,0.01367532788320113,exper2_07
15.8130263157895,16.551416,Calibration,2015,2015-10-25,0.0228148554219126,exper2_07
16.6224637682609,16.568161,Calibration,2015,2015-10-26,-0.0016360872348828237,exper2_07
16.347121212272725,16.731352,Calibration,2015,2015-10-27,0.011615730852897854,exper2_07
16.701973684210486,16.78931,Calibration,2015,2015-10-28,0.002607746264607633,exper2_07
16.650374999999997,16.49944,Calibration,2015,2015-10-29,-0.004553140461287586,exper2_07
16.546388888888885,15.965994,Calibration,2015,2015-10-30,-0.017851506355812233,exper2_07
16.2772685183333,16.09662,Calibration,2015,2015-10-31,-0.0055800512013101326,exper2_07
16.83261904761912,16.40858,Calibration,2015,2015-11-01,-0.012756406802053135,exper2_07
17.198333333333323,16.581533,Calibration,2015,2015-11-02,-0.01825939414181927,exper2_07
17.416578947368407,16.949387,Calibration,2015,2015-11-03,-0.01359462314800678,exper2_07
16.955468750000023,16.38933,Calibration,2015,2015-11-04,-0.016978325330124413,exper2_07
16.49897435923083,16.061138,Calibration,2015,2015-11-05,-0.013447011461927977,exper2_07
15.930000000000007,16.48236,Calibration,2015,2015-11-06,0.017041672545022975,exper2_07
16.36592105263162,17.100714,Calibration,2015,2015-11-07,0.02195597740861675,exper2_07
17.940482456315806,17.458904,Calibration,2015,2015-11-08,-0.01360413935222031,exper2_07
18.30931372529409,18.134436,Calibration,2015,2015-11-09,-0.004798575190192392,exper2_07
19.141888889333302,18.345425,Calibration,2015,2015-11-10,-0.021246234045376424,exper2_07
19.146805555555602,18.631954,Calibration,2015,2015-11-11,-0.013628064178535708,exper2_07
18.898666666666713,17.664488,Calibration,2015,2015-11-12,-0.033754714127275896,exper2_07
17.904305555555595,17.535627,Calibration,2015,2015-11-13,-0.010402903167694327,exper2_07
17.47271929842111,17.721354,Calibration,2015,2015-11-14,0.00706466210002408,exper2_07
17.674038461538487,18.252642,Calibration,2015,2015-11-15,0.01610511224730444,exper2_07
17.472857142857094,17.638245,Calibration,2015,2015-11-16,0.0047104043366181575,exper2_07
17.251666666666722,17.627974,Calibration,2015,2015-11-17,0.010788726243847352,exper2_07
17.292173913043484,17.65747,Calibration,2015,2015-11-18,0.010452088829324496,exper2_07
17.706296296111077,17.837431,Calibration,2015,2015-11-19,0.003689389605815215,exper2_07
17.564166666666722,17.269728,Calibration,2015,2015-11-20,-0.008452656961057336,exper2_07
17.225909090909113,18.30203,Calibration,2015,2015-11-21,0.03028944213814654,exper2_07
16.982101449130425,18.167343,Calibration,2015,2015-11-22,0.03372006881998897,exper2_07
17.33493055541669,18.276361,Calibration,2015,2015-11-23,0.026436303110981333,exper2_07
18.054444444166677,18.603441,Calibration,2015,2015-11-24,0.014976226370242597,exper2_07
18.87120370388891,19.148685,Calibration,2015,2015-11-25,0.007298331414680889,exper2_07
19.429015151363615,19.6136,Calibration,2015,2015-11-26,0.004727773131889284,exper2_07
19.69630434782607,20.068472,Calibration,2015,2015-11-27,0.009359226827874037,exper2_07
19.275750000000016,19.852339,Calibration,2015,2015-11-28,0.01473593034341432,exper2_07
19.499062500000036,20.046892,Calibration,2015,2015-11-29,0.01385298877628949,exper2_07
20.48680555541671,20.558697,Calibration,2015,2015-11-30,0.001751499856916964,exper2_07
20.246309523809487,20.553316,Calibration,2015,2015-12-01,0.007524740428536173,exper2_07
20.44704861125001,20.672125,Calibration,2015,2015-12-02,0.005473754270951915,exper2_07
19.830208333333303,20.650969,Calibration,2015,2015-12-03,0.02027510762927432,exper2_07
20.178854166666724,20.47124,Calibration,2015,2015-12-04,0.007192724539479131,exper2_07
20.371875000000045,20.301823,Calibration,2015,2015-12-05,-0.0017223006924046726,exper2_07
19.971458333333317,20.660078,Calibration,2015,2015-12-06,0.016947912303831397,exper2_07
19.633958333333283,19.970095,Calibration,2015,2015-12-07,0.00848742292444192,exper2_07
19.376145833333283,19.651125,Calibration,2015,2015-12-08,0.007045819893150765,exper2_07
19.387812499999995,19.655605,Calibration,2015,2015-12-09,0.006858846667139385,exper2_07
19.831979166666713,20.103405,Calibration,2015,2015-12-10,0.006796625042796871,exper2_07
19.659791666666706,20.575016,Calibration,2015,2015-12-11,0.022747079149722998,exper2_07
20.094062500000007,21.077765,Calibration,2015,2015-12-12,0.023892600414428606,exper2_07
20.24020833333327,20.324545,Calibration,2015,2015-12-13,0.0020790604292369357,exper2_07
19.92625000000004,20.129774,Calibration,2015,2015-12-14,0.005080985899952742,exper2_07
20.099791666666704,20.274406,Calibration,2015,2015-12-15,0.004324909834921286,exper2_07
20.04583333333329,19.932417,Calibration,2015,2015-12-16,-0.0028369530115173154,exper2_07
19.789895833333276,19.635546,Calibration,2015,2015-12-17,-0.003914987292969019,exper2_07
19.614479166666683,19.532022,Calibration,2015,2015-12-18,-0.00210636166732481,exper2_07
19.558229166666706,20.01396,Calibration,2015,2015-12-19,0.011516439421279856,exper2_07
19.451979166666717,20.549873,Calibration,2015,2015-12-20,0.02744608352501529,exper2_07
20.081875000000025,21.03874,Calibration,2015,2015-12-21,0.023269718957329003,exper2_07
20.6640625,21.479311,Calibration,2015,2015-12-22,0.019344642392838465,exper2_07
20.931249999999977,21.237293,Calibration,2015,2015-12-23,0.007257619539799179,exper2_07
20.635625000000005,20.87119,Calibration,2015,2015-12-24,0.0056753119322811635,exper2_07
20.12937500000004,21.042027,Calibration,2015,2015-12-25,0.02216712295637999,exper2_07
21.09572916666673,21.498377,Calibration,2015,2015-12-26,0.009453131368082809,exper2_07
21.54916666666668,21.868055,Calibration,2015,2015-12-27,0.007344750819977371,exper2_07
22.303541666666717,22.248775,Calibration,2015,2015-12-28,-0.0012292555807145833,exper2_07
23.236145833333296,22.480087,Calibration,2015,2015-12-29,-0.016538076336714398,exper2_07
23.522604166666724,22.76337,Calibration,2015,2015-12-30,-0.016403103920575146,exper2_07
23.61031250000002,22.91924,Calibration,2015,2015-12-31,-0.014852314221792517,exper2_07
23.10010416666671,22.854261,Calibration,2016,2016-01-01,-0.005349715208311276,exper2_07
21.997083333333308,21.971245,Calibration,2016,2016-01-02,-0.0005876621288891188,exper2_07
21.139479166666717,21.449053,Calibration,2016,2016-01-03,0.007268943765588672,exper2_07
21.064583333333303,21.039314,Calibration,2016,2016-01-04,-0.0006001597180342642,exper2_07
20.587187500000027,21.052515,Calibration,2016,2016-01-05,0.011175092559150319,exper2_07
20.783749999999998,21.144615,Calibration,2016,2016-01-06,0.008606707460402062,exper2_07
20.877916666666692,21.432777,Calibration,2016,2016-01-07,0.013113959728040555,exper2_07
20.516250000000014,20.576042,Calibration,2016,2016-01-08,0.0014550703338205493,exper2_07
20.354583333333323,20.359425,Calibration,2016,2016-01-09,0.00011890889592887591,exper2_07
20.9914583333333,20.777672,Calibration,2016,2016-01-10,-0.005118289957548556,exper2_07
21.156562500000007,20.927843,Calibration,2016,2016-01-11,-0.005434778106055522,exper2_07
21.02312500000005,20.57726,Calibration,2016,2016-01-12,-0.010717832210308408,exper2_07
20.858541666666724,21.387403,Calibration,2016,2016-01-13,0.012518641009314515,exper2_07
21.531562500000007,21.650835,Calibration,2016,2016-01-14,0.0027620638045537617,exper2_07
21.492500000000007,21.267471,Calibration,2016,2016-01-15,-0.005262601438007104,exper2_07
21.65427083333327,22.05892,Calibration,2016,2016-01-16,0.009256910018081361,exper2_07
22.429270833333305,22.394337,Calibration,2016,2016-01-17,-0.0007793690605453994,exper2_07
22.713958333333323,22.538324,Calibration,2016,2016-01-18,-0.0038812180693663574,exper2_07
21.48406250000005,21.891352,Calibration,2016,2016-01-19,0.00938986306742071,exper2_07
21.98854166666672,22.4736,Calibration,2016,2016-01-20,0.01090947710784588,exper2_07
22.372465277916717,22.854998,Calibration,2016,2016-01-21,0.010669012274716113,exper2_07
23.15083333333331,23.0346,Calibration,2016,2016-01-22,-0.0025166816135794657,exper2_07
23.641041666666695,23.379278,Calibration,2016,2016-01-23,-0.005567028989175288,exper2_07
24.399687500000027,23.63176,Calibration,2016,2016-01-24,-0.015988022475154327,exper2_07
24.881145833333278,23.751238,Calibration,2016,2016-01-25,-0.023233653751795612,exper2_07
24.95989583333329,23.953543,Calibration,2016,2016-01-26,-0.02057416435985216,exper2_07
24.777916666666727,23.67251,Calibration,2016,2016-01-27,-0.02281520705320246,exper2_07
24.451354166666704,23.52416,Calibration,2016,2016-01-28,-0.01932639577077988,exper2_07
24.031875000000014,23.812006,Calibration,2016,2016-01-29,-0.004595551170087111,exper2_07
24.036458333333314,23.870155,Calibration,2016,2016-01-30,-0.0034713995861581108,exper2_07
24.603750000000048,23.79656,Calibration,2016,2016-01-31,-0.016677366482366028,exper2_07
23.88645833333328,23.37441,Calibration,2016,2016-02-01,-0.010834496176233393,exper2_07
23.482604166666704,23.267946,Calibration,2016,2016-02-02,-0.004591559275735756,exper2_07
24.074374999999975,23.401728,Calibration,2016,2016-02-03,-0.014168124291778914,exper2_07
23.826874999999973,23.4395,Calibration,2016,2016-02-04,-0.008195555183918325,exper2_07
23.52489583333329,23.590376,Calibration,2016,2016-02-05,0.0013897843422298675,exper2_07
23.113229166666713,23.073034,Calibration,2016,2016-02-06,-0.0008702778090816609,exper2_07
23.081145833333323,22.876715,Calibration,2016,2016-02-07,-0.004448229846025777,exper2_07
23.279895833333285,23.367916,Calibration,2016,2016-02-08,0.0018869110936371456,exper2_07
23.021770833333278,23.033731,Calibration,2016,2016-02-09,0.00025970028861446254,exper2_07
22.815416666666692,22.887094,Calibration,2016,2016-02-10,0.00156835651231978,exper2_07
22.99312500000002,23.12687,Calibration,2016,2016-02-11,0.0028999180068266664,exper2_07
23.3359375,23.311388,Calibration,2016,2016-02-12,-0.0005262784946725905,exper2_07
23.849479166666697,23.47243,Calibration,2016,2016-02-13,-0.007967765958017157,exper2_07
23.87593750000002,23.074314,Calibration,2016,2016-02-14,-0.017073888955916768,exper2_07
23.54270833333328,23.35675,Calibration,2016,2016-02-15,-0.003965031787665916,exper2_07
23.281354166666688,22.921064,Calibration,2016,2016-02-16,-0.007798072074872761,exper2_07
22.973749999999995,23.219885,Calibration,2016,2016-02-17,0.00532832874304497,exper2_07
22.239374999999995,22.424324,Calibration,2016,2016-02-18,0.004140925172743406,exper2_07
21.81354166666671,22.148655,Calibration,2016,2016-02-19,0.007622759938337781,exper2_07
21.873749999999973,22.379978,Calibration,2016,2016-02-20,0.011439221072479824,exper2_07
21.944166666666717,22.585676,Calibration,2016,2016-02-21,0.014406283188306987,exper2_07
22.7890625,22.883623,Calibration,2016,2016-02-22,0.002070397697852398,exper2_07
22.48677083333331,22.336855,Calibration,2016,2016-02-23,-0.0033445732261103123,exper2_07
22.197500000000048,22.530453,Calibration,2016,2016-02-24,0.007443951890536334,exper2_07
22.6686458333333,22.593506,Calibration,2016,2016-02-25,-0.001660106096334915,exper2_07
23.265000000000043,22.57686,Calibration,2016,2016-02-26,-0.015011161539278185,exper2_07
23.670208333333278,23.109793,Calibration,2016,2016-02-27,-0.011979812131071724,exper2_07
23.646875000000023,23.05459,Calibration,2016,2016-02-28,-0.012682359577456045,exper2_07
24.461354166666695,23.7878,Calibration,2016,2016-02-29,-0.013959920031664944,exper2_07
23.355000000000018,22.332201,Calibration,2016,2016-03-01,-0.022386991837856637,exper2_07
,21.90207,Calibration,2016,2016-03-02,,exper2_07
,22.156506,Calibration,2016,2016-03-03,,exper2_07
,22.161047,Calibration,2016,2016-03-04,,exper2_07
,22.10864,Calibration,2016,2016-03-05,,exper2_07
,22.05374,Calibration,2016,2016-03-06,,exper2_07
,21.946615,Calibration,2016,2016-03-07,,exper2_07
,21.870018,Calibration,2016,2016-03-08,,exper2_07
,21.792425,Calibration,2016,2016-03-09,,exper2_07
,21.67103,Calibration,2016,2016-03-10,,exper2_07
,21.393595,Calibration,2016,2016-03-11,,exper2_07
,21.035597,Calibration,2016,2016-03-12,,exper2_07
,21.045467,Calibration,2016,2016-03-13,,exper2_07
,21.133001,Calibration,2016,2016-03-14,,exper2_07
21.770833332500047,21.042961,Calibration,2016,2016-03-15,-0.017000880701938847,exper2_07
,21.069868,Calibration,2016,2016-03-16,,exper2_07
,20.840204,Calibration,2016,2016-03-17,,exper2_07
,20.618792,Calibration,2016,2016-03-18,,exper2_07
,20.479612,Calibration,2016,2016-03-19,,exper2_07
,20.33795,Calibration,2016,2016-03-20,,exper2_07
,20.313547,Calibration,2016,2016-03-21,,exper2_07
,20.26835,Calibration,2016,2016-03-22,,exper2_07
,20.128721,Calibration,2016,2016-03-23,,exper2_07
,20.32039,Calibration,2016,2016-03-24,,exper2_07
,20.33465,Calibration,2016,2016-03-25,,exper2_07
,20.51795,Calibration,2016,2016-03-26,,exper2_07
,20.328398,Calibration,2016,2016-03-27,,exper2_07
,20.285461,Calibration,2016,2016-03-28,,exper2_07
20.6115476190476,20.256262,Calibration,2016,2016-03-29,-0.008693536509893391,exper2_07
20.55562500000002,20.124737,Calibration,2016,2016-03-30,-0.010592044790044521,exper2_07
20.044791666666697,20.196314,Calibration,2016,2016-03-31,0.003765358565323939,exper2_07
20.127604166666686,19.84006,Calibration,2016,2016-04-01,-0.007194438240104668,exper2_07
19.603229166666722,19.776949,Calibration,2016,2016-04-02,0.004411350343439358,exper2_07
19.66500000000002,19.79912,Calibration,2016,2016-04-03,0.0033985288285401133,exper2_07
19.833333333333314,19.703712,Calibration,2016,2016-04-04,-0.0032784662420374112,exper2_07
19.81687500000004,19.324392,Calibration,2016,2016-04-05,-0.012582185376477154,exper2_07
19.16302083333329,19.468658,Calibration,2016,2016-04-06,0.007911579812835799,exper2_07
19.100208333333285,19.556032,Calibration,2016,2016-04-07,0.011791727322432083,exper2_07
18.89166666666671,19.270683,Calibration,2016,2016-04-08,0.00993168980296139,exper2_07
18.744895833333317,19.178873,Calibration,2016,2016-04-09,0.011443409804460236,exper2_07
18.63520833333331,19.044493,Calibration,2016,2016-04-10,0.010862198392393592,exper2_07
18.65156250000001,19.008978,Calibration,2016,2016-04-11,0.009490447728928564,exper2_07
18.814583333333303,19.011076,Calibration,2016,2016-04-12,0.005194691745713642,exper2_07
18.61166666666668,18.89987,Calibration,2016,2016-04-13,0.007683056424514616,exper2_07
18.524270833333276,18.665874,Calibration,2016,2016-04-14,0.003807558337572706,exper2_07
18.551354166666727,18.94019,Calibration,2016,2016-04-15,0.010371277315180814,exper2_07
18.362083333333317,18.486698,Calibration,2016,2016-04-16,0.00338178936407071,exper2_07
17.90729166666671,18.31863,Calibration,2016,2016-04-17,0.011354812532942432,exper2_07
17.761354166666706,18.240667,Calibration,2016,2016-04-18,0.013313507307982286,exper2_07
17.709166666666704,18.261166,Calibration,2016,2016-04-19,0.015345950875503231,exper2_07
17.991250000000036,18.232243,Calibration,2016,2016-04-20,0.006652936175828768,exper2_07
17.753333333333273,18.111155,Calibration,2016,2016-04-21,0.009977034219546882,exper2_07
17.612291666666692,18.016275,Calibration,2016,2016-04-22,0.011338759102898081,exper2_07
17.566041666666706,17.895231,Calibration,2016,2016-04-23,0.009283072863274108,exper2_07
17.334062500000016,17.729614,Calibration,2016,2016-04-24,0.011280954947896372,exper2_07
17.09156250000001,17.77498,Calibration,2016,2016-04-25,0.01960096944973957,exper2_07
17.002604166666686,17.901392,Calibration,2016,2016-04-26,0.025750284079529215,exper2_07
16.85135416666668,17.557228,Calibration,2016,2016-04-27,0.020514472711490973,exper2_07
17.295000000000016,17.498468,Calibration,2016,2016-04-28,0.005847890664829598,exper2_07
,17.450226,Calibration,2016,2016-04-29,,exper2_07
16.777310605909122,17.605742,Calibration,2016,2016-04-30,0.02409416396115709,exper2_07
16.4420833333333,17.228394,Calibration,2016,2016-05-01,0.023353106163873514,exper2_07
16.510625000000005,17.15289,Calibration,2016,2016-05-02,0.019078942468888974,exper2_07
16.394687499999975,17.153608,Calibration,2016,2016-05-03,0.022621739899010146,exper2_07
16.421770833333312,17.174076,Calibration,2016,2016-05-04,0.022392804947660563,exper2_07
16.72885416666668,17.111689,Calibration,2016,2016-05-05,0.011312893227140106,exper2_07
16.711458333333326,17.081537,Calibration,2016,2016-05-06,0.010951349740340656,exper2_07
17.002187500000048,17.089596,Calibration,2016,2016-05-07,0.0025639108967154653,exper2_07
17.71531250000004,17.00902,Calibration,2016,2016-05-08,-0.020339992175002996,exper2_07
17.1960416666667,16.869223,Calibration,2016,2016-05-09,-0.009593908408396563,exper2_07
16.976979166666695,16.84602,Calibration,2016,2016-05-10,-0.0038719045030914468,exper2_07
16.856562499999995,16.764322,Calibration,2016,2016-05-11,-0.0027435393124648666,exper2_07
16.691250000000025,16.567238,Calibration,2016,2016-05-12,-0.00372873675256974,exper2_07
16.578437500000007,16.585451,Calibration,2016,2016-05-13,0.00021148382741541808,exper2_07
16.390520833333312,16.40569,Calibration,2016,2016-05-14,0.0004625048484246914,exper2_07
16.32218750000004,16.37324,Calibration,2016,2016-05-15,0.0015614421302709294,exper2_07
16.232812500000023,16.123621,Calibration,2016,2016-05-16,-0.003374646130440307,exper2_07
16.119791666666686,16.042461,Calibration,2016,2016-05-17,-0.0024043797943542585,exper2_07
15.976666666666688,15.921132,Calibration,2016,2016-05-18,-0.0017410160301908856,exper2_07
15.592604166666717,15.657868,Calibration,2016,2016-05-19,0.0020884234163072012,exper2_07
15.400520833333303,15.657479,Calibration,2016,2016-05-20,0.008273502861473258,exper2_07
15.347604166666713,15.439266,Calibration,2016,2016-05-21,0.002977309387449876,exper2_07
15.197604166666679,15.338467,Calibration,2016,2016-05-22,0.004612986343020298,exper2_07
14.885104166666679,15.039473,Calibration,2016,2016-05-23,0.00515858301343553,exper2_07
14.573750000000018,14.909793,Calibration,2016,2016-05-24,0.01139764312668329,exper2_07
14.441562499999975,14.789047,Calibration,2016,2016-05-25,0.011887700745464079,exper2_07
14.276041666666686,14.705811,Calibration,2016,2016-05-26,0.014828896270732694,exper2_07
14.174895833333323,14.882042,Calibration,2016,2016-05-27,0.02433656648717186,exper2_07
14.108750000000043,14.62164,Calibration,2016,2016-05-28,0.01785183569442628,exper2_07
14.12354166666671,14.630351,Calibration,2016,2016-05-29,0.01762576652226574,exper2_07
14.04000000000002,14.350748,Calibration,2016,2016-05-30,0.010945398883244967,exper2_07
13.884166666666715,14.231628,Calibration,2016,2016-05-31,0.012358240279390621,exper2_07
13.663437500000043,13.871872,Calibration,2016,2016-06-01,0.00756971511919762,exper2_07
13.321562500000027,13.509922,Calibration,2016,2016-06-02,0.007020093405349733,exper2_07
12.9563541666667,13.1022005,Calibration,2016,2016-06-03,0.005596869944291465,exper2_07
12.838125000000048,12.797409,Calibration,2016,2016-06-04,-0.0015882619137697303,exper2_07
12.578645833333326,12.308407,Calibration,2016,2016-06-05,-0.010858618220360562,exper2_07
12.39302083333331,12.241656,Calibration,2016,2016-06-06,-0.006144368326297637,exper2_07
12.256458333333285,12.15254,Calibration,2016,2016-06-07,-0.004257369521030455,exper2_07
12.00093750000002,12.336796,Calibration,2016,2016-06-08,0.013799900863805415,exper2_07
11.969166666666695,12.535797,Calibration,2016,2016-06-09,0.02312308875159852,exper2_07
12.047916666666708,12.588266,Calibration,2016,2016-06-10,0.021933174678518297,exper2_07
12.314791666666679,12.544199,Calibration,2016,2016-06-11,0.009228344238553366,exper2_07
12.420729166666717,12.636665,Calibration,2016,2016-06-12,0.008617662841106172,exper2_07
12.26927083333328,12.593872,Calibration,2016,2016-06-13,0.013055519096566917,exper2_07
12.1126041666667,12.297764,Calibration,2016,2016-06-14,0.007585287442756945,exper2_07
12.069791666666674,12.305814,Calibration,2016,2016-06-15,0.009682718368850715,exper2_07
11.990625000000023,12.293233,Calibration,2016,2016-06-16,0.012461278550142958,exper2_07
12.002187500000048,12.198509,Calibration,2016,2016-06-17,0.008112234065403848,exper2_07
11.973541666666677,12.185181,Calibration,2016,2016-06-18,0.008760355555998297,exper2_07
11.8046875,12.0923605,Calibration,2016,2016-06-19,0.012038013923848519,exper2_07
11.721354166666686,12.104645,Calibration,2016,2016-06-20,0.01608707402598597,exper2_07
11.926354166666727,12.186479,Calibration,2016,2016-06-21,0.010787801271539475,exper2_07
11.773020833333305,12.168192,Calibration,2016,2016-06-22,0.016505892190872375,exper2_07
11.939479166666729,12.038816,Calibration,2016,2016-06-23,0.004142800094690492,exper2_07
12.08562500000005,12.082795,Calibration,2016,2016-06-24,-0.00011708903005864499,exper2_07
12.104270833333317,12.063332,Calibration,2016,2016-06-25,-0.0016939714825067718,exper2_07
12.016145833333326,11.898773,Calibration,2016,2016-06-26,-0.004907925460376637,exper2_07
12.053333333333285,11.744455,Calibration,2016,2016-06-27,-0.012979272993844031,exper2_07
12.0,11.726394,Calibration,2016,2016-06-28,-0.01153172723244857,exper2_07
12.00635416666671,11.646937,Calibration,2016,2016-06-29,-0.015195212717210888,exper2_07
11.91500000000002,11.462189,Calibration,2016,2016-06-30,-0.01936979183882277,exper2_07
11.706413043478278,11.547323,Calibration,2016,2016-07-01,-0.006841473331407269,exper2_07
11.425729166666713,11.360292,Calibration,2016,2016-07-02,-0.002871792764842593,exper2_07
11.246458333333294,10.962773,Calibration,2016,2016-07-03,-0.012773292415659063,exper2_07
11.127708333333317,10.724151,Calibration,2016,2016-07-04,-0.018467887599217844,exper2_07
11.050416666666706,10.572748,Calibration,2016,2016-07-05,-0.022090590612288092,exper2_07
10.828541666666695,10.532584,Calibration,2016,2016-07-06,-0.013854956816359374,exper2_07
10.951250000000016,10.468821,Calibration,2016,2016-07-07,-0.022522308060622897,exper2_07
10.676666666666677,10.397375,Calibration,2016,2016-07-08,-0.013252871132040892,exper2_07
10.724895833333278,10.414194,Calibration,2016,2016-07-09,-0.014697970780850809,exper2_07
10.540312500000027,10.304543,Calibration,2016,2016-07-10,-0.011310702714251665,exper2_07
10.40260416666672,10.161923,Calibration,2016,2016-07-11,-0.011703685255039006,exper2_07
10.263333333333321,10.080104,Calibration,2016,2016-07-12,-0.009006809284857139,exper2_07
10.3092708333333,10.301297,Calibration,2016,2016-07-13,-0.0003868717019320905,exper2_07
10.18604166666671,10.242618,Calibration,2016,2016-07-14,0.0027694397215089813,exper2_07
10.076874999999973,10.149004,Calibration,2016,2016-07-15,0.0035661729513077776,exper2_07
10.017291666666722,10.081523,Calibration,2016,2016-07-16,0.0031957742869198323,exper2_07
9.860416666666652,9.98743,Calibration,2016,2016-07-17,0.00639933171296145,exper2_07
9.795520833333342,9.787343,Calibration,2016,2016-07-18,-0.000417600213375097,exper2_07
9.678854166666667,9.853317,Calibration,2016,2016-07-19,0.008932089026758272,exper2_07
9.546666666666681,9.894149,Calibration,2016,2016-07-20,0.017873846910012908,exper2_07
9.534375000000011,10.024998,Calibration,2016,2016-07-21,0.02508376513021562,exper2_07
9.619375000000048,9.917,Calibration,2016,2016-07-22,0.015234393263027736,exper2_07
9.778437499999995,9.976133,Calibration,2016,2016-07-23,0.010007600169763839,exper2_07
9.91052083333335,10.169676,Calibration,2016,2016-07-24,0.01290599878459427,exper2_07
10.11864583333329,10.111698,Calibration,2016,2016-07-25,-0.00034342879705997987,exper2_07
10.129791666666677,9.998074,Calibration,2016,2016-07-26,-0.006544066506084068,exper2_07
10.171354166666674,9.875835,Calibration,2016,2016-07-27,-0.014741155946427385,exper2_07
10.026770833333273,9.915445,Calibration,2016,2016-07-28,-0.005582403915151828,exper2_07
10.051562500000045,9.928488,Calibration,2016,2016-07-29,-0.006159880509779709,exper2_07
9.915624999999977,9.979975,Calibration,2016,2016-07-30,0.0032343707917015436,exper2_07
9.791666666666686,9.714157,Calibration,2016,2016-07-31,-0.003973662588354921,exper2_07
9.65197916666665,9.779713,Calibration,2016,2016-08-01,0.006573463153025613,exper2_07
9.644062500000018,9.6641865,Calibration,2016,2016-08-02,0.0010422476778913115,exper2_07
9.813020833333326,9.769989,Calibration,2016,2016-08-03,-0.002197405812367068,exper2_07
9.795833333333348,9.809252,Calibration,2016,2016-08-04,0.0006844373214290868,exper2_07
9.861354166666672,9.689289,Calibration,2016,2016-08-05,-0.008800992957807811,exper2_07
9.909895833333337,9.443821,Calibration,2016,2016-08-06,-0.024081931398542863,exper2_07
9.581041666666692,9.018199,Calibration,2016,2016-08-07,-0.030261595662594416,exper2_07
9.149687500000027,9.032971,Calibration,2016,2016-08-08,-0.006419089673048402,exper2_07
9.042500000000018,9.281117,Calibration,2016,2016-08-09,0.013022398009609788,exper2_07
8.933541666666656,9.028624,Calibration,2016,2016-08-10,0.005293455045942709,exper2_07
8.78791666666666,9.046923,Calibration,2016,2016-08-11,0.014522475474028037,exper2_07
8.883645833333333,9.0057335,Calibration,2016,2016-08-12,0.006824588737840001,exper2_07
9.075625000000002,9.094234,Calibration,2016,2016-08-13,0.0010241943030428276,exper2_07
9.00666666666666,9.063923,Calibration,2016,2016-08-14,0.003168475232031843,exper2_07
9.385729166666692,9.150299,Calibration,2016,2016-08-15,-0.012701215781845847,exper2_07
9.960729166666681,9.520637,Calibration,2016,2016-08-16,-0.0225904392095417,exper2_07
9.449895833333358,9.372611,Calibration,2016,2016-08-17,-0.004105977380806785,exper2_07
9.874791666666681,9.819095,Calibration,2016,2016-08-18,-0.002828137009162062,exper2_07
9.957187499999975,9.729692,Calibration,2016,2016-08-19,-0.011555667600253686,exper2_07
9.971562500000005,9.731511,Calibration,2016,2016-08-20,-0.012183448564943604,exper2_07
9.85270833333334,9.905521,Calibration,2016,2016-08-21,0.002672965150264105,exper2_07
10.111874999999998,10.149355,Calibration,2016,2016-08-22,0.0018498351192495922,exper2_07
10.1217708333333,10.260258,Calibration,2016,2016-08-23,0.006794558610550093,exper2_07
10.340625000000045,10.507969,Calibration,2016,2016-08-24,0.008026627760593139,exper2_07
10.33229166666672,10.659517,Calibration,2016,2016-08-25,0.015588252648674169,exper2_07
10.22239583333328,11.078043,Calibration,2016,2016-08-26,0.040170400150576754,exper2_07
10.30104166666672,11.154879,Calibration,2016,2016-08-27,0.03979493484335943,exper2_07
10.329791666666722,10.996718,Calibration,2016,2016-08-28,0.03127219304597411,exper2_07
10.7219791666667,10.772996,Calibration,2016,2016-08-29,0.002373428294323342,exper2_07
10.414166666666688,11.035708,Calibration,2016,2016-08-30,0.02897647459651603,exper2_07
10.710729166666681,11.252957,Calibration,2016,2016-08-31,0.024687484822905253,exper2_07
11.18604166666671,11.37397,Calibration,2016,2016-09-01,0.008330153706651548,exper2_07
11.328958333333276,11.628674,Calibration,2016,2016-09-02,0.013055145304679622,exper2_07
11.25416666666672,11.914253,Calibration,2016,2016-09-03,0.028490789229565484,exper2_07
11.566458333333287,12.093063,Calibration,2016,2016-09-04,0.022257635978747473,exper2_07
11.585312500000043,12.08379,Calibration,2016,2016-09-05,0.021060254782186972,exper2_07
11.669791666666697,12.260831,Calibration,2016,2016-09-06,0.02469802912195993,exper2_07
11.975416666666717,12.082529,Calibration,2016,2016-09-07,0.004452267143163914,exper2_07
11.812708333333319,11.757675,Calibration,2016,2016-09-08,-0.002334843742572154,exper2_07
11.316979166666727,11.281347,Calibration,2016,2016-09-09,-0.0015767491446225673,exper2_07
10.843333333333305,11.232334,Calibration,2016,2016-09-10,0.01762124765436893,exper2_07
10.826874999999973,11.337837,Calibration,2016,2016-09-11,0.02305295977607189,exper2_07
11.472708333333287,11.325804,Calibration,2016,2016-09-12,-0.006443603689538674,exper2_07
11.562604166666688,11.961025,Calibration,2016,2016-09-13,0.016937057820284866,exper2_07
11.855937500000039,12.1057,Calibration,2016,2016-09-14,0.010423413007053496,exper2_07
12.080937500000005,11.998847,Calibration,2016,2016-09-15,-0.003409104106480444,exper2_07
12.314062499999977,11.971791,Calibration,2016,2016-09-16,-0.014093440398808397,exper2_07
12.154270833333271,11.876654,Calibration,2016,2016-09-17,-0.011552496118720081,exper2_07
11.72802083333329,12.092331,Calibration,2016,2016-09-18,0.015294068822470282,exper2_07
12.408333333333303,12.538023,Calibration,2016,2016-09-19,0.005198741650079857,exper2_07
12.94500000000005,12.784597,Calibration,2016,2016-09-20,-0.006234166849773473,exper2_07
12.792395833333273,12.270753,Calibration,2016,2016-09-21,-0.020813144108213014,exper2_07
12.18385416666672,12.206179,Calibration,2016,2016-09-22,0.0009153123592880394,exper2_07
12.163125000000036,12.6191225,Calibration,2016,2016-09-23,0.018400167502664613,exper2_07
12.59229166666671,12.648563,Calibration,2016,2016-09-24,0.0022293903367317774,exper2_07
12.454687499999977,12.348581,Calibration,2016,2016-09-25,-0.004277911379680759,exper2_07
12.3515625,12.189562,Calibration,2016,2016-09-26,-0.006601191284391227,exper2_07
12.435000000000002,12.108596,Calibration,2016,2016-09-27,-0.013298953989335416,exper2_07
12.64208333333329,12.286053,Calibration,2016,2016-09-28,-0.014282280429820318,exper2_07
12.973125000000039,12.095569,Calibration,2016,2016-09-29,-0.03500606593580356,exper2_07
12.918020833333287,12.158651,Calibration,2016,2016-09-30,-0.030281908053608125,exper2_07
13.3014583333333,12.42073,Calibration,2016,2016-10-01,-0.03424003810243882,exper2_07
13.159062500000005,12.48583,Calibration,2016,2016-10-02,-0.02625209619941263,exper2_07
13.219375000000014,13.027451,Calibration,2016,2016-10-03,-0.007312291462702746,exper2_07
13.783020833333296,13.356789,Calibration,2016,2016-10-04,-0.015705054914727005,exper2_07
13.883125000000007,13.456971,Calibration,2016,2016-10-05,-0.015587137252745055,exper2_07
13.842812500000036,13.608419,Calibration,2016,2016-10-06,-0.00853852688150296,exper2_07
13.736979166666686,13.467309,Calibration,2016,2016-10-07,-0.009912781651385285,exper2_07
13.79000000000002,13.676959,Calibration,2016,2016-10-08,-0.0041155252048022855,exper2_07
14.021145833333321,13.964243,Calibration,2016,2016-10-09,-0.00203330740277862,exper2_07
14.097604166666713,14.04753,Calibration,2016,2016-10-10,-0.0017791349582771717,exper2_07
14.241145833333292,14.330826,Calibration,2016,2016-10-11,0.0031387393724123793,exper2_07
14.44625000000002,14.489532,Calibration,2016,2016-10-12,0.001495811310681752,exper2_07
14.455000000000041,14.519415,Calibration,2016,2016-10-13,0.0022231648836333806,exper2_07
15.017916666666679,14.548889,Calibration,2016,2016-10-14,-0.015863313381147458,exper2_07
14.954270833333283,14.299998,Calibration,2016,2016-10-15,-0.02236502806946285,exper2_07
14.9296875,14.602846,Calibration,2016,2016-10-16,-0.011067162685463731,exper2_07
14.819375000000036,14.991833,Calibration,2016,2016-10-17,0.005784996525399499,exper2_07
15.17822916666671,15.423241,Calibration,2016,2016-10-18,0.008006527017466855,exper2_07
15.550937499999975,15.639563,Calibration,2016,2016-10-19,0.0028414134594845486,exper2_07
15.643437500000005,15.967536,Calibration,2016,2016-10-20,0.010252720400280739,exper2_07
15.935833333333278,15.8146305,Calibration,2016,2016-10-21,-0.0038173560397258962,exper2_07
16.316979166666727,15.608662,Calibration,2016,2016-10-22,-0.022186477605482324,exper2_07
15.977187500000014,16.0919,Calibration,2016,2016-10-23,0.003577038862881301,exper2_07
16.566041666666706,16.086702,Calibration,2016,2016-10-24,-0.01467990928012765,exper2_07
16.35250000000002,16.237259,Calibration,2016,2016-10-25,-0.0035361135742504987,exper2_07
16.185625000000016,16.520645,Calibration,2016,2016-10-26,0.010243300142482745,exper2_07
16.369687499999998,16.600424,Calibration,2016,2016-10-27,0.006998348009100321,exper2_07
16.6555208333333,16.716055,Calibration,2016,2016-10-28,0.0018139414063794753,exper2_07
16.8977083333333,16.403301,Calibration,2016,2016-10-29,-0.014846609777566033,exper2_07
16.987187500000005,16.23818,Calibration,2016,2016-10-30,-0.022543237057012163,exper2_07
16.649062500000014,16.169064,Calibration,2016,2016-10-31,-0.014626031080766877,exper2_07
16.878541666666706,16.367018,Calibration,2016,2016-11-01,-0.015386232920495518,exper2_07
16.427916666666704,16.133892,Calibration,2016,2016-11-02,-0.009029738176240285,exper2_07
16.305208333333326,16.308805,Calibration,2016,2016-11-03,0.00011029407134865582,exper2_07
16.528125000000045,16.143082,Calibration,2016,2016-11-04,-0.011785402936250015,exper2_07
16.526041666666686,16.57916,Calibration,2016,2016-11-05,0.0016045521506906284,exper2_07
16.67822916666671,16.40431,Calibration,2016,2016-11-06,-0.008279864401320803,exper2_07
16.733854166666674,16.251087,Calibration,2016,2016-11-07,-0.014635981090417235,exper2_07
16.489479166666683,16.61667,Calibration,2016,2016-11-08,0.0038419279414108583,exper2_07
16.916770833333317,17.2351,Calibration,2016,2016-11-09,0.00932098164211662,exper2_07
17.62916666666672,17.769972,Calibration,2016,2016-11-10,0.0039776442811164416,exper2_07
18.265729166666688,17.820147,Calibration,2016,2016-11-11,-0.012347839619150675,exper2_07
17.574166666666713,17.300158,Calibration,2016,2016-11-12,-0.007857044569261808,exper2_07
17.569791666666674,17.071983,Calibration,2016,2016-11-13,-0.01437017384951718,exper2_07
17.50979166666673,15.979167,Calibration,2016,2016-11-14,-0.04570535315981352,exper2_07
17.459583333333285,17.418509,Calibration,2016,2016-11-15,-0.0011776677414447913,exper2_07
17.179062500000043,18.065262,Calibration,2016,2016-11-16,0.025144455380972184,exper2_07
17.26322916666669,17.894966,Calibration,2016,2016-11-17,0.017968412586938265,exper2_07
17.15812500000004,17.95945,Calibration,2016,2016-11-18,0.022818340200275903,exper2_07
17.31489583333331,18.337435,Calibration,2016,2016-11-19,0.028680844087252952,exper2_07
17.323333333333323,18.313677,Calibration,2016,2016-11-20,0.027789747123005352,exper2_07
17.551979166666683,18.510965,Calibration,2016,2016-11-21,0.026592009985546755,exper2_07
18.076874999999973,18.702635,Calibration,2016,2016-11-22,0.017013815970092515,exper2_07
19.310937500000023,19.024569,Calibration,2016,2016-11-23,-0.007470070744062917,exper2_07
20.221249999999998,19.578579,Calibration,2016,2016-11-24,-0.016147583243368336,exper2_07
20.9765625,19.998018,Calibration,2016,2016-11-25,-0.02388173879916384,exper2_07
19.306458333333296,19.672659,Calibration,2016,2016-11-26,0.009394789127010505,exper2_07
19.322500000000048,18.9709,Calibration,2016,2016-11-27,-0.009181749908069614,exper2_07
18.510000000000048,18.500189,Calibration,2016,2016-11-28,-0.00026509382405812896,exper2_07
18.178750000000036,18.712965,Calibration,2016,2016-11-29,0.01448062285607258,exper2_07
18.359479166666688,19.20587,Calibration,2016,2016-11-30,0.022531149959248667,exper2_07
18.529375000000016,19.23357,Calibration,2016,2016-12-01,0.018647780172682538,exper2_07
18.85052083333329,19.02905,Calibration,2016,2016-12-02,0.004713094310934466,exper2_07
19.6804166666667,19.277159,Calibration,2016,2016-12-03,-0.010351207058030599,exper2_07
19.273541666666688,19.81944,Calibration,2016,2016-12-04,0.01396412194673648,exper2_07
19.924062500000048,19.789633,Calibration,2016,2016-12-05,-0.0033849708961274897,exper2_07
19.755312500000002,20.039219,Calibration,2016,2016-12-06,0.007134306965841682,exper2_07
20.165208333333283,20.216776,Calibration,2016,2016-12-07,0.0012769942294376241,exper2_07
19.856770833333314,20.122046,Calibration,2016,2016-12-08,0.006635381130598711,exper2_07
19.661041666666677,20.216686,Calibration,2016,2016-12-09,0.013933707138249487,exper2_07
20.108750000000043,20.149134,Calibration,2016,2016-12-10,0.0010031248182262944,exper2_07
19.826354166666704,19.504156,Calibration,2016,2016-12-11,-0.00819206391443828,exper2_07
19.401458333333323,19.291277,Calibration,2016,2016-12-12,-0.0028475991892467916,exper2_07
19.20895833333327,19.428629,Calibration,2016,2016-12-13,0.005685411636255542,exper2_07
19.250625000000014,19.437338,Calibration,2016,2016-12-14,0.004826123204462723,exper2_07
18.886770833333287,19.50032,Calibration,2016,2016-12-15,0.01598322719882737,exper2_07
18.752499999999998,19.527512,Calibration,2016,2016-12-16,0.020245855848876296,exper2_07
19.01093750000001,19.81745,Calibration,2016,2016-12-17,0.0207711968116095,exper2_07
20.404583333333278,20.290272,Calibration,2016,2016-12-18,-0.0028089932754550434,exper2_07
20.03760416666671,20.242239,Calibration,2016,2016-12-19,0.005080328414083336,exper2_07
19.755104166666683,20.35541,Calibration,2016,2016-12-20,0.014966286861487122,exper2_07
20.721770833333323,20.664942,Calibration,2016,2016-12-21,-0.0013731229666375697,exper2_07
21.012916666666683,20.82387,Calibration,2016,2016-12-22,-0.004518677887592546,exper2_07
20.085312500000043,20.606804,Calibration,2016,2016-12-23,0.012815538739569405,exper2_07
19.8248958333333,20.615377,Calibration,2016,2016-12-24,0.01954689049062844,exper2_07
19.52437500000002,20.908777,Calibration,2016,2016-12-25,0.034239285347475536,exper2_07
19.81270833333332,21.090351,Calibration,2016,2016-12-26,0.031235873036281257,exper2_07
20.054791666666688,21.238096,Calibration,2016,2016-12-27,0.028656377177378824,exper2_07
20.43718750000005,21.175758,Calibration,2016,2016-12-28,0.017748583920708678,exper2_07
20.76583333333332,21.303247,Calibration,2016,2016-12-29,0.012774562895585064,exper2_07
20.28322916666673,21.095844,Calibration,2016,2016-12-30,0.019638310736934377,exper2_07
20.610625000000027,21.55108,Calibration,2016,2016-12-31,0.02230592164234957,exper2_07
20.78093750000005,21.93065,Calibration,2017,2017-01-01,0.02691806273693697,exper2_07
20.499583333333305,21.376919,Calibration,2017,2017-01-02,0.020950543021724267,exper2_07
20.353229166666722,20.829044,Calibration,2017,2017-01-03,0.011553883135511823,exper2_07
19.990625000000023,20.79502,Calibration,2017,2017-01-04,0.01972248242117279,exper2_07
19.97895833333331,20.863447,Calibration,2017,2017-01-05,0.02165614009945918,exper2_07
20.66302083333329,20.825266,Calibration,2017,2017-01-06,0.003910623067420533,exper2_07
20.110937499999977,20.607641,Calibration,2017,2017-01-07,0.012198454261069178,exper2_07
20.411041666666677,20.579884,Calibration,2017,2017-01-08,0.004119007018639852,exper2_07
19.976875000000007,20.54564,Calibration,2017,2017-01-09,0.014035800397991894,exper2_07
19.85260416666671,21.165148,Calibration,2017,2017-01-10,0.03199940397435944,exper2_07
20.205312500000048,21.538843,Calibration,2017,2017-01-11,0.03194532585426517,exper2_07
20.621458333333294,21.854116,Calibration,2017,2017-01-12,0.02902039850123849,exper2_07
21.035000000000025,21.9441,Calibration,2017,2017-01-13,0.021152128322955255,exper2_07
21.098229166666727,22.318047,Calibration,2017,2017-01-14,0.02809585535528207,exper2_07
21.42770833333327,22.467459,Calibration,2017,2017-01-15,0.023687126882582437,exper2_07
20.89739583333329,22.155659,Calibration,2017,2017-01-16,0.02922586798053084,exper2_07
21.054166666666674,22.162024,Calibration,2017,2017-01-17,0.025635227729153706,exper2_07
21.195833333333326,22.472574,Calibration,2017,2017-01-18,0.02923717561045866,exper2_07
21.013020833333314,22.317749,Calibration,2017,2017-01-19,0.030110893354005578,exper2_07
20.55364583333329,22.090048,Calibration,2017,2017-01-20,0.03602882092890472,exper2_07
20.439999999999998,22.126068,Calibration,2017,2017-01-21,0.03961061450801312,exper2_07
20.18729166666668,21.377098,Calibration,2017,2017-01-22,0.028625619766852302,exper2_07
20.038125000000036,21.449474,Calibration,2017,2017-01-23,0.0340185828379745,exper2_07
19.940104166666686,21.561052,Calibration,2017,2017-01-24,0.03905790326947931,exper2_07
20.924895833333323,21.405334,Calibration,2017,2017-01-25,0.011349776172962286,exper2_07
19.944375000000036,21.21599,Calibration,2017,2017-01-26,0.03089416394808321,exper2_07
20.21895833333332,21.085144,Calibration,2017,2017-01-27,0.02097093653661867,exper2_07
20.3898958333333,21.2971,Calibration,2017,2017-01-28,0.021762283758017264,exper2_07
20.92208333333332,21.375528,Calibration,2017,2017-01-29,0.010720345294846126,exper2_07
21.120000000000005,21.701845,Calibration,2017,2017-01-30,0.013587578180486197,exper2_07
21.621249999999975,22.021633,Calibration,2017,2017-01-31,0.00917407648880225,exper2_07
21.829791666666722,22.23993,Calibration,2017,2017-02-01,0.009306560706390063,exper2_07
21.618854166666722,22.00697,Calibration,2017,2017-02-02,0.008896457488824545,exper2_07
21.69500000000005,21.698147,Calibration,2017,2017-02-03,7.251882610306601e-05,exper2_07
21.572812499999998,21.66625,Calibration,2017,2017-02-04,0.0021609563895432413,exper2_07
21.718854166666688,21.841543,Calibration,2017,2017-02-05,0.002816526900319376,exper2_07
22.583020833333308,22.294436,Calibration,2017,2017-02-06,-0.006430518924337062,exper2_07
23.36947916666668,22.713104,Calibration,2017,2017-02-07,-0.01424344882561927,exper2_07
22.941041666666706,22.234634,Calibration,2017,2017-02-08,-0.015636894204291388,exper2_07
21.45416666666671,21.486477,Calibration,2017,2017-02-09,0.0007524393871239436,exper2_07
20.81833333333327,21.5617,Calibration,2017,2017-02-10,0.017540511762776052,exper2_07
21.041770833333317,21.647179,Calibration,2017,2017-02-11,0.014181839185496384,exper2_07
21.088125000000048,21.99423,Calibration,2017,2017-02-12,0.021031934412567704,exper2_07
20.786249999999995,21.923307,Calibration,2017,2017-02-13,0.0266230204090599,exper2_07
20.764374999999973,21.772066,Calibration,2017,2017-02-14,0.023690066443901574,exper2_07
21.09270833333329,22.356007,Calibration,2017,2017-02-15,0.029075619158604134,exper2_07
21.729062499999998,22.78921,Calibration,2017,2017-02-16,0.02381374706186863,exper2_07
21.05489583333332,21.47756,Calibration,2017,2017-02-17,0.009937451324871645,exper2_07
21.05000000000001,21.87442,Calibration,2017,2017-02-18,0.01920632038422567,exper2_07
20.815312500000005,21.817072,Calibration,2017,2017-02-19,0.023497616387791576,exper2_07
21.513854166666704,21.995352,Calibration,2017,2017-02-20,0.011066568881523391,exper2_07
21.36958333333331,21.938879,Calibration,2017,2017-02-21,0.013145137206091641,exper2_07
22.028645833333314,22.141672,Calibration,2017,2017-02-22,0.002558874517241818,exper2_07
22.316354166666713,22.127087,Calibration,2017,2017-02-23,-0.004258615530878562,exper2_07
22.367083333333312,22.17026,Calibration,2017,2017-02-24,-0.0044192995183661475,exper2_07
22.702708333333305,22.169363,Calibration,2017,2017-02-25,-0.01188590799076415,exper2_07
22.974895833333278,22.365494,Calibration,2017,2017-02-26,-0.013440600404878007,exper2_07
22.99322916666671,22.329288,Calibration,2017,2017-02-27,-0.014649245417867201,exper2_07
22.586562500000014,22.487402,Calibration,2017,2017-02-28,-0.0021999515441496554,exper2_07
22.729895833333273,22.203218,Calibration,2017,2017-03-01,-0.011721363665358843,exper2_07
22.76333333333332,22.338947,Calibration,2017,2017-03-02,-0.009409414141984478,exper2_07
23.291562499999998,22.130873,Calibration,2017,2017-03-03,-0.02555322645677812,exper2_07
22.980000000000018,21.931093,Calibration,2017,2017-03-04,-0.02335518262746937,exper2_07
22.307187499999998,21.79613,Calibration,2017,2017-03-05,-0.01158775147190264,exper2_07
22.10520833333328,21.670439,Calibration,2017,2017-03-06,-0.009931767904252124,exper2_07
22.00979166666673,21.630781,Calibration,2017,2017-03-07,-0.008684819384635662,exper2_07
21.39302083333331,20.942564,Calibration,2017,2017-03-08,-0.0106401464482787,exper2_07
20.191354166666713,20.670954,Calibration,2017,2017-03-09,0.011736967596508623,exper2_07
19.786458333333314,20.664053,Calibration,2017,2017-03-10,0.02169551389570445,exper2_07
19.712708333333296,20.741146,Calibration,2017,2017-03-11,0.025422491108284356,exper2_07
19.724895833333278,20.713915,Calibration,2017,2017-03-12,0.024457174201003004,exper2_07
19.722500000000025,20.349533,Calibration,2017,2017-03-13,0.015647648318375732,exper2_07
19.942499999999995,20.420807,Calibration,2017,2017-03-14,0.011850042072399118,exper2_07
19.907812499999977,20.19192,Calibration,2017,2017-03-15,0.0070850056556362615,exper2_07
19.565937500000018,20.189405,Calibration,2017,2017-03-16,0.015682620124922053,exper2_07
20.04489583333327,20.288992,Calibration,2017,2017-03-17,0.006051886101609889,exper2_07
20.126562499999977,20.311106,Calibration,2017,2017-03-18,0.004563646625424681,exper2_07
19.795729166666717,20.347692,Calibration,2017,2017-03-19,0.013749782658868335,exper2_07
20.0827083333333,20.39335,Calibration,2017,2017-03-20,0.00767471626537196,exper2_07
19.4694791666667,20.464357,Calibration,2017,2017-03-21,0.024913163761926843,exper2_07
20.46291666666673,20.574217,Calibration,2017,2017-03-22,0.002712182028000713,exper2_07
19.915729166666722,20.380537,Calibration,2017,2017-03-23,0.011534762652953738,exper2_07
19.899999999999977,20.347864,Calibration,2017,2017-03-24,0.011127650136183961,exper2_07
19.899999999999977,20.244059,Calibration,2017,2017-03-25,0.008570598512717428,exper2_07
19.899999999999977,20.081463,Calibration,2017,2017-03-26,0.004538674853953485,exper2_07
19.899999999999977,20.12684,Calibration,2017,2017-03-27,0.005667212002719275,exper2_07
19.899999999999977,20.387716,Calibration,2017,2017-03-28,0.012105831211278405,exper2_07
19.899999999999977,20.22434,Calibration,2017,2017-03-29,0.008083383684204198,exper2_07
19.907361111249998,20.0533,Calibration,2017,2017-03-30,0.0036520853034895913,exper2_07
20.0859375,19.931768,Calibration,2017,2017-03-31,-0.0038525217552445442,exper2_07
20.93770833333332,20.27349,Calibration,2017,2017-04-01,-0.016117401090854203,exper2_07
20.784583333333273,20.354622,Calibration,2017,2017-04-02,-0.010451379500923555,exper2_07
20.733020833333285,20.421753,Calibration,2017,2017-04-03,-0.0075633486758581465,exper2_07
20.7038541666667,20.630293,Calibration,2017,2017-04-04,-0.001779673210757867,exper2_07
19.479583333333323,19.494823,Calibration,2017,2017-04-05,0.00039102897857238087,exper2_07
19.18604166666671,19.539722,Calibration,2017,2017-04-06,0.00913295796984323,exper2_07
19.020416666666677,19.22218,Calibration,2017,2017-04-07,0.0052758642680963514,exper2_07
18.865937499999973,19.213457,Calibration,2017,2017-04-08,0.009126185201356258,exper2_07
18.91968750000001,15.409607,Validation,2017,2017-04-09,-0.10224738446623549,exper2_07
18.561354166666717,16.066685,Validation,2017,2017-04-10,-0.07204189217073832,exper2_07
18.52145833333327,15.768023,Validation,2017,2017-04-11,-0.08029972242786186,exper2_07
18.33177083333328,14.949884,Validation,2017,2017-04-12,-0.1016141292690974,exper2_07
18.242708333333326,15.06743,Validation,2017,2017-04-13,-0.09532469672218158,exper2_07
18.089999999999975,15.4764805,Validation,2017,2017-04-14,-0.07786099341681889,exper2_07
18.125312500000007,15.476376,Validation,2017,2017-04-15,-0.07883344770871135,exper2_07
18.10260416666671,15.543528,Validation,2017,2017-04-16,-0.07605856688146947,exper2_07
18.021770833333278,15.637255,Validation,2017,2017-04-17,-0.07084329030695766,exper2_07
17.905833333333305,15.7318735,Validation,2017,2017-04-18,-0.06462865709139493,exper2_07
17.852395833333276,15.916586,Validation,2017,2017-04-19,-0.057325089785169696,exper2_07
17.819062499999973,16.158413,Validation,2017,2017-04-20,-0.04887501338667446,exper2_07
17.429166666666674,16.279173,Validation,2017,2017-04-21,-0.03411600168392139,exper2_07
17.34354166666668,16.657448,Validation,2017,2017-04-22,-0.02017864368613151,exper2_07
17.81925000000001,16.562462,Validation,2017,2017-04-23,-0.03655397242420916,exper2_07
,16.612288,Validation,2017,2017-04-24,,exper2_07
,16.86067,Validation,2017,2017-04-25,,exper2_07
,16.736486,Validation,2017,2017-04-26,,exper2_07
,16.863766,Validation,2017,2017-04-27,,exper2_07
,16.866215,Validation,2017,2017-04-28,,exper2_07
,17.310152,Validation,2017,2017-04-29,,exper2_07
,16.47893,Validation,2017,2017-04-30,,exper2_07
,16.270853,Validation,2017,2017-05-01,,exper2_07
,16.18461,Validation,2017,2017-05-02,,exper2_07
,15.976204,Validation,2017,2017-05-03,,exper2_07
,15.786135,Validation,2017,2017-05-04,,exper2_07
,15.623587,Validation,2017,2017-05-05,,exper2_07
,15.614346,Validation,2017,2017-05-06,,exper2_07
,15.272316,Validation,2017,2017-05-07,,exper2_07
,15.211279,Validation,2017,2017-05-08,,exper2_07
,15.118902,Validation,2017,2017-05-09,,exper2_07
,15.609286,Validation,2017,2017-05-10,,exper2_07
,16.395756,Validation,2017,2017-05-11,,exper2_07
,15.993188,Validation,2017,2017-05-12,,exper2_07
,15.06994,Validation,2017,2017-05-13,,exper2_07
,14.504619,Validation,2017,2017-05-14,,exper2_07
,14.075129,Validation,2017,2017-05-15,,exper2_07
,14.739211,Validation,2017,2017-05-16,,exper2_07
,15.108407,Validation,2017,2017-05-17,,exper2_07
,13.974091,Validation,2017,2017-05-18,,exper2_07
,14.67699,Validation,2017,2017-05-19,,exper2_07
,13.7309065,Validation,2017,2017-05-20,,exper2_07
,12.975131,Validation,2017,2017-05-21,,exper2_07
,13.115963,Validation,2017,2017-05-22,,exper2_07
,13.496981,Validation,2017,2017-05-23,,exper2_07
,13.334494,Validation,2017,2017-05-24,,exper2_07
,13.030888,Validation,2017,2017-05-25,,exper2_07
,13.867186,Validation,2017,2017-05-26,,exper2_07
,13.875023,Validation,2017,2017-05-27,,exper2_07
,13.51307,Validation,2017,2017-05-28,,exper2_07
,13.401577,Validation,2017,2017-05-29,,exper2_07
,13.310417,Validation,2017,2017-05-30,,exper2_07
,12.613903,Validation,2017,2017-05-31,,exper2_07
,13.017733,Validation,2017,2017-06-01,,exper2_07
,12.7552805,Validation,2017,2017-06-02,,exper2_07
,12.679385,Validation,2017,2017-06-03,,exper2_07
,12.47905,Validation,2017,2017-06-04,,exper2_07
,12.48529,Validation,2017,2017-06-05,,exper2_07
,12.316853,Validation,2017,2017-06-06,,exper2_07
,12.005992,Validation,2017,2017-06-07,,exper2_07
,11.981834,Validation,2017,2017-06-08,,exper2_07
,11.631883,Validation,2017,2017-06-09,,exper2_07
,11.669386,Validation,2017,2017-06-10,,exper2_07
,11.547451,Validation,2017,2017-06-11,,exper2_07
,11.393709,Validation,2017,2017-06-12,,exper2_07
,11.424563,Validation,2017,2017-06-13,,exper2_07
,11.391535,Validation,2017,2017-06-14,,exper2_07
,11.069065,Validation,2017,2017-06-15,,exper2_07
,11.151839,Validation,2017,2017-06-16,,exper2_07
,11.129111,Validation,2017,2017-06-17,,exper2_07
,11.077719,Validation,2017,2017-06-18,,exper2_07
,11.2104845,Validation,2017,2017-06-19,,exper2_07
,11.055798,Validation,2017,2017-06-20,,exper2_07
,11.270146,Validation,2017,2017-06-21,,exper2_07
,11.452827,Validation,2017,2017-06-22,,exper2_07
,11.658053,Validation,2017,2017-06-23,,exper2_07
,11.336484,Validation,2017,2017-06-24,,exper2_07
,11.357012,Validation,2017,2017-06-25,,exper2_07
,11.2234955,Validation,2017,2017-06-26,,exper2_07
,10.905727,Validation,2017,2017-06-27,,exper2_07
,10.9147625,Validation,2017,2017-06-28,,exper2_07
,10.776544,Validation,2017,2017-06-29,,exper2_07
11.168731883912983,10.483631,Validation,2017,2017-06-30,-0.031640922947391285,exper2_07
11.017777778333311,10.794439,Validation,2017,2017-07-01,-0.010239145409822861,exper2_07
10.876493055416688,10.677847,Validation,2017,2017-07-02,-0.009216062620301026,exper2_07
10.98597222208332,10.797382,Validation,2017,2017-07-03,-0.008657521810147433,exper2_07
11.060486110416718,10.528313,Validation,2017,2017-07-04,-0.024650441759220557,exper2_07
10.843854166666688,10.482691,Validation,2017,2017-07-05,-0.016934921051910263,exper2_07
10.915347222499975,10.565441,Validation,2017,2017-07-06,-0.016289257411799124,exper2_07
10.788437500000043,10.390623,Validation,2017,2017-07-07,-0.018783383031006927,exper2_07
10.74284722291668,10.248585,Validation,2017,2017-07-08,-0.023545915128761207,exper2_07
10.789687500000014,10.211688,Validation,2017,2017-07-09,-0.027521980984802276,exper2_07
10.685590277500012,10.255394,Validation,2017,2017-07-10,-0.02054327008877918,exper2_07
10.641111111666703,10.121179,Validation,2017,2017-07-11,-0.02504215533048316,exper2_07
10.548333333750008,10.08256,Validation,2017,2017-07-12,-0.022576519106573024,exper2_07
10.396979167500035,9.808926,Validation,2017,2017-07-13,-0.029103054021595662,exper2_07
10.071979166416725,9.662064,Validation,2017,2017-07-14,-0.020772001594620195,exper2_07
9.698090277666665,9.13598,Validation,2017,2017-07-15,-0.029845414578417023,exper2_07
9.697986110874979,9.566193,Validation,2017,2017-07-16,-0.006841375680503705,exper2_07
9.61142361112502,9.298162,Validation,2017,2017-07-17,-0.01656626166295632,exper2_07
9.647361111083342,9.322986,Validation,2017,2017-07-18,-0.017099079214257233,exper2_07
9.83795138879168,9.297106,Validation,2017,2017-07-19,-0.028264645074047818,exper2_07
9.882638888833355,9.278295,Validation,2017,2017-07-20,-0.03154044279992099,exper2_07
9.895520833291698,9.329757,Validation,2017,2017-07-21,-0.02942813670569761,exper2_07
9.955763888875026,9.343346,Validation,2017,2017-07-22,-0.031732979482943235,exper2_07
10.008506944208307,9.229078,Validation,2017,2017-07-23,-0.04051592971556065,exper2_07
10.301250000416701,9.167007,Validation,2017,2017-07-24,-0.05826112363844687,exper2_07
10.122395834166696,9.203296,Validation,2017,2017-07-25,-0.04755845991191664,exper2_07
10.168506945000047,9.0772705,Validation,2017,2017-07-26,-0.056700044457184316,exper2_07
10.129687500000045,9.075297,Validation,2017,2017-07-27,-0.054901899286730754,exper2_07
10.120381943749976,8.818261,Validation,2017,2017-07-28,-0.06875470386111261,exper2_07
9.997569445291674,8.6628475,Validation,2017,2017-07-29,-0.07152690794265422,exper2_07
9.848715278041652,8.748633,Validation,2017,2017-07-30,-0.059152619724806246,exper2_07
9.850868055333308,8.892395,Validation,2017,2017-07-31,-0.05113693554711972,exper2_07
9.652638888875003,9.083576,Validation,2017,2017-08-01,-0.03037233954192004,exper2_07
9.681145833375012,9.0836735,Validation,2017,2017-08-02,-0.03184002714410986,exper2_07
9.678888888875008,8.708107,Validation,2017,2017-08-03,-0.052797199738161084,exper2_07
9.549097222208331,8.772564,Validation,2017,2017-08-04,-0.04238334511525477,exper2_07
9.439236111166679,8.942461,Validation,2017,2017-08-05,-0.027025529470734198,exper2_07
9.48104166666667,9.394352,Validation,2017,2017-08-06,-0.004592736403611966,exper2_07
9.566840277749975,9.458688,Validation,2017,2017-08-07,-0.005684598877943774,exper2_07
9.969791666000049,9.626581,Validation,2017,2017-08-08,-0.01751397957520714,exper2_07
9.914201389041693,9.78241,Validation,2017,2017-08-09,-0.006691086131085269,exper2_07
10.00118055554168,9.889175,Validation,2017,2017-08-10,-0.00563112800335404,exper2_07
10.212187499583308,9.960123,Validation,2017,2017-08-11,-0.012495565972887888,exper2_07
10.300798610833283,10.167412,Validation,2017,2017-08-12,-0.006516779138448798,exper2_07
10.339999999166707,10.607939,Validation,2017,2017-08-13,0.0127906984219466,exper2_07
10.561215277500025,10.804102,Validation,2017,2017-08-14,0.011368268673569108,exper2_07
10.514340277083306,10.728334,Validation,2017,2017-08-15,0.010073785565084804,exper2_07
10.451909722499977,10.859304,Validation,2017,2017-08-16,0.019116447459148096,exper2_07
10.603090277916692,11.038141,Validation,2017,2017-08-17,0.020102875019851977,exper2_07
10.680902777500023,11.3824215,Validation,2017,2017-08-18,0.03179569440274067,exper2_07
11.13333333291672,11.337927,Validation,2017,2017-08-19,0.009104675479201378,exper2_07
10.950833332499997,11.37891,Validation,2017,2017-08-20,0.019170696437604356,exper2_07
11.047569444583303,11.414843,Validation,2017,2017-08-21,0.016350566456849878,exper2_07
11.271076390000019,11.361038,Validation,2017,2017-08-22,0.003974962994209674,exper2_07
11.4108333333333,11.22024,Validation,2017,2017-08-23,-0.008421770115880052,exper2_07
11.601180555416704,11.50452,Validation,2017,2017-08-24,-0.004183389167696177,exper2_07
11.67768116000002,11.374256,Validation,2017,2017-08-25,-0.01316266924105141,exper2_07
11.450520833749977,11.560441,Validation,2017,2017-08-26,0.004776861745855226,exper2_07
11.29541666666671,11.854645,Validation,2017,2017-08-27,0.02415665764532053,exper2_07
11.222048612083313,11.741813,Validation,2017,2017-08-28,0.022634002475062212,exper2_07
11.381493055000021,11.95565,Validation,2017,2017-08-29,0.02460272301231837,exper2_07
12.20968749958331,12.098057,Validation,2017,2017-08-30,-0.0045923926558460015,exper2_07
12.103695652173883,12.157936,Validation,2017,2017-08-31,0.0022356469911047057,exper2_07
12.691805555416693,12.223378,Validation,2017,2017-09-01,-0.018800879772999848,exper2_07
12.382083333333298,11.905042,Validation,2017,2017-09-02,-0.019641750027750045,exper2_07
11.88406250041669,11.842518,Validation,2017,2017-09-03,-0.0017509749409751535,exper2_07
11.7824305545833,11.823116,Validation,2017,2017-09-04,0.00172356726803568,exper2_07
12.044236112083297,12.221905,Validation,2017,2017-09-05,0.007321668638255767,exper2_07
12.07781250000005,12.0389595,Validation,2017,2017-09-06,-0.0016110363700875335,exper2_07
12.084687499166705,11.96805,Validation,2017,2017-09-07,-0.004849239971300122,exper2_07
12.122326388750025,12.01871,Validation,2017,2017-09-08,-0.004292121103766434,exper2_07
12.111215277916699,11.66637,Validation,2017,2017-09-09,-0.018708580940439992,exper2_07
12.015868055416718,11.516795,Validation,2017,2017-09-10,-0.021207667508612405,exper2_07
11.845347223333306,11.2976,Validation,2017,2017-09-11,-0.023668006951688417,exper2_07
11.793194444166716,11.45439,Validation,2017,2017-09-12,-0.014573766968019508,exper2_07
11.833506944583291,11.889799,Validation,2017,2017-09-13,0.0023728637699188923,exper2_07
11.942256944583278,12.63274,Validation,2017,2017-09-14,0.028096975032902365,exper2_07
12.305590277500016,12.990325,Validation,2017,2017-09-15,0.02706898286741424,exper2_07
12.442499999583276,12.816726,Validation,2017,2017-09-16,0.014815407855560549,exper2_07
12.665347221250045,12.741935,Validation,2017,2017-09-17,0.0030143938680050187,exper2_07
12.542499998749975,12.529045,Validation,2017,2017-09-18,-0.0005366599351510983,exper2_07
12.545763888750002,12.639992,Validation,2017,2017-09-19,0.0037413160366157393,exper2_07
12.639374999999973,12.922277,Validation,2017,2017-09-20,0.011067455482727855,exper2_07
13.353645832916698,12.619095,Validation,2017,2017-09-21,-0.028281612375458502,exper2_07
12.642569444583273,12.885395,Validation,2017,2017-09-22,0.009512141303573775,exper2_07
13.176847826086998,13.200825,Validation,2017,2017-09-23,0.0009089851048831457,exper2_07
13.580871211818192,13.377007,Validation,2017,2017-09-24,-0.007562341628045482,exper2_07
13.373402778750005,13.774379,Validation,2017,2017-09-25,0.01477012023923559,exper2_07
13.440104167083291,13.654896,Validation,2017,2017-09-26,0.00792735249261175,exper2_07
13.428645833333292,13.6074295,Validation,2017,2017-09-27,0.006612781952554842,exper2_07
13.481439393636435,13.466881,Validation,2017,2017-09-28,-0.000540241291215116,exper2_07
13.321666666666715,13.346436,Validation,2017,2017-09-29,0.0009287830086277197,exper2_07
13.5813541666667,13.508873,Validation,2017,2017-09-30,-0.002675547178649225,exper2_07
13.65041666625001,13.294385,Validation,2017,2017-10-01,-0.013213372838172753,exper2_07
13.481215278750028,13.497057,Validation,2017,2017-10-02,0.0005872015141935567,exper2_07
13.515625000833325,13.656042,Validation,2017,2017-10-03,0.005167776332964322,exper2_07
13.778437499166671,13.931451,Validation,2017,2017-10-04,0.005521976225614823,exper2_07
14.098784722916719,14.326674,Validation,2017,2017-10-05,0.008017099634895062,exper2_07
14.284062499583285,14.08069,Validation,2017,2017-10-06,-0.007169888505903247,exper2_07
14.1982986116667,13.730978,Validation,2017,2017-10-07,-0.016732284400961542,exper2_07
14.034965277916683,13.522146,Validation,2017,2017-10-08,-0.018609318066128738,exper2_07
13.858055555000021,13.370685,Validation,2017,2017-10-09,-0.017899136283311554,exper2_07
13.942916667083296,13.55192,Validation,2017,2017-10-10,-0.014220732989900238,exper2_07
14.137881943750017,13.881364,Validation,2017,2017-10-11,-0.00915506708330225,exper2_07
14.111458332916698,13.990005,Validation,2017,2017-10-12,-0.004321974054461419,exper2_07
14.49909722250004,14.065506,Validation,2017,2017-10-13,-0.01517931959211813,exper2_07
14.644305556666723,14.428503,Validation,2017,2017-10-14,-0.007422830149902637,exper2_07
15.014548611250007,14.478932,Validation,2017,2017-10-15,-0.01816049555901387,exper2_07
14.80590277875001,14.719067,Validation,2017,2017-10-16,-0.002941109191497174,exper2_07
14.911249999999995,14.904383,Validation,2017,2017-10-17,-0.00023032529208104617,exper2_07
15.138923611666712,14.78054,Validation,2017,2017-10-18,-0.011978260854676733,exper2_07
15.130868055000008,15.177158,Validation,2017,2017-10-19,0.0015273281105668058,exper2_07
15.365312501250003,15.480318,Validation,2017,2017-10-20,0.003728423315722975,exper2_07
15.782986111250011,15.6421385,Validation,2017,2017-10-21,-0.004482007054444005,exper2_07
15.666562499166673,15.385367,Validation,2017,2017-10-22,-0.009055640233797072,exper2_07
15.523055554583323,15.1566,Validation,2017,2017-10-23,-0.011944578565279286,exper2_07
15.370312501249998,15.354761,Validation,2017,2017-10-24,-0.0005061461457382771,exper2_07
15.492534722916673,15.4414215,Validation,2017,2017-10-25,-0.0016523335633100258,exper2_07
15.64111111125004,15.718696,Validation,2017,2017-10-26,0.0024740117159502664,exper2_07
16.009479166666722,15.298309,Validation,2017,2017-10-27,-0.022715428803204075,exper2_07
15.989131944999997,14.790783,Validation,2017,2017-10-28,-0.03893282426086931,exper2_07
15.667291667916686,14.777028,Validation,2017,2017-10-29,-0.02924235428400989,exper2_07
15.70065972125002,15.109136,Validation,2017,2017-10-30,-0.019199221767070323,exper2_07
15.987291667500017,15.325079,Validation,2017,2017-10-31,-0.02114859686144304,exper2_07
15.975694444583326,15.246013,Validation,2017,2017-11-01,-0.023370975642331936,exper2_07
15.959618056666727,15.327904,Validation,2017,2017-11-02,-0.020190615065678406,exper2_07
16.046006944583326,15.160058,Validation,2017,2017-11-03,-0.028390280030485424,exper2_07
15.962465277499973,15.149103,Validation,2017,2017-11-04,-0.026143397891974503,exper2_07
16.07177083333329,15.576519,Validation,2017,2017-11-05,-0.015648612398817652,exper2_07
16.47552083375001,15.531871,Validation,2017,2017-11-06,-0.02948225214132537,exper2_07
16.57156250041669,15.81562,Validation,2017,2017-11-07,-0.02334077896974812,exper2_07
16.42107638916673,15.650213,Validation,2017,2017-11-08,-0.024035926102909888,exper2_07
16.751805554999976,15.934401,Validation,2017,2017-11-09,-0.025007643704216924,exper2_07
17.69312500000001,16.178076,Validation,2017,2017-11-10,-0.0447297165214144,exper2_07
16.845833334166684,15.782139,Validation,2017,2017-11-11,-0.03260069318842004,exper2_07
16.04305555583329,15.687126,Validation,2017,2017-11-12,-0.011217376545670364,exper2_07
15.938368056249999,15.684498,Validation,2017,2017-11-13,-0.008028058680232547,exper2_07
16.305000000000007,15.779685,Validation,2017,2017-11-14,-0.01637276411529236,exper2_07
16.709305554583295,16.010256,Validation,2017,2017-11-15,-0.02136488729535513,exper2_07
16.54656250000005,16.310379,Validation,2017,2017-11-16,-0.007188236661533578,exper2_07
16.867013888750023,17.024519,Validation,2017,2017-11-17,0.004647328245573018,exper2_07
17.34729166708331,16.899258,Validation,2017,2017-11-18,-0.013082602947621112,exper2_07
16.473749999999995,16.937084,Validation,2017,2017-11-19,0.01386778298477247,exper2_07
16.18746527833332,17.142878,Validation,2017,2017-11-20,0.028664940666801694,exper2_07
16.578923612083315,17.552849,Validation,2017,2017-11-21,0.0285342698182195,exper2_07
17.131527777500025,17.801203,Validation,2017,2017-11-22,0.019170416568485303,exper2_07
17.7259027779167,18.317862,Validation,2017,2017-11-23,0.01642333396671817,exper2_07
19.25197916625001,18.810125,Validation,2017,2017-11-24,-0.011608759444664064,exper2_07
19.860243055416674,18.594696,Validation,2017,2017-11-25,-0.03290986905980194,exper2_07
19.92569444416671,18.545973,Validation,2017,2017-11-26,-0.03586331755390828,exper2_07
19.93545138833332,18.453096,Validation,2017,2017-11-27,-0.03861451095079772,exper2_07
20.12937500000004,18.630316,Validation,2017,2017-11-28,-0.038675727003197984,exper2_07
20.14041666666668,18.687525,Validation,2017,2017-11-29,-0.037418720035645545,exper2_07
20.480486110416678,18.766409,Validation,2017,2017-11-30,-0.043674211393986334,exper2_07
20.755486111250036,18.882208,Validation,2017,2017-12-01,-0.04726002076785587,exper2_07
21.10149305541671,19.03272,Validation,2017,2017-12-02,-0.05154635666082615,exper2_07
21.20958333291668,19.40872,Validation,2017,2017-12-03,-0.0443362515894933,exper2_07
21.969722221250038,19.736252,Validation,2017,2017-12-04,-0.053552768900548574,exper2_07
22.717465277500025,19.910408,Validation,2017,2017-12-05,-0.06585027683386288,exper2_07
22.697326388750014,20.09469,Validation,2017,2017-12-06,-0.06082059846380032,exper2_07
23.466666665833316,20.428686,Validation,2017,2017-12-07,-0.06920961627003103,exper2_07
23.539374999583288,20.106308,Validation,2017,2017-12-08,-0.07865765366814097,exper2_07
23.01322916624997,20.32865,Validation,2017,2017-12-09,-0.06193962344722917,exper2_07
22.895798610416705,20.656544,Validation,2017,2017-12-10,-0.051415257097718776,exper2_07
22.777187500000025,20.371412,Validation,2017,2017-12-11,-0.05575558037107759,exper2_07
23.064999999999998,20.610895,Validation,2017,2017-12-12,-0.05618899931703335,exper2_07
23.15909722250001,20.648258,Validation,2017,2017-12-13,-0.057315466513026665,exper2_07
22.663854167083286,20.281733,Validation,2017,2017-12-14,-0.055468367985320045,exper2_07
22.156006943333296,20.55949,Validation,2017,2017-12-15,-0.037375586054272866,exper2_07
22.431770833750022,20.895336,Validation,2017,2017-12-16,-0.035461280236490186,exper2_07
23.05881944458332,21.247355,Validation,2017,2017-12-17,-0.04088515833252289,exper2_07
22.69006944375002,21.207296,Validation,2017,2017-12-18,-0.033778178821297127,exper2_07
22.473298610833297,20.96255,Validation,2017,2017-12-19,-0.03478116525972493,exper2_07
22.1649999995833,20.796926,Validation,2017,2017-12-20,-0.03184385833428625,exper2_07
21.75538194458329,21.086023,Validation,2017,2017-12-21,-0.015624104988945621,exper2_07
22.397500000000036,21.41109,Validation,2017,2017-12-22,-0.02251634051706247,exper2_07
22.029409722916682,21.196775,Validation,2017,2017-12-23,-0.01926226622697535,exper2_07
21.756597222083315,21.096579,Validation,2017,2017-12-24,-0.01540186022225189,exper2_07
21.427708333750047,21.371271,Validation,2017,2017-12-25,-0.0013186576182379133,exper2_07
21.598541666666677,21.057867,Validation,2017,2017-12-26,-0.012675108682610686,exper2_07
21.24354166708332,20.637049,Validation,2017,2017-12-27,-0.014481480326453936,exper2_07
20.591041667500008,20.787376,Validation,2017,2017-12-28,0.0047448584421530245,exper2_07
19.85420138916669,20.986944,Validation,2017,2017-12-29,0.027735333892807617,exper2_07
19.908298611250018,21.282627,Validation,2017,2017-12-30,0.0333648363211441,exper2_07
20.94395833291668,21.537973,Validation,2017,2017-12-31,0.013982769773596635,exper2_07
21.58951388916671,22.01977,Validation,2018,2018-01-01,0.00986615106489109,exper2_07
,21.256128,Validation,2018,2018-01-02,,exper2_07
,21.564983,Validation,2018,2018-01-03,,exper2_07
20.914734844999998,21.357897,Validation,2018,2018-01-04,0.010483424913801612,exper2_07
19.875625000000014,20.834192,Validation,2018,2018-01-05,0.023546341893458996,exper2_07
19.596701388749977,20.632782,Validation,2018,2018-01-06,0.02575426047887916,exper2_07
20.231423611666685,20.571047,Validation,2018,2018-01-07,0.008323594475705902,exper2_07
19.95055555583332,21.376627,Validation,2018,2018-01-08,0.03450686268571089,exper2_07
21.29041666708332,21.691938,Validation,2018,2018-01-09,0.009341548003967286,exper2_07
22.078229167500012,21.866854,Validation,2018,2018-01-10,-0.004809991008113243,exper2_07
22.37611111083328,22.297209,Validation,2018,2018-01-11,-0.0017662068770516951,exper2_07
23.179444443750015,22.424711,Validation,2018,2018-01-12,-0.016549658802480553,exper2_07
23.185416666666697,22.507277,Validation,2018,2018-01-13,-0.014841325474928977,exper2_07
22.708263888750025,22.757126,Validation,2018,2018-01-14,0.00107470684883824,exper2_07
22.72270833291668,22.893873,Validation,2018,2018-01-15,0.003752251396265783,exper2_07
22.397361110833288,22.59455,Validation,2018,2018-01-16,0.00438274496400036,exper2_07
21.85232639000003,22.88738,Validation,2018,2018-01-17,0.023135024335485033,exper2_07
21.324756944583328,23.163698,Validation,2018,2018-01-18,0.04133524632401292,exper2_07
20.900138888750007,22.48485,Validation,2018,2018-01-19,0.036526713137739544,exper2_07
21.430937500000027,23.069862,Validation,2018,2018-01-20,0.036829110278195965,exper2_07
21.923506944583323,23.50518,Validation,2018,2018-01-21,0.03481662157080599,exper2_07
22.263298611250036,23.34701,Validation,2018,2018-01-22,0.023760221946904445,exper2_07
22.484027778333314,23.158577,Validation,2018,2018-01-23,0.01477893715284374,exper2_07
23.078472221250024,23.541685,Validation,2018,2018-01-24,0.009935892748811768,exper2_07
23.927083333749977,23.72617,Validation,2018,2018-01-25,-0.004216160183354474,exper2_07
24.99482638916669,23.806993,Validation,2018,2018-01-26,-0.024339930513752044,exper2_07
24.73194444458329,23.92234,Validation,2018,2018-01-27,-0.016639933239557078,exper2_07
25.261805556666673,24.010818,Validation,2018,2018-01-28,-0.025389089776378288,exper2_07
25.687361110833308,24.08619,Validation,2018,2018-01-29,-0.03216913056356382,exper2_07
25.80986111083331,24.250788,Validation,2018,2018-01-30,-0.031143690938759797,exper2_07
25.137777777500048,23.881388,Validation,2018,2018-01-31,-0.025630588656889677,exper2_07
24.303541667083323,23.743273,Validation,2018,2018-02-01,-0.011660895569097694,exper2_07
22.973854166666683,23.361305,Validation,2018,2018-02-02,0.008361923755907,exper2_07
23.371527777916697,23.415165,Validation,2018,2018-02-03,0.0009326833561234818,exper2_07
22.444895834166687,23.505442,Validation,2018,2018-02-04,0.023080262065256252,exper2_07
22.24909722208332,22.906378,Validation,2018,2018-02-05,0.014555944103452885,exper2_07
22.099652777916674,23.183857,Validation,2018,2018-02-06,0.023942582904266256,exper2_07
22.333368055416713,23.17563,Validation,2018,2018-02-07,0.01850760375951061,exper2_07
21.9393402779167,22.89961,Validation,2018,2018-02-08,0.021415983746652465,exper2_07
21.32079861125004,23.121851,Validation,2018,2018-02-09,0.04052531460730251,exper2_07
20.923437500833302,23.000616,Validation,2018,2018-02-10,0.04729022946970802,exper2_07
20.891631944166704,23.004942,Validation,2018,2018-02-11,0.048142937116292,exper2_07
21.019513889583322,23.009293,Validation,2018,2018-02-12,0.04519265616050143,exper2_07
21.40684027750001,22.6255,Validation,2018,2018-02-13,0.027676463430359056,exper2_07
21.215034722500036,22.502604,Validation,2018,2018-02-14,0.02945192969759964,exper2_07
21.850486111666726,22.962397,Validation,2018,2018-02-15,0.024812295978659926,exper2_07
23.27895833333332,23.10284,Validation,2018,2018-02-16,-0.0037971341015115524,exper2_07
23.705381944166675,23.530464,Validation,2018,2018-02-17,-0.003703072691275065,exper2_07
23.821805556666675,23.039673,Validation,2018,2018-02-18,-0.016690312206770398,exper2_07
24.0478124995833,23.618412,Validation,2018,2018-02-19,-0.009008485276702331,exper2_07
23.266944444583316,23.003916,Validation,2018,2018-02-20,-0.005684542204859975,exper2_07
22.409965277916683,23.159561,Validation,2018,2018-02-21,0.016449498995271334,exper2_07
22.641423610416723,23.29313,Validation,2018,2018-02-22,0.014187734517576859,exper2_07
22.299930555416722,22.624376,Validation,2018,2018-02-23,0.007222053367372447,exper2_07
22.41958333375004,22.854242,Validation,2018,2018-02-24,0.00960066848242359,exper2_07
22.10812499958331,22.774462,Validation,2018,2018-02-25,0.014846219769070615,exper2_07
22.41461805583333,22.99048,Validation,2018,2018-02-26,0.01268276881745096,exper2_07
22.121423610416684,22.584808,Validation,2018,2018-02-27,0.010365103898870848,exper2_07
21.77093750083327,22.532434,Validation,2018,2018-02-28,0.0171882393800801,exper2_07
21.494236110416693,22.489296,Validation,2018,2018-03-01,0.022623463879045083,exper2_07
21.300902778333295,22.334433,Validation,2018,2018-03-02,0.023685616590056555,exper2_07
21.274444444166704,21.964344,Validation,2018,2018-03-03,0.015955571488523907,exper2_07
21.26684027833329,22.273449,Validation,2018,2018-03-04,0.023119016518614675,exper2_07
21.596493055416715,22.588463,Validation,2018,2018-03-05,0.022450396391812108,exper2_07
22.29354166583329,22.998522,Validation,2018,2018-03-06,0.01556520248703687,exper2_07
22.221527778333325,22.432442,Validation,2018,2018-03-07,0.004723296394530549,exper2_07
22.146805555833282,22.845726,Validation,2018,2018-03-08,0.015534143845144467,exper2_07
21.919340277499998,22.040194,Validation,2018,2018-03-09,0.002749193853879773,exper2_07
21.388680555833275,22.109285,Validation,2018,2018-03-10,0.01656640221440572,exper2_07
21.05017361041672,21.820871,Validation,2018,2018-03-11,0.017977115868942992,exper2_07
20.79197916583331,21.920485,Validation,2018,2018-03-12,0.02642098532902083,exper2_07
20.305868055833287,21.136332,Validation,2018,2018-03-13,0.020039078768214955,exper2_07
20.04302083250002,21.285145,Validation,2018,2018-03-14,0.03005514409412401,exper2_07
20.1796875,21.383501,Validation,2018,2018-03-15,0.02896345527787263,exper2_07
20.33843749875001,21.115679,Validation,2018,2018-03-16,0.018749435716333775,exper2_07
20.03583333375002,20.719995,Validation,2018,2018-03-17,0.016786854408496067,exper2_07
19.795069445000024,20.987177,Validation,2018,2018-03-18,0.029231039413544907,exper2_07
19.509826388750014,20.397997,Validation,2018,2018-03-19,0.022255548924195595,exper2_07
19.662881944166713,20.613626,Validation,2018,2018-03-20,0.02360543585160772,exper2_07
20.1008333333333,20.631956,Validation,2018,2018-03-21,0.013039194577965261,exper2_07
19.86500000041667,20.603754,Validation,2018,2018-03-22,0.018254924338893426,exper2_07
20.039756944583303,20.34438,Validation,2018,2018-03-23,0.007543122321035788,exper2_07
19.65409722166669,20.238691,Validation,2018,2018-03-24,0.01465412996970316,exper2_07
19.603541665000023,20.149996,Validation,2018,2018-03-25,0.013746050631630143,exper2_07
19.60190972250001,20.130293,Validation,2018,2018-03-26,0.013298612590814404,exper2_07
19.962430555833294,20.33037,Validation,2018,2018-03-27,0.009131641109440349,exper2_07
20.01423611125,20.283457,Validation,2018,2018-03-28,0.006680796632583005,exper2_07
20.184548610833303,20.283714,Validation,2018,2018-03-29,0.0024504556529255923,exper2_07
20.325972222500013,20.020168,Validation,2018,2018-03-30,-0.007579508574120896,exper2_07
20.700416666666683,20.218702,Validation,2018,2018-03-31,-0.011772353910728433,exper2_07
20.253333333333273,20.224247,Validation,2018,2018-04-01,-0.0007185793802209572,exper2_07
20.132465277916708,20.023115,Validation,2018,2018-04-02,-0.0027231612306026025,exper2_07
20.119548610833306,20.213972,Validation,2018,2018-04-03,0.00234106716192587,exper2_07
20.002604166666686,17.250895,Validation,2018,2018-04-04,-0.07386446146559376,exper2_07
19.789618055416724,18.022875,Validation,2018,2018-04-05,-0.046723796511289495,exper2_07
20.19159722166671,17.861986,Validation,2018,2018-04-06,-0.06121922968478449,exper2_07
19.53496527750002,17.381508,Validation,2018,2018-04-07,-0.05833323771624916,exper2_07
19.406388889166692,17.085758,Validation,2018,2018-04-08,-0.06359260455902933,exper2_07
19.053194444583312,16.825735,Validation,2018,2018-04-09,-0.062082659131145815,exper2_07
18.91750000041668,16.538235,Validation,2018,2018-04-10,-0.06710523161089027,exper2_07
18.550729166666713,15.886158,Validation,2018,2018-04-11,-0.07737549462822037,exper2_07
17.462083333333283,15.605234,Validation,2018,2018-04-12,-0.05615360811680578,exper2_07
16.888888889166708,15.560804,Validation,2018,2018-04-13,-0.04092749079673388,exper2_07
16.552326388749975,15.458711,Validation,2018,2018-04-14,-0.034163707856623614,exper2_07
16.450104166666677,15.381586,Validation,2018,2018-04-15,-0.03356774597048118,exper2_07
16.594756943750042,15.198522,Validation,2018,2018-04-16,-0.04391605373871399,exper2_07
16.441111110833276,15.65239,Validation,2018,2018-04-17,-0.02457574177968793,exper2_07
16.572291667499996,15.388498,Validation,2018,2018-04-18,-0.03703892682868446,exper2_07
16.32621527833328,15.719245,Validation,2018,2018-04-19,-0.018940914466704525,exper2_07
16.221215277916713,15.495615,Validation,2018,2018-04-20,-0.0228774523160055,exper2_07
16.210243056666684,15.58281,Validation,2018,2018-04-21,-0.019734897611125544,exper2_07
16.07920138875005,15.553237,Validation,2018,2018-04-22,-0.01662737540381219,exper2_07
16.075277777500048,15.945991,Validation,2018,2018-04-23,-0.004037541976431579,exper2_07
15.905034722499977,15.597921,Validation,2018,2018-04-24,-0.009748715330841564,exper2_07
15.797013889166692,15.810287,Validation,2018,2018-04-25,0.0004199531705053352,exper2_07
16.180937500000027,16.360405,Validation,2018,2018-04-26,0.005515060370872217,exper2_07
16.087291666666715,16.041967,Validation,2018,2018-04-27,-0.0014106853387507916,exper2_07
15.766354166666702,15.949623,Validation,2018,2018-04-28,0.0057784421919850745,exper2_07
15.568125000000009,15.500371,Validation,2018,2018-04-29,-0.0021807950000556735,exper2_07
15.635833333333323,15.885001,Validation,2018,2018-04-30,0.007904862071377734,exper2_07
15.816562499999975,15.938285,Validation,2018,2018-05-01,0.003833190332454078,exper2_07
15.897500000000036,15.576555,Validation,2018,2018-05-02,-0.01019712094149926,exper2_07
15.489374999999995,15.603189,Validation,2018,2018-05-03,0.0036605043787727738,exper2_07
15.763750000000016,15.440805,Validation,2018,2018-05-04,-0.010349276261608177,exper2_07
15.791041666666729,15.538646,Validation,2018,2018-05-05,-0.00805612641556257,exper2_07
15.426979166666683,15.446901,Validation,2018,2018-05-06,0.0006452753728881785,exper2_07
15.240312500000016,15.499345,Validation,2018,2018-05-07,0.008426649750830888,exper2_07
15.162291666666704,15.794241,Validation,2018,2018-05-08,0.020414084893336796,exper2_07
15.053437499999973,15.7201185,Validation,2018,2018-05-09,0.021664087899153035,exper2_07
15.176979166666683,15.83897,Validation,2018,2018-05-10,0.02134356779371957,exper2_07
15.193437500000016,15.615456,Validation,2018,2018-05-11,0.013697932142375462,exper2_07
15.05562500000002,15.217924,Validation,2018,2018-05-12,0.0053610865845011525,exper2_07
14.96843750000005,14.902653,Validation,2018,2018-05-13,-0.0022022885335597465,exper2_07
15.128333333333273,14.827423,Validation,2018,2018-05-14,-0.010045155706316042,exper2_07
15.381979166666724,14.716182,Validation,2018,2018-05-15,-0.022120866897221664,exper2_07
15.279375000000016,14.585492,Validation,2018,2018-05-16,-0.02323408514728093,exper2_07
15.275416666666729,14.346143,Validation,2018,2018-05-17,-0.03137153868720165,exper2_07
15.010000000000048,14.0954075,Validation,2018,2018-05-18,-0.03142345677445874,exper2_07
14.870729166666706,13.907011,Validation,2018,2018-05-19,-0.033488318676369325,exper2_07
14.748333333333278,13.8709,Validation,2018,2018-05-20,-0.030658863718497832,exper2_07
14.662916666666717,13.61652,Validation,2018,2018-05-21,-0.03700203627417171,exper2_07
14.59520833333329,13.58187,Validation,2018,2018-05-22,-0.03596321234808218,exper2_07
14.530520833333298,13.232671,Validation,2018,2018-05-23,-0.04674714878697858,exper2_07
14.239479166666683,13.249626,Validation,2018,2018-05-24,-0.0360089204522212,exper2_07
14.01416666666671,12.863055,Validation,2018,2018-05-25,-0.04282851263200226,exper2_07
13.813333333333276,12.910685,Validation,2018,2018-05-26,-0.03377668547076722,exper2_07
13.478437500000041,12.589296,Validation,2018,2018-05-27,-0.034108878220214064,exper2_07
13.204166666666708,12.610021,Validation,2018,2018-05-28,-0.023016259321025315,exper2_07
12.71187500000002,12.354559,Validation,2018,2018-05-29,-0.014254762208542686,exper2_07
12.373333333333278,11.99242,Validation,2018,2018-05-30,-0.015633135923055617,exper2_07
12.188125000000014,12.01524,Validation,2018,2018-05-31,-0.007143026866532349,exper2_07
12.341458333333321,11.694842,Validation,2018,2018-06-01,-0.026901643626357663,exper2_07
11.975208333333285,11.805812,Validation,2018,2018-06-02,-0.007123178475113717,exper2_07
11.884583333333296,11.759963,Validation,2018,2018-06-03,-0.005270572579629881,exper2_07
11.776250000000005,11.646788,Validation,2018,2018-06-04,-0.005527137792210575,exper2_07
11.894687499999975,11.451809,Validation,2018,2018-06-05,-0.01896980867750594,exper2_07
11.841250000000002,11.637527,Validation,2018,2018-06-06,-0.00867687998134753,exper2_07
11.748125000000016,11.419354,Validation,2018,2018-06-07,-0.014191037142690816,exper2_07
11.471562500000005,11.403347,Validation,2018,2018-06-08,-0.0029821094843360037,exper2_07
11.34010416666672,11.127668,Validation,2018,2018-06-09,-0.009455133368526126,exper2_07
11.415104166666708,11.236883,Validation,2018,2018-06-10,-0.007867786636874513,exper2_07
11.218854166666688,11.32312,Validation,2018,2018-06-11,0.004625413426875088,exper2_07
11.009479166666722,11.299261,Validation,2018,2018-06-12,0.01298961407493843,exper2_07
11.052500000000009,11.144833,Validation,2018,2018-06-13,0.004159626415557246,exper2_07
11.11302083333328,11.203446,Validation,2018,2018-06-14,0.0040519654842104975,exper2_07
11.178854166666724,11.176424,Validation,2018,2018-06-15,-0.00010870543217889534,exper2_07
11.31218750000005,11.142262,Validation,2018,2018-06-16,-0.007567544139827666,exper2_07
11.281979166666702,11.25145,Validation,2018,2018-06-17,-0.0013548573562538197,exper2_07
11.238437499999975,11.243729,Validation,2018,2018-06-18,0.0002353482161341203,exper2_07
11.230937500000039,11.215634,Validation,2018,2018-06-19,-0.0006817590720187958,exper2_07
11.238645833333294,11.312668,Validation,2018,2018-06-20,0.003282381434479296,exper2_07
10.930416666666702,11.239002,Validation,2018,2018-06-21,0.01391942488820741,exper2_07
10.714999999999975,11.145467,Validation,2018,2018-06-22,0.019691565068305012,exper2_07
10.660104166666713,10.840849,Validation,2018,2018-06-23,0.008406360188373166,exper2_07
10.5032291666667,10.825924,Validation,2018,2018-06-24,0.015129281116071787,exper2_07
10.4797916666667,10.889296,Validation,2018,2018-06-25,0.019163378699685846,exper2_07
10.317499999999995,10.817604,Validation,2018,2018-06-26,0.023662247576579292,exper2_07
9.995208333333323,10.341423,Validation,2018,2018-06-27,0.017024191227628653,exper2_07
9.75,10.073752,Validation,2018,2018-06-28,0.016331539895849807,exper2_07
9.901250000000005,9.870138,Validation,2018,2018-06-29,-0.0015735785165996098,exper2_07
9.695714285714303,9.614351,Validation,2018,2018-06-30,-0.004213502687790412,exper2_07
9.622500000000002,9.617678,Validation,2018,2018-07-01,-0.00025063757099431943,exper2_07
9.533541666666679,9.744986,Validation,2018,2018-07-02,0.010967845783413931,exper2_07
9.555312500000014,9.464912,Validation,2018,2018-07-03,-0.004752839982458608,exper2_07
9.534895833333337,9.429013,Validation,2018,2018-07-04,-0.005583373164105896,exper2_07
9.521875000000023,9.164861,Validation,2018,2018-07-05,-0.01910522414633731,exper2_07
9.859479166666688,9.070521,Validation,2018,2018-07-06,-0.04167764343703591,exper2_07
9.470625000000041,9.068178,Validation,2018,2018-07-07,-0.021708349739753257,exper2_07
9.303333333333342,9.143131,Validation,2018,2018-07-08,-0.008684703589302624,exper2_07
9.41520833333334,9.272058,Validation,2018,2018-07-09,-0.007660339457419169,exper2_07
9.487812500000018,9.252073,Validation,2018,2018-07-10,-0.01257954369111256,exper2_07
9.475104166666654,9.053592,Validation,2018,2018-07-11,-0.022749169226353713,exper2_07
9.48979166666669,9.089347,Validation,2018,2018-07-12,-0.021553463302793105,exper2_07
9.55822916666665,9.141224,Validation,2018,2018-07-13,-0.02230039870913088,exper2_07
9.508437500000014,9.200786,Validation,2018,2018-07-14,-0.01644386091538718,exper2_07
9.443541666666647,9.385151,Validation,2018,2018-07-15,-0.003101158352171837,exper2_07
9.520416666666677,9.568889,Validation,2018,2018-07-16,0.0025392227081430657,exper2_07
9.761562500000025,9.59974,Validation,2018,2018-07-17,-0.008358036417305334,exper2_07
9.666562499999998,9.517183,Validation,2018,2018-07-18,-0.007786758524351549,exper2_07
9.937812500000007,9.545822,Validation,2018,2018-07-19,-0.02011895437461368,exper2_07
9.792916666666656,9.515785,Validation,2018,2018-07-20,-0.014352671197012688,exper2_07
9.993958333333353,9.47236,Validation,2018,2018-07-21,-0.026794932472441187,exper2_07
9.968541666666681,9.519457,Validation,2018,2018-07-22,-0.02304417267737487,exper2_07
9.801458333333358,9.287409,Validation,2018,2018-07-23,-0.026929282928819815,exper2_07
9.799687500000005,9.267618,Validation,2018,2018-07-24,-0.027904798382487286,exper2_07
9.779895833333342,9.364294,Validation,2018,2018-07-25,-0.021709029407665077,exper2_07
9.772083333333342,9.235725,Validation,2018,2018-07-26,-0.02821776765255452,exper2_07
9.733750000000043,9.236448,Validation,2018,2018-07-27,-0.02621489266939823,exper2_07
9.734479166666688,9.33198,Validation,2018,2018-07-28,-0.02111033919856162,exper2_07
9.811145833333342,9.353584,Validation,2018,2018-07-29,-0.02387518847636668,exper2_07
9.879999999999995,9.460068,Validation,2018,2018-07-30,-0.021713070317334448,exper2_07
9.868437500000027,9.857571,Validation,2018,2018-07-31,-0.0005508895527685947,exper2_07
9.92302083333334,9.83169,Validation,2018,2018-08-01,-0.004623251652421792,exper2_07
10.131666666666717,9.899788,Validation,2018,2018-08-02,-0.011575732707287295,exper2_07
10.253333333333273,9.806736,Validation,2018,2018-08-03,-0.022263000872485946,exper2_07
9.97208333333333,9.7770605,Validation,2018,2018-08-04,-0.009875001476770198,exper2_07
9.920312500000023,9.891201,Validation,2018,2018-08-05,-0.0014694223479984213,exper2_07
10.04145833333331,9.969135,Validation,2018,2018-08-06,-0.00361423805265343,exper2_07
10.371666666666727,10.003332,Validation,2018,2018-08-07,-0.01807776933560982,exper2_07
10.440208333333317,10.079467,Validation,2018,2018-08-08,-0.017580274096868232,exper2_07
10.364166666666677,10.347549,Validation,2018,2018-08-09,-0.0008023105427747508,exper2_07
10.634895833333303,10.732355,Validation,2018,2018-08-10,0.004561152236543989,exper2_07
10.91770833333328,10.905649,Validation,2018,2018-08-11,-0.0005525798742189777,exper2_07
10.878125000000011,10.866476,Validation,2018,2018-08-12,-0.0005357164754811827,exper2_07
11.126145833333283,10.906297,Validation,2018,2018-08-13,-0.009978426252985706,exper2_07
10.918541666666727,10.761736,Validation,2018,2018-08-14,-0.00723264496638183,exper2_07
10.682500000000005,10.847974,Validation,2018,2018-08-15,0.007685563490311297,exper2_07
10.733333333333292,11.042253,Validation,2018,2018-08-16,0.01418649349063197,exper2_07
10.804895833333319,10.964571,Validation,2018,2018-08-17,0.0073348220717083645,exper2_07
10.761874999999975,11.008992,Validation,2018,2018-08-18,0.011350820016241943,exper2_07
10.858437500000036,11.033911,Validation,2018,2018-08-19,0.008015277727549125,exper2_07
11.013645833333271,11.097815,Validation,2018,2018-08-20,0.003806565695175486,exper2_07
10.785625000000039,10.9074135,Validation,2018,2018-08-21,0.005614173540663413,exper2_07
10.701145833333271,10.840855,Validation,2018,2018-08-22,0.0064854149262550545,exper2_07
10.6796875,10.787203,Validation,2018,2018-08-23,0.005008426157900344,exper2_07
10.683125000000018,10.597702,Validation,2018,2018-08-24,-0.004014081479398831,exper2_07
10.765000000000043,10.904628,Validation,2018,2018-08-25,0.0064434793839803816,exper2_07
10.785104166666713,10.610277,Validation,2018,2018-08-26,-0.008171249110458351,exper2_07
11.24968750000005,11.050218,Validation,2018,2018-08-27,-0.008944875342375539,exper2_07
11.877976190476204,11.167081,Validation,2018,2018-08-28,-0.03084806035042786,exper2_07
11.97802083333329,11.169236,Validation,2018,2018-08-29,-0.034940842000858625,exper2_07
10.888541666666697,11.255523,Validation,2018,2018-08-30,0.016572434705733413,exper2_07
10.939479166666729,11.330937,Validation,2018,2018-08-31,0.017577498740284185,exper2_07
11.511666666666713,11.810766,Validation,2018,2018-09-01,0.012824543428994669,exper2_07
11.753750000000025,11.902767,Validation,2018,2018-09-02,0.0062992020445700484,exper2_07
11.616770833333305,11.889676,Validation,2018,2018-09-03,0.011609804815031214,exper2_07
11.624062500000036,11.834644,Validation,2018,2018-09-04,0.00897670188148157,exper2_07
11.408437500000048,11.681673,Validation,2018,2018-09-05,0.01183344485665861,exper2_07
11.529166666666697,11.6558,Validation,2018,2018-09-06,0.005461866804036699,exper2_07
11.290624999999977,11.760993,Validation,2018,2018-09-07,0.02040498865488646,exper2_07
11.325625000000002,11.698883,Validation,2018,2018-09-08,0.016211336881656817,exper2_07
11.388125000000002,11.819825,Validation,2018,2018-09-09,0.0186013917307208,exper2_07
11.473125000000039,11.698571,Validation,2018,2018-09-10,0.009729378598063974,exper2_07
11.766145833333326,11.870918,Validation,2018,2018-09-11,0.004432548818966021,exper2_07
11.552916666666704,12.097689,Validation,2018,2018-09-12,0.023034167641450734,exper2_07
12.416354166666679,12.329593,Validation,2018,2018-09-13,-0.003506087778514741,exper2_07
12.409166666666692,12.864841,Validation,2018,2018-09-14,0.018029383871759536,exper2_07
12.407395833333283,13.312097,Validation,2018,2018-09-15,0.03517568493720954,exper2_07
13.103152173912918,13.3872175,Validation,2018,2018-09-16,0.01072334403101803,exper2_07
12.480416666666713,13.433787,Validation,2018,2018-09-17,0.036789502728221984,exper2_07
12.865208333333271,13.144657,Validation,2018,2018-09-18,0.01074395413604178,exper2_07
12.815104166666686,13.167599,Validation,2018,2018-09-19,0.01356650842588876,exper2_07
12.807395833333317,13.539535,Validation,2018,2018-09-20,0.02778838841106115,exper2_07
13.736944444444418,13.76188,Validation,2018,2018-09-21,0.0009067833658527384,exper2_07
13.787613636363574,13.7856455,Validation,2018,2018-09-22,-7.137899189210528e-05,exper2_07
13.097812499999975,13.93712,Validation,2018,2018-09-23,0.03104531235785339,exper2_07
13.430499999999995,13.615291,Validation,2018,2018-09-24,0.006832510250196895,exper2_07
13.388125000000002,13.3667965,Validation,2018,2018-09-25,-0.0007971806785112928,exper2_07
13.240104166666697,13.175453,Validation,2018,2018-09-26,-0.0024474585097076537,exper2_07
13.202604166666674,13.178722,Validation,2018,2018-09-27,-0.0009052533818263925,exper2_07
13.403068181818185,13.195005,Validation,2018,2018-09-28,-0.007822474968951445,exper2_07
13.737031249999973,13.226753,Validation,2018,2018-09-29,-0.018924569561930296,exper2_07
13.599583333333271,13.383423,Validation,2018,2018-09-30,-0.008010985888287383,exper2_07
13.744687499999998,13.529223,Validation,2018,2018-10-01,-0.007900005920674451,exper2_07
13.863229166666713,13.669637,Validation,2018,2018-10-02,-0.0070313218042518935,exper2_07
14.251875000000041,13.80798,Validation,2018,2018-10-03,-0.01581959075857181,exper2_07
14.923750000000041,13.697695,Validation,2018,2018-10-04,-0.04283694380379843,exper2_07
14.824791666666727,14.236635,Validation,2018,2018-10-05,-0.02023838888127409,exper2_07
15.8235416666667,14.606136,Validation,2018,2018-10-06,-0.04000717145602949,exper2_07
15.539791666666702,14.9531765,Validation,2018,2018-10-07,-0.019237719499061456,exper2_07
15.601770833333319,14.922642,Validation,2018,2018-10-08,-0.02224871902895847,exper2_07
15.50093750000002,14.832698,Validation,2018,2018-10-09,-0.02202965861289917,exper2_07
15.717916666666724,14.678595,Validation,2018,2018-10-10,-0.03419215016761464,exper2_07
15.337187500000027,14.808121,Validation,2018,2018-10-11,-0.017550551099611535,exper2_07
15.084895833333292,14.341122,Validation,2018,2018-10-12,-0.025276072767049285,exper2_07
14.711145833333319,14.22649,Validation,2018,2018-10-13,-0.016748286384733965,exper2_07
14.385833333333323,14.233145,Validation,2018,2018-10-14,-0.005335221009738023,exper2_07
14.496666666666727,14.653767,Validation,2018,2018-10-15,0.005389284056374744,exper2_07
15.476041666666674,14.947939,Validation,2018,2018-10-16,-0.01735810822358075,exper2_07
15.14156250000002,15.34655,Validation,2018,2018-10-17,0.0067235217619661565,exper2_07
15.192604166666683,15.789865,Validation,2018,2018-10-18,0.019277365502606596,exper2_07
15.426562500000045,16.223417,Validation,2018,2018-10-19,0.025177102405449327,exper2_07
16.13916666666671,16.733847,Validation,2018,2018-10-20,0.018090218617089093,exper2_07
16.27322916666668,17.447653,Validation,2018,2018-10-21,0.03482778566357066,exper2_07
16.838125000000048,17.53559,Validation,2018,2018-10-22,0.020290627126105996,exper2_07
17.326041666666697,17.799314,Validation,2018,2018-10-23,0.013473823012749976,exper2_07
18.024782608695602,17.674152,Validation,2018,2018-10-24,-0.009821868204061486,exper2_07
18.089772727272702,17.803053,Validation,2018,2018-10-25,-0.007988221044804428,exper2_07
17.823750000000018,17.289686,Validation,2018,2018-10-26,-0.015209670563412835,exper2_07
18.396666666666704,17.552387,Validation,2018,2018-10-27,-0.023485442241885316,exper2_07
17.84145833333332,17.237469,Validation,2018,2018-10-28,-0.01721801846851008,exper2_07
18.063645833333283,17.054861,Validation,2018,2018-10-29,-0.0287251609933495,exper2_07
17.607812500000023,16.863625,Validation,2018,2018-10-30,-0.0215885379444862,exper2_07
17.37354166666671,17.178547,Validation,2018,2018-10-31,-0.0056435014266000266,exper2_07
17.438854166666715,16.39961,Validation,2018,2018-11-01,-0.030711903063532643,exper2_07
16.520312500000045,16.837034,Validation,2018,2018-11-02,0.009494811684828837,exper2_07
16.250520833333326,16.4933,Validation,2018,2018-11-03,0.007414487636594159,exper2_07
15.903229166666677,16.326128,Validation,2018,2018-11-04,0.013121541241091448,exper2_07
15.939583333333303,16.50529,Validation,2018,2018-11-05,0.01743590596559367,exper2_07
15.996979166666677,16.993479,Validation,2018,2018-11-06,0.030205691903974128,exper2_07
16.89604166666669,17.650045,Validation,2018,2018-11-07,0.021826024084495303,exper2_07
16.95947916666671,17.404259,Validation,2018,2018-11-08,0.01294328232637665,exper2_07
17.17427083333331,17.3904,Validation,2018,2018-11-09,0.006252890443828544,exper2_07
17.443645833333278,17.497986,Validation,2018,2018-11-10,0.0015551651113129368,exper2_07
18.090729166666677,17.729376,Validation,2018,2018-11-11,-0.010088003018800702,exper2_07
18.0710416666667,17.556879,Validation,2018,2018-11-12,-0.01443145187363511,exper2_07
18.003541666666706,17.547405,Validation,2018,2018-11-13,-0.012830499983779137,exper2_07
18.161249999999995,17.870249,Validation,2018,2018-11-14,-0.008076300325544647,exper2_07
18.785520833333294,18.06537,Validation,2018,2018-11-15,-0.01954227554390191,exper2_07
19.280416666666724,18.356865,Validation,2018,2018-11-16,-0.024538215787851904,exper2_07
19.726041666666674,18.618113,Validation,2018,2018-11-17,-0.02889434190965035,exper2_07
20.3515625,18.898901,Validation,2018,2018-11-18,-0.037010047405193376,exper2_07
19.9172916666667,18.109707,Validation,2018,2018-11-19,-0.04753424822234968,exper2_07
19.44312500000001,18.083567,Validation,2018,2018-11-20,-0.036229101847394814,exper2_07
18.97416666666669,18.24373,Validation,2018,2018-11-21,-0.01962593742112095,exper2_07
18.47885416666668,17.860258,Validation,2018,2018-11-22,-0.017022872206373937,exper2_07
19.1204166666667,18.551558,Validation,2018,2018-11-23,-0.01510032690718349,exper2_07
19.335000000000036,18.614136,Validation,2018,2018-11-24,-0.018995538204343385,exper2_07
18.463437499999998,18.0781,Validation,2018,2018-11-25,-0.010545185554277066,exper2_07
18.3835416666667,18.242031,Validation,2018,2018-11-26,-0.0038637093859561753,exper2_07
19.08697916666671,18.693426,Validation,2018,2018-11-27,-0.010416855810605686,exper2_07
18.800625000000025,19.00575,Validation,2018,2018-11-28,0.005425689518446508,exper2_07
18.61906250000004,19.27992,Validation,2018,2018-11-29,0.01743735647583797,exper2_07
19.395833333333314,19.421457,Validation,2018,2018-11-30,0.000660117099988124,exper2_07
18.911041666666677,18.98271,Validation,2018,2018-12-01,0.001891293816075071,exper2_07
18.33687500000002,19.003422,Validation,2018,2018-12-02,0.01785060218757343,exper2_07
18.667604166666706,19.195204,Validation,2018,2018-12-03,0.013934508375308026,exper2_07
18.595833333333303,19.139883,Validation,2018,2018-12-04,0.014417367955761774,exper2_07
18.58395833333327,19.124249,Validation,2018,2018-12-05,0.014328185204535679,exper2_07
18.506041666666704,19.046122,Validation,2018,2018-12-06,0.014382125653509659,exper2_07
18.433437500000025,19.254835,Validation,2018,2018-12-07,0.021794515149967816,exper2_07
18.940208333333317,19.724863,Validation,2018,2018-12-08,0.020293631717566575,exper2_07
20.133333333333326,20.117704,Validation,2018,2018-12-09,-0.00038828668122012366,exper2_07
21.553125000000023,20.473906,Validation,2018,2018-12-10,-0.025679174145283448,exper2_07
22.391458333333276,20.845552,Validation,2018,2018-12-11,-0.035754226785477114,exper2_07
20.363229166666713,20.780508,Validation,2018,2018-12-12,0.010141977929838975,exper2_07
20.391458333333276,20.753006,Validation,2018,2018-12-13,0.00878727318810111,exper2_07
20.699166666666713,21.050074,Validation,2018,2018-12-14,0.008405109998416954,exper2_07
21.000416666666695,21.256886,Validation,2018,2018-12-15,0.006069219959022884,exper2_07
21.51322916666669,21.569056,Validation,2018,2018-12-16,0.0012958084962772108,exper2_07
21.985000000000014,21.825583,Validation,2018,2018-12-17,-0.00363878968539179,exper2_07
22.2890625,21.988152,Validation,2018,2018-12-18,-0.006796067823175072,exper2_07
22.297708333333276,22.318794,Validation,2018,2018-12-19,0.00047260354205018993,exper2_07
22.002499999999998,22.032053,Validation,2018,2018-12-20,0.0006711319126730894,exper2_07
21.71531250000004,22.095808,Validation,2018,2018-12-21,0.008684907497889383,exper2_07
21.62354166666671,22.315435,Validation,2018,2018-12-22,0.01574669664428216,exper2_07
21.796458333333305,22.063652,Validation,2018,2018-12-23,0.006091952413600206,exper2_07
21.12916666666672,21.853558,Validation,2018,2018-12-24,0.016853071381276386,exper2_07
20.27906250000001,21.684923,Validation,2018,2018-12-25,0.03350160022896023,exper2_07
20.570729166666695,22.031672,Validation,2018,2018-12-26,0.034292489007540325,exper2_07
21.341666666666697,21.986235,Validation,2018,2018-12-27,0.014876510941932932,exper2_07
21.2467708333333,21.739763,Validation,2018,2018-12-28,0.011468531644939939,exper2_07
21.365312500000016,21.922312,Validation,2018,2018-12-29,0.012867402451969217,exper2_07
21.38958333333329,22.079659,Validation,2018,2018-12-30,0.015875022101410285,exper2_07
22.1647916666667,22.316452,Validation,2018,2018-12-31,0.0034095350558787808,exper2_07
22.892291666666722,23.069986,Validation,2019,2019-01-01,0.0038660981224257597,exper2_07
23.354375000000005,23.017525,Validation,2019,2019-01-02,-0.007264103536866194,exper2_07
23.731562499999995,22.757278,Validation,2019,2019-01-03,-0.0209573746702932,exper2_07
23.022083333333285,23.189896,Validation,2019,2019-01-04,0.0036313592344336355,exper2_07
23.221666666666692,23.184357,Validation,2019,2019-01-05,-0.000803989967579223,exper2_07
23.229270833333317,23.24076,Validation,2019,2019-01-06,0.00024725547809399223,exper2_07
23.32177083333329,23.511421,Validation,2019,2019-01-07,0.004049486315824411,exper2_07
23.506041666666704,24.093164,Validation,2019,2019-01-08,0.012334717850931244,exper2_07
24.469583333333276,24.188465,Validation,2019,2019-01-09,-0.005777424781100347,exper2_07
23.519479166666713,24.395521,Validation,2019,2019-01-10,0.018283251408309366,exper2_07
23.412395833333278,24.617737,Validation,2019,2019-01-11,0.025095516430548703,exper2_07
23.931458333333296,24.493856,Validation,2019,2019-01-12,0.011613721035544571,exper2_07
23.447500000000048,24.500587,Validation,2019,2019-01-13,0.021963075465380538,exper2_07
23.063645833333283,23.691992,Validation,2019,2019-01-14,0.013438934948199414,exper2_07
22.622083333333308,24.048153,Validation,2019,2019-01-15,0.030556296788390693,exper2_07
22.676770833333308,23.53099,Validation,2019,2019-01-16,0.018486499686296898,exper2_07
21.973854166666683,23.904585,Validation,2019,2019-01-17,0.04208361831616701,exper2_07
21.930000000000007,24.10393,Validation,2019,2019-01-18,0.04722450467160738,exper2_07
21.930000000000007,24.127209,Validation,2019,2019-01-19,0.04770607623152029,exper2_07
20.761250000000018,23.67867,Validation,2019,2019-01-20,0.06564865159971485,exper2_07
19.14697916666671,23.095829,Validation,2019,2019-01-21,0.09347981381416147,exper2_07
20.577604166666674,22.88325,Validation,2019,2019-01-22,0.053051077767010006,exper2_07
21.785208333333287,23.03822,Validation,2019,2019-01-23,0.027954379673383302,exper2_07
22.451250000000016,23.325216,Validation,2019,2019-01-24,0.01909204366572511,exper2_07
22.534583333333273,22.758245,Validation,2019,2019-01-25,0.004938135698848236,exper2_07
22.556770833333303,22.950054,Validation,2019,2019-01-26,0.008642293443901796,exper2_07
22.73541666666671,23.169792,Validation,2019,2019-01-27,0.009462444885540293,exper2_07
22.989374999999995,23.528313,Validation,2019,2019-01-28,0.011585650748096137,exper2_07
23.805833333333283,23.757956,Validation,2019,2019-01-29,-0.0010066015199525732,exper2_07
26.322500000000048,23.859001,Validation,2019,2019-01-30,-0.04909177253374093,exper2_07
,23.855555,Validation,2019,2019-01-31,,exper2_07
,23.85967,Validation,2019,2019-02-01,,exper2_07
,23.629463,Validation,2019,2019-02-02,,exper2_07
,23.519855,Validation,2019,2019-02-03,,exper2_07
,23.603529,Validation,2019,2019-02-04,,exper2_07
,23.692492,Validation,2019,2019-02-05,,exper2_07
,23.77109,Validation,2019,2019-02-06,,exper2_07
,22.789999,Validation,2019,2019-02-07,,exper2_07
,22.814568,Validation,2019,2019-02-08,,exper2_07
,22.842962,Validation,2019,2019-02-09,,exper2_07
,23.027557,Validation,2019,2019-02-10,,exper2_07
,23.232721,Validation,2019,2019-02-11,,exper2_07
,23.26011,Validation,2019,2019-02-12,,exper2_07
,23.526648,Validation,2019,2019-02-13,,exper2_07
,23.67495,Validation,2019,2019-02-14,,exper2_07
,23.753298,Validation,2019,2019-02-15,,exper2_07
,23.722218,Validation,2019,2019-02-16,,exper2_07
,23.589657,Validation,2019,2019-02-17,,exper2_07
,23.46076,Validation,2019,2019-02-18,,exper2_07
,23.510565,Validation,2019,2019-02-19,,exper2_07
,23.614511,Validation,2019,2019-02-20,,exper2_07
,23.78094,Validation,2019,2019-02-21,,exper2_07
,23.751072,Validation,2019,2019-02-22,,exper2_07
,23.1756,Validation,2019,2019-02-23,,exper2_07
,22.605219,Validation,2019,2019-02-24,,exper2_07
,22.594229,Validation,2019,2019-02-25,,exper2_07
,22.360842,Validation,2019,2019-02-26,,exper2_07
,22.342264,Validation,2019,2019-02-27,,exper2_07
,22.117949,Validation,2019,2019-02-28,,exper2_07
,21.876484,Validation,2019,2019-03-01,,exper2_07
,21.780909,Validation,2019,2019-03-02,,exper2_07
,21.916918,Validation,2019,2019-03-03,,exper2_07
,21.859085,Validation,2019,2019-03-04,,exper2_07
,21.853521,Validation,2019,2019-03-05,,exper2_07
,21.793526,Validation,2019,2019-03-06,,exper2_07
,21.964613,Validation,2019,2019-03-07,,exper2_07
,21.51845,Validation,2019,2019-03-08,,exper2_07
,21.04834,Validation,2019,2019-03-09,,exper2_07
,21.220913,Validation,2019,2019-03-10,,exper2_07
,21.339312,Validation,2019,2019-03-11,,exper2_07
,21.524137,Validation,2019,2019-03-12,,exper2_07
,21.63138,Validation,2019,2019-03-13,,exper2_07
,22.048018,Validation,2019,2019-03-14,,exper2_07
,22.207697,Validation,2019,2019-03-15,,exper2_07
,22.17386,Validation,2019,2019-03-16,,exper2_07
,22.630394,Validation,2019,2019-03-17,,exper2_07
,22.204617,Validation,2019,2019-03-18,,exper2_07
,22.246618,Validation,2019,2019-03-19,,exper2_07
,21.89991,Validation,2019,2019-03-20,,exper2_07
,22.403887,Validation,2019,2019-03-21,,exper2_07
,22.024933,Validation,2019,2019-03-22,,exper2_07
21.875,21.841034,Validation,2019,2019-03-23,-0.0007769704018256361,exper2_07
,21.655348,Validation,2019,2019-03-24,,exper2_07
,21.596535,Validation,2019,2019-03-25,,exper2_07
,21.51407,Validation,2019,2019-03-26,,exper2_07
,21.490152,Validation,2019,2019-03-27,,exper2_07
,21.36455,Validation,2019,2019-03-28,,exper2_07
,21.25543,Validation,2019,2019-03-29,,exper2_07
,14.145805,Validation,2019,2019-03-30,,exper2_07
,15.640131,Validation,2019,2019-03-31,,exper2_07
,15.854681,Validation,2019,2019-04-01,,exper2_07
,16.129536,Validation,2019,2019-04-02,,exper2_07
,16.55805,Validation,2019,2019-04-03,,exper2_07
,17.095552,Validation,2019,2019-04-04,,exper2_07
20.625833333333276,17.422726,Validation,2019,2019-04-05,-0.08418472970111344,exper2_07
22.084166666666704,17.158533,Validation,2019,2019-04-06,-0.1255171942833518,exper2_07
,17.42451,Validation,2019,2019-04-07,,exper2_07
,17.588152,Validation,2019,2019-04-08,,exper2_07
,17.577696,Validation,2019,2019-04-09,,exper2_07
,18.059074,Validation,2019,2019-04-10,,exper2_07
22.435000000000002,17.744116,Validation,2019,2019-04-11,-0.11674931301230591,exper2_07
,17.361008,Validation,2019,2019-04-12,,exper2_07
18.050250000000005,17.211264,Validation,2019,2019-04-13,-0.023793259459988416,exper2_07
17.625104166666688,17.087763,Validation,2019,2019-04-14,-0.015479601095345819,exper2_07
17.613854166666727,16.980871,Validation,2019,2019-04-15,-0.018297094698281113,exper2_07
17.229895833333273,16.865091,Validation,2019,2019-04-16,-0.01069965235061978,exper2_07
16.937083333333305,16.65137,Validation,2019,2019-04-17,-0.008506323388836688,exper2_07
16.834166666666704,16.416946,Validation,2019,2019-04-18,-0.012547557567702993,exper2_07
17.064166666666722,16.662443,Validation,2019,2019-04-19,-0.011911173631400946,exper2_07
17.012500000000045,16.704565,Validation,2019,2019-04-20,-0.009132910926318854,exper2_07
17.235208333333276,16.208452,Validation,2019,2019-04-21,-0.030701068348041073,exper2_07
16.567812500000002,15.960011,Validation,2019,2019-04-22,-0.018685602504102568,exper2_07
16.334270833333278,15.820131,Validation,2019,2019-04-23,-0.015989708945337442,exper2_07
16.374479166666674,15.645865,Validation,2019,2019-04-24,-0.022754712206874098,exper2_07
16.315520833333323,15.56002,Validation,2019,2019-04-25,-0.02370157042720991,exper2_07
16.501770833333296,15.507715,Validation,2019,2019-04-26,-0.031055031820729755,exper2_07
16.448125000000005,15.39756,Validation,2019,2019-04-27,-0.032989237833151705,exper2_07
16.569791666666674,15.63076,Validation,2019,2019-04-28,-0.029161968338050095,exper2_07
16.429166666666674,15.090788,Validation,2019,2019-04-29,-0.0424613169029268,exper2_07
16.059166666666727,14.456561,Validation,2019,2019-04-30,-0.05251736386428193,exper2_07
15.699062500000025,14.911323,Validation,2019,2019-05-01,-0.025734400397121115,exper2_07
15.420833333333292,14.186921,Validation,2019,2019-05-02,-0.041675305555546986,exper2_07
15.588020833333303,14.880598,Validation,2019,2019-05-03,-0.023218077832189887,exper2_07
16.070937500000014,14.810448,Validation,2019,2019-05-04,-0.04081713949217216,exper2_07
15.745104166666692,14.831188,Validation,2019,2019-05-05,-0.029889692110015242,exper2_07
15.52104166666669,14.721775,Validation,2019,2019-05-06,-0.026428312517737217,exper2_07
15.560000000000002,14.71804,Validation,2019,2019-05-07,-0.027807596552633103,exper2_07
15.363333333333287,14.946767,Validation,2019,2019-05-08,-0.013743487399755474,exper2_07
15.252812500000005,15.256777,Validation,2019,2019-05-09,0.00012993651445576392,exper2_07
15.307187499999998,14.672159,Validation,2019,2019-05-10,-0.021182192911520563,exper2_07
15.270937500000002,14.734552,Validation,2019,2019-05-11,-0.017876232604803685,exper2_07
15.708124999999995,14.63232,Validation,2019,2019-05-12,-0.0354577720142355,exper2_07
15.233229166666717,14.38505,Validation,2019,2019-05-13,-0.028637023343044073,exper2_07
15.184687499999995,14.888203,Validation,2019,2019-05-14,-0.009858873926480145,exper2_07
15.030416666666724,14.149691,Validation,2019,2019-05-15,-0.03018241261828312,exper2_07
14.827395833333298,14.130772,Validation,2019,2019-05-16,-0.024056225142180334,exper2_07
14.691562499999975,13.970409,Validation,2019,2019-05-17,-0.025160624306443464,exper2_07
14.519583333333287,14.471321,Validation,2019,2019-05-18,-0.0016647368652234185,exper2_07
14.352395833333276,13.705321,Validation,2019,2019-05-19,-0.023062265473417345,exper2_07
14.208229166666683,13.831845,Validation,2019,2019-05-20,-0.013423070035965391,exper2_07
14.115208333333271,14.062822,Validation,2019,2019-05-21,-0.0018591076153641449,exper2_07
14.010312499999998,13.481917,Validation,2019,2019-05-22,-0.019219798502886958,exper2_07
13.916875000000005,13.515125,Validation,2019,2019-05-23,-0.014645294594610348,exper2_07
14.020729166666683,13.9816475,Validation,2019,2019-05-24,-0.0013956556505452917,exper2_07
13.914791666666702,13.311425,Validation,2019,2019-05-25,-0.022161230125201156,exper2_07
13.843645833333312,13.908848,Validation,2019,2019-05-26,0.002349409618654991,exper2_07
13.779687500000023,14.284872,Validation,2019,2019-05-27,0.018000801119386067,exper2_07
13.793124999999975,13.894039,Validation,2019,2019-05-28,0.0036447992106113936,exper2_07
13.703333333333319,13.303905,Validation,2019,2019-05-29,-0.014789694596621307,exper2_07
13.729479166666692,14.262656,Validation,2019,2019-05-30,0.01904738734564274,exper2_07
13.70281250000005,13.499302,Validation,2019,2019-05-31,-0.007481425396911399,exper2_07
13.596041666666679,13.365918,Validation,2019,2019-06-01,-0.008535117946381962,exper2_07
13.344062500000007,12.616424,Validation,2019,2019-06-02,-0.0280287083274153,exper2_07
13.002708333333317,12.938335,Validation,2019,2019-06-03,-0.002481508271119437,exper2_07
12.78125,13.071434,Validation,2019,2019-06-04,0.011224522017150042,exper2_07
12.627187500000048,12.557387,Validation,2019,2019-06-05,-0.0027715436301989768,exper2_07
12.532083333333276,12.53596,Validation,2019,2019-06-06,0.00015465363743661078,exper2_07
12.344583333333276,12.4290695,Validation,2019,2019-06-07,0.003410324113813085,exper2_07
12.156875000000014,12.274474,Validation,2019,2019-06-08,0.004813452719654148,exper2_07
11.970312499999977,12.198586,Validation,2019,2019-06-09,0.00944494675859838,exper2_07
11.899999999999977,12.179959,Validation,2019,2019-06-10,0.011626236312325608,exper2_07
11.864062500000045,12.444817,Validation,2019,2019-06-11,0.02389061573841661,exper2_07
12.018333333333317,12.477108,Validation,2019,2019-06-12,0.01872898153173346,exper2_07
11.86177083333331,12.103582,Validation,2019,2019-06-13,0.010090047356868711,exper2_07
12.054791666666688,12.142965,Validation,2019,2019-06-14,0.003643876999265624,exper2_07
11.9889583333333,12.093412,Validation,2019,2019-06-15,0.004337366412899856,exper2_07
11.842499999999973,12.088972,Validation,2019,2019-06-16,0.010299077747104996,exper2_07
11.719479166666702,11.994148,Validation,2019,2019-06-17,0.0115827529399354,exper2_07
11.568645833333278,11.97053,Validation,2019,2019-06-18,0.017072973725263275,exper2_07
11.475312499999973,11.733603,Validation,2019,2019-06-19,0.01112891419262077,exper2_07
11.38041666666669,11.422131,Validation,2019,2019-06-20,0.0018293534310109072,exper2_07
11.086666666666702,11.362217,Validation,2019,2019-06-21,0.01227456507450577,exper2_07
11.152499999999975,11.570459,Validation,2019,2019-06-22,0.01839370299948668,exper2_07
11.061458333333292,11.504192,Validation,2019,2019-06-23,0.01961982063489098,exper2_07
10.978541666666729,11.43504,Validation,2019,2019-06-24,0.020367061561492247,exper2_07
10.881875000000036,11.440882,Validation,2019,2019-06-25,0.02504201142847945,exper2_07
10.808541666666713,11.3224325,Validation,2019,2019-06-26,0.023220435171560548,exper2_07
10.707916666666677,11.273512,Validation,2019,2019-06-27,0.0257305942859676,exper2_07
10.525625000000048,11.162869,Validation,2019,2019-06-28,0.029381682292352124,exper2_07
10.483854166666674,11.276043,Validation,2019,2019-06-29,0.03640590613764399,exper2_07
10.406770833333326,11.031174,Validation,2019,2019-06-30,0.029126060643274082,exper2_07
10.385104166666679,10.900398,Validation,2019,2019-07-01,0.02420868803256381,exper2_07
10.334375000000023,10.82432,Validation,2019,2019-07-02,0.023155721238693083,exper2_07
10.357604166666704,11.280949,Validation,2019,2019-07-03,0.04267126736918793,exper2_07
10.572916666666686,11.354141,Validation,2019,2019-07-04,0.03562833519096833,exper2_07
10.778541666666683,11.268793,Validation,2019,2019-07-05,0.022236313117468126,exper2_07
10.628125000000011,11.032806,Validation,2019,2019-07-06,0.018682548274449744,exper2_07
10.569687500000043,10.794254,Validation,2019,2019-07-07,0.010511487301803235,exper2_07
10.484375,10.902671,Validation,2019,2019-07-08,0.019558374869676605,exper2_07
10.391354166666702,10.830439,Validation,2019,2019-07-09,0.020690261740146376,exper2_07
10.396145833333321,10.8337,Validation,2019,2019-07-10,0.020610340105362914,exper2_07
10.422395833333326,10.917514,Validation,2019,2019-07-11,0.023201504665500035,exper2_07
10.428437499999973,11.130795,Validation,2019,2019-07-12,0.03257801689444642,exper2_07
10.407083333333276,10.987172,Validation,2019,2019-07-13,0.0271142314121897,exper2_07
10.518541666666692,11.110687,Validation,2019,2019-07-14,0.027377101204749104,exper2_07
10.43208333333331,11.102443,Validation,2019,2019-07-15,0.03112951758188254,exper2_07
10.513020833333314,11.126695,Validation,2019,2019-07-16,0.02835868362362724,exper2_07
10.501666666666722,11.148328,Validation,2019,2019-07-17,0.02986888338297316,exper2_07
10.44500000000005,11.069713,Validation,2019,2019-07-18,0.029036531853403196,exper2_07
10.517395833333296,11.131218,Validation,2019,2019-07-19,0.028353876565377117,exper2_07
10.404062500000009,11.178616,Validation,2019,2019-07-20,0.03588771826896349,exper2_07
10.546250000000043,11.277145,Validation,2019,2019-07-21,0.03349136891043346,exper2_07
10.870625000000018,10.817766,Validation,2019,2019-07-22,-0.0024371937025107746,exper2_07
10.845937500000048,11.4750185,Validation,2019,2019-07-23,0.028183425532739968,exper2_07
10.616979166666681,11.2638445,Validation,2019,2019-07-24,0.029563115791849313,exper2_07
10.380104166666683,11.276644,Validation,2019,2019-07-25,0.04139770152511109,exper2_07
10.543020833333287,11.304897,Validation,2019,2019-07-26,0.03487181112981031,exper2_07
10.543854166666677,11.2698555,Validation,2019,2019-07-27,0.03328188298639886,exper2_07
10.596562500000005,11.1995125,Validation,2019,2019-07-28,0.027663236715600285,exper2_07
10.587812500000041,11.212303,Validation,2019,2019-07-29,0.028646208640097346,exper2_07
10.683645833333287,11.263586,Validation,2019,2019-07-30,0.02642429870934915,exper2_07
10.728437500000041,10.884104,Validation,2019,2019-07-31,0.0072025900630326035,exper2_07
10.547187500000007,10.851492,Validation,2019,2019-08-01,0.014220710634179075,exper2_07
10.419583333333321,11.345408,Validation,2019,2019-08-02,0.04253735153958169,exper2_07
10.260520833333317,11.080829,Validation,2019,2019-08-03,0.03843748650257162,exper2_07
10.097083333333273,10.771448,Validation,2019,2019-08-04,0.03231491411141512,exper2_07
10.037395833333278,10.825251,Validation,2019,2019-08-05,0.037763895094877924,exper2_07
9.825520833333314,11.285124,Validation,2019,2019-08-06,0.06914061675320243,exper2_07
9.788020833333348,11.07613,Validation,2019,2019-08-07,0.06173791090934879,exper2_07
9.933854166666663,11.160118,Validation,2019,2019-08-08,0.058133381455254436,exper2_07
10.136562500000025,11.184235,Validation,2019,2019-08-09,0.04913850609272282,exper2_07
10.295208333333278,11.197433,Validation,2019,2019-08-10,0.04197832665391434,exper2_07
10.308541666666713,11.240091,Validation,2019,2019-08-11,0.04323010455445967,exper2_07
10.212187500000027,11.268039,Validation,2019,2019-08-12,0.04915456836539589,exper2_07
10.267500000000041,11.246618,Validation,2019,2019-08-13,0.04551049959595688,exper2_07
10.376250000000027,10.874833,Validation,2019,2019-08-14,0.023461538618259708,exper2_07
10.510937500000011,11.511442,Validation,2019,2019-08-15,0.0454312703161124,exper2_07
11.043437500000039,11.235467,Validation,2019,2019-08-16,0.00861934021316364,exper2_07
10.508020833333319,11.244845,Validation,2019,2019-08-17,0.03387252739068075,exper2_07
10.546041666666724,10.855965,Validation,2019,2019-08-18,0.014481025247726985,exper2_07
10.217604166666717,11.125129,Validation,2019,2019-08-19,0.04252147946929508,exper2_07
10.340312500000039,11.138069,Validation,2019,2019-08-20,0.03714230735474444,exper2_07
10.061979166666674,11.140037,Validation,2019,2019-08-21,0.05084693026415462,exper2_07
10.085000000000036,11.061966,Validation,2019,2019-08-22,0.046198870563494705,exper2_07
10.174166666666679,11.085411,Validation,2019,2019-08-23,0.04286277066843372,exper2_07
10.185416666666697,10.693329,Validation,2019,2019-08-24,0.024326758050151106,exper2_07
10.237291666666692,11.396811,Validation,2019,2019-08-25,0.05359680999572746,exper2_07
10.251041666666708,11.0486355,Validation,2019,2019-08-26,0.03744628665142906,exper2_07
10.274999999999977,11.278085,Validation,2019,2019-08-27,0.04654019442454908,exper2_07
10.381250000000023,11.322814,Validation,2019,2019-08-28,0.04338192092799405,exper2_07
10.600208333333285,11.364908,Validation,2019,2019-08-29,0.03481428761145024,exper2_07
10.652291666666713,11.715934,Validation,2019,2019-08-30,0.04755147585015969,exper2_07
10.91260416666671,11.673925,Validation,2019,2019-08-31,0.03370687076444581,exper2_07
11.038645833333305,12.10851,Validation,2019,2019-09-01,0.04622011408058373,exper2_07
11.483750000000043,12.076387,Validation,2019,2019-09-02,0.025154242320324652,exper2_07
11.90770833333329,12.935201,Validation,2019,2019-09-03,0.04135958300512276,exper2_07
11.300729166666713,12.582965,Validation,2019,2019-09-04,0.05368665864931251,exper2_07
11.410937500000045,12.591688,Validation,2019,2019-09-05,0.04919256222397625,exper2_07
11.928333333333285,12.142084,Validation,2019,2019-09-06,0.008880227722269254,exper2_07
11.554583333333312,12.166153,Validation,2019,2019-09-07,0.025782067359022297,exper2_07
11.581562500000018,12.5003805,Validation,2019,2019-09-08,0.03815381572158745,exper2_07
11.53093750000005,12.250628,Validation,2019,2019-09-09,0.030262555974688153,exper2_07
11.388958333333278,11.707811,Validation,2019,2019-09-10,0.013805091644934493,exper2_07
11.153437499999995,11.740639,Validation,2019,2019-09-11,0.025648610013190274,exper2_07
11.25750000000005,12.16992,Validation,2019,2019-09-12,0.038946668856885934,exper2_07
11.333437500000002,12.2078705,Validation,2019,2019-09-13,0.037144621871269594,exper2_07
11.512916666666683,12.378443,Validation,2019,2019-09-14,0.036227578431319366,exper2_07
11.69947916666672,12.371062,Validation,2019,2019-09-15,0.027900623407405043,exper2_07
11.835520833333305,12.699419,Validation,2019,2019-09-16,0.03521093564446651,exper2_07
11.901145833333317,12.61533,Validation,2019,2019-09-17,0.029130773992829113,exper2_07
12.017500000000041,13.020306,Validation,2019,2019-09-18,0.040051658209270126,exper2_07
12.203541666666695,12.9765625,Validation,2019,2019-09-19,0.03069966780981894,exper2_07
12.551979166666683,13.314156,Validation,2019,2019-09-20,0.029466188877937373,exper2_07
12.4407291666667,13.663051,Validation,2019,2019-09-21,0.04682545950799718,exper2_07
13.506022727272693,13.508114,Validation,2019,2019-09-22,7.74088708869673e-05,exper2_07
13.255227272727325,14.174282,Validation,2019,2019-09-23,0.033506060558016866,exper2_07
12.899270833333276,13.211687,Validation,2019,2019-09-24,0.01196494803524677,exper2_07
12.652291666666713,13.059867,Validation,2019,2019-09-25,0.015851459433337756,exper2_07
12.36864583333329,12.808249,Validation,2019,2019-09-26,0.01746059769799819,exper2_07
12.236354166666729,13.009748,Validation,2019,2019-09-27,0.030634205353087418,exper2_07
12.327395833333298,13.050208,Validation,2019,2019-09-28,0.028482289365723567,exper2_07
12.516979166666715,13.153596,Validation,2019,2019-09-29,0.02479947392891975,exper2_07
12.70947916666671,13.158191,Validation,2019,2019-09-30,0.017346423640305496,exper2_07
12.690937500000018,13.329844,Validation,2019,2019-10-01,0.024553719231474296,exper2_07
12.676979166666683,13.363128,Validation,2019,2019-10-02,0.026349682244370374,exper2_07
12.514687500000036,13.654553,Validation,2019,2019-10-03,0.04355746951787938,exper2_07
12.635520833333317,13.61436,Validation,2019,2019-10-04,0.03728927509865878,exper2_07
13.005729166666697,13.425667,Validation,2019,2019-10-05,0.015887834407256978,exper2_07
12.780416666666724,13.513152,Validation,2019,2019-10-06,0.027867478230372382,exper2_07
12.861145833333296,13.461166,Validation,2019,2019-10-07,0.02279513074679118,exper2_07
13.1204166666667,13.731665,Validation,2019,2019-10-08,0.022763523748672812,exper2_07
13.508020833333319,13.91406,Validation,2019,2019-10-09,0.014807002191308288,exper2_07
14.515208333333305,14.17949,Validation,2019,2019-10-10,-0.011699660995587823,exper2_07
13.331979166666713,14.088291,Validation,2019,2019-10-11,0.027582222651689935,exper2_07
13.953437500000007,14.310244,Validation,2019,2019-10-12,0.012624190926229635,exper2_07
15.318020833333321,14.447804,Validation,2019,2019-10-13,-0.029235419278057173,exper2_07
14.959375000000023,14.4180565,Validation,2019,2019-10-14,-0.01842633901412876,exper2_07
14.133437500000014,13.839968,Validation,2019,2019-10-15,-0.010491027815544136,exper2_07
13.874791666666681,14.173998,Validation,2019,2019-10-16,0.01066734847413628,exper2_07
13.935000000000002,14.321556,Validation,2019,2019-10-17,0.013680226636942917,exper2_07
14.254999999999995,14.204123,Validation,2019,2019-10-18,-0.0017877380649232234,exper2_07
14.528645833333314,14.1732235,Validation,2019,2019-10-19,-0.012383247020537143,exper2_07
14.491562500000043,14.552597,Validation,2019,2019-10-20,0.0021014395614354555,exper2_07
14.8860416666667,14.55728,Validation,2019,2019-10-21,-0.01116593053632112,exper2_07
14.75239583333331,14.480001,Validation,2019,2019-10-22,-0.009318236240156756,exper2_07
14.903541666666683,14.743602,Validation,2019,2019-10-23,-0.005394781721234393,exper2_07
14.708958333333271,14.838076,Validation,2019,2019-10-24,0.004369890548411056,exper2_07
14.484895833333326,14.770778,Validation,2019,2019-10-25,0.00977184369553843,exper2_07
14.405729166666674,15.104224,Validation,2019,2019-10-26,0.023669811658213448,exper2_07
14.709895833333292,15.409521,Validation,2019,2019-10-27,0.023228380252282327,exper2_07
15.273854166666695,15.410212,Validation,2019,2019-10-28,0.004443915537285861,exper2_07
15.591250000000002,15.424045,Validation,2019,2019-10-29,-0.005391062475391804,exper2_07
15.550625000000025,15.472378,Validation,2019,2019-10-30,-0.00252223240485849,exper2_07
15.642395833333296,15.439581,Validation,2019,2019-10-31,-0.006525161433639653,exper2_07
15.905104166666717,15.435068,Validation,2019,2019-11-01,-0.014997876582068094,exper2_07
15.661354166666683,15.773684,Validation,2019,2019-11-02,0.0035733814709130772,exper2_07
16.19947916666672,16.306644,Validation,2019,2019-11-03,0.003296771843000231,exper2_07
18.500312500000007,16.783909,Validation,2019,2019-11-04,-0.048645076768798284,exper2_07
18.588645833333317,17.079115,Validation,2019,2019-11-05,-0.04232199857144852,exper2_07
18.656562500000007,17.475718,Validation,2019,2019-11-06,-0.03268116360185993,exper2_07
19.600729166666724,17.576418,Validation,2019,2019-11-07,-0.05445041920005687,exper2_07
20.1804166666667,17.597017,Validation,2019,2019-11-08,-0.06838472357716446,exper2_07
20.05666666666673,17.056654,Validation,2019,2019-11-09,-0.08083385259635813,exper2_07
19.13958333333329,16.467436,Validation,2019,2019-11-10,-0.07504552638271005,exper2_07
18.404895833333285,16.2572,Validation,2019,2019-11-11,-0.06196092664543864,exper2_07
18.778229166666677,16.208769,Validation,2019,2019-11-12,-0.07344043410739112,exper2_07
18.266145833333326,16.32572,Validation,2019,2019-11-13,-0.056094863996504506,exper2_07
18.132708333333312,16.144547,Validation,2019,2019-11-14,-0.05800236435798389,exper2_07
17.877083333333303,16.088211,Validation,2019,2019-11-15,-0.052667651075526685,exper2_07
17.8717708333333,16.40913,Validation,2019,2019-11-16,-0.04266634473505409,exper2_07
18.15479166666671,16.148584,Validation,2019,2019-11-17,-0.05848425236398239,exper2_07
18.24447916666668,16.045656,Validation,2019,2019-11-18,-0.06412406771393728,exper2_07
17.924687500000005,16.176777,Validation,2019,2019-11-19,-0.05125617463899772,exper2_07
18.145104166666727,16.406605,Validation,2019,2019-11-20,-0.05031587303442511,exper2_07
18.11697916666668,16.70126,Validation,2019,2019-11-21,-0.04066028619617663,exper2_07
18.616354166666724,17.127054,Validation,2019,2019-11-22,-0.04166642241579951,exper2_07
19.291145833333303,17.676504,Validation,2019,2019-11-23,-0.04367715285063616,exper2_07
20.52364583333332,18.188122,Validation,2019,2019-11-24,-0.06033111326929352,exper2_07
21.732173913043482,18.613356,Validation,2019,2019-11-25,-0.07730269775265891,exper2_07
21.838095238095207,18.873882,Validation,2019,2019-11-26,-0.07280935793597747,exper2_07
21.674772727272682,19.110746,Validation,2019,2019-11-27,-0.06286609560200387,exper2_07
22.252250000000004,19.448175,Validation,2019,2019-11-28,-0.0672433084499139,exper2_07
22.277499999999975,19.654222,Validation,2019,2019-11-29,-0.06256069047299816,exper2_07
22.238636363636374,19.853426,Validation,2019,2019-11-30,-0.056666512668619086,exper2_07
22.2421875,20.117643,Validation,2019,2019-12-01,-0.05015468902325935,exper2_07
21.61916666666673,20.226965,Validation,2019,2019-12-02,-0.033269543976964154,exper2_07
21.071666666666715,20.834272,Validation,2019,2019-12-03,-0.0056649316874272,exper2_07
20.480000000000018,20.563818,Validation,2019,2019-12-04,0.0020421584061788827,exper2_07
20.883125000000007,20.800383,Validation,2019,2019-12-05,-0.001985014951961599,exper2_07
21.524687500000027,20.984241,Validation,2019,2019-12-06,-0.012713705739033222,exper2_07
21.13468750000004,21.231043,Validation,2019,2019-12-07,0.0022743703723564633,exper2_07
21.226666666666688,21.19552,Validation,2019,2019-12-08,-0.0007341975465816954,exper2_07
20.80708333333331,21.005062,Validation,2019,2019-12-09,0.004734958416289549,exper2_07
21.108437500000036,20.522814,Validation,2019,2019-12-10,-0.014066925320719523,exper2_07
20.68086805541668,20.809765,Validation,2019,2019-12-11,0.0031066483584435752,exper2_07
21.764131944583312,21.044407,Validation,2019,2019-12-12,-0.016812651711394587,exper2_07
21.948020833333317,21.200891,Validation,2019,2019-12-13,-0.017315137236867423,exper2_07
22.185000000000002,21.121557,Validation,2019,2019-12-14,-0.024556160363750582,exper2_07
21.995104166666692,21.510515,Validation,2019,2019-12-15,-0.011138537057131038,exper2_07
21.63822916666669,21.326918,Validation,2019,2019-12-16,-0.007245675656406808,exper2_07
20.996145833333287,21.196997,Validation,2019,2019-12-17,0.004760272487500125,exper2_07
20.32135416666671,20.4528,Validation,2019,2019-12-18,0.00322377212555355,exper2_07
20.101666666666688,20.435448,Validation,2019,2019-12-19,0.00823396118539632,exper2_07
20.231458333333308,20.048725,Validation,2019,2019-12-20,-0.0045365534477792135,exper2_07
19.78125,19.619219,Validation,2019,2019-12-21,-0.004112417403468129,exper2_07
19.523541666666688,19.97146,Validation,2019,2019-12-22,0.011341148321441535,exper2_07
20.393333333333317,20.496801,Validation,2019,2019-12-23,0.0025303913460811484,exper2_07
20.840208333333294,21.077902,Validation,2019,2019-12-24,0.0056704251668933305,exper2_07
20.888750000000016,21.021141,Validation,2019,2019-12-25,0.0031589452733493204,exper2_07
20.369687499999998,20.751768,Validation,2019,2019-12-26,0.00929151476995441,exper2_07
20.825104166666677,20.596752,Validation,2019,2019-12-27,-0.005512838393348867,exper2_07
21.434583333333308,20.347334,Validation,2019,2019-12-28,-0.02602200897029608,exper2_07
21.154479166666704,20.468325,Validation,2019,2019-12-29,-0.016485062088766156,exper2_07
21.13135416666671,20.909893,Validation,2019,2019-12-30,-0.005267710772495297,exper2_07
21.137708333333308,21.274643,Validation,2019,2019-12-31,0.0032286493645714972,exper2_07
21.673541666666722,21.664492,Validation,2020,2020-01-01,-0.0002088238097352683,exper2_07
22.380729166666697,21.629498,Validation,2020,2020-01-02,-0.017069478959995034,exper2_07
21.89645833333327,20.780619,Validation,2020,2020-01-03,-0.026146112717753942,exper2_07
21.495520833333273,20.06026,Validation,2020,2020-01-04,-0.03453815582714589,exper2_07
20.872500000000002,19.549292,Validation,2020,2020-01-05,-0.03273502575109467,exper2_07
20.530625000000043,19.158598,Validation,2020,2020-01-06,-0.03456925966260455,exper2_07
20.16385416666668,18.975826,Validation,2020,2020-01-07,-0.030353541219142775,exper2_07
20.263958333333278,19.062601,Validation,2020,2020-01-08,-0.030548241735047603,exper2_07
20.254895833333308,19.0657,Validation,2020,2020-01-09,-0.030243572384012953,exper2_07
20.608437500000036,19.695177,Validation,2020,2020-01-10,-0.022659516554772635,exper2_07
20.964479166666706,20.168821,Validation,2020,2020-01-11,-0.019343398709245712,exper2_07
21.5773958333333,20.671177,Validation,2020,2020-01-12,-0.021449693186790984,exper2_07
22.37281250000001,21.366756,Validation,2020,2020-01-13,-0.023001051112078442,exper2_07
22.2897916666667,20.17856,Validation,2020,2020-01-14,-0.04971305252215915,exper2_07
20.83822916666668,20.204746,Validation,2020,2020-01-15,-0.01543462465755023,exper2_07
21.227187500000014,20.09191,Validation,2020,2020-01-16,-0.027475868941250443,exper2_07
20.683645833333287,19.999058,Validation,2020,2020-01-17,-0.016827496772008663,exper2_07
20.611458333333303,20.110464,Validation,2020,2020-01-18,-0.012302813997362558,exper2_07
20.714270833333273,20.716663,Validation,2020,2020-01-19,5.7747364595516465e-05,exper2_07
21.106250000000045,21.40091,Validation,2020,2020-01-20,0.00693199517027484,exper2_07
22.169270833333314,21.805206,Validation,2020,2020-01-21,-0.00827899632350432,exper2_07
21.987291666666692,22.102465,Validation,2020,2020-01-22,0.002612239640014177,exper2_07
22.210833333333312,22.55895,Validation,2020,2020-01-23,0.007775715262473006,exper2_07
22.92375000000004,22.932615,Validation,2020,2020-01-24,0.00019332714438149182,exper2_07
23.63916666666671,23.254543,Validation,2020,2020-01-25,-0.00820202458837885,exper2_07
24.645520833333308,23.50666,Validation,2020,2020-01-26,-0.02365127272087839,exper2_07
25.026250000000005,23.703909,Validation,2020,2020-01-27,-0.0271359894777889,exper2_07
25.173125000000027,23.968805,Validation,2020,2020-01-28,-0.02450696745561865,exper2_07
25.069687500000043,23.499302,Validation,2020,2020-01-29,-0.032333091725053976,exper2_07
24.730000000000018,23.668547,Validation,2020,2020-01-30,-0.0219315123335447,exper2_07
24.19635416666671,23.793716,Validation,2020,2020-01-31,-0.008390021748062207,exper2_07
23.20093750000001,23.981985,Validation,2020,2020-02-01,0.016553607730369926,exper2_07
23.299791666666692,23.97292,Validation,2020,2020-02-02,0.014239246731215715,exper2_07
23.005312500000002,24.037146,Validation,2020,2020-02-03,0.021934081593054693,exper2_07
23.40604166666668,24.176718,Validation,2020,2020-02-04,0.016196540529123254,exper2_07
23.56833333333327,24.234148,Validation,2020,2020-02-05,0.013928454616848326,exper2_07
23.644479166666713,24.220486,Validation,2020,2020-02-06,0.012033990254605656,exper2_07
23.520416666666677,24.067621,Validation,2020,2020-02-07,0.011498783908431447,exper2_07
23.38385416666671,23.758303,Validation,2020,2020-02-08,0.007942965424376888,exper2_07
22.92739583333332,23.500937,Validation,2020,2020-02-09,0.012353247379781102,exper2_07
22.85385416666668,23.619623,Validation,2020,2020-02-10,0.016477549371998402,exper2_07
23.62916666666672,23.780287,Validation,2020,2020-02-11,0.003187552508176761,exper2_07
23.734375,23.774553,Validation,2020,2020-02-12,0.0008456999639598928,exper2_07
23.770729166666683,23.907143,Validation,2020,2020-02-13,0.0028611485229255024,exper2_07
24.29447916666669,23.899172,Validation,2020,2020-02-14,-0.008202477489758286,exper2_07
23.788437500000043,23.89787,Validation,2020,2020-02-15,0.0022948225158663017,exper2_07
23.21281250000004,23.419497,Validation,2020,2020-02-16,0.004432206779513161,exper2_07
22.773020833333305,23.446795,Validation,2020,2020-02-17,0.014577593431541296,exper2_07
23.000833333333276,23.462002,Validation,2020,2020-02-18,0.00992553437333513,exper2_07
23.081458333333273,23.17963,Validation,2020,2020-02-19,0.0021221278865543444,exper2_07
23.25416666666672,23.469217,Validation,2020,2020-02-20,0.004602633959471556,exper2_07
23.64500000000004,23.774065,Validation,2020,2020-02-21,0.002721795920100496,exper2_07
23.52781250000004,23.310202,Validation,2020,2020-02-22,-0.004646030773836386,exper2_07
23.261666666666713,22.71795,Validation,2020,2020-02-23,-0.011825149391262696,exper2_07
22.504791666666677,22.753138,Validation,2020,2020-02-24,0.005487346105344476,exper2_07
22.134374999999977,22.79123,Validation,2020,2020-02-25,0.014620932963310218,exper2_07
22.651041666666686,23.07485,Validation,2020,2020-02-26,0.009268455999864655,exper2_07
23.02312500000005,23.225546,Validation,2020,2020-02-27,0.004376793523212015,exper2_07
23.266770833333283,23.521912,Validation,2020,2020-02-28,0.005453044932585543,exper2_07
23.65031250000004,23.439795,Validation,2020,2020-02-29,-0.004470534743404472,exper2_07
23.306249999999977,23.345613,Validation,2020,2020-03-01,0.000843770788094702,exper2_07
23.06020833333332,23.23393,Validation,2020,2020-03-02,0.0037525755632112448,exper2_07
22.876666666666722,23.161203,Validation,2020,2020-03-03,0.006180492655656706,exper2_07
22.89250000000004,23.072687,Validation,2020,2020-03-04,0.00392007865569069,exper2_07
22.219270833333326,22.386936,Validation,2020,2020-03-05,0.0037587897651012807,exper2_07
21.750833333333276,22.501486,Validation,2020,2020-03-06,0.01696300907016685,exper2_07
21.45947916666671,22.39399,Validation,2020,2020-03-07,0.02130983986882724,exper2_07
21.774062500000014,22.407732,Validation,2020,2020-03-08,0.014342321694196214,exper2_07
21.968854166666688,22.717306,Validation,2020,2020-03-09,0.01674907768603776,exper2_07
21.312604166666688,21.881067,Validation,2020,2020-03-10,0.013160796254350082,exper2_07
21.325000000000045,21.966566,Validation,2020,2020-03-11,0.014819655277511293,exper2_07
21.140208333333305,21.724264,Validation,2020,2020-03-12,0.01362563861857335,exper2_07
20.91041666666672,21.540092,Validation,2020,2020-03-13,0.014833174311139166,exper2_07
20.807604166666692,21.30268,Validation,2020,2020-03-14,0.011756627057954095,exper2_07
21.43729166666668,21.352703,Validation,2020,2020-03-15,-0.001976830627262914,exper2_07
21.450208333333308,21.549562,Validation,2020,2020-03-16,0.0023105732674992734,exper2_07
21.02656250000001,20.627655,Validation,2020,2020-03-17,-0.00957664059881981,exper2_07
19.80000000000001,20.620758,Validation,2020,2020-03-18,0.020305360317352413,exper2_07
19.532604166666715,20.552423,Validation,2020,2020-03-19,0.02544140220052627,exper2_07
19.35354166666673,20.294966,Validation,2020,2020-03-20,0.023744250132808578,exper2_07
19.462499999999977,20.332552,Validation,2020,2020-03-21,0.02186332002116501,exper2_07
19.705729166666686,20.525898,Validation,2020,2020-03-22,0.020386170563896053,exper2_07
19.412187500000016,20.104483,Validation,2020,2020-03-23,0.01751906595661276,exper2_07
19.152916666666727,17.501139,Validation,2020,2020-03-24,-0.045063989880226744,exper2_07
18.971562500000005,16.688757,Validation,2020,2020-03-25,-0.06401528626001005,exper2_07
19.229479166666692,16.212019,Validation,2020,2020-03-26,-0.08513918313044504,exper2_07
18.905416666666724,16.095076,Validation,2020,2020-03-27,-0.08029432950168132,exper2_07
18.60791666666671,15.973068,Validation,2020,2020-03-28,-0.07619356234875277,exper2_07
18.647500000000036,15.90356,Validation,2020,2020-03-29,-0.07941696550793355,exper2_07
18.738854166666727,16.005812,Validation,2020,2020-03-30,-0.07866077879569311,exper2_07
18.617604166666695,16.595171,Validation,2020,2020-03-31,-0.05743464364322601,exper2_07
19.54656250000005,17.420883,Validation,2020,2020-04-01,-0.057501384860714364,exper2_07
19.796250000000043,17.642418,Validation,2020,2020-04-02,-0.057529613435882025,exper2_07
19.059375000000045,17.90519,Validation,2020,2020-04-03,-0.03122410614083522,exper2_07
19.424791666666692,17.943787,Validation,2020,2020-04-04,-0.03963236262745444,exper2_07
18.8444791666667,17.806263,Validation,2020,2020-04-05,-0.02832728987657142,exper2_07
18.56270833333332,18.013847,Validation,2020,2020-04-06,-0.015005813751158581,exper2_07
18.589270833333273,18.26938,Validation,2020,2020-04-07,-0.008678837985131506,exper2_07
18.52708333333328,18.061394,Validation,2020,2020-04-08,-0.012727766576210133,exper2_07
18.256145833333278,17.62366,Validation,2020,2020-04-09,-0.01762793025211699,exper2_07
17.7897916666667,18.003983,Validation,2020,2020-04-10,0.00598402604928732,exper2_07
17.488333333333287,17.720243,Validation,2020,2020-04-11,0.006586750780843054,exper2_07
17.90864583333331,17.752562,Validation,2020,2020-04-12,-0.004376864259180804,exper2_07
17.40718750000002,17.61081,Validation,2020,2020-04-13,0.005814776532838989,exper2_07
17.356354166666677,17.129444,Validation,2020,2020-04-14,-0.006579811273347426,exper2_07
16.98458333333332,17.483807,Validation,2020,2020-04-15,0.014483510184063705,exper2_07
16.76458333333329,17.113045,Validation,2020,2020-04-16,0.010285885561249986,exper2_07
16.61916666666673,17.061956,Validation,2020,2020-04-17,0.013146525370378595,exper2_07
16.560937500000023,17.090258,Validation,2020,2020-04-18,0.01572960907860648,exper2_07
16.585000000000036,17.150675,Validation,2020,2020-04-19,0.016767852517116263,exper2_07
16.638750000000016,17.089548,Validation,2020,2020-04-20,0.013365575383579334,exper2_07
16.684791666666683,16.9881,Validation,2020,2020-04-21,0.00900749444830547,exper2_07
16.545208333333278,17.01745,Validation,2020,2020-04-22,0.014070458601275012,exper2_07
16.890208333333305,16.962994,Validation,2020,2020-04-23,0.002150026712075121,exper2_07
16.506458333333285,16.90254,Validation,2020,2020-04-24,0.011855544640130368,exper2_07
16.579479166666715,17.064095,Validation,2020,2020-04-25,0.014404396541396244,exper2_07
16.534791666666706,17.378744,Validation,2020,2020-04-26,0.024885416368108957,exper2_07
16.563020833333326,17.154613,Validation,2020,2020-04-27,0.01754549728433428,exper2_07
16.635520833333317,17.03266,Validation,2020,2020-04-28,0.011795668581224982,exper2_07
16.5422916666667,17.281431,Validation,2020,2020-04-29,0.021852695943855457,exper2_07
16.875625000000014,17.004818,Validation,2020,2020-04-30,0.003813201698363483,exper2_07
16.451250000000016,16.969584,Validation,2020,2020-05-01,0.015509293362670115,exper2_07
16.248125000000016,17.236982,Validation,2020,2020-05-02,0.02953125804183917,exper2_07
16.2414583333333,16.807299,Validation,2020,2020-05-03,0.017121379997874043,exper2_07
16.16385416666668,16.81487,Validation,2020,2020-05-04,0.019740504451394754,exper2_07
16.125520833333326,16.519217,Validation,2020,2020-05-05,0.012060005252004413,exper2_07
15.829166666666708,16.119226,Validation,2020,2020-05-06,0.009079010262297207,exper2_07
15.472604166666713,15.991425,Validation,2020,2020-05-07,0.01648931859229548,exper2_07
15.27437500000002,16.07505,Validation,2020,2020-05-08,0.02554035185533709,exper2_07
15.251041666666708,16.072165,Validation,2020,2020-05-09,0.026214521704944895,exper2_07
15.383437500000014,16.080463,Validation,2020,2020-05-10,0.02215319427271163,exper2_07
15.139374999999973,15.984739,Validation,2020,2020-05-11,0.027161071808922695,exper2_07
15.136666666666713,15.883792,Validation,2020,2020-05-12,0.0240849197855675,exper2_07
14.922916666666708,15.7842045,Validation,2020,2020-05-13,0.028048471628671794,exper2_07
14.8092708333333,15.691225,Validation,2020,2020-05-14,0.028916061622924583,exper2_07
14.773541666666688,15.593689,Validation,2020,2020-05-15,0.027007642156411837,exper2_07
14.641250000000014,15.507601,Validation,2020,2020-05-16,0.028735781356974476,exper2_07
14.491666666666674,15.388664,Validation,2020,2020-05-17,0.030019666836098823,exper2_07
14.450312499999995,15.184464,Validation,2020,2020-05-18,0.024773324792500787,exper2_07
14.339687500000025,14.759322,Validation,2020,2020-05-19,0.014420926047073368,exper2_07
14.025729166666679,14.237067,Validation,2020,2020-05-20,0.007477606002526748,exper2_07
13.789791666666702,13.890952,Validation,2020,2020-05-21,0.0036545421047550243,exper2_07
13.732291666666697,13.308491,Validation,2020,2020-05-22,-0.015672657207652214,exper2_07
13.42427083333331,13.812904,Validation,2020,2020-05-23,0.014268495974640902,exper2_07
13.260000000000048,14.089428,Validation,2020,2020-05-24,0.03032706751947662,exper2_07
13.211979166666708,14.226992,Validation,2020,2020-05-25,0.03699163840473952,exper2_07
13.44114583333328,14.071889,Validation,2020,2020-05-26,0.022925246010957044,exper2_07
13.476458333333312,13.971687,Validation,2020,2020-05-27,0.018042347554983493,exper2_07
13.2311458333333,13.868146,Validation,2020,2020-05-28,0.023506153393954555,exper2_07
13.287812499999973,13.820225,Validation,2020,2020-05-29,0.019640384024039316,exper2_07
13.135104166666679,13.710493,Validation,2020,2020-05-30,0.021433269509651694,exper2_07
13.048229166666715,13.657505,Validation,2020,2020-05-31,0.02281442120720709,exper2_07
12.915208333333283,13.571758,Validation,2020,2020-06-01,0.024787660540985815,exper2_07
12.912500000000023,13.596043,Validation,2020,2020-06-02,0.025785749240104475,exper2_07
13.022187499999973,13.614744,Validation,2020,2020-06-03,0.022245681048313305,exper2_07
13.042083333333323,13.573432,Validation,2020,2020-06-04,0.019963868041858603,exper2_07
13.051354166666727,13.561981,Validation,2020,2020-06-05,0.019186886102304394,exper2_07
13.175000000000011,13.515881,Validation,2020,2020-06-06,0.012771425192766913,exper2_07
12.835208333333298,13.418696,Validation,2020,2020-06-07,0.022224810976457548,exper2_07
12.734791666666695,13.200712,Validation,2020,2020-06-08,0.017964583978648918,exper2_07
12.53541666666672,13.051448,Validation,2020,2020-06-09,0.02016781700525653,exper2_07
12.377291666666679,12.844941,Validation,2020,2020-06-10,0.018541160735196474,exper2_07
12.400208333333296,12.776966,Validation,2020,2020-06-11,0.014964259103430548,exper2_07
12.212083333333283,12.717084,Validation,2020,2020-06-12,0.02025741944293079,exper2_07
12.156666666666695,12.6145,Validation,2020,2020-06-13,0.018482511721165457,exper2_07
12.055729166666708,12.401526,Validation,2020,2020-06-14,0.01413884247064816,exper2_07
12.0625,12.325353,Validation,2020,2020-06-15,0.010778016102208476,exper2_07
11.934895833333314,12.215932,Validation,2020,2020-06-16,0.011636705054308019,exper2_07
11.897604166666724,12.142412,Validation,2020,2020-06-17,0.01018335492847683,exper2_07
11.862395833333323,12.228869,Validation,2020,2020-06-18,0.015211886993396331,exper2_07
11.86864583333329,12.189751,Validation,2020,2020-06-19,0.013346892756981203,exper2_07
11.890937500000007,12.210403,Validation,2020,2020-06-20,0.013255110707181305,exper2_07
11.987916666666706,12.044157,Validation,2020,2020-06-21,0.0023402209166641023,exper2_07
12.016458333333276,12.208689,Validation,2020,2020-06-22,0.007935159364720055,exper2_07
11.9719791666667,12.189422,Validation,2020,2020-06-23,0.0089995811375779,exper2_07
12.064791666666679,12.22032,Validation,2020,2020-06-24,0.006404256443504653,exper2_07
11.866458333333298,12.262854,Validation,2020,2020-06-25,0.016427956579526032,exper2_07
11.760416666666686,12.214381,Validation,2020,2020-06-26,0.018935073132817427,exper2_07
11.81489583333331,12.119446,Validation,2020,2020-06-27,0.012724392928939107,exper2_07
11.860208333333276,12.292702,Validation,2020,2020-06-28,0.01790647118222135,exper2_07
11.907083333333276,12.304661,Validation,2020,2020-06-29,0.01642085186609131,exper2_07
11.869375000000048,12.163662,Validation,2020,2020-06-30,0.012245100663566042,exper2_07
11.670208333333278,11.555269,Validation,2020,2020-07-01,-0.004948836536547373,exper2_07
11.394687499999975,11.04861,Validation,2020,2020-07-02,-0.015420094597357194,exper2_07
11.038229166666724,10.535973,Validation,2020,2020-07-03,-0.023280424323243967,exper2_07
10.870000000000005,10.236603,Validation,2020,2020-07-04,-0.030009434644828022,exper2_07
10.784166666666692,10.138878,Validation,2020,2020-07-05,-0.03084105646886486,exper2_07
10.761145833333273,10.18667,Validation,2020,2020-07-06,-0.02742412508493832,exper2_07
10.751770833333296,10.076075,Validation,2020,2020-07-07,-0.032441965025582706,exper2_07
10.708333333333314,10.071025,Validation,2020,2020-07-08,-0.03067026573317021,exper2_07
10.562083333333305,9.372419,Validation,2020,2020-07-09,-0.05967863831348569,exper2_07
10.328229166666688,9.859052,Validation,2020,2020-07-10,-0.02324124111891855,exper2_07
10.365312500000016,9.543708,Validation,2020,2020-07-11,-0.041267959852381235,exper2_07
10.162708333333285,9.4753065,Validation,2020,2020-07-12,-0.035003630858796424,exper2_07
10.152187500000025,9.6217375,Validation,2020,2020-07-13,-0.02682573239094296,exper2_07
10.449583333333294,9.807069,Validation,2020,2020-07-14,-0.03171869189195032,exper2_07
10.773854166666695,9.799219,Validation,2020,2020-07-15,-0.04737430431870643,exper2_07
10.273750000000007,9.778734,Validation,2020,2020-07-16,-0.024686008363497398,exper2_07
10.107187500000009,9.837476,Validation,2020,2020-07-17,-0.013523002097664159,exper2_07
10.162395833333278,9.982567,Validation,2020,2020-07-18,-0.00892674773397769,exper2_07
10.360625000000027,10.154158,Validation,2020,2020-07-19,-0.010064321181850824,exper2_07
10.492916666666702,10.222656,Validation,2020,2020-07-20,-0.013046243893610284,exper2_07
10.533854166666686,10.262376,Validation,2020,2020-07-21,-0.013054209108345911,exper2_07
10.662291666666704,10.2204275,Validation,2020,2020-07-22,-0.021159320763734193,exper2_07
10.575625000000002,10.147041,Validation,2020,2020-07-23,-0.02068187908662225,exper2_07
10.638854166666704,9.996109,Validation,2020,2020-07-24,-0.031148354974636146,exper2_07
10.661249999999995,9.920068,Validation,2020,2020-07-25,-0.03601237882307077,exper2_07
10.611041666666722,9.613286,Validation,2020,2020-07-26,-0.04933442850776527,exper2_07
10.605520833333287,9.769838,Validation,2020,2020-07-27,-0.04101436904135149,exper2_07
10.688750000000027,9.558105,Validation,2020,2020-07-28,-0.05584296944259411,exper2_07
10.551770833333308,9.615779,Validation,2020,2020-07-29,-0.04641078968966455,exper2_07
10.611250000000041,9.847094,Validation,2020,2020-07-30,-0.03735182248641699,exper2_07
10.54927083333331,9.691241,Validation,2020,2020-07-31,-0.04239169270270302,exper2_07
10.414791666666702,9.724369,Validation,2020,2020-08-01,-0.0342825913820164,exper2_07
10.413333333333298,9.727436,Validation,2020,2020-08-02,-0.03405516711259714,exper2_07
10.446145833333276,9.7703085,Validation,2020,2020-08-03,-0.033430062848986704,exper2_07
10.576041666666697,9.938295,Validation,2020,2020-08-04,-0.031087833904729325,exper2_07
10.941770833333294,10.055401,Validation,2020,2020-08-05,-0.04221377995000188,exper2_07
11.114687500000002,10.000368,Validation,2020,2020-08-06,-0.052773689156131925,exper2_07
10.823854166666706,10.060911,Validation,2020,2020-08-07,-0.036531077819897936,exper2_07
10.643541666666692,9.766981,Validation,2020,2020-08-08,-0.04294650121122285,exper2_07
10.567812500000002,9.87298,Validation,2020,2020-08-09,-0.03399243831656304,exper2_07
10.611354166666729,9.74037,Validation,2020,2020-08-10,-0.04279658919702886,exper2_07
10.651354166666692,9.873277,Validation,2020,2020-08-11,-0.03790944942262752,exper2_07
10.646250000000009,9.824554,Validation,2020,2020-08-12,-0.040139876227833715,exper2_07
10.708437500000002,9.935265,Validation,2020,2020-08-13,-0.03745321015214035,exper2_07
11.086041666666688,9.936974,Validation,2020,2020-08-14,-0.054657625552593646,exper2_07
10.661562500000002,9.723549,Validation,2020,2020-08-15,-0.046014642399189315,exper2_07
10.991770833333305,10.056261,Validation,2020,2020-08-16,-0.04444642498337358,exper2_07
10.916979166666692,9.8951645,Validation,2020,2020-08-17,-0.049097041313461716,exper2_07
10.729583333333323,10.308622,Validation,2020,2020-08-18,-0.020009357225394712,exper2_07
10.462291666666715,10.303486,Validation,2020,2020-08-19,-0.007647476528255008,exper2_07
10.54656250000005,10.426464,Validation,2020,2020-08-20,-0.005726327515332859,exper2_07
10.653645833333314,10.704826,Validation,2020,2020-08-21,0.0023962632343692454,exper2_07
10.71458333333328,11.019477,Validation,2020,2020-08-22,0.014028375466423207,exper2_07
11.145729166666683,11.083939,Validation,2020,2020-08-23,-0.0027796442432813095,exper2_07
11.034166666666692,11.148464,Validation,2020,2020-08-24,0.005152569002582794,exper2_07
11.01979166666672,11.21382,Validation,2020,2020-08-25,0.008726822691182953,exper2_07
11.124479166666674,11.281374,Validation,2020,2020-08-26,0.007002402898198837,exper2_07
11.12645833333329,11.20107,Validation,2020,2020-08-27,0.003341681979432355,exper2_07
11.114687500000002,11.28025,Validation,2020,2020-08-28,0.007392835931399194,exper2_07
11.218854166666688,11.659793,Validation,2020,2020-08-29,0.019272937430795254,exper2_07
11.297604166666702,11.72927,Validation,2020,2020-08-30,0.018746175097070765,exper2_07
11.418750000000045,12.102397,Validation,2020,2020-08-31,0.029065205282859306,exper2_07
11.674062500000048,12.187334,Validation,2020,2020-09-01,0.021510541487539284,exper2_07
11.717916666666724,12.170858,Validation,2020,2020-09-02,0.018960441276997052,exper2_07
11.845833333333303,12.053091,Validation,2020,2020-09-03,0.00867226125091043,exper2_07
11.617812500000014,11.983714,Validation,2020,2020-09-04,0.015503302385591196,exper2_07
11.915937500000041,12.385164,Validation,2020,2020-09-05,0.019308867782278208,exper2_07
11.736041666666722,12.469227,Validation,2020,2020-09-06,0.03029031346525336,exper2_07
11.756666666666717,12.0649185,Validation,2020,2020-09-07,0.012940022631123748,exper2_07
11.618229166666708,12.334336,Validation,2020,2020-09-08,0.029896885814838795,exper2_07
12.0436458333333,12.497443,Validation,2020,2020-09-09,0.018491329591103802,exper2_07
11.77489583333329,12.352708,Validation,2020,2020-09-10,0.023948173088238427,exper2_07
11.742604166666695,12.133219,Validation,2020,2020-09-11,0.016360256972327653,exper2_07
11.590833333333308,12.327959,Validation,2020,2020-09-12,0.030817848794091936,exper2_07
11.537083333333271,12.119459,Validation,2020,2020-09-13,0.024617960094718665,exper2_07
11.825000000000045,12.476049,Validation,2020,2020-09-14,0.02679100033415427,exper2_07
11.82395833333328,12.240377,Validation,2020,2020-09-15,0.017304408356674548,exper2_07
11.882708333333312,12.484063,Validation,2020,2020-09-16,0.024679298019173377,exper2_07
11.96333333333331,12.990428,Validation,2020,2020-09-17,0.0411599127294387,exper2_07
11.99458333333331,12.778469,Validation,2020,2020-09-18,0.03164267927508177,exper2_07
11.894166666666706,13.018278,Validation,2020,2020-09-19,0.04512248656523899,exper2_07
12.023958333333326,13.201181,Validation,2020,2020-09-20,0.04666864446765302,exper2_07
12.486666666666679,13.226782,Validation,2020,2020-09-21,0.02878319405845622,exper2_07
12.456145833333323,13.243319,Validation,2020,2020-09-22,0.030629927240015963,exper2_07
12.580312500000048,13.134657,Validation,2020,2020-09-23,0.02155726485117962,exper2_07
12.52312500000005,12.899839,Validation,2020,2020-09-24,0.014817878643082882,exper2_07
12.59520833333329,13.27021,Validation,2020,2020-09-25,0.026096694711696435,exper2_07
13.074583333333294,13.663864,Validation,2020,2020-09-26,0.02203870673831867,exper2_07
13.240208333333271,13.264526,Validation,2020,2020-09-27,0.0009174977274438069,exper2_07
13.124062500000036,13.331802,Validation,2020,2020-09-28,0.007852318160802663,exper2_07
13.217708333333292,13.436082,Validation,2020,2020-09-29,0.00819296434611491,exper2_07
13.122812500000009,13.376317,Validation,2020,2020-09-30,0.009566522704043613,exper2_07
13.183125000000018,13.344196,Validation,2020,2020-10-01,0.0060719029124577115,exper2_07
13.302812500000016,13.51104,Validation,2020,2020-10-02,0.007765659035875122,exper2_07
13.513854166666704,13.689671,Validation,2020,2020-10-03,0.006463000579015208,exper2_07
13.849687500000016,14.343699,Validation,2020,2020-10-04,0.017522263502612823,exper2_07
14.572812499999998,15.010729,Validation,2020,2020-10-05,0.014802701647006457,exper2_07
15.689583333333303,15.281408,Validation,2020,2020-10-06,-0.01317926878474614,exper2_07
16.192187500000045,15.459091,Validation,2020,2020-10-07,-0.023161664991081278,exper2_07
15.428645833333292,14.857864,Validation,2020,2020-10-08,-0.018846062138958737,exper2_07
15.047187500000007,14.85803,Validation,2020,2020-10-09,-0.006325223308174923,exper2_07
14.720104166666715,14.717966,Validation,2020,2020-10-10,-7.262999703807455e-05,exper2_07
14.447604166666679,14.698509,Validation,2020,2020-10-11,0.008608525134897497,exper2_07
14.362187500000005,14.4229965,Validation,2020,2020-10-12,0.002112511108205343,exper2_07
14.299166666666679,14.306401,Validation,2020,2020-10-13,0.00025290831841843847,exper2_07
14.301354166666727,14.601139,Validation,2020,2020-10-14,0.010372285169189352,exper2_07
15.035729166666727,14.495219,Validation,2020,2020-10-15,-0.01830316889057141,exper2_07
14.235937499999977,14.325784,Validation,2020,2020-10-16,0.003145686803366748,exper2_07
14.538333333333298,14.6383915,Validation,2020,2020-10-17,0.0034293829073428544,exper2_07
14.818541666666704,14.906516,Validation,2020,2020-10-18,0.0029596042918315067,exper2_07
14.625104166666688,14.720554,Validation,2020,2020-10-19,0.003252616910261737,exper2_07
14.437604166666688,14.803934,Validation,2020,2020-10-20,0.012527724339142971,exper2_07
14.538854166666681,15.372471,Validation,2020,2020-10-21,0.027869600842573835,exper2_07
15.176770833333308,15.933751,Validation,2020,2020-10-22,0.02433196956318057,exper2_07
15.952083333333292,16.397413,Validation,2020,2020-10-23,0.013766208671952924,exper2_07
16.833437500000002,16.575115,Validation,2020,2020-10-24,-0.007732220501511098,exper2_07
17.074583333333294,16.932936,Validation,2020,2020-10-25,-0.004165185305386622,exper2_07
17.471458333333317,17.59003,Validation,2020,2020-10-26,0.0033818397393466314,exper2_07
17.96875,17.611126,Validation,2020,2020-10-27,-0.010051301316997194,exper2_07
17.910978260869626,17.041117,Validation,2020,2020-10-28,-0.024887250592722086,exper2_07
17.386562500000025,16.561651,Validation,2020,2020-10-29,-0.024299106772033,exper2_07
17.373333333333278,16.758173,Validation,2020,2020-10-30,-0.01802324042291424,exper2_07
17.347708333333287,16.691263,Validation,2020,2020-10-31,-0.019285104835204583,exper2_07
17.113229166666713,17.113321,Validation,2020,2020-11-01,2.6919935929349146e-06,exper2_07
17.40937500000001,17.803055,Validation,2020,2020-11-02,0.011180137573559425,exper2_07
17.98583333333329,17.386806,Validation,2020,2020-11-03,-0.016934750935220774,exper2_07
17.409687500000018,17.131094,Validation,2020,2020-11-04,-0.00806564035873113,exper2_07
17.459062500000016,16.857094,Validation,2020,2020-11-05,-0.017541844824016096,exper2_07
17.02145833333327,17.391806,Validation,2020,2020-11-06,0.01076176080428399,exper2_07
17.852916666666715,17.34754,Validation,2020,2020-11-07,-0.0143571082366869,exper2_07
17.571979166666722,17.463873,Validation,2020,2020-11-08,-0.0030855894951737637,exper2_07
18.192395833333308,17.190634,Validation,2020,2020-11-09,-0.028311935711902235,exper2_07
17.688854166666715,17.458164,Validation,2020,2020-11-10,-0.0065635710282206895,exper2_07
17.414375000000007,17.059542,Validation,2020,2020-11-11,-0.010292804870243508,exper2_07
17.488645833333294,17.47019,Validation,2020,2020-11-12,-0.0005279290528452697,exper2_07
18.5539583333333,17.477365,Validation,2020,2020-11-13,-0.029879358436142815,exper2_07
19.063333333333276,17.615452,Validation,2020,2020-11-14,-0.03947463131133659,exper2_07
19.012604166666677,17.907217,Validation,2020,2020-11-15,-0.029940208408611745,exper2_07
19.49583333333328,18.215105,Validation,2020,2020-11-16,-0.033961718568820944,exper2_07
19.887916666666683,18.61072,Validation,2020,2020-11-17,-0.03317512273301736,exper2_07
20.719583333333276,18.400827,Validation,2020,2020-11-18,-0.059272279650584306,exper2_07
20.005312500000002,18.241653,Validation,2020,2020-11-19,-0.04611239124886549,exper2_07
19.718125000000043,18.512678,Validation,2020,2020-11-20,-0.03153077504081775,exper2_07
20.394895833333294,18.70632,Validation,2020,2020-11-21,-0.043184744940433756,exper2_07
20.21770833333329,18.546646,Validation,2020,2020-11-22,-0.043108217299480424,exper2_07
19.934583333333308,18.439877,Validation,2020,2020-11-23,-0.03895056194228948,exper2_07
19.874375000000043,18.626621,Validation,2020,2020-11-24,-0.03240834979122999,exper2_07
19.115312500000016,18.135075,Validation,2020,2020-11-25,-0.02631483752055251,exper2_07
18.66187500000001,18.623238,Validation,2020,2020-11-26,-0.0010362685649099213,exper2_07
18.842604166666717,18.607103,Validation,2020,2020-11-27,-0.006288455491876944,exper2_07
19.1179166666667,19.01068,Validation,2020,2020-11-28,-0.002812519556713738,exper2_07
19.437916666666695,18.932348,Validation,2020,2020-11-29,-0.013176047035490435,exper2_07
18.860729166666715,19.004229,Validation,2020,2020-11-30,0.0037897685286521275,exper2_07
18.581875000000025,18.440619,Validation,2020,2020-12-01,-0.003815423316316856,exper2_07
18.48093750000004,18.871523,Validation,2020,2020-12-02,0.010456751689812315,exper2_07
18.926562500000045,18.86328,Validation,2020,2020-12-03,-0.0016746076263609525,exper2_07
18.862708333333273,18.903465,Validation,2020,2020-12-04,0.0010791916091321488,exper2_07
19.400104166666722,18.965418,Validation,2020,2020-12-05,-0.01133012876520082,exper2_07
18.958229166666683,19.322124,Validation,2020,2020-12-06,0.00950605937139133,exper2_07
19.490104166666697,19.73749,Validation,2020,2020-12-07,0.006306416205121823,exper2_07
19.71895833333332,20.084343,Validation,2020,2020-12-08,0.009179756737981506,exper2_07
19.812812500000007,20.376505,Validation,2020,2020-12-09,0.014025926155648866,exper2_07
20.338958333333323,20.380026,Validation,2020,2020-12-10,0.0010085597940132926,exper2_07
20.62281250000001,20.218868,Validation,2020,2020-12-11,-0.00989049022741889,exper2_07
20.3391666666667,20.053968,Validation,2020,2020-12-12,-0.007060562058919582,exper2_07
20.009895833333303,20.349113,Validation,2020,2020-12-13,0.008405003911768261,exper2_07
20.446458333333283,20.46073,Validation,2020,2020-12-14,0.0003488693891486277,exper2_07
21.10708333333332,20.713608,Validation,2020,2020-12-15,-0.009408633255366212,exper2_07
22.12156250000004,20.781395,Validation,2020,2020-12-16,-0.031237183189536732,exper2_07
22.596249999999998,21.078829,Validation,2020,2020-12-17,-0.03474341042173198,exper2_07
23.558749999999975,21.310396,Validation,2020,2020-12-18,-0.05010912834841669,exper2_07
23.239479166666683,21.554005,Validation,2020,2020-12-19,-0.03762767155271025,exper2_07
23.227916666666715,21.837074,Validation,2020,2020-12-20,-0.030863034867447698,exper2_07
23.9680208333333,22.277891,Validation,2020,2020-12-21,-0.03654657463677584,exper2_07
23.462291666666715,22.162184,Validation,2020,2020-12-22,-0.028495843357459104,exper2_07
22.990312500000016,22.010262,Validation,2020,2020-12-23,-0.021778632503203076,exper2_07
22.722812499999975,21.633093,Validation,2020,2020-12-24,-0.024567633337864114,exper2_07
22.28875000000005,21.845476,Validation,2020,2020-12-25,-0.010043766213904825,exper2_07
22.16718750000001,21.48606,Validation,2020,2020-12-26,-0.015603153552638862,exper2_07
22.18333333333328,21.104786,Validation,2020,2020-12-27,-0.024915552645105317,exper2_07
21.61864583333329,20.980997,Validation,2020,2020-12-28,-0.014968405931849465,exper2_07
20.998125000000016,21.077888,Validation,2020,2020-12-29,0.001895699762307684,exper2_07
20.756145833333278,21.23678,Validation,2020,2020-12-30,0.011445602368674307,exper2_07
21.130937500000016,21.470827,Validation,2020,2020-12-31,0.007978298688592008,exper2_07
21.790312500000027,21.629389,Validation,2021,2021-01-01,-0.003706236706925781,exper2_07
21.63697916666672,22.014042,Validation,2021,2021-01-02,0.00863811944711872,exper2_07
21.466979166666704,21.196571,Validation,2021,2021-01-03,-0.006338146105837877,exper2_07
21.158854166666686,21.50706,Validation,2021,2021-01-04,0.008161197170892618,exper2_07
21.669791666666697,22.276232,Validation,2021,2021-01-05,0.013799658119534756,exper2_07
22.728333333333296,22.504362,Validation,2021,2021-01-06,-0.004951533947581053,exper2_07
24.099479166666697,22.61025,Validation,2021,2021-01-07,-0.031882622852495414,exper2_07
23.39989583333329,22.00857,Validation,2021,2021-01-08,-0.030640236331513148,exper2_07
23.061979166666674,22.590696,Validation,2021,2021-01-09,-0.010323224797904014,exper2_07
23.190312500000005,22.543674,Validation,2021,2021-01-10,-0.014139113465971362,exper2_07
23.223854166666683,22.91894,Validation,2021,2021-01-11,-0.00660806490863001,exper2_07
23.509062500000027,23.011358,Validation,2021,2021-01-12,-0.010698618601225443,exper2_07
23.35125000000005,23.516926,Validation,2021,2021-01-13,0.0035349319425811818,exper2_07
23.796875,23.697153,Validation,2021,2021-01-14,-0.0020996725815161745,exper2_07
24.24447916666668,23.891132,Validation,2021,2021-01-15,-0.007340652809058812,exper2_07
24.633958333333283,24.022923,Validation,2021,2021-01-16,-0.012558055650091222,exper2_07
24.87302083333327,23.889551,Validation,2021,2021-01-17,-0.020168535627963797,exper2_07
24.30052083333328,23.600908,Validation,2021,2021-01-18,-0.014605254308124295,exper2_07
23.327500000000043,23.35695,Validation,2021,2021-01-19,0.0006308473037227381,exper2_07
22.75093750000002,23.028208,Validation,2021,2021-01-20,0.0060566940959960215,exper2_07
22.154687500000023,22.55964,Validation,2021,2021-01-21,0.009056456823372017,exper2_07
21.6360416666667,22.394056,Validation,2021,2021-01-22,0.01721582935722732,exper2_07
21.441354166666713,22.297709,Validation,2021,2021-01-23,0.019578708190200446,exper2_07
21.339375000000018,22.112991,Validation,2021,2021-01-24,0.017803779133200626,exper2_07
21.288958333333312,22.218828,Validation,2021,2021-01-25,0.02137249311041283,exper2_07
21.76322916666669,22.577072,Validation,2021,2021-01-26,0.018354475563755118,exper2_07
23.107291666666697,23.031403,Validation,2021,2021-01-27,-0.0016448033478662237,exper2_07
23.370625000000018,23.055044,Validation,2021,2021-01-28,-0.0067975503944076145,exper2_07
22.831875000000025,22.678345,Validation,2021,2021-01-29,-0.003373533996539143,exper2_07
21.977395833333276,22.222908,Validation,2021,2021-01-30,0.005554536174701709,exper2_07
21.284166666666692,22.198877,Validation,2021,2021-01-31,0.021036031145876054,exper2_07
21.618020833333276,22.157854,Validation,2021,2021-02-01,0.012331752316388956,exper2_07
21.847291666666706,22.23469,Validation,2021,2021-02-02,0.008788126888520013,exper2_07
22.19635416666671,22.550371,Validation,2021,2021-02-03,0.007911573432766888,exper2_07
22.370520833333273,22.607067,Validation,2021,2021-02-04,0.005259203208690341,exper2_07
22.250312500000007,22.5038,Validation,2021,2021-02-05,0.005663992145012818,exper2_07
22.015208333333305,22.379019,Validation,2021,2021-02-06,0.008194994571659377,exper2_07
21.71239583333329,22.387737,Validation,2021,2021-02-07,0.015313818649715814,exper2_07
22.18895833333329,22.515295,Validation,2021,2021-02-08,0.0072999026001066315,exper2_07
21.88520833333331,22.641336,Validation,2021,2021-02-09,0.016981513197087517,exper2_07
21.483020833333285,22.200895,Validation,2021,2021-02-10,0.01643338188290111,exper2_07
21.254999999999995,22.224463,Validation,2021,2021-02-11,0.02229702147194535,exper2_07
21.813333333333276,22.614254,Validation,2021,2021-02-12,0.01802755253171609,exper2_07
21.916770833333317,22.624537,Validation,2021,2021-02-13,0.015890096701142276,exper2_07
21.811249999999973,22.838364,Validation,2021,2021-02-14,0.02300386416712866,exper2_07
21.75104166666671,23.312681,Validation,2021,2021-02-15,0.03465402838862404,exper2_07
21.400520833333303,21.789583,Validation,2021,2021-02-16,0.00900813696784668,exper2_07
20.60260416666671,21.226034,Validation,2021,2021-02-17,0.014904381845453108,exper2_07
20.31437500000004,21.291353,Validation,2021,2021-02-18,0.023481820109191,exper2_07
21.118020833333276,21.502804,Validation,2021,2021-02-19,0.009028050781390611,exper2_07
21.61614583333329,21.680864,Validation,2021,2021-02-20,0.0014947568093702538,exper2_07
22.622291666666683,21.73801,Validation,2021,2021-02-21,-0.019934067597514326,exper2_07
22.72750000000002,21.665964,Validation,2021,2021-02-22,-0.0239119855658518,exper2_07
22.71333333333331,21.744844,Validation,2021,2021-02-23,-0.021784268840226544,exper2_07
21.72677083333332,21.525331,Validation,2021,2021-02-24,-0.004657330517753072,exper2_07
21.786979166666697,21.684038,Validation,2021,2021-02-25,-0.0023680376204773053,exper2_07
22.195208333333312,21.736536,Validation,2021,2021-02-26,-0.01044056670230715,exper2_07
22.187604166666688,21.741957,Validation,2021,2021-02-27,-0.010144591636009111,exper2_07
22.06145833333329,21.872252,Validation,2021,2021-02-28,-0.004306643426772096,exper2_07
21.912500000000023,21.419674,Validation,2021,2021-03-01,-0.011373213844193703,exper2_07
,21.752851,Validation,2021,2021-03-02,,exper2_07
,21.458231,Validation,2021,2021-03-03,,exper2_07
,21.325495,Validation,2021,2021-03-04,,exper2_07
,20.963144,Validation,2021,2021-03-05,,exper2_07
21.64250000000004,21.092978,Validation,2021,2021-03-06,-0.012858695117896947,exper2_07
21.77114583333332,20.87972,Validation,2021,2021-03-07,-0.02090051664071184,exper2_07
21.171875,20.65764,Validation,2021,2021-03-08,-0.01229358115260548,exper2_07
20.90645833333332,20.570127,Validation,2021,2021-03-09,-0.008108932774894393,exper2_07
20.974791666666704,20.65554,Validation,2021,2021-03-10,-0.007668716150002365,exper2_07
20.811145833333285,20.067566,Validation,2021,2021-03-11,-0.018189905784906514,exper2_07
20.56927083333329,20.12905,Validation,2021,2021-03-12,-0.010816700314194608,exper2_07
20.440937500000018,20.083609,Validation,2021,2021-03-13,-0.008817590986905375,exper2_07
20.268333333333317,20.235899,Validation,2021,2021-03-14,-0.000800764757903657,exper2_07
20.67989583333332,20.203756,Validation,2021,2021-03-15,-0.011646207608990579,exper2_07
20.55833333333328,20.194708,Validation,2021,2021-03-16,-0.008922658336866082,exper2_07
20.3913541666667,20.104267,Validation,2021,2021-03-17,-0.0070893355177967365,exper2_07
20.449652777916697,19.953493,Validation,2021,2021-03-18,-0.012280223448570476,exper2_07
19.89291666666668,17.405859,Validation,2021,2021-03-19,-0.06667933810466724,exper2_07
19.532083333333276,17.253378,Validation,2021,2021-03-20,-0.06194581613525915,exper2_07
19.170624999999973,17.068262,Validation,2021,2021-03-21,-0.05801400285737529,exper2_07
18.902708333333294,17.315115,Validation,2021,2021-03-22,-0.04383458787247139,exper2_07
18.903229166666677,17.823736,Validation,2021,2021-03-23,-0.02939238146588213,exper2_07
19.40479166666671,18.211689,Validation,2021,2021-03-24,-0.03171755173018512,exper2_07
19.404687500000023,18.435621,Validation,2021,2021-03-25,-0.025609363932749592,exper2_07
19.118020833333276,18.444874,Validation,2021,2021-03-26,-0.017920531149524146,exper2_07
19.01010416666668,18.813395,Validation,2021,2021-03-27,-0.00520072512724392,exper2_07
18.792916666666713,18.524794,Validation,2021,2021-03-28,-0.007184873876078455,exper2_07
18.72843750000004,18.49769,Validation,2021,2021-03-29,-0.0061985308020469365,exper2_07
18.654479166666704,18.46863,Validation,2021,2021-03-30,-0.005006297549379107,exper2_07
18.716250000000002,18.47721,Validation,2021,2021-03-31,-0.006426960940294007,exper2_07
18.713854166666692,18.638218,Validation,2021,2021-04-01,-0.0020249543439947474,exper2_07
18.600000000000023,19.000261,Validation,2021,2021-04-02,0.010645173540075431,exper2_07
18.690520833333323,19.097967,Validation,2021,2021-04-03,0.010782286782603161,exper2_07
18.81885416666671,19.390804,Validation,2021,2021-04-04,0.014968731655685172,exper2_07
18.37916666666672,19.639477,Validation,2021,2021-04-05,0.03314979166347254,exper2_07
18.444479166666724,19.724503,Validation,2021,2021-04-06,0.03353569675658814,exper2_07
18.904166666666697,19.914011,Validation,2021,2021-04-07,0.026014728036707676,exper2_07
18.949583333333294,19.603792,Validation,2021,2021-04-08,0.016968912535639338,exper2_07
18.854479166666692,19.4347,Validation,2021,2021-04-09,0.015153650665368116,exper2_07
18.689999999999998,19.14762,Validation,2021,2021-04-10,0.012094292837082481,exper2_07
,19.267868,Validation,2021,2021-04-11,,exper2_07
,19.452291,Validation,2021,2021-04-12,,exper2_07
,19.393023,Validation,2021,2021-04-13,,exper2_07
,19.264585,Validation,2021,2021-04-14,,exper2_07
,19.126108,Validation,2021,2021-04-15,,exper2_07
,19.007364,Validation,2021,2021-04-16,,exper2_07
,18.538008,Validation,2021,2021-04-17,,exper2_07
,18.83491,Validation,2021,2021-04-18,,exper2_07
,18.475662,Validation,2021,2021-04-19,,exper2_07
,18.464994,Validation,2021,2021-04-20,,exper2_07
,18.44812,Validation,2021,2021-04-21,,exper2_07
,18.492289,Validation,2021,2021-04-22,,exper2_07
,18.461851,Validation,2021,2021-04-23,,exper2_07
,18.283113,Validation,2021,2021-04-24,,exper2_07
,18.379915,Validation,2021,2021-04-25,,exper2_07
,17.866919,Validation,2021,2021-04-26,,exper2_07
,17.783913,Validation,2021,2021-04-27,,exper2_07
,17.53003,Validation,2021,2021-04-28,,exper2_07
,17.352585,Validation,2021,2021-04-29,,exper2_07
,17.31029,Validation,2021,2021-04-30,,exper2_07
,16.947407,Validation,2021,2021-05-01,,exper2_07
,16.859293,Validation,2021,2021-05-02,,exper2_07
,16.686558,Validation,2021,2021-05-03,,exper2_07
,16.417652,Validation,2021,2021-05-04,,exper2_07
,16.560022,Validation,2021,2021-05-05,,exper2_07
,16.442188,Validation,2021,2021-05-06,,exper2_07
,16.450583,Validation,2021,2021-05-07,,exper2_07
,16.567728,Validation,2021,2021-05-08,,exper2_07
,16.405138,Validation,2021,2021-05-09,,exper2_07
,16.522106,Validation,2021,2021-05-10,,exper2_07
,16.50051,Validation,2021,2021-05-11,,exper2_07
,16.3249,Validation,2021,2021-05-12,,exper2_07
,15.828306,Validation,2021,2021-05-13,,exper2_07
,15.837654,Validation,2021,2021-05-14,,exper2_07
,15.735771,Validation,2021,2021-05-15,,exper2_07
,15.812581,Validation,2021,2021-05-16,,exper2_07
,15.623636,Validation,2021,2021-05-17,,exper2_07
,15.442299,Validation,2021,2021-05-18,,exper2_07
,15.372541,Validation,2021,2021-05-19,,exper2_07
,15.224453,Validation,2021,2021-05-20,,exper2_07
,15.219299,Validation,2021,2021-05-21,,exper2_07
,14.952701,Validation,2021,2021-05-22,,exper2_07
,14.808975,Validation,2021,2021-05-23,,exper2_07
,14.639242,Validation,2021,2021-05-24,,exper2_07
,14.548418,Validation,2021,2021-05-25,,exper2_07
,14.206297,Validation,2021,2021-05-26,,exper2_07
,14.067945,Validation,2021,2021-05-27,,exper2_07
,13.674201,Validation,2021,2021-05-28,,exper2_07
,13.706089,Validation,2021,2021-05-29,,exper2_07
,13.58691,Validation,2021,2021-05-30,,exper2_07
,13.618951,Validation,2021,2021-05-31,,exper2_07
,13.451475,Validation,2021,2021-06-01,,exper2_07
,13.022659,Validation,2021,2021-06-02,,exper2_07
,13.066712,Validation,2021,2021-06-03,,exper2_07
,12.974671,Validation,2021,2021-06-04,,exper2_07
,13.0386915,Validation,2021,2021-06-05,,exper2_07
,13.023394,Validation,2021,2021-06-06,,exper2_07
,12.837507,Validation,2021,2021-06-07,,exper2_07
,12.897941,Validation,2021,2021-06-08,,exper2_07
,12.77289,Validation,2021,2021-06-09,,exper2_07
,12.730032,Validation,2021,2021-06-10,,exper2_07
,12.698595,Validation,2021,2021-06-11,,exper2_07
,12.651739,Validation,2021,2021-06-12,,exper2_07
,12.859596,Validation,2021,2021-06-13,,exper2_07
,12.831913,Validation,2021,2021-06-14,,exper2_07
,12.888775,Validation,2021,2021-06-15,,exper2_07
,12.635017,Validation,2021,2021-06-16,,exper2_07
,12.639292,Validation,2021,2021-06-17,,exper2_07
,12.511868,Validation,2021,2021-06-18,,exper2_07
,12.548101,Validation,2021,2021-06-19,,exper2_07
,12.230239,Validation,2021,2021-06-20,,exper2_07
,12.299686,Validation,2021,2021-06-21,,exper2_07
,12.276705,Validation,2021,2021-06-22,,exper2_07
,11.907707,Validation,2021,2021-06-23,,exper2_07
,11.701617,Validation,2021,2021-06-24,,exper2_07
,11.671056,Validation,2021,2021-06-25,,exper2_07
,11.822707,Validation,2021,2021-06-26,,exper2_07
,11.735961,Validation,2021,2021-06-27,,exper2_07
,11.795294,Validation,2021,2021-06-28,,exper2_07
,11.824545,Validation,2021,2021-06-29,,exper2_07
,11.053688,Validation,2021,2021-06-30,,exper2_07
,10.701046,Validation,2021,2021-07-01,,exper2_07
,10.263624,Validation,2021,2021-07-02,,exper2_07
,9.971388,Validation,2021,2021-07-03,,exper2_07
,9.797762,Validation,2021,2021-07-04,,exper2_07
,9.551817,Validation,2021,2021-07-05,,exper2_07
,9.606149,Validation,2021,2021-07-06,,exper2_07
,9.673819,Validation,2021,2021-07-07,,exper2_07
,9.625102,Validation,2021,2021-07-08,,exper2_07
,9.37844,Validation,2021,2021-07-09,,exper2_07
,9.304296,Validation,2021,2021-07-10,,exper2_07
,9.267518,Validation,2021,2021-07-11,,exper2_07
,9.035715,Validation,2021,2021-07-12,,exper2_07
,9.101957,Validation,2021,2021-07-13,,exper2_07
,8.564826,Validation,2021,2021-07-14,,exper2_07
,9.130859,Validation,2021,2021-07-15,,exper2_07
,8.920338,Validation,2021,2021-07-16,,exper2_07
,9.165481,Validation,2021,2021-07-17,,exper2_07
,9.326273,Validation,2021,2021-07-18,,exper2_07
,9.468805,Validation,2021,2021-07-19,,exper2_07
,9.537023,Validation,2021,2021-07-20,,exper2_07
,9.659477,Validation,2021,2021-07-21,,exper2_07
,9.802828,Validation,2021,2021-07-22,,exper2_07
,9.790604,Validation,2021,2021-07-23,,exper2_07
,9.691521,Validation,2021,2021-07-24,,exper2_07
,9.64827,Validation,2021,2021-07-25,,exper2_07
,9.820742,Validation,2021,2021-07-26,,exper2_07
,9.880792,Validation,2021,2021-07-27,,exper2_07
,9.942708,Validation,2021,2021-07-28,,exper2_07
,9.776557,Validation,2021,2021-07-29,,exper2_07
,9.871893,Validation,2021,2021-07-30,,exper2_07
,9.901158,Validation,2021,2021-07-31,,exper2_07
,9.874444,Validation,2021,2021-08-01,,exper2_07
,10.091869,Validation,2021,2021-08-02,,exper2_07
,10.065078,Validation,2021,2021-08-03,,exper2_07
,10.121432,Validation,2021,2021-08-04,,exper2_07
,9.97468,Validation,2021,2021-08-05,,exper2_07
,9.946049,Validation,2021,2021-08-06,,exper2_07
,10.000305,Validation,2021,2021-08-07,,exper2_07
,10.16877,Validation,2021,2021-08-08,,exper2_07
,9.749575,Validation,2021,2021-08-09,,exper2_07
,9.571541,Validation,2021,2021-08-10,,exper2_07
,9.711237,Validation,2021,2021-08-11,,exper2_07
,9.536203,Validation,2021,2021-08-12,,exper2_07
,9.516951,Validation,2021,2021-08-13,,exper2_07
,9.420429,Validation,2021,2021-08-14,,exper2_07
,9.640476,Validation,2021,2021-08-15,,exper2_07
,9.836805,Validation,2021,2021-08-16,,exper2_07
,9.793489,Validation,2021,2021-08-17,,exper2_07
,9.600115,Validation,2021,2021-08-18,,exper2_07
,9.574342,Validation,2021,2021-08-19,,exper2_07
,9.661922,Validation,2021,2021-08-20,,exper2_07
,9.644171,Validation,2021,2021-08-21,,exper2_07
,9.613661,Validation,2021,2021-08-22,,exper2_07
,9.664257,Validation,2021,2021-08-23,,exper2_07
,9.6519575,Validation,2021,2021-08-24,,exper2_07
,9.83286,Validation,2021,2021-08-25,,exper2_07
,10.288875,Validation,2021,2021-08-26,,exper2_07
,10.165632,Validation,2021,2021-08-27,,exper2_07
,10.462673,Validation,2021,2021-08-28,,exper2_07
,10.826942,Validation,2021,2021-08-29,,exper2_07
,11.169436,Validation,2021,2021-08-30,,exper2_07
,10.861734,Validation,2021,2021-08-31,,exper2_07
,10.844765,Validation,2021,2021-09-01,,exper2_07
,10.781597,Validation,2021,2021-09-02,,exper2_07
,10.86134,Validation,2021,2021-09-03,,exper2_07
,11.029717,Validation,2021,2021-09-04,,exper2_07
,11.188574,Validation,2021,2021-09-05,,exper2_07
,11.362846,Validation,2021,2021-09-06,,exper2_07
,11.31932,Validation,2021,2021-09-07,,exper2_07
,10.987801,Validation,2021,2021-09-08,,exper2_07
,11.248396,Validation,2021,2021-09-09,,exper2_07
,11.549171,Validation,2021,2021-09-10,,exper2_07
,11.554057,Validation,2021,2021-09-11,,exper2_07
,11.771012,Validation,2021,2021-09-12,,exper2_07
,11.873168,Validation,2021,2021-09-13,,exper2_07
,11.804845,Validation,2021,2021-09-14,,exper2_07
,11.625295,Validation,2021,2021-09-15,,exper2_07
,11.551621,Validation,2021,2021-09-16,,exper2_07
,11.530384,Validation,2021,2021-09-17,,exper2_07
,11.859087,Validation,2021,2021-09-18,,exper2_07
,11.985242,Validation,2021,2021-09-19,,exper2_07
,11.986968,Validation,2021,2021-09-20,,exper2_07
,12.334317,Validation,2021,2021-09-21,,exper2_07
,12.397324,Validation,2021,2021-09-22,,exper2_07
,12.485751,Validation,2021,2021-09-23,,exper2_07
,12.994284,Validation,2021,2021-09-24,,exper2_07
,13.255642,Validation,2021,2021-09-25,,exper2_07
,13.119363,Validation,2021,2021-09-26,,exper2_07
,13.361488,Validation,2021,2021-09-27,,exper2_07
,13.034041,Validation,2021,2021-09-28,,exper2_07
,13.1824,Validation,2021,2021-09-29,,exper2_07
,12.945554,Validation,2021,2021-09-30,,exper2_07
,12.962145,Validation,2021,2021-10-01,,exper2_07
,13.18754,Validation,2021,2021-10-02,,exper2_07
,13.606587,Validation,2021,2021-10-03,,exper2_07
,13.889661,Validation,2021,2021-10-04,,exper2_07
,14.28243,Validation,2021,2021-10-05,,exper2_07
,14.138632,Validation,2021,2021-10-06,,exper2_07
,13.724328,Validation,2021,2021-10-07,,exper2_07
,14.185377,Validation,2021,2021-10-08,,exper2_07
,14.346128,Validation,2021,2021-10-09,,exper2_07
,14.312769,Validation,2021,2021-10-10,,exper2_07
,14.089572,Validation,2021,2021-10-11,,exper2_07
,14.013215,Validation,2021,2021-10-12,,exper2_07
,13.936583,Validation,2021,2021-10-13,,exper2_07
,14.061486,Validation,2021,2021-10-14,,exper2_07
,14.295927,Validation,2021,2021-10-15,,exper2_07
,14.682932,Validation,2021,2021-10-16,,exper2_07
,14.959561,Validation,2021,2021-10-17,,exper2_07
,15.489808,Validation,2021,2021-10-18,,exper2_07
,15.880693,Validation,2021,2021-10-19,,exper2_07
,15.922739,Validation,2021,2021-10-20,,exper2_07
,15.802966,Validation,2021,2021-10-21,,exper2_07
,15.585174,Validation,2021,2021-10-22,,exper2_07
,15.390694,Validation,2021,2021-10-23,,exper2_07
,14.977505,Validation,2021,2021-10-24,,exper2_07
,14.799445,Validation,2021,2021-10-25,,exper2_07
,15.337962,Validation,2021,2021-10-26,,exper2_07
,15.44689,Validation,2021,2021-10-27,,exper2_07
,15.484092,Validation,2021,2021-10-28,,exper2_07
,15.863048,Validation,2021,2021-10-29,,exper2_07
,15.769875,Validation,2021,2021-10-30,,exper2_07
,16.031555,Validation,2021,2021-10-31,,exper2_07
,16.207659,Validation,2021,2021-11-01,,exper2_07
,16.37906,Validation,2021,2021-11-02,,exper2_07
,15.568294,Validation,2021,2021-11-03,,exper2_07
,16.141323,Validation,2021,2021-11-04,,exper2_07
,16.491678,Validation,2021,2021-11-05,,exper2_07
,17.052,Validation,2021,2021-11-06,,exper2_07
,17.729292,Validation,2021,2021-11-07,,exper2_07
,18.394825,Validation,2021,2021-11-08,,exper2_07
,18.830107,Validation,2021,2021-11-09,,exper2_07
,19.096067,Validation,2021,2021-11-10,,exper2_07
,19.188055,Validation,2021,2021-11-11,,exper2_07
,19.346357,Validation,2021,2021-11-12,,exper2_07
,18.746933,Validation,2021,2021-11-13,,exper2_07
,18.269974,Validation,2021,2021-11-14,,exper2_07
,18.333591,Validation,2021,2021-11-15,,exper2_07
,18.241262,Validation,2021,2021-11-16,,exper2_07
,17.94608,Validation,2021,2021-11-17,,exper2_07
,17.897268,Validation,2021,2021-11-18,,exper2_07
,17.92198,Validation,2021,2021-11-19,,exper2_07
,18.178411,Validation,2021,2021-11-20,,exper2_07
,18.596312,Validation,2021,2021-11-21,,exper2_07
,18.815409,Validation,2021,2021-11-22,,exper2_07
,18.50942,Validation,2021,2021-11-23,,exper2_07
,18.560993,Validation,2021,2021-11-24,,exper2_07
,18.764761,Validation,2021,2021-11-25,,exper2_07
,18.932066,Validation,2021,2021-11-26,,exper2_07
,19.206926,Validation,2021,2021-11-27,,exper2_07
,19.468102,Validation,2021,2021-11-28,,exper2_07
,19.688093,Validation,2021,2021-11-29,,exper2_07
,20.049675,Validation,2021,2021-11-30,,exper2_07
,19.727915,Validation,2021,2021-12-01,,exper2_07
,19.896908,Validation,2021,2021-12-02,,exper2_07
,20.24586,Validation,2021,2021-12-03,,exper2_07
,20.095604,Validation,2021,2021-12-04,,exper2_07
,19.939867,Validation,2021,2021-12-05,,exper2_07
,20.314291,Validation,2021,2021-12-06,,exper2_07
,20.346085,Validation,2021,2021-12-07,,exper2_07
,20.616146,Validation,2021,2021-12-08,,exper2_07
,20.86159,Validation,2021,2021-12-09,,exper2_07
,21.094564,Validation,2021,2021-12-10,,exper2_07
,21.402845,Validation,2021,2021-12-11,,exper2_07
,21.023386,Validation,2021,2021-12-12,,exper2_07
,20.350275,Validation,2021,2021-12-13,,exper2_07
,20.161404,Validation,2021,2021-12-14,,exper2_07
,19.446108,Validation,2021,2021-12-15,,exper2_07
,19.676056,Validation,2021,2021-12-16,,exper2_07
,19.811193,Validation,2021,2021-12-17,,exper2_07
,19.801695,Validation,2021,2021-12-18,,exper2_07
,20.067392,Validation,2021,2021-12-19,,exper2_07
,20.378052,Validation,2021,2021-12-20,,exper2_07
,20.690172,Validation,2021,2021-12-21,,exper2_07
,20.969534,Validation,2021,2021-12-22,,exper2_07
,21.240995,Validation,2021,2021-12-23,,exper2_07
,21.503283,Validation,2021,2021-12-24,,exper2_07
,21.748238,Validation,2021,2021-12-25,,exper2_07
,21.968773,Validation,2021,2021-12-26,,exper2_07
,22.393747,Validation,2021,2021-12-27,,exper2_07
,22.14122,Validation,2021,2021-12-28,,exper2_07
,22.380491,Validation,2021,2021-12-29,,exper2_07
,22.306711,Validation,2021,2021-12-30,,exper2_07
,22.428562,Validation,2021,2021-12-31,,exper2_07
