LSWT,projection,Phase,Year,Date,Error,Lake
,0.01,Calibration,1990,1990-01-01,,exper2_10
,0.01,Calibration,1990,1990-01-02,,exper2_10
,0.01,Calibration,1990,1990-01-03,,exper2_10
,0.01,Calibration,1990,1990-01-04,,exper2_10
,0.01,Calibration,1990,1990-01-05,,exper2_10
,0.01,Calibration,1990,1990-01-06,,exper2_10
,0.01,Calibration,1990,1990-01-07,,exper2_10
,0.21522765,Calibration,1990,1990-01-08,,exper2_10
,0.6870838,Calibration,1990,1990-01-09,,exper2_10
,0.28961098,Calibration,1990,1990-01-10,,exper2_10
,0.43489954,Calibration,1990,1990-01-11,,exper2_10
,0.85014796,Calibration,1990,1990-01-12,,exper2_10
,0.86654776,Calibration,1990,1990-01-13,,exper2_10
,0.5100946,Calibration,1990,1990-01-14,,exper2_10
,0.6238332,Calibration,1990,1990-01-15,,exper2_10
,0.8887495,Calibration,1990,1990-01-16,,exper2_10
,1.4686354,Calibration,1990,1990-01-17,,exper2_10
,0.83210003,Calibration,1990,1990-01-18,,exper2_10
,1.0690912,Calibration,1990,1990-01-19,,exper2_10
,0.841415,Calibration,1990,1990-01-20,,exper2_10
,0.66163737,Calibration,1990,1990-01-21,,exper2_10
,0.6246542,Calibration,1990,1990-01-22,,exper2_10
,0.5685997,Calibration,1990,1990-01-23,,exper2_10
,0.5119772,Calibration,1990,1990-01-24,,exper2_10
,0.5812639,Calibration,1990,1990-01-25,,exper2_10
,0.97908473,Calibration,1990,1990-01-26,,exper2_10
,1.0630125,Calibration,1990,1990-01-27,,exper2_10
,1.2580847,Calibration,1990,1990-01-28,,exper2_10
,1.309571,Calibration,1990,1990-01-29,,exper2_10
,0.78511894,Calibration,1990,1990-01-30,,exper2_10
,0.77701086,Calibration,1990,1990-01-31,,exper2_10
,1.1119672,Calibration,1990,1990-02-01,,exper2_10
,1.347058,Calibration,1990,1990-02-02,,exper2_10
,1.2075797,Calibration,1990,1990-02-03,,exper2_10
,1.2228435,Calibration,1990,1990-02-04,,exper2_10
,1.1476635,Calibration,1990,1990-02-05,,exper2_10
,0.8128972,Calibration,1990,1990-02-06,,exper2_10
,1.040339,Calibration,1990,1990-02-07,,exper2_10
,1.4629239,Calibration,1990,1990-02-08,,exper2_10
,1.1918408,Calibration,1990,1990-02-09,,exper2_10
,0.9622942,Calibration,1990,1990-02-10,,exper2_10
,1.6069809,Calibration,1990,1990-02-11,,exper2_10
,0.622526,Calibration,1990,1990-02-12,,exper2_10
,1.0597616,Calibration,1990,1990-02-13,,exper2_10
,1.6035953,Calibration,1990,1990-02-14,,exper2_10
,1.4115788,Calibration,1990,1990-02-15,,exper2_10
,1.0379993,Calibration,1990,1990-02-16,,exper2_10
,1.062567,Calibration,1990,1990-02-17,,exper2_10
,1.4466413,Calibration,1990,1990-02-18,,exper2_10
,0.79600745,Calibration,1990,1990-02-19,,exper2_10
,0.7292079,Calibration,1990,1990-02-20,,exper2_10
,0.90254974,Calibration,1990,1990-02-21,,exper2_10
,0.48159248,Calibration,1990,1990-02-22,,exper2_10
,0.68290716,Calibration,1990,1990-02-23,,exper2_10
,0.6444212,Calibration,1990,1990-02-24,,exper2_10
,0.80011183,Calibration,1990,1990-02-25,,exper2_10
,1.1406233,Calibration,1990,1990-02-26,,exper2_10
,0.01,Calibration,1990,1990-02-27,,exper2_10
,0.31537223,Calibration,1990,1990-02-28,,exper2_10
,0.01,Calibration,1990,1990-03-01,,exper2_10
,0.01,Calibration,1990,1990-03-02,,exper2_10
,0.18009283,Calibration,1990,1990-03-03,,exper2_10
,0.96636933,Calibration,1990,1990-03-04,,exper2_10
,0.01,Calibration,1990,1990-03-05,,exper2_10
,0.03132765,Calibration,1990,1990-03-06,,exper2_10
,0.01,Calibration,1990,1990-03-07,,exper2_10
,0.5750519,Calibration,1990,1990-03-08,,exper2_10
,0.01,Calibration,1990,1990-03-09,,exper2_10
,0.01,Calibration,1990,1990-03-10,,exper2_10
,0.9319823,Calibration,1990,1990-03-11,,exper2_10
,0.27335638,Calibration,1990,1990-03-12,,exper2_10
,0.43127838,Calibration,1990,1990-03-13,,exper2_10
,1.0098231,Calibration,1990,1990-03-14,,exper2_10
,0.56774527,Calibration,1990,1990-03-15,,exper2_10
,1.4616276,Calibration,1990,1990-03-16,,exper2_10
,1.0304762,Calibration,1990,1990-03-17,,exper2_10
,1.350654,Calibration,1990,1990-03-18,,exper2_10
,0.9654957,Calibration,1990,1990-03-19,,exper2_10
,0.6528896,Calibration,1990,1990-03-20,,exper2_10
,0.91256416,Calibration,1990,1990-03-21,,exper2_10
,1.2822723,Calibration,1990,1990-03-22,,exper2_10
,0.66988933,Calibration,1990,1990-03-23,,exper2_10
,0.5838428,Calibration,1990,1990-03-24,,exper2_10
,0.105924904,Calibration,1990,1990-03-25,,exper2_10
,0.01,Calibration,1990,1990-03-26,,exper2_10
,0.01,Calibration,1990,1990-03-27,,exper2_10
,0.01,Calibration,1990,1990-03-28,,exper2_10
,0.2932842,Calibration,1990,1990-03-29,,exper2_10
,0.6951724,Calibration,1990,1990-03-30,,exper2_10
,0.9138267,Calibration,1990,1990-03-31,,exper2_10
,1.4598128,Calibration,1990,1990-04-01,,exper2_10
,1.3650631,Calibration,1990,1990-04-02,,exper2_10
,1.1147033,Calibration,1990,1990-04-03,,exper2_10
,1.1022367,Calibration,1990,1990-04-04,,exper2_10
,1.29505,Calibration,1990,1990-04-05,,exper2_10
,1.1217974,Calibration,1990,1990-04-06,,exper2_10
,0.8392252,Calibration,1990,1990-04-07,,exper2_10
,0.7641187,Calibration,1990,1990-04-08,,exper2_10
,1.7629267,Calibration,1990,1990-04-09,,exper2_10
,1.674455,Calibration,1990,1990-04-10,,exper2_10
,1.6751837,Calibration,1990,1990-04-11,,exper2_10
,1.4090382,Calibration,1990,1990-04-12,,exper2_10
,1.1522031,Calibration,1990,1990-04-13,,exper2_10
,1.2906007,Calibration,1990,1990-04-14,,exper2_10
,1.703329,Calibration,1990,1990-04-15,,exper2_10
,2.480632,Calibration,1990,1990-04-16,,exper2_10
,2.636586,Calibration,1990,1990-04-17,,exper2_10
,2.6383493,Calibration,1990,1990-04-18,,exper2_10
,2.915648,Calibration,1990,1990-04-19,,exper2_10
,3.736822,Calibration,1990,1990-04-20,,exper2_10
,4.175316,Calibration,1990,1990-04-21,,exper2_10
,5.2436476,Calibration,1990,1990-04-22,,exper2_10
,6.6590133,Calibration,1990,1990-04-23,,exper2_10
,8.210236,Calibration,1990,1990-04-24,,exper2_10
,10.7989435,Calibration,1990,1990-04-25,,exper2_10
,11.829943,Calibration,1990,1990-04-26,,exper2_10
,11.699785,Calibration,1990,1990-04-27,,exper2_10
,11.551436,Calibration,1990,1990-04-28,,exper2_10
,10.952882,Calibration,1990,1990-04-29,,exper2_10
,10.58155,Calibration,1990,1990-04-30,,exper2_10
,10.965036,Calibration,1990,1990-05-01,,exper2_10
11.254999999999995,10.292931,Calibration,1990,1990-05-02,-0.044647878940054106,exper2_10
12.100000000000023,11.301833,Calibration,1990,1990-05-03,-0.03410702238659946,exper2_10
12.865000000000009,11.6821,Calibration,1990,1990-05-04,-0.048188979134585135,exper2_10
12.754999999999995,11.726369,Calibration,1990,1990-05-05,-0.04201689455826869,exper2_10
12.610000000000014,12.241818,Calibration,1990,1990-05-06,-0.014815075726815008,exper2_10
12.855000000000018,13.187668,Calibration,1990,1990-05-07,0.01277395421383768,exper2_10
13.455000000000041,13.416301,Calibration,1990,1990-05-08,-0.0014401694471533064,exper2_10
13.125,12.7654085,Calibration,1990,1990-05-09,-0.01388898455768167,exper2_10
11.279999999999973,11.55022,Calibration,1990,1990-05-10,0.01183604631587562,exper2_10
10.830000000000041,11.528314,Calibration,1990,1990-05-11,0.031232840191981463,exper2_10
11.260000000000048,11.910677,Calibration,1990,1990-05-12,0.028081913938351875,exper2_10
11.260000000000048,12.705598,Calibration,1990,1990-05-13,0.060319708479271324,exper2_10
11.490000000000009,12.212935,Calibration,1990,1990-05-14,0.030499827723372917,exper2_10
11.529999999999973,12.059688,Calibration,1990,1990-05-15,0.022454202153855,exper2_10
11.575000000000045,11.779458,Calibration,1990,1990-05-16,0.008754561786750596,exper2_10
11.464999999999975,11.698073,Calibration,1990,1990-05-17,0.010062282463576789,exper2_10
11.305000000000007,11.211437,Calibration,1990,1990-05-18,-0.004155309906351743,exper2_10
11.185000000000002,11.173465,Calibration,1990,1990-05-19,-0.0005159220470006071,exper2_10
11.105000000000018,11.112426,Calibration,1990,1990-05-20,0.0003342333267422133,exper2_10
11.745000000000005,11.596787,Calibration,1990,1990-05-21,-0.006349665705876384,exper2_10
12.595000000000027,11.766513,Calibration,1990,1990-05-22,-0.03400803281822761,exper2_10
13.325000000000045,11.919969,Calibration,1990,1990-05-23,-0.055655897891588174,exper2_10
13.754999999999995,12.59405,Calibration,1990,1990-05-24,-0.044060395901928014,exper2_10
13.890000000000043,13.315652,Calibration,1990,1990-05-25,-0.02111135247301684,exper2_10
14.660000000000025,13.689751,Calibration,1990,1990-05-26,-0.034224263199343546,exper2_10
15.200000000000045,14.392882,Calibration,1990,1990-05-27,-0.027274046624661295,exper2_10
15.54000000000002,15.038774,Calibration,1990,1990-05-28,-0.016391320035011304,exper2_10
15.470000000000027,15.230685,Calibration,1990,1990-05-29,-0.0077950952594577705,exper2_10
15.69500000000005,15.331177,Calibration,1990,1990-05-30,-0.011726331769058122,exper2_10
15.795000000000016,15.707585,Calibration,1990,1990-05-31,-0.0027748409945796064,exper2_10
15.985000000000014,15.574333,Calibration,1990,1990-06-01,-0.013012531240686192,exper2_10
16.504999999999995,15.741731,Calibration,1990,1990-06-02,-0.023669664913789013,exper2_10
15.515000000000043,14.9078,Calibration,1990,1990-06-03,-0.019958724535843953,exper2_10
15.189999999999998,14.11533,Calibration,1990,1990-06-04,-0.036671495151693365,exper2_10
14.649999999999977,14.1909485,Calibration,1990,1990-06-05,-0.015916658007605514,exper2_10
14.66500000000002,14.684306,Calibration,1990,1990-06-06,0.0006578058308820333,exper2_10
15.295000000000016,15.565364,Calibration,1990,1990-06-07,0.008760878030753545,exper2_10
15.605000000000018,15.341907,Calibration,1990,1990-06-08,-0.008501445921563058,exper2_10
15.66500000000002,15.177248,Calibration,1990,1990-06-09,-0.01581441141657421,exper2_10
16.980000000000018,15.970739,Calibration,1990,1990-06-10,-0.030629377514349142,exper2_10
16.200000000000045,16.32052,Calibration,1990,1990-06-11,0.003705980086260284,exper2_10
16.230000000000018,16.437677,Calibration,1990,1990-06-12,0.006357274225079091,exper2_10
17.170000000000016,17.341747,Calibration,1990,1990-06-13,0.004976487644120975,exper2_10
18.345000000000027,18.388603,Calibration,1990,1990-06-14,0.0011870115272761504,exper2_10
19.045000000000016,18.67166,Calibration,1990,1990-06-15,-0.009898557710191573,exper2_10
18.470000000000027,18.185904,Calibration,1990,1990-06-16,-0.00775036005931261,exper2_10
18.535000000000025,18.552237,Calibration,1990,1990-06-17,0.0004647571134160018,exper2_10
18.310000000000002,18.324537,Calibration,1990,1990-06-18,0.00039681891193740505,exper2_10
18.08000000000004,18.756712,Calibration,1990,1990-06-19,0.018370585316534467,exper2_10
18.17500000000001,19.0911,Calibration,1990,1990-06-20,0.024582681732711043,exper2_10
18.435000000000002,19.152994,Calibration,1990,1990-06-21,0.01910168850474285,exper2_10
18.29000000000002,19.081104,Calibration,1990,1990-06-22,0.02116887616345334,exper2_10
17.935000000000002,18.781876,Calibration,1990,1990-06-23,0.023065023814629836,exper2_10
19.024999999999977,19.0659,Calibration,1990,1990-06-24,0.0010737683213184195,exper2_10
19.975000000000023,19.832941,Calibration,1990,1990-06-25,-0.0035686081956571108,exper2_10
20.810000000000002,20.691921,Calibration,1990,1990-06-26,-0.0028451397515553045,exper2_10
20.835000000000036,20.721113,Calibration,1990,1990-06-27,-0.0027405545480706614,exper2_10
20.02000000000004,20.079891,Calibration,1990,1990-06-28,0.001493550307356591,exper2_10
21.230000000000018,20.596586,Calibration,1990,1990-06-29,-0.015143807556731179,exper2_10
21.350000000000023,21.540995,Calibration,1990,1990-06-30,0.004453024364427964,exper2_10
21.950000000000045,21.960241,Calibration,1990,1990-07-01,0.00023323300992286495,exper2_10
22.125,22.289629,Calibration,1990,1990-07-02,0.003706638697998549,exper2_10
22.470000000000027,22.868277,Calibration,1990,1990-07-03,0.00878455525819077,exper2_10
23.004999999999995,22.744034,Calibration,1990,1990-07-04,-0.005704299408538736,exper2_10
22.5,21.936989,Calibration,1990,1990-07-05,-0.012669876700698522,exper2_10
22.110000000000014,21.412128,Calibration,1990,1990-07-06,-0.016034867236323247,exper2_10
21.16500000000002,20.895935,Calibration,1990,1990-07-07,-0.006397027099645895,exper2_10
20.920000000000016,21.36545,Calibration,1990,1990-07-08,0.010534354166553482,exper2_10
21.420000000000016,21.706926,Calibration,1990,1990-07-09,0.0066530673557484935,exper2_10
21.75,21.754728,Calibration,1990,1990-07-10,0.0001086851347803085,exper2_10
21.495000000000005,21.557102,Calibration,1990,1990-07-11,0.0014424894532624269,exper2_10
21.004999999999995,21.258993,Calibration,1990,1990-07-12,0.006009681761717417,exper2_10
21.385000000000048,21.208492,Calibration,1990,1990-07-13,-0.004144006783733927,exper2_10
21.24000000000001,21.37293,Calibration,1990,1990-07-14,0.0031194880307514826,exper2_10
21.04000000000002,21.491905,Calibration,1990,1990-07-15,0.010625087452479018,exper2_10
21.460000000000036,21.571667,Calibration,1990,1990-07-16,0.0025949893659074114,exper2_10
21.379999999999995,21.93543,Calibration,1990,1990-07-17,0.012822925225009657,exper2_10
22.08000000000004,22.322926,Calibration,1990,1990-07-18,0.005470936081833825,exper2_10
22.189999999999998,22.149364,Calibration,1990,1990-07-19,-0.0009164661931640723,exper2_10
22.274999999999977,21.88131,Calibration,1990,1990-07-20,-0.008915837738656996,exper2_10
22.439999999999998,22.040567,Calibration,1990,1990-07-21,-0.008979934953483268,exper2_10
22.19500000000005,21.84557,Calibration,1990,1990-07-22,-0.00793428405885734,exper2_10
22.305000000000007,21.72084,Calibration,1990,1990-07-23,-0.013268560914980156,exper2_10
22.52000000000004,22.35773,Calibration,1990,1990-07-24,-0.0036158052422018924,exper2_10
22.564999999999998,22.572624,Calibration,1990,1990-07-25,0.00016891023125372757,exper2_10
22.564999999999998,22.549385,Calibration,1990,1990-07-26,-0.00034611863100230685,exper2_10
22.29000000000002,22.08262,Calibration,1990,1990-07-27,-0.004673588721410998,exper2_10
22.274999999999977,21.96132,Calibration,1990,1990-07-28,-0.007090985794149567,exper2_10
22.355000000000018,22.885548,Calibration,1990,1990-07-29,0.01172725940864847,exper2_10
22.089999999999975,22.583055,Calibration,1990,1990-07-30,0.011036977227976079,exper2_10
22.120000000000005,22.156488,Calibration,1990,1990-07-31,0.0008241037146881301,exper2_10
22.180000000000007,22.200872,Calibration,1990,1990-08-01,0.00047030218483584387,exper2_10
22.200000000000045,22.164097,Calibration,1990,1990-08-02,-0.0008092843152063189,exper2_10
22.545000000000016,22.118055,Calibration,1990,1990-08-03,-0.009559235325198104,exper2_10
22.58000000000004,22.277073,Calibration,1990,1990-08-04,-0.006753162296999634,exper2_10
21.980000000000018,22.012308,Calibration,1990,1990-08-05,0.0007344038562118198,exper2_10
21.75,21.462973,Calibration,1990,1990-08-06,-0.006642157238137304,exper2_10
21.779999999999973,21.438826,Calibration,1990,1990-08-07,-0.007894115305218816,exper2_10
21.735000000000014,21.578564,Calibration,1990,1990-08-08,-0.0036117164344506183,exper2_10
21.585000000000036,21.656225,Calibration,1990,1990-08-09,0.001647159721560754,exper2_10
21.589999999999975,21.703035,Calibration,1990,1990-08-10,0.0026109362323156063,exper2_10
21.350000000000023,21.583006,Calibration,1990,1990-08-11,0.005427197566042932,exper2_10
21.214999999999975,21.18564,Calibration,1990,1990-08-12,-0.0006924344699736647,exper2_10
21.335000000000036,20.995218,Calibration,1990,1990-08-13,-0.008026930567643606,exper2_10
21.19500000000005,21.036356,Calibration,1990,1990-08-14,-0.0037565459137543326,exper2_10
21.74000000000001,21.620607,Calibration,1990,1990-08-15,-0.0027534813538425715,exper2_10
21.99000000000001,22.039917,Calibration,1990,1990-08-16,0.001133706252418054,exper2_10
22.14500000000004,22.17444,Calibration,1990,1990-08-17,0.0006642769776890414,exper2_10
21.99000000000001,21.422209,Calibration,1990,1990-08-18,-0.013079067614090929,exper2_10
21.035000000000025,20.956146,Calibration,1990,1990-08-19,-0.0018778663319767915,exper2_10
20.779999999999973,20.47158,Calibration,1990,1990-08-20,-0.00747654976731672,exper2_10
21.17500000000001,21.024557,Calibration,1990,1990-08-21,-0.0035650347217482223,exper2_10
21.58000000000004,21.409014,Calibration,1990,1990-08-22,-0.0039774406743252715,exper2_10
21.125,21.13295,Calibration,1990,1990-08-23,0.0001881262373994238,exper2_10
21.39500000000004,20.877436,Calibration,1990,1990-08-24,-0.012243541386221432,exper2_10
21.714999999999975,21.08587,Calibration,1990,1990-08-25,-0.014698982667496035,exper2_10
21.950000000000045,21.62701,Calibration,1990,1990-08-26,-0.007411927802769023,exper2_10
21.910000000000025,21.637135,Calibration,1990,1990-08-27,-0.0062659793992238125,exper2_10
21.939999999999998,22.090622,Calibration,1990,1990-08-28,0.003420845347568455,exper2_10
21.930000000000007,21.900457,Calibration,1990,1990-08-29,-0.0006740202946149153,exper2_10
21.960000000000036,21.623507,Calibration,1990,1990-08-30,-0.007720660420570327,exper2_10
21.670000000000016,21.231073,Calibration,1990,1990-08-31,-0.010231133766759845,exper2_10
21.745000000000005,21.63309,Calibration,1990,1990-09-01,-0.0025798954462731183,exper2_10
21.930000000000007,21.572077,Calibration,1990,1990-09-02,-0.008227726786031168,exper2_10
21.42500000000001,21.081202,Calibration,1990,1990-09-03,-0.008088194994883797,exper2_10
21.33000000000004,21.134851,Calibration,1990,1990-09-04,-0.004595531071507436,exper2_10
21.260000000000048,21.68687,Calibration,1990,1990-09-05,0.009939503606115984,exper2_10
21.07000000000005,21.79231,Calibration,1990,1990-09-06,0.016851884620246123,exper2_10
20.714999999999975,21.126667,Calibration,1990,1990-09-07,0.009838685979736783,exper2_10
20.33000000000004,20.893248,Calibration,1990,1990-09-08,0.01366334864675643,exper2_10
20.214999999999975,20.722046,Calibration,1990,1990-09-09,0.012385991399952933,exper2_10
20.135000000000048,20.814245,Calibration,1990,1990-09-10,0.016587490692035793,exper2_10
19.935000000000002,20.337795,Calibration,1990,1990-09-11,0.010001671227245167,exper2_10
20.060000000000002,20.400335,Calibration,1990,1990-09-12,0.008411579124744313,exper2_10
20.08000000000004,20.729357,Calibration,1990,1990-09-13,0.015911957874623007,exper2_10
19.810000000000002,20.209745,Calibration,1990,1990-09-14,0.009988704401740777,exper2_10
19.335000000000036,19.491995,Calibration,1990,1990-09-15,0.004043446019015265,exper2_10
18.810000000000002,18.990446,Calibration,1990,1990-09-16,0.004773649767658251,exper2_10
18.36500000000001,18.559725,Calibration,1990,1990-09-17,0.005273561516115489,exper2_10
17.935000000000002,17.950022,Calibration,1990,1990-09-18,0.00041860762637040524,exper2_10
17.83000000000004,17.826708,Calibration,1990,1990-09-19,-9.232933250586285e-05,exper2_10
17.765000000000043,17.708384,Calibration,1990,1990-09-20,-0.0015960259252780094,exper2_10
17.41500000000002,17.515343,Calibration,1990,1990-09-21,0.0028726518153140137,exper2_10
16.805000000000007,16.62074,Calibration,1990,1990-09-22,-0.0055124914089616965,exper2_10
16.214999999999975,16.428183,Calibration,1990,1990-09-23,0.006530692932990557,exper2_10
16.060000000000002,16.272,Calibration,1990,1990-09-24,0.006556951729958094,exper2_10
16.200000000000045,16.46072,Calibration,1990,1990-09-25,0.007982679553875266,exper2_10
16.45500000000004,16.334444,Calibration,1990,1990-09-26,-0.0036766696565617507,exper2_10
16.27000000000004,16.524296,Calibration,1990,1990-09-27,0.007754269473636337,exper2_10
16.325000000000045,16.273096,Calibration,1990,1990-09-28,-0.0015922376346957177,exper2_10
16.02000000000004,15.847115,Calibration,1990,1990-09-29,-0.005425198967105516,exper2_10
15.740000000000009,15.461055,Calibration,1990,1990-09-30,-0.008940248970100163,exper2_10
15.41500000000002,15.327276,Calibration,1990,1990-10-01,-0.002853522279408197,exper2_10
15.220000000000027,14.905564,Calibration,1990,1990-10-02,-0.010437503796344992,exper2_10
14.980000000000018,15.092162,Calibration,1990,1990-10-03,0.0037297661461738133,exper2_10
14.625,14.558656,Calibration,1990,1990-10-04,-0.0022733362044549702,exper2_10
14.524999999999977,14.478735,Calibration,1990,1990-10-05,-0.0015951404174293444,exper2_10
14.339999999999975,14.48169,Calibration,1990,1990-10-06,0.004916103281919765,exper2_10
13.910000000000025,13.999393,Calibration,1990,1990-10-07,0.0032029883864305203,exper2_10
13.54000000000002,13.610574,Calibration,1990,1990-10-08,0.002599347226218872,exper2_10
13.170000000000016,13.04822,Calibration,1990,1990-10-09,-0.004644873706017843,exper2_10
12.740000000000009,12.669827,Calibration,1990,1990-10-10,-0.0027616298797922445,exper2_10
12.404999999999973,12.535693,Calibration,1990,1990-10-11,0.00524015783187994,exper2_10
12.235000000000014,12.460959,Calibration,1990,1990-10-12,0.009149651995035094,exper2_10
11.995000000000005,11.978974,Calibration,1990,1990-10-13,-0.0006684606158732045,exper2_10
11.904999999999973,12.021173,Calibration,1990,1990-10-14,0.0048554579042873,exper2_10
11.760000000000048,11.4374485,Calibration,1990,1990-10-15,-0.01390461103474667,exper2_10
11.654999999999973,11.426019,Calibration,1990,1990-10-16,-0.009920761640703537,exper2_10
11.490000000000009,11.443778,Calibration,1990,1990-10-17,-0.002015453445937661,exper2_10
10.785000000000025,11.01444,Calibration,1990,1990-10-18,0.010525022074670768,exper2_10
10.265000000000043,10.825909,Calibration,1990,1990-10-19,0.02659480773954447,exper2_10
9.995000000000005,10.581447,Calibration,1990,1990-10-20,0.028500870810518934,exper2_10
9.825000000000045,10.448068,Calibration,1990,1990-10-21,0.030733763404373976,exper2_10
9.610000000000014,9.988076,Calibration,1990,1990-10-22,0.01929149606167058,exper2_10
9.66500000000002,10.128829,Calibration,1990,1990-10-23,0.023433010476374777,exper2_10
9.395000000000039,9.910865,Calibration,1990,1990-10-24,0.02672062787961587,exper2_10
9.265000000000043,9.641366,Calibration,1990,1990-10-25,0.019906840100598244,exper2_10
9.064999999999998,9.25645,Calibration,1990,1990-10-26,0.010449484213474006,exper2_10
8.875,9.367926,Calibration,1990,1990-10-27,0.0270200982858885,exper2_10
8.640000000000043,9.10631,Calibration,1990,1990-10-28,0.026276442461435887,exper2_10
8.5,8.949711,Calibration,1990,1990-10-29,0.025771822233473397,exper2_10
8.600000000000023,9.062825,Calibration,1990,1990-10-30,0.026203350688472175,exper2_10
8.485000000000014,8.898526,Calibration,1990,1990-10-31,0.023788395239890035,exper2_10
8.495000000000005,8.945541,Calibration,1990,1990-11-01,0.025832992908417677,exper2_10
9.004999999999995,8.952595,Calibration,1990,1990-11-02,-0.0029182773989960826,exper2_10
8.774999999999977,8.866487,Calibration,1990,1990-11-03,0.00518587530146051,exper2_10
8.330000000000041,8.491628,Calibration,1990,1990-11-04,0.009608326621198069,exper2_10
8.035000000000025,8.127482,Calibration,1990,1990-11-05,0.005722042683496834,exper2_10
7.770000000000039,7.7913465,Calibration,1990,1990-11-06,0.0013717675343314687,exper2_10
7.464999999999975,7.1880136,Calibration,1990,1990-11-07,-0.01890303625032636,exper2_10
7.115000000000009,6.9204364,Calibration,1990,1990-11-08,-0.01386231339068004,exper2_10
6.842000000000041,6.9468102,Calibration,1990,1990-11-09,0.007601108699568444,exper2_10
6.591499999999996,6.541948,Calibration,1990,1990-11-10,-0.003772974085189302,exper2_10
6.275500000000022,6.2414947,Calibration,1990,1990-11-11,-0.0027167339546360554,exper2_10
5.914499999999975,5.8732505,Calibration,1990,1990-11-12,-0.0034993543159723165,exper2_10
5.685000000000002,5.5764446,Calibration,1990,1990-11-13,-0.009639560265321923,exper2_10
5.632000000000005,5.4749093,Calibration,1990,1990-11-14,-0.014143511043948141,exper2_10
5.8455000000000155,5.5434213,Calibration,1990,1990-11-15,-0.02652391077400467,exper2_10
5.766999999999996,5.7589,Calibration,1990,1990-11-16,-0.0007027507028335036,exper2_10
5.668000000000006,5.535663,Calibration,1990,1990-11-17,-0.011811928883446465,exper2_10
,5.3274856,Calibration,1990,1990-11-18,,exper2_10
,5.315611,Calibration,1990,1990-11-19,,exper2_10
,5.3978186,Calibration,1990,1990-11-20,,exper2_10
,5.59602,Calibration,1990,1990-11-21,,exper2_10
,5.409727,Calibration,1990,1990-11-22,,exper2_10
,5.2640624,Calibration,1990,1990-11-23,,exper2_10
,4.887272,Calibration,1990,1990-11-24,,exper2_10
,4.4530535,Calibration,1990,1990-11-25,,exper2_10
,4.319753,Calibration,1990,1990-11-26,,exper2_10
,4.342893,Calibration,1990,1990-11-27,,exper2_10
,4.0996675,Calibration,1990,1990-11-28,,exper2_10
,3.7616947,Calibration,1990,1990-11-29,,exper2_10
,3.6975827,Calibration,1990,1990-11-30,,exper2_10
,3.5384486,Calibration,1990,1990-12-01,,exper2_10
,3.2456708,Calibration,1990,1990-12-02,,exper2_10
,2.9164584,Calibration,1990,1990-12-03,,exper2_10
,2.9319487,Calibration,1990,1990-12-04,,exper2_10
,2.3476398,Calibration,1990,1990-12-05,,exper2_10
,2.1521003,Calibration,1990,1990-12-06,,exper2_10
,1.9635508,Calibration,1990,1990-12-07,,exper2_10
,1.8878611,Calibration,1990,1990-12-08,,exper2_10
,1.7976015,Calibration,1990,1990-12-09,,exper2_10
,2.0680692,Calibration,1990,1990-12-10,,exper2_10
,1.9760548,Calibration,1990,1990-12-11,,exper2_10
,1.9026675,Calibration,1990,1990-12-12,,exper2_10
,1.737537,Calibration,1990,1990-12-13,,exper2_10
,1.2674191,Calibration,1990,1990-12-14,,exper2_10
,1.4651227,Calibration,1990,1990-12-15,,exper2_10
,1.5135837,Calibration,1990,1990-12-16,,exper2_10
,1.3950177,Calibration,1990,1990-12-17,,exper2_10
,1.3614771,Calibration,1990,1990-12-18,,exper2_10
,0.84258735,Calibration,1990,1990-12-19,,exper2_10
,0.90779,Calibration,1990,1990-12-20,,exper2_10
,1.0245365,Calibration,1990,1990-12-21,,exper2_10
,0.45770693,Calibration,1990,1990-12-22,,exper2_10
,0.29007888,Calibration,1990,1990-12-23,,exper2_10
,0.12345134,Calibration,1990,1990-12-24,,exper2_10
,0.01,Calibration,1990,1990-12-25,,exper2_10
,0.01,Calibration,1990,1990-12-26,,exper2_10
,0.01,Calibration,1990,1990-12-27,,exper2_10
,0.01,Calibration,1990,1990-12-28,,exper2_10
,0.01,Calibration,1990,1990-12-29,,exper2_10
,0.01,Calibration,1990,1990-12-30,,exper2_10
,0.01,Calibration,1990,1990-12-31,,exper2_10
,0.01,Calibration,1991,1991-01-01,,exper2_10
,0.01,Calibration,1991,1991-01-02,,exper2_10
,0.01,Calibration,1991,1991-01-03,,exper2_10
,0.01,Calibration,1991,1991-01-04,,exper2_10
,0.01,Calibration,1991,1991-01-05,,exper2_10
,0.01,Calibration,1991,1991-01-06,,exper2_10
,0.01,Calibration,1991,1991-01-07,,exper2_10
,0.01,Calibration,1991,1991-01-08,,exper2_10
,0.01,Calibration,1991,1991-01-09,,exper2_10
,0.01,Calibration,1991,1991-01-10,,exper2_10
,0.01,Calibration,1991,1991-01-11,,exper2_10
,0.01,Calibration,1991,1991-01-12,,exper2_10
,0.01,Calibration,1991,1991-01-13,,exper2_10
,0.01,Calibration,1991,1991-01-14,,exper2_10
,0.01,Calibration,1991,1991-01-15,,exper2_10
,0.01,Calibration,1991,1991-01-16,,exper2_10
,0.01,Calibration,1991,1991-01-17,,exper2_10
,0.01,Calibration,1991,1991-01-18,,exper2_10
,0.01,Calibration,1991,1991-01-19,,exper2_10
,0.01,Calibration,1991,1991-01-20,,exper2_10
,0.01,Calibration,1991,1991-01-21,,exper2_10
,0.01,Calibration,1991,1991-01-22,,exper2_10
,0.01,Calibration,1991,1991-01-23,,exper2_10
,0.01,Calibration,1991,1991-01-24,,exper2_10
,0.01,Calibration,1991,1991-01-25,,exper2_10
,0.01,Calibration,1991,1991-01-26,,exper2_10
,0.01,Calibration,1991,1991-01-27,,exper2_10
,0.01,Calibration,1991,1991-01-28,,exper2_10
,0.01,Calibration,1991,1991-01-29,,exper2_10
,0.01,Calibration,1991,1991-01-30,,exper2_10
,0.01,Calibration,1991,1991-01-31,,exper2_10
,0.01,Calibration,1991,1991-02-01,,exper2_10
,0.01,Calibration,1991,1991-02-02,,exper2_10
,0.01,Calibration,1991,1991-02-03,,exper2_10
,0.01,Calibration,1991,1991-02-04,,exper2_10
,0.01,Calibration,1991,1991-02-05,,exper2_10
,0.01,Calibration,1991,1991-02-06,,exper2_10
,0.01,Calibration,1991,1991-02-07,,exper2_10
,0.12771103,Calibration,1991,1991-02-08,,exper2_10
,0.12632269,Calibration,1991,1991-02-09,,exper2_10
,0.4741993,Calibration,1991,1991-02-10,,exper2_10
,0.01,Calibration,1991,1991-02-11,,exper2_10
,0.01,Calibration,1991,1991-02-12,,exper2_10
,0.01,Calibration,1991,1991-02-13,,exper2_10
,0.01,Calibration,1991,1991-02-14,,exper2_10
,0.01,Calibration,1991,1991-02-15,,exper2_10
,0.01,Calibration,1991,1991-02-16,,exper2_10
,0.01,Calibration,1991,1991-02-17,,exper2_10
,0.01,Calibration,1991,1991-02-18,,exper2_10
,0.01,Calibration,1991,1991-02-19,,exper2_10
,0.01,Calibration,1991,1991-02-20,,exper2_10
,0.09221713,Calibration,1991,1991-02-21,,exper2_10
,0.048269093,Calibration,1991,1991-02-22,,exper2_10
,0.14128321,Calibration,1991,1991-02-23,,exper2_10
,0.01,Calibration,1991,1991-02-24,,exper2_10
,0.01,Calibration,1991,1991-02-25,,exper2_10
,0.01,Calibration,1991,1991-02-26,,exper2_10
,0.01,Calibration,1991,1991-02-27,,exper2_10
,0.01,Calibration,1991,1991-02-28,,exper2_10
,0.01,Calibration,1991,1991-03-01,,exper2_10
,0.019344926,Calibration,1991,1991-03-02,,exper2_10
,0.01,Calibration,1991,1991-03-03,,exper2_10
,0.01,Calibration,1991,1991-03-04,,exper2_10
,0.01,Calibration,1991,1991-03-05,,exper2_10
,0.01,Calibration,1991,1991-03-06,,exper2_10
,0.01,Calibration,1991,1991-03-07,,exper2_10
,0.01,Calibration,1991,1991-03-08,,exper2_10
,0.01,Calibration,1991,1991-03-09,,exper2_10
,0.01,Calibration,1991,1991-03-10,,exper2_10
,0.01,Calibration,1991,1991-03-11,,exper2_10
,0.01,Calibration,1991,1991-03-12,,exper2_10
,0.01,Calibration,1991,1991-03-13,,exper2_10
,0.01,Calibration,1991,1991-03-14,,exper2_10
,0.01,Calibration,1991,1991-03-15,,exper2_10
,0.01,Calibration,1991,1991-03-16,,exper2_10
,0.01,Calibration,1991,1991-03-17,,exper2_10
,0.01,Calibration,1991,1991-03-18,,exper2_10
,0.01,Calibration,1991,1991-03-19,,exper2_10
,0.01,Calibration,1991,1991-03-20,,exper2_10
,0.01,Calibration,1991,1991-03-21,,exper2_10
,0.01,Calibration,1991,1991-03-22,,exper2_10
,0.01,Calibration,1991,1991-03-23,,exper2_10
,0.06347585,Calibration,1991,1991-03-24,,exper2_10
,0.4733348,Calibration,1991,1991-03-25,,exper2_10
,0.45787585,Calibration,1991,1991-03-26,,exper2_10
,0.2353096,Calibration,1991,1991-03-27,,exper2_10
,0.3427661,Calibration,1991,1991-03-28,,exper2_10
,0.31071693,Calibration,1991,1991-03-29,,exper2_10
,0.01,Calibration,1991,1991-03-30,,exper2_10
,0.01,Calibration,1991,1991-03-31,,exper2_10
,0.01,Calibration,1991,1991-04-01,,exper2_10
,0.01,Calibration,1991,1991-04-02,,exper2_10
,0.01,Calibration,1991,1991-04-03,,exper2_10
,0.01,Calibration,1991,1991-04-04,,exper2_10
,0.836528,Calibration,1991,1991-04-05,,exper2_10
,2.249016,Calibration,1991,1991-04-06,,exper2_10
,4.328327,Calibration,1991,1991-04-07,,exper2_10
,4.402563,Calibration,1991,1991-04-08,,exper2_10
,2.800555,Calibration,1991,1991-04-09,,exper2_10
,2.903714,Calibration,1991,1991-04-10,,exper2_10
,2.6860707,Calibration,1991,1991-04-11,,exper2_10
,2.2937744,Calibration,1991,1991-04-12,,exper2_10
,2.775558,Calibration,1991,1991-04-13,,exper2_10
,3.11212,Calibration,1991,1991-04-14,,exper2_10
,3.492829,Calibration,1991,1991-04-15,,exper2_10
,4.2502027,Calibration,1991,1991-04-16,,exper2_10
,4.936214,Calibration,1991,1991-04-17,,exper2_10
,5.163383,Calibration,1991,1991-04-18,,exper2_10
,5.3366046,Calibration,1991,1991-04-19,,exper2_10
,5.6759744,Calibration,1991,1991-04-20,,exper2_10
,6.0432076,Calibration,1991,1991-04-21,,exper2_10
,6.3882303,Calibration,1991,1991-04-22,,exper2_10
,6.245602,Calibration,1991,1991-04-23,,exper2_10
,6.605344,Calibration,1991,1991-04-24,,exper2_10
,7.3179727,Calibration,1991,1991-04-25,,exper2_10
,7.7243567,Calibration,1991,1991-04-26,,exper2_10
,7.7353225,Calibration,1991,1991-04-27,,exper2_10
,9.591216,Calibration,1991,1991-04-28,,exper2_10
,9.338317,Calibration,1991,1991-04-29,,exper2_10
,8.668961,Calibration,1991,1991-04-30,,exper2_10
,8.192848,Calibration,1991,1991-05-01,,exper2_10
6.94500000000005,8.088088,Calibration,1991,1991-05-02,0.07603813886260358,exper2_10
7.274999999999977,8.19362,Calibration,1991,1991-05-03,0.05938601790180064,exper2_10
7.430000000000007,7.6065526,Calibration,1991,1991-05-04,0.011741561084319558,exper2_10
7.439999999999998,7.550724,Calibration,1991,1991-05-05,0.0073861695621120745,exper2_10
7.350000000000023,7.402744,Calibration,1991,1991-05-06,0.0035751868962276222,exper2_10
7.335000000000036,7.355765,Calibration,1991,1991-05-07,0.0014134639050306917,exper2_10
7.595000000000027,7.8173156,Calibration,1991,1991-05-08,0.014424541032066609,exper2_10
8.345000000000027,8.290415,Calibration,1991,1991-05-09,-0.003281264124893218,exper2_10
9.395000000000039,9.693709,Calibration,1991,1991-05-10,0.015648484537627863,exper2_10
11.100000000000023,11.092934,Calibration,1991,1991-05-11,-0.00031840518810107206,exper2_10
13.82000000000005,13.2612915,Calibration,1991,1991-05-12,-0.020630792147162184,exper2_10
15.325000000000045,14.764978,Calibration,1991,1991-05-13,-0.01861156507252712,exper2_10
16.5,15.911108,Calibration,1991,1991-05-14,-0.018169449274117115,exper2_10
17.05000000000001,16.848673,Calibration,1991,1991-05-15,-0.005939085992235804,exper2_10
17.5,16.720907,Calibration,1991,1991-05-16,-0.022766573191225693,exper2_10
16.095000000000027,16.247349,Calibration,1991,1991-05-17,0.0047105046826139835,exper2_10
14.460000000000036,15.958677,Calibration,1991,1991-05-18,0.04926832542684638,exper2_10
14.57000000000005,16.26037,Calibration,1991,1991-05-19,0.054828088036630446,exper2_10
15.41500000000002,17.05875,Calibration,1991,1991-05-20,0.05061781115098207,exper2_10
16.370000000000005,17.196726,Calibration,1991,1991-05-21,0.024629326349735657,exper2_10
17.25,18.280182,Calibration,1991,1991-05-22,0.02899455702497653,exper2_10
18.04000000000002,18.889202,Calibration,1991,1991-05-23,0.022995409302597008,exper2_10
18.845000000000027,18.7,Calibration,1991,1991-05-24,-0.003862011828847859,exper2_10
18.939999999999998,18.463293,Calibration,1991,1991-05-25,-0.012745052246481045,exper2_10
18.875,18.132353,Calibration,1991,1991-05-26,-0.02006755723524651,exper2_10
19.560000000000002,18.952211,Calibration,1991,1991-05-27,-0.015781711779622103,exper2_10
20.305000000000007,20.137442,Calibration,1991,1991-05-28,-0.004143131771812091,exper2_10
20.390000000000043,20.710169,Calibration,1991,1991-05-29,0.00778996406946659,exper2_10
20.79000000000002,21.309011,Calibration,1991,1991-05-30,0.012328352646752895,exper2_10
20.595000000000027,20.299498,Calibration,1991,1991-05-31,-0.007225969578810318,exper2_10
20.640000000000043,20.405588,Calibration,1991,1991-06-01,-0.005711012085363174,exper2_10
21.89500000000004,21.43169,Calibration,1991,1991-06-02,-0.010693403572373535,exper2_10
22.410000000000025,21.637575,Calibration,1991,1991-06-03,-0.01753614921687752,exper2_10
21.680000000000007,20.969715,Calibration,1991,1991-06-04,-0.016653918545993636,exper2_10
21.950000000000045,21.359625,Calibration,1991,1991-06-05,-0.013631499677061346,exper2_10
22.200000000000045,21.628355,Calibration,1991,1991-06-06,-0.013042811518082701,exper2_10
22.555000000000007,21.566383,Calibration,1991,1991-06-07,-0.022406746181924352,exper2_10
23.0,21.819162,Calibration,1991,1991-06-08,-0.026346713521988478,exper2_10
22.779999999999973,21.712666,Calibration,1991,1991-06-09,-0.02398899748432941,exper2_10
22.74000000000001,21.78121,Calibration,1991,1991-06-10,-0.02153557945732244,exper2_10
22.710000000000036,21.90683,Calibration,1991,1991-06-11,-0.018001506808175124,exper2_10
22.765000000000043,22.325289,Calibration,1991,1991-06-12,-0.009751794441476273,exper2_10
22.52000000000004,22.352615,Calibration,1991,1991-06-13,-0.0037302181347155104,exper2_10
22.529999999999973,22.314768,Calibration,1991,1991-06-14,-0.004799493293294756,exper2_10
22.480000000000018,22.873444,Calibration,1991,1991-06-15,0.008675054687249998,exper2_10
22.670000000000016,23.043121,Calibration,1991,1991-06-16,0.008162237164525816,exper2_10
23.015000000000043,23.953285,Calibration,1991,1991-06-17,0.019976995390493982,exper2_10
23.170000000000016,24.128202,Calibration,1991,1991-06-18,0.020258749570944833,exper2_10
23.535000000000025,24.428545,Calibration,1991,1991-06-19,0.01862966964187138,exper2_10
23.399999999999977,23.955496,Calibration,1991,1991-06-20,0.011730335087055831,exper2_10
22.279999999999973,22.865568,Calibration,1991,1991-06-21,0.012970667661604192,exper2_10
21.355000000000018,21.884623,Calibration,1991,1991-06-22,0.012248547566481052,exper2_10
21.430000000000007,21.60206,Calibration,1991,1991-06-23,0.003998421565727657,exper2_10
21.524999999999977,21.703646,Calibration,1991,1991-06-24,0.004132576981269036,exper2_10
22.0,22.166607,Calibration,1991,1991-06-25,0.003772236872119054,exper2_10
22.305000000000007,22.308367,Calibration,1991,1991-06-26,7.54656228844948e-05,exper2_10
23.260000000000048,22.978857,Calibration,1991,1991-06-27,-0.006080231597184606,exper2_10
24.220000000000027,23.481459,Calibration,1991,1991-06-28,-0.015482573421132972,exper2_10
24.100000000000023,24.251745,Calibration,1991,1991-06-29,0.0031383608450121264,exper2_10
23.420000000000016,23.42531,Calibration,1991,1991-06-30,0.00011335467461714403,exper2_10
22.335000000000036,22.662855,Calibration,1991,1991-07-01,0.007286017238705362,exper2_10
22.335000000000036,22.998028,Calibration,1991,1991-07-02,0.014625711841190905,exper2_10
22.20500000000004,22.788378,Calibration,1991,1991-07-03,0.012965858329835048,exper2_10
22.265000000000043,22.80902,Calibration,1991,1991-07-04,0.012069460406314507,exper2_10
22.720000000000027,22.757889,Calibration,1991,1991-07-05,0.000833125612249826,exper2_10
23.30000000000001,23.330256,Calibration,1991,1991-07-06,0.0006488385725738757,exper2_10
23.33000000000004,23.43279,Calibration,1991,1991-07-07,0.0021981313468093277,exper2_10
23.08000000000004,22.8949,Calibration,1991,1991-07-08,-0.004026123694826223,exper2_10
23.16500000000002,22.724077,Calibration,1991,1991-07-09,-0.009608447193419356,exper2_10
23.524999999999977,23.11049,Calibration,1991,1991-07-10,-0.008888277874822175,exper2_10
23.720000000000027,23.707563,Calibration,1991,1991-07-11,-0.00026222303740364974,exper2_10
23.69500000000005,23.420807,Calibration,1991,1991-07-12,-0.005819556818904486,exper2_10
23.470000000000027,23.03808,Calibration,1991,1991-07-13,-0.009286983735837015,exper2_10
23.890000000000043,23.418036,Calibration,1991,1991-07-14,-0.009976412838492156,exper2_10
23.670000000000016,23.53564,Calibration,1991,1991-07-15,-0.0028462548417475075,exper2_10
23.91500000000002,23.814459,Calibration,1991,1991-07-16,-0.0021064800520013594,exper2_10
24.600000000000023,24.589508,Calibration,1991,1991-07-17,-0.0002132963669267945,exper2_10
24.70500000000004,25.355724,Calibration,1991,1991-07-18,0.012998699946206775,exper2_10
24.890000000000043,24.941118,Calibration,1991,1991-07-19,0.0010258296855759346,exper2_10
24.850000000000023,25.113495,Calibration,1991,1991-07-20,0.005273747837623667,exper2_10
25.04000000000002,25.478111,Calibration,1991,1991-07-21,0.008672360389198316,exper2_10
25.129999999999995,25.237202,Calibration,1991,1991-07-22,0.0021284027516994763,exper2_10
24.69500000000005,24.383467,Calibration,1991,1991-07-23,-0.006347657134291719,exper2_10
24.129999999999995,23.894323,Calibration,1991,1991-07-24,-0.0049074434487765516,exper2_10
23.33000000000004,23.072903,Calibration,1991,1991-07-25,-0.005540543925295783,exper2_10
23.17500000000001,22.437578,Calibration,1991,1991-07-26,-0.01616707118487651,exper2_10
22.66500000000002,22.32473,Calibration,1991,1991-07-27,-0.007563283468822176,exper2_10
22.120000000000005,22.023834,Calibration,1991,1991-07-28,-0.002178464403127431,exper2_10
21.54000000000002,21.169043,Calibration,1991,1991-07-29,-0.008685687860168198,exper2_10
21.899999999999977,21.770525,Calibration,1991,1991-07-30,-0.00296481485912105,exper2_10
22.125,21.889648,Calibration,1991,1991-07-31,-0.00534711899003794,exper2_10
22.285000000000025,21.987146,Calibration,1991,1991-08-01,-0.006727788164964517,exper2_10
22.08000000000004,21.869368,Calibration,1991,1991-08-02,-0.004792615048121721,exper2_10
21.64500000000004,21.524435,Calibration,1991,1991-08-03,-0.00279283146846954,exper2_10
21.680000000000007,21.562647,Calibration,1991,1991-08-04,-0.0027138286543687915,exper2_10
22.095000000000027,21.39507,Calibration,1991,1991-08-05,-0.01609403920966509,exper2_10
21.860000000000014,21.386568,Calibration,1991,1991-08-06,-0.010947271695215907,exper2_10
21.70500000000004,21.169884,Calibration,1991,1991-08-07,-0.012480879840214955,exper2_10
21.845000000000027,20.922083,Calibration,1991,1991-08-08,-0.021580080669412433,exper2_10
22.015000000000043,21.243769,Calibration,1991,1991-08-09,-0.017828323165512833,exper2_10
22.314999999999998,21.446852,Calibration,1991,1991-08-10,-0.019838014967984093,exper2_10
22.779999999999973,21.896551,Calibration,1991,1991-08-11,-0.01977433005478905,exper2_10
23.404999999999973,22.277822,Calibration,1991,1991-08-12,-0.024673990002011714,exper2_10
23.595000000000027,22.778097,Calibration,1991,1991-08-13,-0.017615878546993438,exper2_10
23.70500000000004,23.075243,Calibration,1991,1991-08-14,-0.013462029340787366,exper2_10
23.620000000000005,23.177765,Calibration,1991,1991-08-15,-0.009449919423224753,exper2_10
23.360000000000014,23.25609,Calibration,1991,1991-08-16,-0.0022290551491870475,exper2_10
23.210000000000036,23.075502,Calibration,1991,1991-08-17,-0.0029058257425947755,exper2_10
22.760000000000048,22.430323,Calibration,1991,1991-08-18,-0.007295308676591529,exper2_10
22.230000000000018,21.73157,Calibration,1991,1991-08-19,-0.011337873462821014,exper2_10
22.17500000000001,21.950792,Calibration,1991,1991-08-20,-0.005081102811468542,exper2_10
22.11500000000001,21.82332,Calibration,1991,1991-08-21,-0.006638387826960583,exper2_10
22.260000000000048,21.92842,Calibration,1991,1991-08-22,-0.007503796096251923,exper2_10
22.004999999999995,21.84083,Calibration,1991,1991-08-23,-0.0037442591763299743,exper2_10
21.70500000000004,21.805391,Calibration,1991,1991-08-24,0.0023072950763970068,exper2_10
21.67500000000001,22.028051,Calibration,1991,1991-08-25,0.008078414783958881,exper2_10
,22.35829,Calibration,1991,1991-08-26,,exper2_10
,22.767298,Calibration,1991,1991-08-27,,exper2_10
,23.359194,Calibration,1991,1991-08-28,,exper2_10
,23.643105,Calibration,1991,1991-08-29,,exper2_10
,24.051476,Calibration,1991,1991-08-30,,exper2_10
,23.38265,Calibration,1991,1991-08-31,,exper2_10
22.16500000000002,22.428703,Calibration,1991,1991-09-01,0.005913465098053804,exper2_10
21.730000000000018,22.304167,Calibration,1991,1991-09-02,0.01303912020208279,exper2_10
21.640000000000043,22.275974,Calibration,1991,1991-09-03,0.014481615954100082,exper2_10
21.360000000000014,22.005281,Calibration,1991,1991-09-04,0.014880139752640393,exper2_10
20.980000000000018,21.460817,Calibration,1991,1991-09-05,0.011329125290349379,exper2_10
20.825000000000045,21.376364,Calibration,1991,1991-09-06,0.013065069590709492,exper2_10
20.685000000000002,21.425695,Calibration,1991,1991-09-07,0.017589246910699224,exper2_10
20.57000000000005,21.202435,Calibration,1991,1991-09-08,0.015139997147936783,exper2_10
20.49000000000001,21.128235,Calibration,1991,1991-09-09,0.015335462096792091,exper2_10
20.285000000000025,20.775772,Calibration,1991,1991-09-10,0.01195233478791713,exper2_10
19.795000000000016,20.199732,Calibration,1991,1991-09-11,0.010119628468447044,exper2_10
19.5,19.76621,Calibration,1991,1991-09-12,0.006779634506630291,exper2_10
19.879999999999995,20.130718,Calibration,1991,1991-09-13,0.006266276694969731,exper2_10
19.58000000000004,19.69376,Calibration,1991,1991-09-14,0.002896588420608395,exper2_10
20.045000000000016,19.616938,Calibration,1991,1991-09-15,-0.010792774840834544,exper2_10
19.654999999999973,19.63347,Calibration,1991,1991-09-16,-0.0005479842922956355,exper2_10
19.08000000000004,19.110342,Calibration,1991,1991-09-17,0.0007944947373430515,exper2_10
18.379999999999995,18.313068,Calibration,1991,1991-09-18,-0.001824094114894306,exper2_10
17.450000000000045,17.150593,Calibration,1991,1991-09-19,-0.008653238912448423,exper2_10
16.980000000000018,17.102987,Calibration,1991,1991-09-20,0.003608465666002194,exper2_10
16.55000000000001,16.955557,Calibration,1991,1991-09-21,0.012104167409792218,exper2_10
16.04000000000002,16.726519,Calibration,1991,1991-09-22,0.020951833141416076,exper2_10
15.5,15.923402,Calibration,1991,1991-09-23,0.013474092806259214,exper2_10
15.29000000000002,15.798194,Calibration,1991,1991-09-24,0.016346846416939724,exper2_10
14.760000000000048,15.407998,Calibration,1991,1991-09-25,0.021479651490154617,exper2_10
14.095000000000027,14.419271,Calibration,1991,1991-09-26,0.011372251592238699,exper2_10
13.725000000000023,14.073608,Calibration,1991,1991-09-27,0.012540498194761128,exper2_10
13.595000000000027,13.83606,Calibration,1991,1991-09-28,0.008787832992545475,exper2_10
13.379999999999995,13.636011,Calibration,1991,1991-09-29,0.009476273994906997,exper2_10
13.25,13.797539,Calibration,1991,1991-09-30,0.020243570486647346,exper2_10
13.075000000000045,13.388218,Calibration,1991,1991-10-01,0.011835972741520175,exper2_10
13.300000000000011,13.479302,Calibration,1991,1991-10-02,0.006695559264036983,exper2_10
13.154999999999973,13.1252775,Calibration,1991,1991-10-03,-0.0011309804758398846,exper2_10
12.855000000000018,12.887097,Calibration,1991,1991-10-04,0.0012468820335939988,exper2_10
12.420000000000016,12.406465,Calibration,1991,1991-10-05,-0.0005452014013914869,exper2_10
11.975000000000023,12.0819235,Calibration,1991,1991-10-06,0.00444460343691791,exper2_10
11.720000000000027,11.466905,Calibration,1991,1991-10-07,-0.010915444028846212,exper2_10
11.730000000000018,11.570003,Calibration,1991,1991-10-08,-0.006866842343444229,exper2_10
11.710000000000036,11.448869,Calibration,1991,1991-10-09,-0.011275647842554994,exper2_10
11.404999999999973,11.164823,Calibration,1991,1991-10-10,-0.010641529003392925,exper2_10
11.335000000000036,10.983268,Calibration,1991,1991-10-11,-0.01575983491566809,exper2_10
11.214999999999975,10.945882,Calibration,1991,1991-10-12,-0.01214383788211945,exper2_10
10.935000000000002,10.513685,Calibration,1991,1991-10-13,-0.01964291839390721,exper2_10
10.625,10.600955,Calibration,1991,1991-10-14,-0.0011328107747723898,exper2_10
10.254999999999995,9.94411,Calibration,1991,1991-10-15,-0.015391276377784814,exper2_10
10.120000000000005,10.014564,Calibration,1991,1991-10-16,-0.005236589270853832,exper2_10
10.175000000000011,9.968194,Calibration,1991,1991-10-17,-0.010266792448389274,exper2_10
9.875,9.756019,Calibration,1991,1991-10-18,-0.006060885763469465,exper2_10
9.475000000000023,9.365429,Calibration,1991,1991-10-19,-0.005815742087306618,exper2_10
9.260000000000048,9.056843,Calibration,1991,1991-10-20,-0.011091278023148302,exper2_10
9.110000000000014,9.142333,Calibration,1991,1991-10-21,0.0017714464581752541,exper2_10
9.04000000000002,9.004833,Calibration,1991,1991-10-22,-0.0019488558377308114,exper2_10
9.235000000000014,9.159511,Calibration,1991,1991-10-23,-0.0041039084486962025,exper2_10
9.420000000000016,9.141154,Calibration,1991,1991-10-24,-0.01502308026801837,exper2_10
9.115000000000009,9.066963,Calibration,1991,1991-10-25,-0.0026420031589505237,exper2_10
8.920000000000016,9.169058,Calibration,1991,1991-10-26,0.01376842554149048,exper2_10
8.904999999999973,9.082688,Calibration,1991,1991-10-27,0.009878330574131455,exper2_10
8.705000000000041,8.997382,Calibration,1991,1991-10-28,0.016516543439898987,exper2_10
8.700000000000045,8.898332,Calibration,1991,1991-10-29,0.01126991161342796,exper2_10
8.355000000000018,8.5280695,Calibration,1991,1991-10-30,0.01025106815998029,exper2_10
7.9500000000000455,8.284305,Calibration,1991,1991-10-31,0.020592481580488157,exper2_10
7.7450000000000045,7.9273667,Calibration,1991,1991-11-01,0.011636196156679672,exper2_10
7.3700000000000045,7.6313896,Calibration,1991,1991-11-02,0.017424360314438742,exper2_10
6.753000000000043,6.6765103,Calibration,1991,1991-11-03,-0.005695640725739144,exper2_10
6.285000000000025,6.280736,Calibration,1991,1991-11-04,-0.0003393379000563939,exper2_10
5.8940000000000055,6.087177,Calibration,1991,1991-11-05,0.01612335774711258,exper2_10
5.353499999999997,5.3557134,Calibration,1991,1991-11-06,0.00020667880881767371,exper2_10
4.857000000000028,5.0784173,Calibration,1991,1991-11-07,0.022285656904587,exper2_10
4.504500000000007,4.511616,Calibration,1991,1991-11-08,0.0007892788679112198,exper2_10
4.1404999999999745,4.125112,Calibration,1991,1991-11-09,-0.001861682251983224,exper2_10
3.9904999999999973,4.530534,Calibration,1991,1991-11-10,0.06337655780509378,exper2_10
3.7460000000000377,4.6216803,Calibration,1991,1991-11-11,0.10465030122165099,exper2_10
3.6930000000000405,4.4597435,Calibration,1991,1991-11-12,0.0940472982841636,exper2_10
3.629000000000019,4.081367,Calibration,1991,1991-11-13,0.058669971858583546,exper2_10
,3.8785326,Calibration,1991,1991-11-14,,exper2_10
,4.116132,Calibration,1991,1991-11-15,,exper2_10
,4.106044,Calibration,1991,1991-11-16,,exper2_10
,3.918854,Calibration,1991,1991-11-17,,exper2_10
,3.876219,Calibration,1991,1991-11-18,,exper2_10
,4.150783,Calibration,1991,1991-11-19,,exper2_10
,3.7558887,Calibration,1991,1991-11-20,,exper2_10
,3.7076135,Calibration,1991,1991-11-21,,exper2_10
,3.7762563,Calibration,1991,1991-11-22,,exper2_10
,3.4503553,Calibration,1991,1991-11-23,,exper2_10
,3.4839609,Calibration,1991,1991-11-24,,exper2_10
,3.3105114,Calibration,1991,1991-11-25,,exper2_10
,2.5707624,Calibration,1991,1991-11-26,,exper2_10
,2.656965,Calibration,1991,1991-11-27,,exper2_10
,2.1994848,Calibration,1991,1991-11-28,,exper2_10
,2.3460166,Calibration,1991,1991-11-29,,exper2_10
,2.2906365,Calibration,1991,1991-11-30,,exper2_10
,1.6801121,Calibration,1991,1991-12-01,,exper2_10
,1.3185793,Calibration,1991,1991-12-02,,exper2_10
,1.5226067,Calibration,1991,1991-12-03,,exper2_10
,1.152579,Calibration,1991,1991-12-04,,exper2_10
,1.2413017,Calibration,1991,1991-12-05,,exper2_10
,1.0446767,Calibration,1991,1991-12-06,,exper2_10
,1.2557687,Calibration,1991,1991-12-07,,exper2_10
,1.1444046,Calibration,1991,1991-12-08,,exper2_10
,1.4485557,Calibration,1991,1991-12-09,,exper2_10
,1.1646671,Calibration,1991,1991-12-10,,exper2_10
,1.086708,Calibration,1991,1991-12-11,,exper2_10
,1.218904,Calibration,1991,1991-12-12,,exper2_10
,1.0323843,Calibration,1991,1991-12-13,,exper2_10
,1.1362855,Calibration,1991,1991-12-14,,exper2_10
,0.6980518,Calibration,1991,1991-12-15,,exper2_10
,0.5455456,Calibration,1991,1991-12-16,,exper2_10
,0.8158039,Calibration,1991,1991-12-17,,exper2_10
,0.6061634,Calibration,1991,1991-12-18,,exper2_10
,0.59321684,Calibration,1991,1991-12-19,,exper2_10
,0.75245297,Calibration,1991,1991-12-20,,exper2_10
,0.7717422,Calibration,1991,1991-12-21,,exper2_10
,2.8598578,Calibration,1991,1991-12-22,,exper2_10
,1.3478737,Calibration,1991,1991-12-23,,exper2_10
,0.7528362,Calibration,1991,1991-12-24,,exper2_10
,0.5869457,Calibration,1991,1991-12-25,,exper2_10
,0.7514504,Calibration,1991,1991-12-26,,exper2_10
,0.7829777,Calibration,1991,1991-12-27,,exper2_10
,0.7665803,Calibration,1991,1991-12-28,,exper2_10
,0.72145087,Calibration,1991,1991-12-29,,exper2_10
,0.6569505,Calibration,1991,1991-12-30,,exper2_10
,0.58836496,Calibration,1991,1991-12-31,,exper2_10
,0.01,Calibration,1992,1992-01-01,,exper2_10
,0.01,Calibration,1992,1992-01-02,,exper2_10
,0.01,Calibration,1992,1992-01-03,,exper2_10
,0.01,Calibration,1992,1992-01-04,,exper2_10
,0.01,Calibration,1992,1992-01-05,,exper2_10
,0.01,Calibration,1992,1992-01-06,,exper2_10
,0.01,Calibration,1992,1992-01-07,,exper2_10
,0.01,Calibration,1992,1992-01-08,,exper2_10
,0.01,Calibration,1992,1992-01-09,,exper2_10
,0.01,Calibration,1992,1992-01-10,,exper2_10
,0.01,Calibration,1992,1992-01-11,,exper2_10
,0.01,Calibration,1992,1992-01-12,,exper2_10
,0.01,Calibration,1992,1992-01-13,,exper2_10
,0.01,Calibration,1992,1992-01-14,,exper2_10
,0.01,Calibration,1992,1992-01-15,,exper2_10
,0.01,Calibration,1992,1992-01-16,,exper2_10
,0.08401795,Calibration,1992,1992-01-17,,exper2_10
,0.105166644,Calibration,1992,1992-01-18,,exper2_10
,0.049059942,Calibration,1992,1992-01-19,,exper2_10
,0.01,Calibration,1992,1992-01-20,,exper2_10
,0.22492614,Calibration,1992,1992-01-21,,exper2_10
,0.01,Calibration,1992,1992-01-22,,exper2_10
,0.01,Calibration,1992,1992-01-23,,exper2_10
,0.5672883,Calibration,1992,1992-01-24,,exper2_10
,0.30392653,Calibration,1992,1992-01-25,,exper2_10
,0.038620368,Calibration,1992,1992-01-26,,exper2_10
,0.01,Calibration,1992,1992-01-27,,exper2_10
,0.36251938,Calibration,1992,1992-01-28,,exper2_10
,0.069966234,Calibration,1992,1992-01-29,,exper2_10
,0.03484173,Calibration,1992,1992-01-30,,exper2_10
,0.17139146,Calibration,1992,1992-01-31,,exper2_10
,0.5790601,Calibration,1992,1992-02-01,,exper2_10
,0.39810437,Calibration,1992,1992-02-02,,exper2_10
,0.024266362,Calibration,1992,1992-02-03,,exper2_10
,0.72301304,Calibration,1992,1992-02-04,,exper2_10
,0.5612251,Calibration,1992,1992-02-05,,exper2_10
,0.048268646,Calibration,1992,1992-02-06,,exper2_10
,0.6411363,Calibration,1992,1992-02-07,,exper2_10
,0.57290447,Calibration,1992,1992-02-08,,exper2_10
,0.5319166,Calibration,1992,1992-02-09,,exper2_10
,0.01,Calibration,1992,1992-02-10,,exper2_10
,0.33189,Calibration,1992,1992-02-11,,exper2_10
,0.37477046,Calibration,1992,1992-02-12,,exper2_10
,0.01,Calibration,1992,1992-02-13,,exper2_10
,0.3959028,Calibration,1992,1992-02-14,,exper2_10
,0.369241,Calibration,1992,1992-02-15,,exper2_10
,0.44732845,Calibration,1992,1992-02-16,,exper2_10
,0.08536395,Calibration,1992,1992-02-17,,exper2_10
,0.09569988,Calibration,1992,1992-02-18,,exper2_10
,0.01,Calibration,1992,1992-02-19,,exper2_10
,0.12098895,Calibration,1992,1992-02-20,,exper2_10
,0.4838345,Calibration,1992,1992-02-21,,exper2_10
,0.01,Calibration,1992,1992-02-22,,exper2_10
,0.01,Calibration,1992,1992-02-23,,exper2_10
,0.01,Calibration,1992,1992-02-24,,exper2_10
,0.01,Calibration,1992,1992-02-25,,exper2_10
,0.17151058,Calibration,1992,1992-02-26,,exper2_10
,0.17606209,Calibration,1992,1992-02-27,,exper2_10
,0.01,Calibration,1992,1992-02-28,,exper2_10
,0.01,Calibration,1992,1992-02-29,,exper2_10
,0.01,Calibration,1992,1992-03-01,,exper2_10
,0.29946774,Calibration,1992,1992-03-02,,exper2_10
,0.36283654,Calibration,1992,1992-03-03,,exper2_10
,0.01,Calibration,1992,1992-03-04,,exper2_10
,0.01,Calibration,1992,1992-03-05,,exper2_10
,0.01,Calibration,1992,1992-03-06,,exper2_10
,0.01,Calibration,1992,1992-03-07,,exper2_10
,0.01,Calibration,1992,1992-03-08,,exper2_10
,0.15544209,Calibration,1992,1992-03-09,,exper2_10
,0.3882377,Calibration,1992,1992-03-10,,exper2_10
,0.01,Calibration,1992,1992-03-11,,exper2_10
,0.01,Calibration,1992,1992-03-12,,exper2_10
,0.01,Calibration,1992,1992-03-13,,exper2_10
,0.01,Calibration,1992,1992-03-14,,exper2_10
,0.01,Calibration,1992,1992-03-15,,exper2_10
,0.01,Calibration,1992,1992-03-16,,exper2_10
,0.01,Calibration,1992,1992-03-17,,exper2_10
,0.01,Calibration,1992,1992-03-18,,exper2_10
,0.01,Calibration,1992,1992-03-19,,exper2_10
,0.01,Calibration,1992,1992-03-20,,exper2_10
,0.01,Calibration,1992,1992-03-21,,exper2_10
,0.01,Calibration,1992,1992-03-22,,exper2_10
,0.01,Calibration,1992,1992-03-23,,exper2_10
,0.01,Calibration,1992,1992-03-24,,exper2_10
,0.01,Calibration,1992,1992-03-25,,exper2_10
,0.01,Calibration,1992,1992-03-26,,exper2_10
,0.01,Calibration,1992,1992-03-27,,exper2_10
,0.01,Calibration,1992,1992-03-28,,exper2_10
,0.01,Calibration,1992,1992-03-29,,exper2_10
,0.01,Calibration,1992,1992-03-30,,exper2_10
,0.01,Calibration,1992,1992-03-31,,exper2_10
,0.01,Calibration,1992,1992-04-01,,exper2_10
,0.01,Calibration,1992,1992-04-02,,exper2_10
,0.01,Calibration,1992,1992-04-03,,exper2_10
,0.01,Calibration,1992,1992-04-04,,exper2_10
,0.01,Calibration,1992,1992-04-05,,exper2_10
,0.01,Calibration,1992,1992-04-06,,exper2_10
,0.01,Calibration,1992,1992-04-07,,exper2_10
,0.01,Calibration,1992,1992-04-08,,exper2_10
,0.1229387,Calibration,1992,1992-04-09,,exper2_10
,0.01,Calibration,1992,1992-04-10,,exper2_10
,0.01,Calibration,1992,1992-04-11,,exper2_10
,0.26187915,Calibration,1992,1992-04-12,,exper2_10
,0.01,Calibration,1992,1992-04-13,,exper2_10
,0.01,Calibration,1992,1992-04-14,,exper2_10
,0.01,Calibration,1992,1992-04-15,,exper2_10
,0.01,Calibration,1992,1992-04-16,,exper2_10
,0.50528,Calibration,1992,1992-04-17,,exper2_10
,0.24798317,Calibration,1992,1992-04-18,,exper2_10
,0.19732432,Calibration,1992,1992-04-19,,exper2_10
,1.0461086,Calibration,1992,1992-04-20,,exper2_10
,2.2763898,Calibration,1992,1992-04-21,,exper2_10
,2.4113142,Calibration,1992,1992-04-22,,exper2_10
,2.6782427,Calibration,1992,1992-04-23,,exper2_10
,2.7850893,Calibration,1992,1992-04-24,,exper2_10
,2.8078191,Calibration,1992,1992-04-25,,exper2_10
,3.3839655,Calibration,1992,1992-04-26,,exper2_10
,4.8005614,Calibration,1992,1992-04-27,,exper2_10
,5.0227165,Calibration,1992,1992-04-28,,exper2_10
,6.0750456,Calibration,1992,1992-04-29,,exper2_10
,7.281871,Calibration,1992,1992-04-30,,exper2_10
,8.046566,Calibration,1992,1992-05-01,,exper2_10
,9.001251,Calibration,1992,1992-05-02,,exper2_10
,8.977716,Calibration,1992,1992-05-03,,exper2_10
,8.64714,Calibration,1992,1992-05-04,,exper2_10
,8.8395,Calibration,1992,1992-05-05,,exper2_10
,9.022794,Calibration,1992,1992-05-06,,exper2_10
,9.558167,Calibration,1992,1992-05-07,,exper2_10
,10.630591,Calibration,1992,1992-05-08,,exper2_10
,12.071569,Calibration,1992,1992-05-09,,exper2_10
,13.226177,Calibration,1992,1992-05-10,,exper2_10
,14.123656,Calibration,1992,1992-05-11,,exper2_10
,14.192254,Calibration,1992,1992-05-12,,exper2_10
,13.990283,Calibration,1992,1992-05-13,,exper2_10
,13.72648,Calibration,1992,1992-05-14,,exper2_10
,13.533502,Calibration,1992,1992-05-15,,exper2_10
,13.341249,Calibration,1992,1992-05-16,,exper2_10
,13.280473,Calibration,1992,1992-05-17,,exper2_10
,13.926394,Calibration,1992,1992-05-18,,exper2_10
,14.593105,Calibration,1992,1992-05-19,,exper2_10
,16.199001,Calibration,1992,1992-05-20,,exper2_10
,17.210838,Calibration,1992,1992-05-21,,exper2_10
16.82000000000005,17.954973,Calibration,1992,1992-05-22,0.03263764471126777,exper2_10
16.07000000000005,16.83979,Calibration,1992,1992-05-23,0.02339092215982476,exper2_10
14.950000000000045,14.956635,Calibration,1992,1992-05-24,0.000221873007552372,exper2_10
14.865000000000009,14.531942,Calibration,1992,1992-05-25,-0.011329669197634097,exper2_10
15.120000000000005,14.565603,Calibration,1992,1992-05-26,-0.01867560982302598,exper2_10
15.430000000000007,15.047042,Calibration,1992,1992-05-27,-0.012565461843018511,exper2_10
15.660000000000025,15.081371,Calibration,1992,1992-05-28,-0.018822474991159507,exper2_10
16.11500000000001,15.256234,Calibration,1992,1992-05-29,-0.027374308143799167,exper2_10
17.135000000000048,15.763108,Calibration,1992,1992-05-30,-0.04170123509688321,exper2_10
18.055000000000007,16.55147,Calibration,1992,1992-05-31,-0.04344650597731464,exper2_10
18.54000000000002,17.055906,Calibration,1992,1992-06-01,-0.041692819727411956,exper2_10
19.029999999999973,17.718447,Calibration,1992,1992-06-02,-0.03569003277915281,exper2_10
19.49000000000001,18.281008,Calibration,1992,1992-06-03,-0.032008471702507806,exper2_10
19.129999999999995,18.825773,Calibration,1992,1992-06-04,-0.008015296090729322,exper2_10
19.605000000000018,19.256355,Calibration,1992,1992-06-05,-0.008971501683171531,exper2_10
19.399999999999977,18.741768,Calibration,1992,1992-06-06,-0.017257514615293526,exper2_10
18.61500000000001,17.876833,Calibration,1992,1992-06-07,-0.020228280632869824,exper2_10
18.825000000000045,18.079082,Calibration,1992,1992-06-08,-0.020212330470712338,exper2_10
19.55000000000001,18.584915,Calibration,1992,1992-06-09,-0.025307119074197262,exper2_10
20.670000000000016,19.21582,Calibration,1992,1992-06-10,-0.036458562870381364,exper2_10
21.649999999999977,20.343643,Calibration,1992,1992-06-11,-0.03110844195299282,exper2_10
22.125,20.821968,Calibration,1992,1992-06-12,-0.030340486876781467,exper2_10
22.55000000000001,21.238968,Calibration,1992,1992-06-13,-0.02993978089688416,exper2_10
22.254999999999995,21.159067,Calibration,1992,1992-06-14,-0.02524372669769796,exper2_10
21.149999999999977,20.459658,Calibration,1992,1992-06-15,-0.01659091589801267,exper2_10
20.245000000000005,20.157942,Calibration,1992,1992-06-16,-0.002154748586237922,exper2_10
19.625,19.981297,Calibration,1992,1992-06-17,0.0089959569674241,exper2_10
19.170000000000016,19.629812,Calibration,1992,1992-06-18,0.011850888291655618,exper2_10
18.160000000000025,18.666853,Calibration,1992,1992-06-19,0.013763135061350138,exper2_10
17.29000000000002,18.379265,Calibration,1992,1992-06-20,0.03053791090697477,exper2_10
17.210000000000036,18.260607,Calibration,1992,1992-06-21,0.029619080741566935,exper2_10
17.20500000000004,18.16814,Calibration,1992,1992-06-22,0.027228015386135725,exper2_10
16.774999999999977,17.873747,Calibration,1992,1992-06-23,0.03171101327297396,exper2_10
16.450000000000045,17.114147,Calibration,1992,1992-06-24,0.019787399411439463,exper2_10
16.450000000000045,16.978016,Calibration,1992,1992-06-25,0.0157956099232188,exper2_10
16.274999999999977,16.740206,Calibration,1992,1992-06-26,0.014090651685925198,exper2_10
16.774999999999977,16.773634,Calibration,1992,1992-06-27,-4.071829251087125e-05,exper2_10
17.035000000000025,17.58548,Calibration,1992,1992-06-28,0.015900407519496836,exper2_10
17.92500000000001,18.206034,Calibration,1992,1992-06-29,0.007778180634039976,exper2_10
18.36500000000001,18.389639,Calibration,1992,1992-06-30,0.0006703616602888046,exper2_10
17.855000000000018,17.988174,Calibration,1992,1992-07-01,0.003715475556026241,exper2_10
17.210000000000036,17.820116,Calibration,1992,1992-07-02,0.017416900427628466,exper2_10
16.910000000000025,17.610394,Calibration,1992,1992-07-03,0.020289268246015398,exper2_10
16.57000000000005,17.392601,Calibration,1992,1992-07-04,0.024220789593359632,exper2_10
16.52000000000004,17.240875,Calibration,1992,1992-07-05,0.021352386125288537,exper2_10
17.64500000000004,17.498787,Calibration,1992,1992-07-06,-0.004160424544948935,exper2_10
17.64500000000004,17.849,Calibration,1992,1992-07-07,0.0057474763463239605,exper2_10
18.45500000000004,19.302979,Calibration,1992,1992-07-08,0.022458260451471146,exper2_10
19.045000000000016,19.568731,Calibration,1992,1992-07-09,0.013563343666689386,exper2_10
19.379999999999995,19.84162,Calibration,1992,1992-07-10,0.011769516342288873,exper2_10
19.33000000000004,19.537418,Calibration,1992,1992-07-11,0.005336561423454368,exper2_10
19.200000000000045,19.566803,Calibration,1992,1992-07-12,0.009461780449599095,exper2_10
19.295000000000016,19.928831,Calibration,1992,1992-07-13,0.01615933687967454,exper2_10
20.170000000000016,20.297049,Calibration,1992,1992-07-14,0.0031395560886977496,exper2_10
20.105000000000018,20.40469,Calibration,1992,1992-07-15,0.007397977875926924,exper2_10
20.439999999999998,20.69022,Calibration,1992,1992-07-16,0.0060836017868514634,exper2_10
20.850000000000023,21.142914,Calibration,1992,1992-07-17,0.006975315397887195,exper2_10
20.980000000000018,20.915724,Calibration,1992,1992-07-18,-0.001534194746143213,exper2_10
20.545000000000016,21.116343,Calibration,1992,1992-07-19,0.013713973426195104,exper2_10
19.91500000000002,20.381533,Calibration,1992,1992-07-20,0.011577489132842542,exper2_10
19.61500000000001,20.039238,Calibration,1992,1992-07-21,0.010698427147438258,exper2_10
19.39500000000004,20.07701,Calibration,1992,1992-07-22,0.017278299606588724,exper2_10
19.814999999999998,19.89437,Calibration,1992,1992-07-23,0.0019987506000318823,exper2_10
20.085000000000036,20.406748,Calibration,1992,1992-07-24,0.007946009627427185,exper2_10
20.339999999999975,20.550892,Calibration,1992,1992-07-25,0.005157429113043345,exper2_10
20.70500000000004,20.799515,Calibration,1992,1992-07-26,0.0022772166119848624,exper2_10
20.79000000000002,20.781023,Calibration,1992,1992-07-27,-0.00021594307366012755,exper2_10
20.810000000000002,20.917051,Calibration,1992,1992-07-28,0.002565513544168001,exper2_10
20.660000000000025,20.602879,Calibration,1992,1992-07-29,-0.0013843297274016087,exper2_10
20.995000000000005,20.67579,Calibration,1992,1992-07-30,-0.007660262913906383,exper2_10
21.11500000000001,20.847837,Calibration,1992,1992-07-31,-0.006366646493106972,exper2_10
21.19500000000005,20.969107,Calibration,1992,1992-08-01,-0.005357479231119751,exper2_10
21.214999999999975,20.928305,Calibration,1992,1992-08-02,-0.006802867738741988,exper2_10
21.085000000000036,20.654093,Calibration,1992,1992-08-03,-0.010323827915599654,exper2_10
21.140000000000043,20.420193,Calibration,1992,1992-08-04,-0.01731963290857572,exper2_10
21.39500000000004,20.514874,Calibration,1992,1992-08-05,-0.021000456974988285,exper2_10
21.29000000000002,20.651236,Calibration,1992,1992-08-06,-0.01522998573398054,exper2_10
20.939999999999998,20.416723,Calibration,1992,1992-08-07,-0.01265276132920503,exper2_10
21.200000000000045,21.164381,Calibration,1992,1992-08-08,-0.000840776423842435,exper2_10
21.870000000000005,22.22082,Calibration,1992,1992-08-09,0.00795674649411558,exper2_10
22.450000000000045,22.59154,Calibration,1992,1992-08-10,0.0031424188620904777,exper2_10
21.879999999999995,22.07332,Calibration,1992,1992-08-11,0.004398311369514591,exper2_10
21.29000000000002,21.172743,Calibration,1992,1992-08-12,-0.002761412676611554,exper2_10
20.910000000000025,20.648008,Calibration,1992,1992-08-13,-0.00630423987736913,exper2_10
20.910000000000025,20.326468,Calibration,1992,1992-08-14,-0.014150884426831357,exper2_10
20.899999999999977,20.39988,Calibration,1992,1992-08-15,-0.012109491626280399,exper2_10
20.92500000000001,20.362211,Calibration,1992,1992-08-16,-0.013631067729013777,exper2_10
20.74000000000001,20.288961,Calibration,1992,1992-08-17,-0.010993175892623809,exper2_10
20.689999999999998,20.31825,Calibration,1992,1992-08-18,-0.009065232920793146,exper2_10
20.835000000000036,20.149076,Calibration,1992,1992-08-19,-0.016736342438934935,exper2_10
20.765000000000043,20.123842,Calibration,1992,1992-08-20,-0.01568050660046968,exper2_10
20.605000000000018,20.291433,Calibration,1992,1992-08-21,-0.00766733526823364,exper2_10
20.689999999999998,20.793758,Calibration,1992,1992-08-22,0.002501181097254697,exper2_10
20.700000000000045,21.12178,Calibration,1992,1992-08-23,0.010085185076268802,exper2_10
21.100000000000023,21.298828,Calibration,1992,1992-08-24,0.004689472181018615,exper2_10
20.805000000000007,20.508179,Calibration,1992,1992-08-25,-0.007184663546209397,exper2_10
20.214999999999975,19.917759,Calibration,1992,1992-08-26,-0.007406444664862131,exper2_10
19.939999999999998,19.8043,Calibration,1992,1992-08-27,-0.0034143182977199684,exper2_10
19.935000000000002,19.295494,Calibration,1992,1992-08-28,-0.016301245635926605,exper2_10
19.685000000000002,19.307325,Calibration,1992,1992-08-29,-0.00968587108676668,exper2_10
19.25,19.023638,Calibration,1992,1992-08-30,-0.005914311823306303,exper2_10
19.0,18.627542,Calibration,1992,1992-08-31,-0.009898533881524472,exper2_10
18.94500000000005,18.50882,Calibration,1992,1992-09-01,-0.011645819433431858,exper2_10
18.720000000000027,18.32067,Calibration,1992,1992-09-02,-0.010780875041099385,exper2_10
18.649999999999977,18.252804,Calibration,1992,1992-09-03,-0.01076330675673321,exper2_10
18.420000000000016,18.315216,Calibration,1992,1992-09-04,-0.002852411031502961,exper2_10
18.355000000000018,18.398336,Calibration,1992,1992-09-05,0.0011791150070945813,exper2_10
18.585000000000036,18.609636,Calibration,1992,1992-09-06,0.0006623618136623521,exper2_10
18.285000000000025,18.304506,Calibration,1992,1992-09-07,0.0005331119179067907,exper2_10
17.985000000000014,17.879835,Calibration,1992,1992-09-08,-0.0029322558109693172,exper2_10
17.61500000000001,17.783447,Calibration,1992,1992-09-09,0.004758606058649582,exper2_10
17.085000000000036,17.055752,Calibration,1992,1992-09-10,-0.000856694651418509,exper2_10
16.875,16.974445,Calibration,1992,1992-09-11,0.002937872157426402,exper2_10
16.890000000000043,17.170916,Calibration,1992,1992-09-12,0.008247447217996983,exper2_10
16.765000000000043,17.284536,Calibration,1992,1992-09-13,0.015258250690272819,exper2_10
17.160000000000025,17.515127,Calibration,1992,1992-09-14,0.010241553841829558,exper2_10
17.310000000000002,17.896967,Calibration,1992,1992-09-15,0.016671897221394893,exper2_10
17.689999999999998,18.052523,Calibration,1992,1992-09-16,0.010142615359227197,exper2_10
17.86500000000001,17.982212,Calibration,1992,1992-09-17,0.0032697679929041676,exper2_10
17.560000000000002,17.79992,Calibration,1992,1992-09-18,0.006785058742545281,exper2_10
16.74000000000001,16.724932,Calibration,1992,1992-09-19,-0.0004502708449706972,exper2_10
16.410000000000025,16.672905,Calibration,1992,1992-09-20,0.007946852566723296,exper2_10
16.27000000000004,16.669592,Calibration,1992,1992-09-21,0.012131052043840376,exper2_10
15.779999999999973,15.844119,Calibration,1992,1992-09-22,0.0020275370142192445,exper2_10
15.41500000000002,15.7163515,Calibration,1992,1992-09-23,0.009680000850788163,exper2_10
15.064999999999998,15.477416,Calibration,1992,1992-09-24,0.013503058762382784,exper2_10
14.879999999999995,15.423968,Calibration,1992,1992-09-25,0.017950398755301803,exper2_10
14.899999999999977,15.674981,Calibration,1992,1992-09-26,0.025346904198457917,exper2_10
14.825000000000045,15.294244,Calibration,1992,1992-09-27,0.015579534980399936,exper2_10
14.29000000000002,14.651634,Calibration,1992,1992-09-28,0.012495293583138176,exper2_10
13.985000000000014,14.39341,Calibration,1992,1992-09-29,0.014391565027919122,exper2_10
13.995000000000005,14.165506,Calibration,1992,1992-09-30,0.006054804580487824,exper2_10
14.370000000000005,14.127597,Calibration,1992,1992-10-01,-0.00850609074401684,exper2_10
14.670000000000016,14.336179,Calibration,1992,1992-10-02,-0.011508624522190331,exper2_10
14.640000000000043,14.292546,Calibration,1992,1992-10-03,-0.012009096069609636,exper2_10
14.464999999999975,14.05909,Calibration,1992,1992-10-04,-0.014230439750562478,exper2_10
14.314999999999998,13.877166,Calibration,1992,1992-10-05,-0.01553035012708514,exper2_10
14.089999999999975,13.92742,Calibration,1992,1992-10-06,-0.005802830506270248,exper2_10
13.890000000000043,13.975017,Calibration,1992,1992-10-07,0.003051015370705802,exper2_10
13.620000000000005,13.908917,Calibration,1992,1992-10-08,0.010495052260171923,exper2_10
13.390000000000043,13.674456,Calibration,1992,1992-10-09,0.010510303493832687,exper2_10
13.160000000000025,13.384722,Calibration,1992,1992-10-10,0.008465779300579125,exper2_10
12.990000000000009,13.521678,Calibration,1992,1992-10-11,0.020054482084086972,exper2_10
12.640000000000043,13.087256,Calibration,1992,1992-10-12,0.01738453662049053,exper2_10
12.170000000000016,12.733483,Calibration,1992,1992-10-13,0.022626686692689954,exper2_10
11.904999999999973,12.394148,Calibration,1992,1992-10-14,0.020130248002229862,exper2_10
11.535000000000025,12.07507,Calibration,1992,1992-10-15,0.022874577349645604,exper2_10
10.964999999999975,11.731099,Calibration,1992,1992-10-16,0.033754660850667084,exper2_10
10.515000000000043,10.8797245,Calibration,1992,1992-10-17,0.017047403555943523,exper2_10
10.004999999999995,10.217317,Calibration,1992,1992-10-18,0.010499124873442761,exper2_10
9.564999999999998,9.60304,Calibration,1992,1992-10-19,0.001984539996216993,exper2_10
9.185000000000002,9.43276,Calibration,1992,1992-10-20,0.01330773602579479,exper2_10
9.010000000000048,9.28562,Calibration,1992,1992-10-21,0.015064793633617346,exper2_10
9.075000000000045,9.219449,Calibration,1992,1992-10-22,0.007895785379062157,exper2_10
9.770000000000039,9.537091,Calibration,1992,1992-10-23,-0.012063378254840187,exper2_10
9.850000000000023,9.4661665,Calibration,1992,1992-10-24,-0.01987110143190937,exper2_10
9.464999999999975,9.278668,Calibration,1992,1992-10-25,-0.009941042082159639,exper2_10
9.285000000000025,9.304259,Calibration,1992,1992-10-26,0.0010360445201637626,exper2_10
9.149999999999977,9.008034,Calibration,1992,1992-10-27,-0.00781837116805025,exper2_10
8.895000000000039,9.111349,Calibration,1992,1992-10-28,0.01201515668519466,exper2_10
8.610000000000014,8.693868,Calibration,1992,1992-10-29,0.00484675940345033,exper2_10
8.455000000000041,8.482591,Calibration,1992,1992-10-30,0.0016289610419095958,exper2_10
8.210000000000036,8.421214,Calibration,1992,1992-10-31,0.012699860778758194,exper2_10
7.925000000000011,7.8745446,Calibration,1992,1992-11-01,-0.0031934704890535094,exper2_10
7.5049999999999955,7.535893,Calibration,1992,1992-11-02,0.0020539314709959655,exper2_10
7.310000000000002,7.72006,Calibration,1992,1992-11-03,0.027282650579882342,exper2_10
7.100999999999999,7.307557,Calibration,1992,1992-11-04,0.014335724562717941,exper2_10
6.8315000000000055,7.1048226,Calibration,1992,1992-11-05,0.019612249428801257,exper2_10
6.485500000000002,6.671235,Calibration,1992,1992-11-06,0.01411711061599387,exper2_10
6.210000000000036,6.300347,Calibration,1992,1992-11-07,0.007221770301204641,exper2_10
5.991000000000042,6.195468,Calibration,1992,1992-11-08,0.016778278150049175,exper2_10
5.910500000000013,6.1244364,Calibration,1992,1992-11-09,0.01777627830767379,exper2_10
5.964999999999975,6.2780814,Calibration,1992,1992-11-10,0.025572109374924077,exper2_10
5.857500000000016,6.00465,Calibration,1992,1992-11-11,0.012405012120754774,exper2_10
,5.9593625,Calibration,1992,1992-11-12,,exper2_10
,5.33115,Calibration,1992,1992-11-13,,exper2_10
,4.908928,Calibration,1992,1992-11-14,,exper2_10
,4.5669627,Calibration,1992,1992-11-15,,exper2_10
,4.571375,Calibration,1992,1992-11-16,,exper2_10
,4.6401706,Calibration,1992,1992-11-17,,exper2_10
,4.301493,Calibration,1992,1992-11-18,,exper2_10
,4.447411,Calibration,1992,1992-11-19,,exper2_10
,4.1161156,Calibration,1992,1992-11-20,,exper2_10
,4.3723965,Calibration,1992,1992-11-21,,exper2_10
,4.40277,Calibration,1992,1992-11-22,,exper2_10
,4.2584677,Calibration,1992,1992-11-23,,exper2_10
,4.2582912,Calibration,1992,1992-11-24,,exper2_10
,3.9722376,Calibration,1992,1992-11-25,,exper2_10
,3.7589993,Calibration,1992,1992-11-26,,exper2_10
,3.3260713,Calibration,1992,1992-11-27,,exper2_10
,3.1099668,Calibration,1992,1992-11-28,,exper2_10
,2.8934677,Calibration,1992,1992-11-29,,exper2_10
,3.0304124,Calibration,1992,1992-11-30,,exper2_10
,2.8946898,Calibration,1992,1992-12-01,,exper2_10
,2.782262,Calibration,1992,1992-12-02,,exper2_10
,2.6427157,Calibration,1992,1992-12-03,,exper2_10
,2.1791425,Calibration,1992,1992-12-04,,exper2_10
,1.7631333,Calibration,1992,1992-12-05,,exper2_10
,1.9592866,Calibration,1992,1992-12-06,,exper2_10
,1.9538064,Calibration,1992,1992-12-07,,exper2_10
,1.5259341,Calibration,1992,1992-12-08,,exper2_10
,1.5464021,Calibration,1992,1992-12-09,,exper2_10
,1.7770172,Calibration,1992,1992-12-10,,exper2_10
,1.8503946,Calibration,1992,1992-12-11,,exper2_10
,1.8205762,Calibration,1992,1992-12-12,,exper2_10
,1.6243086,Calibration,1992,1992-12-13,,exper2_10
,1.5666037,Calibration,1992,1992-12-14,,exper2_10
,1.5649036,Calibration,1992,1992-12-15,,exper2_10
,4.028707,Calibration,1992,1992-12-16,,exper2_10
,3.1935866,Calibration,1992,1992-12-17,,exper2_10
,2.653219,Calibration,1992,1992-12-18,,exper2_10
,2.4073267,Calibration,1992,1992-12-19,,exper2_10
,1.5798061,Calibration,1992,1992-12-20,,exper2_10
,1.4871528,Calibration,1992,1992-12-21,,exper2_10
,1.4054853,Calibration,1992,1992-12-22,,exper2_10
,0.8688085,Calibration,1992,1992-12-23,,exper2_10
,0.01,Calibration,1992,1992-12-24,,exper2_10
,0.01,Calibration,1992,1992-12-25,,exper2_10
,0.01,Calibration,1992,1992-12-26,,exper2_10
,0.01,Calibration,1992,1992-12-27,,exper2_10
,0.01,Calibration,1992,1992-12-28,,exper2_10
,0.01,Calibration,1992,1992-12-29,,exper2_10
,0.01,Calibration,1992,1992-12-30,,exper2_10
,0.01,Calibration,1992,1992-12-31,,exper2_10
,0.01,Calibration,1993,1993-01-01,,exper2_10
,0.01,Calibration,1993,1993-01-02,,exper2_10
,0.01,Calibration,1993,1993-01-03,,exper2_10
,0.01,Calibration,1993,1993-01-04,,exper2_10
,0.01,Calibration,1993,1993-01-05,,exper2_10
,0.01,Calibration,1993,1993-01-06,,exper2_10
,0.01,Calibration,1993,1993-01-07,,exper2_10
,0.01,Calibration,1993,1993-01-08,,exper2_10
,0.01,Calibration,1993,1993-01-09,,exper2_10
,0.01,Calibration,1993,1993-01-10,,exper2_10
,0.01,Calibration,1993,1993-01-11,,exper2_10
,0.01,Calibration,1993,1993-01-12,,exper2_10
,0.01,Calibration,1993,1993-01-13,,exper2_10
,0.01,Calibration,1993,1993-01-14,,exper2_10
,0.01,Calibration,1993,1993-01-15,,exper2_10
,0.01,Calibration,1993,1993-01-16,,exper2_10
,0.01,Calibration,1993,1993-01-17,,exper2_10
,0.01,Calibration,1993,1993-01-18,,exper2_10
,0.01,Calibration,1993,1993-01-19,,exper2_10
,0.01,Calibration,1993,1993-01-20,,exper2_10
,0.01,Calibration,1993,1993-01-21,,exper2_10
,0.01,Calibration,1993,1993-01-22,,exper2_10
,0.01,Calibration,1993,1993-01-23,,exper2_10
,0.01,Calibration,1993,1993-01-24,,exper2_10
,0.01,Calibration,1993,1993-01-25,,exper2_10
,0.01,Calibration,1993,1993-01-26,,exper2_10
,0.01,Calibration,1993,1993-01-27,,exper2_10
,0.01,Calibration,1993,1993-01-28,,exper2_10
,0.01,Calibration,1993,1993-01-29,,exper2_10
,0.01,Calibration,1993,1993-01-30,,exper2_10
,0.01,Calibration,1993,1993-01-31,,exper2_10
,0.0022620857,Calibration,1993,1993-02-01,,exper2_10
,0.09119861,Calibration,1993,1993-02-02,,exper2_10
,0.0161798,Calibration,1993,1993-02-03,,exper2_10
,0.10681453,Calibration,1993,1993-02-04,,exper2_10
,0.01,Calibration,1993,1993-02-05,,exper2_10
,0.21420288,Calibration,1993,1993-02-06,,exper2_10
,0.01,Calibration,1993,1993-02-07,,exper2_10
,0.39128363,Calibration,1993,1993-02-08,,exper2_10
,0.01,Calibration,1993,1993-02-09,,exper2_10
,0.01,Calibration,1993,1993-02-10,,exper2_10
,0.37929815,Calibration,1993,1993-02-11,,exper2_10
,0.01,Calibration,1993,1993-02-12,,exper2_10
,0.3993737,Calibration,1993,1993-02-13,,exper2_10
,0.4225916,Calibration,1993,1993-02-14,,exper2_10
,0.01,Calibration,1993,1993-02-15,,exper2_10
,0.11167127,Calibration,1993,1993-02-16,,exper2_10
,0.01,Calibration,1993,1993-02-17,,exper2_10
,0.01,Calibration,1993,1993-02-18,,exper2_10
,0.01,Calibration,1993,1993-02-19,,exper2_10
,0.01,Calibration,1993,1993-02-20,,exper2_10
,0.01,Calibration,1993,1993-02-21,,exper2_10
,0.01,Calibration,1993,1993-02-22,,exper2_10
,0.01,Calibration,1993,1993-02-23,,exper2_10
,0.01,Calibration,1993,1993-02-24,,exper2_10
,0.01,Calibration,1993,1993-02-25,,exper2_10
,0.01,Calibration,1993,1993-02-26,,exper2_10
,0.01,Calibration,1993,1993-02-27,,exper2_10
,0.01,Calibration,1993,1993-02-28,,exper2_10
,0.01,Calibration,1993,1993-03-01,,exper2_10
,0.01,Calibration,1993,1993-03-02,,exper2_10
,0.01,Calibration,1993,1993-03-03,,exper2_10
,0.01,Calibration,1993,1993-03-04,,exper2_10
,0.01,Calibration,1993,1993-03-05,,exper2_10
,0.01,Calibration,1993,1993-03-06,,exper2_10
,0.01,Calibration,1993,1993-03-07,,exper2_10
,0.13906151,Calibration,1993,1993-03-08,,exper2_10
,0.121422656,Calibration,1993,1993-03-09,,exper2_10
,0.01,Calibration,1993,1993-03-10,,exper2_10
,0.01,Calibration,1993,1993-03-11,,exper2_10
,0.01,Calibration,1993,1993-03-12,,exper2_10
,0.01,Calibration,1993,1993-03-13,,exper2_10
,0.01,Calibration,1993,1993-03-14,,exper2_10
,0.01,Calibration,1993,1993-03-15,,exper2_10
,0.01,Calibration,1993,1993-03-16,,exper2_10
,0.01,Calibration,1993,1993-03-17,,exper2_10
,0.01,Calibration,1993,1993-03-18,,exper2_10
,0.01,Calibration,1993,1993-03-19,,exper2_10
,0.01,Calibration,1993,1993-03-20,,exper2_10
,0.07524581,Calibration,1993,1993-03-21,,exper2_10
,0.01,Calibration,1993,1993-03-22,,exper2_10
,0.01,Calibration,1993,1993-03-23,,exper2_10
,0.01,Calibration,1993,1993-03-24,,exper2_10
,0.01,Calibration,1993,1993-03-25,,exper2_10
,0.01,Calibration,1993,1993-03-26,,exper2_10
,0.01,Calibration,1993,1993-03-27,,exper2_10
,0.01,Calibration,1993,1993-03-28,,exper2_10
,0.012855068,Calibration,1993,1993-03-29,,exper2_10
,0.14745843,Calibration,1993,1993-03-30,,exper2_10
,0.12149875,Calibration,1993,1993-03-31,,exper2_10
,0.36351722,Calibration,1993,1993-04-01,,exper2_10
,0.01,Calibration,1993,1993-04-02,,exper2_10
,0.01,Calibration,1993,1993-04-03,,exper2_10
,0.01,Calibration,1993,1993-04-04,,exper2_10
,0.01,Calibration,1993,1993-04-05,,exper2_10
,0.01,Calibration,1993,1993-04-06,,exper2_10
,0.068469524,Calibration,1993,1993-04-07,,exper2_10
,0.01,Calibration,1993,1993-04-08,,exper2_10
,0.3322025,Calibration,1993,1993-04-09,,exper2_10
,0.7576246,Calibration,1993,1993-04-10,,exper2_10
,0.5673435,Calibration,1993,1993-04-11,,exper2_10
,0.78392196,Calibration,1993,1993-04-12,,exper2_10
,1.338822,Calibration,1993,1993-04-13,,exper2_10
,0.981754,Calibration,1993,1993-04-14,,exper2_10
,0.88159823,Calibration,1993,1993-04-15,,exper2_10
,0.76492363,Calibration,1993,1993-04-16,,exper2_10
,1.0305573,Calibration,1993,1993-04-17,,exper2_10
,1.4139882,Calibration,1993,1993-04-18,,exper2_10
,1.820423,Calibration,1993,1993-04-19,,exper2_10
,2.029923,Calibration,1993,1993-04-20,,exper2_10
,1.9855795,Calibration,1993,1993-04-21,,exper2_10
,1.7211152,Calibration,1993,1993-04-22,,exper2_10
,1.8223156,Calibration,1993,1993-04-23,,exper2_10
,2.212104,Calibration,1993,1993-04-24,,exper2_10
,2.9458692,Calibration,1993,1993-04-25,,exper2_10
,4.0260344,Calibration,1993,1993-04-26,,exper2_10
,3.7149441,Calibration,1993,1993-04-27,,exper2_10
,4.953953,Calibration,1993,1993-04-28,,exper2_10
,5.9374924,Calibration,1993,1993-04-29,,exper2_10
,6.5233507,Calibration,1993,1993-04-30,,exper2_10
,6.717818,Calibration,1993,1993-05-01,,exper2_10
,7.223575,Calibration,1993,1993-05-02,,exper2_10
,6.9639096,Calibration,1993,1993-05-03,,exper2_10
,7.1494083,Calibration,1993,1993-05-04,,exper2_10
,8.131067,Calibration,1993,1993-05-05,,exper2_10
,9.987102,Calibration,1993,1993-05-06,,exper2_10
,10.304675,Calibration,1993,1993-05-07,,exper2_10
,10.856115,Calibration,1993,1993-05-08,,exper2_10
,12.141135,Calibration,1993,1993-05-09,,exper2_10
,13.237231,Calibration,1993,1993-05-10,,exper2_10
,13.743869,Calibration,1993,1993-05-11,,exper2_10
,13.756726,Calibration,1993,1993-05-12,,exper2_10
,13.815484,Calibration,1993,1993-05-13,,exper2_10
,14.401816,Calibration,1993,1993-05-14,,exper2_10
,14.142087,Calibration,1993,1993-05-15,,exper2_10
,13.498155,Calibration,1993,1993-05-16,,exper2_10
,13.499041,Calibration,1993,1993-05-17,,exper2_10
,13.195028,Calibration,1993,1993-05-18,,exper2_10
,13.235082,Calibration,1993,1993-05-19,,exper2_10
,13.158385,Calibration,1993,1993-05-20,,exper2_10
12.439999999999998,13.429442,Calibration,1993,1993-05-21,0.03824753507182856,exper2_10
12.839999999999975,13.78863,Calibration,1993,1993-05-22,0.03562442185488258,exper2_10
13.140000000000043,13.843072,Calibration,1993,1993-05-23,0.026056037621954343,exper2_10
12.91500000000002,13.153225,Calibration,1993,1993-05-24,0.009138518083618371,exper2_10
12.964999999999975,13.336696,Calibration,1993,1993-05-25,0.01413200410079431,exper2_10
13.675000000000011,14.113068,Calibration,1993,1993-05-26,0.015764594819404006,exper2_10
13.170000000000016,13.669146,Calibration,1993,1993-05-27,0.018597670426662622,exper2_10
12.620000000000005,12.604125,Calibration,1993,1993-05-28,-0.0006293568992944697,exper2_10
13.089999999999975,13.058915,Calibration,1993,1993-05-29,-0.0011887629598018128,exper2_10
13.095000000000027,13.106737,Calibration,1993,1993-05-30,0.0004479526215950802,exper2_10
12.605000000000018,12.388882,Calibration,1993,1993-05-31,-0.00864684883238373,exper2_10
12.589999999999975,12.784525,Calibration,1993,1993-06-01,0.00766615013420884,exper2_10
12.980000000000018,13.115794,Calibration,1993,1993-06-02,0.005203680749378982,exper2_10
13.265000000000043,13.501858,Calibration,1993,1993-06-03,0.008848919051820493,exper2_10
13.865000000000009,14.018814,Calibration,1993,1993-06-04,0.005516249908804214,exper2_10
14.260000000000048,14.609393,Calibration,1993,1993-06-05,0.012102544669433581,exper2_10
14.335000000000036,14.461072,Calibration,1993,1993-06-06,0.0043780960201214815,exper2_10
14.295000000000016,14.104931,Calibration,1993,1993-06-07,-0.006692591018374994,exper2_10
14.480000000000018,15.008214,Calibration,1993,1993-06-08,0.017912715803776624,exper2_10
14.700000000000045,15.359964,Calibration,1993,1993-06-09,0.021954928575037412,exper2_10
16.245000000000005,16.332918,Calibration,1993,1993-06-10,0.002698704277641723,exper2_10
17.39500000000004,17.537712,Calibration,1993,1993-06-11,0.004085342608697701,exper2_10
17.950000000000045,18.261625,Calibration,1993,1993-06-12,0.008605669793112471,exper2_10
18.230000000000018,18.587133,Calibration,1993,1993-06-13,0.009700195928863481,exper2_10
18.52000000000004,18.907494,Calibration,1993,1993-06-14,0.010353180352919449,exper2_10
18.25,18.128925,Calibration,1993,1993-06-15,-0.0033281542936482995,exper2_10
17.74000000000001,17.480238,Calibration,1993,1993-06-16,-0.007375362979477304,exper2_10
17.310000000000002,17.294407,Calibration,1993,1993-06-17,-0.0004506105011433127,exper2_10
17.295000000000016,16.857664,Calibration,1993,1993-06-18,-0.01280532289771406,exper2_10
17.17500000000001,16.648705,Calibration,1993,1993-06-19,-0.015559959458111896,exper2_10
16.970000000000027,16.585217,Calibration,1993,1993-06-20,-0.011467173145149168,exper2_10
18.095000000000027,17.798983,Calibration,1993,1993-06-21,-0.008246991783905758,exper2_10
19.595000000000027,19.71388,Calibration,1993,1993-06-22,0.0030242667130303057,exper2_10
19.24000000000001,19.759537,Calibration,1993,1993-06-23,0.013321613192113595,exper2_10
19.689999999999998,20.042326,Calibration,1993,1993-06-24,0.00886748925158919,exper2_10
20.149999999999977,20.009146,Calibration,1993,1993-06-25,-0.003507401881234232,exper2_10
19.91500000000002,19.730064,Calibration,1993,1993-06-26,-0.0046647826342558745,exper2_10
19.495000000000005,19.017035,Calibration,1993,1993-06-27,-0.012410808080785585,exper2_10
19.475000000000023,18.453867,Calibration,1993,1993-06-28,-0.026922318625967737,exper2_10
19.795000000000016,18.243988,Calibration,1993,1993-06-29,-0.04077426984591526,exper2_10
19.475000000000023,18.22264,Calibration,1993,1993-06-30,-0.033221202880947286,exper2_10
19.325000000000045,18.229671,Calibration,1993,1993-07-01,-0.02916623894213264,exper2_10
19.725000000000023,18.737473,Calibration,1993,1993-07-02,-0.025675090568937502,exper2_10
20.254999999999995,20.032705,Calibration,1993,1993-07-03,-0.005517680674518289,exper2_10
20.17500000000001,20.277338,Calibration,1993,1993-07-04,0.0025298421041416866,exper2_10
20.399999999999977,20.517918,Calibration,1993,1993-07-05,0.002881809238537606,exper2_10
20.55000000000001,20.529957,Calibration,1993,1993-07-06,-0.0004879066076441914,exper2_10
21.149999999999977,20.874342,Calibration,1993,1993-07-07,-0.006559484869738242,exper2_10
21.450000000000045,21.581804,Calibration,1993,1993-07-08,0.003062950246491363,exper2_10
21.529999999999973,21.717398,Calibration,1993,1993-07-09,0.004333155284010944,exper2_10
22.295000000000016,22.429804,Calibration,1993,1993-07-10,0.003014073549074049,exper2_10
22.450000000000045,22.348513,Calibration,1993,1993-07-11,-0.002265417855674354,exper2_10
22.210000000000036,21.55715,Calibration,1993,1993-07-12,-0.014916441088792974,exper2_10
21.795000000000016,21.31622,Calibration,1993,1993-07-13,-0.011105709316709208,exper2_10
21.779999999999973,21.205168,Calibration,1993,1993-07-14,-0.013372804142229185,exper2_10
22.460000000000036,21.901463,Calibration,1993,1993-07-15,-0.01259060032966165,exper2_10
22.495000000000005,22.41699,Calibration,1993,1993-07-16,-0.0017369464003271608,exper2_10
22.214999999999975,22.140234,Calibration,1993,1993-07-17,-0.001685618578420916,exper2_10
22.935000000000002,22.607687,Calibration,1993,1993-07-18,-0.007186949763536864,exper2_10
23.314999999999998,23.006384,Calibration,1993,1993-07-19,-0.006662497494023783,exper2_10
22.950000000000045,22.590963,Calibration,1993,1993-07-20,-0.007883817333543298,exper2_10
23.085000000000036,22.55621,Calibration,1993,1993-07-21,-0.011585811174595152,exper2_10
23.089999999999975,22.584585,Calibration,1993,1993-07-22,-0.011065558845913592,exper2_10
22.70500000000004,22.17222,Calibration,1993,1993-07-23,-0.0118719423165191,exper2_10
22.680000000000007,22.109747,Calibration,1993,1993-07-24,-0.012731776937026429,exper2_10
22.560000000000002,22.078934,Calibration,1993,1993-07-25,-0.01077683188496944,exper2_10
22.325000000000045,21.473513,Calibration,1993,1993-07-26,-0.019441010640641694,exper2_10
22.735000000000014,22.35946,Calibration,1993,1993-07-27,-0.00832783367166835,exper2_10
22.795000000000016,22.51898,Calibration,1993,1993-07-28,-0.006091276325651209,exper2_10
22.680000000000007,22.022455,Calibration,1993,1993-07-29,-0.014709366216614096,exper2_10
23.805000000000007,22.49926,Calibration,1993,1993-07-30,-0.028199134436341155,exper2_10
22.845000000000027,22.49941,Calibration,1993,1993-07-31,-0.007621432629327594,exper2_10
22.774999999999977,22.625788,Calibration,1993,1993-08-01,-0.003286556741825967,exper2_10
22.485000000000014,22.073698,Calibration,1993,1993-08-02,-0.009230564945417796,exper2_10
21.99000000000001,21.476229,Calibration,1993,1993-08-03,-0.011820010643007499,exper2_10
21.5,21.078053,Calibration,1993,1993-08-04,-0.009909976015046614,exper2_10
21.305000000000007,20.833649,Calibration,1993,1993-08-05,-0.011185724580787154,exper2_10
20.890000000000043,20.732939,Calibration,1993,1993-08-06,-0.003773429704272542,exper2_10
21.245000000000005,20.75514,Calibration,1993,1993-08-07,-0.011663287119574858,exper2_10
21.085000000000036,20.723764,Calibration,1993,1993-08-08,-0.008640187899822445,exper2_10
20.99000000000001,20.656296,Calibration,1993,1993-08-09,-0.008012818845276198,exper2_10
21.99000000000001,21.5951,Calibration,1993,1993-08-10,-0.00906042646496504,exper2_10
23.460000000000036,23.154905,Calibration,1993,1993-08-11,-0.006545002691669399,exper2_10
23.610000000000014,23.210234,Calibration,1993,1993-08-12,-0.008538323715051309,exper2_10
23.325000000000045,22.727339,Calibration,1993,1993-08-13,-0.012977868764065299,exper2_10
22.814999999999998,22.230902,Calibration,1993,1993-08-14,-0.012966735254078337,exper2_10
23.210000000000036,22.758554,Calibration,1993,1993-08-15,-0.009820746958407676,exper2_10
23.370000000000005,23.092981,Calibration,1993,1993-08-16,-0.0059621370286344465,exper2_10
23.535000000000025,23.108223,Calibration,1993,1993-08-17,-0.00914981880491386,exper2_10
23.180000000000007,22.791437,Calibration,1993,1993-08-18,-0.008452266778007462,exper2_10
23.310000000000002,23.0787,Calibration,1993,1993-08-19,-0.0049861473266017645,exper2_10
22.910000000000025,22.689693,Calibration,1993,1993-08-20,-0.004831316449733903,exper2_10
22.61500000000001,22.441217,Calibration,1993,1993-08-21,-0.0038570165774264734,exper2_10
22.379999999999995,22.159433,Calibration,1993,1993-08-22,-0.004952165271725484,exper2_10
22.41500000000002,22.174294,Calibration,1993,1993-08-23,-0.005398302214321611,exper2_10
22.75,22.17386,Calibration,1993,1993-08-24,-0.012824798292500742,exper2_10
23.20500000000004,22.834291,Calibration,1993,1993-08-25,-0.008052003628407186,exper2_10
23.61500000000001,23.156605,Calibration,1993,1993-08-26,-0.009800716384211853,exper2_10
23.450000000000045,22.94901,Calibration,1993,1993-08-27,-0.010797410156682887,exper2_10
22.970000000000027,22.332972,Calibration,1993,1993-08-28,-0.014061515282707309,exper2_10
22.80000000000001,22.369566,Calibration,1993,1993-08-29,-0.009529293166119363,exper2_10
22.54000000000002,22.17402,Calibration,1993,1993-08-30,-0.008184887570130419,exper2_10
22.11500000000001,21.357367,Calibration,1993,1993-08-31,-0.017427931765153663,exper2_10
21.760000000000048,21.267859,Calibration,1993,1993-09-01,-0.011437740846223773,exper2_10
21.279999999999973,20.980923,Calibration,1993,1993-09-02,-0.0070769231224717235,exper2_10
21.055000000000007,20.645552,Calibration,1993,1993-09-03,-0.009818774619783201,exper2_10
20.635000000000048,20.447752,Calibration,1993,1993-09-04,-0.004557825169640236,exper2_10
20.08000000000004,19.795359,Calibration,1993,1993-09-05,-0.0071382766636804785,exper2_10
19.810000000000002,19.29785,Calibration,1993,1993-09-06,-0.01309584519130352,exper2_10
19.55000000000001,18.970644,Calibration,1993,1993-09-07,-0.015040143224237253,exper2_10
19.24000000000001,18.78348,Calibration,1993,1993-09-08,-0.012006273838259189,exper2_10
18.82000000000005,18.432821,Calibration,1993,1993-09-09,-0.01039327258868857,exper2_10
18.260000000000048,17.813635,Calibration,1993,1993-09-10,-0.012373721947953366,exper2_10
17.904999999999973,17.62613,Calibration,1993,1993-09-11,-0.007848634599508134,exper2_10
17.725000000000023,17.533955,Calibration,1993,1993-09-12,-0.005418350648670953,exper2_10
17.920000000000016,18.048395,Calibration,1993,1993-09-13,0.003569665988721391,exper2_10
17.495000000000005,17.682493,Calibration,1993,1993-09-14,0.005329919580125801,exper2_10
17.08000000000004,17.052155,Calibration,1993,1993-09-15,-0.0008158131052335067,exper2_10
16.689999999999998,16.649748,Calibration,1993,1993-09-16,-0.0012073322111538875,exper2_10
16.464999999999975,16.431501,Calibration,1993,1993-09-17,-0.0010183031640510591,exper2_10
16.379999999999995,16.022293,Calibration,1993,1993-09-18,-0.011039555385079294,exper2_10
16.265000000000043,15.817748,Calibration,1993,1993-09-19,-0.013940574207182008,exper2_10
15.870000000000005,15.690673,Calibration,1993,1993-09-20,-0.005681980427435425,exper2_10
15.680000000000007,15.755174,Calibration,1993,1993-09-21,0.002391387555995992,exper2_10
15.524999999999977,15.633385,Calibration,1993,1993-09-22,0.0034785084534212315,exper2_10
15.345000000000027,15.679368,Calibration,1993,1993-09-23,0.010777593242127645,exper2_10
15.345000000000027,15.469469,Calibration,1993,1993-09-24,0.0040393060204943374,exper2_10
15.295000000000016,15.249931,Calibration,1993,1993-09-25,-0.0014754875057942025,exper2_10
15.045000000000016,15.198676,Calibration,1993,1993-09-26,0.005081264220609152,exper2_10
14.524999999999977,14.872033,Calibration,1993,1993-09-27,0.011805038889281885,exper2_10
14.235000000000014,14.315473,Calibration,1993,1993-09-28,0.0028186084329899254,exper2_10
13.879999999999995,13.892315,Calibration,1993,1993-09-29,0.00044342399717814396,exper2_10
13.430000000000007,13.203759,Calibration,1993,1993-09-30,-0.008494512732377899,exper2_10
13.105000000000018,13.576968,Calibration,1993,1993-10-01,0.017688657359881066,exper2_10
12.580000000000041,12.843316,Calibration,1993,1993-10-02,0.010357267217864112,exper2_10
12.335000000000036,12.823563,Calibration,1993,1993-10-03,0.019419337639014583,exper2_10
12.170000000000016,12.535984,Calibration,1993,1993-10-04,0.014813578715357075,exper2_10
12.095000000000027,12.177656,Calibration,1993,1993-10-05,0.0034053205019880196,exper2_10
12.125,12.386828,Calibration,1993,1993-10-06,0.010681717333887364,exper2_10
12.279999999999973,12.493318,Calibration,1993,1993-10-07,0.0086107806582178,exper2_10
11.725000000000023,11.937865,Calibration,1993,1993-10-08,0.008995751568919696,exper2_10
11.055000000000007,11.452544,Calibration,1993,1993-10-09,0.017662709382719802,exper2_10
10.745000000000005,11.11832,Calibration,1993,1993-10-10,0.01707519521950095,exper2_10
10.529999999999973,11.1481905,Calibration,1993,1993-10-11,0.028516702000523194,exper2_10
10.220000000000027,10.999048,Calibration,1993,1993-10-12,0.03671457006348825,exper2_10
10.020000000000039,10.4666395,Calibration,1993,1993-10-13,0.02180150230735702,exper2_10
9.985000000000014,10.643283,Calibration,1993,1993-10-14,0.03191166680328592,exper2_10
9.939999999999998,10.733127,Calibration,1993,1993-10-15,0.0383651033594963,exper2_10
9.939999999999998,10.548554,Calibration,1993,1993-10-16,0.029702164827361127,exper2_10
9.960000000000036,10.460024,Calibration,1993,1993-10-17,0.024486939042929562,exper2_10
9.904999999999973,10.417276,Calibration,1993,1993-10-18,0.02520762796478865,exper2_10
10.010000000000048,10.287925,Calibration,1993,1993-10-19,0.01369227493633316,exper2_10
9.835000000000036,10.222468,Calibration,1993,1993-10-20,0.019317910361019253,exper2_10
9.450000000000045,10.016472,Calibration,1993,1993-10-21,0.029099873196623875,exper2_10
9.225000000000023,9.922399,Calibration,1993,1993-10-22,0.036422627583172384,exper2_10
9.225000000000023,10.125438,Calibration,1993,1993-10-23,0.04653319727296,exper2_10
9.629999999999995,10.135888,Calibration,1993,1993-10-24,0.025593997958475254,exper2_10
9.314999999999998,10.019305,Calibration,1993,1993-10-25,0.03642774957973648,exper2_10
9.189999999999998,9.86324,Calibration,1993,1993-10-26,0.03533468499075474,exper2_10
8.899999999999977,9.487292,Calibration,1993,1993-10-27,0.03194011823382016,exper2_10
8.550000000000011,9.35902,Calibration,1993,1993-10-28,0.045173896875529584,exper2_10
8.125,8.541811,Calibration,1993,1993-10-29,0.025008442805613828,exper2_10
7.7549999999999955,8.115449,Calibration,1993,1993-10-30,0.02271195684619271,exper2_10
7.480000000000018,7.854637,Calibration,1993,1993-10-31,0.024430779967551674,exper2_10
7.274999999999977,7.3113494,Calibration,1993,1993-11-01,0.0024920143457807975,exper2_10
7.05600000000004,7.3023925,Calibration,1993,1993-11-02,0.017160171868362755,exper2_10
6.991499999999974,7.2696404,Calibration,1993,1993-11-03,0.019503380305951615,exper2_10
6.858500000000049,7.197168,Calibration,1993,1993-11-04,0.024094754972395056,exper2_10
6.4375,6.6324825,Calibration,1993,1993-11-05,0.014918346543965759,exper2_10
6.025500000000022,6.392491,Calibration,1993,1993-11-06,0.02955315943014975,exper2_10
,5.7048182,Calibration,1993,1993-11-07,,exper2_10
,5.966203,Calibration,1993,1993-11-08,,exper2_10
,5.7165284,Calibration,1993,1993-11-09,,exper2_10
,5.674166,Calibration,1993,1993-11-10,,exper2_10
,5.589437,Calibration,1993,1993-11-11,,exper2_10
,5.367913,Calibration,1993,1993-11-12,,exper2_10
,5.136831,Calibration,1993,1993-11-13,,exper2_10
,5.4427624,Calibration,1993,1993-11-14,,exper2_10
,5.292089,Calibration,1993,1993-11-15,,exper2_10
,4.978316,Calibration,1993,1993-11-16,,exper2_10
,4.721668,Calibration,1993,1993-11-17,,exper2_10
,4.806191,Calibration,1993,1993-11-18,,exper2_10
,4.331158,Calibration,1993,1993-11-19,,exper2_10
,3.6686223,Calibration,1993,1993-11-20,,exper2_10
,3.7538726,Calibration,1993,1993-11-21,,exper2_10
,3.8736303,Calibration,1993,1993-11-22,,exper2_10
,3.4134529,Calibration,1993,1993-11-23,,exper2_10
,3.0362098,Calibration,1993,1993-11-24,,exper2_10
,3.064479,Calibration,1993,1993-11-25,,exper2_10
,2.9097052,Calibration,1993,1993-11-26,,exper2_10
,2.1849616,Calibration,1993,1993-11-27,,exper2_10
,1.9054016,Calibration,1993,1993-11-28,,exper2_10
,1.8921694,Calibration,1993,1993-11-29,,exper2_10
,1.313406,Calibration,1993,1993-11-30,,exper2_10
,1.534521,Calibration,1993,1993-12-01,,exper2_10
,1.2007304,Calibration,1993,1993-12-02,,exper2_10
,1.6385258,Calibration,1993,1993-12-03,,exper2_10
,1.7457085,Calibration,1993,1993-12-04,,exper2_10
,1.5096793,Calibration,1993,1993-12-05,,exper2_10
,1.3995208,Calibration,1993,1993-12-06,,exper2_10
,1.0826452,Calibration,1993,1993-12-07,,exper2_10
,0.92693496,Calibration,1993,1993-12-08,,exper2_10
,0.49573457,Calibration,1993,1993-12-09,,exper2_10
,0.52427363,Calibration,1993,1993-12-10,,exper2_10
,0.7786058,Calibration,1993,1993-12-11,,exper2_10
,0.01,Calibration,1993,1993-12-12,,exper2_10
,0.01,Calibration,1993,1993-12-13,,exper2_10
,1.0326483,Calibration,1993,1993-12-14,,exper2_10
,1.3860494,Calibration,1993,1993-12-15,,exper2_10
,1.4269048,Calibration,1993,1993-12-16,,exper2_10
,1.7308352,Calibration,1993,1993-12-17,,exper2_10
,1.94886,Calibration,1993,1993-12-18,,exper2_10
,2.004529,Calibration,1993,1993-12-19,,exper2_10
,1.7704239,Calibration,1993,1993-12-20,,exper2_10
,1.6168729,Calibration,1993,1993-12-21,,exper2_10
,0.9030341,Calibration,1993,1993-12-22,,exper2_10
,0.3739431,Calibration,1993,1993-12-23,,exper2_10
,0.11726016,Calibration,1993,1993-12-24,,exper2_10
,0.01,Calibration,1993,1993-12-25,,exper2_10
,0.01,Calibration,1993,1993-12-26,,exper2_10
,0.01,Calibration,1993,1993-12-27,,exper2_10
,0.01,Calibration,1993,1993-12-28,,exper2_10
,0.01,Calibration,1993,1993-12-29,,exper2_10
,0.01,Calibration,1993,1993-12-30,,exper2_10
,0.01,Calibration,1993,1993-12-31,,exper2_10
,0.01,Calibration,1994,1994-01-01,,exper2_10
,0.01,Calibration,1994,1994-01-02,,exper2_10
,0.0029547065,Calibration,1994,1994-01-03,,exper2_10
,0.01,Calibration,1994,1994-01-04,,exper2_10
,0.097443976,Calibration,1994,1994-01-05,,exper2_10
,0.01,Calibration,1994,1994-01-06,,exper2_10
,0.01,Calibration,1994,1994-01-07,,exper2_10
,0.0029227436,Calibration,1994,1994-01-08,,exper2_10
,0.10774769,Calibration,1994,1994-01-09,,exper2_10
,0.01,Calibration,1994,1994-01-10,,exper2_10
,0.064306095,Calibration,1994,1994-01-11,,exper2_10
,0.01,Calibration,1994,1994-01-12,,exper2_10
,0.0060537606,Calibration,1994,1994-01-13,,exper2_10
,0.084853284,Calibration,1994,1994-01-14,,exper2_10
,0.01,Calibration,1994,1994-01-15,,exper2_10
,0.01,Calibration,1994,1994-01-16,,exper2_10
,0.01,Calibration,1994,1994-01-17,,exper2_10
,0.009822354,Calibration,1994,1994-01-18,,exper2_10
,0.006205097,Calibration,1994,1994-01-19,,exper2_10
,0.012880981,Calibration,1994,1994-01-20,,exper2_10
,0.047017902,Calibration,1994,1994-01-21,,exper2_10
,0.01,Calibration,1994,1994-01-22,,exper2_10
,0.01,Calibration,1994,1994-01-23,,exper2_10
,0.01,Calibration,1994,1994-01-24,,exper2_10
,0.07490446,Calibration,1994,1994-01-25,,exper2_10
,0.073250845,Calibration,1994,1994-01-26,,exper2_10
,0.04798849,Calibration,1994,1994-01-27,,exper2_10
,0.01,Calibration,1994,1994-01-28,,exper2_10
,0.01,Calibration,1994,1994-01-29,,exper2_10
,0.01,Calibration,1994,1994-01-30,,exper2_10
,0.01,Calibration,1994,1994-01-31,,exper2_10
,0.014627814,Calibration,1994,1994-02-01,,exper2_10
,0.025621623,Calibration,1994,1994-02-02,,exper2_10
,0.0052551776,Calibration,1994,1994-02-03,,exper2_10
,0.026857898,Calibration,1994,1994-02-04,,exper2_10
,0.17315167,Calibration,1994,1994-02-05,,exper2_10
,0.27860186,Calibration,1994,1994-02-06,,exper2_10
,0.021920964,Calibration,1994,1994-02-07,,exper2_10
,0.025177374,Calibration,1994,1994-02-08,,exper2_10
,0.024945006,Calibration,1994,1994-02-09,,exper2_10
,0.06691891,Calibration,1994,1994-02-10,,exper2_10
,0.059465304,Calibration,1994,1994-02-11,,exper2_10
,0.01,Calibration,1994,1994-02-12,,exper2_10
,0.25585794,Calibration,1994,1994-02-13,,exper2_10
,0.1916562,Calibration,1994,1994-02-14,,exper2_10
,0.17208576,Calibration,1994,1994-02-15,,exper2_10
,0.28472707,Calibration,1994,1994-02-16,,exper2_10
,0.01,Calibration,1994,1994-02-17,,exper2_10
,0.33596563,Calibration,1994,1994-02-18,,exper2_10
,0.01,Calibration,1994,1994-02-19,,exper2_10
,0.17157918,Calibration,1994,1994-02-20,,exper2_10
,0.01,Calibration,1994,1994-02-21,,exper2_10
,0.030179664,Calibration,1994,1994-02-22,,exper2_10
,0.01,Calibration,1994,1994-02-23,,exper2_10
,0.08751705,Calibration,1994,1994-02-24,,exper2_10
,0.01,Calibration,1994,1994-02-25,,exper2_10
,0.01,Calibration,1994,1994-02-26,,exper2_10
,0.01,Calibration,1994,1994-02-27,,exper2_10
,0.01,Calibration,1994,1994-02-28,,exper2_10
,0.01,Calibration,1994,1994-03-01,,exper2_10
,0.04058273,Calibration,1994,1994-03-02,,exper2_10
,0.01,Calibration,1994,1994-03-03,,exper2_10
,0.16119608,Calibration,1994,1994-03-04,,exper2_10
,0.090719126,Calibration,1994,1994-03-05,,exper2_10
,0.3147965,Calibration,1994,1994-03-06,,exper2_10
,0.01,Calibration,1994,1994-03-07,,exper2_10
,0.19988048,Calibration,1994,1994-03-08,,exper2_10
,0.01,Calibration,1994,1994-03-09,,exper2_10
,0.22447027,Calibration,1994,1994-03-10,,exper2_10
,0.01,Calibration,1994,1994-03-11,,exper2_10
,0.01,Calibration,1994,1994-03-12,,exper2_10
,0.09242292,Calibration,1994,1994-03-13,,exper2_10
,0.2810145,Calibration,1994,1994-03-14,,exper2_10
,0.5289399,Calibration,1994,1994-03-15,,exper2_10
,0.01,Calibration,1994,1994-03-16,,exper2_10
,0.43422142,Calibration,1994,1994-03-17,,exper2_10
,0.01,Calibration,1994,1994-03-18,,exper2_10
,0.01,Calibration,1994,1994-03-19,,exper2_10
,0.2824171,Calibration,1994,1994-03-20,,exper2_10
,0.01,Calibration,1994,1994-03-21,,exper2_10
,0.01,Calibration,1994,1994-03-22,,exper2_10
,0.34372327,Calibration,1994,1994-03-23,,exper2_10
,0.5438311,Calibration,1994,1994-03-24,,exper2_10
,0.01,Calibration,1994,1994-03-25,,exper2_10
,0.4854685,Calibration,1994,1994-03-26,,exper2_10
,0.01,Calibration,1994,1994-03-27,,exper2_10
,0.2450855,Calibration,1994,1994-03-28,,exper2_10
,0.13493803,Calibration,1994,1994-03-29,,exper2_10
,0.16381255,Calibration,1994,1994-03-30,,exper2_10
,0.01,Calibration,1994,1994-03-31,,exper2_10
,0.01,Calibration,1994,1994-04-01,,exper2_10
,0.01,Calibration,1994,1994-04-02,,exper2_10
,0.06820747,Calibration,1994,1994-04-03,,exper2_10
,0.01,Calibration,1994,1994-04-04,,exper2_10
,0.14315997,Calibration,1994,1994-04-05,,exper2_10
,0.0038776696,Calibration,1994,1994-04-06,,exper2_10
,0.01,Calibration,1994,1994-04-07,,exper2_10
,0.01,Calibration,1994,1994-04-08,,exper2_10
,0.14076509,Calibration,1994,1994-04-09,,exper2_10
,0.45278794,Calibration,1994,1994-04-10,,exper2_10
,0.4879514,Calibration,1994,1994-04-11,,exper2_10
,0.20410164,Calibration,1994,1994-04-12,,exper2_10
,0.57285327,Calibration,1994,1994-04-13,,exper2_10
,1.0400256,Calibration,1994,1994-04-14,,exper2_10
,1.0511618,Calibration,1994,1994-04-15,,exper2_10
,1.1977288,Calibration,1994,1994-04-16,,exper2_10
,1.7680198,Calibration,1994,1994-04-17,,exper2_10
,1.5108894,Calibration,1994,1994-04-18,,exper2_10
,2.1516435,Calibration,1994,1994-04-19,,exper2_10
,2.8686666,Calibration,1994,1994-04-20,,exper2_10
,3.5513852,Calibration,1994,1994-04-21,,exper2_10
,3.9364254,Calibration,1994,1994-04-22,,exper2_10
,4.241603,Calibration,1994,1994-04-23,,exper2_10
,5.1106744,Calibration,1994,1994-04-24,,exper2_10
,5.413753,Calibration,1994,1994-04-25,,exper2_10
,5.6343727,Calibration,1994,1994-04-26,,exper2_10
,5.872345,Calibration,1994,1994-04-27,,exper2_10
,6.4050426,Calibration,1994,1994-04-28,,exper2_10
,6.5254693,Calibration,1994,1994-04-29,,exper2_10
,6.3988304,Calibration,1994,1994-04-30,,exper2_10
,6.5267353,Calibration,1994,1994-05-01,,exper2_10
,6.7549715,Calibration,1994,1994-05-02,,exper2_10
,7.3065534,Calibration,1994,1994-05-03,,exper2_10
,7.3403325,Calibration,1994,1994-05-04,,exper2_10
,7.38678,Calibration,1994,1994-05-05,,exper2_10
,7.7715707,Calibration,1994,1994-05-06,,exper2_10
,8.111131,Calibration,1994,1994-05-07,,exper2_10
,8.74299,Calibration,1994,1994-05-08,,exper2_10
,9.091643,Calibration,1994,1994-05-09,,exper2_10
,9.896851,Calibration,1994,1994-05-10,,exper2_10
,9.519212,Calibration,1994,1994-05-11,,exper2_10
,10.491027,Calibration,1994,1994-05-12,,exper2_10
,11.531959,Calibration,1994,1994-05-13,,exper2_10
,11.921707,Calibration,1994,1994-05-14,,exper2_10
,11.169845,Calibration,1994,1994-05-15,,exper2_10
,10.959947,Calibration,1994,1994-05-16,,exper2_10
,11.768803,Calibration,1994,1994-05-17,,exper2_10
,13.2266035,Calibration,1994,1994-05-18,,exper2_10
,15.650351,Calibration,1994,1994-05-19,,exper2_10
,17.540424,Calibration,1994,1994-05-20,,exper2_10
,18.471596,Calibration,1994,1994-05-21,,exper2_10
,19.235437,Calibration,1994,1994-05-22,,exper2_10
,19.5708,Calibration,1994,1994-05-23,,exper2_10
,19.583439,Calibration,1994,1994-05-24,,exper2_10
,18.353748,Calibration,1994,1994-05-25,,exper2_10
,16.342352,Calibration,1994,1994-05-26,,exper2_10
,16.61582,Calibration,1994,1994-05-27,,exper2_10
,17.2362,Calibration,1994,1994-05-28,,exper2_10
,17.114859,Calibration,1994,1994-05-29,,exper2_10
,18.206703,Calibration,1994,1994-05-30,,exper2_10
,18.28084,Calibration,1994,1994-05-31,,exper2_10
,18.227232,Calibration,1994,1994-06-01,,exper2_10
,18.022676,Calibration,1994,1994-06-02,,exper2_10
,18.45865,Calibration,1994,1994-06-03,,exper2_10
,19.169632,Calibration,1994,1994-06-04,,exper2_10
,19.039938,Calibration,1994,1994-06-05,,exper2_10
,19.351103,Calibration,1994,1994-06-06,,exper2_10
,19.259237,Calibration,1994,1994-06-07,,exper2_10
,18.581724,Calibration,1994,1994-06-08,,exper2_10
,19.182661,Calibration,1994,1994-06-09,,exper2_10
,19.36746,Calibration,1994,1994-06-10,,exper2_10
,19.594267,Calibration,1994,1994-06-11,,exper2_10
,19.499752,Calibration,1994,1994-06-12,,exper2_10
,19.764597,Calibration,1994,1994-06-13,,exper2_10
,19.919073,Calibration,1994,1994-06-14,,exper2_10
,20.676126,Calibration,1994,1994-06-15,,exper2_10
,21.646687,Calibration,1994,1994-06-16,,exper2_10
,22.275623,Calibration,1994,1994-06-17,,exper2_10
,22.659508,Calibration,1994,1994-06-18,,exper2_10
,22.26898,Calibration,1994,1994-06-19,,exper2_10
,22.601057,Calibration,1994,1994-06-20,,exper2_10
,23.105669,Calibration,1994,1994-06-21,,exper2_10
23.200000000000045,23.198767,Calibration,1994,1994-06-22,-2.6580267397483482e-05,exper2_10
23.41500000000002,22.583977,Calibration,1994,1994-06-23,-0.018066124796437856,exper2_10
23.100000000000023,22.737434,Calibration,1994,1994-06-24,-0.007909814710183285,exper2_10
23.100000000000023,23.257154,Calibration,1994,1994-06-25,0.0033900800542288074,exper2_10
23.504999999999995,23.49145,Calibration,1994,1994-06-26,-0.0002883333551057104,exper2_10
23.439999999999998,23.308363,Calibration,1994,1994-06-27,-0.002815864146834542,exper2_10
23.485000000000014,22.90589,Calibration,1994,1994-06-28,-0.012483280553457501,exper2_10
22.825000000000045,22.432585,Calibration,1994,1994-06-29,-0.008670706567428656,exper2_10
22.14500000000004,22.500223,Calibration,1994,1994-06-30,0.007956577090422828,exper2_10
21.885000000000048,22.34331,Calibration,1994,1994-07-01,0.010362354081755166,exper2_10
21.82000000000005,22.073942,Calibration,1994,1994-07-02,0.00578535833899568,exper2_10
21.66500000000002,22.199274,Calibration,1994,1994-07-03,0.012180164257172851,exper2_10
21.545000000000016,21.950481,Calibration,1994,1994-07-04,0.00932238020147495,exper2_10
21.339999999999975,21.962046,Calibration,1994,1994-07-05,0.014365272123691621,exper2_10
21.555000000000007,22.806234,Calibration,1994,1994-07-06,0.02820558034058508,exper2_10
22.620000000000005,22.746721,Calibration,1994,1994-07-07,0.0027932648461067577,exper2_10
22.754999999999995,22.687616,Calibration,1994,1994-07-08,-0.0014828294924080494,exper2_10
22.20500000000004,22.104769,Calibration,1994,1994-07-09,-0.0022620575500381,exper2_10
21.58000000000004,21.89164,Calibration,1994,1994-07-10,0.007168805031403207,exper2_10
21.480000000000018,21.713095,Calibration,1994,1994-07-11,0.005396573523190765,exper2_10
21.36500000000001,22.162142,Calibration,1994,1994-07-12,0.018313672043774994,exper2_10
21.595000000000027,21.803476,Calibration,1994,1994-07-13,0.004803770805581087,exper2_10
21.385000000000048,21.484257,Calibration,1994,1994-07-14,0.002315336255455815,exper2_10
21.19500000000005,21.692854,Calibration,1994,1994-07-15,0.011608273252668465,exper2_10
21.435000000000002,22.142534,Calibration,1994,1994-07-16,0.01623621593239473,exper2_10
21.390000000000043,22.255342,Calibration,1994,1994-07-17,0.019826685604476525,exper2_10
21.57000000000005,22.41137,Calibration,1994,1994-07-18,0.019130130249865842,exper2_10
21.835000000000036,22.430563,Calibration,1994,1994-07-19,0.013454318278644474,exper2_10
21.660000000000025,22.789503,Calibration,1994,1994-07-20,0.02541092743052088,exper2_10
22.260000000000048,22.800924,Calibration,1994,1994-07-21,0.01200428774013493,exper2_10
22.20500000000004,22.792223,Calibration,1994,1994-07-22,0.013050204831280365,exper2_10
22.045000000000016,22.870325,Calibration,1994,1994-07-23,0.018375133362048324,exper2_10
22.185000000000002,22.704807,Calibration,1994,1994-07-24,0.01157962827139223,exper2_10
22.279999999999973,22.363295,Calibration,1994,1994-07-25,0.0018657807893454508,exper2_10
21.99000000000001,21.66995,Calibration,1994,1994-07-26,-0.007330505674274462,exper2_10
21.464999999999975,21.378792,Calibration,1994,1994-07-27,-0.002012151289085234,exper2_10
21.355000000000018,21.793873,Calibration,1994,1994-07-28,0.010171130887890187,exper2_10
21.805000000000007,22.54931,Calibration,1994,1994-07-29,0.016781022469348532,exper2_10
22.36500000000001,22.852583,Calibration,1994,1994-07-30,0.01078303836489853,exper2_10
22.33000000000004,22.661434,Calibration,1994,1994-07-31,0.007366606103402224,exper2_10
21.810000000000002,23.308199,Calibration,1994,1994-08-01,0.033206088992962304,exper2_10
22.235000000000014,23.440159,Calibration,1994,1994-08-02,0.02638543301207575,exper2_10
22.310000000000002,23.045982,Calibration,1994,1994-08-03,0.01622679793339203,exper2_10
22.585000000000036,22.48564,Calibration,1994,1994-08-04,-0.0022045488770452795,exper2_10
22.08000000000004,21.93167,Calibration,1994,1994-08-05,-0.003370259918517611,exper2_10
21.61500000000001,21.625006,Calibration,1994,1994-08-06,0.0002313996466653548,exper2_10
21.430000000000007,21.568922,Calibration,1994,1994-08-07,0.003230826175322318,exper2_10
21.220000000000027,21.153902,Calibration,1994,1994-08-08,-0.0015598739545639843,exper2_10
20.735000000000014,20.529339,Calibration,1994,1994-08-09,-0.004983992695099942,exper2_10
20.279999999999973,20.45935,Calibration,1994,1994-08-10,0.00440239187316442,exper2_10
19.975000000000023,20.705505,Calibration,1994,1994-08-11,0.017957136088402686,exper2_10
20.635000000000048,20.775782,Calibration,1994,1994-08-12,0.0033996371457691347,exper2_10
20.355000000000018,20.787329,Calibration,1994,1994-08-13,0.010508124686719973,exper2_10
20.24000000000001,20.115803,Calibration,1994,1994-08-14,-0.0030775558060630623,exper2_10
19.654999999999973,19.938326,Calibration,1994,1994-08-15,0.007155900032311809,exper2_10
19.825000000000045,20.275019,Calibration,1994,1994-08-16,0.011222406041076199,exper2_10
20.095000000000027,20.740717,Calibration,1994,1994-08-17,0.01581255289932769,exper2_10
20.94500000000005,20.909332,Calibration,1994,1994-08-18,-0.0008521871612893171,exper2_10
21.360000000000014,20.884995,Calibration,1994,1994-08-19,-0.011244065686580033,exper2_10
21.02000000000004,20.831127,Calibration,1994,1994-08-20,-0.004512968850264483,exper2_10
20.560000000000002,20.778055,Calibration,1994,1994-08-21,0.0052749262158636795,exper2_10
20.524999999999977,21.070726,Calibration,1994,1994-08-22,0.01311977075422562,exper2_10
20.515000000000043,21.042381,Calibration,1994,1994-08-23,0.012690435977755753,exper2_10
20.360000000000014,21.199255,Calibration,1994,1994-08-24,0.020194177923390202,exper2_10
20.670000000000016,21.937517,Calibration,1994,1994-08-25,0.0297486746574625,exper2_10
21.360000000000014,22.146055,Calibration,1994,1994-08-26,0.018067719942765723,exper2_10
21.670000000000016,21.919893,Calibration,1994,1994-08-27,0.005732825800985761,exper2_10
21.125,21.389357,Calibration,1994,1994-08-28,0.006218055128167109,exper2_10
20.564999999999998,21.350647,Calibration,1994,1994-08-29,0.018743524898202586,exper2_10
20.325000000000045,20.565329,Calibration,1994,1994-08-30,0.005877394637372466,exper2_10
19.960000000000036,19.919298,Calibration,1994,1994-08-31,-0.0010206254841151276,exper2_10
19.370000000000005,19.685537,Calibration,1994,1994-09-01,0.008079195928710137,exper2_10
18.970000000000027,19.373304,Calibration,1994,1994-09-02,0.010518247546025691,exper2_10
18.980000000000018,19.009434,Calibration,1994,1994-09-03,0.0007747877089826267,exper2_10
18.845000000000027,18.814692,Calibration,1994,1994-09-04,-0.0008047983182722916,exper2_10
18.470000000000027,18.53516,Calibration,1994,1994-09-05,0.0017608372611634955,exper2_10
18.129999999999995,18.628405,Calibration,1994,1994-09-06,0.013558929515533861,exper2_10
18.004999999999995,18.796076,Calibration,1994,1994-09-07,0.02149599714889581,exper2_10
18.200000000000045,18.811481,Calibration,1994,1994-09-08,0.01652139961566664,exper2_10
18.44500000000005,19.019468,Calibration,1994,1994-09-09,0.015333683712792439,exper2_10
18.875,19.068602,Calibration,1994,1994-09-10,0.005102351913639591,exper2_10
18.649999999999977,19.377653,Calibration,1994,1994-09-11,0.019134841679942883,exper2_10
19.035000000000025,19.467894,Calibration,1994,1994-09-12,0.011243144605075256,exper2_10
19.420000000000016,19.78448,Calibration,1994,1994-09-13,0.009296874980082966,exper2_10
19.58000000000004,19.69293,Calibration,1994,1994-09-14,0.002875523189140257,exper2_10
19.66500000000002,19.60802,Calibration,1994,1994-09-15,-0.0014508488625033314,exper2_10
19.649999999999977,19.781769,Calibration,1994,1994-09-16,0.0033416913022695513,exper2_10
19.870000000000005,19.653746,Calibration,1994,1994-09-17,-0.005471504413147003,exper2_10
19.635000000000048,19.537348,Calibration,1994,1994-09-18,-0.002492886230244097,exper2_10
19.685000000000002,19.497475,Calibration,1994,1994-09-19,-0.004785949105237641,exper2_10
19.83000000000004,19.438745,Calibration,1994,1994-09-20,-0.009963509054705928,exper2_10
19.680000000000007,19.340544,Calibration,1994,1994-09-21,-0.00869942395608757,exper2_10
19.5,19.32464,Calibration,1994,1994-09-22,-0.004516712188814968,exper2_10
19.245000000000005,19.075197,Calibration,1994,1994-09-23,-0.004431156217103688,exper2_10
19.245000000000005,19.05634,Calibration,1994,1994-09-24,-0.00492569554249837,exper2_10
19.274999999999977,19.028566,Calibration,1994,1994-09-25,-0.006433699598809299,exper2_10
18.899999999999977,18.199099,Calibration,1994,1994-09-26,-0.01889268040622332,exper2_10
17.61500000000001,17.61262,Calibration,1994,1994-09-27,-6.757765685391111e-05,exper2_10
16.80000000000001,17.115599,Calibration,1994,1994-09-28,0.009305413759011578,exper2_10
16.360000000000014,16.94467,Calibration,1994,1994-09-29,0.017555187556716492,exper2_10
16.17500000000001,16.685404,Calibration,1994,1994-09-30,0.015532487871680939,exper2_10
15.879999999999995,16.143547,Calibration,1994,1994-10-01,0.00822978971152938,exper2_10
15.629999999999995,15.678269,Calibration,1994,1994-10-02,0.0015417455911071046,exper2_10
15.345000000000027,15.298138,Calibration,1994,1994-10-03,-0.0015292929763829064,exper2_10
15.045000000000016,14.940324,Calibration,1994,1994-10-04,-0.003490913452988235,exper2_10
14.66500000000002,14.51722,Calibration,1994,1994-10-05,-0.0050640581441353414,exper2_10
14.425000000000011,14.50907,Calibration,1994,1994-10-06,0.0029055848441469447,exper2_10
14.425000000000011,14.699025,Calibration,1994,1994-10-07,0.009408903908842147,exper2_10
14.395000000000039,14.387547,Calibration,1994,1994-10-08,-0.00025895765279904137,exper2_10
14.154999999999973,13.805238,Calibration,1994,1994-10-09,-0.012509272374417253,exper2_10
13.714999999999975,13.414258,Calibration,1994,1994-10-10,-0.011085522380643505,exper2_10
13.44500000000005,13.368198,Calibration,1994,1994-10-11,-0.002864320924863041,exper2_10
13.19500000000005,13.1655855,Calibration,1994,1994-10-12,-0.0011158508636613586,exper2_10
13.029999999999973,12.997977,Calibration,1994,1994-10-13,-0.001230320086311552,exper2_10
13.175000000000011,12.755005,Calibration,1994,1994-10-14,-0.016197263328164724,exper2_10
13.029999999999973,12.845063,Calibration,1994,1994-10-15,-0.007147298113580699,exper2_10
12.835000000000036,12.824691,Calibration,1994,1994-10-16,-0.00040176560529199567,exper2_10
12.870000000000005,13.075012,Calibration,1994,1994-10-17,0.007901796514695256,exper2_10
13.0,13.1884165,Calibration,1994,1994-10-18,0.00719464963277313,exper2_10
13.180000000000007,13.090745,Calibration,1994,1994-10-19,-0.003397506536847548,exper2_10
12.990000000000009,12.951924,Calibration,1994,1994-10-20,-0.0014677275089067612,exper2_10
12.785000000000025,12.993161,Calibration,1994,1994-10-21,0.008075098912217922,exper2_10
12.649999999999977,12.796973,Calibration,1994,1994-10-22,0.005775666407754479,exper2_10
12.57000000000005,12.040763,Calibration,1994,1994-10-23,-0.021504294719194125,exper2_10
12.235000000000014,11.5940075,Calibration,1994,1994-10-24,-0.026899672936357963,exper2_10
11.740000000000009,11.245777,Calibration,1994,1994-10-25,-0.021501246926530437,exper2_10
11.254999999999995,11.253223,Calibration,1994,1994-10-26,-7.893029927131871e-05,exper2_10
,10.977362,Calibration,1994,1994-10-27,,exper2_10
,10.884574,Calibration,1994,1994-10-28,,exper2_10
,10.905086,Calibration,1994,1994-10-29,,exper2_10
,10.691411,Calibration,1994,1994-10-30,,exper2_10
,10.218608,Calibration,1994,1994-10-31,,exper2_10
,10.002222,Calibration,1994,1994-11-01,,exper2_10
,9.6846,Calibration,1994,1994-11-02,,exper2_10
,9.633773,Calibration,1994,1994-11-03,,exper2_10
,9.432831,Calibration,1994,1994-11-04,,exper2_10
,9.36844,Calibration,1994,1994-11-05,,exper2_10
,9.141005,Calibration,1994,1994-11-06,,exper2_10
,8.955292,Calibration,1994,1994-11-07,,exper2_10
,8.917605,Calibration,1994,1994-11-08,,exper2_10
,8.640851,Calibration,1994,1994-11-09,,exper2_10
,8.579288,Calibration,1994,1994-11-10,,exper2_10
,8.32215,Calibration,1994,1994-11-11,,exper2_10
,8.292244,Calibration,1994,1994-11-12,,exper2_10
,8.138917,Calibration,1994,1994-11-13,,exper2_10
,8.143605,Calibration,1994,1994-11-14,,exper2_10
,7.771645,Calibration,1994,1994-11-15,,exper2_10
,7.5009685,Calibration,1994,1994-11-16,,exper2_10
,7.3900046,Calibration,1994,1994-11-17,,exper2_10
,7.044933,Calibration,1994,1994-11-18,,exper2_10
,7.056274,Calibration,1994,1994-11-19,,exper2_10
,6.9980154,Calibration,1994,1994-11-20,,exper2_10
,7.001306,Calibration,1994,1994-11-21,,exper2_10
,6.366196,Calibration,1994,1994-11-22,,exper2_10
,6.4280605,Calibration,1994,1994-11-23,,exper2_10
,6.213648,Calibration,1994,1994-11-24,,exper2_10
,5.9202495,Calibration,1994,1994-11-25,,exper2_10
,5.55362,Calibration,1994,1994-11-26,,exper2_10
,5.0548725,Calibration,1994,1994-11-27,,exper2_10
,5.273158,Calibration,1994,1994-11-28,,exper2_10
,4.8692756,Calibration,1994,1994-11-29,,exper2_10
,4.267712,Calibration,1994,1994-11-30,,exper2_10
,4.3631053,Calibration,1994,1994-12-01,,exper2_10
,4.0310345,Calibration,1994,1994-12-02,,exper2_10
,4.1098347,Calibration,1994,1994-12-03,,exper2_10
,4.035353,Calibration,1994,1994-12-04,,exper2_10
,3.690049,Calibration,1994,1994-12-05,,exper2_10
,0.45955163,Calibration,1994,1994-12-06,,exper2_10
,0.01,Calibration,1994,1994-12-07,,exper2_10
,0.01,Calibration,1994,1994-12-08,,exper2_10
,0.088963605,Calibration,1994,1994-12-09,,exper2_10
,0.13487741,Calibration,1994,1994-12-10,,exper2_10
,0.01,Calibration,1994,1994-12-11,,exper2_10
,0.01,Calibration,1994,1994-12-12,,exper2_10
,0.01,Calibration,1994,1994-12-13,,exper2_10
,0.01,Calibration,1994,1994-12-14,,exper2_10
,0.01,Calibration,1994,1994-12-15,,exper2_10
,0.01,Calibration,1994,1994-12-16,,exper2_10
,0.01,Calibration,1994,1994-12-17,,exper2_10
,0.01,Calibration,1994,1994-12-18,,exper2_10
,0.01,Calibration,1994,1994-12-19,,exper2_10
,0.01,Calibration,1994,1994-12-20,,exper2_10
,0.01,Calibration,1994,1994-12-21,,exper2_10
,0.01,Calibration,1994,1994-12-22,,exper2_10
,0.01,Calibration,1994,1994-12-23,,exper2_10
,0.01,Calibration,1994,1994-12-24,,exper2_10
,0.01,Calibration,1994,1994-12-25,,exper2_10
,0.01,Calibration,1994,1994-12-26,,exper2_10
,0.01,Calibration,1994,1994-12-27,,exper2_10
,0.01,Calibration,1994,1994-12-28,,exper2_10
,0.01,Calibration,1994,1994-12-29,,exper2_10
,0.01,Calibration,1994,1994-12-30,,exper2_10
,0.01,Calibration,1994,1994-12-31,,exper2_10
,0.01,Calibration,1995,1995-01-01,,exper2_10
,0.01,Calibration,1995,1995-01-02,,exper2_10
,0.01,Calibration,1995,1995-01-03,,exper2_10
,0.01,Calibration,1995,1995-01-04,,exper2_10
,0.01,Calibration,1995,1995-01-05,,exper2_10
,0.01,Calibration,1995,1995-01-06,,exper2_10
,0.01,Calibration,1995,1995-01-07,,exper2_10
,0.01,Calibration,1995,1995-01-08,,exper2_10
,0.01,Calibration,1995,1995-01-09,,exper2_10
,0.01,Calibration,1995,1995-01-10,,exper2_10
,0.01,Calibration,1995,1995-01-11,,exper2_10
,0.01,Calibration,1995,1995-01-12,,exper2_10
,0.01,Calibration,1995,1995-01-13,,exper2_10
,0.01,Calibration,1995,1995-01-14,,exper2_10
,0.01,Calibration,1995,1995-01-15,,exper2_10
,0.01,Calibration,1995,1995-01-16,,exper2_10
,0.01,Calibration,1995,1995-01-17,,exper2_10
,0.01,Calibration,1995,1995-01-18,,exper2_10
,0.01,Calibration,1995,1995-01-19,,exper2_10
,0.01,Calibration,1995,1995-01-20,,exper2_10
,0.01,Calibration,1995,1995-01-21,,exper2_10
,0.01,Calibration,1995,1995-01-22,,exper2_10
,0.01,Calibration,1995,1995-01-23,,exper2_10
,0.01,Calibration,1995,1995-01-24,,exper2_10
,0.01,Calibration,1995,1995-01-25,,exper2_10
,0.01,Calibration,1995,1995-01-26,,exper2_10
,0.01,Calibration,1995,1995-01-27,,exper2_10
,0.22755982,Calibration,1995,1995-01-28,,exper2_10
,0.063725755,Calibration,1995,1995-01-29,,exper2_10
,0.01,Calibration,1995,1995-01-30,,exper2_10
,0.01,Calibration,1995,1995-01-31,,exper2_10
,0.01,Calibration,1995,1995-02-01,,exper2_10
,0.01,Calibration,1995,1995-02-02,,exper2_10
,0.01,Calibration,1995,1995-02-03,,exper2_10
,0.23249803,Calibration,1995,1995-02-04,,exper2_10
,0.0012135357,Calibration,1995,1995-02-05,,exper2_10
,0.01,Calibration,1995,1995-02-06,,exper2_10
,0.01,Calibration,1995,1995-02-07,,exper2_10
,0.01,Calibration,1995,1995-02-08,,exper2_10
,0.01,Calibration,1995,1995-02-09,,exper2_10
,0.01,Calibration,1995,1995-02-10,,exper2_10
,0.01,Calibration,1995,1995-02-11,,exper2_10
,0.01,Calibration,1995,1995-02-12,,exper2_10
,0.01,Calibration,1995,1995-02-13,,exper2_10
,0.01,Calibration,1995,1995-02-14,,exper2_10
,0.01,Calibration,1995,1995-02-15,,exper2_10
,0.01,Calibration,1995,1995-02-16,,exper2_10
,0.01,Calibration,1995,1995-02-17,,exper2_10
,0.01,Calibration,1995,1995-02-18,,exper2_10
,0.01,Calibration,1995,1995-02-19,,exper2_10
,0.01,Calibration,1995,1995-02-20,,exper2_10
,0.18654047,Calibration,1995,1995-02-21,,exper2_10
,0.01,Calibration,1995,1995-02-22,,exper2_10
,0.15439814,Calibration,1995,1995-02-23,,exper2_10
,0.16890953,Calibration,1995,1995-02-24,,exper2_10
,0.097641766,Calibration,1995,1995-02-25,,exper2_10
,0.01,Calibration,1995,1995-02-26,,exper2_10
,0.01,Calibration,1995,1995-02-27,,exper2_10
,0.3784135,Calibration,1995,1995-02-28,,exper2_10
,0.01,Calibration,1995,1995-03-01,,exper2_10
,0.01,Calibration,1995,1995-03-02,,exper2_10
,0.01,Calibration,1995,1995-03-03,,exper2_10
,0.01,Calibration,1995,1995-03-04,,exper2_10
,0.01,Calibration,1995,1995-03-05,,exper2_10
,0.01,Calibration,1995,1995-03-06,,exper2_10
,0.01,Calibration,1995,1995-03-07,,exper2_10
,0.01,Calibration,1995,1995-03-08,,exper2_10
,0.01,Calibration,1995,1995-03-09,,exper2_10
,0.01,Calibration,1995,1995-03-10,,exper2_10
,0.01,Calibration,1995,1995-03-11,,exper2_10
,0.01,Calibration,1995,1995-03-12,,exper2_10
,0.056407183,Calibration,1995,1995-03-13,,exper2_10
,0.01,Calibration,1995,1995-03-14,,exper2_10
,0.62904894,Calibration,1995,1995-03-15,,exper2_10
,0.83221436,Calibration,1995,1995-03-16,,exper2_10
,0.39301133,Calibration,1995,1995-03-17,,exper2_10
,0.37922555,Calibration,1995,1995-03-18,,exper2_10
,0.7770797,Calibration,1995,1995-03-19,,exper2_10
,0.26931995,Calibration,1995,1995-03-20,,exper2_10
,0.576862,Calibration,1995,1995-03-21,,exper2_10
,0.99546695,Calibration,1995,1995-03-22,,exper2_10
,0.9344024,Calibration,1995,1995-03-23,,exper2_10
,1.1308872,Calibration,1995,1995-03-24,,exper2_10
,0.87030184,Calibration,1995,1995-03-25,,exper2_10
,0.7560753,Calibration,1995,1995-03-26,,exper2_10
,1.1524209,Calibration,1995,1995-03-27,,exper2_10
,1.4196559,Calibration,1995,1995-03-28,,exper2_10
,1.5899032,Calibration,1995,1995-03-29,,exper2_10
,1.7005023,Calibration,1995,1995-03-30,,exper2_10
,1.8748487,Calibration,1995,1995-03-31,,exper2_10
,2.177912,Calibration,1995,1995-04-01,,exper2_10
,2.5905168,Calibration,1995,1995-04-02,,exper2_10
,2.8076344,Calibration,1995,1995-04-03,,exper2_10
,3.1493933,Calibration,1995,1995-04-04,,exper2_10
,2.6597633,Calibration,1995,1995-04-05,,exper2_10
,2.8726766,Calibration,1995,1995-04-06,,exper2_10
,3.0203974,Calibration,1995,1995-04-07,,exper2_10
,3.2746968,Calibration,1995,1995-04-08,,exper2_10
,3.3286345,Calibration,1995,1995-04-09,,exper2_10
,3.3238888,Calibration,1995,1995-04-10,,exper2_10
,3.1966841,Calibration,1995,1995-04-11,,exper2_10
,3.4560435,Calibration,1995,1995-04-12,,exper2_10
,3.6167305,Calibration,1995,1995-04-13,,exper2_10
,4.273477,Calibration,1995,1995-04-14,,exper2_10
,4.1078467,Calibration,1995,1995-04-15,,exper2_10
,4.2703376,Calibration,1995,1995-04-16,,exper2_10
,4.2527766,Calibration,1995,1995-04-17,,exper2_10
,4.1273503,Calibration,1995,1995-04-18,,exper2_10
,4.1335096,Calibration,1995,1995-04-19,,exper2_10
,4.4208055,Calibration,1995,1995-04-20,,exper2_10
,4.6311827,Calibration,1995,1995-04-21,,exper2_10
,4.7320366,Calibration,1995,1995-04-22,,exper2_10
,4.895787,Calibration,1995,1995-04-23,,exper2_10
,5.0561433,Calibration,1995,1995-04-24,,exper2_10
,4.9114985,Calibration,1995,1995-04-25,,exper2_10
,5.033956,Calibration,1995,1995-04-26,,exper2_10
,5.15682,Calibration,1995,1995-04-27,,exper2_10
,5.170408,Calibration,1995,1995-04-28,,exper2_10
,5.684219,Calibration,1995,1995-04-29,,exper2_10
,5.810087,Calibration,1995,1995-04-30,,exper2_10
,6.040336,Calibration,1995,1995-05-01,,exper2_10
,6.204119,Calibration,1995,1995-05-02,,exper2_10
,6.5384336,Calibration,1995,1995-05-03,,exper2_10
,6.9088955,Calibration,1995,1995-05-04,,exper2_10
,7.160674,Calibration,1995,1995-05-05,,exper2_10
,8.137525,Calibration,1995,1995-05-06,,exper2_10
,7.9488463,Calibration,1995,1995-05-07,,exper2_10
,8.0650625,Calibration,1995,1995-05-08,,exper2_10
,7.4181533,Calibration,1995,1995-05-09,,exper2_10
,6.7312384,Calibration,1995,1995-05-10,,exper2_10
,8.163904,Calibration,1995,1995-05-11,,exper2_10
,9.602265,Calibration,1995,1995-05-12,,exper2_10
,9.66858,Calibration,1995,1995-05-13,,exper2_10
,9.143695,Calibration,1995,1995-05-14,,exper2_10
,10.745247,Calibration,1995,1995-05-15,,exper2_10
,12.084291,Calibration,1995,1995-05-16,,exper2_10
,12.57352,Calibration,1995,1995-05-17,,exper2_10
,13.345205,Calibration,1995,1995-05-18,,exper2_10
,14.713497,Calibration,1995,1995-05-19,,exper2_10
,15.120465,Calibration,1995,1995-05-20,,exper2_10
,14.386588,Calibration,1995,1995-05-21,,exper2_10
,13.889447,Calibration,1995,1995-05-22,,exper2_10
,13.577777,Calibration,1995,1995-05-23,,exper2_10
,13.533633,Calibration,1995,1995-05-24,,exper2_10
,13.8430395,Calibration,1995,1995-05-25,,exper2_10
,14.646121,Calibration,1995,1995-05-26,,exper2_10
,14.4250765,Calibration,1995,1995-05-27,,exper2_10
,14.030211,Calibration,1995,1995-05-28,,exper2_10
,14.651511,Calibration,1995,1995-05-29,,exper2_10
,15.640654,Calibration,1995,1995-05-30,,exper2_10
,16.869396,Calibration,1995,1995-05-31,,exper2_10
,17.407469,Calibration,1995,1995-06-01,,exper2_10
18.80000000000001,18.450138,Calibration,1995,1995-06-02,-0.009392231166889238,exper2_10
19.339999999999975,19.51138,Calibration,1995,1995-06-03,0.004411149495520768,exper2_10
20.890000000000043,20.58037,Calibration,1995,1995-06-04,-0.007466295840559392,exper2_10
20.879999999999995,20.715752,Calibration,1995,1995-06-05,-0.0039486809480187525,exper2_10
20.379999999999995,20.453983,Calibration,1995,1995-06-06,0.0018118072471341856,exper2_10
19.189999999999998,19.398567,Calibration,1995,1995-06-07,0.005404896186677203,exper2_10
17.07000000000005,17.95655,Calibration,1995,1995-06-08,0.02531081659498162,exper2_10
17.54000000000002,18.174137,Calibration,1995,1995-06-09,0.01775591311160811,exper2_10
17.0,18.088964,Calibration,1995,1995-06-10,0.031034385852306414,exper2_10
16.870000000000005,17.069597,Calibration,1995,1995-06-11,0.005880955004450784,exper2_10
17.339999999999975,17.700603,Calibration,1995,1995-06-12,0.01029101811162319,exper2_10
18.27000000000004,18.433527,Calibration,1995,1995-06-13,0.004455348196643358,exper2_10
19.170000000000016,19.3968,Calibration,1995,1995-06-14,0.005880682164202811,exper2_10
19.930000000000007,19.902617,Calibration,1995,1995-06-15,-0.0006874642328586975,exper2_10
20.720000000000027,20.526232,Calibration,1995,1995-06-16,-0.004697840892555709,exper2_10
22.260000000000048,21.640856,Calibration,1995,1995-06-17,-0.014103237845491143,exper2_10
24.930000000000007,22.872662,Calibration,1995,1995-06-18,-0.04303815605592595,exper2_10
25.710000000000036,23.608604,Calibration,1995,1995-06-19,-0.04260857729218984,exper2_10
26.04000000000002,24.04037,Calibration,1995,1995-06-20,-0.039928399515794584,exper2_10
26.640000000000043,24.49127,Calibration,1995,1995-06-21,-0.04202379350147083,exper2_10
26.230000000000018,24.768732,Calibration,1995,1995-06-22,-0.028653024687849336,exper2_10
26.08000000000004,25.054817,Calibration,1995,1995-06-23,-0.02004862550479368,exper2_10
26.100000000000023,25.44737,Calibration,1995,1995-06-24,-0.012660771327915597,exper2_10
25.560000000000002,25.424376,Calibration,1995,1995-06-25,-0.002660118213113894,exper2_10
25.149999999999977,25.05971,Calibration,1995,1995-06-26,-0.00179826674682825,exper2_10
24.649999999999977,24.716808,Calibration,1995,1995-06-27,0.0013533044036388034,exper2_10
24.279999999999973,24.802794,Calibration,1995,1995-06-28,0.010651258119156157,exper2_10
24.430000000000007,24.940266,Calibration,1995,1995-06-29,0.010335485311704909,exper2_10
23.54000000000002,24.123224,Calibration,1995,1995-06-30,0.012236357642543787,exper2_10
22.0,22.69501,Calibration,1995,1995-07-01,0.015550041123529038,exper2_10
21.29000000000002,21.983389,Calibration,1995,1995-07-02,0.01602344809062754,exper2_10
21.08000000000004,21.560816,Calibration,1995,1995-07-03,0.011275952441589469,exper2_10
21.189999999999998,21.816404,Calibration,1995,1995-07-04,0.014565373511826851,exper2_10
21.140000000000043,21.999922,Calibration,1995,1995-07-05,0.019933318440364053,exper2_10
20.680000000000007,21.467793,Calibration,1995,1995-07-06,0.01869119268300881,exper2_10
20.160000000000025,20.468092,Calibration,1995,1995-07-07,0.007583225050026419,exper2_10
19.910000000000025,20.658997,Calibration,1995,1995-07-08,0.018462290052373858,exper2_10
20.430000000000007,21.084093,Calibration,1995,1995-07-09,0.015755928773224594,exper2_10
20.950000000000045,21.376072,Calibration,1995,1995-07-10,0.010066417942986348,exper2_10
21.589999999999975,22.335613,Calibration,1995,1995-07-11,0.016974452843182896,exper2_10
22.010000000000048,22.547249,Calibration,1995,1995-07-12,0.01205749579057672,exper2_10
23.110000000000014,23.575869,Calibration,1995,1995-07-13,0.00997879273690614,exper2_10
24.089999999999975,24.364534,Calibration,1995,1995-07-14,0.005665813975423064,exper2_10
23.339999999999975,23.745941,Calibration,1995,1995-07-15,0.008621281683885422,exper2_10
23.279999999999973,23.417297,Calibration,1995,1995-07-16,0.002940156519405687,exper2_10
22.899999999999977,23.218027,Calibration,1995,1995-07-17,0.00689593928370056,exper2_10
22.600000000000023,22.465624,Calibration,1995,1995-07-18,-0.0029817881771658137,exper2_10
22.350000000000023,22.38178,Calibration,1995,1995-07-19,0.0007104708094785199,exper2_10
22.189999999999998,22.349909,Calibration,1995,1995-07-20,0.0035902370018365895,exper2_10
22.24000000000001,22.626646,Calibration,1995,1995-07-21,0.008617672056638355,exper2_10
22.54000000000002,22.694012,Calibration,1995,1995-07-22,0.0034047762399209733,exper2_10
22.899999999999977,22.92253,Calibration,1995,1995-07-23,0.0004916625285484788,exper2_10
23.390000000000043,23.227365,Calibration,1995,1995-07-24,-0.0034887107948506496,exper2_10
23.610000000000014,23.26962,Calibration,1995,1995-07-25,-0.00726070514464792,exper2_10
23.80000000000001,23.258125,Calibration,1995,1995-07-26,-0.011515008116241954,exper2_10
23.600000000000023,23.352606,Calibration,1995,1995-07-27,-0.005269019173246039,exper2_10
23.810000000000002,24.156588,Calibration,1995,1995-07-28,0.007225604697860344,exper2_10
23.850000000000023,23.949532,Calibration,1995,1995-07-29,0.0020822705147406635,exper2_10
24.100000000000023,24.326464,Calibration,1995,1995-07-30,0.004676445109575079,exper2_10
24.27000000000004,23.99249,Calibration,1995,1995-07-31,-0.005749998127923676,exper2_10
24.0,23.612558,Calibration,1995,1995-08-01,-0.0081373832542827,exper2_10
23.899999999999977,23.935658,Calibration,1995,1995-08-02,0.0007454167682301836,exper2_10
24.360000000000014,23.679537,Calibration,1995,1995-08-03,-0.014164649070188157,exper2_10
24.560000000000002,24.342327,Calibration,1995,1995-08-04,-0.004451176353125241,exper2_10
24.700000000000045,24.46786,Calibration,1995,1995-08-05,-0.004721391886218715,exper2_10
24.74000000000001,24.591595,Calibration,1995,1995-08-06,-0.0030083216419311363,exper2_10
24.57000000000005,24.350634,Calibration,1995,1995-08-07,-0.004484127913852183,exper2_10
24.460000000000036,24.174923,Calibration,1995,1995-08-08,-0.005861571061153647,exper2_10
24.660000000000025,23.974382,Calibration,1995,1995-08-09,-0.014097384723448276,exper2_10
25.08000000000004,24.216724,Calibration,1995,1995-08-10,-0.017511824869290465,exper2_10
24.730000000000018,24.288612,Calibration,1995,1995-08-11,-0.009004490600105436,exper2_10
24.49000000000001,24.574482,Calibration,1995,1995-08-12,0.0017218558258316908,exper2_10
24.660000000000025,24.186811,Calibration,1995,1995-08-13,-0.009687194288382585,exper2_10
24.49000000000001,24.340399,Calibration,1995,1995-08-14,-0.0030636901450667585,exper2_10
24.5,24.3189,Calibration,1995,1995-08-15,-0.0037096462327667144,exper2_10
24.160000000000025,23.877676,Calibration,1995,1995-08-16,-0.005877136725112237,exper2_10
24.339999999999975,23.424217,Calibration,1995,1995-08-17,-0.01917298825566031,exper2_10
24.399999999999977,23.283142,Calibration,1995,1995-08-18,-0.02342248981939704,exper2_10
24.25,23.690123,Calibration,1995,1995-08-19,-0.011678680929757271,exper2_10
24.089999999999975,23.467146,Calibration,1995,1995-08-20,-0.013096960891020446,exper2_10
23.939999999999998,23.254772,Calibration,1995,1995-08-21,-0.014519146549030568,exper2_10
23.899999999999977,23.73874,Calibration,1995,1995-08-22,-0.003385040743348325,exper2_10
23.82000000000005,23.576086,Calibration,1995,1995-08-23,-0.005146288988092528,exper2_10
23.210000000000036,22.907969,Calibration,1995,1995-08-24,-0.006549106315113749,exper2_10
22.460000000000036,22.34221,Calibration,1995,1995-08-25,-0.002629094152347059,exper2_10
22.200000000000045,22.06684,Calibration,1995,1995-08-26,-0.003008138466905275,exper2_10
21.899999999999977,21.80063,Calibration,1995,1995-08-27,-0.002273867201619236,exper2_10
22.230000000000018,21.864677,Calibration,1995,1995-08-28,-0.008284958459836357,exper2_10
22.360000000000014,22.459476,Calibration,1995,1995-08-29,0.002219492032927566,exper2_10
22.450000000000045,22.382673,Calibration,1995,1995-08-30,-0.0015017337033296921,exper2_10
22.439999999999998,21.99522,Calibration,1995,1995-08-31,-0.010009623308465455,exper2_10
22.200000000000045,21.595318,Calibration,1995,1995-09-01,-0.013807004703677194,exper2_10
22.30000000000001,21.45762,Calibration,1995,1995-09-02,-0.01925103255896518,exper2_10
22.390000000000043,21.712927,Calibration,1995,1995-09-03,-0.01535211341991715,exper2_10
22.79000000000002,21.75358,Calibration,1995,1995-09-04,-0.023267548419849036,exper2_10
23.04000000000002,21.682932,Calibration,1995,1995-09-05,-0.03034389836089581,exper2_10
22.77000000000004,21.65926,Calibration,1995,1995-09-06,-0.025000196018433236,exper2_10
21.620000000000005,20.830215,Calibration,1995,1995-09-07,-0.01860495965567903,exper2_10
20.950000000000045,20.62686,Calibration,1995,1995-09-08,-0.007772119820673284,exper2_10
20.480000000000018,20.12452,Calibration,1995,1995-09-09,-0.0087547065588336,exper2_10
20.140000000000043,19.65954,Calibration,1995,1995-09-10,-0.012071994336593908,exper2_10
19.920000000000016,19.56141,Calibration,1995,1995-09-11,-0.009082479269596,exper2_10
19.80000000000001,19.439322,Calibration,1995,1995-09-12,-0.00919176142968566,exper2_10
19.850000000000023,19.430876,Calibration,1995,1995-09-13,-0.010669930685058797,exper2_10
19.510000000000048,19.10408,Calibration,1995,1995-09-14,-0.010512222425090461,exper2_10
19.0,18.386343,Calibration,1995,1995-09-15,-0.016413934832903945,exper2_10
18.680000000000007,18.496948,Calibration,1995,1995-09-16,-0.004923797311711134,exper2_10
18.30000000000001,18.138517,Calibration,1995,1995-09-17,-0.004431646286710951,exper2_10
18.230000000000018,17.735971,Calibration,1995,1995-09-18,-0.013735999036480559,exper2_10
17.850000000000023,17.53553,Calibration,1995,1995-09-19,-0.008886963367942032,exper2_10
17.05000000000001,16.587578,Calibration,1995,1995-09-20,-0.013747190200575772,exper2_10
16.439999999999998,16.171122,Calibration,1995,1995-09-21,-0.0082449909583086,exper2_10
15.800000000000011,15.649635,Calibration,1995,1995-09-22,-0.004781126507599543,exper2_10
15.460000000000036,15.492787,Calibration,1995,1995-09-23,0.0010592700671003552,exper2_10
15.260000000000048,15.161695,Calibration,1995,1995-09-24,-0.003231426613711295,exper2_10
15.07000000000005,14.9946165,Calibration,1995,1995-09-25,-0.002507382440580635,exper2_10
15.110000000000014,14.844479,Calibration,1995,1995-09-26,-0.00886416339620929,exper2_10
15.420000000000016,14.954476,Calibration,1995,1995-09-27,-0.015326145479177974,exper2_10
15.460000000000036,14.868981,Calibration,1995,1995-09-28,-0.019486926763827357,exper2_10
15.520000000000039,15.128889,Calibration,1995,1995-09-29,-0.012761014438975761,exper2_10
15.700000000000045,15.441309,Calibration,1995,1995-09-30,-0.008307005495053801,exper2_10
15.720000000000027,15.48132,Calibration,1995,1995-10-01,-0.007649664050100942,exper2_10
15.490000000000009,15.252414,Calibration,1995,1995-10-02,-0.007728288749205429,exper2_10
15.29000000000002,15.075957,Calibration,1995,1995-10-03,-0.0070487717419448525,exper2_10
15.220000000000027,14.7159815,Calibration,1995,1995-10-04,-0.016836545573728375,exper2_10
15.089999999999975,14.50632,Calibration,1995,1995-10-05,-0.019721370775527828,exper2_10
14.680000000000007,14.251679,Calibration,1995,1995-10-06,-0.01480455293672819,exper2_10
14.089999999999975,14.109878,Calibration,1995,1995-10-07,0.0007048820089340518,exper2_10
13.990000000000009,14.029374,Calibration,1995,1995-10-08,0.0014052463287477091,exper2_10
13.770000000000039,13.890034,Calibration,1995,1995-10-09,0.0043396086617439105,exper2_10
14.029999999999973,13.775755,Calibration,1995,1995-10-10,-0.009143613329832675,exper2_10
14.220000000000027,13.639459,Calibration,1995,1995-10-11,-0.020838213364116495,exper2_10
14.390000000000043,13.8821535,Calibration,1995,1995-10-12,-0.017962780541434093,exper2_10
14.57000000000005,14.225526,Calibration,1995,1995-10-13,-0.011962766219460802,exper2_10
14.200000000000045,13.698014,Calibration,1995,1995-10-14,-0.017993601121400055,exper2_10
13.490000000000009,13.003197,Calibration,1995,1995-10-15,-0.018374652515668312,exper2_10
13.050000000000011,12.75465,Calibration,1995,1995-10-16,-0.011445607001292556,exper2_10
13.080000000000041,12.539161,Calibration,1995,1995-10-17,-0.02111073337951906,exper2_10
12.810000000000002,12.268695,Calibration,1995,1995-10-18,-0.02158426206056077,exper2_10
12.680000000000007,12.251217,Calibration,1995,1995-10-19,-0.017198643511512655,exper2_10
12.370000000000005,11.964406,Calibration,1995,1995-10-20,-0.01666751127134193,exper2_10
11.75,11.214247,Calibration,1995,1995-10-21,-0.023329885624265825,exper2_10
11.350000000000023,11.217998,Calibration,1995,1995-10-22,-0.005849098872754288,exper2_10
11.160000000000025,10.8636675,Calibration,1995,1995-10-23,-0.013455184612736358,exper2_10
10.800000000000011,10.71553,Calibration,1995,1995-10-24,-0.0039259829034860826,exper2_10
10.730000000000018,10.541646,Calibration,1995,1995-10-25,-0.008854697762641696,exper2_10
10.54000000000002,10.50967,Calibration,1995,1995-10-26,-0.0014408654416216363,exper2_10
10.529999999999973,10.41542,Calibration,1995,1995-10-27,-0.005470428559237609,exper2_10
10.200000000000045,10.3387785,Calibration,1995,1995-10-28,0.006756901137863901,exper2_10
9.800000000000011,10.06173,Calibration,1995,1995-10-29,0.01317762248079841,exper2_10
9.430000000000007,9.231299,Calibration,1995,1995-10-30,-0.010647736548662174,exper2_10
9.300000000000011,9.033874,Calibration,1995,1995-10-31,-0.014515560015892449,exper2_10
9.020000000000039,8.517175,Calibration,1995,1995-11-01,-0.028671966108687285,exper2_10
8.950000000000045,8.658856,Calibration,1995,1995-11-02,-0.016533930518458875,exper2_10
8.57000000000005,7.9272795,Calibration,1995,1995-11-03,-0.038959182859583205,exper2_10
8.110000000000014,7.593378,Calibration,1995,1995-11-04,-0.03289877698789696,exper2_10
7.910000000000025,7.430268,Calibration,1995,1995-11-05,-0.03127273885271234,exper2_10
7.740000000000009,7.398641,Calibration,1995,1995-11-06,-0.022548846231647324,exper2_10
7.470000000000027,7.108638,Calibration,1995,1995-11-07,-0.024787102537443498,exper2_10
6.543000000000006,6.3140397,Calibration,1995,1995-11-08,-0.017808165645489715,exper2_10
6.545000000000016,6.145908,Calibration,1995,1995-11-09,-0.031447089911398676,exper2_10
6.326999999999998,6.2382464,Calibration,1995,1995-11-10,-0.007063415710156067,exper2_10
5.729000000000042,5.63886,Calibration,1995,1995-11-11,-0.007929352801061487,exper2_10
4.911000000000001,5.1382165,Calibration,1995,1995-11-12,0.022610369237775565,exper2_10
,4.6585317,Calibration,1995,1995-11-13,,exper2_10
,4.337705,Calibration,1995,1995-11-14,,exper2_10
,4.157915,Calibration,1995,1995-11-15,,exper2_10
,4.1103396,Calibration,1995,1995-11-16,,exper2_10
,4.026272,Calibration,1995,1995-11-17,,exper2_10
,4.0580163,Calibration,1995,1995-11-18,,exper2_10
,3.614001,Calibration,1995,1995-11-19,,exper2_10
,3.6062243,Calibration,1995,1995-11-20,,exper2_10
,3.3772297,Calibration,1995,1995-11-21,,exper2_10
,3.033135,Calibration,1995,1995-11-22,,exper2_10
,2.7483537,Calibration,1995,1995-11-23,,exper2_10
,2.0078838,Calibration,1995,1995-11-24,,exper2_10
,2.3524408,Calibration,1995,1995-11-25,,exper2_10
,2.273579,Calibration,1995,1995-11-26,,exper2_10
,2.1848578,Calibration,1995,1995-11-27,,exper2_10
,1.6389954,Calibration,1995,1995-11-28,,exper2_10
,1.2682837,Calibration,1995,1995-11-29,,exper2_10
,1.3794364,Calibration,1995,1995-11-30,,exper2_10
,2.2899058,Calibration,1995,1995-12-01,,exper2_10
,1.5887144,Calibration,1995,1995-12-02,,exper2_10
,1.9090862,Calibration,1995,1995-12-03,,exper2_10
,1.9248098,Calibration,1995,1995-12-04,,exper2_10
,1.8306113,Calibration,1995,1995-12-05,,exper2_10
,1.2784216,Calibration,1995,1995-12-06,,exper2_10
,0.50326055,Calibration,1995,1995-12-07,,exper2_10
,0.2284582,Calibration,1995,1995-12-08,,exper2_10
,0.01,Calibration,1995,1995-12-09,,exper2_10
,0.01,Calibration,1995,1995-12-10,,exper2_10
,0.01,Calibration,1995,1995-12-11,,exper2_10
,0.01,Calibration,1995,1995-12-12,,exper2_10
,0.01,Calibration,1995,1995-12-13,,exper2_10
,0.01,Calibration,1995,1995-12-14,,exper2_10
,0.01,Calibration,1995,1995-12-15,,exper2_10
,0.01,Calibration,1995,1995-12-16,,exper2_10
,0.01,Calibration,1995,1995-12-17,,exper2_10
,0.01,Calibration,1995,1995-12-18,,exper2_10
,0.01,Calibration,1995,1995-12-19,,exper2_10
,0.01,Calibration,1995,1995-12-20,,exper2_10
,0.01,Calibration,1995,1995-12-21,,exper2_10
,0.01,Calibration,1995,1995-12-22,,exper2_10
,0.01,Calibration,1995,1995-12-23,,exper2_10
,0.01,Calibration,1995,1995-12-24,,exper2_10
,0.01,Calibration,1995,1995-12-25,,exper2_10
,0.01,Calibration,1995,1995-12-26,,exper2_10
,0.01,Calibration,1995,1995-12-27,,exper2_10
,0.01,Calibration,1995,1995-12-28,,exper2_10
,0.01,Calibration,1995,1995-12-29,,exper2_10
,0.01,Calibration,1995,1995-12-30,,exper2_10
,0.01,Calibration,1995,1995-12-31,,exper2_10
,0.01,Calibration,1996,1996-01-01,,exper2_10
,0.01,Calibration,1996,1996-01-02,,exper2_10
,0.01,Calibration,1996,1996-01-03,,exper2_10
,0.01,Calibration,1996,1996-01-04,,exper2_10
,0.01,Calibration,1996,1996-01-05,,exper2_10
,0.01,Calibration,1996,1996-01-06,,exper2_10
,0.01,Calibration,1996,1996-01-07,,exper2_10
,0.01,Calibration,1996,1996-01-08,,exper2_10
,0.01,Calibration,1996,1996-01-09,,exper2_10
,0.01,Calibration,1996,1996-01-10,,exper2_10
,0.01,Calibration,1996,1996-01-11,,exper2_10
,0.01,Calibration,1996,1996-01-12,,exper2_10
,0.01,Calibration,1996,1996-01-13,,exper2_10
,0.01,Calibration,1996,1996-01-14,,exper2_10
,0.01,Calibration,1996,1996-01-15,,exper2_10
,0.01,Calibration,1996,1996-01-16,,exper2_10
,0.01,Calibration,1996,1996-01-17,,exper2_10
,0.01,Calibration,1996,1996-01-18,,exper2_10
,0.01,Calibration,1996,1996-01-19,,exper2_10
,0.01,Calibration,1996,1996-01-20,,exper2_10
,0.01,Calibration,1996,1996-01-21,,exper2_10
,0.01,Calibration,1996,1996-01-22,,exper2_10
,0.01,Calibration,1996,1996-01-23,,exper2_10
,0.01,Calibration,1996,1996-01-24,,exper2_10
,0.01,Calibration,1996,1996-01-25,,exper2_10
,0.01,Calibration,1996,1996-01-26,,exper2_10
,0.01,Calibration,1996,1996-01-27,,exper2_10
,0.01,Calibration,1996,1996-01-28,,exper2_10
,0.01,Calibration,1996,1996-01-29,,exper2_10
,0.01,Calibration,1996,1996-01-30,,exper2_10
,0.01,Calibration,1996,1996-01-31,,exper2_10
,0.01,Calibration,1996,1996-02-01,,exper2_10
,0.01,Calibration,1996,1996-02-02,,exper2_10
,0.01,Calibration,1996,1996-02-03,,exper2_10
,0.01,Calibration,1996,1996-02-04,,exper2_10
,0.01,Calibration,1996,1996-02-05,,exper2_10
,0.01,Calibration,1996,1996-02-06,,exper2_10
,0.01,Calibration,1996,1996-02-07,,exper2_10
,0.01,Calibration,1996,1996-02-08,,exper2_10
,0.01,Calibration,1996,1996-02-09,,exper2_10
,0.01,Calibration,1996,1996-02-10,,exper2_10
,0.01,Calibration,1996,1996-02-11,,exper2_10
,0.01,Calibration,1996,1996-02-12,,exper2_10
,0.01,Calibration,1996,1996-02-13,,exper2_10
,0.01,Calibration,1996,1996-02-14,,exper2_10
,0.01,Calibration,1996,1996-02-15,,exper2_10
,0.01,Calibration,1996,1996-02-16,,exper2_10
,0.01,Calibration,1996,1996-02-17,,exper2_10
,0.01,Calibration,1996,1996-02-18,,exper2_10
,0.01,Calibration,1996,1996-02-19,,exper2_10
,0.01,Calibration,1996,1996-02-20,,exper2_10
,0.01,Calibration,1996,1996-02-21,,exper2_10
,0.01,Calibration,1996,1996-02-22,,exper2_10
,0.01,Calibration,1996,1996-02-23,,exper2_10
,0.01,Calibration,1996,1996-02-24,,exper2_10
,0.01,Calibration,1996,1996-02-25,,exper2_10
,0.01,Calibration,1996,1996-02-26,,exper2_10
,0.01,Calibration,1996,1996-02-27,,exper2_10
,0.01,Calibration,1996,1996-02-28,,exper2_10
,0.01,Calibration,1996,1996-02-29,,exper2_10
,0.01,Calibration,1996,1996-03-01,,exper2_10
,0.01,Calibration,1996,1996-03-02,,exper2_10
,0.01,Calibration,1996,1996-03-03,,exper2_10
,0.01,Calibration,1996,1996-03-04,,exper2_10
,0.01,Calibration,1996,1996-03-05,,exper2_10
,0.01,Calibration,1996,1996-03-06,,exper2_10
,0.01,Calibration,1996,1996-03-07,,exper2_10
,0.01,Calibration,1996,1996-03-08,,exper2_10
,0.01,Calibration,1996,1996-03-09,,exper2_10
,0.01,Calibration,1996,1996-03-10,,exper2_10
,0.01,Calibration,1996,1996-03-11,,exper2_10
,0.01,Calibration,1996,1996-03-12,,exper2_10
,0.01,Calibration,1996,1996-03-13,,exper2_10
,0.01,Calibration,1996,1996-03-14,,exper2_10
,0.01,Calibration,1996,1996-03-15,,exper2_10
,0.01,Calibration,1996,1996-03-16,,exper2_10
,0.003298968,Calibration,1996,1996-03-17,,exper2_10
,0.01,Calibration,1996,1996-03-18,,exper2_10
,0.123273835,Calibration,1996,1996-03-19,,exper2_10
,0.01,Calibration,1996,1996-03-20,,exper2_10
,0.01,Calibration,1996,1996-03-21,,exper2_10
,0.01,Calibration,1996,1996-03-22,,exper2_10
,0.01,Calibration,1996,1996-03-23,,exper2_10
,0.01,Calibration,1996,1996-03-24,,exper2_10
,0.01,Calibration,1996,1996-03-25,,exper2_10
,0.01,Calibration,1996,1996-03-26,,exper2_10
,0.01,Calibration,1996,1996-03-27,,exper2_10
,0.01,Calibration,1996,1996-03-28,,exper2_10
,0.01,Calibration,1996,1996-03-29,,exper2_10
,0.01,Calibration,1996,1996-03-30,,exper2_10
,0.01,Calibration,1996,1996-03-31,,exper2_10
,0.01,Calibration,1996,1996-04-01,,exper2_10
,0.01,Calibration,1996,1996-04-02,,exper2_10
,0.01,Calibration,1996,1996-04-03,,exper2_10
,0.01,Calibration,1996,1996-04-04,,exper2_10
,0.01,Calibration,1996,1996-04-05,,exper2_10
,0.01,Calibration,1996,1996-04-06,,exper2_10
,0.01,Calibration,1996,1996-04-07,,exper2_10
,0.01,Calibration,1996,1996-04-08,,exper2_10
,0.01,Calibration,1996,1996-04-09,,exper2_10
,0.01,Calibration,1996,1996-04-10,,exper2_10
,0.01,Calibration,1996,1996-04-11,,exper2_10
,0.01,Calibration,1996,1996-04-12,,exper2_10
,0.01,Calibration,1996,1996-04-13,,exper2_10
,0.01,Calibration,1996,1996-04-14,,exper2_10
,0.01,Calibration,1996,1996-04-15,,exper2_10
,0.129099,Calibration,1996,1996-04-16,,exper2_10
,0.33337003,Calibration,1996,1996-04-17,,exper2_10
,0.49101043,Calibration,1996,1996-04-18,,exper2_10
,0.77365386,Calibration,1996,1996-04-19,,exper2_10
,1.1989652,Calibration,1996,1996-04-20,,exper2_10
,1.727297,Calibration,1996,1996-04-21,,exper2_10
,1.6776794,Calibration,1996,1996-04-22,,exper2_10
,2.078283,Calibration,1996,1996-04-23,,exper2_10
,1.9442359,Calibration,1996,1996-04-24,,exper2_10
,2.5238793,Calibration,1996,1996-04-25,,exper2_10
,2.6258156,Calibration,1996,1996-04-26,,exper2_10
,3.0755253,Calibration,1996,1996-04-27,,exper2_10
,3.217703,Calibration,1996,1996-04-28,,exper2_10
,3.431564,Calibration,1996,1996-04-29,,exper2_10
,3.6493912,Calibration,1996,1996-04-30,,exper2_10
,3.5391946,Calibration,1996,1996-05-01,,exper2_10
,4.2380843,Calibration,1996,1996-05-02,,exper2_10
,4.0033956,Calibration,1996,1996-05-03,,exper2_10
,3.8352702,Calibration,1996,1996-05-04,,exper2_10
,4.552751,Calibration,1996,1996-05-05,,exper2_10
,4.129601,Calibration,1996,1996-05-06,,exper2_10
,4.6183114,Calibration,1996,1996-05-07,,exper2_10
,4.617,Calibration,1996,1996-05-08,,exper2_10
,5.3829284,Calibration,1996,1996-05-09,,exper2_10
,5.2648,Calibration,1996,1996-05-10,,exper2_10
,5.8018613,Calibration,1996,1996-05-11,,exper2_10
,6.156845,Calibration,1996,1996-05-12,,exper2_10
,6.1566586,Calibration,1996,1996-05-13,,exper2_10
,6.32761,Calibration,1996,1996-05-14,,exper2_10
,6.619216,Calibration,1996,1996-05-15,,exper2_10
,7.2012105,Calibration,1996,1996-05-16,,exper2_10
,7.7417164,Calibration,1996,1996-05-17,,exper2_10
,9.077751,Calibration,1996,1996-05-18,,exper2_10
,9.443389,Calibration,1996,1996-05-19,,exper2_10
,11.151502,Calibration,1996,1996-05-20,,exper2_10
,12.516515,Calibration,1996,1996-05-21,,exper2_10
,13.814982,Calibration,1996,1996-05-22,,exper2_10
,13.752147,Calibration,1996,1996-05-23,,exper2_10
,13.71046,Calibration,1996,1996-05-24,,exper2_10
,14.057342,Calibration,1996,1996-05-25,,exper2_10
,14.536779,Calibration,1996,1996-05-26,,exper2_10
,15.727171,Calibration,1996,1996-05-27,,exper2_10
16.950000000000045,16.808718,Calibration,1996,1996-05-28,-0.004185060388805851,exper2_10
16.950000000000045,17.581224,Calibration,1996,1996-05-29,0.018279816361482504,exper2_10
17.700000000000045,18.26938,Calibration,1996,1996-05-30,0.015829590625239424,exper2_10
17.720000000000027,18.800266,Calibration,1996,1996-05-31,0.029579912096059945,exper2_10
17.960000000000036,18.675936,Calibration,1996,1996-06-01,0.019541898703440506,exper2_10
18.610000000000014,19.660822,Calibration,1996,1996-06-02,0.027457521477215974,exper2_10
18.710000000000036,19.095049,Calibration,1996,1996-06-03,0.010185118537801999,exper2_10
18.060000000000002,17.896765,Calibration,1996,1996-06-04,-0.004539764516137384,exper2_10
18.170000000000016,18.073027,Calibration,1996,1996-06-05,-0.0026756414085663733,exper2_10
18.74000000000001,18.05757,Calibration,1996,1996-06-06,-0.01854553182230282,exper2_10
18.629999999999995,17.948725,Calibration,1996,1996-06-07,-0.018624904449608504,exper2_10
19.189999999999998,18.756693,Calibration,1996,1996-06-08,-0.011418837339664369,exper2_10
20.52000000000004,20.58317,Calibration,1996,1996-06-09,0.0015368629045002392,exper2_10
,21.311356,Calibration,1996,1996-06-10,,exper2_10
22.379999999999995,21.829708,Calibration,1996,1996-06-11,-0.012447309070621578,exper2_10
23.260000000000048,22.84582,Calibration,1996,1996-06-12,-0.008983259195156456,exper2_10
23.930000000000007,23.67032,Calibration,1996,1996-06-13,-0.005455414718824844,exper2_10
24.100000000000023,23.877169,Calibration,1996,1996-06-14,-0.004644528863406682,exper2_10
24.339999999999975,23.879057,Calibration,1996,1996-06-15,-0.009559354719897504,exper2_10
24.360000000000014,23.526487,Calibration,1996,1996-06-16,-0.017406009412132672,exper2_10
23.79000000000002,22.460403,Calibration,1996,1996-06-17,-0.02874778290904151,exper2_10
22.720000000000027,21.563593,Calibration,1996,1996-06-18,-0.026113669041345322,exper2_10
22.32000000000005,21.382593,Calibration,1996,1996-06-19,-0.021449684730837623,exper2_10
22.700000000000045,22.01018,Calibration,1996,1996-06-20,-0.015428711934460005,exper2_10
22.180000000000007,21.912619,Calibration,1996,1996-06-21,-0.00606408444723579,exper2_10
21.79000000000002,21.207567,Calibration,1996,1996-06-22,-0.013545714856897232,exper2_10
20.980000000000018,21.06922,Calibration,1996,1996-06-23,0.0021217894197547646,exper2_10
20.760000000000048,20.395685,Calibration,1996,1996-06-24,-0.008852113683513333,exper2_10
21.600000000000023,20.677614,Calibration,1996,1996-06-25,-0.021817356659196083,exper2_10
21.460000000000036,21.172155,Calibration,1996,1996-06-26,-0.0067518195405238115,exper2_10
22.730000000000018,22.66131,Calibration,1996,1996-06-27,-0.001513280929338243,exper2_10
23.930000000000007,23.89813,Calibration,1996,1996-06-28,-0.000666335540446893,exper2_10
25.660000000000025,24.173433,Calibration,1996,1996-06-29,-0.02983070997945219,exper2_10
25.670000000000016,24.688074,Calibration,1996,1996-06-30,-0.01949887690063096,exper2_10
25.180000000000007,24.586,Calibration,1996,1996-07-01,-0.011935850826135347,exper2_10
24.850000000000023,24.449883,Calibration,1996,1996-07-02,-0.008115992824452686,exper2_10
24.779999999999973,24.146023,Calibration,1996,1996-07-03,-0.012957873277465148,exper2_10
25.439999999999998,24.522272,Calibration,1996,1996-07-04,-0.01836841783324804,exper2_10
25.74000000000001,24.778793,Calibration,1996,1996-07-05,-0.019026714645891583,exper2_10
25.399999999999977,24.595772,Calibration,1996,1996-07-06,-0.016085924502465262,exper2_10
25.24000000000001,24.586485,Calibration,1996,1996-07-07,-0.013115817664745476,exper2_10
24.560000000000002,24.244127,Calibration,1996,1996-07-08,-0.006472254378607875,exper2_10
23.560000000000002,23.6461,Calibration,1996,1996-07-09,0.0018238975944817625,exper2_10
23.360000000000014,23.214796,Calibration,1996,1996-07-10,-0.0031176504457299825,exper2_10
22.850000000000023,23.022842,Calibration,1996,1996-07-11,0.0037678591113270757,exper2_10
22.100000000000023,22.715258,Calibration,1996,1996-07-12,0.01372875393313064,exper2_10
21.640000000000043,22.474825,Calibration,1996,1996-07-13,0.018923908395550713,exper2_10
21.189999999999998,22.122072,Calibration,1996,1996-07-14,0.02151991747514436,exper2_10
21.52000000000004,22.14792,Calibration,1996,1996-07-15,0.01437944834034411,exper2_10
22.120000000000005,22.929214,Calibration,1996,1996-07-16,0.01796289873028799,exper2_10
22.700000000000045,23.700232,Calibration,1996,1996-07-17,0.021556606910471125,exper2_10
23.24000000000001,23.586931,Calibration,1996,1996-07-18,0.007408797022033237,exper2_10
22.910000000000025,23.209429,Calibration,1996,1996-07-19,0.006492465217052288,exper2_10
22.279999999999973,23.005663,Calibration,1996,1996-07-20,0.016024120468400134,exper2_10
22.610000000000014,23.261248,Calibration,1996,1996-07-21,0.014197295004297433,exper2_10
23.129999999999995,23.341879,Calibration,1996,1996-07-22,0.004559292545244802,exper2_10
22.810000000000002,23.136415,Calibration,1996,1996-07-23,0.007104264351118548,exper2_10
22.670000000000016,22.794922,Calibration,1996,1996-07-24,0.0027476540121071976,exper2_10
22.57000000000005,22.478888,Calibration,1996,1996-07-25,-0.002022523683839666,exper2_10
22.680000000000007,22.417032,Calibration,1996,1996-07-26,-0.005831154404321341,exper2_10
22.5,22.406796,Calibration,1996,1996-07-27,-0.0020755098922048136,exper2_10
21.980000000000018,22.14646,Calibration,1996,1996-07-28,0.0037723302765311703,exper2_10
21.649999999999977,22.016575,Calibration,1996,1996-07-29,0.008394861763205414,exper2_10
20.839999999999975,21.609047,Calibration,1996,1996-07-30,0.018116942347234065,exper2_10
20.480000000000018,20.879192,Calibration,1996,1996-07-31,0.00965184109241324,exper2_10
20.910000000000025,21.27294,Calibration,1996,1996-08-01,0.008603944740286152,exper2_10
22.120000000000005,22.448557,Calibration,1996,1996-08-02,0.007371943874274949,exper2_10
22.07000000000005,22.586573,Calibration,1996,1996-08-03,0.011567673389916617,exper2_10
22.25,22.698267,Calibration,1996,1996-08-04,0.009972953644718835,exper2_10
22.450000000000045,22.558352,Calibration,1996,1996-08-05,0.0024073647017115777,exper2_10
23.180000000000007,23.39274,Calibration,1996,1996-08-06,0.0045679135153627775,exper2_10
23.77000000000004,23.769876,Calibration,1996,1996-08-07,-2.598237661624747e-06,exper2_10
23.480000000000018,23.328829,Calibration,1996,1996-08-08,-0.0032295443443545557,exper2_10
23.07000000000005,22.74815,Calibration,1996,1996-08-09,-0.007024511663483496,exper2_10
22.879999999999995,22.371347,Calibration,1996,1996-08-10,-0.011240606115613625,exper2_10
23.08000000000004,22.294558,Calibration,1996,1996-08-11,-0.017310194757332163,exper2_10
23.439999999999998,22.468737,Calibration,1996,1996-08-12,-0.02115639467223069,exper2_10
23.52000000000004,22.971645,Calibration,1996,1996-08-13,-0.011794692155669344,exper2_10
23.24000000000001,22.862146,Calibration,1996,1996-08-14,-0.008196009342862666,exper2_10
22.49000000000001,22.400404,Calibration,1996,1996-08-15,-0.0019958836549254836,exper2_10
22.529999999999973,22.532526,Calibration,1996,1996-08-16,5.6055806424805464e-05,exper2_10
23.010000000000048,22.78615,Calibration,1996,1996-08-17,-0.004887965941826342,exper2_10
23.100000000000023,23.195955,Calibration,1996,1996-08-18,0.00207264923935946,exper2_10
23.160000000000025,22.98654,Calibration,1996,1996-08-19,-0.0037588984981448636,exper2_10
23.399999999999977,23.273588,Calibration,1996,1996-08-20,-0.0027084229943710575,exper2_10
23.379999999999995,23.664856,Calibration,1996,1996-08-21,0.006054986272918547,exper2_10
23.399999999999977,23.63878,Calibration,1996,1996-08-22,0.0050762496573561276,exper2_10
23.279999999999973,23.29344,Calibration,1996,1996-08-23,0.00028857359798324986,exper2_10
23.360000000000014,23.085865,Calibration,1996,1996-08-24,-0.005902247253347037,exper2_10
23.140000000000043,22.861437,Calibration,1996,1996-08-25,-0.00605553163640106,exper2_10
22.779999999999973,22.51837,Calibration,1996,1996-08-26,-0.005775711735241138,exper2_10
22.470000000000027,22.303146,Calibration,1996,1996-08-27,-0.00372664534998632,exper2_10
22.660000000000025,22.344244,Calibration,1996,1996-08-28,-0.007016138226452641,exper2_10
22.930000000000007,22.542032,Calibration,1996,1996-08-29,-0.00853200833680572,exper2_10
23.189999999999998,22.648075,Calibration,1996,1996-08-30,-0.011822592790240923,exper2_10
23.210000000000036,22.699402,Calibration,1996,1996-08-31,-0.011121864452487161,exper2_10
23.140000000000043,22.67573,Calibration,1996,1996-09-01,-0.010133424719641137,exper2_10
23.170000000000016,22.703053,Calibration,1996,1996-09-02,-0.01017912376850932,exper2_10
23.450000000000045,22.764502,Calibration,1996,1996-09-03,-0.014832972444415757,exper2_10
23.839999999999975,23.153318,Calibration,1996,1996-09-04,-0.01461232401015832,exper2_10
23.660000000000025,23.323359,Calibration,1996,1996-09-05,-0.00716512132646182,exper2_10
23.839999999999975,23.452044,Calibration,1996,1996-09-06,-0.008203419384941556,exper2_10
24.32000000000005,23.416594,Calibration,1996,1996-09-07,-0.018924820167302254,exper2_10
23.730000000000018,23.153723,Calibration,1996,1996-09-08,-0.012291627093071383,exper2_10
23.29000000000002,22.831371,Calibration,1996,1996-09-09,-0.009943951786916105,exper2_10
22.810000000000002,22.87388,Calibration,1996,1996-09-10,0.001398313492905918,exper2_10
22.180000000000007,22.211254,Calibration,1996,1996-09-11,0.0007040603040554383,exper2_10
21.410000000000025,21.44648,Calibration,1996,1996-09-12,0.0008512084411912108,exper2_10
19.79000000000002,20.502775,Calibration,1996,1996-09-13,0.017689900704522036,exper2_10
18.79000000000002,19.478495,Calibration,1996,1996-09-14,0.017991160890097776,exper2_10
18.08000000000004,18.798286,Calibration,1996,1996-09-15,0.019477218367942754,exper2_10
17.810000000000002,18.339573,Calibration,1996,1996-09-16,0.014649492757879927,exper2_10
17.77000000000004,17.970293,Calibration,1996,1996-09-17,0.005604124308423397,exper2_10
17.689999999999998,17.675556,Calibration,1996,1996-09-18,-0.00040841481649507577,exper2_10
17.5,17.49836,Calibration,1996,1996-09-19,-4.686847724317437e-05,exper2_10
17.370000000000005,17.212204,Calibration,1996,1996-09-20,-0.004562925503573822,exper2_10
17.220000000000027,16.930344,Calibration,1996,1996-09-21,-0.008481799633589793,exper2_10
17.149999999999977,16.802063,Calibration,1996,1996-09-22,-0.010247890145550801,exper2_10
16.910000000000025,16.73332,Calibration,1996,1996-09-23,-0.00525155551097576,exper2_10
16.620000000000005,16.634413,Calibration,1996,1996-09-24,0.00043340911188413715,exper2_10
16.149999999999977,16.26602,Calibration,1996,1996-09-25,0.00357908903705866,exper2_10
16.230000000000018,15.784265,Calibration,1996,1996-09-26,-0.013923025924510165,exper2_10
15.660000000000025,15.689271,Calibration,1996,1996-09-27,0.0009337050686301277,exper2_10
15.149999999999977,15.237325,Calibration,1996,1996-09-28,0.002873721707345192,exper2_10
14.689999999999998,14.962269,Calibration,1996,1996-09-29,0.0091820572284928,exper2_10
14.689999999999998,14.736965,Calibration,1996,1996-09-30,0.0015959912670902902,exper2_10
15.050000000000011,14.744937,Calibration,1996,1996-10-01,-0.010238754910905371,exper2_10
14.54000000000002,14.637712,Calibration,1996,1996-10-02,0.0033488412852310224,exper2_10
13.529999999999973,14.045938,Calibration,1996,1996-10-03,0.018709700710384986,exper2_10
13.649999999999977,13.591701,Calibration,1996,1996-10-04,-0.002140081012585713,exper2_10
13.629999999999995,13.555897,Calibration,1996,1996-10-05,-0.002725797189021166,exper2_10
13.490000000000009,13.676038,Calibration,1996,1996-10-06,0.006848175278273514,exper2_10
12.990000000000009,13.242892,Calibration,1996,1996-10-07,0.009640273850174783,exper2_10
12.460000000000036,12.927924,Calibration,1996,1996-10-08,0.018430973454553162,exper2_10
12.600000000000023,12.818977,Calibration,1996,1996-10-09,0.008614719344942104,exper2_10
11.870000000000005,12.42111,Calibration,1996,1996-10-10,0.022687730191107657,exper2_10
11.710000000000036,11.807098,Calibration,1996,1996-10-11,0.0041288422179927824,exper2_10
11.939999999999998,12.159389,Calibration,1996,1996-10-12,0.009103489982384944,exper2_10
12.060000000000002,12.198743,Calibration,1996,1996-10-13,0.005719293340118427,exper2_10
11.710000000000036,11.885346,Calibration,1996,1996-10-14,0.007431398106729341,exper2_10
11.779999999999973,11.813029,Calibration,1996,1996-10-15,0.0013999596593002371,exper2_10
11.830000000000041,11.602552,Calibration,1996,1996-10-16,-0.00970647934726472,exper2_10
11.890000000000043,11.931655,Calibration,1996,1996-10-17,0.0017486161325443298,exper2_10
10.930000000000007,11.220531,Calibration,1996,1996-10-18,0.013116229924332446,exper2_10
10.520000000000039,10.970795,Calibration,1996,1996-10-19,0.020976175357600116,exper2_10
10.629999999999995,10.698607,Calibration,1996,1996-10-20,0.0032166865530657675,exper2_10
10.710000000000036,10.735797,Calibration,1996,1996-10-21,0.0012028897080320804,exper2_10
10.700000000000045,10.606423,Calibration,1996,1996-10-22,-0.004391944173323155,exper2_10
10.640000000000043,10.45477,Calibration,1996,1996-10-23,-0.008780845253577469,exper2_10
10.129999999999995,10.284483,Calibration,1996,1996-10-24,0.0075673215072894,exper2_10
10.200000000000045,10.20654,Calibration,1996,1996-10-25,0.00032049076876725633,exper2_10
10.330000000000041,10.170121,Calibration,1996,1996-10-26,-0.007798920092386257,exper2_10
10.160000000000025,10.040909,Calibration,1996,1996-10-27,-0.005895338057464695,exper2_10
,10.061894,Calibration,1996,1996-10-28,,exper2_10
,9.898519,Calibration,1996,1996-10-29,,exper2_10
,9.807785,Calibration,1996,1996-10-30,,exper2_10
,8.38401,Calibration,1996,1996-10-31,,exper2_10
,7.9470973,Calibration,1996,1996-11-01,,exper2_10
,7.600207,Calibration,1996,1996-11-02,,exper2_10
,7.306992,Calibration,1996,1996-11-03,,exper2_10
,7.2720547,Calibration,1996,1996-11-04,,exper2_10
,7.4306474,Calibration,1996,1996-11-05,,exper2_10
,7.4480205,Calibration,1996,1996-11-06,,exper2_10
,7.143763,Calibration,1996,1996-11-07,,exper2_10
,7.132302,Calibration,1996,1996-11-08,,exper2_10
,6.726758,Calibration,1996,1996-11-09,,exper2_10
,6.4565387,Calibration,1996,1996-11-10,,exper2_10
,5.7706046,Calibration,1996,1996-11-11,,exper2_10
,5.191524,Calibration,1996,1996-11-12,,exper2_10
,4.758024,Calibration,1996,1996-11-13,,exper2_10
,4.6194043,Calibration,1996,1996-11-14,,exper2_10
,4.132382,Calibration,1996,1996-11-15,,exper2_10
,4.222962,Calibration,1996,1996-11-16,,exper2_10
,4.328921,Calibration,1996,1996-11-17,,exper2_10
,4.0381155,Calibration,1996,1996-11-18,,exper2_10
,3.9583766,Calibration,1996,1996-11-19,,exper2_10
,3.6787715,Calibration,1996,1996-11-20,,exper2_10
,3.8505325,Calibration,1996,1996-11-21,,exper2_10
,3.5839205,Calibration,1996,1996-11-22,,exper2_10
,3.2107794,Calibration,1996,1996-11-23,,exper2_10
,3.159222,Calibration,1996,1996-11-24,,exper2_10
,0.5916851,Calibration,1996,1996-11-25,,exper2_10
,0.01,Calibration,1996,1996-11-26,,exper2_10
,0.01,Calibration,1996,1996-11-27,,exper2_10
,0.01,Calibration,1996,1996-11-28,,exper2_10
,0.01,Calibration,1996,1996-11-29,,exper2_10
,0.01,Calibration,1996,1996-11-30,,exper2_10
,0.01,Calibration,1996,1996-12-01,,exper2_10
,0.01,Calibration,1996,1996-12-02,,exper2_10
,0.01,Calibration,1996,1996-12-03,,exper2_10
,0.01,Calibration,1996,1996-12-04,,exper2_10
,0.01,Calibration,1996,1996-12-05,,exper2_10
,0.01,Calibration,1996,1996-12-06,,exper2_10
,0.01,Calibration,1996,1996-12-07,,exper2_10
,0.01,Calibration,1996,1996-12-08,,exper2_10
,0.01,Calibration,1996,1996-12-09,,exper2_10
,0.01,Calibration,1996,1996-12-10,,exper2_10
,0.01,Calibration,1996,1996-12-11,,exper2_10
,0.01,Calibration,1996,1996-12-12,,exper2_10
,0.01,Calibration,1996,1996-12-13,,exper2_10
,0.01,Calibration,1996,1996-12-14,,exper2_10
,0.01,Calibration,1996,1996-12-15,,exper2_10
,0.01,Calibration,1996,1996-12-16,,exper2_10
,0.01,Calibration,1996,1996-12-17,,exper2_10
,0.01,Calibration,1996,1996-12-18,,exper2_10
,0.01,Calibration,1996,1996-12-19,,exper2_10
,0.01,Calibration,1996,1996-12-20,,exper2_10
,0.01,Calibration,1996,1996-12-21,,exper2_10
,0.01,Calibration,1996,1996-12-22,,exper2_10
,0.01,Calibration,1996,1996-12-23,,exper2_10
,0.01,Calibration,1996,1996-12-24,,exper2_10
,0.01,Calibration,1996,1996-12-25,,exper2_10
,0.01,Calibration,1996,1996-12-26,,exper2_10
,0.01,Calibration,1996,1996-12-27,,exper2_10
,0.01,Calibration,1996,1996-12-28,,exper2_10
,0.01,Calibration,1996,1996-12-29,,exper2_10
,0.01,Calibration,1996,1996-12-30,,exper2_10
,0.01,Calibration,1996,1996-12-31,,exper2_10
,0.01,Calibration,1997,1997-01-01,,exper2_10
,0.01,Calibration,1997,1997-01-02,,exper2_10
,0.01,Calibration,1997,1997-01-03,,exper2_10
,0.01,Calibration,1997,1997-01-04,,exper2_10
,0.01,Calibration,1997,1997-01-05,,exper2_10
,0.01,Calibration,1997,1997-01-06,,exper2_10
,0.01,Calibration,1997,1997-01-07,,exper2_10
,0.01,Calibration,1997,1997-01-08,,exper2_10
,0.01,Calibration,1997,1997-01-09,,exper2_10
,0.01,Calibration,1997,1997-01-10,,exper2_10
,0.01,Calibration,1997,1997-01-11,,exper2_10
,0.01,Calibration,1997,1997-01-12,,exper2_10
,0.01,Calibration,1997,1997-01-13,,exper2_10
,0.01,Calibration,1997,1997-01-14,,exper2_10
,0.01,Calibration,1997,1997-01-15,,exper2_10
,0.01,Calibration,1997,1997-01-16,,exper2_10
,0.01,Calibration,1997,1997-01-17,,exper2_10
,0.01,Calibration,1997,1997-01-18,,exper2_10
,0.01,Calibration,1997,1997-01-19,,exper2_10
,0.01,Calibration,1997,1997-01-20,,exper2_10
,0.01,Calibration,1997,1997-01-21,,exper2_10
,0.01,Calibration,1997,1997-01-22,,exper2_10
,0.01,Calibration,1997,1997-01-23,,exper2_10
,0.01,Calibration,1997,1997-01-24,,exper2_10
,0.01,Calibration,1997,1997-01-25,,exper2_10
,0.01,Calibration,1997,1997-01-26,,exper2_10
,0.01,Calibration,1997,1997-01-27,,exper2_10
,0.01,Calibration,1997,1997-01-28,,exper2_10
,0.01,Calibration,1997,1997-01-29,,exper2_10
,0.01,Calibration,1997,1997-01-30,,exper2_10
,0.01,Calibration,1997,1997-01-31,,exper2_10
,0.01,Calibration,1997,1997-02-01,,exper2_10
,0.01,Calibration,1997,1997-02-02,,exper2_10
,0.01,Calibration,1997,1997-02-03,,exper2_10
,0.01,Calibration,1997,1997-02-04,,exper2_10
,0.01,Calibration,1997,1997-02-05,,exper2_10
,0.01,Calibration,1997,1997-02-06,,exper2_10
,0.01,Calibration,1997,1997-02-07,,exper2_10
,0.01,Calibration,1997,1997-02-08,,exper2_10
,0.01,Calibration,1997,1997-02-09,,exper2_10
,0.01,Calibration,1997,1997-02-10,,exper2_10
,0.01,Calibration,1997,1997-02-11,,exper2_10
,0.01,Calibration,1997,1997-02-12,,exper2_10
,0.01,Calibration,1997,1997-02-13,,exper2_10
,0.01,Calibration,1997,1997-02-14,,exper2_10
,0.01,Calibration,1997,1997-02-15,,exper2_10
,0.01,Calibration,1997,1997-02-16,,exper2_10
,0.01,Calibration,1997,1997-02-17,,exper2_10
,0.01,Calibration,1997,1997-02-18,,exper2_10
,0.01,Calibration,1997,1997-02-19,,exper2_10
,0.01,Calibration,1997,1997-02-20,,exper2_10
,0.01,Calibration,1997,1997-02-21,,exper2_10
,0.062316075,Calibration,1997,1997-02-22,,exper2_10
,0.01,Calibration,1997,1997-02-23,,exper2_10
,0.01,Calibration,1997,1997-02-24,,exper2_10
,0.01,Calibration,1997,1997-02-25,,exper2_10
,0.01,Calibration,1997,1997-02-26,,exper2_10
,0.01,Calibration,1997,1997-02-27,,exper2_10
,0.01,Calibration,1997,1997-02-28,,exper2_10
,0.01,Calibration,1997,1997-03-01,,exper2_10
,0.10221295,Calibration,1997,1997-03-02,,exper2_10
,0.13945852,Calibration,1997,1997-03-03,,exper2_10
,0.19206123,Calibration,1997,1997-03-04,,exper2_10
,0.14369117,Calibration,1997,1997-03-05,,exper2_10
,0.19153206,Calibration,1997,1997-03-06,,exper2_10
,0.08685963,Calibration,1997,1997-03-07,,exper2_10
,0.01,Calibration,1997,1997-03-08,,exper2_10
,0.01,Calibration,1997,1997-03-09,,exper2_10
,0.01,Calibration,1997,1997-03-10,,exper2_10
,0.01,Calibration,1997,1997-03-11,,exper2_10
,0.01,Calibration,1997,1997-03-12,,exper2_10
,0.01,Calibration,1997,1997-03-13,,exper2_10
,0.01,Calibration,1997,1997-03-14,,exper2_10
,0.01,Calibration,1997,1997-03-15,,exper2_10
,0.01,Calibration,1997,1997-03-16,,exper2_10
,0.01,Calibration,1997,1997-03-17,,exper2_10
,0.01,Calibration,1997,1997-03-18,,exper2_10
,0.01,Calibration,1997,1997-03-19,,exper2_10
,0.01,Calibration,1997,1997-03-20,,exper2_10
,0.01,Calibration,1997,1997-03-21,,exper2_10
,0.009306863,Calibration,1997,1997-03-22,,exper2_10
,0.01,Calibration,1997,1997-03-23,,exper2_10
,0.081746474,Calibration,1997,1997-03-24,,exper2_10
,0.16086756,Calibration,1997,1997-03-25,,exper2_10
,0.29997665,Calibration,1997,1997-03-26,,exper2_10
,0.4264785,Calibration,1997,1997-03-27,,exper2_10
,0.18025817,Calibration,1997,1997-03-28,,exper2_10
,0.13608043,Calibration,1997,1997-03-29,,exper2_10
,0.65323067,Calibration,1997,1997-03-30,,exper2_10
,0.6802299,Calibration,1997,1997-03-31,,exper2_10
,0.44461828,Calibration,1997,1997-04-01,,exper2_10
,0.5915477,Calibration,1997,1997-04-02,,exper2_10
,0.84900945,Calibration,1997,1997-04-03,,exper2_10
,0.8742842,Calibration,1997,1997-04-04,,exper2_10
,0.2217183,Calibration,1997,1997-04-05,,exper2_10
,0.89668226,Calibration,1997,1997-04-06,,exper2_10
,1.4706751,Calibration,1997,1997-04-07,,exper2_10
,0.83508956,Calibration,1997,1997-04-08,,exper2_10
,0.555612,Calibration,1997,1997-04-09,,exper2_10
,0.16461419,Calibration,1997,1997-04-10,,exper2_10
,0.15039943,Calibration,1997,1997-04-11,,exper2_10
,0.12801628,Calibration,1997,1997-04-12,,exper2_10
,0.23465227,Calibration,1997,1997-04-13,,exper2_10
,0.16786824,Calibration,1997,1997-04-14,,exper2_10
,0.18458466,Calibration,1997,1997-04-15,,exper2_10
,0.20478718,Calibration,1997,1997-04-16,,exper2_10
,0.40467167,Calibration,1997,1997-04-17,,exper2_10
,0.4202199,Calibration,1997,1997-04-18,,exper2_10
,0.81649846,Calibration,1997,1997-04-19,,exper2_10
,1.4167284,Calibration,1997,1997-04-20,,exper2_10
,1.7870415,Calibration,1997,1997-04-21,,exper2_10
,1.7707404,Calibration,1997,1997-04-22,,exper2_10
,2.5449893,Calibration,1997,1997-04-23,,exper2_10
,2.698839,Calibration,1997,1997-04-24,,exper2_10
,3.3265293,Calibration,1997,1997-04-25,,exper2_10
,3.5885203,Calibration,1997,1997-04-26,,exper2_10
,4.3032074,Calibration,1997,1997-04-27,,exper2_10
,4.8300323,Calibration,1997,1997-04-28,,exper2_10
,5.1598763,Calibration,1997,1997-04-29,,exper2_10
,5.5216584,Calibration,1997,1997-04-30,,exper2_10
,5.4016747,Calibration,1997,1997-05-01,,exper2_10
,5.718327,Calibration,1997,1997-05-02,,exper2_10
,6.348667,Calibration,1997,1997-05-03,,exper2_10
,6.577403,Calibration,1997,1997-05-04,,exper2_10
,6.6240754,Calibration,1997,1997-05-05,,exper2_10
,7.4043207,Calibration,1997,1997-05-06,,exper2_10
,7.5689664,Calibration,1997,1997-05-07,,exper2_10
,7.952487,Calibration,1997,1997-05-08,,exper2_10
,7.7575035,Calibration,1997,1997-05-09,,exper2_10
,8.623996,Calibration,1997,1997-05-10,,exper2_10
,8.649976,Calibration,1997,1997-05-11,,exper2_10
,8.110802,Calibration,1997,1997-05-12,,exper2_10
,8.087446,Calibration,1997,1997-05-13,,exper2_10
,8.3603115,Calibration,1997,1997-05-14,,exper2_10
,7.9575095,Calibration,1997,1997-05-15,,exper2_10
,7.9993696,Calibration,1997,1997-05-16,,exper2_10
,8.091404,Calibration,1997,1997-05-17,,exper2_10
,8.450387,Calibration,1997,1997-05-18,,exper2_10
,7.794369,Calibration,1997,1997-05-19,,exper2_10
,8.562875,Calibration,1997,1997-05-20,,exper2_10
,9.063706,Calibration,1997,1997-05-21,,exper2_10
,9.949722,Calibration,1997,1997-05-22,,exper2_10
,10.751945,Calibration,1997,1997-05-23,,exper2_10
,10.553851,Calibration,1997,1997-05-24,,exper2_10
,11.242509,Calibration,1997,1997-05-25,,exper2_10
,12.825047,Calibration,1997,1997-05-26,,exper2_10
,14.501355,Calibration,1997,1997-05-27,,exper2_10
,15.293351,Calibration,1997,1997-05-28,,exper2_10
15.520000000000039,15.667859,Calibration,1997,1997-05-29,0.004740917838777366,exper2_10
16.339999999999975,15.761888,Calibration,1997,1997-05-30,-0.018008674684289596,exper2_10
18.470000000000027,18.260637,Calibration,1997,1997-05-31,-0.0056999478408145485,exper2_10
19.560000000000002,19.59764,Calibration,1997,1997-06-01,0.0009612194387330741,exper2_10
19.640000000000043,20.127087,Calibration,1997,1997-06-02,0.012248486891207416,exper2_10
20.230000000000018,20.64726,Calibration,1997,1997-06-03,0.010207647457200646,exper2_10
20.910000000000025,20.931444,Calibration,1997,1997-06-04,0.0005125102280085512,exper2_10
20.57000000000005,21.34029,Calibration,1997,1997-06-05,0.018379497452801694,exper2_10
20.980000000000018,21.796339,Calibration,1997,1997-06-06,0.019083892017163335,exper2_10
21.010000000000048,21.381216,Calibration,1997,1997-06-07,0.008756909657026527,exper2_10
21.149999999999977,21.812098,Calibration,1997,1997-06-08,0.015411201668554319,exper2_10
22.670000000000016,22.93847,Calibration,1997,1997-06-09,0.005886424944902023,exper2_10
24.029999999999973,23.476458,Calibration,1997,1997-06-10,-0.011651940224299577,exper2_10
23.920000000000016,24.240038,Calibration,1997,1997-06-11,0.0066453003761150565,exper2_10
24.450000000000045,24.87142,Calibration,1997,1997-06-12,0.008544358767733566,exper2_10
24.180000000000007,24.547594,Calibration,1997,1997-06-13,0.007543858412201,exper2_10
23.700000000000045,23.703508,Calibration,1997,1997-06-14,7.401091596938678e-05,exper2_10
22.910000000000025,23.712118,Calibration,1997,1997-06-15,0.017204669814519513,exper2_10
22.140000000000043,23.063566,Calibration,1997,1997-06-16,0.02043126871093154,exper2_10
21.910000000000025,23.088545,Calibration,1997,1997-06-17,0.026190732380910856,exper2_10
21.79000000000002,22.812551,Calibration,1997,1997-06-18,0.022925852088292446,exper2_10
21.730000000000018,21.932358,Calibration,1997,1997-06-19,0.004634605145880056,exper2_10
22.460000000000036,22.237059,Calibration,1997,1997-06-20,-0.004987830681916912,exper2_10
23.149999999999977,23.544283,Calibration,1997,1997-06-21,0.008443922651963531,exper2_10
24.170000000000016,24.062027,Calibration,1997,1997-06-22,-0.0022386167289057705,exper2_10
24.779999999999973,24.502289,Calibration,1997,1997-06-23,-0.005635111280325534,exper2_10
25.510000000000048,25.058086,Calibration,1997,1997-06-24,-0.008936735339439358,exper2_10
25.610000000000014,24.659288,Calibration,1997,1997-06-25,-0.01891237421032266,exper2_10
25.75,24.697355,Calibration,1997,1997-06-26,-0.020866202479244634,exper2_10
25.980000000000018,24.87841,Calibration,1997,1997-06-27,-0.021659931037838837,exper2_10
26.200000000000045,25.394121,Calibration,1997,1997-06-28,-0.015619586334266328,exper2_10
26.460000000000036,25.770908,Calibration,1997,1997-06-29,-0.013193177487823149,exper2_10
26.600000000000023,26.054739,Calibration,1997,1997-06-30,-0.010355402228911811,exper2_10
27.399999999999977,26.469555,Calibration,1997,1997-07-01,-0.01727218835545889,exper2_10
26.600000000000023,26.153952,Calibration,1997,1997-07-02,-0.008455259581406256,exper2_10
25.189999999999998,25.49056,Calibration,1997,1997-07-03,0.005930489490713379,exper2_10
24.29000000000002,23.787262,Calibration,1997,1997-07-04,-0.01045687746314346,exper2_10
24.30000000000001,23.59858,Calibration,1997,1997-07-05,-0.014643870485291583,exper2_10
23.810000000000002,22.789999,Calibration,1997,1997-07-06,-0.021888433766753344,exper2_10
23.57000000000005,22.387474,Calibration,1997,1997-07-07,-0.025730873250259467,exper2_10
23.129999999999995,22.480877,Calibration,1997,1997-07-08,-0.014231760518308084,exper2_10
23.930000000000007,22.359417,Calibration,1997,1997-07-09,-0.033929635355541644,exper2_10
23.77000000000004,22.84377,Calibration,1997,1997-07-10,-0.019870328980553197,exper2_10
24.32000000000005,23.605803,Calibration,1997,1997-07-11,-0.014902149284879885,exper2_10
24.910000000000025,24.236595,Calibration,1997,1997-07-12,-0.013701963362547318,exper2_10
26.04000000000002,24.870329,Calibration,1997,1997-07-13,-0.02297512355549323,exper2_10
26.260000000000048,25.238894,Calibration,1997,1997-07-14,-0.019827736510731563,exper2_10
26.640000000000043,25.496002,Calibration,1997,1997-07-15,-0.021942568561469342,exper2_10
26.55000000000001,26.313532,Calibration,1997,1997-07-16,-0.004473180584038106,exper2_10
26.710000000000036,26.98501,Calibration,1997,1997-07-17,0.005121707703216999,exper2_10
27.25,27.37921,Calibration,1997,1997-07-18,0.002365209373732933,exper2_10
26.760000000000048,26.701584,Calibration,1997,1997-07-19,-0.0010926750289669013,exper2_10
26.460000000000036,26.274836,Calibration,1997,1997-07-20,-0.0035112352469231617,exper2_10
26.100000000000023,26.036802,Calibration,1997,1997-07-21,-0.001212151596411968,exper2_10
25.55000000000001,25.495588,Calibration,1997,1997-07-22,-0.0010659431930755531,exper2_10
25.610000000000014,25.02352,Calibration,1997,1997-07-23,-0.01158285044403399,exper2_10
25.860000000000014,24.996212,Calibration,1997,1997-07-24,-0.016984906274368307,exper2_10
25.589999999999975,25.219027,Calibration,1997,1997-07-25,-0.007301329301587827,exper2_10
26.27000000000004,25.551651,Calibration,1997,1997-07-26,-0.013861947374272938,exper2_10
27.05000000000001,26.792727,Calibration,1997,1997-07-27,-0.004778240254911106,exper2_10
26.27000000000004,26.400623,Calibration,1997,1997-07-28,0.002480003335744879,exper2_10
25.99000000000001,25.616875,Calibration,1997,1997-07-29,-0.007230147289140374,exper2_10
26.110000000000014,25.931381,Calibration,1997,1997-07-30,-0.0034322450751222353,exper2_10
25.839999999999975,25.707125,Calibration,1997,1997-07-31,-0.0025777439704794207,exper2_10
25.879999999999995,25.310781,Calibration,1997,1997-08-01,-0.011119551307357636,exper2_10
26.149999999999977,25.902796,Calibration,1997,1997-08-02,-0.004749105300003308,exper2_10
26.200000000000045,26.325289,Calibration,1997,1997-08-03,0.002385303831939332,exper2_10
25.689999999999998,25.777544,Calibration,1997,1997-08-04,0.0017009558794897222,exper2_10
25.029999999999973,25.198856,Calibration,1997,1997-08-05,0.0033617399641860182,exper2_10
25.100000000000023,24.883474,Calibration,1997,1997-08-06,-0.004331944764550815,exper2_10
25.29000000000002,24.928114,Calibration,1997,1997-08-07,-0.007206285426676182,exper2_10
25.210000000000036,24.852558,Calibration,1997,1997-08-08,-0.007139904098443764,exper2_10
24.870000000000005,24.841293,Calibration,1997,1997-08-09,-0.000577467676120151,exper2_10
24.439999999999998,24.691816,Calibration,1997,1997-08-10,0.0051253209990228385,exper2_10
24.220000000000027,24.011402,Calibration,1997,1997-08-11,-0.004324938953884918,exper2_10
23.779999999999973,23.887817,Calibration,1997,1997-08-12,0.002261848532872052,exper2_10
23.350000000000023,23.088207,Calibration,1997,1997-08-13,-0.005637443188676898,exper2_10
22.930000000000007,22.891155,Calibration,1997,1997-08-14,-0.0008477472223070382,exper2_10
22.920000000000016,22.832891,Calibration,1997,1997-08-15,-0.0019038913821373053,exper2_10
22.970000000000027,23.133656,Calibration,1997,1997-08-16,0.0035497304096623957,exper2_10
22.350000000000023,22.8037,Calibration,1997,1997-08-17,0.010047891944588367,exper2_10
21.99000000000001,21.81911,Calibration,1997,1997-08-18,-0.0039007669008478893,exper2_10
21.670000000000016,21.655733,Calibration,1997,1997-08-19,-0.00032929371197881356,exper2_10
21.370000000000005,21.35221,Calibration,1997,1997-08-20,-0.0004164323238882168,exper2_10
21.180000000000007,21.072138,Calibration,1997,1997-08-21,-0.002552821534986972,exper2_10
21.060000000000002,21.009834,Calibration,1997,1997-08-22,-0.001192438983808431,exper2_10
20.810000000000002,20.93029,Calibration,1997,1997-08-23,0.0028818731620625197,exper2_10
20.74000000000001,20.81225,Calibration,1997,1997-08-24,0.0017387779744853199,exper2_10
20.779999999999973,20.944277,Calibration,1997,1997-08-25,0.003937199689324498,exper2_10
21.350000000000023,21.157686,Calibration,1997,1997-08-26,-0.004524211584300746,exper2_10
21.610000000000014,21.758745,Calibration,1997,1997-08-27,0.0034297785840432574,exper2_10
21.24000000000001,21.602934,Calibration,1997,1997-08-28,0.00847126587204487,exper2_10
21.32000000000005,21.43472,Calibration,1997,1997-08-29,0.002683191192611453,exper2_10
21.07000000000005,21.143541,Calibration,1997,1997-08-30,0.0017421266667504124,exper2_10
22.029999999999973,21.619677,Calibration,1997,1997-08-31,-0.009400376866216639,exper2_10
21.640000000000043,21.823208,Calibration,1997,1997-09-01,0.004215240067756366,exper2_10
21.230000000000018,21.18828,Calibration,1997,1997-09-02,-0.0009835357375486587,exper2_10
20.890000000000043,20.468887,Calibration,1997,1997-09-03,-0.010181914894073338,exper2_10
20.77000000000004,20.452593,Calibration,1997,1997-09-04,-0.007699834685936328,exper2_10
20.57000000000005,20.320395,Calibration,1997,1997-09-05,-0.006104257172457075,exper2_10
20.480000000000018,20.19899,Calibration,1997,1997-09-06,-0.006907991883443447,exper2_10
20.30000000000001,20.295078,Calibration,1997,1997-09-07,-0.00012123938716083157,exper2_10
20.060000000000002,19.970268,Calibration,1997,1997-09-08,-0.002241597531372477,exper2_10
19.939999999999998,19.910398,Calibration,1997,1997-09-09,-0.00074281607839011,exper2_10
19.77000000000004,19.462948,Calibration,1997,1997-09-10,-0.007826385000447874,exper2_10
19.640000000000043,19.144264,Calibration,1997,1997-09-11,-0.012781879165771833,exper2_10
19.83000000000004,19.332264,Calibration,1997,1997-09-12,-0.012709583239272836,exper2_10
19.689999999999998,19.153738,Calibration,1997,1997-09-13,-0.013805622359201138,exper2_10
20.420000000000016,19.538536,Calibration,1997,1997-09-14,-0.02205946500740923,exper2_10
20.700000000000045,19.826931,Calibration,1997,1997-09-15,-0.021542934012186727,exper2_10
20.060000000000002,19.539274,Calibration,1997,1997-09-16,-0.013149882027265289,exper2_10
19.890000000000043,19.608343,Calibration,1997,1997-09-17,-0.007130852925232589,exper2_10
19.870000000000005,19.602541,Calibration,1997,1997-09-18,-0.0067758250059369645,exper2_10
19.810000000000002,19.753448,Calibration,1997,1997-09-19,-0.0014293878778393063,exper2_10
19.230000000000018,18.987432,Calibration,1997,1997-09-20,-0.006347038626141595,exper2_10
18.75,18.525679,Calibration,1997,1997-09-21,-0.006017901580146251,exper2_10
18.529999999999973,18.03996,Calibration,1997,1997-09-22,-0.013400045481420217,exper2_10
18.339999999999975,17.778303,Calibration,1997,1997-09-23,-0.015551584784077616,exper2_10
18.180000000000007,17.368721,Calibration,1997,1997-09-24,-0.022821608448579295,exper2_10
18.0,17.394793,Calibration,1997,1997-09-25,-0.017098770737721723,exper2_10
18.08000000000004,17.507177,Calibration,1997,1997-09-26,-0.01609632147597125,exper2_10
17.83000000000004,17.363348,Calibration,1997,1997-09-27,-0.013259664658855244,exper2_10
17.589999999999975,17.217022,Calibration,1997,1997-09-28,-0.010715598090561213,exper2_10
17.160000000000025,16.830881,Calibration,1997,1997-09-29,-0.009682563981662312,exper2_10
16.600000000000023,16.50815,Calibration,1997,1997-09-30,-0.0027742383374675674,exper2_10
16.170000000000016,16.55799,Calibration,1997,1997-10-01,0.011854963623186748,exper2_10
16.560000000000002,16.679165,Calibration,1997,1997-10-02,0.003585074621507613,exper2_10
16.439999999999998,16.853144,Calibration,1997,1997-10-03,0.012409272486805505,exper2_10
16.77000000000004,16.907011,Calibration,1997,1997-10-04,0.00406838457171392,exper2_10
16.649999999999977,16.918196,Calibration,1997,1997-10-05,0.007989578191469027,exper2_10
16.27000000000004,16.494843,Calibration,1997,1997-10-06,0.006862310694635319,exper2_10
16.33000000000004,16.663233,Calibration,1997,1997-10-07,0.010100034917187726,exper2_10
16.58000000000004,16.901445,Calibration,1997,1997-10-08,0.009600702271398653,exper2_10
16.480000000000018,16.58887,Calibration,1997,1997-10-09,0.003292192863818674,exper2_10
16.04000000000002,16.030167,Calibration,1997,1997-10-10,-0.00030662060905829557,exper2_10
15.79000000000002,15.878036,Calibration,1997,1997-10-11,0.0027799496821655483,exper2_10
15.82000000000005,15.853936,Calibration,1997,1997-10-12,0.001071423367280824,exper2_10
15.610000000000014,15.721559,Calibration,1997,1997-10-13,0.0035605815972893093,exper2_10
14.760000000000048,14.48451,Calibration,1997,1997-10-14,-0.009420215085638785,exper2_10
14.270000000000039,14.171126,Calibration,1997,1997-10-15,-0.003476431737168907,exper2_10
14.129999999999995,14.190101,Calibration,1997,1997-10-16,0.002122191250711388,exper2_10
14.010000000000048,13.589709,Calibration,1997,1997-10-17,-0.015228084969502304,exper2_10
13.810000000000002,13.237359,Calibration,1997,1997-10-18,-0.021171788050369254,exper2_10
13.529999999999973,13.088347,Calibration,1997,1997-10-19,-0.016592035477819855,exper2_10
12.970000000000027,12.524009,Calibration,1997,1997-10-20,-0.017493963128434372,exper2_10
12.339999999999975,11.86881,Calibration,1997,1997-10-21,-0.019463588083288987,exper2_10
11.589999999999975,10.94411,Calibration,1997,1997-10-22,-0.028662773266880534,exper2_10
11.170000000000016,10.568025,Calibration,1997,1997-10-23,-0.027692275392269223,exper2_10
11.120000000000005,10.354411,Calibration,1997,1997-10-24,-0.0356512162477457,exper2_10
10.689999999999998,10.2170105,Calibration,1997,1997-10-25,-0.022623488039923704,exper2_10
10.220000000000027,9.405776,Calibration,1997,1997-10-26,-0.041487479279555206,exper2_10
,9.201335,Calibration,1997,1997-10-27,,exper2_10
,9.067245,Calibration,1997,1997-10-28,,exper2_10
,8.918828,Calibration,1997,1997-10-29,,exper2_10
,8.858476,Calibration,1997,1997-10-30,,exper2_10
,8.802978,Calibration,1997,1997-10-31,,exper2_10
,8.760863,Calibration,1997,1997-11-01,,exper2_10
,8.540082,Calibration,1997,1997-11-02,,exper2_10
,8.135423,Calibration,1997,1997-11-03,,exper2_10
,8.011506,Calibration,1997,1997-11-04,,exper2_10
,8.019748,Calibration,1997,1997-11-05,,exper2_10
,7.967239,Calibration,1997,1997-11-06,,exper2_10
,7.9044604,Calibration,1997,1997-11-07,,exper2_10
,7.6382875,Calibration,1997,1997-11-08,,exper2_10
,7.6518807,Calibration,1997,1997-11-09,,exper2_10
,7.269631,Calibration,1997,1997-11-10,,exper2_10
,6.8057475,Calibration,1997,1997-11-11,,exper2_10
,6.369906,Calibration,1997,1997-11-12,,exper2_10
,6.1809745,Calibration,1997,1997-11-13,,exper2_10
,5.705923,Calibration,1997,1997-11-14,,exper2_10
,5.5452027,Calibration,1997,1997-11-15,,exper2_10
,4.9836116,Calibration,1997,1997-11-16,,exper2_10
,4.672999,Calibration,1997,1997-11-17,,exper2_10
,4.5867352,Calibration,1997,1997-11-18,,exper2_10
,4.068174,Calibration,1997,1997-11-19,,exper2_10
,1.7977794,Calibration,1997,1997-11-20,,exper2_10
,0.51047385,Calibration,1997,1997-11-21,,exper2_10
,1.256347,Calibration,1997,1997-11-22,,exper2_10
,0.99978787,Calibration,1997,1997-11-23,,exper2_10
,0.5039395,Calibration,1997,1997-11-24,,exper2_10
,0.3173766,Calibration,1997,1997-11-25,,exper2_10
,0.23125847,Calibration,1997,1997-11-26,,exper2_10
,0.11795689,Calibration,1997,1997-11-27,,exper2_10
,0.01,Calibration,1997,1997-11-28,,exper2_10
,0.01,Calibration,1997,1997-11-29,,exper2_10
,0.014829159,Calibration,1997,1997-11-30,,exper2_10
,0.01,Calibration,1997,1997-12-01,,exper2_10
,0.01,Calibration,1997,1997-12-02,,exper2_10
,0.030209586,Calibration,1997,1997-12-03,,exper2_10
,0.09533107,Calibration,1997,1997-12-04,,exper2_10
,0.019870698,Calibration,1997,1997-12-05,,exper2_10
,0.01,Calibration,1997,1997-12-06,,exper2_10
,0.01,Calibration,1997,1997-12-07,,exper2_10
,0.01,Calibration,1997,1997-12-08,,exper2_10
,0.01,Calibration,1997,1997-12-09,,exper2_10
,0.01,Calibration,1997,1997-12-10,,exper2_10
,0.01,Calibration,1997,1997-12-11,,exper2_10
,0.01,Calibration,1997,1997-12-12,,exper2_10
,0.01,Calibration,1997,1997-12-13,,exper2_10
,0.01,Calibration,1997,1997-12-14,,exper2_10
,0.01,Calibration,1997,1997-12-15,,exper2_10
,0.01,Calibration,1997,1997-12-16,,exper2_10
,0.01,Calibration,1997,1997-12-17,,exper2_10
,0.01,Calibration,1997,1997-12-18,,exper2_10
,0.01,Calibration,1997,1997-12-19,,exper2_10
,0.01,Calibration,1997,1997-12-20,,exper2_10
,0.01,Calibration,1997,1997-12-21,,exper2_10
,0.01,Calibration,1997,1997-12-22,,exper2_10
,0.01,Calibration,1997,1997-12-23,,exper2_10
,0.01,Calibration,1997,1997-12-24,,exper2_10
,0.01,Calibration,1997,1997-12-25,,exper2_10
,0.01,Calibration,1997,1997-12-26,,exper2_10
,0.01,Calibration,1997,1997-12-27,,exper2_10
,0.01,Calibration,1997,1997-12-28,,exper2_10
,0.06866668,Calibration,1997,1997-12-29,,exper2_10
,0.01,Calibration,1997,1997-12-30,,exper2_10
,0.01,Calibration,1997,1997-12-31,,exper2_10
,0.01,Calibration,1998,1998-01-01,,exper2_10
,0.01,Calibration,1998,1998-01-02,,exper2_10
,0.01,Calibration,1998,1998-01-03,,exper2_10
,0.01,Calibration,1998,1998-01-04,,exper2_10
,0.01,Calibration,1998,1998-01-05,,exper2_10
,0.01,Calibration,1998,1998-01-06,,exper2_10
,0.01,Calibration,1998,1998-01-07,,exper2_10
,0.01,Calibration,1998,1998-01-08,,exper2_10
,0.01,Calibration,1998,1998-01-09,,exper2_10
,0.01,Calibration,1998,1998-01-10,,exper2_10
,0.01,Calibration,1998,1998-01-11,,exper2_10
,0.01,Calibration,1998,1998-01-12,,exper2_10
,0.01,Calibration,1998,1998-01-13,,exper2_10
,0.01,Calibration,1998,1998-01-14,,exper2_10
,0.01,Calibration,1998,1998-01-15,,exper2_10
,0.01,Calibration,1998,1998-01-16,,exper2_10
,0.01,Calibration,1998,1998-01-17,,exper2_10
,0.01,Calibration,1998,1998-01-18,,exper2_10
,0.01,Calibration,1998,1998-01-19,,exper2_10
,0.01,Calibration,1998,1998-01-20,,exper2_10
,0.01,Calibration,1998,1998-01-21,,exper2_10
,0.01,Calibration,1998,1998-01-22,,exper2_10
,0.01,Calibration,1998,1998-01-23,,exper2_10
,0.01,Calibration,1998,1998-01-24,,exper2_10
,0.01,Calibration,1998,1998-01-25,,exper2_10
,0.01,Calibration,1998,1998-01-26,,exper2_10
,0.01,Calibration,1998,1998-01-27,,exper2_10
,0.01,Calibration,1998,1998-01-28,,exper2_10
,0.01,Calibration,1998,1998-01-29,,exper2_10
,0.01,Calibration,1998,1998-01-30,,exper2_10
,0.01,Calibration,1998,1998-01-31,,exper2_10
,0.01,Calibration,1998,1998-02-01,,exper2_10
,0.01,Calibration,1998,1998-02-02,,exper2_10
,0.01,Calibration,1998,1998-02-03,,exper2_10
,0.01,Calibration,1998,1998-02-04,,exper2_10
,0.01,Calibration,1998,1998-02-05,,exper2_10
,0.01,Calibration,1998,1998-02-06,,exper2_10
,0.01,Calibration,1998,1998-02-07,,exper2_10
,0.13096051,Calibration,1998,1998-02-08,,exper2_10
,0.102118656,Calibration,1998,1998-02-09,,exper2_10
,0.01,Calibration,1998,1998-02-10,,exper2_10
,0.01,Calibration,1998,1998-02-11,,exper2_10
,0.01,Calibration,1998,1998-02-12,,exper2_10
,0.01,Calibration,1998,1998-02-13,,exper2_10
,0.01,Calibration,1998,1998-02-14,,exper2_10
,0.01,Calibration,1998,1998-02-15,,exper2_10
,0.01,Calibration,1998,1998-02-16,,exper2_10
,0.01,Calibration,1998,1998-02-17,,exper2_10
,0.01,Calibration,1998,1998-02-18,,exper2_10
,0.01,Calibration,1998,1998-02-19,,exper2_10
,0.01,Calibration,1998,1998-02-20,,exper2_10
,0.01,Calibration,1998,1998-02-21,,exper2_10
,0.01,Calibration,1998,1998-02-22,,exper2_10
,0.01,Calibration,1998,1998-02-23,,exper2_10
,0.01,Calibration,1998,1998-02-24,,exper2_10
,0.01,Calibration,1998,1998-02-25,,exper2_10
,0.01,Calibration,1998,1998-02-26,,exper2_10
,0.01,Calibration,1998,1998-02-27,,exper2_10
,0.01,Calibration,1998,1998-02-28,,exper2_10
,0.01,Calibration,1998,1998-03-01,,exper2_10
,0.01,Calibration,1998,1998-03-02,,exper2_10
,0.01,Calibration,1998,1998-03-03,,exper2_10
,0.01,Calibration,1998,1998-03-04,,exper2_10
,0.01,Calibration,1998,1998-03-05,,exper2_10
,0.01,Calibration,1998,1998-03-06,,exper2_10
,0.01,Calibration,1998,1998-03-07,,exper2_10
,0.01,Calibration,1998,1998-03-08,,exper2_10
,0.01,Calibration,1998,1998-03-09,,exper2_10
,0.01,Calibration,1998,1998-03-10,,exper2_10
,0.01,Calibration,1998,1998-03-11,,exper2_10
,0.01,Calibration,1998,1998-03-12,,exper2_10
,0.01,Calibration,1998,1998-03-13,,exper2_10
,0.01,Calibration,1998,1998-03-14,,exper2_10
,0.01,Calibration,1998,1998-03-15,,exper2_10
,0.01,Calibration,1998,1998-03-16,,exper2_10
,0.01,Calibration,1998,1998-03-17,,exper2_10
,0.01,Calibration,1998,1998-03-18,,exper2_10
,0.01,Calibration,1998,1998-03-19,,exper2_10
,0.01,Calibration,1998,1998-03-20,,exper2_10
,0.01,Calibration,1998,1998-03-21,,exper2_10
,0.01,Calibration,1998,1998-03-22,,exper2_10
,0.01,Calibration,1998,1998-03-23,,exper2_10
,0.01,Calibration,1998,1998-03-24,,exper2_10
,0.01,Calibration,1998,1998-03-25,,exper2_10
,0.01,Calibration,1998,1998-03-26,,exper2_10
,0.01,Calibration,1998,1998-03-27,,exper2_10
,0.01,Calibration,1998,1998-03-28,,exper2_10
,0.2277662,Calibration,1998,1998-03-29,,exper2_10
,0.3696909,Calibration,1998,1998-03-30,,exper2_10
,0.5837026,Calibration,1998,1998-03-31,,exper2_10
,1.3727503,Calibration,1998,1998-04-01,,exper2_10
,1.2182848,Calibration,1998,1998-04-02,,exper2_10
,1.9784235,Calibration,1998,1998-04-03,,exper2_10
,2.6407425,Calibration,1998,1998-04-04,,exper2_10
,3.070187,Calibration,1998,1998-04-05,,exper2_10
,2.447581,Calibration,1998,1998-04-06,,exper2_10
,3.4047499,Calibration,1998,1998-04-07,,exper2_10
,2.818929,Calibration,1998,1998-04-08,,exper2_10
,3.4423678,Calibration,1998,1998-04-09,,exper2_10
,3.8526611,Calibration,1998,1998-04-10,,exper2_10
,3.6331701,Calibration,1998,1998-04-11,,exper2_10
,4.3532925,Calibration,1998,1998-04-12,,exper2_10
,5.442961,Calibration,1998,1998-04-13,,exper2_10
,5.9444146,Calibration,1998,1998-04-14,,exper2_10
,6.562712,Calibration,1998,1998-04-15,,exper2_10
,6.721132,Calibration,1998,1998-04-16,,exper2_10
,6.286072,Calibration,1998,1998-04-17,,exper2_10
,6.480396,Calibration,1998,1998-04-18,,exper2_10
,7.0756693,Calibration,1998,1998-04-19,,exper2_10
,7.143346,Calibration,1998,1998-04-20,,exper2_10
,7.413125,Calibration,1998,1998-04-21,,exper2_10
,8.3783865,Calibration,1998,1998-04-22,,exper2_10
,9.299348,Calibration,1998,1998-04-23,,exper2_10
,10.373461,Calibration,1998,1998-04-24,,exper2_10
,9.786625,Calibration,1998,1998-04-25,,exper2_10
,10.63816,Calibration,1998,1998-04-26,,exper2_10
,11.079411,Calibration,1998,1998-04-27,,exper2_10
14.07000000000005,12.590568,Calibration,1998,1998-04-28,-0.0554914071602533,exper2_10
15.470000000000027,14.386969,Calibration,1998,1998-04-29,-0.036273990215788476,exper2_10
16.420000000000016,16.140251,Calibration,1998,1998-04-30,-0.008591728576054994,exper2_10
16.910000000000025,17.272472,Calibration,1998,1998-05-01,0.010604042257252666,exper2_10
16.890000000000043,16.427189,Calibration,1998,1998-05-02,-0.013891061711993448,exper2_10
16.649999999999977,16.444002,Calibration,1998,1998-05-03,-0.006224627881745923,exper2_10
16.74000000000001,17.453333,Calibration,1998,1998-05-04,0.02086175404621306,exper2_10
17.220000000000027,17.47224,Calibration,1998,1998-05-05,0.007270803059724994,exper2_10
17.939999999999998,18.026525,Calibration,1998,1998-05-06,0.00240572299491906,exper2_10
18.25,17.842915,Calibration,1998,1998-05-07,-0.011278818112187011,exper2_10
18.089999999999975,17.76262,Calibration,1998,1998-05-08,-0.009131245237921375,exper2_10
17.939999999999998,18.247686,Calibration,1998,1998-05-09,0.008502516099689487,exper2_10
18.279999999999973,18.62586,Calibration,1998,1998-05-10,0.00937141722820591,exper2_10
18.860000000000014,19.727324,Calibration,1998,1998-05-11,0.02247690310479473,exper2_10
18.710000000000036,19.57061,Calibration,1998,1998-05-12,0.02248161785676438,exper2_10
18.870000000000005,18.63171,Calibration,1998,1998-05-13,-0.006354108844003153,exper2_10
19.420000000000016,19.864695,Calibration,1998,1998-05-14,0.011319792604157934,exper2_10
20.210000000000036,20.693388,Calibration,1998,1998-05-15,0.011817798207913982,exper2_10
20.439999999999998,20.747755,Calibration,1998,1998-05-16,0.0074720035185374,exper2_10
20.74000000000001,21.195799,Calibration,1998,1998-05-17,0.01086896842652074,exper2_10
21.980000000000018,21.96884,Calibration,1998,1998-05-18,-0.00025393968769884786,exper2_10
22.660000000000025,22.87861,Calibration,1998,1998-05-19,0.004800555133960667,exper2_10
22.149999999999977,22.508749,Calibration,1998,1998-05-20,0.008033118171604701,exper2_10
22.0,22.050856,Calibration,1998,1998-05-21,0.001154475568334471,exper2_10
21.420000000000016,21.522467,Calibration,1998,1998-05-22,0.002386138187129608,exper2_10
21.32000000000005,21.635706,Calibration,1998,1998-05-23,0.00734956953702531,exper2_10
21.339999999999975,21.569143,Calibration,1998,1998-05-24,0.005340197395953921,exper2_10
22.110000000000014,21.777761,Calibration,1998,1998-05-25,-0.007570186530410106,exper2_10
22.310000000000002,21.886427,Calibration,1998,1998-05-26,-0.009583875978329555,exper2_10
22.80000000000001,22.261393,Calibration,1998,1998-05-27,-0.011952746589001426,exper2_10
23.189999999999998,22.571775,Calibration,1998,1998-05-28,-0.013509628018209749,exper2_10
23.140000000000043,22.767492,Calibration,1998,1998-05-29,-0.008114311783801736,exper2_10
22.05000000000001,22.176449,Calibration,1998,1998-05-30,0.00285912220830425,exper2_10
21.460000000000036,20.929073,Calibration,1998,1998-05-31,-0.012525083105253973,exper2_10
21.0,20.864862,Calibration,1998,1998-06-01,-0.0032279470205011608,exper2_10
20.480000000000018,20.639496,Calibration,1998,1998-06-02,0.0038788376733191856,exper2_10
19.55000000000001,19.112665,Calibration,1998,1998-06-03,-0.011311553965903451,exper2_10
19.24000000000001,18.664324,Calibration,1998,1998-06-04,-0.015187612795102928,exper2_10
18.49000000000001,18.300432,Calibration,1998,1998-06-05,-0.00515263842899402,exper2_10
18.640000000000043,18.147066,Calibration,1998,1998-06-06,-0.013399651989321817,exper2_10
18.57000000000005,18.414152,Calibration,1998,1998-06-07,-0.0042139090819674685,exper2_10
18.99000000000001,18.558151,Calibration,1998,1998-06-08,-0.01150119887564317,exper2_10
18.710000000000036,18.338163,Calibration,1998,1998-06-09,-0.010036573753285757,exper2_10
18.75,18.40545,Calibration,1998,1998-06-10,-0.009273179882482467,exper2_10
18.879999999999995,18.06317,Calibration,1998,1998-06-11,-0.022110461342143766,exper2_10
19.04000000000002,18.749947,Calibration,1998,1998-06-12,-0.007675411899257953,exper2_10
20.779999999999973,19.529146,Calibration,1998,1998-06-13,-0.031031513282559733,exper2_10
21.24000000000001,20.662367,Calibration,1998,1998-06-14,-0.013785214920367408,exper2_10
21.870000000000005,21.473055,Calibration,1998,1998-06-15,-0.009158217277970521,exper2_10
22.77000000000004,22.233595,Calibration,1998,1998-06-16,-0.011919161276991594,exper2_10
23.649999999999977,23.354666,Calibration,1998,1998-06-17,-0.006283083583788182,exper2_10
23.0,23.236427,Calibration,1998,1998-06-18,0.005113442385122455,exper2_10
22.930000000000007,22.826448,Calibration,1998,1998-06-19,-0.002263103081149021,exper2_10
23.220000000000027,23.638231,Calibration,1998,1998-06-20,0.008925460181996256,exper2_10
23.720000000000027,23.798819,Calibration,1998,1998-06-21,0.0016586815623460549,exper2_10
23.890000000000043,23.75833,Calibration,1998,1998-06-22,-0.0027633835268125123,exper2_10
24.689999999999998,24.045218,Calibration,1998,1998-06-23,-0.013230319240417537,exper2_10
24.75,24.022167,Calibration,1998,1998-06-24,-0.014923117751116495,exper2_10
24.899999999999977,24.277065,Calibration,1998,1998-06-25,-0.012667179698306469,exper2_10
25.760000000000048,25.349714,Calibration,1998,1998-06-26,-0.00802754870794529,exper2_10
26.420000000000016,25.178656,Calibration,1998,1998-06-27,-0.024057688336817994,exper2_10
26.149999999999977,25.472061,Calibration,1998,1998-06-28,-0.013132734872956743,exper2_10
25.970000000000027,25.478159,Calibration,1998,1998-06-29,-0.009559934878615532,exper2_10
25.5,25.107279,Calibration,1998,1998-06-30,-0.007760171763322733,exper2_10
25.450000000000045,25.48411,Calibration,1998,1998-07-01,0.000669686357950176,exper2_10
25.970000000000027,26.07324,Calibration,1998,1998-07-02,0.0019837404357528903,exper2_10
26.029999999999973,26.157104,Calibration,1998,1998-07-03,0.00243555363771054,exper2_10
25.950000000000045,25.68904,Calibration,1998,1998-07-04,-0.005053555866701852,exper2_10
25.720000000000027,25.543097,Calibration,1998,1998-07-05,-0.0034508929341686267,exper2_10
25.02000000000004,25.073704,Calibration,1998,1998-07-06,0.001072066184606866,exper2_10
24.730000000000018,25.103548,Calibration,1998,1998-07-07,0.007495915192562503,exper2_10
25.600000000000023,25.600363,Calibration,1998,1998-07-08,7.0854519432455074e-06,exper2_10
25.930000000000007,26.349758,Calibration,1998,1998-07-09,0.0080290759380236,exper2_10
26.430000000000007,26.558527,Calibration,1998,1998-07-10,0.0024255626659581233,exper2_10
26.670000000000016,26.535202,Calibration,1998,1998-07-11,-0.0025335487602514096,exper2_10
26.80000000000001,26.685177,Calibration,1998,1998-07-12,-0.0021468219308344626,exper2_10
27.200000000000045,26.799171,Calibration,1998,1998-07-13,-0.0074228648606942905,exper2_10
27.55000000000001,27.420395,Calibration,1998,1998-07-14,-0.0023577255135392933,exper2_10
27.360000000000014,27.352526,Calibration,1998,1998-07-15,-0.00013661019745122966,exper2_10
27.05000000000001,26.865189,Calibration,1998,1998-07-16,-0.003427817024679485,exper2_10
26.870000000000005,26.539534,Calibration,1998,1998-07-17,-0.00618740442987493,exper2_10
26.810000000000002,26.790747,Calibration,1998,1998-07-18,-0.00035919856245652816,exper2_10
26.99000000000001,26.505875,Calibration,1998,1998-07-19,-0.009049770090218569,exper2_10
27.08000000000004,26.557169,Calibration,1998,1998-07-20,-0.009747550990491032,exper2_10
27.100000000000023,26.685019,Calibration,1998,1998-07-21,-0.007715558567058913,exper2_10
26.600000000000023,26.307173,Calibration,1998,1998-07-22,-0.0055347358282646685,exper2_10
26.04000000000002,25.667398,Calibration,1998,1998-07-23,-0.00720596197818093,exper2_10
25.390000000000043,24.995277,Calibration,1998,1998-07-24,-0.007834085978008316,exper2_10
25.33000000000004,24.707647,Calibration,1998,1998-07-25,-0.012437688614068953,exper2_10
25.410000000000025,24.689058,Calibration,1998,1998-07-26,-0.014390324301003052,exper2_10
25.470000000000027,24.757082,Calibration,1998,1998-07-27,-0.014193896725527073,exper2_10
25.180000000000007,24.705267,Calibration,1998,1998-07-28,-0.009516498086243632,exper2_10
24.910000000000025,24.545528,Calibration,1998,1998-07-29,-0.007369683427492151,exper2_10
24.939999999999998,24.346512,Calibration,1998,1998-07-30,-0.012041593876565304,exper2_10
25.149999999999977,24.185137,Calibration,1998,1998-07-31,-0.01955732298796341,exper2_10
25.060000000000002,24.30374,Calibration,1998,1998-08-01,-0.01532016130056935,exper2_10
25.30000000000001,24.466034,Calibration,1998,1998-08-02,-0.016757736120447626,exper2_10
25.089999999999975,24.424036,Calibration,1998,1998-08-03,-0.013450003826173361,exper2_10
25.120000000000005,24.422167,Calibration,1998,1998-08-04,-0.01408564098807903,exper2_10
25.110000000000014,24.385897,Calibration,1998,1998-08-05,-0.014629562565602994,exper2_10
24.839999999999975,24.054943,Calibration,1998,1998-08-06,-0.016055994050815564,exper2_10
24.710000000000036,24.064976,Calibration,1998,1998-08-07,-0.0132244916928819,exper2_10
24.910000000000025,24.7704,Calibration,1998,1998-08-08,-0.0028099795677768748,exper2_10
25.200000000000045,25.170488,Calibration,1998,1998-08-09,-0.0005858915293141128,exper2_10
25.05000000000001,25.38802,Calibration,1998,1998-08-10,0.006701681880146385,exper2_10
25.120000000000005,24.885672,Calibration,1998,1998-08-11,-0.004686036140074833,exper2_10
25.279999999999973,24.65275,Calibration,1998,1998-08-12,-0.012561895440357374,exper2_10
,24.483583,Calibration,1998,1998-08-13,,exper2_10
,24.28918,Calibration,1998,1998-08-14,,exper2_10
,24.047298,Calibration,1998,1998-08-15,,exper2_10
,23.79991,Calibration,1998,1998-08-16,,exper2_10
,23.983728,Calibration,1998,1998-08-17,,exper2_10
,23.504946,Calibration,1998,1998-08-18,,exper2_10
,23.40653,Calibration,1998,1998-08-19,,exper2_10
,24.019735,Calibration,1998,1998-08-20,,exper2_10
,24.292627,Calibration,1998,1998-08-21,,exper2_10
,24.025715,Calibration,1998,1998-08-22,,exper2_10
23.850000000000023,23.963297,Calibration,1998,1998-08-23,0.0023695686687074855,exper2_10
23.74000000000001,23.997606,Calibration,1998,1998-08-24,0.005396296495650061,exper2_10
23.560000000000002,23.753975,Calibration,1998,1998-08-25,0.0040997382887634866,exper2_10
23.730000000000018,23.88053,Calibration,1998,1998-08-26,0.00316168304725571,exper2_10
23.610000000000014,23.835684,Calibration,1998,1998-08-27,0.004756677624786807,exper2_10
23.730000000000018,23.811499,Calibration,1998,1998-08-28,0.001714263207845354,exper2_10
23.470000000000027,23.657808,Calibration,1998,1998-08-29,0.003985084615481802,exper2_10
22.980000000000018,23.316687,Calibration,1998,1998-08-30,0.007272369898476126,exper2_10
23.04000000000002,23.106665,Calibration,1998,1998-08-31,0.0014446256969469673,exper2_10
22.74000000000001,22.741701,Calibration,1998,1998-09-01,3.7402429032003926e-05,exper2_10
22.08000000000004,22.16035,Calibration,1998,1998-09-02,0.0018162333279080605,exper2_10
21.879999999999995,21.965464,Calibration,1998,1998-09-03,0.0019492013817138238,exper2_10
22.02000000000004,22.008701,Calibration,1998,1998-09-04,-0.00025662068599035273,exper2_10
22.180000000000007,22.235788,Calibration,1998,1998-09-05,0.0012560476221461527,exper2_10
22.170000000000016,22.584705,Calibration,1998,1998-09-06,0.009266184404840404,exper2_10
21.670000000000016,22.213924,Calibration,1998,1998-09-07,0.012394616372557595,exper2_10
21.140000000000043,21.451809,Calibration,1998,1998-09-08,0.007320866083895417,exper2_10
20.74000000000001,21.209923,Calibration,1998,1998-09-09,0.011201994169902196,exper2_10
20.939999999999998,21.222738,Calibration,1998,1998-09-10,0.0067058800642289425,exper2_10
21.160000000000025,21.410488,Calibration,1998,1998-09-11,0.005884079315816773,exper2_10
21.57000000000005,21.641302,Calibration,1998,1998-09-12,0.0016500800782426773,exper2_10
21.689999999999998,21.600069,Calibration,1998,1998-09-13,-0.0020774038009476665,exper2_10
21.510000000000048,21.586922,Calibration,1998,1998-09-14,0.0017848535086660375,exper2_10
21.230000000000018,21.19523,Calibration,1998,1998-09-15,-0.0008195480753919459,exper2_10
20.910000000000025,21.36598,Calibration,1998,1998-09-16,0.01078579720010522,exper2_10
21.350000000000023,21.494272,Calibration,1998,1998-09-17,0.0033673633496264215,exper2_10
21.430000000000007,21.559326,Calibration,1998,1998-09-18,0.0030083321464015526,exper2_10
21.370000000000005,21.64124,Calibration,1998,1998-09-19,0.006306239288091356,exper2_10
21.160000000000025,21.566656,Calibration,1998,1998-09-20,0.009517620840688171,exper2_10
20.439999999999998,20.834908,Calibration,1998,1998-09-21,0.009567738738957075,exper2_10
19.089999999999975,19.67529,Calibration,1998,1998-09-22,0.015098279074530532,exper2_10
18.80000000000001,19.17726,Calibration,1998,1998-09-23,0.009933824891574572,exper2_10
18.450000000000045,18.899021,Calibration,1998,1998-09-24,0.012022300313951984,exper2_10
18.420000000000016,18.579865,Calibration,1998,1998-09-25,0.004320678037744441,exper2_10
18.360000000000014,18.948614,Calibration,1998,1998-09-26,0.01577689588207513,exper2_10
18.060000000000002,18.511744,Calibration,1998,1998-09-27,0.012352256188436807,exper2_10
17.79000000000002,18.22412,Calibration,1998,1998-09-28,0.01205413866029705,exper2_10
17.710000000000036,18.015059,Calibration,1998,1998-09-29,0.008539062778776406,exper2_10
17.189999999999998,17.314768,Calibration,1998,1998-09-30,0.0036159593396460875,exper2_10
16.370000000000005,16.584543,Calibration,1998,1998-10-01,0.006510277707813865,exper2_10
15.980000000000018,16.069021,Calibration,1998,1998-10-02,0.002777658149079263,exper2_10
15.670000000000016,15.586753,Calibration,1998,1998-10-03,-0.002663331944567374,exper2_10
15.480000000000018,15.110641,Calibration,1998,1998-10-04,-0.012074264148552727,exper2_10
15.370000000000005,14.736231,Calibration,1998,1998-10-05,-0.021051095799182462,exper2_10
15.029999999999973,14.80378,Calibration,1998,1998-10-06,-0.007582693207723544,exper2_10
14.54000000000002,14.425742,Calibration,1998,1998-10-07,-0.00394458564389123,exper2_10
14.089999999999975,14.406777,Calibration,1998,1998-10-08,0.011116252818756825,exper2_10
14.170000000000016,14.072476,Calibration,1998,1998-10-09,-0.0034530829251537424,exper2_10
14.140000000000043,13.949376,Calibration,1998,1998-10-10,-0.006786334200400358,exper2_10
9.670000000000016,13.760437,Calibration,1998,1998-10-11,0.1745779222842876,exper2_10
,13.716584,Calibration,1998,1998-10-12,,exper2_10
,13.242413,Calibration,1998,1998-10-13,,exper2_10
,13.039915,Calibration,1998,1998-10-14,,exper2_10
,12.627941,Calibration,1998,1998-10-15,,exper2_10
,12.749122,Calibration,1998,1998-10-16,,exper2_10
,12.902574,Calibration,1998,1998-10-17,,exper2_10
,12.62115,Calibration,1998,1998-10-18,,exper2_10
,12.366255,Calibration,1998,1998-10-19,,exper2_10
,11.890206,Calibration,1998,1998-10-20,,exper2_10
,11.557128,Calibration,1998,1998-10-21,,exper2_10
,11.484109,Calibration,1998,1998-10-22,,exper2_10
,11.511543,Calibration,1998,1998-10-23,,exper2_10
,11.32978,Calibration,1998,1998-10-24,,exper2_10
,11.289411,Calibration,1998,1998-10-25,,exper2_10
,11.269866,Calibration,1998,1998-10-26,,exper2_10
,11.094826,Calibration,1998,1998-10-27,,exper2_10
,10.826161,Calibration,1998,1998-10-28,,exper2_10
,10.674906,Calibration,1998,1998-10-29,,exper2_10
,10.77953,Calibration,1998,1998-10-30,,exper2_10
,10.629995,Calibration,1998,1998-10-31,,exper2_10
,10.693543,Calibration,1998,1998-11-01,,exper2_10
,10.281613,Calibration,1998,1998-11-02,,exper2_10
,9.583018,Calibration,1998,1998-11-03,,exper2_10
,8.944349,Calibration,1998,1998-11-04,,exper2_10
,8.667901,Calibration,1998,1998-11-05,,exper2_10
,8.128784,Calibration,1998,1998-11-06,,exper2_10
,8.188848,Calibration,1998,1998-11-07,,exper2_10
,8.187184,Calibration,1998,1998-11-08,,exper2_10
,7.9519095,Calibration,1998,1998-11-09,,exper2_10
,7.6009717,Calibration,1998,1998-11-10,,exper2_10
,7.3698626,Calibration,1998,1998-11-11,,exper2_10
,6.992902,Calibration,1998,1998-11-12,,exper2_10
,6.6867476,Calibration,1998,1998-11-13,,exper2_10
,6.749973,Calibration,1998,1998-11-14,,exper2_10
,5.334085,Calibration,1998,1998-11-15,,exper2_10
,5.99095,Calibration,1998,1998-11-16,,exper2_10
,6.775674,Calibration,1998,1998-11-17,,exper2_10
,6.5966964,Calibration,1998,1998-11-18,,exper2_10
,7.085665,Calibration,1998,1998-11-19,,exper2_10
,6.632977,Calibration,1998,1998-11-20,,exper2_10
,5.890483,Calibration,1998,1998-11-21,,exper2_10
,5.7210627,Calibration,1998,1998-11-22,,exper2_10
,5.749971,Calibration,1998,1998-11-23,,exper2_10
,5.5907407,Calibration,1998,1998-11-24,,exper2_10
,5.3399806,Calibration,1998,1998-11-25,,exper2_10
,5.3834567,Calibration,1998,1998-11-26,,exper2_10
,5.0794826,Calibration,1998,1998-11-27,,exper2_10
,5.1358256,Calibration,1998,1998-11-28,,exper2_10
,5.603225,Calibration,1998,1998-11-29,,exper2_10
,6.0487742,Calibration,1998,1998-11-30,,exper2_10
,5.696551,Calibration,1998,1998-12-01,,exper2_10
,5.4282575,Calibration,1998,1998-12-02,,exper2_10
,5.6920595,Calibration,1998,1998-12-03,,exper2_10
,5.495125,Calibration,1998,1998-12-04,,exper2_10
,5.581803,Calibration,1998,1998-12-05,,exper2_10
,5.691488,Calibration,1998,1998-12-06,,exper2_10
,5.4481416,Calibration,1998,1998-12-07,,exper2_10
,5.206187,Calibration,1998,1998-12-08,,exper2_10
,5.0070834,Calibration,1998,1998-12-09,,exper2_10
,4.803968,Calibration,1998,1998-12-10,,exper2_10
,4.5793905,Calibration,1998,1998-12-11,,exper2_10
,4.3863707,Calibration,1998,1998-12-12,,exper2_10
,4.2098927,Calibration,1998,1998-12-13,,exper2_10
,4.0338445,Calibration,1998,1998-12-14,,exper2_10
,4.039225,Calibration,1998,1998-12-15,,exper2_10
,3.7008622,Calibration,1998,1998-12-16,,exper2_10
,3.1719368,Calibration,1998,1998-12-17,,exper2_10
,2.6195903,Calibration,1998,1998-12-18,,exper2_10
,2.6400158,Calibration,1998,1998-12-19,,exper2_10
,2.2740219,Calibration,1998,1998-12-20,,exper2_10
,1.4191595,Calibration,1998,1998-12-21,,exper2_10
,1.0187507,Calibration,1998,1998-12-22,,exper2_10
,0.8617977,Calibration,1998,1998-12-23,,exper2_10
,0.70911926,Calibration,1998,1998-12-24,,exper2_10
,0.5616219,Calibration,1998,1998-12-25,,exper2_10
,0.4131856,Calibration,1998,1998-12-26,,exper2_10
,0.52462333,Calibration,1998,1998-12-27,,exper2_10
,0.5320508,Calibration,1998,1998-12-28,,exper2_10
,0.4306969,Calibration,1998,1998-12-29,,exper2_10
,0.16370088,Calibration,1998,1998-12-30,,exper2_10
,0.078407586,Calibration,1998,1998-12-31,,exper2_10
,0.2378095,Calibration,1999,1999-01-01,,exper2_10
,0.42091286,Calibration,1999,1999-01-02,,exper2_10
,0.22676742,Calibration,1999,1999-01-03,,exper2_10
,0.38138878,Calibration,1999,1999-01-04,,exper2_10
,0.33948225,Calibration,1999,1999-01-05,,exper2_10
,0.32125935,Calibration,1999,1999-01-06,,exper2_10
,0.23545828,Calibration,1999,1999-01-07,,exper2_10
,0.001978457,Calibration,1999,1999-01-08,,exper2_10
,0.09864588,Calibration,1999,1999-01-09,,exper2_10
,0.36758447,Calibration,1999,1999-01-10,,exper2_10
,0.12950732,Calibration,1999,1999-01-11,,exper2_10
,0.01,Calibration,1999,1999-01-12,,exper2_10
,0.01,Calibration,1999,1999-01-13,,exper2_10
,0.01,Calibration,1999,1999-01-14,,exper2_10
,0.01,Calibration,1999,1999-01-15,,exper2_10
,0.01,Calibration,1999,1999-01-16,,exper2_10
,0.01,Calibration,1999,1999-01-17,,exper2_10
,0.01,Calibration,1999,1999-01-18,,exper2_10
,0.01,Calibration,1999,1999-01-19,,exper2_10
,0.01,Calibration,1999,1999-01-20,,exper2_10
,0.01,Calibration,1999,1999-01-21,,exper2_10
,0.01,Calibration,1999,1999-01-22,,exper2_10
,0.01,Calibration,1999,1999-01-23,,exper2_10
,0.01,Calibration,1999,1999-01-24,,exper2_10
,0.01,Calibration,1999,1999-01-25,,exper2_10
,0.01,Calibration,1999,1999-01-26,,exper2_10
,0.01,Calibration,1999,1999-01-27,,exper2_10
,0.01,Calibration,1999,1999-01-28,,exper2_10
,0.01,Calibration,1999,1999-01-29,,exper2_10
,0.01,Calibration,1999,1999-01-30,,exper2_10
,0.01,Calibration,1999,1999-01-31,,exper2_10
,0.01,Calibration,1999,1999-02-01,,exper2_10
,0.01,Calibration,1999,1999-02-02,,exper2_10
,0.01,Calibration,1999,1999-02-03,,exper2_10
,0.01,Calibration,1999,1999-02-04,,exper2_10
,0.01,Calibration,1999,1999-02-05,,exper2_10
,0.01,Calibration,1999,1999-02-06,,exper2_10
,0.01,Calibration,1999,1999-02-07,,exper2_10
,0.01,Calibration,1999,1999-02-08,,exper2_10
,0.05743669,Calibration,1999,1999-02-09,,exper2_10
,0.01,Calibration,1999,1999-02-10,,exper2_10
,0.01,Calibration,1999,1999-02-11,,exper2_10
,0.043699995,Calibration,1999,1999-02-12,,exper2_10
,0.01,Calibration,1999,1999-02-13,,exper2_10
,0.01,Calibration,1999,1999-02-14,,exper2_10
,0.01,Calibration,1999,1999-02-15,,exper2_10
,0.01,Calibration,1999,1999-02-16,,exper2_10
,0.2345217,Calibration,1999,1999-02-17,,exper2_10
,0.01,Calibration,1999,1999-02-18,,exper2_10
,0.01,Calibration,1999,1999-02-19,,exper2_10
,0.01,Calibration,1999,1999-02-20,,exper2_10
,0.01,Calibration,1999,1999-02-21,,exper2_10
,0.01,Calibration,1999,1999-02-22,,exper2_10
,0.01,Calibration,1999,1999-02-23,,exper2_10
,0.01,Calibration,1999,1999-02-24,,exper2_10
,0.01,Calibration,1999,1999-02-25,,exper2_10
,0.04404722,Calibration,1999,1999-02-26,,exper2_10
,0.01,Calibration,1999,1999-02-27,,exper2_10
,0.01,Calibration,1999,1999-02-28,,exper2_10
,0.01,Calibration,1999,1999-03-01,,exper2_10
,0.01,Calibration,1999,1999-03-02,,exper2_10
,0.31877327,Calibration,1999,1999-03-03,,exper2_10
,0.01,Calibration,1999,1999-03-04,,exper2_10
,0.01,Calibration,1999,1999-03-05,,exper2_10
,0.01,Calibration,1999,1999-03-06,,exper2_10
,0.01,Calibration,1999,1999-03-07,,exper2_10
,0.01,Calibration,1999,1999-03-08,,exper2_10
,0.01,Calibration,1999,1999-03-09,,exper2_10
,0.01,Calibration,1999,1999-03-10,,exper2_10
,0.01,Calibration,1999,1999-03-11,,exper2_10
,0.01,Calibration,1999,1999-03-12,,exper2_10
,0.01,Calibration,1999,1999-03-13,,exper2_10
,0.01,Calibration,1999,1999-03-14,,exper2_10
,0.01,Calibration,1999,1999-03-15,,exper2_10
,0.01,Calibration,1999,1999-03-16,,exper2_10
,0.07960869,Calibration,1999,1999-03-17,,exper2_10
,0.2911557,Calibration,1999,1999-03-18,,exper2_10
,0.01,Calibration,1999,1999-03-19,,exper2_10
,0.28218257,Calibration,1999,1999-03-20,,exper2_10
,0.42282465,Calibration,1999,1999-03-21,,exper2_10
,0.01,Calibration,1999,1999-03-22,,exper2_10
,0.01,Calibration,1999,1999-03-23,,exper2_10
,0.01,Calibration,1999,1999-03-24,,exper2_10
,0.01,Calibration,1999,1999-03-25,,exper2_10
,0.01,Calibration,1999,1999-03-26,,exper2_10
,0.01,Calibration,1999,1999-03-27,,exper2_10
,0.01,Calibration,1999,1999-03-28,,exper2_10
,0.01,Calibration,1999,1999-03-29,,exper2_10
,0.01,Calibration,1999,1999-03-30,,exper2_10
,0.01,Calibration,1999,1999-03-31,,exper2_10
,0.09067165,Calibration,1999,1999-04-01,,exper2_10
,0.22892328,Calibration,1999,1999-04-02,,exper2_10
,0.0855307,Calibration,1999,1999-04-03,,exper2_10
,0.01,Calibration,1999,1999-04-04,,exper2_10
,0.01,Calibration,1999,1999-04-05,,exper2_10
,0.04843083,Calibration,1999,1999-04-06,,exper2_10
,0.48240548,Calibration,1999,1999-04-07,,exper2_10
,1.325312,Calibration,1999,1999-04-08,,exper2_10
,1.2129648,Calibration,1999,1999-04-09,,exper2_10
,1.4424045,Calibration,1999,1999-04-10,,exper2_10
,1.7453132,Calibration,1999,1999-04-11,,exper2_10
,1.9661913,Calibration,1999,1999-04-12,,exper2_10
,2.6048832,Calibration,1999,1999-04-13,,exper2_10
,3.4905212,Calibration,1999,1999-04-14,,exper2_10
,4.480395,Calibration,1999,1999-04-15,,exper2_10
,4.4672327,Calibration,1999,1999-04-16,,exper2_10
,4.9749613,Calibration,1999,1999-04-17,,exper2_10
,5.0012393,Calibration,1999,1999-04-18,,exper2_10
,5.5373645,Calibration,1999,1999-04-19,,exper2_10
,5.9105935,Calibration,1999,1999-04-20,,exper2_10
,5.7405257,Calibration,1999,1999-04-21,,exper2_10
,5.7949305,Calibration,1999,1999-04-22,,exper2_10
,5.901852,Calibration,1999,1999-04-23,,exper2_10
,6.6300383,Calibration,1999,1999-04-24,,exper2_10
,7.314479,Calibration,1999,1999-04-25,,exper2_10
,8.567718,Calibration,1999,1999-04-26,,exper2_10
,8.848968,Calibration,1999,1999-04-27,,exper2_10
,9.533497,Calibration,1999,1999-04-28,,exper2_10
,10.397742,Calibration,1999,1999-04-29,,exper2_10
,11.963395,Calibration,1999,1999-04-30,,exper2_10
,13.921978,Calibration,1999,1999-05-01,,exper2_10
,15.042697,Calibration,1999,1999-05-02,,exper2_10
,15.733938,Calibration,1999,1999-05-03,,exper2_10
,16.546446,Calibration,1999,1999-05-04,,exper2_10
,15.623109,Calibration,1999,1999-05-05,,exper2_10
,14.797767,Calibration,1999,1999-05-06,,exper2_10
,13.231441,Calibration,1999,1999-05-07,,exper2_10
,12.589587,Calibration,1999,1999-05-08,,exper2_10
,12.7132015,Calibration,1999,1999-05-09,,exper2_10
,13.391591,Calibration,1999,1999-05-10,,exper2_10
,13.384062,Calibration,1999,1999-05-11,,exper2_10
,13.292508,Calibration,1999,1999-05-12,,exper2_10
,13.401043,Calibration,1999,1999-05-13,,exper2_10
,14.027704,Calibration,1999,1999-05-14,,exper2_10
,14.191313,Calibration,1999,1999-05-15,,exper2_10
,13.961295,Calibration,1999,1999-05-16,,exper2_10
,14.435744,Calibration,1999,1999-05-17,,exper2_10
,14.186918,Calibration,1999,1999-05-18,,exper2_10
15.200000000000045,14.949684,Calibration,1999,1999-05-19,-0.00830243712490781,exper2_10
14.529999999999973,14.825032,Calibration,1999,1999-05-20,0.01005048237856394,exper2_10
15.140000000000043,15.2087755,Calibration,1999,1999-05-21,0.0022661711764484357,exper2_10
16.07000000000005,15.756941,Calibration,1999,1999-05-22,-0.009836294348318867,exper2_10
15.200000000000045,15.037954,Calibration,1999,1999-05-23,-0.0053590156194051,exper2_10
14.080000000000041,13.939229,Calibration,1999,1999-05-24,-0.00502408500984949,exper2_10
13.29000000000002,13.390876,Calibration,1999,1999-05-25,0.0037808285245042763,exper2_10
13.830000000000041,14.259192,Calibration,1999,1999-05-26,0.015279629958891212,exper2_10
14.850000000000023,15.157126,Calibration,1999,1999-05-27,0.010235116229707013,exper2_10
16.0,16.525372,Calibration,1999,1999-05-28,0.016152668715300873,exper2_10
17.189999999999998,17.506968,Calibration,1999,1999-05-29,0.00913530971110477,exper2_10
17.960000000000036,18.209356,Calibration,1999,1999-05-30,0.00689413175783621,exper2_10
17.779999999999973,17.896183,Calibration,1999,1999-05-31,0.003256598775455438,exper2_10
16.649999999999977,16.652082,Calibration,1999,1999-06-01,6.2531922466918e-05,exper2_10
16.089999999999975,16.448305,Calibration,1999,1999-06-02,0.011011794516442115,exper2_10
16.760000000000048,17.404589,Calibration,1999,1999-06-03,0.018867158185727213,exper2_10
16.339999999999975,17.026241,Calibration,1999,1999-06-04,0.020566934593230415,exper2_10
16.810000000000002,16.869091,Calibration,1999,1999-06-05,0.0017545317323440707,exper2_10
17.779999999999973,18.204157,Calibration,1999,1999-06-06,0.011787322878693536,exper2_10
18.560000000000002,18.82982,Calibration,1999,1999-06-07,0.007216419559309101,exper2_10
20.02000000000004,20.082357,Calibration,1999,1999-06-08,0.001554956133473697,exper2_10
20.600000000000023,20.92079,Calibration,1999,1999-06-09,0.007726002342484044,exper2_10
21.670000000000016,21.551971,Calibration,1999,1999-06-10,-0.0027307538396101733,exper2_10
21.970000000000027,21.536951,Calibration,1999,1999-06-11,-0.009953557404860144,exper2_10
21.779999999999973,21.29427,Calibration,1999,1999-06-12,-0.011276579804466978,exper2_10
21.920000000000016,21.459206,Calibration,1999,1999-06-13,-0.010622471432881978,exper2_10
20.57000000000005,20.31089,Calibration,1999,1999-06-14,-0.006338164384208531,exper2_10
19.529999999999973,19.661524,Calibration,1999,1999-06-15,0.0033559251122073737,exper2_10
19.30000000000001,19.603256,Calibration,1999,1999-06-16,0.007795137348592433,exper2_10
19.730000000000018,19.351377,Calibration,1999,1999-06-17,-0.009688054443361837,exper2_10
19.660000000000025,19.448112,Calibration,1999,1999-06-18,-0.005417993831156994,exper2_10
19.54000000000002,19.280603,Calibration,1999,1999-06-19,-0.006681930944114401,exper2_10
19.560000000000002,18.998407,Calibration,1999,1999-06-20,-0.01456472594442035,exper2_10
20.110000000000014,19.328608,Calibration,1999,1999-06-21,-0.019812881061353597,exper2_10
20.470000000000027,20.26872,Calibration,1999,1999-06-22,-0.004940738689678125,exper2_10
20.510000000000048,20.161015,Calibration,1999,1999-06-23,-0.008580691849404716,exper2_10
21.25,20.62351,Calibration,1999,1999-06-24,-0.014961478841524278,exper2_10
22.30000000000001,21.626017,Calibration,1999,1999-06-25,-0.01534360351993818,exper2_10
22.470000000000027,21.963528,Calibration,1999,1999-06-26,-0.01139842697637039,exper2_10
22.640000000000043,22.232428,Calibration,1999,1999-06-27,-0.009082914047221644,exper2_10
21.910000000000025,21.568182,Calibration,1999,1999-06-28,-0.007861828456606015,exper2_10
21.260000000000048,20.714884,Calibration,1999,1999-06-29,-0.012986723160926026,exper2_10
20.810000000000002,20.570421,Calibration,1999,1999-06-30,-0.005789665113864742,exper2_10
21.350000000000023,21.061968,Calibration,1999,1999-07-01,-0.006791294176424334,exper2_10
21.52000000000004,21.389742,Calibration,1999,1999-07-02,-0.003035630061069368,exper2_10
21.439999999999998,21.394312,Calibration,1999,1999-07-03,-0.0010666237663441256,exper2_10
22.560000000000002,21.996773,Calibration,1999,1999-07-04,-0.012640664907290405,exper2_10
23.220000000000027,22.482141,Calibration,1999,1999-07-05,-0.016144943784172465,exper2_10
22.960000000000036,22.468458,Calibration,1999,1999-07-06,-0.010820130025989461,exper2_10
22.779999999999973,22.384447,Calibration,1999,1999-07-07,-0.00875805921780254,exper2_10
21.950000000000045,21.898943,Calibration,1999,1999-07-08,-0.0011643850268776396,exper2_10
21.149999999999977,22.076921,Calibration,1999,1999-07-09,0.021443152360638103,exper2_10
21.110000000000014,22.125463,Calibration,1999,1999-07-10,0.023486818547769323,exper2_10
21.710000000000036,22.052425,Calibration,1999,1999-07-11,0.007824643664346848,exper2_10
21.939999999999998,22.27429,Calibration,1999,1999-07-12,0.00756067968517486,exper2_10
21.600000000000023,22.17845,Calibration,1999,1999-07-13,0.013213113657893133,exper2_10
21.689999999999998,22.233814,Calibration,1999,1999-07-14,0.012380851911828904,exper2_10
22.760000000000048,23.299221,Calibration,1999,1999-07-15,0.011707124581283293,exper2_10
23.24000000000001,23.252691,Calibration,1999,1999-07-16,0.00027297341957429575,exper2_10
23.510000000000048,23.845022,Calibration,1999,1999-07-17,0.007074692101551931,exper2_10
23.689999999999998,23.762201,Calibration,1999,1999-07-18,0.0015215586887873053,exper2_10
24.149999999999977,24.166418,Calibration,1999,1999-07-19,0.00033980324319303083,exper2_10
23.80000000000001,24.324408,Calibration,1999,1999-07-20,0.010896914973342092,exper2_10
24.25,24.642178,Calibration,1999,1999-07-21,0.008021274592056623,exper2_10
24.879999999999995,25.391277,Calibration,1999,1999-07-22,0.010170366470832597,exper2_10
25.589999999999975,25.61338,Calibration,1999,1999-07-23,0.00045661891718111263,exper2_10
25.79000000000002,25.829325,Calibration,1999,1999-07-24,0.0007618217111824701,exper2_10
26.260000000000048,26.238926,Calibration,1999,1999-07-25,-0.00040141899643272383,exper2_10
25.879999999999995,26.12646,Calibration,1999,1999-07-26,0.004739009843514806,exper2_10
25.670000000000016,25.753174,Calibration,1999,1999-07-27,0.0016174386357983527,exper2_10
25.689999999999998,25.48922,Calibration,1999,1999-07-28,-0.003923083153373928,exper2_10
25.899999999999977,25.435572,Calibration,1999,1999-07-29,-0.009046910638268848,exper2_10
26.339999999999975,26.028757,Calibration,1999,1999-07-30,-0.005943293710340419,exper2_10
26.149999999999977,26.07285,Calibration,1999,1999-07-31,-0.0014773365948306798,exper2_10
25.460000000000036,25.146982,Calibration,1999,1999-08-01,-0.006185269175173446,exper2_10
24.960000000000036,24.231012,Calibration,1999,1999-08-02,-0.014819529440386912,exper2_10
24.54000000000002,23.646711,Calibration,1999,1999-08-03,-0.01853807046581567,exper2_10
24.160000000000025,23.343199,Calibration,1999,1999-08-04,-0.01719465730302281,exper2_10
23.960000000000036,23.065067,Calibration,1999,1999-08-05,-0.019030971358261196,exper2_10
24.180000000000007,23.446844,Calibration,1999,1999-08-06,-0.015393753520468956,exper2_10
23.529999999999973,23.339598,Calibration,1999,1999-08-07,-0.00406238387587811,exper2_10
23.129999999999995,22.7573,Calibration,1999,1999-08-08,-0.008122085663503774,exper2_10
22.589999999999975,22.294256,Calibration,1999,1999-08-09,-0.006589031759532217,exper2_10
22.360000000000014,22.330538,Calibration,1999,1999-08-10,-0.0006592492601896883,exper2_10
22.279999999999973,22.490313,Calibration,1999,1999-08-11,0.004697590081274842,exper2_10
22.07000000000005,22.503172,Calibration,1999,1999-08-12,0.009718220671982452,exper2_10
21.560000000000002,21.985136,Calibration,1999,1999-08-13,0.009763111815543535,exper2_10
21.640000000000043,21.692799,Calibration,1999,1999-08-14,0.001218444600627296,exper2_10
21.350000000000023,21.67829,Calibration,1999,1999-08-15,0.007629618047272193,exper2_10
21.33000000000004,21.749254,Calibration,1999,1999-08-16,0.009732160739793645,exper2_10
21.310000000000002,21.753448,Calibration,1999,1999-08-17,0.010297560969110721,exper2_10
21.05000000000001,21.592041,Calibration,1999,1999-08-18,0.012711422875522597,exper2_10
21.189999999999998,21.496477,Calibration,1999,1999-08-19,0.007179724064903102,exper2_10
21.680000000000007,21.621,Calibration,1999,1999-08-20,-0.001362548432784201,exper2_10
22.180000000000007,21.748144,Calibration,1999,1999-08-21,-0.009830960505575864,exper2_10
21.689999999999998,21.548893,Calibration,1999,1999-08-22,-0.00326342825725316,exper2_10
21.32000000000005,21.422182,Calibration,1999,1999-08-23,0.00239066135956974,exper2_10
21.939999999999998,21.57736,Calibration,1999,1999-08-24,-0.00833322254670597,exper2_10
22.82000000000005,22.09572,Calibration,1999,1999-08-25,-0.016125305442452435,exper2_10
22.879999999999995,22.354544,Calibration,1999,1999-08-26,-0.011616262070320096,exper2_10
23.640000000000043,22.767162,Calibration,1999,1999-08-27,-0.018808253582215745,exper2_10
23.02000000000004,22.703054,Calibration,1999,1999-08-28,-0.0069318547473211515,exper2_10
22.260000000000048,22.22011,Calibration,1999,1999-08-29,-0.0008968066958252073,exper2_10
21.640000000000043,21.64385,Calibration,1999,1999-08-30,8.895526874331764e-05,exper2_10
21.350000000000023,21.42528,Calibration,1999,1999-08-31,0.0017598860365855952,exper2_10
21.420000000000016,21.534832,Calibration,1999,1999-09-01,0.002673319749695399,exper2_10
21.75,21.710993,Calibration,1999,1999-09-02,-0.0008975217629607765,exper2_10
22.360000000000014,22.021236,Calibration,1999,1999-09-03,-0.007633036112803705,exper2_10
22.720000000000027,22.254936,Calibration,1999,1999-09-04,-0.010340510089472295,exper2_10
22.230000000000018,22.099028,Calibration,1999,1999-09-05,-0.0029545508513152026,exper2_10
21.850000000000023,21.602304,Calibration,1999,1999-09-06,-0.005700400576400996,exper2_10
21.689999999999998,21.678354,Calibration,1999,1999-09-07,-0.0002685307499479458,exper2_10
21.460000000000036,21.512892,Calibration,1999,1999-09-08,0.0012308170856399048,exper2_10
20.82000000000005,20.832182,Calibration,1999,1999-09-09,0.00029246800473157434,exper2_10
20.04000000000002,20.078732,Calibration,1999,1999-09-10,0.0009654227684049121,exper2_10
19.720000000000027,19.561396,Calibration,1999,1999-09-11,-0.0040376456145096795,exper2_10
19.33000000000004,19.538792,Calibration,1999,1999-09-12,0.005371704331313188,exper2_10
18.960000000000036,18.689264,Calibration,1999,1999-09-13,-0.0071909958286427225,exper2_10
18.350000000000023,18.21346,Calibration,1999,1999-09-14,-0.0037343039831263967,exper2_10
17.860000000000014,17.672174,Calibration,1999,1999-09-15,-0.005286069573626015,exper2_10
17.74000000000001,17.43643,Calibration,1999,1999-09-16,-0.008629926993100395,exper2_10
17.720000000000027,17.501554,Calibration,1999,1999-09-17,-0.0062020405979431,exper2_10
18.02000000000004,17.388205,Calibration,1999,1999-09-18,-0.017843192926776143,exper2_10
17.660000000000025,17.465698,Calibration,1999,1999-09-19,-0.00553161268063164,exper2_10
17.170000000000016,16.763773,Calibration,1999,1999-09-20,-0.011971172081210131,exper2_10
16.79000000000002,16.723806,Calibration,1999,1999-09-21,-0.001975114912984522,exper2_10
16.850000000000023,16.589325,Calibration,1999,1999-09-22,-0.007795463850086251,exper2_10
16.680000000000007,16.535458,Calibration,1999,1999-09-23,-0.0043516603205788346,exper2_10
16.720000000000027,16.499989,Calibration,1999,1999-09-24,-0.0066228633318627305,exper2_10
16.32000000000005,16.07196,Calibration,1999,1999-09-25,-0.007657441764605576,exper2_10
16.110000000000014,16.23427,Calibration,1999,1999-09-26,0.0038421054318743663,exper2_10
16.02000000000004,16.167633,Calibration,1999,1999-09-27,0.004586639110145069,exper2_10
15.79000000000002,15.887592,Calibration,1999,1999-09-28,0.0030807996612015136,exper2_10
15.610000000000014,15.543664,Calibration,1999,1999-09-29,-0.0021293168427627177,exper2_10
15.32000000000005,15.242112,Calibration,1999,1999-09-30,-0.002548509732049116,exper2_10
14.770000000000039,14.602763,Calibration,1999,1999-10-01,-0.005693602029669866,exper2_10
14.310000000000002,14.195863,Calibration,1999,1999-10-02,-0.004003991418889206,exper2_10
13.890000000000043,13.661075,Calibration,1999,1999-10-03,-0.008309126400265704,exper2_10
13.5,13.146406,Calibration,1999,1999-10-04,-0.013269850500247272,exper2_10
13.25,13.001228,Calibration,1999,1999-10-05,-0.009476572460889194,exper2_10
12.970000000000027,12.740932,Calibration,1999,1999-10-06,-0.00890934374767667,exper2_10
12.450000000000045,12.460901,Calibration,1999,1999-10-07,0.0004376100351403559,exper2_10
12.300000000000011,12.672635,Calibration,1999,1999-10-08,0.014921736423082699,exper2_10
12.399999999999977,12.517999,Calibration,1999,1999-10-09,0.004735480437899956,exper2_10
12.520000000000039,12.479318,Calibration,1999,1999-10-10,-0.0016273378115729481,exper2_10
12.620000000000005,12.312588,Calibration,1999,1999-10-11,-0.01232973749828252,exper2_10
12.270000000000039,12.39442,Calibration,1999,1999-10-12,0.005044500205928099,exper2_10
11.939999999999998,12.08735,Calibration,1999,1999-10-13,0.006132590249319581,exper2_10
11.510000000000048,11.762996,Calibration,1999,1999-10-14,0.01087078444710863,exper2_10
11.529999999999973,11.750626,Calibration,1999,1999-10-15,0.009476790445592255,exper2_10
11.360000000000014,11.757202,Calibration,1999,1999-10-16,0.01718210300221531,exper2_10
11.010000000000048,11.20958,Calibration,1999,1999-10-17,0.00898218677680601,exper2_10
10.670000000000016,10.992972,Calibration,1999,1999-10-18,0.014908959324094402,exper2_10
10.470000000000027,10.736846,Calibration,1999,1999-10-19,0.012583010718771472,exper2_10
10.29000000000002,10.393909,Calibration,1999,1999-10-20,0.005023685419578702,exper2_10
10.07000000000005,10.314856,Calibration,1999,1999-10-21,0.012011641419477066,exper2_10
9.600000000000023,9.941466,Calibration,1999,1999-10-22,0.017473935972337817,exper2_10
8.950000000000045,9.369643,Calibration,1999,1999-10-23,0.022906734946910447,exper2_10
8.700000000000045,9.1377325,Calibration,1999,1999-10-24,0.02453969447383538,exper2_10
8.550000000000011,9.27222,Calibration,1999,1999-10-25,0.040523552720207016,exper2_10
8.360000000000014,9.059399,Calibration,1999,1999-10-26,0.0401505623202407,exper2_10
8.240000000000009,8.819286,Calibration,1999,1999-10-27,0.033957243853672485,exper2_10
8.310000000000002,9.030608,Calibration,1999,1999-10-28,0.04155610748031066,exper2_10
8.160000000000025,8.893835,Calibration,1999,1999-10-29,0.04303050104763667,exper2_10
8.310000000000002,8.896855,Calibration,1999,1999-10-30,0.03410590385198505,exper2_10
8.370000000000005,8.812513,Calibration,1999,1999-10-31,0.025753703337197096,exper2_10
8.220000000000027,8.854778,Calibration,1999,1999-11-01,0.0371763708448432,exper2_10
7.930000000000007,8.263955,Calibration,1999,1999-11-02,0.020622208340963084,exper2_10
7.7000000000000455,7.8408227,Calibration,1999,1999-11-03,0.009061469874164174,exper2_10
7.520000000000039,7.5909214,Calibration,1999,1999-11-04,0.004693386994139144,exper2_10
7.420000000000016,7.559722,Calibration,1999,1999-11-05,0.00932740588999523,exper2_10
7.2900000000000205,7.325828,Calibration,1999,1999-11-06,0.00245132025527829,exper2_10
7.170000000000016,7.0528083,Calibration,1999,1999-11-07,-0.00823970294010581,exper2_10
7.180000000000007,7.0366826,Calibration,1999,1999-11-08,-0.01008093084941628,exper2_10
7.5,6.8859434,Calibration,1999,1999-11-09,-0.042684485097702944,exper2_10
7.3700000000000045,9.002172,Calibration,1999,1999-11-10,0.09969186881425027,exper2_10
7.020000000000039,8.447986,Calibration,1999,1999-11-11,0.09231878549041135,exper2_10
6.9010000000000105,8.254867,Calibration,1999,1999-11-12,0.089329540551204,exper2_10
6.885000000000048,8.39991,Calibration,1999,1999-11-13,0.0991114750303511,exper2_10
6.753000000000043,8.368315,Calibration,1999,1999-11-14,0.10682369691334048,exper2_10
6.617000000000019,7.8637652,Calibration,1999,1999-11-15,0.08609802169129317,exper2_10
6.4529999999999745,7.1843095,Calibration,1999,1999-11-16,0.053625642470675416,exper2_10
6.315999999999974,6.5836244,Calibration,1999,1999-11-17,0.020746678772626877,exper2_10
6.2760000000000105,6.2346015,Calibration,1999,1999-11-18,-0.0033090736970272597,exper2_10
6.266999999999996,6.575679,Calibration,1999,1999-11-19,0.02403539242672969,exper2_10
6.125999999999976,6.909205,Calibration,1999,1999-11-20,0.06008382394297678,exper2_10
6.074000000000012,6.7093954,Calibration,1999,1999-11-21,0.049704744969508476,exper2_10
6.060000000000002,6.371603,Calibration,1999,1999-11-22,0.025065392756030282,exper2_10
5.899999999999977,6.4000854,Calibration,1999,1999-11-23,0.04065707114665102,exper2_10
5.6720000000000255,5.9199367,Calibration,1999,1999-11-24,0.021388717372190433,exper2_10
5.516999999999996,5.64106,Calibration,1999,1999-11-25,0.011118409192337883,exper2_10
5.3320000000000505,5.4250703,Calibration,1999,1999-11-26,0.00865201056833771,exper2_10
5.15300000000002,5.2830815,Calibration,1999,1999-11-27,0.01246459517700162,exper2_10
4.948000000000036,4.8261995,Calibration,1999,1999-11-28,-0.012461426437186717,exper2_10
4.661999999999978,4.5729184,Calibration,1999,1999-11-29,-0.009646169129662709,exper2_10
4.4360000000000355,4.310361,Calibration,1999,1999-11-30,-0.014364727548518466,exper2_10
4.214999999999975,4.034568,Calibration,1999,1999-12-01,-0.021871711428639425,exper2_10
4.125,3.991687,Calibration,1999,1999-12-02,-0.0164245510048466,exper2_10
4.132000000000005,4.058532,Calibration,1999,1999-12-03,-0.008969839792889175,exper2_10
4.040999999999997,4.3268285,Calibration,1999,1999-12-04,0.034158023250353844,exper2_10
3.8360000000000127,3.8756325,Calibration,1999,1999-12-05,0.00513931704661496,exper2_10
3.546000000000049,3.4673357,Calibration,1999,1999-12-06,-0.011216388657994599,exper2_10
3.4180000000000064,3.0963695,Calibration,1999,1999-12-07,-0.049372467255362255,exper2_10
3.035000000000025,2.8844674,Calibration,1999,1999-12-08,-0.025430098250782105,exper2_10
2.8310000000000173,2.8423753,Calibration,1999,1999-12-09,0.0020050283851388295,exper2_10
2.3180000000000405,2.2217982,Calibration,1999,1999-12-10,-0.021190769857906647,exper2_10
,1.8632842,Calibration,1999,1999-12-11,,exper2_10
0.1309999999999718,1.6727289,Calibration,1999,1999-12-12,0.8547453552690331,exper2_10
0.5450000000000159,1.4900244,Calibration,1999,1999-12-13,0.4643798990372715,exper2_10
2.5260000000000105,1.6362686,Calibration,1999,1999-12-14,-0.2137611640239793,exper2_10
2.434000000000026,1.6323662,Calibration,1999,1999-12-15,-0.19713763690050082,exper2_10
1.4330000000000496,1.0618557,Calibration,1999,1999-12-16,-0.14876384638565182,exper2_10
,0.94687736,Calibration,1999,1999-12-17,,exper2_10
,0.8609194,Calibration,1999,1999-12-18,,exper2_10
,0.81720185,Calibration,1999,1999-12-19,,exper2_10
,0.6382461,Calibration,1999,1999-12-20,,exper2_10
,0.44581926,Calibration,1999,1999-12-21,,exper2_10
,0.40633926,Calibration,1999,1999-12-22,,exper2_10
,0.32025647,Calibration,1999,1999-12-23,,exper2_10
,0.3446228,Calibration,1999,1999-12-24,,exper2_10
,0.55756503,Calibration,1999,1999-12-25,,exper2_10
,0.36959743,Calibration,1999,1999-12-26,,exper2_10
,0.20992558,Calibration,1999,1999-12-27,,exper2_10
,0.38868368,Calibration,1999,1999-12-28,,exper2_10
,0.7716077,Calibration,1999,1999-12-29,,exper2_10
,0.74193287,Calibration,1999,1999-12-30,,exper2_10
,0.38325134,Calibration,1999,1999-12-31,,exper2_10
,0.30270553,Calibration,2000,2000-01-01,,exper2_10
,0.24393222,Calibration,2000,2000-01-02,,exper2_10
,0.01,Calibration,2000,2000-01-03,,exper2_10
,0.01,Calibration,2000,2000-01-04,,exper2_10
,0.01,Calibration,2000,2000-01-05,,exper2_10
,0.01,Calibration,2000,2000-01-06,,exper2_10
,0.01,Calibration,2000,2000-01-07,,exper2_10
,0.01,Calibration,2000,2000-01-08,,exper2_10
,0.01,Calibration,2000,2000-01-09,,exper2_10
,0.01,Calibration,2000,2000-01-10,,exper2_10
,0.01,Calibration,2000,2000-01-11,,exper2_10
,0.01,Calibration,2000,2000-01-12,,exper2_10
,0.01,Calibration,2000,2000-01-13,,exper2_10
,0.01,Calibration,2000,2000-01-14,,exper2_10
,0.01,Calibration,2000,2000-01-15,,exper2_10
,0.01,Calibration,2000,2000-01-16,,exper2_10
,0.01,Calibration,2000,2000-01-17,,exper2_10
,0.01,Calibration,2000,2000-01-18,,exper2_10
,0.01,Calibration,2000,2000-01-19,,exper2_10
,0.01,Calibration,2000,2000-01-20,,exper2_10
,0.01,Calibration,2000,2000-01-21,,exper2_10
,0.01,Calibration,2000,2000-01-22,,exper2_10
,0.01,Calibration,2000,2000-01-23,,exper2_10
,0.01,Calibration,2000,2000-01-24,,exper2_10
,0.01,Calibration,2000,2000-01-25,,exper2_10
,0.01,Calibration,2000,2000-01-26,,exper2_10
,0.045591205,Calibration,2000,2000-01-27,,exper2_10
,0.13243316,Calibration,2000,2000-01-28,,exper2_10
,0.01,Calibration,2000,2000-01-29,,exper2_10
,0.01,Calibration,2000,2000-01-30,,exper2_10
,0.01,Calibration,2000,2000-01-31,,exper2_10
,0.10164982,Calibration,2000,2000-02-01,,exper2_10
,0.01,Calibration,2000,2000-02-02,,exper2_10
,0.01,Calibration,2000,2000-02-03,,exper2_10
,0.20127568,Calibration,2000,2000-02-04,,exper2_10
,0.09097188,Calibration,2000,2000-02-05,,exper2_10
,0.08763441,Calibration,2000,2000-02-06,,exper2_10
,0.10350598,Calibration,2000,2000-02-07,,exper2_10
,0.113505825,Calibration,2000,2000-02-08,,exper2_10
,0.01,Calibration,2000,2000-02-09,,exper2_10
,0.01,Calibration,2000,2000-02-10,,exper2_10
,0.12207329,Calibration,2000,2000-02-11,,exper2_10
,0.01,Calibration,2000,2000-02-12,,exper2_10
,0.01,Calibration,2000,2000-02-13,,exper2_10
,0.09356673,Calibration,2000,2000-02-14,,exper2_10
,0.12811305,Calibration,2000,2000-02-15,,exper2_10
,0.15114798,Calibration,2000,2000-02-16,,exper2_10
,0.06528576,Calibration,2000,2000-02-17,,exper2_10
,0.009373739,Calibration,2000,2000-02-18,,exper2_10
,0.10039044,Calibration,2000,2000-02-19,,exper2_10
,0.07559413,Calibration,2000,2000-02-20,,exper2_10
,0.01,Calibration,2000,2000-02-21,,exper2_10
,0.1436214,Calibration,2000,2000-02-22,,exper2_10
,0.01,Calibration,2000,2000-02-23,,exper2_10
,0.018310994,Calibration,2000,2000-02-24,,exper2_10
,0.01,Calibration,2000,2000-02-25,,exper2_10
0.007000000000005002,0.3386559,Calibration,2000,2000-02-26,0.9594972906750571,exper2_10
0.0009999999999763531,0.22269729,Calibration,2000,2000-02-27,0.9910593462279276,exper2_10
0.011000000000024102,0.23042333,Calibration,2000,2000-02-28,0.9088737617645947,exper2_10
0.08999999999997499,0.01,Calibration,2000,2000-02-29,-1.0,exper2_10
,0.01,Calibration,2000,2000-03-01,,exper2_10
,0.094102785,Calibration,2000,2000-03-02,,exper2_10
,0.01,Calibration,2000,2000-03-03,,exper2_10
0.20600000000001728,0.01,Calibration,2000,2000-03-04,-1.0,exper2_10
0.17899999999997362,0.01,Calibration,2000,2000-03-05,-1.0,exper2_10
0.2909999999999968,0.01,Calibration,2000,2000-03-06,-1.0,exper2_10
1.1659999999999968,0.01,Calibration,2000,2000-03-07,-1.0,exper2_10
2.44500000000005,1.1126143,Calibration,2000,2000-03-08,-0.3745166348423862,exper2_10
,1.0126544,Calibration,2000,2000-03-09,,exper2_10
,0.74035674,Calibration,2000,2000-03-10,,exper2_10
,0.39006746,Calibration,2000,2000-03-11,,exper2_10
0.27000000000003865,0.27828717,Calibration,2000,2000-03-12,0.01511465658121702,exper2_10
,0.09513949,Calibration,2000,2000-03-13,,exper2_10
,0.6708371,Calibration,2000,2000-03-14,,exper2_10
,0.4704075,Calibration,2000,2000-03-15,,exper2_10
,0.34020016,Calibration,2000,2000-03-16,,exper2_10
,0.07301482,Calibration,2000,2000-03-17,,exper2_10
,0.61261976,Calibration,2000,2000-03-18,,exper2_10
,0.27432474,Calibration,2000,2000-03-19,,exper2_10
,0.2928558,Calibration,2000,2000-03-20,,exper2_10
,0.20848349,Calibration,2000,2000-03-21,,exper2_10
,0.022564322,Calibration,2000,2000-03-22,,exper2_10
0.12800000000004275,0.7024295,Calibration,2000,2000-03-23,0.6917257778051829,exper2_10
2.236000000000047,0.7218529,Calibration,2000,2000-03-24,-0.511907506326682,exper2_10
1.8629999999999995,1.2106749,Calibration,2000,2000-03-25,-0.21222970649849282,exper2_10
0.7799999999999727,1.235211,Calibration,2000,2000-03-26,0.2258875181885916,exper2_10
1.323000000000036,1.3794917,Calibration,2000,2000-03-27,0.020903556187216232,exper2_10
1.3670000000000186,1.4518405,Calibration,2000,2000-03-28,0.030097665797683255,exper2_10
0.7490000000000236,1.2295226,Calibration,2000,2000-03-29,0.24286939623577383,exper2_10
0.4159999999999968,1.5536126,Calibration,2000,2000-03-30,0.5775819040285376,exper2_10
2.350999999999999,1.59939,Calibration,2000,2000-03-31,-0.19026221826264178,exper2_10
3.2549999999999955,2.5140698,Calibration,2000,2000-04-01,-0.12843148560197343,exper2_10
4.641999999999996,3.20731,Calibration,2000,2000-04-02,-0.18277912908919536,exper2_10
4.451000000000022,3.539081,Calibration,2000,2000-04-03,-0.11413137017261117,exper2_10
4.194000000000017,3.4978557,Calibration,2000,2000-04-04,-0.09050408213222128,exper2_10
4.087000000000046,3.9601176,Calibration,2000,2000-04-05,-0.01576743725386508,exper2_10
4.229000000000042,4.238136,Calibration,2000,2000-04-06,0.0010789734411583588,exper2_10
4.103000000000009,3.9875472,Calibration,2000,2000-04-07,-0.01427009058019636,exper2_10
4.163000000000011,3.9622931,Calibration,2000,2000-04-08,-0.024701490555775828,exper2_10
4.315999999999974,3.7967293,Calibration,2000,2000-04-09,-0.06400690234687638,exper2_10
4.404999999999973,3.755532,Calibration,2000,2000-04-10,-0.07958647446228773,exper2_10
4.279999999999973,3.694683,Calibration,2000,2000-04-11,-0.07339688857194951,exper2_10
4.587000000000046,3.7033565,Calibration,2000,2000-04-12,-0.10658691156242253,exper2_10
4.532000000000039,3.8968651,Calibration,2000,2000-04-13,-0.0753523589205995,exper2_10
4.694000000000017,4.2557044,Calibration,2000,2000-04-14,-0.04897319255966206,exper2_10
4.4950000000000045,4.3229017,Calibration,2000,2000-04-15,-0.01951691905660835,exper2_10
4.274999999999977,4.0273023,Calibration,2000,2000-04-16,-0.029834824958369803,exper2_10
4.224000000000046,4.331694,Calibration,2000,2000-04-17,0.012587421259042537,exper2_10
4.253000000000043,4.6917887,Calibration,2000,2000-04-18,0.04905523086371622,exper2_10
4.375,5.093268,Calibration,2000,2000-04-19,0.07586054005668803,exper2_10
4.2549999999999955,5.082507,Calibration,2000,2000-04-20,0.08862184752892854,exper2_10
4.576999999999998,5.410288,Calibration,2000,2000-04-21,0.0834348492786235,exper2_10
5.160000000000025,6.11097,Calibration,2000,2000-04-22,0.08437339630767118,exper2_10
5.873000000000047,6.4378057,Calibration,2000,2000-04-23,0.04587885379363691,exper2_10
6.860000000000014,7.269548,Calibration,2000,2000-04-24,0.02898521177463779,exper2_10
8.420000000000016,7.9316397,Calibration,2000,2000-04-25,-0.029866138105447793,exper2_10
10.230000000000018,9.295214,Calibration,2000,2000-04-26,-0.04787585503818357,exper2_10
10.960000000000036,10.145427,Calibration,2000,2000-04-27,-0.03859544085313804,exper2_10
10.230000000000018,9.477529,Calibration,2000,2000-04-28,-0.03818192753927761,exper2_10
9.439999999999998,9.456794,Calibration,2000,2000-04-29,0.0008887108197403923,exper2_10
9.830000000000041,9.918066,Calibration,2000,2000-04-30,0.004459475913728732,exper2_10
10.160000000000025,10.208259,Calibration,2000,2000-05-01,0.0023693055810302135,exper2_10
10.689999999999998,10.515225,Calibration,2000,2000-05-02,-0.008242052897600813,exper2_10
11.360000000000014,11.304549,Calibration,2000,2000-05-03,-0.002446586616148192,exper2_10
12.610000000000014,12.469154,Calibration,2000,2000-05-04,-0.00561604430834541,exper2_10
14.050000000000011,13.831676,Calibration,2000,2000-05-05,-0.00783039277138101,exper2_10
15.120000000000005,14.752503,Calibration,2000,2000-05-06,-0.012302169659472121,exper2_10
16.529999999999973,15.843112,Calibration,2000,2000-05-07,-0.021217855369909718,exper2_10
16.610000000000014,15.220775,Calibration,2000,2000-05-08,-0.043644094894851784,exper2_10
16.07000000000005,14.924827,Calibration,2000,2000-05-09,-0.036947242582011694,exper2_10
15.620000000000005,15.392894,Calibration,2000,2000-05-10,-0.0073229609055613315,exper2_10
15.07000000000005,14.77209,Calibration,2000,2000-05-11,-0.009982881300421876,exper2_10
15.510000000000048,15.570174,Calibration,2000,2000-05-12,0.0019360965226097636,exper2_10
14.629999999999995,15.336097,Calibration,2000,2000-05-13,0.02356318773115253,exper2_10
13.770000000000039,14.275826,Calibration,2000,2000-05-14,0.01803571219372938,exper2_10
13.730000000000018,14.4171,Calibration,2000,2000-05-15,0.024411038929496545,exper2_10
14.129999999999995,14.444261,Calibration,2000,2000-05-16,0.010998030768274158,exper2_10
14.230000000000018,14.244476,Calibration,2000,2000-05-17,0.000508396298407882,exper2_10
13.830000000000041,13.90186,Calibration,2000,2000-05-18,0.0025912519573912185,exper2_10
13.779999999999973,13.54119,Calibration,2000,2000-05-19,-0.008740829052895326,exper2_10
14.300000000000011,14.076928,Calibration,2000,2000-05-20,-0.007861029219812576,exper2_10
14.260000000000048,14.119312,Calibration,2000,2000-05-21,-0.0049574039075862076,exper2_10
14.760000000000048,14.140964,Calibration,2000,2000-05-22,-0.021419232076913108,exper2_10
15.279999999999973,14.883896,Calibration,2000,2000-05-23,-0.013131729655573196,exper2_10
15.220000000000027,15.267738,Calibration,2000,2000-05-24,0.0015658210441578716,exper2_10
15.230000000000018,15.167972,Calibration,2000,2000-05-25,-0.002040543683992919,exper2_10
15.899999999999977,15.712491,Calibration,2000,2000-05-26,-0.005931483359796378,exper2_10
15.490000000000009,15.152404,Calibration,2000,2000-05-27,-0.01101728736344209,exper2_10
15.700000000000045,14.998335,Calibration,2000,2000-05-28,-0.022856780929427174,exper2_10
15.980000000000018,15.7870035,Calibration,2000,2000-05-29,-0.006075375750971952,exper2_10
15.910000000000025,15.530021,Calibration,2000,2000-05-30,-0.012085847196246067,exper2_10
17.100000000000023,16.269732,Calibration,2000,2000-05-31,-0.024880885776860068,exper2_10
16.350000000000023,16.425465,Calibration,2000,2000-06-01,0.0023024732365674485,exper2_10
15.930000000000007,15.759137,Calibration,2000,2000-06-02,-0.00539184281181889,exper2_10
16.370000000000005,16.494608,Calibration,2000,2000-06-03,0.0037915536889357505,exper2_10
16.120000000000005,16.062656,Calibration,2000,2000-06-04,-0.0017818167864944413,exper2_10
16.510000000000048,16.424593,Calibration,2000,2000-06-05,-0.0025932316294728277,exper2_10
16.930000000000007,16.910925,Calibration,2000,2000-06-06,-0.0005636692422228015,exper2_10
16.760000000000048,17.149992,Calibration,2000,2000-06-07,0.01150079862185286,exper2_10
18.379999999999995,18.640547,Calibration,2000,2000-06-08,0.00703789709327486,exper2_10
19.029999999999973,19.712675,Calibration,2000,2000-06-09,0.017620752643887332,exper2_10
19.339999999999975,19.682356,Calibration,2000,2000-06-10,0.008773326802299187,exper2_10
19.450000000000045,19.53672,Calibration,2000,2000-06-11,0.002224354222802233,exper2_10
19.29000000000002,19.465113,Calibration,2000,2000-06-12,0.004518440897728412,exper2_10
19.210000000000036,19.39665,Calibration,2000,2000-06-13,0.0048346674163992995,exper2_10
19.060000000000002,19.403166,Calibration,2000,2000-06-14,0.008921933750620722,exper2_10
18.82000000000005,18.665934,Calibration,2000,2000-06-15,-0.004109978761586315,exper2_10
18.360000000000014,18.032652,Calibration,2000,2000-06-16,-0.008994895443266574,exper2_10
18.420000000000016,17.660799,Calibration,2000,2000-06-17,-0.021041689596546325,exper2_10
18.390000000000043,18.142714,Calibration,2000,2000-06-18,-0.0067689046128655925,exper2_10
18.75,18.747591,Calibration,2000,2000-06-19,-6.424362893185125e-05,exper2_10
18.620000000000005,18.773811,Calibration,2000,2000-06-20,0.004113283316646827,exper2_10
18.58000000000004,18.45216,Calibration,2000,2000-06-21,-0.0034521377855627473,exper2_10
18.600000000000023,18.39728,Calibration,2000,2000-06-22,-0.005479328806013932,exper2_10
18.54000000000002,18.874952,Calibration,2000,2000-06-23,0.008952365178837261,exper2_10
19.33000000000004,19.661339,Calibration,2000,2000-06-24,0.008497754021721905,exper2_10
20.420000000000016,20.49412,Calibration,2000,2000-06-25,0.0018115908348914867,exper2_10
20.100000000000023,20.431435,Calibration,2000,2000-06-26,0.008177224279431168,exper2_10
19.689999999999998,20.010977,Calibration,2000,2000-06-27,0.008084858794998588,exper2_10
19.339999999999975,19.928076,Calibration,2000,2000-06-28,0.014975925826978992,exper2_10
,19.832975,Calibration,2000,2000-06-29,,exper2_10
,20.07858,Calibration,2000,2000-06-30,,exper2_10
,20.476456,Calibration,2000,2000-07-01,,exper2_10
,20.43511,Calibration,2000,2000-07-02,,exper2_10
,20.343573,Calibration,2000,2000-07-03,,exper2_10
,21.558523,Calibration,2000,2000-07-04,,exper2_10
,22.034048,Calibration,2000,2000-07-05,,exper2_10
,21.837381,Calibration,2000,2000-07-06,,exper2_10
,21.330105,Calibration,2000,2000-07-07,,exper2_10
,21.153086,Calibration,2000,2000-07-08,,exper2_10
22.5,21.994392,Calibration,2000,2000-07-09,-0.011363400594207549,exper2_10
22.80000000000001,22.587542,Calibration,2000,2000-07-10,-0.004680985407072557,exper2_10
23.30000000000001,22.457968,Calibration,2000,2000-07-11,-0.018401871478892256,exper2_10
22.350000000000023,22.184713,Calibration,2000,2000-07-12,-0.0037114112535746313,exper2_10
22.910000000000025,22.99938,Calibration,2000,2000-07-13,0.0019468812577485314,exper2_10
23.230000000000018,22.975666,Calibration,2000,2000-07-14,-0.00550438886874725,exper2_10
23.700000000000045,23.011404,Calibration,2000,2000-07-15,-0.014741495716378224,exper2_10
24.08000000000004,23.626158,Calibration,2000,2000-07-16,-0.009513284252678915,exper2_10
23.779999999999973,23.143171,Calibration,2000,2000-07-17,-0.013571731658164497,exper2_10
22.52000000000004,22.190876,Calibration,2000,2000-07-18,-0.007361161809217127,exper2_10
22.680000000000007,21.831236,Calibration,2000,2000-07-19,-0.01906853623568095,exper2_10
22.160000000000025,21.563297,Calibration,2000,2000-07-20,-0.013647249075548038,exper2_10
21.370000000000005,20.884706,Calibration,2000,2000-07-21,-0.011484957370130285,exper2_10
21.140000000000043,20.213028,Calibration,2000,2000-07-22,-0.022416062178744006,exper2_10
21.58000000000004,20.47957,Calibration,2000,2000-07-23,-0.026163596086071418,exper2_10
21.58000000000004,20.799719,Calibration,2000,2000-07-24,-0.01841166398070867,exper2_10
21.420000000000016,21.048204,Calibration,2000,2000-07-25,-0.008754680897466156,exper2_10
21.210000000000036,20.814096,Calibration,2000,2000-07-26,-0.009420869992001504,exper2_10
21.57000000000005,21.325758,Calibration,2000,2000-07-27,-0.00569385018829305,exper2_10
21.450000000000045,21.339296,Calibration,2000,2000-07-28,-0.0025871811065922385,exper2_10
21.920000000000016,21.857187,Calibration,2000,2000-07-29,-0.001434827881765083,exper2_10
23.089999999999975,22.556076,Calibration,2000,2000-07-30,-0.011697039404060064,exper2_10
24.310000000000002,23.317686,Calibration,2000,2000-07-31,-0.020834812704970992,exper2_10
23.82000000000005,23.56246,Calibration,2000,2000-08-01,-0.005435345792864993,exper2_10
23.230000000000018,23.150896,Calibration,2000,2000-08-02,-0.0017055282306073516,exper2_10
23.089999999999975,22.75137,Calibration,2000,2000-08-03,-0.00738700714114905,exper2_10
23.54000000000002,22.681845,Calibration,2000,2000-08-04,-0.018566011245467327,exper2_10
22.600000000000023,22.371847,Calibration,2000,2000-08-05,-0.005073237185818226,exper2_10
22.350000000000023,22.21029,Calibration,2000,2000-08-06,-0.003135282295899764,exper2_10
22.49000000000001,21.774115,Calibration,2000,2000-08-07,-0.016173042148540106,exper2_10
22.410000000000025,22.08035,Calibration,2000,2000-08-08,-0.007409452109410934,exper2_10
22.279999999999973,22.010565,Calibration,2000,2000-08-09,-0.006083354256480868,exper2_10
22.620000000000005,22.358313,Calibration,2000,2000-08-10,-0.005818079381413946,exper2_10
23.649999999999977,23.102013,Calibration,2000,2000-08-11,-0.011721150274520243,exper2_10
22.49000000000001,22.911924,Calibration,2000,2000-08-12,0.009293094248975238,exper2_10
23.160000000000025,23.619944,Calibration,2000,2000-08-13,0.00983206868573047,exper2_10
22.980000000000018,23.515142,Calibration,2000,2000-08-14,0.011509641926085033,exper2_10
22.879999999999995,23.364872,Calibration,2000,2000-08-15,0.010484880982749212,exper2_10
22.700000000000045,22.966446,Calibration,2000,2000-08-16,0.005834610455599016,exper2_10
22.029999999999973,22.352518,Calibration,2000,2000-08-17,0.007266781958419405,exper2_10
21.860000000000014,21.906136,Calibration,2000,2000-08-18,0.001054138285061448,exper2_10
21.860000000000014,21.812023,Calibration,2000,2000-08-19,-0.0010985714350654973,exper2_10
21.52000000000004,21.461927,Calibration,2000,2000-08-20,-0.0013510931117708346,exper2_10
21.180000000000007,21.175737,Calibration,2000,2000-08-21,-0.00010063852696554652,exper2_10
21.930000000000007,21.697748,Calibration,2000,2000-08-22,-0.005323488501292728,exper2_10
21.870000000000005,21.843157,Calibration,2000,2000-08-23,-0.0006140756554982769,exper2_10
22.230000000000018,22.26968,Calibration,2000,2000-08-24,0.0008916923261618921,exper2_10
21.640000000000043,22.121838,Calibration,2000,2000-08-25,0.011010452079163869,exper2_10
21.74000000000001,22.535688,Calibration,2000,2000-08-26,0.01797122594854379,exper2_10
21.970000000000027,22.468847,Calibration,2000,2000-08-27,0.011225477377838045,exper2_10
21.779999999999973,22.08449,Calibration,2000,2000-08-28,0.0069416018200744315,exper2_10
21.910000000000025,21.959719,Calibration,2000,2000-08-29,0.0011333262599384076,exper2_10
21.49000000000001,21.686543,Calibration,2000,2000-08-30,0.0045520669223643485,exper2_10
21.860000000000014,21.695116,Calibration,2000,2000-08-31,-0.0037856392517945994,exper2_10
21.100000000000023,20.653482,Calibration,2000,2000-09-01,-0.01069413942989147,exper2_10
20.560000000000002,20.29442,Calibration,2000,2000-09-02,-0.006500637045276016,exper2_10
20.360000000000014,20.35264,Calibration,2000,2000-09-03,-0.00018077550350458142,exper2_10
20.189999999999998,19.859612,Calibration,2000,2000-09-04,-0.008249480489389604,exper2_10
19.920000000000016,19.735489,Calibration,2000,2000-09-05,-0.00465285168726113,exper2_10
19.610000000000014,19.41019,Calibration,2000,2000-09-06,-0.005120667396621707,exper2_10
19.189999999999998,19.266573,Calibration,2000,2000-09-07,0.0019911538234451327,exper2_10
19.390000000000043,19.123034,Calibration,2000,2000-09-08,-0.006931847533567077,exper2_10
19.24000000000001,19.342613,Calibration,2000,2000-09-09,0.0026595715440309213,exper2_10
20.110000000000014,19.639418,Calibration,2000,2000-09-10,-0.011838723169433074,exper2_10
19.600000000000023,19.718693,Calibration,2000,2000-09-11,0.003018736665699962,exper2_10
19.33000000000004,19.184298,Calibration,2000,2000-09-12,-0.0037830740161189087,exper2_10
18.99000000000001,19.434065,Calibration,2000,2000-09-13,0.0115569465820752,exper2_10
18.710000000000036,19.033545,Calibration,2000,2000-09-14,0.008572182192874742,exper2_10
18.010000000000048,18.385073,Calibration,2000,2000-09-15,0.010305590296184552,exper2_10
17.560000000000002,17.993305,Calibration,2000,2000-09-16,0.01218748028585705,exper2_10
17.629999999999995,18.122969,Calibration,2000,2000-09-17,0.013788188561488746,exper2_10
17.890000000000043,18.401243,Calibration,2000,2000-09-18,0.01408723329985623,exper2_10
17.640000000000043,18.63337,Calibration,2000,2000-09-19,0.027385640236290074,exper2_10
17.32000000000005,17.628496,Calibration,2000,2000-09-20,0.00882716579685972,exper2_10
16.629999999999995,17.178085,Calibration,2000,2000-09-21,0.016211664217148695,exper2_10
16.200000000000045,16.406382,Calibration,2000,2000-09-22,0.0063294851156057005,exper2_10
15.910000000000025,16.263578,Calibration,2000,2000-09-23,0.010989713682362215,exper2_10
15.300000000000011,16.090752,Calibration,2000,2000-09-24,0.02519059297520413,exper2_10
15.379999999999995,15.672115,Calibration,2000,2000-09-25,0.00940726011293118,exper2_10
15.439999999999998,15.529194,Calibration,2000,2000-09-26,0.00288008394809048,exper2_10
14.930000000000007,15.241377,Calibration,2000,2000-09-27,0.010320274016733974,exper2_10
14.960000000000036,14.983674,Calibration,2000,2000-09-28,0.0007906193922083922,exper2_10
14.910000000000025,14.790359,Calibration,2000,2000-09-29,-0.004028283242076605,exper2_10
14.990000000000009,15.212653,Calibration,2000,2000-09-30,0.007371973545336828,exper2_10
15.080000000000041,15.637954,Calibration,2000,2000-10-01,0.018163767112581174,exper2_10
14.399999999999977,15.682076,Calibration,2000,2000-10-02,0.0426192804913643,exper2_10
13.980000000000018,15.2852125,Calibration,2000,2000-10-03,0.044599454592583666,exper2_10
13.430000000000007,14.906793,Calibration,2000,2000-10-04,0.05211573022437428,exper2_10
13.379999999999995,14.409897,Calibration,2000,2000-10-05,0.03706011778752706,exper2_10
13.360000000000014,13.692835,Calibration,2000,2000-10-06,0.012303141460799635,exper2_10
12.680000000000007,13.019131,Calibration,2000,2000-10-07,0.013196193702284975,exper2_10
12.240000000000009,12.655086,Calibration,2000,2000-10-08,0.016673393734608223,exper2_10
11.640000000000043,12.222516,Calibration,2000,2000-10-09,0.02441134281120243,exper2_10
11.120000000000005,12.262689,Calibration,2000,2000-10-10,0.04886900110290948,exper2_10
11.390000000000043,12.115016,Calibration,2000,2000-10-11,0.030845160202738357,exper2_10
11.870000000000005,11.994651,Calibration,2000,2000-10-12,0.0052232417558096935,exper2_10
12.460000000000036,12.349313,Calibration,2000,2000-10-13,-0.004461518893480306,exper2_10
12.700000000000045,12.466051,Calibration,2000,2000-10-14,-0.009296210095504997,exper2_10
12.300000000000011,12.3257475,Calibration,2000,2000-10-15,0.0010455516097416892,exper2_10
11.740000000000009,12.067964,Calibration,2000,2000-10-16,0.013775373890293421,exper2_10
11.589999999999975,11.941654,Calibration,2000,2000-10-17,0.014943879518795397,exper2_10
11.529999999999973,11.784292,Calibration,2000,2000-10-18,0.010907138791009807,exper2_10
11.680000000000007,11.59764,Calibration,2000,2000-10-19,-0.0035381577484047016,exper2_10
11.740000000000009,11.6286545,Calibration,2000,2000-10-20,-0.004764738171593411,exper2_10
11.54000000000002,11.398765,Calibration,2000,2000-10-21,-0.006157061729738208,exper2_10
11.700000000000045,11.257916,Calibration,2000,2000-10-22,-0.01925625744186027,exper2_10
11.75,11.324524,Calibration,2000,2000-10-23,-0.018439213549422965,exper2_10
11.730000000000018,11.431881,Calibration,2000,2000-10-24,-0.012871107044540035,exper2_10
11.860000000000014,11.506236,Calibration,2000,2000-10-25,-0.015139961887272792,exper2_10
12.080000000000041,11.448538,Calibration,2000,2000-10-26,-0.02683813920428668,exper2_10
11.899999999999977,11.29908,Calibration,2000,2000-10-27,-0.025902755958414302,exper2_10
11.470000000000027,11.049095,Calibration,2000,2000-10-28,-0.018691019479983258,exper2_10
11.160000000000025,10.990808,Calibration,2000,2000-10-29,-0.00763820761305366,exper2_10
10.870000000000005,10.7239485,Calibration,2000,2000-10-30,-0.00676353939833403,exper2_10
10.910000000000025,10.754352,Calibration,2000,2000-10-31,-0.00718453923079736,exper2_10
10.899999999999977,10.617327,Calibration,2000,2000-11-01,-0.013137006609233469,exper2_10
10.899999999999977,10.612382,Calibration,2000,2000-11-02,-0.013369884643541182,exper2_10
10.410000000000025,10.095923,Calibration,2000,2000-11-03,-0.015316382966148647,exper2_10
10.189999999999998,9.785408,Calibration,2000,2000-11-04,-0.020254503916765098,exper2_10
10.020000000000039,9.557915,Calibration,2000,2000-11-05,-0.023602374021657782,exper2_10
9.839999999999975,8.920794,Calibration,2000,2000-11-06,-0.04899614001092091,exper2_10
9.589999999999975,9.163453,Calibration,2000,2000-11-07,-0.022744979048158653,exper2_10
9.110000000000014,8.327548,Calibration,2000,2000-11-08,-0.044871674145250964,exper2_10
8.700000000000045,7.8617053,Calibration,2000,2000-11-09,-0.05061644809283799,exper2_10
8.32000000000005,7.9585004,Calibration,2000,2000-11-10,-0.022207181629729022,exper2_10
8.020000000000039,8.001635,Calibration,2000,2000-11-11,-0.0011462876718125242,exper2_10
8.050000000000011,8.188163,Calibration,2000,2000-11-12,0.008508524352202923,exper2_10
7.800000000000011,8.242711,Calibration,2000,2000-11-13,0.027595776383758784,exper2_10
7.5,7.6349835,Calibration,2000,2000-11-14,0.008918644624111238,exper2_10
7.221000000000004,7.0659504,Calibration,2000,2000-11-15,-0.010852533399420843,exper2_10
6.904999999999973,6.7049904,Calibration,2000,2000-11-16,-0.014695793850719627,exper2_10
6.535000000000025,6.385489,Calibration,2000,2000-11-17,-0.011571621877610086,exper2_10
6.201000000000022,6.002811,Calibration,2000,2000-11-18,-0.016239930762811536,exper2_10
5.914000000000044,5.680995,Calibration,2000,2000-11-19,-0.020095309464444523,exper2_10
5.536000000000001,5.3117557,Calibration,2000,2000-11-20,-0.020671957397491718,exper2_10
5.112000000000023,4.5204506,Calibration,2000,2000-11-21,-0.06141214037970612,exper2_10
4.671000000000049,4.2184353,Calibration,2000,2000-11-22,-0.05091040070476508,exper2_10
4.379000000000019,3.9908736,Calibration,2000,2000-11-23,-0.04637183839179821,exper2_10
4.271000000000015,3.8267365,Calibration,2000,2000-11-24,-0.05486268323711453,exper2_10
4.0090000000000146,3.6230452,Calibration,2000,2000-11-25,-0.050570297149590854,exper2_10
3.9960000000000377,3.617749,Calibration,2000,2000-11-26,-0.04967999673364641,exper2_10
3.8700000000000045,3.56658,Calibration,2000,2000-11-27,-0.040801005371326596,exper2_10
3.77800000000002,3.4086406,Calibration,2000,2000-11-28,-0.051395275801118315,exper2_10
3.712000000000046,3.2187097,Calibration,2000,2000-11-29,-0.07117457137516149,exper2_10
3.4639999999999986,2.9507163,Calibration,2000,2000-11-30,-0.08001659345990825,exper2_10
3.0920000000000414,2.5633948,Calibration,2000,2000-12-01,-0.09346919802689922,exper2_10
0.7259999999999991,1.7962565,Calibration,2000,2000-12-02,0.4243250138504275,exper2_10
,1.3537713,Calibration,2000,2000-12-03,,exper2_10
,1.319635,Calibration,2000,2000-12-04,,exper2_10
,0.71082735,Calibration,2000,2000-12-05,,exper2_10
,0.49342108,Calibration,2000,2000-12-06,,exper2_10
,0.5358807,Calibration,2000,2000-12-07,,exper2_10
,0.46881276,Calibration,2000,2000-12-08,,exper2_10
,0.23201525,Calibration,2000,2000-12-09,,exper2_10
,0.26376745,Calibration,2000,2000-12-10,,exper2_10
,0.15372704,Calibration,2000,2000-12-11,,exper2_10
,0.054865316,Calibration,2000,2000-12-12,,exper2_10
,0.01,Calibration,2000,2000-12-13,,exper2_10
,0.01,Calibration,2000,2000-12-14,,exper2_10
,0.01,Calibration,2000,2000-12-15,,exper2_10
,0.32208377,Calibration,2000,2000-12-16,,exper2_10
,0.20544651,Calibration,2000,2000-12-17,,exper2_10
,0.03260669,Calibration,2000,2000-12-18,,exper2_10
,0.01,Calibration,2000,2000-12-19,,exper2_10
,0.01,Calibration,2000,2000-12-20,,exper2_10
,0.01,Calibration,2000,2000-12-21,,exper2_10
,0.01,Calibration,2000,2000-12-22,,exper2_10
,0.01,Calibration,2000,2000-12-23,,exper2_10
,0.01,Calibration,2000,2000-12-24,,exper2_10
,0.01,Calibration,2000,2000-12-25,,exper2_10
,0.01,Calibration,2000,2000-12-26,,exper2_10
,0.01,Calibration,2000,2000-12-27,,exper2_10
,0.01,Calibration,2000,2000-12-28,,exper2_10
,0.01,Calibration,2000,2000-12-29,,exper2_10
,0.01,Calibration,2000,2000-12-30,,exper2_10
,0.01,Calibration,2000,2000-12-31,,exper2_10
,0.01,Calibration,2001,2001-01-01,,exper2_10
,0.01,Calibration,2001,2001-01-02,,exper2_10
,0.01,Calibration,2001,2001-01-03,,exper2_10
,0.01,Calibration,2001,2001-01-04,,exper2_10
,0.01,Calibration,2001,2001-01-05,,exper2_10
,0.01,Calibration,2001,2001-01-06,,exper2_10
,0.01,Calibration,2001,2001-01-07,,exper2_10
,0.01,Calibration,2001,2001-01-08,,exper2_10
,0.01,Calibration,2001,2001-01-09,,exper2_10
,0.01,Calibration,2001,2001-01-10,,exper2_10
,0.01,Calibration,2001,2001-01-11,,exper2_10
,0.01,Calibration,2001,2001-01-12,,exper2_10
,0.01,Calibration,2001,2001-01-13,,exper2_10
,0.01,Calibration,2001,2001-01-14,,exper2_10
,0.01,Calibration,2001,2001-01-15,,exper2_10
,0.01,Calibration,2001,2001-01-16,,exper2_10
,0.01,Calibration,2001,2001-01-17,,exper2_10
,0.01,Calibration,2001,2001-01-18,,exper2_10
,0.01,Calibration,2001,2001-01-19,,exper2_10
,0.01,Calibration,2001,2001-01-20,,exper2_10
,0.01,Calibration,2001,2001-01-21,,exper2_10
,0.01,Calibration,2001,2001-01-22,,exper2_10
,0.01,Calibration,2001,2001-01-23,,exper2_10
,0.01,Calibration,2001,2001-01-24,,exper2_10
,0.01,Calibration,2001,2001-01-25,,exper2_10
,0.01,Calibration,2001,2001-01-26,,exper2_10
,0.01,Calibration,2001,2001-01-27,,exper2_10
,0.01,Calibration,2001,2001-01-28,,exper2_10
,0.01,Calibration,2001,2001-01-29,,exper2_10
,0.01,Calibration,2001,2001-01-30,,exper2_10
,0.01,Calibration,2001,2001-01-31,,exper2_10
,0.01,Calibration,2001,2001-02-01,,exper2_10
,0.01,Calibration,2001,2001-02-02,,exper2_10
,0.01,Calibration,2001,2001-02-03,,exper2_10
,0.01,Calibration,2001,2001-02-04,,exper2_10
,0.01,Calibration,2001,2001-02-05,,exper2_10
,0.01,Calibration,2001,2001-02-06,,exper2_10
,0.01,Calibration,2001,2001-02-07,,exper2_10
,0.018826857,Calibration,2001,2001-02-08,,exper2_10
,0.01,Calibration,2001,2001-02-09,,exper2_10
,0.01,Calibration,2001,2001-02-10,,exper2_10
,0.01,Calibration,2001,2001-02-11,,exper2_10
,0.01,Calibration,2001,2001-02-12,,exper2_10
,0.01,Calibration,2001,2001-02-13,,exper2_10
,0.01,Calibration,2001,2001-02-14,,exper2_10
,0.01,Calibration,2001,2001-02-15,,exper2_10
,0.01,Calibration,2001,2001-02-16,,exper2_10
,0.01,Calibration,2001,2001-02-17,,exper2_10
,0.01,Calibration,2001,2001-02-18,,exper2_10
,0.01,Calibration,2001,2001-02-19,,exper2_10
,0.01,Calibration,2001,2001-02-20,,exper2_10
,0.01,Calibration,2001,2001-02-21,,exper2_10
,0.01,Calibration,2001,2001-02-22,,exper2_10
,0.01,Calibration,2001,2001-02-23,,exper2_10
,0.01,Calibration,2001,2001-02-24,,exper2_10
,0.01,Calibration,2001,2001-02-25,,exper2_10
,0.01,Calibration,2001,2001-02-26,,exper2_10
,0.01,Calibration,2001,2001-02-27,,exper2_10
,0.01,Calibration,2001,2001-02-28,,exper2_10
,0.01,Calibration,2001,2001-03-01,,exper2_10
,0.01,Calibration,2001,2001-03-02,,exper2_10
,0.01,Calibration,2001,2001-03-03,,exper2_10
,0.01,Calibration,2001,2001-03-04,,exper2_10
,0.01,Calibration,2001,2001-03-05,,exper2_10
,0.01,Calibration,2001,2001-03-06,,exper2_10
,0.01,Calibration,2001,2001-03-07,,exper2_10
,0.01,Calibration,2001,2001-03-08,,exper2_10
,0.01,Calibration,2001,2001-03-09,,exper2_10
,0.01,Calibration,2001,2001-03-10,,exper2_10
,0.01,Calibration,2001,2001-03-11,,exper2_10
,0.01,Calibration,2001,2001-03-12,,exper2_10
,0.01,Calibration,2001,2001-03-13,,exper2_10
,0.01,Calibration,2001,2001-03-14,,exper2_10
,0.01,Calibration,2001,2001-03-15,,exper2_10
,0.01,Calibration,2001,2001-03-16,,exper2_10
,0.01,Calibration,2001,2001-03-17,,exper2_10
,0.01,Calibration,2001,2001-03-18,,exper2_10
,0.01,Calibration,2001,2001-03-19,,exper2_10
,0.01,Calibration,2001,2001-03-20,,exper2_10
,0.01,Calibration,2001,2001-03-21,,exper2_10
,0.01,Calibration,2001,2001-03-22,,exper2_10
,0.01,Calibration,2001,2001-03-23,,exper2_10
,0.01,Calibration,2001,2001-03-24,,exper2_10
,0.01,Calibration,2001,2001-03-25,,exper2_10
,0.01,Calibration,2001,2001-03-26,,exper2_10
,0.01,Calibration,2001,2001-03-27,,exper2_10
,0.01,Calibration,2001,2001-03-28,,exper2_10
,0.01,Calibration,2001,2001-03-29,,exper2_10
,0.01,Calibration,2001,2001-03-30,,exper2_10
,0.01,Calibration,2001,2001-03-31,,exper2_10
,0.14736879,Calibration,2001,2001-04-01,,exper2_10
,0.26264757,Calibration,2001,2001-04-02,,exper2_10
,0.24212918,Calibration,2001,2001-04-03,,exper2_10
,0.022643745,Calibration,2001,2001-04-04,,exper2_10
,0.01,Calibration,2001,2001-04-05,,exper2_10
,0.1927883,Calibration,2001,2001-04-06,,exper2_10
,0.30788493,Calibration,2001,2001-04-07,,exper2_10
,0.6828543,Calibration,2001,2001-04-08,,exper2_10
,0.97326326,Calibration,2001,2001-04-09,,exper2_10
,1.4259915,Calibration,2001,2001-04-10,,exper2_10
,0.5976673,Calibration,2001,2001-04-11,,exper2_10
,0.6370145,Calibration,2001,2001-04-12,,exper2_10
,1.3415171,Calibration,2001,2001-04-13,,exper2_10
,1.4348356,Calibration,2001,2001-04-14,,exper2_10
,1.2695237,Calibration,2001,2001-04-15,,exper2_10
,1.2566274,Calibration,2001,2001-04-16,,exper2_10
,1.570952,Calibration,2001,2001-04-17,,exper2_10
,1.7439688,Calibration,2001,2001-04-18,,exper2_10
,1.4348865,Calibration,2001,2001-04-19,,exper2_10
,2.0373619,Calibration,2001,2001-04-20,,exper2_10
,2.5947545,Calibration,2001,2001-04-21,,exper2_10
,3.7718909,Calibration,2001,2001-04-22,,exper2_10
,4.7501493,Calibration,2001,2001-04-23,,exper2_10
5.312000000000012,5.020965,Calibration,2001,2001-04-24,-0.028165671505464857,exper2_10
5.717000000000041,4.920819,Calibration,2001,2001-04-25,-0.07484440267766647,exper2_10
6.234000000000037,5.9203906,Calibration,2001,2001-04-26,-0.025802148724807798,exper2_10
7.3700000000000045,6.7627645,Calibration,2001,2001-04-27,-0.04296650864686376,exper2_10
7.279999999999973,6.9641566,Calibration,2001,2001-04-28,-0.022173539690776366,exper2_10
7.470000000000027,7.6938663,Calibration,2001,2001-04-29,0.014763138184257025,exper2_10
8.189999999999998,9.205626,Calibration,2001,2001-04-30,0.058383961649967744,exper2_10
9.100000000000023,9.760473,Calibration,2001,2001-05-01,0.03501891190857193,exper2_10
9.79000000000002,9.873257,Calibration,2001,2001-05-02,0.004234124829387426,exper2_10
10.470000000000027,10.448939,Calibration,2001,2001-05-03,-0.0010067755467482176,exper2_10
,10.798533,Calibration,2001,2001-05-04,,exper2_10
,11.080125,Calibration,2001,2001-05-05,,exper2_10
,10.996652,Calibration,2001,2001-05-06,,exper2_10
,11.169733,Calibration,2001,2001-05-07,,exper2_10
,11.949654,Calibration,2001,2001-05-08,,exper2_10
,12.624255,Calibration,2001,2001-05-09,,exper2_10
,12.809327,Calibration,2001,2001-05-10,,exper2_10
,12.644108,Calibration,2001,2001-05-11,,exper2_10
,12.887909,Calibration,2001,2001-05-12,,exper2_10
,13.116433,Calibration,2001,2001-05-13,,exper2_10
,12.936094,Calibration,2001,2001-05-14,,exper2_10
,13.881553,Calibration,2001,2001-05-15,,exper2_10
,15.41938,Calibration,2001,2001-05-16,,exper2_10
,16.2414,Calibration,2001,2001-05-17,,exper2_10
,16.904501,Calibration,2001,2001-05-18,,exper2_10
,17.592573,Calibration,2001,2001-05-19,,exper2_10
,18.217424,Calibration,2001,2001-05-20,,exper2_10
,17.67718,Calibration,2001,2001-05-21,,exper2_10
,15.478471,Calibration,2001,2001-05-22,,exper2_10
,14.587481,Calibration,2001,2001-05-23,,exper2_10
,14.091783,Calibration,2001,2001-05-24,,exper2_10
,13.688873,Calibration,2001,2001-05-25,,exper2_10
,14.07804,Calibration,2001,2001-05-26,,exper2_10
,14.0082655,Calibration,2001,2001-05-27,,exper2_10
,14.452713,Calibration,2001,2001-05-28,,exper2_10
,15.206271,Calibration,2001,2001-05-29,,exper2_10
,15.53369,Calibration,2001,2001-05-30,,exper2_10
,15.880276,Calibration,2001,2001-05-31,,exper2_10
,15.543152,Calibration,2001,2001-06-01,,exper2_10
,15.39755,Calibration,2001,2001-06-02,,exper2_10
,14.122385,Calibration,2001,2001-06-03,,exper2_10
,13.738693,Calibration,2001,2001-06-04,,exper2_10
,13.963434,Calibration,2001,2001-06-05,,exper2_10
,14.175233,Calibration,2001,2001-06-06,,exper2_10
,14.572818,Calibration,2001,2001-06-07,,exper2_10
,15.64115,Calibration,2001,2001-06-08,,exper2_10
,16.52404,Calibration,2001,2001-06-09,,exper2_10
,16.75416,Calibration,2001,2001-06-10,,exper2_10
,18.179932,Calibration,2001,2001-06-11,,exper2_10
,19.438433,Calibration,2001,2001-06-12,,exper2_10
,19.528534,Calibration,2001,2001-06-13,,exper2_10
,20.0991,Calibration,2001,2001-06-14,,exper2_10
,19.823973,Calibration,2001,2001-06-15,,exper2_10
,19.598387,Calibration,2001,2001-06-16,,exper2_10
,19.97311,Calibration,2001,2001-06-17,,exper2_10
,19.947962,Calibration,2001,2001-06-18,,exper2_10
,19.904036,Calibration,2001,2001-06-19,,exper2_10
,20.265238,Calibration,2001,2001-06-20,,exper2_10
,20.992846,Calibration,2001,2001-06-21,,exper2_10
,20.60135,Calibration,2001,2001-06-22,,exper2_10
,21.009388,Calibration,2001,2001-06-23,,exper2_10
,21.178833,Calibration,2001,2001-06-24,,exper2_10
,21.848665,Calibration,2001,2001-06-25,,exper2_10
,22.98218,Calibration,2001,2001-06-26,,exper2_10
,23.802067,Calibration,2001,2001-06-27,,exper2_10
,24.445189,Calibration,2001,2001-06-28,,exper2_10
,24.353746,Calibration,2001,2001-06-29,,exper2_10
,24.25699,Calibration,2001,2001-06-30,,exper2_10
,23.366,Calibration,2001,2001-07-01,,exper2_10
,22.327044,Calibration,2001,2001-07-02,,exper2_10
,22.016176,Calibration,2001,2001-07-03,,exper2_10
,21.936104,Calibration,2001,2001-07-04,,exper2_10
,21.491465,Calibration,2001,2001-07-05,,exper2_10
,21.192467,Calibration,2001,2001-07-06,,exper2_10
,21.650208,Calibration,2001,2001-07-07,,exper2_10
,22.326204,Calibration,2001,2001-07-08,,exper2_10
,22.776888,Calibration,2001,2001-07-09,,exper2_10
,22.898775,Calibration,2001,2001-07-10,,exper2_10
,22.536137,Calibration,2001,2001-07-11,,exper2_10
,22.511292,Calibration,2001,2001-07-12,,exper2_10
,22.693575,Calibration,2001,2001-07-13,,exper2_10
,22.710608,Calibration,2001,2001-07-14,,exper2_10
,22.795923,Calibration,2001,2001-07-15,,exper2_10
,23.00644,Calibration,2001,2001-07-16,,exper2_10
,23.212723,Calibration,2001,2001-07-17,,exper2_10
,23.785578,Calibration,2001,2001-07-18,,exper2_10
,24.158602,Calibration,2001,2001-07-19,,exper2_10
,24.956635,Calibration,2001,2001-07-20,,exper2_10
,25.656101,Calibration,2001,2001-07-21,,exper2_10
,25.99378,Calibration,2001,2001-07-22,,exper2_10
,26.218718,Calibration,2001,2001-07-23,,exper2_10
,25.728598,Calibration,2001,2001-07-24,,exper2_10
,24.942375,Calibration,2001,2001-07-25,,exper2_10
,24.1822,Calibration,2001,2001-07-26,,exper2_10
,23.565388,Calibration,2001,2001-07-27,,exper2_10
,22.95172,Calibration,2001,2001-07-28,,exper2_10
,23.303507,Calibration,2001,2001-07-29,,exper2_10
,23.832525,Calibration,2001,2001-07-30,,exper2_10
,24.566698,Calibration,2001,2001-07-31,,exper2_10
,24.395166,Calibration,2001,2001-08-01,,exper2_10
,24.821575,Calibration,2001,2001-08-02,,exper2_10
,25.439085,Calibration,2001,2001-08-03,,exper2_10
,25.852478,Calibration,2001,2001-08-04,,exper2_10
,25.963053,Calibration,2001,2001-08-05,,exper2_10
,26.128975,Calibration,2001,2001-08-06,,exper2_10
,26.551613,Calibration,2001,2001-08-07,,exper2_10
,26.304579,Calibration,2001,2001-08-08,,exper2_10
,25.928968,Calibration,2001,2001-08-09,,exper2_10
,25.03255,Calibration,2001,2001-08-10,,exper2_10
,24.343283,Calibration,2001,2001-08-11,,exper2_10
19.379999999999995,23.908592,Calibration,2001,2001-08-12,0.10461398699858146,exper2_10
23.460000000000036,23.343206,Calibration,2001,2001-08-13,-0.0024954186546141113,exper2_10
23.279999999999973,23.135508,Calibration,2001,2001-08-14,-0.003113020279300053,exper2_10
22.649999999999977,22.82864,Calibration,2001,2001-08-15,0.0039279974993363075,exper2_10
22.149999999999977,22.293795,Calibration,2001,2001-08-16,0.0032354265235181525,exper2_10
22.160000000000025,22.084352,Calibration,2001,2001-08-17,-0.0017097663871422075,exper2_10
22.08000000000004,22.188969,Calibration,2001,2001-08-18,0.0024615133749322517,exper2_10
22.200000000000045,21.953596,Calibration,2001,2001-08-19,-0.005580607392551763,exper2_10
22.27000000000004,22.001078,Calibration,2001,2001-08-20,-0.006074447749759868,exper2_10
22.279999999999973,22.018534,Calibration,2001,2001-08-21,-0.005902369027975169,exper2_10
22.810000000000002,22.31216,Calibration,2001,2001-08-22,-0.011033148737315736,exper2_10
22.79000000000002,22.522688,Calibration,2001,2001-08-23,-0.005899276788256898,exper2_10
22.700000000000045,22.41757,Calibration,2001,2001-08-24,-0.006259864730078076,exper2_10
22.49000000000001,22.315218,Calibration,2001,2001-08-25,-0.003900930206572159,exper2_10
22.360000000000014,22.497272,Calibration,2001,2001-08-26,0.0030602059338586327,exper2_10
,22.674196,Calibration,2001,2001-08-27,,exper2_10
22.720000000000027,22.467669,Calibration,2001,2001-08-28,-0.005584078020948156,exper2_10
22.32000000000005,22.422565,Calibration,2001,2001-08-29,0.002292346430073433,exper2_10
22.07000000000005,22.336956,Calibration,2001,2001-08-30,0.006011581249220778,exper2_10
21.730000000000018,21.738724,Calibration,2001,2001-08-31,0.00020069038447015304,exper2_10
,21.065105,Calibration,2001,2001-09-01,,exper2_10
,21.198185,Calibration,2001,2001-09-02,,exper2_10
,21.273771,Calibration,2001,2001-09-03,,exper2_10
,21.20858,Calibration,2001,2001-09-04,,exper2_10
21.200000000000045,21.141466,Calibration,2001,2001-09-05,-0.0013824240062543648,exper2_10
21.029999999999973,21.276182,Calibration,2001,2001-09-06,0.005819059107393718,exper2_10
21.100000000000023,21.45376,Calibration,2001,2001-09-07,0.00831325236293733,exper2_10
21.029999999999973,21.12028,Calibration,2001,2001-09-08,0.002141843745928102,exper2_10
20.689999999999998,20.592543,Calibration,2001,2001-09-09,-0.002360740047307742,exper2_10
20.339999999999975,19.939325,Calibration,2001,2001-09-10,-0.00994740264514,exper2_10
20.04000000000002,19.702488,Calibration,2001,2001-09-11,-0.008492474223197563,exper2_10
19.939999999999998,19.574442,Calibration,2001,2001-09-12,-0.009251252770936606,exper2_10
19.649999999999977,19.089504,Calibration,2001,2001-09-13,-0.014468325525182329,exper2_10
19.30000000000001,18.711159,Calibration,2001,2001-09-14,-0.015491273270399432,exper2_10
19.439999999999998,18.354464,Calibration,2001,2001-09-15,-0.02872210159856135,exper2_10
19.180000000000007,18.301287,Calibration,2001,2001-09-16,-0.023444053820957923,exper2_10
19.010000000000048,18.140577,Calibration,2001,2001-09-17,-0.02340266952822759,exper2_10
18.850000000000023,18.091932,Calibration,2001,2001-09-18,-0.020520521156218028,exper2_10
18.610000000000014,18.324638,Calibration,2001,2001-09-19,-0.0077261250121804575,exper2_10
18.470000000000027,17.66305,Calibration,2001,2001-09-20,-0.022332748242158074,exper2_10
18.460000000000036,17.545786,Calibration,2001,2001-09-21,-0.02539075521108314,exper2_10
18.510000000000048,17.359121,Calibration,2001,2001-09-22,-0.032085499586577734,exper2_10
18.210000000000036,17.188269,Calibration,2001,2001-09-23,-0.028863878860049996,exper2_10
,16.05084,Calibration,2001,2001-09-24,,exper2_10
,15.755731,Calibration,2001,2001-09-25,,exper2_10
,15.526499,Calibration,2001,2001-09-26,,exper2_10
,15.242078,Calibration,2001,2001-09-27,,exper2_10
,15.24703,Calibration,2001,2001-09-28,,exper2_10
,15.243638,Calibration,2001,2001-09-29,,exper2_10
,15.017816,Calibration,2001,2001-09-30,,exper2_10
16.200000000000045,15.250391,Calibration,2001,2001-10-01,-0.030193869237904594,exper2_10
15.640000000000043,15.273734,Calibration,2001,2001-10-02,-0.011847999539272217,exper2_10
15.370000000000005,15.239107,Calibration,2001,2001-10-03,-0.004276272008775309,exper2_10
15.149999999999977,15.012605,Calibration,2001,2001-10-04,-0.004555153239097251,exper2_10
14.730000000000018,14.491382,Calibration,2001,2001-10-05,-0.008165882013883352,exper2_10
14.160000000000025,13.785005,Calibration,2001,2001-10-06,-0.013419048927425518,exper2_10
13.779999999999973,13.301073,Calibration,2001,2001-10-07,-0.01768493162528828,exper2_10
13.420000000000016,13.205724,Calibration,2001,2001-10-08,-0.008047715036745774,exper2_10
13.300000000000011,13.37078,Calibration,2001,2001-10-09,0.0026538403141332084,exper2_10
13.230000000000018,13.368165,Calibration,2001,2001-10-10,0.00519453188181516,exper2_10
13.25,13.151344,Calibration,2001,2001-10-11,-0.003736768081394559,exper2_10
13.279999999999973,12.915668,Calibration,2001,2001-10-12,-0.013908119182469033,exper2_10
12.899999999999977,12.797339,Calibration,2001,2001-10-13,-0.0039949879188861314,exper2_10
12.740000000000009,12.55739,Calibration,2001,2001-10-14,-0.007218522758659163,exper2_10
12.5,12.315172,Calibration,2001,2001-10-15,-0.007448177393644434,exper2_10
12.189999999999998,11.790778,Calibration,2001,2001-10-16,-0.01664757653982642,exper2_10
11.950000000000045,11.331558,Calibration,2001,2001-10-17,-0.02656359022092625,exper2_10
11.560000000000002,11.148263,Calibration,2001,2001-10-18,-0.018131594777022378,exper2_10
11.410000000000025,10.685003,Calibration,2001,2001-10-19,-0.032812700235968786,exper2_10
11.279999999999973,10.740817,Calibration,2001,2001-10-20,-0.024485146408442047,exper2_10
11.210000000000036,10.457906,Calibration,2001,2001-10-21,-0.03471005636898321,exper2_10
11.140000000000043,10.565857,Calibration,2001,2001-10-22,-0.026451066556036382,exper2_10
11.080000000000041,10.465697,Calibration,2001,2001-10-23,-0.028511618967856003,exper2_10
10.910000000000025,10.312038,Calibration,2001,2001-10-24,-0.02817644405730998,exper2_10
10.430000000000007,9.050822,Calibration,2001,2001-10-25,-0.0707966903932065,exper2_10
9.670000000000016,9.088314,Calibration,2001,2001-10-26,-0.031009500206399372,exper2_10
9.339999999999975,8.817037,Calibration,2001,2001-10-27,-0.02880224245676413,exper2_10
9.160000000000025,8.493631,Calibration,2001,2001-10-28,-0.03774683085797434,exper2_10
9.010000000000048,8.650025,Calibration,2001,2001-10-29,-0.020383585230906276,exper2_10
8.779999999999973,9.357975,Calibration,2001,2001-10-30,0.03186546491044631,exper2_10
8.740000000000009,9.193317,Calibration,2001,2001-10-31,0.025277945116451896,exper2_10
8.850000000000023,11.390882,Calibration,2001,2001-11-01,0.12553215795328718,exper2_10
8.680000000000007,10.720007,Calibration,2001,2001-11-02,0.10515495941672805,exper2_10
8.629999999999995,10.264016,Calibration,2001,2001-11-03,0.08648326212554393,exper2_10
8.54000000000002,9.897849,Calibration,2001,2001-11-04,0.07364465761912728,exper2_10
8.450000000000045,9.388964,Calibration,2001,2001-11-05,0.05263555188328954,exper2_10
8.390000000000043,8.875192,Calibration,2001,2001-11-06,0.02810230533725688,exper2_10
8.330000000000041,8.952297,Calibration,2001,2001-11-07,0.036007783172961105,exper2_10
8.149999999999977,8.426319,Calibration,2001,2001-11-08,0.016669510298127962,exper2_10
7.9500000000000455,7.8102336,Calibration,2001,2001-11-09,-0.008868295396026194,exper2_10
7.720000000000027,7.458861,Calibration,2001,2001-11-10,-0.017204131982544255,exper2_10
7.589999999999975,7.472609,Calibration,2001,2001-11-11,-0.00779353407783271,exper2_10
7.510000000000048,7.397549,Calibration,2001,2001-11-12,-0.0075432149494452745,exper2_10
7.510000000000048,7.7792997,Calibration,2001,2001-11-13,0.017613608253647255,exper2_10
7.7900000000000205,8.271104,Calibration,2001,2001-11-14,0.02995459485057165,exper2_10
8.060000000000002,8.42949,Calibration,2001,2001-11-15,0.022407611600655405,exper2_10
7.860000000000014,8.340409,Calibration,2001,2001-11-16,0.029654144571286723,exper2_10
7.7000000000000455,8.185194,Calibration,2001,2001-11-17,0.03054378907990451,exper2_10
7.830000000000041,8.265679,Calibration,2001,2001-11-18,0.027068093847221034,exper2_10
7.560000000000002,7.7098317,Calibration,2001,2001-11-19,0.009812270195916429,exper2_10
7.25,7.302746,Calibration,2001,2001-11-20,0.003624458212044043,exper2_10
7.110000000000014,7.0646105,Calibration,2001,2001-11-21,-0.0032021704439644514,exper2_10
6.944000000000017,6.8207035,Calibration,2001,2001-11-22,-0.008957439110282175,exper2_10
6.944000000000017,6.9469085,Calibration,2001,2001-11-23,0.00020937967980564381,exper2_10
6.979000000000042,7.0046678,Calibration,2001,2001-11-24,0.001835552687898753,exper2_10
6.939000000000021,7.123379,Calibration,2001,2001-11-25,0.013111524549085835,exper2_10
6.653999999999996,6.711008,Calibration,2001,2001-11-26,0.004265472313427179,exper2_10
6.234000000000037,6.439297,Calibration,2001,2001-11-27,0.016199193944681653,exper2_10
5.886000000000024,6.1144905,Calibration,2001,2001-11-28,0.01904009747444786,exper2_10
5.709000000000003,5.7851353,Calibration,2001,2001-11-29,0.006623836189685499,exper2_10
5.616000000000042,5.499509,Calibration,2001,2001-11-30,-0.01048005482826017,exper2_10
5.461000000000013,5.5596685,Calibration,2001,2001-12-01,0.008953044961647174,exper2_10
5.302000000000021,5.198595,Calibration,2001,2001-12-02,-0.009847532691256563,exper2_10
5.2379999999999995,4.7960563,Calibration,2001,2001-12-03,-0.044044374227356776,exper2_10
5.2900000000000205,4.815844,Calibration,2001,2001-12-04,-0.04691898452437695,exper2_10
5.313000000000045,5.1571717,Calibration,2001,2001-12-05,-0.014883067617974439,exper2_10
5.111000000000047,5.154786,Calibration,2001,2001-12-06,0.004265246660646836,exper2_10
4.913000000000011,4.7083726,Calibration,2001,2001-12-07,-0.021268005692289125,exper2_10
4.687000000000012,4.488198,Calibration,2001,2001-12-08,-0.021667347207154443,exper2_10
4.448000000000036,4.1645017,Calibration,2001,2001-12-09,-0.032917071477947646,exper2_10
4.213999999999999,3.9396489,Calibration,2001,2001-12-10,-0.033647651233620034,exper2_10
4.062000000000012,3.9834878,Calibration,2001,2001-12-11,-0.009758532614879406,exper2_10
3.9920000000000186,3.920458,Calibration,2001,2001-12-12,-0.009041680967771625,exper2_10
3.826999999999998,3.6089883,Calibration,2001,2001-12-13,-0.02931845863355931,exper2_10
3.5020000000000095,3.10349,Calibration,2001,2001-12-14,-0.06033010100651869,exper2_10
3.4600000000000364,3.0590842,Calibration,2001,2001-12-15,-0.061498795244312995,exper2_10
3.444000000000017,3.1842515,Calibration,2001,2001-12-16,-0.03918808019036871,exper2_10
3.1779999999999973,3.192098,Calibration,2001,2001-12-17,0.0022131374610256205,exper2_10
2.830000000000041,2.54688,Calibration,2001,2001-12-18,-0.05265507001315656,exper2_10
2.8149999999999977,2.4449086,Calibration,2001,2001-12-19,-0.07036080051681448,exper2_10
2.0750000000000455,2.172623,Calibration,2001,2001-12-20,0.022982953275823902,exper2_10
1.9940000000000282,2.0061054,Calibration,2001,2001-12-21,0.0030262759836478257,exper2_10
2.5230000000000246,2.2344053,Calibration,2001,2001-12-22,-0.06066221057615276,exper2_10
2.201000000000022,2.24161,Calibration,2001,2001-12-23,0.00914103415390978,exper2_10
1.8910000000000196,1.9031459,Calibration,2001,2001-12-24,0.003201223569068907,exper2_10
1.2070000000000505,1.2482735,Calibration,2001,2001-12-25,0.01681014029444326,exper2_10
0.6640000000000441,0.8929792,Calibration,2001,2001-12-26,0.1470663217402611,exper2_10
0.49200000000001864,1.1558379,Calibration,2001,2001-12-27,0.40285388272121775,exper2_10
0.3090000000000259,0.5898417,Calibration,2001,2001-12-28,0.31244847242579227,exper2_10
0.25300000000004275,0.50897396,Calibration,2001,2001-12-29,0.33593530862323046,exper2_10
0.21600000000000819,0.259691,Calibration,2001,2001-12-30,0.09184743874938511,exper2_10
0.22900000000004184,0.0048596114,Calibration,2001,2001-12-31,-0.9584399258760924,exper2_10
0.18999999999999773,0.08324203,Calibration,2002,2002-01-01,-0.3907084552766458,exper2_10
0.14100000000001955,0.53078026,Calibration,2002,2002-01-02,0.5802198746277456,exper2_10
0.07699999999999818,0.5350547,Calibration,2002,2002-01-03,0.7483884951705095,exper2_10
0.05299999999999727,0.43896306,Calibration,2002,2002-01-04,0.7845366663388554,exper2_10
0.03300000000001546,0.02199088,Calibration,2002,2002-01-05,-0.20019900674021973,exper2_10
0.016000000000019554,0.064708374,Calibration,2002,2002-01-06,0.6035107853206106,exper2_10
,0.49416393,Calibration,2002,2002-01-07,,exper2_10
,0.01,Calibration,2002,2002-01-08,,exper2_10
,0.07613315,Calibration,2002,2002-01-09,,exper2_10
0.008000000000038199,0.01,Calibration,2002,2002-01-10,-1.0,exper2_10
0.012999999999976808,0.01,Calibration,2002,2002-01-11,-1.0,exper2_10
,0.01,Calibration,2002,2002-01-12,,exper2_10
,0.01,Calibration,2002,2002-01-13,,exper2_10
,0.01,Calibration,2002,2002-01-14,,exper2_10
,0.01,Calibration,2002,2002-01-15,,exper2_10
,0.01,Calibration,2002,2002-01-16,,exper2_10
,0.01,Calibration,2002,2002-01-17,,exper2_10
,0.01,Calibration,2002,2002-01-18,,exper2_10
,0.01,Calibration,2002,2002-01-19,,exper2_10
,0.01,Calibration,2002,2002-01-20,,exper2_10
,0.01,Calibration,2002,2002-01-21,,exper2_10
,0.01,Calibration,2002,2002-01-22,,exper2_10
,0.01,Calibration,2002,2002-01-23,,exper2_10
,0.01,Calibration,2002,2002-01-24,,exper2_10
,0.14566812,Calibration,2002,2002-01-25,,exper2_10
,0.01,Calibration,2002,2002-01-26,,exper2_10
,0.01,Calibration,2002,2002-01-27,,exper2_10
,0.01,Calibration,2002,2002-01-28,,exper2_10
,0.01,Calibration,2002,2002-01-29,,exper2_10
,0.01,Calibration,2002,2002-01-30,,exper2_10
,0.01,Calibration,2002,2002-01-31,,exper2_10
,0.25249875,Calibration,2002,2002-02-01,,exper2_10
,0.01,Calibration,2002,2002-02-02,,exper2_10
,0.01,Calibration,2002,2002-02-03,,exper2_10
,0.33534676,Calibration,2002,2002-02-04,,exper2_10
,0.31340086,Calibration,2002,2002-02-05,,exper2_10
,0.40849072,Calibration,2002,2002-02-06,,exper2_10
,0.4548431,Calibration,2002,2002-02-07,,exper2_10
,0.49901724,Calibration,2002,2002-02-08,,exper2_10
,0.31221443,Calibration,2002,2002-02-09,,exper2_10
,0.7433392,Calibration,2002,2002-02-10,,exper2_10
,0.6808893,Calibration,2002,2002-02-11,,exper2_10
,0.81858146,Calibration,2002,2002-02-12,,exper2_10
,0.8086604,Calibration,2002,2002-02-13,,exper2_10
,0.7205641,Calibration,2002,2002-02-14,,exper2_10
,0.3540309,Calibration,2002,2002-02-15,,exper2_10
,0.835639,Calibration,2002,2002-02-16,,exper2_10
,0.41689628,Calibration,2002,2002-02-17,,exper2_10
,0.9300988,Calibration,2002,2002-02-18,,exper2_10
,0.25411507,Calibration,2002,2002-02-19,,exper2_10
,0.03716272,Calibration,2002,2002-02-20,,exper2_10
,0.44413358,Calibration,2002,2002-02-21,,exper2_10
,0.018716231,Calibration,2002,2002-02-22,,exper2_10
,0.01,Calibration,2002,2002-02-23,,exper2_10
,0.01,Calibration,2002,2002-02-24,,exper2_10
,0.70276743,Calibration,2002,2002-02-25,,exper2_10
,0.62041694,Calibration,2002,2002-02-26,,exper2_10
,0.01,Calibration,2002,2002-02-27,,exper2_10
,0.4570831,Calibration,2002,2002-02-28,,exper2_10
,0.01,Calibration,2002,2002-03-01,,exper2_10
,0.38972768,Calibration,2002,2002-03-02,,exper2_10
,0.07775524,Calibration,2002,2002-03-03,,exper2_10
,0.25474352,Calibration,2002,2002-03-04,,exper2_10
,0.01,Calibration,2002,2002-03-05,,exper2_10
,0.13394752,Calibration,2002,2002-03-06,,exper2_10
,0.38413656,Calibration,2002,2002-03-07,,exper2_10
,0.01,Calibration,2002,2002-03-08,,exper2_10
,0.04147692,Calibration,2002,2002-03-09,,exper2_10
,0.51233715,Calibration,2002,2002-03-10,,exper2_10
,0.01,Calibration,2002,2002-03-11,,exper2_10
,0.01,Calibration,2002,2002-03-12,,exper2_10
,0.01,Calibration,2002,2002-03-13,,exper2_10
,0.38766643,Calibration,2002,2002-03-14,,exper2_10
,0.19812326,Calibration,2002,2002-03-15,,exper2_10
,0.01,Calibration,2002,2002-03-16,,exper2_10
,0.01,Calibration,2002,2002-03-17,,exper2_10
,0.01,Calibration,2002,2002-03-18,,exper2_10
,0.01,Calibration,2002,2002-03-19,,exper2_10
,0.60887975,Calibration,2002,2002-03-20,,exper2_10
,0.01,Calibration,2002,2002-03-21,,exper2_10
,0.01,Calibration,2002,2002-03-22,,exper2_10
,0.01,Calibration,2002,2002-03-23,,exper2_10
,0.01,Calibration,2002,2002-03-24,,exper2_10
,0.01,Calibration,2002,2002-03-25,,exper2_10
,0.01,Calibration,2002,2002-03-26,,exper2_10
,0.01,Calibration,2002,2002-03-27,,exper2_10
,0.3207007,Calibration,2002,2002-03-28,,exper2_10
,0.00090028346,Calibration,2002,2002-03-29,,exper2_10
,0.01,Calibration,2002,2002-03-30,,exper2_10
,0.0011935383,Calibration,2002,2002-03-31,,exper2_10
,0.01,Calibration,2002,2002-04-01,,exper2_10
,0.23042655,Calibration,2002,2002-04-02,,exper2_10
,0.01,Calibration,2002,2002-04-03,,exper2_10
,0.01,Calibration,2002,2002-04-04,,exper2_10
,0.01,Calibration,2002,2002-04-05,,exper2_10
,0.01,Calibration,2002,2002-04-06,,exper2_10
,0.01,Calibration,2002,2002-04-07,,exper2_10
,0.01,Calibration,2002,2002-04-08,,exper2_10
,0.07833789,Calibration,2002,2002-04-09,,exper2_10
,0.0233628,Calibration,2002,2002-04-10,,exper2_10
,0.01,Calibration,2002,2002-04-11,,exper2_10
0.05900000000002592,0.31253392,Calibration,2002,2002-04-12,0.6823977698336753,exper2_10
0.09500000000002728,0.5122615,Calibration,2002,2002-04-13,0.6871199690676973,exper2_10
0.15800000000001546,0.4376772,Calibration,2002,2002-04-14,0.4695113434674948,exper2_10
0.40100000000001046,0.39657325,Calibration,2002,2002-04-15,-0.005550279550481158,exper2_10
0.688000000000045,1.2041562,Calibration,2002,2002-04-16,0.2727872948170529,exper2_10
0.8850000000000477,1.8070091,Calibration,2002,2002-04-17,0.3424985081220168,exper2_10
1.8840000000000146,2.1746285,Calibration,2002,2002-04-18,0.07160756310765623,exper2_10
3.289000000000044,2.6267698,Calibration,2002,2002-04-19,-0.11194320323310694,exper2_10
3.065999999999974,2.924056,Calibration,2002,2002-04-20,-0.023696597423897885,exper2_10
3.4460000000000264,2.9310443,Calibration,2002,2002-04-21,-0.08075146296623734,exper2_10
3.237000000000023,3.186238,Calibration,2002,2002-04-22,-0.00790285976331919,exper2_10
3.2280000000000086,3.7136848,Calibration,2002,2002-04-23,0.06996641470623931,exper2_10
4.117000000000019,3.7457535,Calibration,2002,2002-04-24,-0.0472158350191593,exper2_10
4.049000000000035,3.9889028,Calibration,2002,2002-04-25,-0.0074767254849383725,exper2_10
4.2070000000000505,4.2344255,Calibration,2002,2002-04-26,0.0032489233712204245,exper2_10
4.27800000000002,4.3085523,Calibration,2002,2002-04-27,0.003558152821261747,exper2_10
4.1370000000000005,4.3777375,Calibration,2002,2002-04-28,0.02827304088936338,exper2_10
4.290999999999997,4.80742,Calibration,2002,2002-04-29,0.05675928233457748,exper2_10
4.610000000000014,4.668907,Calibration,2002,2002-04-30,0.006348502520445486,exper2_10
5.369000000000028,4.7440057,Calibration,2002,2002-05-01,-0.0618010450786766,exper2_10
5.25,4.720816,Calibration,2002,2002-05-02,-0.053073274785838974,exper2_10
5.635000000000048,5.0015807,Calibration,2002,2002-05-03,-0.05955102506923584,exper2_10
5.361000000000047,5.428457,Calibration,2002,2002-05-04,0.006252101903691201,exper2_10
5.814000000000021,5.6834226,Calibration,2002,2002-05-05,-0.011357104933421177,exper2_10
5.980000000000018,5.9035945,Calibration,2002,2002-05-06,-0.0064294945585268845,exper2_10
6.496000000000038,5.7176213,Calibration,2002,2002-05-07,-0.06373037551672367,exper2_10
6.2379999999999995,5.5193996,Calibration,2002,2002-05-08,-0.06111898709566266,exper2_10
6.015000000000043,6.0224686,Calibration,2002,2002-05-09,0.0006204433143882169,exper2_10
6.146000000000015,6.2202134,Calibration,2002,2002-05-10,0.006001304583589174,exper2_10
6.2900000000000205,6.5566945,Calibration,2002,2002-05-11,0.02075977656673513,exper2_10
6.248000000000047,6.1680627,Calibration,2002,2002-05-12,-0.006438217581173441,exper2_10
6.790999999999997,7.2521925,Calibration,2002,2002-05-13,0.032841000886630424,exper2_10
7.310000000000002,7.696367,Calibration,2002,2002-05-14,0.025746857480026846,exper2_10
6.956000000000017,8.065049,Calibration,2002,2002-05-15,0.07383300319366728,exper2_10
7.3700000000000045,8.0620985,Calibration,2002,2002-05-16,0.04484798376404776,exper2_10
7.779999999999973,7.9507813,Calibration,2002,2002-05-17,0.010856507481604067,exper2_10
7.970000000000027,7.615192,Calibration,2002,2002-05-18,-0.02276571664647384,exper2_10
7.890000000000043,7.55554,Calibration,2002,2002-05-19,-0.021654141799125327,exper2_10
8.32000000000005,7.5756397,Calibration,2002,2002-05-20,-0.04682795333556028,exper2_10
9.29000000000002,8.090196,Calibration,2002,2002-05-21,-0.06903284450513673,exper2_10
8.75,8.731303,Calibration,2002,2002-05-22,-0.0010695303858737975,exper2_10
9.550000000000011,10.156231,Calibration,2002,2002-05-23,0.030763413296756262,exper2_10
10.310000000000002,10.204212,Calibration,2002,2002-05-24,-0.005156805940491552,exper2_10
10.260000000000048,10.073007,Calibration,2002,2002-05-25,-0.009196543013015092,exper2_10
10.25,10.333298,Calibration,2002,2002-05-26,0.004046860254702371,exper2_10
12.520000000000039,11.738503,Calibration,2002,2002-05-27,-0.032215365028517226,exper2_10
12.600000000000023,12.877611,Calibration,2002,2002-05-28,0.01089627903227897,exper2_10
15.149999999999977,14.249105,Calibration,2002,2002-05-29,-0.03064360403529842,exper2_10
15.510000000000048,15.042989,Calibration,2002,2002-05-30,-0.015285287676618681,exper2_10
16.370000000000005,15.742498,Calibration,2002,2002-05-31,-0.019540728173779064,exper2_10
17.089999999999975,16.18193,Calibration,2002,2002-06-01,-0.027292358550151524,exper2_10
16.77000000000004,15.781489,Calibration,2002,2002-06-02,-0.030367600586325757,exper2_10
15.649999999999977,15.151967,Calibration,2002,2002-06-03,-0.016168868389750016,exper2_10
15.0,14.600774,Calibration,2002,2002-06-04,-0.013487018657151479,exper2_10
16.029999999999973,15.115993,Calibration,2002,2002-06-05,-0.02934590870931873,exper2_10
15.939999999999998,16.062313,Calibration,2002,2002-06-06,0.0038220074757990326,exper2_10
16.149999999999977,16.484314,Calibration,2002,2002-06-07,0.01024424675217387,exper2_10
16.910000000000025,16.953897,Calibration,2002,2002-06-08,0.0012962913151718747,exper2_10
17.220000000000027,16.96759,Calibration,2002,2002-06-09,-0.007383078641032148,exper2_10
17.850000000000023,17.8182,Calibration,2002,2002-06-10,-0.0008915740922204818,exper2_10
18.49000000000001,17.980225,Calibration,2002,2002-06-11,-0.013977851688195158,exper2_10
18.25,17.71377,Calibration,2002,2002-06-12,-0.01491028578432259,exper2_10
18.420000000000016,18.398714,Calibration,2002,2002-06-13,-0.0005781281337083305,exper2_10
17.960000000000036,18.01035,Calibration,2002,2002-06-14,0.001399743808393964,exper2_10
17.649999999999977,17.974493,Calibration,2002,2002-06-15,0.009108705813438938,exper2_10
17.589999999999975,18.14511,Calibration,2002,2002-06-16,0.015533999739357393,exper2_10
18.220000000000027,18.619232,Calibration,2002,2002-06-17,0.010837147088414163,exper2_10
18.350000000000023,18.850166,Calibration,2002,2002-06-18,0.013445271090658701,exper2_10
18.08000000000004,18.896006,Calibration,2002,2002-06-19,0.022068517585365773,exper2_10
18.879999999999995,19.563696,Calibration,2002,2002-06-20,0.017784343868398604,exper2_10
19.52000000000004,19.874144,Calibration,2002,2002-06-21,0.0089897524884805,exper2_10
19.689999999999998,19.963367,Calibration,2002,2002-06-22,0.006893928048332441,exper2_10
20.589999999999975,20.740917,Calibration,2002,2002-06-23,0.0036514361648222783,exper2_10
21.160000000000025,22.038464,Calibration,2002,2002-06-24,0.020335528615448073,exper2_10
22.200000000000045,22.596123,Calibration,2002,2002-06-25,0.00884279079203512,exper2_10
22.230000000000018,22.95786,Calibration,2002,2002-06-26,0.0161074441544047,exper2_10
22.379999999999995,22.724566,Calibration,2002,2002-06-27,0.007639260064167031,exper2_10
23.600000000000023,23.34242,Calibration,2002,2002-06-28,-0.005487135491214823,exper2_10
23.399999999999977,23.986885,Calibration,2002,2002-06-29,0.012384968328767313,exper2_10
23.930000000000007,24.419386,Calibration,2002,2002-06-30,0.010121864028320745,exper2_10
24.939999999999998,24.560556,Calibration,2002,2002-07-01,-0.007665440871020536,exper2_10
25.450000000000045,24.345385,Calibration,2002,2002-07-02,-0.022183088074210957,exper2_10
25.890000000000043,24.479963,Calibration,2002,2002-07-03,-0.02799360183998009,exper2_10
25.54000000000002,24.543608,Calibration,2002,2002-07-04,-0.019894578959682874,exper2_10
24.80000000000001,23.940691,Calibration,2002,2002-07-05,-0.017630217959742626,exper2_10
24.760000000000048,24.048399,Calibration,2002,2002-07-06,-0.014579479012558986,exper2_10
25.620000000000005,24.67438,Calibration,2002,2002-07-07,-0.018801716284993424,exper2_10
25.670000000000016,24.936771,Calibration,2002,2002-07-08,-0.014488745023590785,exper2_10
25.839999999999975,24.994535,Calibration,2002,2002-07-09,-0.01663169627522843,exper2_10
24.82000000000005,24.114773,Calibration,2002,2002-07-10,-0.014411576126041492,exper2_10
24.670000000000016,23.882116,Calibration,2002,2002-07-11,-0.01622758680784772,exper2_10
24.75,24.191,Calibration,2002,2002-07-12,-0.011421916500134318,exper2_10
24.960000000000036,24.158792,Calibration,2002,2002-07-13,-0.016311628677398524,exper2_10
25.120000000000005,24.48883,Calibration,2002,2002-07-14,-0.012722925059659948,exper2_10
25.77000000000004,25.005894,Calibration,2002,2002-07-15,-0.015048603519019163,exper2_10
25.870000000000005,25.402086,Calibration,2002,2002-07-16,-0.009126091333820507,exper2_10
26.060000000000002,25.689053,Calibration,2002,2002-07-17,-0.007168197284899598,exper2_10
25.629999999999995,25.388882,Calibration,2002,2002-07-18,-0.004726060405378835,exper2_10
25.80000000000001,25.734997,Calibration,2002,2002-07-19,-0.0012613409990780459,exper2_10
25.360000000000014,25.81368,Calibration,2002,2002-07-20,0.008865507484545239,exper2_10
25.439999999999998,25.823595,Calibration,2002,2002-07-21,0.00748279644932048,exper2_10
25.279999999999973,25.523314,Calibration,2002,2002-07-22,0.004789323874158455,exper2_10
24.82000000000005,24.768753,Calibration,2002,2002-07-23,-0.0010334389370256786,exper2_10
24.640000000000043,24.21482,Calibration,2002,2002-07-24,-0.008702910596811645,exper2_10
23.890000000000043,23.539843,Calibration,2002,2002-07-25,-0.007382638760178967,exper2_10
24.25,23.32893,Calibration,2002,2002-07-26,-0.019358781309102378,exper2_10
24.33000000000004,24.01674,Calibration,2002,2002-07-27,-0.006479427483075498,exper2_10
24.860000000000014,24.062948,Calibration,2002,2002-07-28,-0.01629198161513456,exper2_10
24.99000000000001,24.242157,Calibration,2002,2002-07-29,-0.015190133104368106,exper2_10
25.450000000000045,24.614687,Calibration,2002,2002-07-30,-0.01668467506100462,exper2_10
25.029999999999973,24.742231,Calibration,2002,2002-07-31,-0.0057817104651760485,exper2_10
24.640000000000043,24.583132,Calibration,2002,2002-08-01,-0.0011553147426974024,exper2_10
24.360000000000014,23.965216,Calibration,2002,2002-08-02,-0.00816932343574887,exper2_10
23.950000000000045,23.80958,Calibration,2002,2002-08-03,-0.0029401462743208467,exper2_10
23.879999999999995,23.913095,Calibration,2002,2002-08-04,0.0006924739633364939,exper2_10
23.879999999999995,24.048635,Calibration,2002,2002-08-05,0.003518470348454842,exper2_10
23.589999999999975,23.394732,Calibration,2002,2002-08-06,-0.004155998599326537,exper2_10
23.32000000000005,23.120096,Calibration,2002,2002-08-07,-0.004304551662542007,exper2_10
23.460000000000036,23.195292,Calibration,2002,2002-08-08,-0.0056737075734755674,exper2_10
23.79000000000002,23.41413,Calibration,2002,2002-08-09,-0.007962666586854232,exper2_10
23.689999999999998,23.307325,Calibration,2002,2002-08-10,-0.008142476915096824,exper2_10
23.75,23.314093,Calibration,2002,2002-08-11,-0.00926199443091283,exper2_10
23.370000000000005,23.409277,Calibration,2002,2002-08-12,0.0008396231158497648,exper2_10
23.220000000000027,23.052711,Calibration,2002,2002-08-13,-0.0036152736204206064,exper2_10
23.05000000000001,22.833303,Calibration,2002,2002-08-14,-0.004722775653910798,exper2_10
22.58000000000004,22.692854,Calibration,2002,2002-08-15,0.0024927504635053077,exper2_10
22.510000000000048,22.50142,Calibration,2002,2002-08-16,-0.00019063901549936575,exper2_10
21.980000000000018,22.259169,Calibration,2002,2002-08-17,0.006310440127053398,exper2_10
21.629999999999995,21.900421,Calibration,2002,2002-08-18,0.006212233547945722,exper2_10
21.589999999999975,21.554441,Calibration,2002,2002-08-19,-0.0008241744886915842,exper2_10
21.58000000000004,21.491007,Calibration,2002,2002-08-20,-0.002066196156296263,exper2_10
21.07000000000005,20.780254,Calibration,2002,2002-08-21,-0.0069233900818420156,exper2_10
21.129999999999995,20.973429,Calibration,2002,2002-08-22,-0.003718729769537498,exper2_10
21.410000000000025,21.12229,Calibration,2002,2002-08-23,-0.006764515729660229,exper2_10
21.600000000000023,21.518486,Calibration,2002,2002-08-24,-0.0018904647303112465,exper2_10
22.170000000000016,21.876484,Calibration,2002,2002-08-25,-0.006663780094574781,exper2_10
22.850000000000023,22.306973,Calibration,2002,2002-08-26,-0.012025330003996061,exper2_10
22.170000000000016,21.903913,Calibration,2002,2002-08-27,-0.006037278765538705,exper2_10
22.279999999999973,21.565971,Calibration,2002,2002-08-28,-0.016284931160250888,exper2_10
22.600000000000023,21.909163,Calibration,2002,2002-08-29,-0.015521241908475546,exper2_10
22.870000000000005,22.052261,Calibration,2002,2002-08-30,-0.018203416810287587,exper2_10
22.620000000000005,21.875956,Calibration,2002,2002-08-31,-0.01672161904623879,exper2_10
22.430000000000007,21.88482,Calibration,2002,2002-09-01,-0.01230240922446797,exper2_10
22.189999999999998,21.806637,Calibration,2002,2002-09-02,-0.008713465789446226,exper2_10
21.960000000000036,21.322859,Calibration,2002,2002-09-03,-0.014720404499292773,exper2_10
22.220000000000027,21.472773,Calibration,2002,2002-09-04,-0.017101853631579095,exper2_10
21.439999999999998,21.51734,Calibration,2002,2002-09-05,0.001800383984423985,exper2_10
21.08000000000004,21.574764,Calibration,2002,2002-09-06,0.011599272915665452,exper2_10
21.640000000000043,21.866493,Calibration,2002,2002-09-07,0.005205963715019793,exper2_10
22.04000000000002,22.33483,Calibration,2002,2002-09-08,0.006644066803025226,exper2_10
22.79000000000002,22.5881,Calibration,2002,2002-09-09,-0.004449273211578277,exper2_10
22.220000000000027,22.151876,Calibration,2002,2002-09-10,-0.0015352866695296928,exper2_10
21.860000000000014,21.61001,Calibration,2002,2002-09-11,-0.005750857937676253,exper2_10
21.680000000000007,21.435246,Calibration,2002,2002-09-12,-0.005676750373716262,exper2_10
21.390000000000043,21.301027,Calibration,2002,2002-09-13,-0.0020841077776227106,exper2_10
20.99000000000001,20.590746,Calibration,2002,2002-09-14,-0.00960189783050447,exper2_10
20.760000000000048,20.360407,Calibration,2002,2002-09-15,-0.00971763546986461,exper2_10
20.450000000000045,20.232542,Calibration,2002,2002-09-16,-0.005345240271201639,exper2_10
20.54000000000002,20.5264,Calibration,2002,2002-09-17,-0.00033118042247723964,exper2_10
20.399999999999977,20.385164,Calibration,2002,2002-09-18,-0.00036375332561686444,exper2_10
20.220000000000027,19.969763,Calibration,2002,2002-09-19,-0.006226391509401461,exper2_10
20.060000000000002,20.316385,Calibration,2002,2002-09-20,0.006349881680984333,exper2_10
19.75,19.605556,Calibration,2002,2002-09-21,-0.003670219019944415,exper2_10
19.160000000000025,18.685598,Calibration,2002,2002-09-22,-0.012535186309016339,exper2_10
18.350000000000023,17.715036,Calibration,2002,2002-09-23,-0.0176060714560994,exper2_10
17.850000000000023,18.056444,Calibration,2002,2002-09-24,0.005749501875606478,exper2_10
17.230000000000018,16.97714,Calibration,2002,2002-09-25,-0.007392011440026251,exper2_10
16.700000000000045,16.715918,Calibration,2002,2002-09-26,0.0004763474544325232,exper2_10
16.660000000000025,16.541964,Calibration,2002,2002-09-27,-0.003555103674962249,exper2_10
16.279999999999973,16.015263,Calibration,2002,2002-09-28,-0.008197406520217828,exper2_10
15.980000000000018,15.903818,Calibration,2002,2002-09-29,-0.0023893584261163183,exper2_10
16.060000000000002,16.217323,Calibration,2002,2002-09-30,0.004874112445592611,exper2_10
16.510000000000048,16.623117,Calibration,2002,2002-10-01,0.0034140296964405214,exper2_10
15.950000000000045,15.981999,Calibration,2002,2002-10-02,0.0010021106689772274,exper2_10
15.57000000000005,15.619761,Calibration,2002,2002-10-03,0.0015954423708117135,exper2_10
15.240000000000009,15.451491,Calibration,2002,2002-10-04,0.006890879085788001,exper2_10
14.950000000000045,15.058779,Calibration,2002,2002-10-05,0.0036248980232451303,exper2_10
14.5,14.57983,Calibration,2002,2002-10-06,0.0027452075618025888,exper2_10
14.020000000000039,13.872991,Calibration,2002,2002-10-07,-0.0052704779437099045,exper2_10
13.720000000000027,13.661541,Calibration,2002,2002-10-08,-0.002134978996412243,exper2_10
13.57000000000005,13.243176,Calibration,2002,2002-10-09,-0.012188915409490894,exper2_10
13.300000000000011,12.879749,Calibration,2002,2002-10-10,-0.016052510553830123,exper2_10
13.360000000000014,13.077485,Calibration,2002,2002-10-11,-0.010686149403507272,exper2_10
13.100000000000023,12.947801,Calibration,2002,2002-10-12,-0.005843079261611998,exper2_10
12.610000000000014,12.136916,Calibration,2002,2002-10-13,-0.019116880517421313,exper2_10
12.189999999999998,11.970178,Calibration,2002,2002-10-14,-0.009098540280982914,exper2_10
11.75,11.867809,Calibration,2002,2002-10-15,0.004988155090064764,exper2_10
11.410000000000025,10.996825,Calibration,2002,2002-10-16,-0.018439684237985046,exper2_10
11.180000000000007,10.826759,Calibration,2002,2002-10-17,-0.0160514620162662,exper2_10
10.760000000000048,10.562268,Calibration,2002,2002-10-18,-0.00927348537568047,exper2_10
10.410000000000025,10.58785,Calibration,2002,2002-10-19,0.00846989669172332,exper2_10
10.089999999999975,9.892845,Calibration,2002,2002-10-20,-0.0098662049710076,exper2_10
9.660000000000025,9.54477,Calibration,2002,2002-10-21,-0.0060000592442199015,exper2_10
9.279999999999973,9.020706,Calibration,2002,2002-10-22,-0.014168514632045614,exper2_10
8.890000000000043,8.50358,Calibration,2002,2002-10-23,-0.022216237516463934,exper2_10
8.850000000000023,8.355163,Calibration,2002,2002-10-24,-0.028760982407961107,exper2_10
8.580000000000041,7.694576,Calibration,2002,2002-10-25,-0.05440536361869457,exper2_10
8.430000000000007,8.002027,Calibration,2002,2002-10-26,-0.02604507974527979,exper2_10
8.180000000000007,7.854653,Calibration,2002,2002-10-27,-0.02029025017127624,exper2_10
8.100000000000023,7.989844,Calibration,2002,2002-10-28,-0.006846315955036876,exper2_10
7.980000000000018,7.7766705,Calibration,2002,2002-10-29,-0.012904347059619072,exper2_10
7.810000000000002,7.713347,Calibration,2002,2002-10-30,-0.006226301718315505,exper2_10
7.6299999999999955,7.2992034,Calibration,2002,2002-10-31,-0.022157686206391157,exper2_10
7.300000000000011,6.9019647,Calibration,2002,2002-11-01,-0.02802677974103653,exper2_10
7.0,6.630859,Calibration,2002,2002-11-02,-0.027081279660734425,exper2_10
6.906000000000006,6.626518,Calibration,2002,2002-11-03,-0.02065264070000246,exper2_10
6.653999999999996,6.4624777,Calibration,2002,2002-11-04,-0.014601657593815775,exper2_10
6.473000000000013,6.6182942,Calibration,2002,2002-11-05,0.011098538952003894,exper2_10
6.278999999999996,6.431323,Calibration,2002,2002-11-06,0.011984199837881517,exper2_10
6.159000000000049,6.2095428,Calibration,2002,2002-11-07,0.004086395004524248,exper2_10
6.176000000000045,5.911456,Calibration,2002,2002-11-08,-0.02188582027029279,exper2_10
6.15300000000002,6.080284,Calibration,2002,2002-11-09,-0.0059441014074711725,exper2_10
6.129000000000019,6.433067,Calibration,2002,2002-11-10,0.024205160559437687,exper2_10
5.910000000000025,6.1902566,Calibration,2002,2002-11-11,0.023161210954252654,exper2_10
5.7029999999999745,5.769926,Calibration,2002,2002-11-12,0.005833391651952855,exper2_10
5.468000000000018,5.4832335,Calibration,2002,2002-11-13,0.0013910261259821772,exper2_10
5.299000000000035,5.2693095,Calibration,2002,2002-11-14,-0.0028093877474334775,exper2_10
4.978000000000009,4.9891214,Calibration,2002,2002-11-15,0.001115812337891161,exper2_10
4.801000000000045,4.790183,Calibration,2002,2002-11-16,-0.0011277996262131268,exper2_10
4.728000000000009,4.4756484,Calibration,2002,2002-11-17,-0.027418648103227094,exper2_10
4.565999999999974,4.311683,Calibration,2002,2002-11-18,-0.02864675579814507,exper2_10
4.499000000000024,4.234284,Calibration,2002,2002-11-19,-0.030311172543773152,exper2_10
4.298000000000002,4.094874,Calibration,2002,2002-11-20,-0.02420220976901654,exper2_10
4.258000000000038,3.794277,Calibration,2002,2002-11-21,-0.05758905834684541,exper2_10
4.041999999999973,3.4865863,Calibration,2002,2002-11-22,-0.07377396541158697,exper2_10
3.951999999999998,3.315244,Calibration,2002,2002-11-23,-0.08762001717957123,exper2_10
3.637999999999977,2.7514696,Calibration,2002,2002-11-24,-0.13874866643023775,exper2_10
2.9910000000000423,2.498047,Calibration,2002,2002-11-25,-0.08980664155284473,exper2_10
2.2200000000000273,1.8775122,Calibration,2002,2002-11-26,-0.08358432271347657,exper2_10
0.714999999999975,1.518095,Calibration,2002,2002-11-27,0.3596331596071615,exper2_10
0.20199999999999818,1.3343911,Calibration,2002,2002-11-28,0.7370461235394091,exper2_10
0.7860000000000014,1.5328649,Calibration,2002,2002-11-29,0.3220821183451256,exper2_10
2.5889999999999986,1.3665208,Calibration,2002,2002-11-30,-0.30905645829583867,exper2_10
2.30600000000004,1.3460041,Calibration,2002,2002-12-01,-0.262868232832407,exper2_10
1.1190000000000282,1.0691298,Calibration,2002,2002-12-02,-0.02279123240317924,exper2_10
1.0369999999999777,0.7651503,Calibration,2002,2002-12-03,-0.15084740162478438,exper2_10
0.6090000000000373,0.6895327,Calibration,2002,2002-12-04,0.06201822824664986,exper2_10
0.42500000000001137,0.57511795,Calibration,2002,2002-12-05,0.1501002419972966,exper2_10
0.2810000000000059,0.5976422,Calibration,2002,2002-12-06,0.3603767145724787,exper2_10
0.14800000000002456,0.9447503,Calibration,2002,2002-12-07,0.729123846898293,exper2_10
0.0030000000000427463,0.6685534,Calibration,2002,2002-12-08,0.991065491004553,exper2_10
,0.39926043,Calibration,2002,2002-12-09,,exper2_10
,0.6259194,Calibration,2002,2002-12-10,,exper2_10
,0.99967635,Calibration,2002,2002-12-11,,exper2_10
,1.0625314,Calibration,2002,2002-12-12,,exper2_10
,1.1599975,Calibration,2002,2002-12-13,,exper2_10
,1.0502267,Calibration,2002,2002-12-14,,exper2_10
,1.036815,Calibration,2002,2002-12-15,,exper2_10
,0.6712807,Calibration,2002,2002-12-16,,exper2_10
,0.83890384,Calibration,2002,2002-12-17,,exper2_10
,0.9814648,Calibration,2002,2002-12-18,,exper2_10
,0.9588855,Calibration,2002,2002-12-19,,exper2_10
,0.9400504,Calibration,2002,2002-12-20,,exper2_10
,0.91952264,Calibration,2002,2002-12-21,,exper2_10
,0.8317994,Calibration,2002,2002-12-22,,exper2_10
,0.31117457,Calibration,2002,2002-12-23,,exper2_10
,0.51520246,Calibration,2002,2002-12-24,,exper2_10
,0.3308409,Calibration,2002,2002-12-25,,exper2_10
,0.28714103,Calibration,2002,2002-12-26,,exper2_10
,0.25704545,Calibration,2002,2002-12-27,,exper2_10
,0.29686946,Calibration,2002,2002-12-28,,exper2_10
,0.6708064,Calibration,2002,2002-12-29,,exper2_10
,0.65404123,Calibration,2002,2002-12-30,,exper2_10
,0.32998663,Calibration,2002,2002-12-31,,exper2_10
,0.35486603,Calibration,2003,2003-01-01,,exper2_10
,0.29097486,Calibration,2003,2003-01-02,,exper2_10
,0.44336128,Calibration,2003,2003-01-03,,exper2_10
,0.06601045,Calibration,2003,2003-01-04,,exper2_10
,0.01,Calibration,2003,2003-01-05,,exper2_10
,0.01,Calibration,2003,2003-01-06,,exper2_10
,0.01,Calibration,2003,2003-01-07,,exper2_10
,0.01,Calibration,2003,2003-01-08,,exper2_10
,0.01,Calibration,2003,2003-01-09,,exper2_10
,0.01,Calibration,2003,2003-01-10,,exper2_10
,0.01,Calibration,2003,2003-01-11,,exper2_10
,0.01,Calibration,2003,2003-01-12,,exper2_10
,0.1987833,Calibration,2003,2003-01-13,,exper2_10
,0.07778713,Calibration,2003,2003-01-14,,exper2_10
,0.13380899,Calibration,2003,2003-01-15,,exper2_10
,0.18932074,Calibration,2003,2003-01-16,,exper2_10
,0.112016745,Calibration,2003,2003-01-17,,exper2_10
,0.004946977,Calibration,2003,2003-01-18,,exper2_10
,0.01,Calibration,2003,2003-01-19,,exper2_10
,0.01,Calibration,2003,2003-01-20,,exper2_10
,0.01,Calibration,2003,2003-01-21,,exper2_10
,0.01,Calibration,2003,2003-01-22,,exper2_10
,0.01,Calibration,2003,2003-01-23,,exper2_10
,0.18010435,Calibration,2003,2003-01-24,,exper2_10
,0.01,Calibration,2003,2003-01-25,,exper2_10
,0.01,Calibration,2003,2003-01-26,,exper2_10
,0.01,Calibration,2003,2003-01-27,,exper2_10
,0.01,Calibration,2003,2003-01-28,,exper2_10
,0.01,Calibration,2003,2003-01-29,,exper2_10
,0.01,Calibration,2003,2003-01-30,,exper2_10
,0.01,Calibration,2003,2003-01-31,,exper2_10
,0.01,Calibration,2003,2003-02-01,,exper2_10
,0.01,Calibration,2003,2003-02-02,,exper2_10
,0.01,Calibration,2003,2003-02-03,,exper2_10
,0.051218346,Calibration,2003,2003-02-04,,exper2_10
,0.123030126,Calibration,2003,2003-02-05,,exper2_10
,0.01,Calibration,2003,2003-02-06,,exper2_10
,0.01,Calibration,2003,2003-02-07,,exper2_10
,0.01,Calibration,2003,2003-02-08,,exper2_10
,0.01,Calibration,2003,2003-02-09,,exper2_10
,0.01,Calibration,2003,2003-02-10,,exper2_10
,0.019148886,Calibration,2003,2003-02-11,,exper2_10
,0.01,Calibration,2003,2003-02-12,,exper2_10
,0.01,Calibration,2003,2003-02-13,,exper2_10
,0.01,Calibration,2003,2003-02-14,,exper2_10
,0.01,Calibration,2003,2003-02-15,,exper2_10
,0.01,Calibration,2003,2003-02-16,,exper2_10
,0.01,Calibration,2003,2003-02-17,,exper2_10
,0.01,Calibration,2003,2003-02-18,,exper2_10
,0.01,Calibration,2003,2003-02-19,,exper2_10
,0.01,Calibration,2003,2003-02-20,,exper2_10
,0.01,Calibration,2003,2003-02-21,,exper2_10
,0.41221648,Calibration,2003,2003-02-22,,exper2_10
,0.07664356,Calibration,2003,2003-02-23,,exper2_10
,0.01,Calibration,2003,2003-02-24,,exper2_10
,0.01,Calibration,2003,2003-02-25,,exper2_10
,0.01,Calibration,2003,2003-02-26,,exper2_10
,0.01,Calibration,2003,2003-02-27,,exper2_10
,0.01,Calibration,2003,2003-02-28,,exper2_10
,0.01,Calibration,2003,2003-03-01,,exper2_10
,0.01,Calibration,2003,2003-03-02,,exper2_10
,0.01,Calibration,2003,2003-03-03,,exper2_10
,0.01,Calibration,2003,2003-03-04,,exper2_10
,0.01,Calibration,2003,2003-03-05,,exper2_10
,0.01,Calibration,2003,2003-03-06,,exper2_10
,0.01,Calibration,2003,2003-03-07,,exper2_10
,0.11011485,Calibration,2003,2003-03-08,,exper2_10
,0.01,Calibration,2003,2003-03-09,,exper2_10
,0.01,Calibration,2003,2003-03-10,,exper2_10
,0.047015548,Calibration,2003,2003-03-11,,exper2_10
,0.01,Calibration,2003,2003-03-12,,exper2_10
,0.01,Calibration,2003,2003-03-13,,exper2_10
,0.01,Calibration,2003,2003-03-14,,exper2_10
,0.01,Calibration,2003,2003-03-15,,exper2_10
,0.01,Calibration,2003,2003-03-16,,exper2_10
0.012999999999976808,0.01,Calibration,2003,2003-03-17,-1.0,exper2_10
,0.01,Calibration,2003,2003-03-18,,exper2_10
0.10199999999997544,0.01,Calibration,2003,2003-03-19,-1.0,exper2_10
0.008000000000038199,0.01,Calibration,2003,2003-03-20,-1.0,exper2_10
,0.01,Calibration,2003,2003-03-21,,exper2_10
0.040000000000020464,0.01,Calibration,2003,2003-03-22,-1.0,exper2_10
0.24900000000002365,0.01,Calibration,2003,2003-03-23,-1.0,exper2_10
0.21200000000004593,0.01,Calibration,2003,2003-03-24,-1.0,exper2_10
0.11299999999999955,0.01,Calibration,2003,2003-03-25,-1.0,exper2_10
0.14100000000001955,0.03987117,Calibration,2003,2003-03-26,-0.5591207723084749,exper2_10
,0.25252467,Calibration,2003,2003-03-27,,exper2_10
0.005999999999971806,0.01,Calibration,2003,2003-03-28,-1.0,exper2_10
0.0049999999999954525,0.30416417,Calibration,2003,2003-03-29,0.9676547254471102,exper2_10
0.0020000000000095497,0.0590093,Calibration,2003,2003-03-30,0.9344362238803334,exper2_10
0.004000000000019099,0.01,Calibration,2003,2003-03-31,-1.0,exper2_10
0.08500000000003638,0.01,Calibration,2003,2003-04-01,-1.0,exper2_10
0.021000000000015007,0.01,Calibration,2003,2003-04-02,-1.0,exper2_10
,0.027839825,Calibration,2003,2003-04-03,,exper2_10
,0.04112482,Calibration,2003,2003-04-04,,exper2_10
,0.01,Calibration,2003,2003-04-05,,exper2_10
,0.01,Calibration,2003,2003-04-06,,exper2_10
,0.01,Calibration,2003,2003-04-07,,exper2_10
,0.01,Calibration,2003,2003-04-08,,exper2_10
,0.01,Calibration,2003,2003-04-09,,exper2_10
0.04199999999997317,0.01,Calibration,2003,2003-04-10,-1.0,exper2_10
0.1290000000000191,0.01,Calibration,2003,2003-04-11,-1.0,exper2_10
0.1710000000000491,0.01,Calibration,2003,2003-04-12,-1.0,exper2_10
0.21100000000001273,0.01,Calibration,2003,2003-04-13,-1.0,exper2_10
0.37599999999997635,0.26122075,Calibration,2003,2003-04-14,-0.1801247781588379,exper2_10
0.37700000000000955,1.6455097,Calibration,2003,2003-04-15,0.6271958583929842,exper2_10
0.07400000000001228,1.3746392,Calibration,2003,2003-04-16,0.8978351512559664,exper2_10
,0.97053397,Calibration,2003,2003-04-17,,exper2_10
0.060000000000002274,1.3563391,Calibration,2003,2003-04-18,0.9152745269461027,exper2_10
0.05299999999999727,1.1034824,Calibration,2003,2003-04-19,0.9083427442110218,exper2_10
0.19500000000005002,1.1641654,Calibration,2003,2003-04-20,0.7130592005780052,exper2_10
2.2660000000000196,1.5741519,Calibration,2003,2003-04-21,-0.18016165745156656,exper2_10
4.625,3.0581021,Calibration,2003,2003-04-22,-0.20394078360749607,exper2_10
5.088999999999999,3.850186,Calibration,2003,2003-04-23,-0.13858240283583328,exper2_10
5.357000000000028,4.054033,Calibration,2003,2003-04-24,-0.13845103133216002,exper2_10
5.5120000000000005,4.2645116,Calibration,2003,2003-04-25,-0.1276005663050971,exper2_10
6.416999999999973,5.2578835,Calibration,2003,2003-04-26,-0.09928291330913021,exper2_10
6.262999999999977,5.812308,Calibration,2003,2003-04-27,-0.03732345142228175,exper2_10
6.65300000000002,6.9198017,Calibration,2003,2003-04-28,0.019657084638576655,exper2_10
7.189999999999998,7.30379,Calibration,2003,2003-04-29,0.007850954908433188,exper2_10
8.0,7.3905373,Calibration,2003,2003-04-30,-0.03959983512358419,exper2_10
8.510000000000048,8.474912,Calibration,2003,2003-05-01,-0.0020658517914405585,exper2_10
8.910000000000025,8.632869,Calibration,2003,2003-05-02,-0.01579737253350898,exper2_10
9.620000000000005,9.506585,Calibration,2003,2003-05-03,-0.005929698277387628,exper2_10
9.110000000000014,9.909985,Calibration,2003,2003-05-04,0.04206021224126279,exper2_10
9.050000000000011,9.601319,Calibration,2003,2003-05-05,0.02955926622646884,exper2_10
9.600000000000023,8.977829,Calibration,2003,2003-05-06,-0.03348997459254473,exper2_10
9.740000000000009,9.174958,Calibration,2003,2003-05-07,-0.029872747488641965,exper2_10
10.230000000000018,10.127557,Calibration,2003,2003-05-08,-0.005032195177443612,exper2_10
9.779999999999973,9.717063,Calibration,2003,2003-05-09,-0.003228027217569301,exper2_10
10.54000000000002,10.253778,Calibration,2003,2003-05-10,-0.013764768290740048,exper2_10
,9.415907,Calibration,2003,2003-05-11,,exper2_10
,10.050938,Calibration,2003,2003-05-12,,exper2_10
,10.750913,Calibration,2003,2003-05-13,,exper2_10
,11.203138,Calibration,2003,2003-05-14,,exper2_10
,12.164836,Calibration,2003,2003-05-15,,exper2_10
,12.679532,Calibration,2003,2003-05-16,,exper2_10
,12.524575,Calibration,2003,2003-05-17,,exper2_10
,12.991466,Calibration,2003,2003-05-18,,exper2_10
,12.753105,Calibration,2003,2003-05-19,,exper2_10
,12.889232,Calibration,2003,2003-05-20,,exper2_10
,13.473304,Calibration,2003,2003-05-21,,exper2_10
,13.245725,Calibration,2003,2003-05-22,,exper2_10
,14.02201,Calibration,2003,2003-05-23,,exper2_10
,14.527601,Calibration,2003,2003-05-24,,exper2_10
,15.038891,Calibration,2003,2003-05-25,,exper2_10
,15.596855,Calibration,2003,2003-05-26,,exper2_10
,16.61125,Calibration,2003,2003-05-27,,exper2_10
,15.881026,Calibration,2003,2003-05-28,,exper2_10
,16.198448,Calibration,2003,2003-05-29,,exper2_10
,16.01596,Calibration,2003,2003-05-30,,exper2_10
,15.211801,Calibration,2003,2003-05-31,,exper2_10
,15.772733,Calibration,2003,2003-06-01,,exper2_10
,16.25681,Calibration,2003,2003-06-02,,exper2_10
,16.744205,Calibration,2003,2003-06-03,,exper2_10
,17.051174,Calibration,2003,2003-06-04,,exper2_10
,17.495459,Calibration,2003,2003-06-05,,exper2_10
,17.69901,Calibration,2003,2003-06-06,,exper2_10
,17.196505,Calibration,2003,2003-06-07,,exper2_10
,16.694902,Calibration,2003,2003-06-08,,exper2_10
,16.705032,Calibration,2003,2003-06-09,,exper2_10
,16.967655,Calibration,2003,2003-06-10,,exper2_10
,16.979273,Calibration,2003,2003-06-11,,exper2_10
,17.596197,Calibration,2003,2003-06-12,,exper2_10
,18.742954,Calibration,2003,2003-06-13,,exper2_10
,19.10619,Calibration,2003,2003-06-14,,exper2_10
,20.010508,Calibration,2003,2003-06-15,,exper2_10
,20.755716,Calibration,2003,2003-06-16,,exper2_10
,21.017345,Calibration,2003,2003-06-17,,exper2_10
21.670000000000016,21.36472,Calibration,2003,2003-06-18,-0.007093821301775419,exper2_10
21.200000000000045,20.771547,Calibration,2003,2003-06-19,-0.010208169816900446,exper2_10
21.27000000000004,21.257456,Calibration,2003,2003-06-20,-0.0002949664857864075,exper2_10
21.27000000000004,21.469183,Calibration,2003,2003-06-21,0.0046604299452353256,exper2_10
21.589999999999975,21.778877,Calibration,2003,2003-06-22,0.004355133686672863,exper2_10
21.680000000000007,21.79676,Calibration,2003,2003-06-23,0.002685585530765443,exper2_10
22.24000000000001,22.35367,Calibration,2003,2003-06-24,0.0025490191754290806,exper2_10
22.649999999999977,22.769655,Calibration,2003,2003-06-25,0.0026344371629726526,exper2_10
21.810000000000002,21.81032,Calibration,2003,2003-06-26,7.333749807948538e-06,exper2_10
20.950000000000045,20.827013,Calibration,2003,2003-06-27,-0.0029438912783596415,exper2_10
20.140000000000043,20.453907,Calibration,2003,2003-06-28,0.007732860324071556,exper2_10
20.060000000000002,20.381353,Calibration,2003,2003-06-29,0.007946157866921447,exper2_10
21.029999999999973,20.775038,Calibration,2003,2003-06-30,-0.006098839951471957,exper2_10
21.730000000000018,21.230047,Calibration,2003,2003-07-01,-0.011637621611967136,exper2_10
21.55000000000001,21.786234,Calibration,2003,2003-07-02,0.005451186702376269,exper2_10
22.529999999999973,22.079062,Calibration,2003,2003-07-03,-0.0101086747081327,exper2_10
23.100000000000023,23.122828,Calibration,2003,2003-07-04,0.0004938583623521058,exper2_10
23.470000000000027,23.298582,Calibration,2003,2003-07-05,-0.0036652366901211613,exper2_10
23.399999999999977,23.24452,Calibration,2003,2003-07-06,-0.0033332921423022957,exper2_10
23.5,23.32438,Calibration,2003,2003-07-07,-0.003750591509931725,exper2_10
23.140000000000043,23.020792,Calibration,2003,2003-07-08,-0.0025824511965592866,exper2_10
22.529999999999973,22.559309,Calibration,2003,2003-07-09,0.0006500211776055965,exper2_10
21.920000000000016,22.061207,Calibration,2003,2003-07-10,0.003210617166838263,exper2_10
21.210000000000036,21.46375,Calibration,2003,2003-07-11,0.0059462979991922425,exper2_10
21.649999999999977,21.75877,Calibration,2003,2003-07-12,0.002505714606546633,exper2_10
22.060000000000002,22.03855,Calibration,2003,2003-07-13,-0.0004864236366680842,exper2_10
21.689999999999998,22.147116,Calibration,2003,2003-07-14,0.01042759542960363,exper2_10
21.439999999999998,22.194662,Calibration,2003,2003-07-15,0.017295014053012994,exper2_10
21.939999999999998,22.683485,Calibration,2003,2003-07-16,0.01666129462119107,exper2_10
22.170000000000016,23.245373,Calibration,2003,2003-07-17,0.023678607189031996,exper2_10
22.670000000000016,23.124432,Calibration,2003,2003-07-18,0.009923294036629268,exper2_10
22.480000000000018,23.162352,Calibration,2003,2003-07-19,0.014949966078273173,exper2_10
22.75,23.257082,Calibration,2003,2003-07-20,0.011021824545050258,exper2_10
22.200000000000045,23.004322,Calibration,2003,2003-07-21,0.017793034282797878,exper2_10
21.57000000000005,22.31784,Calibration,2003,2003-07-22,0.017039812539281118,exper2_10
21.82000000000005,22.003082,Calibration,2003,2003-07-23,0.004177758977336626,exper2_10
21.99000000000001,22.230848,Calibration,2003,2003-07-24,0.005446487834800408,exper2_10
21.710000000000036,22.273844,Calibration,2003,2003-07-25,0.012819338124880108,exper2_10
22.399999999999977,22.563778,Calibration,2003,2003-07-26,0.0036424413416138663,exper2_10
22.879999999999995,22.892912,Calibration,2003,2003-07-27,0.0002820862923435893,exper2_10
23.220000000000027,23.027523,Calibration,2003,2003-07-28,-0.0041618868768140615,exper2_10
23.390000000000043,23.453463,Calibration,2003,2003-07-29,0.0013547803083840638,exper2_10
23.230000000000018,23.424496,Calibration,2003,2003-07-30,0.004168852199893849,exper2_10
23.04000000000002,23.540777,Calibration,2003,2003-07-31,0.010750726725784397,exper2_10
23.230000000000018,23.34112,Calibration,2003,2003-08-01,0.002386023071661175,exper2_10
23.08000000000004,23.520218,Calibration,2003,2003-08-02,0.009446691783606607,exper2_10
22.850000000000023,23.178013,Calibration,2003,2003-08-03,0.007126374301325727,exper2_10
23.110000000000014,22.964956,Calibration,2003,2003-08-04,-0.0031479946619591545,exper2_10
23.420000000000016,23.168385,Calibration,2003,2003-08-05,-0.005400819333351418,exper2_10
23.58000000000004,23.398174,Calibration,2003,2003-08-06,-0.0038704295531975536,exper2_10
23.420000000000016,23.184803,Calibration,2003,2003-08-07,-0.005046625578939268,exper2_10
23.189999999999998,22.807219,Calibration,2003,2003-08-08,-0.008321839024560827,exper2_10
23.939999999999998,23.330175,Calibration,2003,2003-08-09,-0.012900832185669422,exper2_10
23.730000000000018,23.605343,Calibration,2003,2003-08-10,-0.0026334896393447617,exper2_10
23.260000000000048,23.110773,Calibration,2003,2003-08-11,-0.0032181243382264574,exper2_10
23.52000000000004,23.52007,Calibration,2003,2003-08-12,1.4694347968481575e-06,exper2_10
23.970000000000027,24.195307,Calibration,2003,2003-08-13,0.0046777814370155745,exper2_10
23.689999999999998,24.13123,Calibration,2003,2003-08-14,0.009226642772778886,exper2_10
24.0,24.343021,Calibration,2003,2003-08-15,0.007095572079265938,exper2_10
24.55000000000001,24.689365,Calibration,2003,2003-08-16,0.0028303652142474406,exper2_10
24.870000000000005,24.672682,Calibration,2003,2003-08-17,-0.003982791894293133,exper2_10
24.360000000000014,24.70558,Calibration,2003,2003-08-18,0.007043221732975662,exper2_10
24.33000000000004,24.522377,Calibration,2003,2003-08-19,0.00393792535631078,exper2_10
24.260000000000048,24.648088,Calibration,2003,2003-08-20,0.007935056704488384,exper2_10
24.220000000000027,24.530573,Calibration,2003,2003-08-21,0.006370651108618267,exper2_10
24.05000000000001,23.987434,Calibration,2003,2003-08-22,-0.0013024345198927216,exper2_10
23.460000000000036,23.558151,Calibration,2003,2003-08-23,0.0020875181715560116,exper2_10
23.390000000000043,23.395727,Calibration,2003,2003-08-24,0.00012241249502094746,exper2_10
23.74000000000001,23.98222,Calibration,2003,2003-08-25,0.005075616716650487,exper2_10
23.83000000000004,23.963415,Calibration,2003,2003-08-26,0.0027914963905963947,exper2_10
23.470000000000027,23.565565,Calibration,2003,2003-08-27,0.002031762752949312,exper2_10
22.82000000000005,23.130468,Calibration,2003,2003-08-28,0.006756587681331471,exper2_10
22.30000000000001,22.75382,Calibration,2003,2003-08-29,0.01007285098328731,exper2_10
21.99000000000001,22.316248,Calibration,2003,2003-08-30,0.007363474797161982,exper2_10
21.850000000000023,22.082756,Calibration,2003,2003-08-31,0.0052980068506374624,exper2_10
22.220000000000027,22.060863,Calibration,2003,2003-09-01,-0.0035937985975681244,exper2_10
21.700000000000045,22.03584,Calibration,2003,2003-09-02,0.007678807309263518,exper2_10
21.07000000000005,21.796545,Calibration,2003,2003-09-03,0.016948998996776266,exper2_10
20.700000000000045,21.13584,Calibration,2003,2003-09-04,0.01041784909498914,exper2_10
20.710000000000036,20.964003,Calibration,2003,2003-09-05,0.0060949895222326585,exper2_10
21.189999999999998,21.131971,Calibration,2003,2003-09-06,-0.0013711232932532367,exper2_10
21.30000000000001,21.775068,Calibration,2003,2003-09-07,0.011028845734125966,exper2_10
21.410000000000025,22.145102,Calibration,2003,2003-09-08,0.016877507367165052,exper2_10
21.24000000000001,22.16276,Calibration,2003,2003-09-09,0.021260394167151506,exper2_10
21.120000000000005,22.118568,Calibration,2003,2003-09-10,0.023094391347581976,exper2_10
20.99000000000001,22.062983,Calibration,2003,2003-09-11,0.024922374605024993,exper2_10
20.560000000000002,21.580408,Calibration,2003,2003-09-12,0.024214480647204304,exper2_10
20.390000000000043,21.270657,Calibration,2003,2003-09-13,0.021138807159264517,exper2_10
20.189999999999998,21.091476,Calibration,2003,2003-09-14,0.02183731102085327,exper2_10
20.0,20.297228,Calibration,2003,2003-09-15,0.007375888498668054,exper2_10
20.100000000000023,20.083578,Calibration,2003,2003-09-16,-0.0004086716771205308,exper2_10
19.839999999999975,20.108639,Calibration,2003,2003-09-17,0.006724603684711619,exper2_10
19.430000000000007,20.14131,Calibration,2003,2003-09-18,0.01797539032359211,exper2_10
18.910000000000025,19.709291,Calibration,2003,2003-09-19,0.02069668882963402,exper2_10
18.730000000000018,18.849354,Calibration,2003,2003-09-20,0.0031760469046182983,exper2_10
18.33000000000004,18.836042,Calibration,2003,2003-09-21,0.013615719388995806,exper2_10
18.0,18.538372,Calibration,2003,2003-09-22,0.014734428759129345,exper2_10
17.730000000000018,17.718836,Calibration,2003,2003-09-23,-0.000314937544489872,exper2_10
17.339999999999975,17.641062,Calibration,2003,2003-09-24,0.008606422089356134,exper2_10
16.620000000000005,16.511095,Calibration,2003,2003-09-25,-0.0032870918648614097,exper2_10
16.100000000000023,15.8505,Calibration,2003,2003-09-26,-0.007808951107319546,exper2_10
15.620000000000005,15.537335,Calibration,2003,2003-09-27,-0.0026531345873089312,exper2_10
14.990000000000009,15.066032,Calibration,2003,2003-09-28,0.0025296888368906163,exper2_10
14.529999999999973,14.371042,Calibration,2003,2003-09-29,-0.005500069756284677,exper2_10
14.129999999999995,14.0168295,Calibration,2003,2003-09-30,-0.004020719611632329,exper2_10
13.589999999999975,13.47711,Calibration,2003,2003-10-01,-0.004170747867860871,exper2_10
13.140000000000043,12.948823,Calibration,2003,2003-10-02,-0.007327928324838066,exper2_10
12.640000000000043,12.955266,Calibration,2003,2003-10-03,0.012317355828791635,exper2_10
12.29000000000002,12.574668,Calibration,2003,2003-10-04,0.01144869223258928,exper2_10
12.339999999999975,12.177594,Calibration,2003,2003-10-05,-0.006624051850269731,exper2_10
12.230000000000018,12.123656,Calibration,2003,2003-10-06,-0.0043666431816327365,exper2_10
12.600000000000023,12.453648,Calibration,2003,2003-10-07,-0.005841560028792877,exper2_10
12.779999999999973,12.579221,Calibration,2003,2003-10-08,-0.007917405271134187,exper2_10
12.970000000000027,12.952903,Calibration,2003,2003-10-09,-0.0006595405711965055,exper2_10
13.240000000000009,12.949993,Calibration,2003,2003-10-10,-0.011073193680361745,exper2_10
13.210000000000036,13.277955,Calibration,2003,2003-10-11,0.002565507797603456,exper2_10
13.160000000000025,12.944185,Calibration,2003,2003-10-12,-0.008267438378851227,exper2_10
13.050000000000011,12.823876,Calibration,2003,2003-10-13,-0.008739456575835941,exper2_10
12.830000000000041,12.594611,Calibration,2003,2003-10-14,-0.009258306077437514,exper2_10
12.39100000000002,12.094278,Calibration,2003,2003-10-15,-0.012118370081897914,exper2_10
12.023000000000025,11.670857,Calibration,2003,2003-10-16,-0.014862188292613333,exper2_10
11.742999999999995,11.395486,Calibration,2003,2003-10-17,-0.015018879102189962,exper2_10
11.833000000000027,11.308318,Calibration,2003,2003-10-18,-0.022672946231749733,exper2_10
11.833000000000027,11.10782,Calibration,2003,2003-10-19,-0.031610921353627225,exper2_10
11.802999999999997,14.146238,Calibration,2003,2003-10-20,0.09030085189767849,exper2_10
11.512999999999977,12.640946,Calibration,2003,2003-10-21,0.046698223557936194,exper2_10
11.123000000000047,12.533214,Calibration,2003,2003-10-22,0.059612820476830274,exper2_10
10.93300000000005,12.34377,Calibration,2003,2003-10-23,0.06060849617513195,exper2_10
10.623000000000047,11.807717,Calibration,2003,2003-10-24,0.052816738146504685,exper2_10
10.492999999999995,11.279564,Calibration,2003,2003-10-25,0.036126379386628334,exper2_10
10.133000000000038,10.684481,Calibration,2003,2003-10-26,0.026491229939528772,exper2_10
9.913000000000011,10.353606,Calibration,2003,2003-10-27,0.021740503525300138,exper2_10
9.512999999999977,9.795825,Calibration,2003,2003-10-28,0.014647447709045452,exper2_10
9.363,9.8726425,Calibration,2003,2003-10-29,0.02649469684399957,exper2_10
9.143000000000029,9.672544,Calibration,2003,2003-10-30,0.02814393987463555,exper2_10
9.023000000000025,9.643013,Calibration,2003,2003-10-31,0.03321614532637672,exper2_10
8.843000000000018,9.01138,Calibration,2003,2003-11-01,0.009430749976915271,exper2_10
8.613,8.757609,Calibration,2003,2003-11-02,0.008324944986803045,exper2_10
8.333000000000027,8.296043,Calibration,2003,2003-11-03,-0.0022224131072284864,exper2_10
7.90300000000002,7.9984803,Calibration,2003,2003-11-04,0.00600449254129101,exper2_10
7.642999999999972,7.787562,Calibration,2003,2003-11-05,0.009368543703155987,exper2_10
7.323000000000036,7.2434535,Calibration,2003,2003-11-06,-0.005460937854949215,exper2_10
6.740000000000009,6.452173,Calibration,2003,2003-11-07,-0.021817994797633904,exper2_10
6.299000000000035,6.21761,Calibration,2003,2003-11-08,-0.006502568859323322,exper2_10
6.052999999999997,5.740102,Calibration,2003,2003-11-09,-0.026532305974952347,exper2_10
5.800000000000011,5.376694,Calibration,2003,2003-11-10,-0.037873971490169515,exper2_10
5.802000000000021,5.6358314,Calibration,2003,2003-11-11,-0.0145279851379836,exper2_10
5.604000000000042,5.9048533,Calibration,2003,2003-11-12,0.02614103551170693,exper2_10
5.302999999999997,5.0793395,Calibration,2003,2003-11-13,-0.02154239857660909,exper2_10
5.187000000000012,4.988767,Calibration,2003,2003-11-14,-0.01948087550263907,exper2_10
5.036999999999978,5.010018,Calibration,2003,2003-11-15,-0.0026855857616088848,exper2_10
5.020000000000039,5.4383636,Calibration,2003,2003-11-16,0.04000277385745685,exper2_10
5.034000000000049,5.528825,Calibration,2003,2003-11-17,0.04684587837926241,exper2_10
5.117000000000019,5.5753713,Calibration,2003,2003-11-18,0.042869000152860125,exper2_10
4.996000000000038,5.343944,Calibration,2003,2003-11-19,0.0336504791782405,exper2_10
4.960000000000036,5.0753384,Calibration,2003,2003-11-20,0.011493221201711734,exper2_10
4.720000000000027,5.190733,Calibration,2003,2003-11-21,0.04749728985995989,exper2_10
4.528999999999996,4.9363346,Calibration,2003,2003-11-22,0.04303435924554026,exper2_10
4.344000000000051,4.886974,Calibration,2003,2003-11-23,0.05882086399974988,exper2_10
3.986000000000047,4.3394885,Calibration,2003,2003-11-24,0.04245859039368958,exper2_10
3.6650000000000205,3.7312279,Calibration,2003,2003-11-25,0.008954277217699277,exper2_10
3.430000000000007,3.7371216,Calibration,2003,2003-11-26,0.042851454173908524,exper2_10
3.3980000000000246,3.6455135,Calibration,2003,2003-11-27,0.035140634476232384,exper2_10
3.1890000000000214,3.5625472,Calibration,2003,2003-11-28,0.05532764497270483,exper2_10
2.9529999999999745,3.269479,Calibration,2003,2003-11-29,0.05086060306244151,exper2_10
2.6340000000000146,3.1731164,Calibration,2003,2003-11-30,0.09283720252506587,exper2_10
2.4490000000000123,2.5817757,Calibration,2003,2003-12-01,0.026392682583614276,exper2_10
1.698000000000036,2.3320663,Calibration,2003,2003-12-02,0.15733396195480054,exper2_10
1.7749999999999773,2.1307116,Calibration,2003,2003-12-03,0.0910747121050978,exper2_10
1.8120000000000118,2.0051818,Calibration,2003,2003-12-04,0.05060848554153808,exper2_10
2.038000000000011,2.2684796,Calibration,2003,2003-12-05,0.05351925652119708,exper2_10
2.0120000000000005,1.7700564,Calibration,2003,2003-12-06,-0.06397145087409979,exper2_10
1.7900000000000205,1.7134799,Calibration,2003,2003-12-07,-0.02184117682383152,exper2_10
1.6059999999999945,1.768112,Calibration,2003,2003-12-08,0.04804581083249081,exper2_10
1.4260000000000446,1.8138219,Calibration,2003,2003-12-09,0.11970470055710386,exper2_10
1.5340000000000487,1.5503731,Calibration,2003,2003-12-10,0.005308397195053473,exper2_10
1.2220000000000368,0.86269087,Calibration,2003,2003-12-11,-0.17235607440304826,exper2_10
1.0220000000000482,0.40865642,Calibration,2003,2003-12-12,-0.4287148009969045,exper2_10
0.8999999999999773,0.2927086,Calibration,2003,2003-12-13,-0.5091699612608492,exper2_10
0.9289999999999736,0.61191344,Calibration,2003,2003-12-14,-0.2057783056593073,exper2_10
0.7520000000000095,0.7495481,Calibration,2003,2003-12-15,-0.0016329296765794045,exper2_10
0.5940000000000509,0.7681683,Calibration,2003,2003-12-16,0.12786105384226243,exper2_10
0.5179999999999723,0.6856737,Calibration,2003,2003-12-17,0.13930163280787697,exper2_10
0.507000000000005,0.6829104,Calibration,2003,2003-12-18,0.14783498429641867,exper2_10
0.48200000000002774,0.6410375,Calibration,2003,2003-12-19,0.14161372205614675,exper2_10
0.45299999999997453,0.2861306,Calibration,2003,2003-12-20,-0.22576442006670516,exper2_10
0.47800000000000864,0.2502004,Calibration,2003,2003-12-21,-0.3128254420861934,exper2_10
0.3990000000000009,0.25745487,Calibration,2003,2003-12-22,-0.2156205001710031,exper2_10
0.35700000000002774,0.44447488,Calibration,2003,2003-12-23,0.10914238057152921,exper2_10
0.32900000000000773,0.52197117,Calibration,2003,2003-12-24,0.22676581042172653,exper2_10
0.30100000000004457,0.3087031,Calibration,2003,2003-12-25,0.012634173563318186,exper2_10
0.29300000000000637,0.20457335,Calibration,2003,2003-12-26,-0.1777158124759572,exper2_10
0.3210000000000264,0.48485452,Calibration,2003,2003-12-27,0.20333014884107115,exper2_10
0.375,0.22903132,Calibration,2003,2003-12-28,-0.24165746000281824,exper2_10
0.3350000000000364,0.5051837,Calibration,2003,2003-12-29,0.20255534284434484,exper2_10
0.2880000000000109,0.53036547,Calibration,2003,2003-12-30,0.2961579842057704,exper2_10
0.2950000000000159,0.31702504,Calibration,2003,2003-12-31,0.03598714813588746,exper2_10
0.3039999999999736,0.45326716,Calibration,2004,2004-01-01,0.1971129418233671,exper2_10
0.29400000000003956,0.2687651,Calibration,2004,2004-01-02,-0.044840926467133384,exper2_10
0.23600000000004684,0.07454467,Calibration,2004,2004-01-03,-0.5199101718263598,exper2_10
0.20000000000004547,0.01,Calibration,2004,2004-01-04,-1.0,exper2_10
0.10400000000004184,0.37842876,Calibration,2004,2004-01-05,0.5688482560382628,exper2_10
0.027000000000043656,0.43136233,Calibration,2004,2004-01-06,0.8821892717657297,exper2_10
0.0009999999999763531,0.43845016,Calibration,2004,2004-01-07,0.9954488581579246,exper2_10
,0.01,Calibration,2004,2004-01-08,,exper2_10
,0.01,Calibration,2004,2004-01-09,,exper2_10
,0.01,Calibration,2004,2004-01-10,,exper2_10
,0.01,Calibration,2004,2004-01-11,,exper2_10
,0.01,Calibration,2004,2004-01-12,,exper2_10
,0.13144448,Calibration,2004,2004-01-13,,exper2_10
,0.01,Calibration,2004,2004-01-14,,exper2_10
,0.01,Calibration,2004,2004-01-15,,exper2_10
,0.01,Calibration,2004,2004-01-16,,exper2_10
,0.01,Calibration,2004,2004-01-17,,exper2_10
,0.01,Calibration,2004,2004-01-18,,exper2_10
,0.01,Calibration,2004,2004-01-19,,exper2_10
,0.027067974,Calibration,2004,2004-01-20,,exper2_10
,0.01,Calibration,2004,2004-01-21,,exper2_10
,0.1110108,Calibration,2004,2004-01-22,,exper2_10
,0.01,Calibration,2004,2004-01-23,,exper2_10
,0.036799923,Calibration,2004,2004-01-24,,exper2_10
,0.31004024,Calibration,2004,2004-01-25,,exper2_10
,0.01,Calibration,2004,2004-01-26,,exper2_10
,0.17809416,Calibration,2004,2004-01-27,,exper2_10
,0.23004505,Calibration,2004,2004-01-28,,exper2_10
,0.17112869,Calibration,2004,2004-01-29,,exper2_10
,0.18637575,Calibration,2004,2004-01-30,,exper2_10
,0.42447054,Calibration,2004,2004-01-31,,exper2_10
,0.01,Calibration,2004,2004-02-01,,exper2_10
,0.0077967644,Calibration,2004,2004-02-02,,exper2_10
,0.44303554,Calibration,2004,2004-02-03,,exper2_10
,0.42475104,Calibration,2004,2004-02-04,,exper2_10
,0.11853875,Calibration,2004,2004-02-05,,exper2_10
,0.22806123,Calibration,2004,2004-02-06,,exper2_10
,0.28331268,Calibration,2004,2004-02-07,,exper2_10
,0.24462424,Calibration,2004,2004-02-08,,exper2_10
,0.01,Calibration,2004,2004-02-09,,exper2_10
,0.40337002,Calibration,2004,2004-02-10,,exper2_10
,0.07194658,Calibration,2004,2004-02-11,,exper2_10
,0.42837018,Calibration,2004,2004-02-12,,exper2_10
,0.5814806,Calibration,2004,2004-02-13,,exper2_10
,0.47371048,Calibration,2004,2004-02-14,,exper2_10
,0.28052872,Calibration,2004,2004-02-15,,exper2_10
,0.4038929,Calibration,2004,2004-02-16,,exper2_10
,0.2480644,Calibration,2004,2004-02-17,,exper2_10
,0.34214815,Calibration,2004,2004-02-18,,exper2_10
,0.01,Calibration,2004,2004-02-19,,exper2_10
,0.01,Calibration,2004,2004-02-20,,exper2_10
,0.19637026,Calibration,2004,2004-02-21,,exper2_10
,0.059377775,Calibration,2004,2004-02-22,,exper2_10
,0.01,Calibration,2004,2004-02-23,,exper2_10
,0.01,Calibration,2004,2004-02-24,,exper2_10
,0.13713256,Calibration,2004,2004-02-25,,exper2_10
,0.011898935,Calibration,2004,2004-02-26,,exper2_10
,0.13432024,Calibration,2004,2004-02-27,,exper2_10
,0.38295567,Calibration,2004,2004-02-28,,exper2_10
,0.12081577,Calibration,2004,2004-02-29,,exper2_10
,0.042614773,Calibration,2004,2004-03-01,,exper2_10
,0.01,Calibration,2004,2004-03-02,,exper2_10
,0.01,Calibration,2004,2004-03-03,,exper2_10
,0.01,Calibration,2004,2004-03-04,,exper2_10
,0.01,Calibration,2004,2004-03-05,,exper2_10
,0.40676552,Calibration,2004,2004-03-06,,exper2_10
,0.01,Calibration,2004,2004-03-07,,exper2_10
,0.2100012,Calibration,2004,2004-03-08,,exper2_10
,0.051854372,Calibration,2004,2004-03-09,,exper2_10
,0.25669736,Calibration,2004,2004-03-10,,exper2_10
,0.46640468,Calibration,2004,2004-03-11,,exper2_10
0.05800000000004957,0.049929276,Calibration,2004,2004-03-12,-0.0747778932860869,exper2_10
0.07600000000002183,0.23577908,Calibration,2004,2004-03-13,0.5124753028555697,exper2_10
0.12599999999997635,0.32486075,Calibration,2004,2004-03-14,0.4410691126039759,exper2_10
0.1230000000000473,0.01,Calibration,2004,2004-03-15,-1.0,exper2_10
0.10500000000001819,0.01,Calibration,2004,2004-03-16,-1.0,exper2_10
0.08300000000002683,0.54892445,Calibration,2004,2004-03-17,0.737310368315435,exper2_10
0.06900000000001683,0.01,Calibration,2004,2004-03-18,-1.0,exper2_10
0.03200000000003911,0.55613756,Calibration,2004,2004-03-19,0.8911819204262202,exper2_10
0.005999999999971806,0.29248244,Calibration,2004,2004-03-20,0.9597966293337475,exper2_10
,0.14744054,Calibration,2004,2004-03-21,,exper2_10
,0.04406455,Calibration,2004,2004-03-22,,exper2_10
,0.01,Calibration,2004,2004-03-23,,exper2_10
,0.34747034,Calibration,2004,2004-03-24,,exper2_10
,0.01,Calibration,2004,2004-03-25,,exper2_10
,0.18188757,Calibration,2004,2004-03-26,,exper2_10
,0.6854949,Calibration,2004,2004-03-27,,exper2_10
,0.16781566,Calibration,2004,2004-03-28,,exper2_10
,0.37757373,Calibration,2004,2004-03-29,,exper2_10
0.07900000000000773,0.6330787,Calibration,2004,2004-03-30,0.7781144117144709,exper2_10
0.19200000000000728,0.42593783,Calibration,2004,2004-03-31,0.37857826388637583,exper2_10
0.20100000000002183,0.25161985,Calibration,2004,2004-04-01,0.11183744176837328,exper2_10
0.21800000000001774,0.09237157,Calibration,2004,2004-04-02,-0.4047678487171957,exper2_10
0.043000000000006366,0.020411193,Calibration,2004,2004-04-03,-0.3562274328617201,exper2_10
0.17200000000002547,0.1472007,Calibration,2004,2004-04-04,-0.07769186000468532,exper2_10
0.21600000000000819,0.19368899,Calibration,2004,2004-04-05,-0.0544584109667666,exper2_10
0.2960000000000491,0.015186816,Calibration,2004,2004-04-06,-0.9023942169080965,exper2_10
0.17899999999997362,0.23749146,Calibration,2004,2004-04-07,0.14043855507483244,exper2_10
0.038000000000010914,0.28759092,Calibration,2004,2004-04-08,0.7665782578209754,exper2_10
0.18300000000004957,0.44327182,Calibration,2004,2004-04-09,0.41558922055899117,exper2_10
0.09800000000001319,0.7717942,Calibration,2004,2004-04-10,0.7746593389416191,exper2_10
0.15399999999999636,0.70009816,Calibration,2004,2004-04-11,0.6393857105283605,exper2_10
0.242999999999995,0.70979667,Calibration,2004,2004-04-12,0.4899226489952705,exper2_10
0.38700000000000045,0.8905418,Calibration,2004,2004-04-13,0.3941489782191355,exper2_10
0.18500000000000227,0.5771102,Calibration,2004,2004-04-14,0.51450588914186,exper2_10
0.4740000000000464,0.6289036,Calibration,2004,2004-04-15,0.14045073707968728,exper2_10
0.49600000000003774,1.784725,Calibration,2004,2004-04-16,0.5650505775997791,exper2_10
0.6899999999999977,2.427521,Calibration,2004,2004-04-17,0.5573405907251139,exper2_10
4.274000000000001,3.024992,Calibration,2004,2004-04-18,-0.17112061675411577,exper2_10
4.2070000000000505,3.4299972,Calibration,2004,2004-04-19,-0.10174192465101053,exper2_10
4.205000000000041,3.8282473,Calibration,2004,2004-04-20,-0.04689917747950813,exper2_10
4.359000000000037,4.1427865,Calibration,2004,2004-04-21,-0.025431536899888446,exper2_10
4.773000000000025,4.0388455,Calibration,2004,2004-04-22,-0.08331449497724285,exper2_10
4.925000000000011,4.3902574,Calibration,2004,2004-04-23,-0.05740503143030326,exper2_10
5.007000000000005,4.9986606,Calibration,2004,2004-04-24,-0.0008334717656773536,exper2_10
4.9360000000000355,5.0121355,Calibration,2004,2004-04-25,0.0076532437292185975,exper2_10
5.016999999999996,5.290493,Calibration,2004,2004-04-26,0.02653341711414725,exper2_10
5.178999999999974,5.619371,Calibration,2004,2004-04-27,0.040781238198103184,exper2_10
5.41900000000004,5.5317197,Calibration,2004,2004-04-28,0.010293358596266443,exper2_10
5.923000000000002,6.6016603,Calibration,2004,2004-04-29,0.05418592105361003,exper2_10
6.4500000000000455,7.0038123,Calibration,2004,2004-04-30,0.04116396900686423,exper2_10
6.625999999999976,7.3150115,Calibration,2004,2004-05-01,0.04942335075524646,exper2_10
6.656000000000006,6.9847627,Calibration,2004,2004-05-02,0.024101487328576424,exper2_10
6.944000000000017,6.982093,Calibration,2004,2004-05-03,0.002735358564027414,exper2_10
7.073000000000036,6.760961,Calibration,2004,2004-05-04,-0.022556008578222517,exper2_10
7.302999999999997,7.3438315,Calibration,2004,2004-05-05,0.0027877387027292694,exper2_10
7.7830000000000155,7.9559555,Calibration,2004,2004-05-06,0.01098900783549805,exper2_10
8.052999999999997,8.4327135,Calibration,2004,2004-05-07,0.0230328828902516,exper2_10
8.363,8.925207,Calibration,2004,2004-05-08,0.032519690073806146,exper2_10
8.463000000000022,8.792642,Calibration,2004,2004-05-09,0.019103412471829707,exper2_10
9.853000000000009,10.210694,Calibration,2004,2004-05-10,0.017827938736918715,exper2_10
10.202999999999975,10.921182,Calibration,2004,2004-05-11,0.03399808284614931,exper2_10
11.003000000000043,12.3897505,Calibration,2004,2004-05-12,0.05928120687641206,exper2_10
11.413000000000011,11.718313,Calibration,2004,2004-05-13,0.01319913029998388,exper2_10
10.742999999999995,10.302331,Calibration,2004,2004-05-14,-0.02093904010576053,exper2_10
11.323000000000036,10.638724,Calibration,2004,2004-05-15,-0.031157647856851236,exper2_10
11.223000000000013,11.519961,Calibration,2004,2004-05-16,0.013057286272166183,exper2_10
11.40300000000002,11.189288,Calibration,2004,2004-05-17,-0.00945950491329784,exper2_10
12.802999999999997,12.479026,Calibration,2004,2004-05-18,-0.012814406617622153,exper2_10
12.593000000000018,13.729336,Calibration,2004,2004-05-19,0.043170020859753466,exper2_10
13.293000000000006,13.465486,Calibration,2004,2004-05-20,0.006446014007241511,exper2_10
13.012999999999977,13.108668,Calibration,2004,2004-05-21,0.003662412604460905,exper2_10
12.742999999999995,12.699117,Calibration,2004,2004-05-22,-0.0017248287026385113,exper2_10
12.383000000000038,11.656381,Calibration,2004,2004-05-23,-0.030226209114771186,exper2_10
11.952999999999975,11.9424305,Calibration,2004,2004-05-24,-0.0004423232209952469,exper2_10
11.873000000000047,11.517104,Calibration,2004,2004-05-25,-0.01521565910396231,exper2_10
12.523000000000025,12.190166,Calibration,2004,2004-05-26,-0.01346786244367957,exper2_10
12.593000000000018,12.511719,Calibration,2004,2004-05-27,-0.003237688133830126,exper2_10
13.452999999999975,13.189763,Calibration,2004,2004-05-28,-0.009880241406039459,exper2_10
12.973000000000013,13.090093,Calibration,2004,2004-05-29,0.004492661731613427,exper2_10
12.543000000000006,13.028488,Calibration,2004,2004-05-30,0.01898552622974349,exper2_10
12.733000000000004,12.497342,Calibration,2004,2004-05-31,-0.009340257428749369,exper2_10
13.113,13.338718,Calibration,2004,2004-06-01,0.008533223088620184,exper2_10
13.593000000000018,14.1584,Calibration,2004,2004-06-02,0.020373732151431352,exper2_10
14.643000000000029,14.8241205,Calibration,2004,2004-06-03,0.00614652936356477,exper2_10
15.753000000000043,15.578746,Calibration,2004,2004-06-04,-0.005561584691095854,exper2_10
14.963000000000022,15.603955,Calibration,2004,2004-06-05,0.02096889478268759,exper2_10
16.773000000000025,16.489971,Calibration,2004,2004-06-06,-0.008508826158143802,exper2_10
16.753000000000043,17.67354,Calibration,2004,2004-06-07,0.026739257336690116,exper2_10
18.473000000000013,18.117481,Calibration,2004,2004-06-08,-0.009716154484534636,exper2_10
18.253000000000043,17.601599,Calibration,2004,2004-06-09,-0.018167858050971156,exper2_10
17.762999999999977,17.154776,Calibration,2004,2004-06-10,-0.017418760780207213,exper2_10
17.262999999999977,16.689363,Calibration,2004,2004-06-11,-0.016895333979625404,exper2_10
17.633000000000038,16.98949,Calibration,2004,2004-06-12,-0.01858645872973636,exper2_10
,17.91988,Calibration,2004,2004-06-13,,exper2_10
18.702999999999975,18.20342,Calibration,2004,2004-06-14,-0.013536380724861043,exper2_10
19.473000000000013,18.511427,Calibration,2004,2004-06-15,-0.02531492909509378,exper2_10
19.64300000000003,18.637384,Calibration,2004,2004-06-16,-0.02626973581126643,exper2_10
20.202999999999975,19.029413,Calibration,2004,2004-06-17,-0.029913703499569164,exper2_10
20.16300000000001,19.07842,Calibration,2004,2004-06-18,-0.027638636504483866,exper2_10
19.39300000000003,18.74576,Calibration,2004,2004-06-19,-0.016970662827577428,exper2_10
19.343000000000018,18.676432,Calibration,2004,2004-06-20,-0.017532306904253052,exper2_10
19.283000000000015,18.925272,Calibration,2004,2004-06-21,-0.009362580233885549,exper2_10
18.983000000000004,18.886309,Calibration,2004,2004-06-22,-0.002553290074517396,exper2_10
18.952999999999975,18.912031,Calibration,2004,2004-06-23,-0.0010819699607792514,exper2_10
18.302999999999997,18.44201,Calibration,2004,2004-06-24,0.0037831225570297902,exper2_10
,18.023273,Calibration,2004,2004-06-25,,exper2_10
,17.711418,Calibration,2004,2004-06-26,,exper2_10
,17.670258,Calibration,2004,2004-06-27,,exper2_10
,17.956072,Calibration,2004,2004-06-28,,exper2_10
,18.70095,Calibration,2004,2004-06-29,,exper2_10
19.65300000000002,19.39977,Calibration,2004,2004-06-30,-0.006484284175712722,exper2_10
20.463000000000022,20.134947,Calibration,2004,2004-07-01,-0.008080536149012392,exper2_10
20.633000000000038,20.186777,Calibration,2004,2004-07-02,-0.010931536541127801,exper2_10
20.843000000000018,20.607214,Calibration,2004,2004-07-03,-0.005688415170761206,exper2_10
20.552999999999997,20.526028,Calibration,2004,2004-07-04,-0.0006565958855480726,exper2_10
20.123000000000047,19.61208,Calibration,2004,2004-07-05,-0.012858169268066828,exper2_10
19.523000000000025,19.405798,Calibration,2004,2004-07-06,-0.00301067712779941,exper2_10
,18.503325,Calibration,2004,2004-07-07,,exper2_10
,18.280603,Calibration,2004,2004-07-08,,exper2_10
,18.664858,Calibration,2004,2004-07-09,,exper2_10
20.439999999999998,19.834558,Calibration,2004,2004-07-10,-0.015032852892921797,exper2_10
,20.128271,Calibration,2004,2004-07-11,,exper2_10
,21.063595,Calibration,2004,2004-07-12,,exper2_10
21.620000000000005,21.317488,Calibration,2004,2004-07-13,-0.007045411816390901,exper2_10
,21.034996,Calibration,2004,2004-07-14,,exper2_10
,21.357458,Calibration,2004,2004-07-15,,exper2_10
21.79000000000002,21.600306,Calibration,2004,2004-07-16,-0.004371816245883613,exper2_10
,21.533386,Calibration,2004,2004-07-17,,exper2_10
,22.24194,Calibration,2004,2004-07-18,,exper2_10
,22.304613,Calibration,2004,2004-07-19,,exper2_10
,23.122576,Calibration,2004,2004-07-20,,exper2_10
23.49000000000001,23.136686,Calibration,2004,2004-07-21,-0.00757749912707767,exper2_10
,22.603899,Calibration,2004,2004-07-22,,exper2_10
,22.263483,Calibration,2004,2004-07-23,,exper2_10
,21.665533,Calibration,2004,2004-07-24,,exper2_10
,21.615927,Calibration,2004,2004-07-25,,exper2_10
,21.94496,Calibration,2004,2004-07-26,,exper2_10
,22.294107,Calibration,2004,2004-07-27,,exper2_10
22.629999999999995,22.305758,Calibration,2004,2004-07-28,-0.007215689582044671,exper2_10
,22.237165,Calibration,2004,2004-07-29,,exper2_10
,22.407896,Calibration,2004,2004-07-30,,exper2_10
22.350000000000023,22.118263,Calibration,2004,2004-07-31,-0.0052112841487936155,exper2_10
22.760000000000048,22.561268,Calibration,2004,2004-08-01,-0.004384964424701993,exper2_10
23.439999999999998,22.843334,Calibration,2004,2004-08-02,-0.012891590727872826,exper2_10
23.439999999999998,22.95793,Calibration,2004,2004-08-03,-0.010389911636865649,exper2_10
,22.524576,Calibration,2004,2004-08-04,,exper2_10
,21.998997,Calibration,2004,2004-08-05,,exper2_10
22.370000000000005,22.019424,Calibration,2004,2004-08-06,-0.007897727126634347,exper2_10
,21.86762,Calibration,2004,2004-08-07,,exper2_10
,21.376879,Calibration,2004,2004-08-08,,exper2_10
,21.61888,Calibration,2004,2004-08-09,,exper2_10
21.060000000000002,21.229877,Calibration,2004,2004-08-10,0.004016977160470781,exper2_10
,19.694864,Calibration,2004,2004-08-11,,exper2_10
,19.064558,Calibration,2004,2004-08-12,,exper2_10
,19.058622,Calibration,2004,2004-08-13,,exper2_10
,19.05805,Calibration,2004,2004-08-14,,exper2_10
,19.052057,Calibration,2004,2004-08-15,,exper2_10
,18.743574,Calibration,2004,2004-08-16,,exper2_10
,18.87171,Calibration,2004,2004-08-17,,exper2_10
19.210000000000036,19.178816,Calibration,2004,2004-08-18,-0.0008123240491148001,exper2_10
,18.864159,Calibration,2004,2004-08-19,,exper2_10
,18.767946,Calibration,2004,2004-08-20,,exper2_10
,18.635973,Calibration,2004,2004-08-21,,exper2_10
,18.797235,Calibration,2004,2004-08-22,,exper2_10
,18.846178,Calibration,2004,2004-08-23,,exper2_10
,18.800766,Calibration,2004,2004-08-24,,exper2_10
,19.08692,Calibration,2004,2004-08-25,,exper2_10
19.170000000000016,19.542051,Calibration,2004,2004-08-26,0.009610736260841947,exper2_10
,19.876635,Calibration,2004,2004-08-27,,exper2_10
,19.301222,Calibration,2004,2004-08-28,,exper2_10
,18.946226,Calibration,2004,2004-08-29,,exper2_10
,18.817823,Calibration,2004,2004-08-30,,exper2_10
,19.028873,Calibration,2004,2004-08-31,,exper2_10
,19.0388,Calibration,2004,2004-09-01,,exper2_10
,19.567858,Calibration,2004,2004-09-02,,exper2_10
,20.149656,Calibration,2004,2004-09-03,,exper2_10
,20.380836,Calibration,2004,2004-09-04,,exper2_10
,20.308777,Calibration,2004,2004-09-05,,exper2_10
,20.296843,Calibration,2004,2004-09-06,,exper2_10
,19.941326,Calibration,2004,2004-09-07,,exper2_10
,19.36859,Calibration,2004,2004-09-08,,exper2_10
19.29000000000002,19.465559,Calibration,2004,2004-09-09,0.004529905134674865,exper2_10
19.100000000000023,19.465994,Calibration,2004,2004-09-10,0.00949006739856725,exper2_10
19.310000000000002,19.491323,Calibration,2004,2004-09-11,0.004673125936143139,exper2_10
,19.843307,Calibration,2004,2004-09-12,,exper2_10
19.399999999999977,20.03554,Calibration,2004,2004-09-13,0.016115910498125326,exper2_10
,19.83767,Calibration,2004,2004-09-14,,exper2_10
,19.399994,Calibration,2004,2004-09-15,,exper2_10
,18.933273,Calibration,2004,2004-09-16,,exper2_10
,18.628277,Calibration,2004,2004-09-17,,exper2_10
,18.590702,Calibration,2004,2004-09-18,,exper2_10
,18.711823,Calibration,2004,2004-09-19,,exper2_10
,18.822182,Calibration,2004,2004-09-20,,exper2_10
,18.975626,Calibration,2004,2004-09-21,,exper2_10
18.879999999999995,19.219183,Calibration,2004,2004-09-22,0.00890263102028445,exper2_10
,19.223969,Calibration,2004,2004-09-23,,exper2_10
,18.868555,Calibration,2004,2004-09-24,,exper2_10
,18.710659,Calibration,2004,2004-09-25,,exper2_10
,18.57357,Calibration,2004,2004-09-26,,exper2_10
,18.340147,Calibration,2004,2004-09-27,,exper2_10
,17.705885,Calibration,2004,2004-09-28,,exper2_10
,17.475044,Calibration,2004,2004-09-29,,exper2_10
,17.104689,Calibration,2004,2004-09-30,,exper2_10
,16.759218,Calibration,2004,2004-10-01,,exper2_10
,16.092232,Calibration,2004,2004-10-02,,exper2_10
,15.808081,Calibration,2004,2004-10-03,,exper2_10
,15.06038,Calibration,2004,2004-10-04,,exper2_10
14.420000000000016,14.670437,Calibration,2004,2004-10-05,0.008608906780725659,exper2_10
,14.941937,Calibration,2004,2004-10-06,,exper2_10
,14.927496,Calibration,2004,2004-10-07,,exper2_10
,15.037357,Calibration,2004,2004-10-08,,exper2_10
,14.505786,Calibration,2004,2004-10-09,,exper2_10
,14.316256,Calibration,2004,2004-10-10,,exper2_10
,13.964291,Calibration,2004,2004-10-11,,exper2_10
14.04000000000002,13.865164,Calibration,2004,2004-10-12,-0.00626537074403441,exper2_10
,13.574664,Calibration,2004,2004-10-13,,exper2_10
13.120000000000005,8.9624195,Calibration,2004,2004-10-14,-0.1882755867512931,exper2_10
12.770000000000039,10.3471,Calibration,2004,2004-10-15,-0.1048098470439118,exper2_10
12.180000000000007,10.353387,Calibration,2004,2004-10-16,-0.08106251984417336,exper2_10
11.580000000000041,10.226632,Calibration,2004,2004-10-17,-0.06206221457938252,exper2_10
11.310000000000002,10.347985,Calibration,2004,2004-10-18,-0.04441847754870631,exper2_10
11.060000000000002,9.970683,Calibration,2004,2004-10-19,-0.05179655349723569,exper2_10
11.07000000000005,10.777603,Calibration,2004,2004-10-20,-0.013383475001184683,exper2_10
10.899999999999977,10.872275,Calibration,2004,2004-10-21,-0.0012733922878113172,exper2_10
10.75,10.55803,Calibration,2004,2004-10-22,-0.009009273516298485,exper2_10
,10.857261,Calibration,2004,2004-10-23,,exper2_10
10.710000000000036,10.703528,Calibration,2004,2004-10-24,-0.0003022199631012874,exper2_10
,11.128602,Calibration,2004,2004-10-25,,exper2_10
,10.646574,Calibration,2004,2004-10-26,,exper2_10
,10.232787,Calibration,2004,2004-10-27,,exper2_10
,10.089901,Calibration,2004,2004-10-28,,exper2_10
,10.362291,Calibration,2004,2004-10-29,,exper2_10
,10.423078,Calibration,2004,2004-10-30,,exper2_10
10.060000000000002,9.935168,Calibration,2004,2004-10-31,-0.0062430949337911,exper2_10
9.890000000000043,9.929659,Calibration,2004,2004-11-01,0.002000987503923875,exper2_10
9.740000000000009,9.757057,Calibration,2004,2004-11-02,0.0008748597173011836,exper2_10
9.560000000000002,9.590203,Calibration,2004,2004-11-03,0.0015771783081069356,exper2_10
,9.608411,Calibration,2004,2004-11-04,,exper2_10
,9.532405,Calibration,2004,2004-11-05,,exper2_10
8.970000000000027,9.477804,Calibration,2004,2004-11-06,0.02752653805819663,exper2_10
8.670000000000016,9.329458,Calibration,2004,2004-11-07,0.036637671424461234,exper2_10
8.360000000000014,8.863012,Calibration,2004,2004-11-08,0.029205826755315606,exper2_10
8.120000000000005,8.368539,Calibration,2004,2004-11-09,0.015073431228157009,exper2_10
,8.163077,Calibration,2004,2004-11-10,,exper2_10
7.720000000000027,7.8753457,Calibration,2004,2004-11-11,0.00996103003157815,exper2_10
7.529999999999973,7.6374035,Calibration,2004,2004-11-12,0.0070812046533247726,exper2_10
7.270000000000039,7.351726,Calibration,2004,2004-11-13,0.005589357565378958,exper2_10
7.089999999999975,7.093185,Calibration,2004,2004-11-14,0.00022455802270354805,exper2_10
6.966000000000008,7.0434284,Calibration,2004,2004-11-15,0.005526879376771844,exper2_10
6.899999999999977,7.043876,Calibration,2004,2004-11-16,0.010318233563358517,exper2_10
7.140000000000043,7.101872,Calibration,2004,2004-11-17,-0.002677178447599517,exper2_10
7.0400000000000205,7.0385156,Calibration,2004,2004-11-18,-0.00010543954107468235,exper2_10
6.879000000000019,6.9344363,Calibration,2004,2004-11-19,0.004013217274054436,exper2_10
6.77800000000002,6.951095,Calibration,2004,2004-11-20,0.012607903354412253,exper2_10
6.557000000000016,6.870359,Calibration,2004,2004-11-21,0.023337347668108258,exper2_10
6.350000000000023,6.75423,Calibration,2004,2004-11-22,0.030847292953380605,exper2_10
6.161999999999978,6.464205,Calibration,2004,2004-11-23,0.023934728865657933,exper2_10
5.842000000000041,6.182407,Calibration,2004,2004-11-24,0.028309662595308798,exper2_10
5.5120000000000005,6.002311,Calibration,2004,2004-11-25,0.042582766778168586,exper2_10
5.372000000000014,5.5825596,Calibration,2004,2004-11-26,0.019221182186877836,exper2_10
5.197000000000003,5.4692626,Calibration,2004,2004-11-27,0.02552558568607412,exper2_10
4.895000000000039,5.0828385,Calibration,2004,2004-11-28,0.018825573759696488,exper2_10
4.779999999999973,4.745117,Calibration,2004,2004-11-29,-0.003662192476303622,exper2_10
4.5049999999999955,4.44918,Calibration,2004,2004-11-30,-0.006233945824536379,exper2_10
4.222000000000037,4.1827435,Calibration,2004,2004-12-01,-0.004670749371783412,exper2_10
,4.086863,Calibration,2004,2004-12-02,,exper2_10
3.622000000000014,3.6373348,Calibration,2004,2004-12-03,0.0021124282018943753,exper2_10
3.5860000000000127,3.7173884,Calibration,2004,2004-12-04,0.017990059469895913,exper2_10
3.122000000000014,3.3228395,Calibration,2004,2004-12-05,0.031162839441697055,exper2_10
2.9879999999999995,2.9904726,Calibration,2004,2004-12-06,0.0004135764006123346,exper2_10
3.031000000000006,3.4977608,Calibration,2004,2004-12-07,0.07149301206692515,exper2_10
2.9260000000000446,3.1171083,Calibration,2004,2004-12-08,0.031624179829376965,exper2_10
2.9540000000000077,2.9972074,Calibration,2004,2004-12-09,0.007260275143471941,exper2_10
2.9010000000000105,2.9772618,Calibration,2004,2004-12-10,0.012973525937549609,exper2_10
2.6480000000000246,2.6827245,Calibration,2004,2004-12-11,0.006514025629689864,exper2_10
2.5529999999999973,2.5899537,Calibration,2004,2004-12-12,0.0071852992270661446,exper2_10
2.149000000000001,2.155819,Calibration,2004,2004-12-13,0.001584024625722459,exper2_10
1.3389999999999986,1.5264019,Calibration,2004,2004-12-14,0.06540160348226327,exper2_10
1.2019999999999982,1.1664482,Calibration,2004,2004-12-15,-0.015010572726549928,exper2_10
1.1619999999999777,1.3810089,Calibration,2004,2004-12-16,0.08612194263140631,exper2_10
0.7440000000000282,0.7766743,Calibration,2004,2004-12-17,0.02148669919713964,exper2_10
0.5049999999999955,0.77967954,Calibration,2004,2004-12-18,0.21381171642190291,exper2_10
0.45100000000002183,0.23489082,Calibration,2004,2004-12-19,-0.3150781079801217,exper2_10
0.22900000000004184,0.23703495,Calibration,2004,2004-12-20,0.01724108189153113,exper2_10
0.20000000000004547,0.4985547,Calibration,2004,2004-12-21,0.4273891561591163,exper2_10
0.1290000000000191,0.01,Calibration,2004,2004-12-22,-1.0,exper2_10
0.10300000000000864,0.01,Calibration,2004,2004-12-23,-1.0,exper2_10
0.08999999999997499,0.01,Calibration,2004,2004-12-24,-1.0,exper2_10
0.1290000000000191,0.01,Calibration,2004,2004-12-25,-1.0,exper2_10
0.08999999999997499,0.01,Calibration,2004,2004-12-26,-1.0,exper2_10
0.05700000000001637,0.01,Calibration,2004,2004-12-27,-1.0,exper2_10
0.053999999999973625,0.26540253,Calibration,2004,2004-12-28,0.6618686725295988,exper2_10
0.05600000000004002,0.01,Calibration,2004,2004-12-29,-1.0,exper2_10
0.15900000000004866,0.23055623,Calibration,2004,2004-12-30,0.18368653442095972,exper2_10
0.22900000000004184,0.37340352,Calibration,2004,2004-12-31,0.2397122771422443,exper2_10
0.12599999999997635,0.00061258674,Calibration,2005,2005-01-01,-0.9903234464681903,exper2_10
0.07400000000001228,0.01,Calibration,2005,2005-01-02,-1.0,exper2_10
0.049000000000035016,0.2207543,Calibration,2005,2005-01-03,0.6367064339546181,exper2_10
0.027000000000043656,0.005568266,Calibration,2005,2005-01-04,-0.6580557325676257,exper2_10
,0.01,Calibration,2005,2005-01-05,,exper2_10
,0.01,Calibration,2005,2005-01-06,,exper2_10
,0.14892791,Calibration,2005,2005-01-07,,exper2_10
,0.01,Calibration,2005,2005-01-08,,exper2_10
,0.01,Calibration,2005,2005-01-09,,exper2_10
,0.01,Calibration,2005,2005-01-10,,exper2_10
,0.01,Calibration,2005,2005-01-11,,exper2_10
,0.01,Calibration,2005,2005-01-12,,exper2_10
,0.01,Calibration,2005,2005-01-13,,exper2_10
,0.01,Calibration,2005,2005-01-14,,exper2_10
,0.02346529,Calibration,2005,2005-01-15,,exper2_10
,0.01,Calibration,2005,2005-01-16,,exper2_10
,0.018790424,Calibration,2005,2005-01-17,,exper2_10
,0.056124046,Calibration,2005,2005-01-18,,exper2_10
,0.07717307,Calibration,2005,2005-01-19,,exper2_10
,0.01,Calibration,2005,2005-01-20,,exper2_10
,0.01,Calibration,2005,2005-01-21,,exper2_10
,0.01,Calibration,2005,2005-01-22,,exper2_10
,0.14227475,Calibration,2005,2005-01-23,,exper2_10
,0.17737901,Calibration,2005,2005-01-24,,exper2_10
,0.01,Calibration,2005,2005-01-25,,exper2_10
,0.3200054,Calibration,2005,2005-01-26,,exper2_10
,0.23589817,Calibration,2005,2005-01-27,,exper2_10
,0.22784358,Calibration,2005,2005-01-28,,exper2_10
,0.01,Calibration,2005,2005-01-29,,exper2_10
,0.01,Calibration,2005,2005-01-30,,exper2_10
,0.01,Calibration,2005,2005-01-31,,exper2_10
,0.01,Calibration,2005,2005-02-01,,exper2_10
,0.01,Calibration,2005,2005-02-02,,exper2_10
,0.01,Calibration,2005,2005-02-03,,exper2_10
,0.01,Calibration,2005,2005-02-04,,exper2_10
,0.01,Calibration,2005,2005-02-05,,exper2_10
,0.01,Calibration,2005,2005-02-06,,exper2_10
,0.01,Calibration,2005,2005-02-07,,exper2_10
,0.01,Calibration,2005,2005-02-08,,exper2_10
,0.01,Calibration,2005,2005-02-09,,exper2_10
,0.01,Calibration,2005,2005-02-10,,exper2_10
,0.080545835,Calibration,2005,2005-02-11,,exper2_10
,0.01,Calibration,2005,2005-02-12,,exper2_10
,0.43906265,Calibration,2005,2005-02-13,,exper2_10
,0.01,Calibration,2005,2005-02-14,,exper2_10
,0.023909941,Calibration,2005,2005-02-15,,exper2_10
,0.3287632,Calibration,2005,2005-02-16,,exper2_10
,0.013956249,Calibration,2005,2005-02-17,,exper2_10
,0.12428024,Calibration,2005,2005-02-18,,exper2_10
,0.01,Calibration,2005,2005-02-19,,exper2_10
,0.05357091,Calibration,2005,2005-02-20,,exper2_10
,0.2950985,Calibration,2005,2005-02-21,,exper2_10
,0.41008168,Calibration,2005,2005-02-22,,exper2_10
,0.2716956,Calibration,2005,2005-02-23,,exper2_10
,0.01,Calibration,2005,2005-02-24,,exper2_10
,0.13287055,Calibration,2005,2005-02-25,,exper2_10
,0.01,Calibration,2005,2005-02-26,,exper2_10
,0.27521643,Calibration,2005,2005-02-27,,exper2_10
,0.4272064,Calibration,2005,2005-02-28,,exper2_10
,0.01,Calibration,2005,2005-03-01,,exper2_10
,0.01,Calibration,2005,2005-03-02,,exper2_10
,0.01,Calibration,2005,2005-03-03,,exper2_10
,0.09418145,Calibration,2005,2005-03-04,,exper2_10
,0.01,Calibration,2005,2005-03-05,,exper2_10
,0.01,Calibration,2005,2005-03-06,,exper2_10
,0.12982224,Calibration,2005,2005-03-07,,exper2_10
,0.204073,Calibration,2005,2005-03-08,,exper2_10
,0.027065322,Calibration,2005,2005-03-09,,exper2_10
,0.12811661,Calibration,2005,2005-03-10,,exper2_10
,0.04283546,Calibration,2005,2005-03-11,,exper2_10
,0.01,Calibration,2005,2005-03-12,,exper2_10
,0.01,Calibration,2005,2005-03-13,,exper2_10
,0.01,Calibration,2005,2005-03-14,,exper2_10
,0.15586156,Calibration,2005,2005-03-15,,exper2_10
,0.01,Calibration,2005,2005-03-16,,exper2_10
,0.01,Calibration,2005,2005-03-17,,exper2_10
,0.01,Calibration,2005,2005-03-18,,exper2_10
,0.523387,Calibration,2005,2005-03-19,,exper2_10
,0.01,Calibration,2005,2005-03-20,,exper2_10
,0.01,Calibration,2005,2005-03-21,,exper2_10
,0.01,Calibration,2005,2005-03-22,,exper2_10
,0.01,Calibration,2005,2005-03-23,,exper2_10
,0.01,Calibration,2005,2005-03-24,,exper2_10
,0.01,Calibration,2005,2005-03-25,,exper2_10
,0.01,Calibration,2005,2005-03-26,,exper2_10
,0.01,Calibration,2005,2005-03-27,,exper2_10
,0.01,Calibration,2005,2005-03-28,,exper2_10
,0.01,Calibration,2005,2005-03-29,,exper2_10
0.05299999999999727,0.01,Calibration,2005,2005-03-30,-1.0,exper2_10
0.049000000000035016,0.052000612,Calibration,2005,2005-03-31,0.029708849881500597,exper2_10
0.06800000000004047,0.21598804,Calibration,2005,2005-04-01,0.521106593030334,exper2_10
,0.33677554,Calibration,2005,2005-04-02,,exper2_10
0.19400000000001683,0.26208785,Calibration,2005,2005-04-03,0.14928670320771295,exper2_10
0.1490000000000009,0.01,Calibration,2005,2005-04-04,-1.0,exper2_10
0.22000000000002728,0.01,Calibration,2005,2005-04-05,-1.0,exper2_10
0.07000000000005002,0.17549215,Calibration,2005,2005-04-06,0.42971700507129373,exper2_10
0.6200000000000045,0.358994,Calibration,2005,2005-04-07,-0.26660632342351215,exper2_10
0.6630000000000109,0.20855321,Calibration,2005,2005-04-08,-0.5214217387264801,exper2_10
0.4420000000000073,0.42791378,Calibration,2005,2005-04-09,-0.01619265640162784,exper2_10
,1.5333052,Calibration,2005,2005-04-10,,exper2_10
5.225000000000023,2.5291693,Calibration,2005,2005-04-11,-0.3476620856882771,exper2_10
4.015000000000043,3.226088,Calibration,2005,2005-04-12,-0.10894936615171984,exper2_10
1.0779999999999745,3.962547,Calibration,2005,2005-04-13,0.5722686500693415,exper2_10
,4.5811105,Calibration,2005,2005-04-14,,exper2_10
4.4950000000000045,4.979686,Calibration,2005,2005-04-15,0.0511558688559485,exper2_10
4.930000000000007,5.150209,Calibration,2005,2005-04-16,0.021845673153609014,exper2_10
6.132000000000005,5.9036765,Calibration,2005,2005-04-17,-0.018970557239207205,exper2_10
,6.5858808,Calibration,2005,2005-04-18,,exper2_10
7.6299999999999955,8.143516,Calibration,2005,2005-04-19,0.03255555706814269,exper2_10
8.050000000000011,8.004099,Calibration,2005,2005-04-20,-0.002859151927260433,exper2_10
8.629999999999995,7.935916,Calibration,2005,2005-04-21,-0.04189832033808541,exper2_10
7.960000000000036,7.4306912,Calibration,2005,2005-04-22,-0.03439148700027697,exper2_10
6.762999999999977,7.195663,Calibration,2005,2005-04-23,0.03099601846369923,exper2_10
6.257000000000005,6.4383326,Calibration,2005,2005-04-24,0.014283403514982869,exper2_10
6.471000000000004,6.6084065,Calibration,2005,2005-04-25,0.010505564092090854,exper2_10
6.402000000000044,6.741471,Calibration,2005,2005-04-26,0.025828095071813762,exper2_10
6.358000000000004,6.565946,Calibration,2005,2005-04-27,0.01608998524899912,exper2_10
6.315999999999974,6.5568805,Calibration,2005,2005-04-28,0.01871224350878003,exper2_10
6.396000000000015,6.511418,Calibration,2005,2005-04-29,0.008941979484478698,exper2_10
6.395000000000039,6.430097,Calibration,2005,2005-04-30,0.002736595507750391,exper2_10
6.342000000000041,6.34158,Calibration,2005,2005-05-01,-3.312045257483145e-05,exper2_10
6.1860000000000355,6.365832,Calibration,2005,2005-05-02,0.01432713998085645,exper2_10
6.43300000000005,6.423351,Calibration,2005,2005-05-03,-0.000750538713298913,exper2_10
7.1299999999999955,6.574658,Calibration,2005,2005-05-04,-0.040522141182925416,exper2_10
7.010000000000048,6.8183703,Calibration,2005,2005-05-05,-0.013857718082647493,exper2_10
8.170000000000016,7.926669,Calibration,2005,2005-05-06,-0.015116846683341695,exper2_10
8.779999999999973,8.937011,Calibration,2005,2005-05-07,0.008862147636395614,exper2_10
,9.495412,Calibration,2005,2005-05-08,,exper2_10
9.779999999999973,9.936672,Calibration,2005,2005-05-09,0.007946179204035026,exper2_10
,9.49619,Calibration,2005,2005-05-10,,exper2_10
10.600000000000023,9.018256,Calibration,2005,2005-05-11,-0.08062611668685433,exper2_10
9.680000000000007,8.784172,Calibration,2005,2005-05-12,-0.04851709240335442,exper2_10
9.080000000000041,8.412271,Calibration,2005,2005-05-13,-0.03817282909535178,exper2_10
9.07000000000005,8.653103,Calibration,2005,2005-05-14,-0.023522806823967745,exper2_10
8.890000000000043,8.38417,Calibration,2005,2005-05-15,-0.02928247399376229,exper2_10
,8.28859,Calibration,2005,2005-05-16,,exper2_10
9.439999999999998,8.693334,Calibration,2005,2005-05-17,-0.04117645379581268,exper2_10
,9.031335,Calibration,2005,2005-05-18,,exper2_10
,8.793378,Calibration,2005,2005-05-19,,exper2_10
10.760000000000048,10.39815,Calibration,2005,2005-05-20,-0.017102135506904478,exper2_10
11.240000000000009,10.963532,Calibration,2005,2005-05-21,-0.012451512066147603,exper2_10
,11.592832,Calibration,2005,2005-05-22,,exper2_10
12.379999999999995,11.312533,Calibration,2005,2005-05-23,-0.045054980163626135,exper2_10
,12.530018,Calibration,2005,2005-05-24,,exper2_10
,13.480787,Calibration,2005,2005-05-25,,exper2_10
,13.791372,Calibration,2005,2005-05-26,,exper2_10
14.210000000000036,14.0754385,Calibration,2005,2005-05-27,-0.004757271150382408,exper2_10
14.490000000000009,14.128453,Calibration,2005,2005-05-28,-0.012633343321618157,exper2_10
15.029999999999973,14.910992,Calibration,2005,2005-05-29,-0.003974762513400862,exper2_10
15.580000000000041,15.13295,Calibration,2005,2005-05-30,-0.014555754930282947,exper2_10
16.450000000000045,15.913468,Calibration,2005,2005-05-31,-0.01657831086322513,exper2_10
,16.489847,Calibration,2005,2005-06-01,,exper2_10
,17.225437,Calibration,2005,2005-06-02,,exper2_10
17.899999999999977,17.770435,Calibration,2005,2005-06-03,-0.003632270409305718,exper2_10
,17.4609,Calibration,2005,2005-06-04,,exper2_10
18.58000000000004,18.01664,Calibration,2005,2005-06-05,-0.015393770985524776,exper2_10
,17.69892,Calibration,2005,2005-06-06,,exper2_10
19.170000000000016,18.955599,Calibration,2005,2005-06-07,-0.005623548885688163,exper2_10
19.420000000000016,18.832468,Calibration,2005,2005-06-08,-0.015359321826208675,exper2_10
,19.760962,Calibration,2005,2005-06-09,,exper2_10
,20.996014,Calibration,2005,2005-06-10,,exper2_10
,21.544584,Calibration,2005,2005-06-11,,exper2_10
21.30000000000001,21.867102,Calibration,2005,2005-06-12,0.013137358019907957,exper2_10
,22.438248,Calibration,2005,2005-06-13,,exper2_10
,22.016232,Calibration,2005,2005-06-14,,exper2_10
20.640000000000043,21.010166,Calibration,2005,2005-06-15,0.008887507596436799,exper2_10
20.180000000000007,20.605925,Calibration,2005,2005-06-16,0.01044293124244147,exper2_10
,20.611446,Calibration,2005,2005-06-17,,exper2_10
,21.224558,Calibration,2005,2005-06-18,,exper2_10
20.939999999999998,21.883099,Calibration,2005,2005-06-19,0.02202312847684457,exper2_10
,22.37472,Calibration,2005,2005-06-20,,exper2_10
21.850000000000023,23.07183,Calibration,2005,2005-06-21,0.027199041738185974,exper2_10
22.25,23.35446,Calibration,2005,2005-06-22,0.02421824024061025,exper2_10
22.27000000000004,23.019321,Calibration,2005,2005-06-23,0.016545212376735608,exper2_10
,23.151535,Calibration,2005,2005-06-24,,exper2_10
23.210000000000036,23.263712,Calibration,2005,2005-06-25,0.0011557486392078918,exper2_10
22.839999999999975,22.989607,Calibration,2005,2005-06-26,0.003264415026855073,exper2_10
22.980000000000018,23.539682,Calibration,2005,2005-06-27,0.012031087908853419,exper2_10
23.279999999999973,24.098482,Calibration,2005,2005-06-28,0.01727539792597003,exper2_10
23.029999999999973,23.361452,Calibration,2005,2005-06-29,0.007144680488286491,exper2_10
,22.683754,Calibration,2005,2005-06-30,,exper2_10
21.77000000000004,21.837723,Calibration,2005,2005-07-01,0.001552999652482251,exper2_10
,21.808336,Calibration,2005,2005-07-02,,exper2_10
21.350000000000023,21.74502,Calibration,2005,2005-07-03,0.009166254326363853,exper2_10
21.74000000000001,22.326921,Calibration,2005,2005-07-04,0.01331886693072751,exper2_10
,22.127192,Calibration,2005,2005-07-05,,exper2_10
21.480000000000018,21.787027,Calibration,2005,2005-07-06,0.007096104764979733,exper2_10
21.970000000000027,22.219128,Calibration,2005,2005-07-07,0.00563775906540023,exper2_10
22.170000000000016,22.602602,Calibration,2005,2005-07-08,0.009662203795001875,exper2_10
22.779999999999973,22.716763,Calibration,2005,2005-07-09,-0.0013899331236146533,exper2_10
23.680000000000007,23.484243,Calibration,2005,2005-07-10,-0.004150529998430031,exper2_10
24.25,24.04592,Calibration,2005,2005-07-11,-0.004225627840259365,exper2_10
25.420000000000016,24.643633,Calibration,2005,2005-07-12,-0.015507606348316952,exper2_10
25.75,24.648954,Calibration,2005,2005-07-13,-0.02184659626007344,exper2_10
25.680000000000007,25.186726,Calibration,2005,2005-07-14,-0.00969738817600159,exper2_10
26.02000000000004,25.426825,Calibration,2005,2005-07-15,-0.011529874491947171,exper2_10
26.29000000000002,25.505983,Calibration,2005,2005-07-16,-0.015136630228656654,exper2_10
26.360000000000014,25.486067,Calibration,2005,2005-07-17,-0.01685630628117956,exper2_10
25.860000000000014,25.006628,Calibration,2005,2005-07-18,-0.01677665684638381,exper2_10
25.200000000000045,24.415998,Calibration,2005,2005-07-19,-0.01580138595392316,exper2_10
24.920000000000016,24.495329,Calibration,2005,2005-07-20,-0.00859391420086831,exper2_10
25.120000000000005,24.973402,Calibration,2005,2005-07-21,-0.002926492726853377,exper2_10
,24.632975,Calibration,2005,2005-07-22,,exper2_10
24.680000000000007,24.036936,Calibration,2005,2005-07-23,-0.013200013159340994,exper2_10
24.49000000000001,24.495033,Calibration,2005,2005-07-24,0.00010275106139061737,exper2_10
23.960000000000036,24.514135,Calibration,2005,2005-07-25,0.011431567713259184,exper2_10
,23.77727,Calibration,2005,2005-07-26,,exper2_10
23.390000000000043,22.978506,Calibration,2005,2005-07-27,-0.00887442677061836,exper2_10
,22.720015,Calibration,2005,2005-07-28,,exper2_10
,22.580564,Calibration,2005,2005-07-29,,exper2_10
22.77000000000004,22.415365,Calibration,2005,2005-07-30,-0.00784844338790018,exper2_10
,23.20445,Calibration,2005,2005-07-31,,exper2_10
24.160000000000025,23.551186,Calibration,2005,2005-08-01,-0.012760412140941046,exper2_10
24.54000000000002,24.184526,Calibration,2005,2005-08-02,-0.007295577452782645,exper2_10
24.720000000000027,24.045607,Calibration,2005,2005-08-03,-0.013829283252653422,exper2_10
24.689999999999998,23.863697,Calibration,2005,2005-08-04,-0.01701833224178703,exper2_10
24.420000000000016,23.6141,Calibration,2005,2005-08-05,-0.016777674730709378,exper2_10
,23.757364,Calibration,2005,2005-08-06,,exper2_10
24.370000000000005,23.94195,Calibration,2005,2005-08-07,-0.008860129988929042,exper2_10
24.430000000000007,24.009165,Calibration,2005,2005-08-08,-0.008687911764549954,exper2_10
24.260000000000048,23.886045,Calibration,2005,2005-08-09,-0.007767087421742777,exper2_10
24.220000000000027,24.255657,Calibration,2005,2005-08-10,0.0007355691105061244,exper2_10
,24.035212,Calibration,2005,2005-08-11,,exper2_10
23.710000000000036,23.653698,Calibration,2005,2005-08-12,-0.001188716989736273,exper2_10
23.510000000000048,23.19599,Calibration,2005,2005-08-13,-0.006723128957671697,exper2_10
,22.771425,Calibration,2005,2005-08-14,,exper2_10
,22.515436,Calibration,2005,2005-08-15,,exper2_10
,22.532808,Calibration,2005,2005-08-16,,exper2_10
,22.598465,Calibration,2005,2005-08-17,,exper2_10
22.600000000000023,22.423664,Calibration,2005,2005-08-18,-0.003916516137339237,exper2_10
22.57000000000005,22.605928,Calibration,2005,2005-08-19,0.0007953001139372299,exper2_10
22.640000000000043,22.698599,Calibration,2005,2005-08-20,0.0012924718267771983,exper2_10
,22.039833,Calibration,2005,2005-08-21,,exper2_10
21.55000000000001,21.318684,Calibration,2005,2005-08-22,-0.0053959290600070365,exper2_10
21.649999999999977,21.339262,Calibration,2005,2005-08-23,-0.0072282699635629446,exper2_10
,21.008234,Calibration,2005,2005-08-24,,exper2_10
21.110000000000014,20.905165,Calibration,2005,2005-08-25,-0.004875270220736936,exper2_10
20.970000000000027,20.98478,Calibration,2005,2005-08-26,0.0003522687554628375,exper2_10
21.140000000000043,21.022131,Calibration,2005,2005-08-27,-0.0027956137679105704,exper2_10
21.060000000000002,20.993128,Calibration,2005,2005-08-28,-0.0015901831941178158,exper2_10
,20.673662,Calibration,2005,2005-08-29,,exper2_10
,20.320404,Calibration,2005,2005-08-30,,exper2_10
21.170000000000016,20.484085,Calibration,2005,2005-08-31,-0.016466930329289895,exper2_10
20.850000000000023,20.411285,Calibration,2005,2005-09-01,-0.010632596521223359,exper2_10
,20.10605,Calibration,2005,2005-09-02,,exper2_10
,19.951925,Calibration,2005,2005-09-03,,exper2_10
,19.999802,Calibration,2005,2005-09-04,,exper2_10
20.58000000000004,20.176863,Calibration,2005,2005-09-05,-0.009891273676477085,exper2_10
20.910000000000025,20.276321,Calibration,2005,2005-09-06,-0.015385656381925055,exper2_10
,20.36178,Calibration,2005,2005-09-07,,exper2_10
20.390000000000043,20.398588,Calibration,2005,2005-09-08,0.00021055351325069714,exper2_10
,20.326912,Calibration,2005,2005-09-09,,exper2_10
20.529999999999973,20.606585,Calibration,2005,2005-09-10,0.0018617138440137487,exper2_10
20.850000000000023,20.858305,Calibration,2005,2005-09-11,0.00019912047304406603,exper2_10
21.010000000000048,21.013493,Calibration,2005,2005-09-12,8.311027983853595e-05,exper2_10
21.189999999999998,20.953096,Calibration,2005,2005-09-13,-0.005621409685667855,exper2_10
,20.55161,Calibration,2005,2005-09-14,,exper2_10
,20.525713,Calibration,2005,2005-09-15,,exper2_10
,20.349375,Calibration,2005,2005-09-16,,exper2_10
,20.261467,Calibration,2005,2005-09-17,,exper2_10
,20.317139,Calibration,2005,2005-09-18,,exper2_10
,20.091482,Calibration,2005,2005-09-19,,exper2_10
,20.283484,Calibration,2005,2005-09-20,,exper2_10
,20.54065,Calibration,2005,2005-09-21,,exper2_10
,20.222315,Calibration,2005,2005-09-22,,exper2_10
19.510000000000048,19.5381,Calibration,2005,2005-09-23,0.0007196070859290314,exper2_10
,19.150724,Calibration,2005,2005-09-24,,exper2_10
18.82000000000005,18.779953,Calibration,2005,2005-09-25,-0.0010650810405864633,exper2_10
18.610000000000014,18.624105,Calibration,2005,2005-09-26,0.000378831539509289,exper2_10
18.430000000000007,18.336702,Calibration,2005,2005-09-27,-0.0025375583678465177,exper2_10
17.930000000000007,17.746214,Calibration,2005,2005-09-28,-0.005151501991901563,exper2_10
,17.252972,Calibration,2005,2005-09-29,,exper2_10
,16.884192,Calibration,2005,2005-09-30,,exper2_10
16.939999999999998,17.181328,Calibration,2005,2005-10-01,0.007072638588349762,exper2_10
,17.418198,Calibration,2005,2005-10-02,,exper2_10
,17.880886,Calibration,2005,2005-10-03,,exper2_10
,17.546825,Calibration,2005,2005-10-04,,exper2_10
,18.022982,Calibration,2005,2005-10-05,,exper2_10
,16.866472,Calibration,2005,2005-10-06,,exper2_10
,16.013638,Calibration,2005,2005-10-07,,exper2_10
15.670000000000016,15.927853,Calibration,2005,2005-10-08,0.008160447914912557,exper2_10
,11.8407545,Calibration,2005,2005-10-09,,exper2_10
15.399999999999977,13.866214,Calibration,2005,2005-10-10,-0.05240808435406286,exper2_10
,12.9598055,Calibration,2005,2005-10-11,,exper2_10
,12.820643,Calibration,2005,2005-10-12,,exper2_10
15.0,13.313442,Calibration,2005,2005-10-13,-0.05956738696981851,exper2_10
,14.121357,Calibration,2005,2005-10-14,,exper2_10
14.5,13.1323595,Calibration,2005,2005-10-15,-0.04949416263448964,exper2_10
,13.532847,Calibration,2005,2005-10-16,,exper2_10
14.110000000000014,13.164168,Calibration,2005,2005-10-17,-0.03467866113243725,exper2_10
,13.18712,Calibration,2005,2005-10-18,,exper2_10
13.700000000000045,13.092162,Calibration,2005,2005-10-19,-0.022687152486469207,exper2_10
13.460000000000036,12.573049,Calibration,2005,2005-10-20,-0.03407020907539758,exper2_10
13.180000000000007,12.086509,Calibration,2005,2005-10-21,-0.043278288261525515,exper2_10
12.920000000000016,11.873761,Calibration,2005,2005-10-22,-0.042197664786128346,exper2_10
12.560000000000002,11.685565,Calibration,2005,2005-10-23,-0.03606577142562358,exper2_10
12.189999999999998,11.230873,Calibration,2005,2005-10-24,-0.040951799178054825,exper2_10
11.930000000000007,10.854165,Calibration,2005,2005-10-25,-0.047218536169520174,exper2_10
11.710000000000036,10.608263,Calibration,2005,2005-10-26,-0.0493648176596724,exper2_10
,10.418994,Calibration,2005,2005-10-27,,exper2_10
,10.6911335,Calibration,2005,2005-10-28,,exper2_10
11.200000000000045,10.774604,Calibration,2005,2005-10-29,-0.019358535850613395,exper2_10
,10.820863,Calibration,2005,2005-10-30,,exper2_10
,10.646218,Calibration,2005,2005-10-31,,exper2_10
10.910000000000025,10.236424,Calibration,2005,2005-11-01,-0.03185292887744452,exper2_10
10.680000000000007,10.164237,Calibration,2005,2005-11-02,-0.02474367265378188,exper2_10
10.490000000000009,10.0041895,Calibration,2005,2005-11-03,-0.023704792469833084,exper2_10
10.310000000000002,9.924264,Calibration,2005,2005-11-04,-0.019063507657665544,exper2_10
10.149999999999977,9.803809,Calibration,2005,2005-11-05,-0.01734961135320781,exper2_10
9.950000000000045,9.524438,Calibration,2005,2005-11-06,-0.02185234293960822,exper2_10
9.850000000000023,9.25817,Calibration,2005,2005-11-07,-0.030972608479563662,exper2_10
,9.243079,Calibration,2005,2005-11-08,,exper2_10
,8.999136,Calibration,2005,2005-11-09,,exper2_10
9.010000000000048,8.742624,Calibration,2005,2005-11-10,-0.015061193934106381,exper2_10
8.850000000000023,8.354606,Calibration,2005,2005-11-11,-0.02879428535718248,exper2_10
8.79000000000002,8.259064,Calibration,2005,2005-11-12,-0.031141667835528408,exper2_10
8.670000000000016,8.030826,Calibration,2005,2005-11-13,-0.03827202318066512,exper2_10
8.379999999999995,7.8643527,Calibration,2005,2005-11-14,-0.03174317292478416,exper2_10
,7.3956046,Calibration,2005,2005-11-15,,exper2_10
,7.1188097,Calibration,2005,2005-11-16,,exper2_10
,6.3644605,Calibration,2005,2005-11-17,,exper2_10
,5.9663835,Calibration,2005,2005-11-18,,exper2_10
6.588999999999999,5.945431,Calibration,2005,2005-11-19,-0.051344074223437286,exper2_10
6.4360000000000355,6.0383554,Calibration,2005,2005-11-20,-0.03187696985799672,exper2_10
6.2660000000000196,5.794672,Calibration,2005,2005-11-21,-0.03907974507466077,exper2_10
5.911999999999978,5.423364,Calibration,2005,2005-11-22,-0.04310720242881992,exper2_10
5.648000000000025,5.1812854,Calibration,2005,2005-11-23,-0.043097453086615355,exper2_10
4.848000000000013,4.204421,Calibration,2005,2005-11-24,-0.0710946777131545,exper2_10
4.329000000000008,3.97904,Calibration,2005,2005-11-25,-0.04212306349546021,exper2_10
4.153999999999996,3.6858876,Calibration,2005,2005-11-26,-0.05970907367782398,exper2_10
4.051000000000045,4.0255466,Calibration,2005,2005-11-27,-0.0031515263472289465,exper2_10
4.071000000000026,4.1128206,Calibration,2005,2005-11-28,0.005110159083379198,exper2_10
3.986000000000047,4.2906394,Calibration,2005,2005-11-29,0.036807137020416957,exper2_10
3.5720000000000027,3.413546,Calibration,2005,2005-11-30,-0.022683110626736874,exper2_10
3.212000000000046,3.1585982,Calibration,2005,2005-12-01,-0.0083825433447814,exper2_10
2.458000000000027,2.6501715,Calibration,2005,2005-12-02,0.037620412242688694,exper2_10
0.867999999999995,2.0912783,Calibration,2005,2005-12-03,0.4133704858239247,exper2_10
,1.8426574,Calibration,2005,2005-12-04,,exper2_10
,1.4479567,Calibration,2005,2005-12-05,,exper2_10
,1.0924324,Calibration,2005,2005-12-06,,exper2_10
,0.7046719,Calibration,2005,2005-12-07,,exper2_10
,0.6315799,Calibration,2005,2005-12-08,,exper2_10
,0.33171248,Calibration,2005,2005-12-09,,exper2_10
,0.22031538,Calibration,2005,2005-12-10,,exper2_10
,0.35910302,Calibration,2005,2005-12-11,,exper2_10
,0.14789066,Calibration,2005,2005-12-12,,exper2_10
,0.4295765,Calibration,2005,2005-12-13,,exper2_10
,0.44702005,Calibration,2005,2005-12-14,,exper2_10
,0.43524954,Calibration,2005,2005-12-15,,exper2_10
,0.4286943,Calibration,2005,2005-12-16,,exper2_10
,0.2119691,Calibration,2005,2005-12-17,,exper2_10
,0.01,Calibration,2005,2005-12-18,,exper2_10
,0.01,Calibration,2005,2005-12-19,,exper2_10
,0.01,Calibration,2005,2005-12-20,,exper2_10
,0.01,Calibration,2005,2005-12-21,,exper2_10
,0.01,Calibration,2005,2005-12-22,,exper2_10
,0.08354004,Calibration,2005,2005-12-23,,exper2_10
,0.13349225,Calibration,2005,2005-12-24,,exper2_10
,0.22115678,Calibration,2005,2005-12-25,,exper2_10
,0.20187478,Calibration,2005,2005-12-26,,exper2_10
,0.21506776,Calibration,2005,2005-12-27,,exper2_10
,0.2076776,Calibration,2005,2005-12-28,,exper2_10
,0.20557083,Calibration,2005,2005-12-29,,exper2_10
,0.17486306,Calibration,2005,2005-12-30,,exper2_10
,0.16065891,Calibration,2005,2005-12-31,,exper2_10
,0.01,Calibration,2006,2006-01-01,,exper2_10
,0.01,Calibration,2006,2006-01-02,,exper2_10
,0.01,Calibration,2006,2006-01-03,,exper2_10
,0.01,Calibration,2006,2006-01-04,,exper2_10
,0.01,Calibration,2006,2006-01-05,,exper2_10
,0.01,Calibration,2006,2006-01-06,,exper2_10
,0.01,Calibration,2006,2006-01-07,,exper2_10
,0.01,Calibration,2006,2006-01-08,,exper2_10
,0.01,Calibration,2006,2006-01-09,,exper2_10
,0.01,Calibration,2006,2006-01-10,,exper2_10
,0.01,Calibration,2006,2006-01-11,,exper2_10
,0.01,Calibration,2006,2006-01-12,,exper2_10
,0.01,Calibration,2006,2006-01-13,,exper2_10
,0.01,Calibration,2006,2006-01-14,,exper2_10
,0.01,Calibration,2006,2006-01-15,,exper2_10
,0.01,Calibration,2006,2006-01-16,,exper2_10
,0.01,Calibration,2006,2006-01-17,,exper2_10
,0.01,Calibration,2006,2006-01-18,,exper2_10
,0.01,Calibration,2006,2006-01-19,,exper2_10
,0.01,Calibration,2006,2006-01-20,,exper2_10
,0.01,Calibration,2006,2006-01-21,,exper2_10
,0.01,Calibration,2006,2006-01-22,,exper2_10
,0.01,Calibration,2006,2006-01-23,,exper2_10
,0.01,Calibration,2006,2006-01-24,,exper2_10
,0.01,Calibration,2006,2006-01-25,,exper2_10
,0.01,Calibration,2006,2006-01-26,,exper2_10
,0.01,Calibration,2006,2006-01-27,,exper2_10
,0.01,Calibration,2006,2006-01-28,,exper2_10
,0.01,Calibration,2006,2006-01-29,,exper2_10
,0.01,Calibration,2006,2006-01-30,,exper2_10
,0.009281591,Calibration,2006,2006-01-31,,exper2_10
,0.01,Calibration,2006,2006-02-01,,exper2_10
,0.1518251,Calibration,2006,2006-02-02,,exper2_10
,0.01,Calibration,2006,2006-02-03,,exper2_10
,0.01,Calibration,2006,2006-02-04,,exper2_10
,0.37533742,Calibration,2006,2006-02-05,,exper2_10
,0.6541384,Calibration,2006,2006-02-06,,exper2_10
,0.45198143,Calibration,2006,2006-02-07,,exper2_10
,0.52862775,Calibration,2006,2006-02-08,,exper2_10
,0.2703588,Calibration,2006,2006-02-09,,exper2_10
,0.01,Calibration,2006,2006-02-10,,exper2_10
,0.62334543,Calibration,2006,2006-02-11,,exper2_10
,0.55831814,Calibration,2006,2006-02-12,,exper2_10
,0.5389637,Calibration,2006,2006-02-13,,exper2_10
,0.09125681,Calibration,2006,2006-02-14,,exper2_10
,0.22387785,Calibration,2006,2006-02-15,,exper2_10
,0.4355979,Calibration,2006,2006-02-16,,exper2_10
,0.5341226,Calibration,2006,2006-02-17,,exper2_10
,0.24749361,Calibration,2006,2006-02-18,,exper2_10
,0.14104998,Calibration,2006,2006-02-19,,exper2_10
,0.01,Calibration,2006,2006-02-20,,exper2_10
,0.21400832,Calibration,2006,2006-02-21,,exper2_10
,0.24460085,Calibration,2006,2006-02-22,,exper2_10
,0.46499896,Calibration,2006,2006-02-23,,exper2_10
,0.3402992,Calibration,2006,2006-02-24,,exper2_10
,0.01,Calibration,2006,2006-02-25,,exper2_10
,0.01,Calibration,2006,2006-02-26,,exper2_10
,0.01,Calibration,2006,2006-02-27,,exper2_10
,0.01,Calibration,2006,2006-02-28,,exper2_10
,0.21636987,Calibration,2006,2006-03-01,,exper2_10
,0.01,Calibration,2006,2006-03-02,,exper2_10
,0.01,Calibration,2006,2006-03-03,,exper2_10
,0.01,Calibration,2006,2006-03-04,,exper2_10
,0.35444334,Calibration,2006,2006-03-05,,exper2_10
,0.068327025,Calibration,2006,2006-03-06,,exper2_10
,0.034978077,Calibration,2006,2006-03-07,,exper2_10
,0.51187927,Calibration,2006,2006-03-08,,exper2_10
,0.01,Calibration,2006,2006-03-09,,exper2_10
,0.060886413,Calibration,2006,2006-03-10,,exper2_10
,0.21435364,Calibration,2006,2006-03-11,,exper2_10
,0.024346232,Calibration,2006,2006-03-12,,exper2_10
,0.20018291,Calibration,2006,2006-03-13,,exper2_10
,0.568246,Calibration,2006,2006-03-14,,exper2_10
,0.01,Calibration,2006,2006-03-15,,exper2_10
,0.01,Calibration,2006,2006-03-16,,exper2_10
,0.01,Calibration,2006,2006-03-17,,exper2_10
,0.01,Calibration,2006,2006-03-18,,exper2_10
,0.01,Calibration,2006,2006-03-19,,exper2_10
,0.01,Calibration,2006,2006-03-20,,exper2_10
,0.01,Calibration,2006,2006-03-21,,exper2_10
,0.086723454,Calibration,2006,2006-03-22,,exper2_10
,0.01,Calibration,2006,2006-03-23,,exper2_10
,0.082983986,Calibration,2006,2006-03-24,,exper2_10
,0.01,Calibration,2006,2006-03-25,,exper2_10
,0.01,Calibration,2006,2006-03-26,,exper2_10
,0.01,Calibration,2006,2006-03-27,,exper2_10
,0.01,Calibration,2006,2006-03-28,,exper2_10
,0.01,Calibration,2006,2006-03-29,,exper2_10
,0.01,Calibration,2006,2006-03-30,,exper2_10
,0.01,Calibration,2006,2006-03-31,,exper2_10
,0.01595153,Calibration,2006,2006-04-01,,exper2_10
,0.01,Calibration,2006,2006-04-02,,exper2_10
,0.01389806,Calibration,2006,2006-04-03,,exper2_10
,0.19438668,Calibration,2006,2006-04-04,,exper2_10
,0.01,Calibration,2006,2006-04-05,,exper2_10
,0.043562025,Calibration,2006,2006-04-06,,exper2_10
,0.17363165,Calibration,2006,2006-04-07,,exper2_10
,0.16138925,Calibration,2006,2006-04-08,,exper2_10
,0.021756083,Calibration,2006,2006-04-09,,exper2_10
,0.01,Calibration,2006,2006-04-10,,exper2_10
,0.17270106,Calibration,2006,2006-04-11,,exper2_10
,0.81751275,Calibration,2006,2006-04-12,,exper2_10
,1.3123077,Calibration,2006,2006-04-13,,exper2_10
,3.0499828,Calibration,2006,2006-04-14,,exper2_10
,4.1570196,Calibration,2006,2006-04-15,,exper2_10
,4.74318,Calibration,2006,2006-04-16,,exper2_10
,5.81895,Calibration,2006,2006-04-17,,exper2_10
,6.213318,Calibration,2006,2006-04-18,,exper2_10
,6.559933,Calibration,2006,2006-04-19,,exper2_10
,7.351729,Calibration,2006,2006-04-20,,exper2_10
,7.768392,Calibration,2006,2006-04-21,,exper2_10
,8.321873,Calibration,2006,2006-04-22,,exper2_10
,7.9177785,Calibration,2006,2006-04-23,,exper2_10
,8.332376,Calibration,2006,2006-04-24,,exper2_10
,8.569604,Calibration,2006,2006-04-25,,exper2_10
,8.552982,Calibration,2006,2006-04-26,,exper2_10
,8.934364,Calibration,2006,2006-04-27,,exper2_10
,9.077004,Calibration,2006,2006-04-28,,exper2_10
,9.134235,Calibration,2006,2006-04-29,,exper2_10
,8.589727,Calibration,2006,2006-04-30,,exper2_10
,8.258172,Calibration,2006,2006-05-01,,exper2_10
,9.657374,Calibration,2006,2006-05-02,,exper2_10
,10.153828,Calibration,2006,2006-05-03,,exper2_10
,9.928214,Calibration,2006,2006-05-04,,exper2_10
,9.346291,Calibration,2006,2006-05-05,,exper2_10
,9.5075035,Calibration,2006,2006-05-06,,exper2_10
,10.238383,Calibration,2006,2006-05-07,,exper2_10
,9.98235,Calibration,2006,2006-05-08,,exper2_10
,9.835784,Calibration,2006,2006-05-09,,exper2_10
,10.76633,Calibration,2006,2006-05-10,,exper2_10
,9.987142,Calibration,2006,2006-05-11,,exper2_10
,8.839202,Calibration,2006,2006-05-12,,exper2_10
,9.491274,Calibration,2006,2006-05-13,,exper2_10
,9.5255995,Calibration,2006,2006-05-14,,exper2_10
,9.189044,Calibration,2006,2006-05-15,,exper2_10
,10.003305,Calibration,2006,2006-05-16,,exper2_10
,10.808067,Calibration,2006,2006-05-17,,exper2_10
,10.68729,Calibration,2006,2006-05-18,,exper2_10
,11.507701,Calibration,2006,2006-05-19,,exper2_10
,11.799439,Calibration,2006,2006-05-20,,exper2_10
,11.663856,Calibration,2006,2006-05-21,,exper2_10
,12.125683,Calibration,2006,2006-05-22,,exper2_10
,13.231488,Calibration,2006,2006-05-23,,exper2_10
,13.988756,Calibration,2006,2006-05-24,,exper2_10
,14.623853,Calibration,2006,2006-05-25,,exper2_10
,14.760588,Calibration,2006,2006-05-26,,exper2_10
,16.451685,Calibration,2006,2006-05-27,,exper2_10
,17.54341,Calibration,2006,2006-05-28,,exper2_10
,18.40056,Calibration,2006,2006-05-29,,exper2_10
,19.063356,Calibration,2006,2006-05-30,,exper2_10
,19.194788,Calibration,2006,2006-05-31,,exper2_10
,19.507113,Calibration,2006,2006-06-01,,exper2_10
,19.906363,Calibration,2006,2006-06-02,,exper2_10
,19.809525,Calibration,2006,2006-06-03,,exper2_10
,20.34863,Calibration,2006,2006-06-04,,exper2_10
,20.504456,Calibration,2006,2006-06-05,,exper2_10
,19.69166,Calibration,2006,2006-06-06,,exper2_10
,20.153719,Calibration,2006,2006-06-07,,exper2_10
,20.472984,Calibration,2006,2006-06-08,,exper2_10
,19.79674,Calibration,2006,2006-06-09,,exper2_10
19.503000000000043,19.507898,Calibration,2006,2006-06-10,0.00012556313486840342,exper2_10
19.27950000000004,19.260538,Calibration,2006,2006-06-11,-0.0004920051909124532,exper2_10
19.531000000000006,19.421469,Calibration,2006,2006-06-12,-0.002811921010826855,exper2_10
19.688000000000045,19.789417,Calibration,2006,2006-06-13,0.0025689944749964985,exper2_10
19.887999999999977,19.899328,Calibration,2006,2006-06-14,0.0002847195907587801,exper2_10
20.005999999999972,20.1596,Calibration,2006,2006-06-15,0.0038241506876554587,exper2_10
20.67750000000001,20.586454,Calibration,2006,2006-06-16,-0.002206419861188018,exper2_10
21.42950000000002,21.162699,Calibration,2006,2006-06-17,-0.006264087371146636,exper2_10
21.918499999999995,21.43588,Calibration,2006,2006-06-18,-0.011131962482934956,exper2_10
21.61450000000002,21.025425,Calibration,2006,2006-06-19,-0.01381510505271468,exper2_10
21.299500000000023,21.074856,Calibration,2006,2006-06-20,-0.005301418541756512,exper2_10
21.426499999999976,21.311563,Calibration,2006,2006-06-21,-0.0026893241945948744,exper2_10
21.45150000000001,21.370571,Calibration,2006,2006-06-22,-0.0018898867191051796,exper2_10
21.411,21.20329,Calibration,2006,2006-06-23,-0.004874164419740248,exper2_10
21.754500000000007,21.68139,Calibration,2006,2006-06-24,-0.0016831527197391236,exper2_10
21.533000000000015,21.267374,Calibration,2006,2006-06-25,-0.006206159812144888,exper2_10
22.42500000000001,21.746107,Calibration,2006,2006-06-26,-0.015369614734819329,exper2_10
21.998500000000035,21.762144,Calibration,2006,2006-06-27,-0.00540110677474482,exper2_10
21.63050000000004,21.426252,Calibration,2006,2006-06-28,-0.0047436841765435105,exper2_10
21.821500000000015,21.528002,Calibration,2006,2006-06-29,-0.006770509524549309,exper2_10
22.611000000000047,21.91548,Calibration,2006,2006-06-30,-0.015620375679287028,exper2_10
22.363500000000045,22.145796,Calibration,2006,2006-07-01,-0.004891206967785389,exper2_10
22.706500000000005,22.677172,Calibration,2006,2006-07-02,-0.0006462300590382256,exper2_10
22.811500000000024,22.784544,Calibration,2006,2006-07-03,-0.0005911918348974449,exper2_10
22.495000000000005,22.40769,Calibration,2006,2006-07-04,-0.0019444258615346924,exper2_10
22.246500000000026,22.081732,Calibration,2006,2006-07-05,-0.003717003748145481,exper2_10
22.730000000000018,22.650497,Calibration,2006,2006-07-06,-0.0017519103572583333,exper2_10
22.636000000000024,22.713633,Calibration,2006,2006-07-07,0.0017118679732409444,exper2_10
22.41900000000004,22.615349,Calibration,2006,2006-07-08,0.004359979017805338,exper2_10
22.48950000000002,23.29714,Calibration,2006,2006-07-09,0.01763920915178493,exper2_10
22.4735,22.756832,Calibration,2006,2006-07-10,0.0062642061091541705,exper2_10
22.984000000000037,22.82437,Calibration,2006,2006-07-11,-0.003484746814664262,exper2_10
23.94500000000005,23.896107,Calibration,2006,2006-07-12,-0.001021993080459757,exper2_10
24.240499999999997,24.270678,Calibration,2006,2006-07-13,0.0006220744999837918,exper2_10
24.64250000000004,24.21962,Calibration,2006,2006-07-14,-0.008654562085694744,exper2_10
24.78400000000005,24.379179,Calibration,2006,2006-07-15,-0.00823423154020451,exper2_10
24.95700000000005,24.205055,Calibration,2006,2006-07-16,-0.015295226360278937,exper2_10
25.101,24.803732,Calibration,2006,2006-07-17,-0.005956711322515332,exper2_10
25.17700000000002,25.037054,Calibration,2006,2006-07-18,-0.0027869874425571523,exper2_10
24.347000000000037,24.549128,Calibration,2006,2006-07-19,0.004133815677117521,exper2_10
24.388500000000022,25.073261,Calibration,2006,2006-07-20,0.013844255512316769,exper2_10
24.265000000000043,24.614075,Calibration,2006,2006-07-21,0.007141598099462225,exper2_10
24.07000000000005,24.181715,Calibration,2006,2006-07-22,0.0023152547338427306,exper2_10
23.785500000000013,23.958744,Calibration,2006,2006-07-23,0.003628585026797984,exper2_10
23.85450000000003,23.95491,Calibration,2006,2006-07-24,0.0021002199720881005,exper2_10
24.258000000000038,24.522367,Calibration,2006,2006-07-25,0.00541954665551348,exper2_10
24.411999999999978,24.953173,Calibration,2006,2006-07-26,0.010962641358172752,exper2_10
24.712499999999977,24.802626,Calibration,2006,2006-07-27,0.0018201641404256162,exper2_10
24.999500000000012,24.98676,Calibration,2006,2006-07-28,-0.00025488633109432347,exper2_10
25.30200000000002,25.501263,Calibration,2006,2006-07-29,0.003922241492828052,exper2_10
24.725000000000023,25.91053,Calibration,2006,2006-07-30,0.023413008380026107,exper2_10
24.85300000000001,25.953978,Calibration,2006,2006-07-31,0.02166981066725365,exper2_10
24.870000000000005,25.509895,Calibration,2006,2006-08-01,0.012701402426162103,exper2_10
24.601500000000044,24.895536,Calibration,2006,2006-08-02,0.005940485410444162,exper2_10
24.687000000000012,24.926744,Calibration,2006,2006-08-03,0.004832218645535354,exper2_10
25.057000000000016,25.234589,Calibration,2006,2006-08-04,0.0035311794260059607,exper2_10
24.610000000000014,24.658665,Calibration,2006,2006-08-05,0.0009877414714224866,exper2_10
24.154999999999973,24.064716,Calibration,2006,2006-08-06,-0.0018723391123604551,exper2_10
23.995000000000005,23.893644,Calibration,2006,2006-08-07,-0.002116486455739156,exper2_10
23.994500000000016,23.825382,Calibration,2006,2006-08-08,-0.0035365575873057137,exper2_10
23.88050000000004,23.54992,Calibration,2006,2006-08-09,-0.006969807091247138,exper2_10
23.70750000000004,23.80466,Calibration,2006,2006-08-10,0.0020449669198163087,exper2_10
23.610000000000014,23.297832,Calibration,2006,2006-08-11,-0.006654912291235259,exper2_10
23.449000000000012,23.214663,Calibration,2006,2006-08-12,-0.005021840020799845,exper2_10
23.202500000000043,22.9452,Calibration,2006,2006-08-13,-0.005575576545668523,exper2_10
23.076000000000022,22.665602,Calibration,2006,2006-08-14,-0.00897210097872608,exper2_10
22.948500000000024,22.633312,Calibration,2006,2006-08-15,-0.006914770590955011,exper2_10
23.006500000000017,22.858,Calibration,2006,2006-08-16,-0.0032378026361682545,exper2_10
22.802999999999997,22.823877,Calibration,2006,2006-08-17,0.0004575665882552059,exper2_10
23.210000000000036,22.723875,Calibration,2006,2006-08-18,-0.010583147050824925,exper2_10
22.633500000000026,22.674986,Calibration,2006,2006-08-19,0.0009156316925889034,exper2_10
22.702999999999975,22.70201,Calibration,2006,2006-08-20,-2.182135776655539e-05,exper2_10
22.608000000000004,22.52517,Calibration,2006,2006-08-21,-0.0018352495203178033,exper2_10
22.73150000000004,22.383844,Calibration,2006,2006-08-22,-0.007705928641378887,exper2_10
22.652000000000044,22.13477,Calibration,2006,2006-08-23,-0.01154873563718852,exper2_10
22.301000000000045,21.904928,Calibration,2006,2006-08-24,-0.008959698589392004,exper2_10
21.84400000000005,21.44837,Calibration,2006,2006-08-25,-0.009138562299216174,exper2_10
21.694000000000017,21.23823,Calibration,2006,2006-08-26,-0.010616039536037744,exper2_10
22.235000000000014,21.507086,Calibration,2006,2006-08-27,-0.016641049152399383,exper2_10
21.778500000000008,21.395815,Calibration,2006,2006-08-28,-0.008863721527376472,exper2_10
21.490499999999997,21.559174,Calibration,2006,2006-08-29,0.0015952172982311795,exper2_10
21.539499999999975,21.400652,Calibration,2006,2006-08-30,-0.0032335253135090734,exper2_10
21.341499999999996,21.100664,Calibration,2006,2006-08-31,-0.005674448183614578,exper2_10
21.488,20.997671,Calibration,2006,2006-09-01,-0.011541041006772989,exper2_10
21.34400000000005,20.892208,Calibration,2006,2006-09-02,-0.010696791235897096,exper2_10
21.51750000000004,20.8161,Calibration,2006,2006-09-03,-0.016568419575315317,exper2_10
21.56400000000002,20.912409,Calibration,2006,2006-09-04,-0.015340072036030201,exper2_10
21.55450000000002,21.158243,Calibration,2006,2006-09-05,-0.009277250562323307,exper2_10
21.573000000000036,21.275839,Calibration,2006,2006-09-06,-0.006935103868233501,exper2_10
21.464500000000044,21.189148,Calibration,2006,2006-09-07,-0.006455533442511492,exper2_10
20.875500000000045,20.48718,Calibration,2006,2006-09-08,-0.009388155784322958,exper2_10
20.200000000000045,19.502548,Calibration,2006,2006-09-09,-0.0175669274022664,exper2_10
19.839999999999975,19.332663,Calibration,2006,2006-09-10,-0.012951313088186412,exper2_10
19.383000000000038,19.07804,Calibration,2006,2006-09-11,-0.007929084530088464,exper2_10
18.92500000000001,18.682503,Calibration,2006,2006-09-12,-0.0064481083748646265,exper2_10
18.936000000000035,18.698654,Calibration,2006,2006-09-13,-0.0063065764891296365,exper2_10
18.882000000000005,18.881968,Calibration,2006,2006-09-14,-8.594288802586034e-07,exper2_10
18.851999999999975,18.7452,Calibration,2006,2006-09-15,-0.0028406583142195135,exper2_10
18.6755,18.782839,Calibration,2006,2006-09-16,0.002865552098369577,exper2_10
18.625,18.802343,Calibration,2006,2006-09-17,0.004738337070415412,exper2_10
18.14300000000003,17.905315,Calibration,2006,2006-09-18,-0.006593500922253364,exper2_10
17.522000000000048,17.108637,Calibration,2006,2006-09-19,-0.011936342540821158,exper2_10
17.127499999999998,16.780039,Calibration,2006,2006-09-20,-0.010247313085352507,exper2_10
16.94300000000004,16.626013,Calibration,2006,2006-09-21,-0.009442851350575309,exper2_10
16.609500000000025,16.180992,Calibration,2006,2006-09-22,-0.01306805252823081,exper2_10
16.497500000000002,16.368204,Calibration,2006,2006-09-23,-0.003934067035932972,exper2_10
16.271000000000015,15.96812,Calibration,2006,2006-09-24,-0.009394809234284034,exper2_10
16.04000000000002,15.630687,Calibration,2006,2006-09-25,-0.012924040553768917,exper2_10
15.81450000000001,15.2584305,Calibration,2006,2006-09-26,-0.017895625241518946,exper2_10
15.511000000000024,15.213368,Calibration,2006,2006-09-27,-0.009687150607598246,exper2_10
15.214999999999975,14.749955,Calibration,2006,2006-09-28,-0.01551962350489452,exper2_10
14.907500000000027,14.372452,Calibration,2006,2006-09-29,-0.018273534797903862,exper2_10
14.712499999999977,13.9626045,Calibration,2006,2006-09-30,-0.0261514470401016,exper2_10
14.663000000000011,13.956098,Calibration,2006,2006-10-01,-0.02470037339980694,exper2_10
15.151499999999999,14.271037,Calibration,2006,2006-10-02,-0.029924778247697625,exper2_10
15.06800000000004,14.319648,Calibration,2006,2006-10-03,-0.02546485572345299,exper2_10
14.742000000000019,13.826861,Calibration,2006,2006-10-04,-0.032032729839939524,exper2_10
14.694500000000005,15.749162,Calibration,2006,2006-10-05,0.034643063964064975,exper2_10
14.238,14.929879,Calibration,2006,2006-10-06,0.023720586061995657,exper2_10
14.006500000000017,14.298989,Calibration,2006,2006-10-07,0.01033330647992747,exper2_10
13.882000000000005,14.451283,Calibration,2006,2006-10-08,0.02009239260254751,exper2_10
13.587499999999977,13.817471,Calibration,2006,2006-10-09,0.008391563498054009,exper2_10
13.375,13.804128,Calibration,2006,2006-10-10,0.015788869238949437,exper2_10
12.904500000000041,13.305312,Calibration,2006,2006-10-11,0.015292446747852509,exper2_10
12.161500000000046,11.660741,Calibration,2006,2006-10-12,-0.02102065673618461,exper2_10
11.388500000000022,11.033262,Calibration,2006,2006-10-13,-0.015843435640208074,exper2_10
10.86850000000004,10.420365,Calibration,2006,2006-10-14,-0.021050190295324303,exper2_10
10.651499999999999,9.844954,Calibration,2006,2006-10-15,-0.03935053747504287,exper2_10
10.427999999999997,9.970693,Calibration,2006,2006-10-16,-0.022418464438362623,exper2_10
10.419499999999971,10.083623,Calibration,2006,2006-10-17,-0.016381751632311693,exper2_10
10.247500000000002,9.93962,Calibration,2006,2006-10-18,-0.015251307849758939,exper2_10
9.971000000000004,9.775636,Calibration,2006,2006-10-19,-0.009893547613771418,exper2_10
9.790500000000009,9.731193,Calibration,2006,2006-10-20,-0.0030380260791455895,exper2_10
9.639499999999998,9.5668335,Calibration,2006,2006-10-21,-0.0037834656948463044,exper2_10
9.294499999999971,9.0752735,Calibration,2006,2006-10-22,-0.011934087594569839,exper2_10
9.032000000000039,8.727613,Calibration,2006,2006-10-23,-0.017139255410924554,exper2_10
8.825000000000045,8.462156,Calibration,2006,2006-10-24,-0.020989207132484134,exper2_10
8.723000000000013,8.136057,Calibration,2006,2006-10-25,-0.03481470544029949,exper2_10
8.519000000000005,8.265327,Calibration,2006,2006-10-26,-0.01511365570576462,exper2_10
8.496500000000026,8.348573,Calibration,2006,2006-10-27,-0.008781634329756854,exper2_10
8.275500000000022,8.346158,Calibration,2006,2006-10-28,0.004250961458319554,exper2_10
8.10250000000002,8.302492,Calibration,2006,2006-10-29,0.012190931881945992,exper2_10
7.994500000000016,8.322404,Calibration,2006,2006-10-30,0.020095963647833854,exper2_10
7.74550000000005,8.009169,Calibration,2006,2006-10-31,0.016735904204390858,exper2_10
7.413499999999999,7.4000044,Calibration,2006,2006-11-01,-0.0009110344686620193,exper2_10
7.034000000000049,6.8935575,Calibration,2006,2006-11-02,-0.01008378181083109,exper2_10
6.804500000000019,6.4806294,Calibration,2006,2006-11-03,-0.024378426814726482,exper2_10
6.571000000000026,6.4886045,Calibration,2006,2006-11-04,-0.006309184487103586,exper2_10
6.557000000000016,6.3151145,Calibration,2006,2006-11-05,-0.01879143491899252,exper2_10
6.536999999999978,6.5184865,Calibration,2006,2006-11-06,-0.0014180628361803083,exper2_10
,6.620607,Calibration,2006,2006-11-07,,exper2_10
,6.6737967,Calibration,2006,2006-11-08,,exper2_10
,6.6546884,Calibration,2006,2006-11-09,,exper2_10
,6.2762785,Calibration,2006,2006-11-10,,exper2_10
,6.0590935,Calibration,2006,2006-11-11,,exper2_10
,6.0603876,Calibration,2006,2006-11-12,,exper2_10
,5.7155623,Calibration,2006,2006-11-13,,exper2_10
,5.684638,Calibration,2006,2006-11-14,,exper2_10
,5.452907,Calibration,2006,2006-11-15,,exper2_10
,5.5719757,Calibration,2006,2006-11-16,,exper2_10
,5.157031,Calibration,2006,2006-11-17,,exper2_10
,5.1215544,Calibration,2006,2006-11-18,,exper2_10
,4.8418384,Calibration,2006,2006-11-19,,exper2_10
,4.6530805,Calibration,2006,2006-11-20,,exper2_10
,4.2149673,Calibration,2006,2006-11-21,,exper2_10
,4.40575,Calibration,2006,2006-11-22,,exper2_10
,3.960435,Calibration,2006,2006-11-23,,exper2_10
,4.075793,Calibration,2006,2006-11-24,,exper2_10
,4.149745,Calibration,2006,2006-11-25,,exper2_10
,3.804184,Calibration,2006,2006-11-26,,exper2_10
,3.7778342,Calibration,2006,2006-11-27,,exper2_10
,3.915619,Calibration,2006,2006-11-28,,exper2_10
,4.2736306,Calibration,2006,2006-11-29,,exper2_10
,3.477682,Calibration,2006,2006-11-30,,exper2_10
,3.5836918,Calibration,2006,2006-12-01,,exper2_10
,3.222813,Calibration,2006,2006-12-02,,exper2_10
,2.7522461,Calibration,2006,2006-12-03,,exper2_10
,2.1218584,Calibration,2006,2006-12-04,,exper2_10
,1.9282645,Calibration,2006,2006-12-05,,exper2_10
,1.9294118,Calibration,2006,2006-12-06,,exper2_10
,1.0048215,Calibration,2006,2006-12-07,,exper2_10
,0.945605,Calibration,2006,2006-12-08,,exper2_10
,0.8534471,Calibration,2006,2006-12-09,,exper2_10
,1.1237154,Calibration,2006,2006-12-10,,exper2_10
,1.094392,Calibration,2006,2006-12-11,,exper2_10
,0.60315955,Calibration,2006,2006-12-12,,exper2_10
,1.2431865,Calibration,2006,2006-12-13,,exper2_10
,1.146611,Calibration,2006,2006-12-14,,exper2_10
,1.0773288,Calibration,2006,2006-12-15,,exper2_10
,1.0137181,Calibration,2006,2006-12-16,,exper2_10
,0.6104864,Calibration,2006,2006-12-17,,exper2_10
,0.504336,Calibration,2006,2006-12-18,,exper2_10
,0.49851322,Calibration,2006,2006-12-19,,exper2_10
,0.48085493,Calibration,2006,2006-12-20,,exper2_10
,0.75651586,Calibration,2006,2006-12-21,,exper2_10
,0.7951555,Calibration,2006,2006-12-22,,exper2_10
,0.9242356,Calibration,2006,2006-12-23,,exper2_10
,0.6061921,Calibration,2006,2006-12-24,,exper2_10
,0.78332573,Calibration,2006,2006-12-25,,exper2_10
,0.5888014,Calibration,2006,2006-12-26,,exper2_10
,0.6303009,Calibration,2006,2006-12-27,,exper2_10
,0.8463094,Calibration,2006,2006-12-28,,exper2_10
,0.9038094,Calibration,2006,2006-12-29,,exper2_10
,0.9847257,Calibration,2006,2006-12-30,,exper2_10
,0.89873934,Calibration,2006,2006-12-31,,exper2_10
,0.041687906,Calibration,2007,2007-01-01,,exper2_10
,0.42407757,Calibration,2007,2007-01-02,,exper2_10
,0.0012574643,Calibration,2007,2007-01-03,,exper2_10
,0.01,Calibration,2007,2007-01-04,,exper2_10
,0.01,Calibration,2007,2007-01-05,,exper2_10
,0.01,Calibration,2007,2007-01-06,,exper2_10
,0.01,Calibration,2007,2007-01-07,,exper2_10
,0.034881487,Calibration,2007,2007-01-08,,exper2_10
,0.01,Calibration,2007,2007-01-09,,exper2_10
,0.01,Calibration,2007,2007-01-10,,exper2_10
,0.01,Calibration,2007,2007-01-11,,exper2_10
,0.01,Calibration,2007,2007-01-12,,exper2_10
,0.01,Calibration,2007,2007-01-13,,exper2_10
,0.01,Calibration,2007,2007-01-14,,exper2_10
,0.01,Calibration,2007,2007-01-15,,exper2_10
,0.01,Calibration,2007,2007-01-16,,exper2_10
,0.01,Calibration,2007,2007-01-17,,exper2_10
,0.01,Calibration,2007,2007-01-18,,exper2_10
,0.01,Calibration,2007,2007-01-19,,exper2_10
,0.01,Calibration,2007,2007-01-20,,exper2_10
,0.01,Calibration,2007,2007-01-21,,exper2_10
,0.01648131,Calibration,2007,2007-01-22,,exper2_10
,0.01,Calibration,2007,2007-01-23,,exper2_10
,0.15834896,Calibration,2007,2007-01-24,,exper2_10
,0.25782484,Calibration,2007,2007-01-25,,exper2_10
,0.01,Calibration,2007,2007-01-26,,exper2_10
,0.01,Calibration,2007,2007-01-27,,exper2_10
,0.29463038,Calibration,2007,2007-01-28,,exper2_10
,0.01,Calibration,2007,2007-01-29,,exper2_10
,0.33503097,Calibration,2007,2007-01-30,,exper2_10
,0.13871825,Calibration,2007,2007-01-31,,exper2_10
,0.14145654,Calibration,2007,2007-02-01,,exper2_10
,0.33671534,Calibration,2007,2007-02-02,,exper2_10
,0.23801517,Calibration,2007,2007-02-03,,exper2_10
,0.09655666,Calibration,2007,2007-02-04,,exper2_10
,0.08010134,Calibration,2007,2007-02-05,,exper2_10
,0.08591896,Calibration,2007,2007-02-06,,exper2_10
,0.04261647,Calibration,2007,2007-02-07,,exper2_10
,0.03841868,Calibration,2007,2007-02-08,,exper2_10
,0.07891218,Calibration,2007,2007-02-09,,exper2_10
,0.050835654,Calibration,2007,2007-02-10,,exper2_10
,0.25365376,Calibration,2007,2007-02-11,,exper2_10
,0.01,Calibration,2007,2007-02-12,,exper2_10
,0.30010313,Calibration,2007,2007-02-13,,exper2_10
,0.047737226,Calibration,2007,2007-02-14,,exper2_10
,0.029068515,Calibration,2007,2007-02-15,,exper2_10
,0.25846207,Calibration,2007,2007-02-16,,exper2_10
,0.1105918,Calibration,2007,2007-02-17,,exper2_10
,0.01,Calibration,2007,2007-02-18,,exper2_10
,0.16706662,Calibration,2007,2007-02-19,,exper2_10
,0.01,Calibration,2007,2007-02-20,,exper2_10
,0.42703032,Calibration,2007,2007-02-21,,exper2_10
,0.43758425,Calibration,2007,2007-02-22,,exper2_10
,0.4729421,Calibration,2007,2007-02-23,,exper2_10
,0.12744913,Calibration,2007,2007-02-24,,exper2_10
,0.16596165,Calibration,2007,2007-02-25,,exper2_10
,0.01,Calibration,2007,2007-02-26,,exper2_10
,0.36903822,Calibration,2007,2007-02-27,,exper2_10
,0.3123992,Calibration,2007,2007-02-28,,exper2_10
,0.01,Calibration,2007,2007-03-01,,exper2_10
,0.00028593838,Calibration,2007,2007-03-02,,exper2_10
,0.20385122,Calibration,2007,2007-03-03,,exper2_10
,0.01,Calibration,2007,2007-03-04,,exper2_10
,0.01,Calibration,2007,2007-03-05,,exper2_10
,0.01,Calibration,2007,2007-03-06,,exper2_10
,0.01,Calibration,2007,2007-03-07,,exper2_10
,0.01,Calibration,2007,2007-03-08,,exper2_10
,0.01,Calibration,2007,2007-03-09,,exper2_10
,0.01,Calibration,2007,2007-03-10,,exper2_10
,0.01,Calibration,2007,2007-03-11,,exper2_10
,0.01,Calibration,2007,2007-03-12,,exper2_10
,0.25130317,Calibration,2007,2007-03-13,,exper2_10
,0.15099722,Calibration,2007,2007-03-14,,exper2_10
,0.01,Calibration,2007,2007-03-15,,exper2_10
,0.01,Calibration,2007,2007-03-16,,exper2_10
,0.03782402,Calibration,2007,2007-03-17,,exper2_10
,0.01,Calibration,2007,2007-03-18,,exper2_10
,0.01,Calibration,2007,2007-03-19,,exper2_10
,0.01,Calibration,2007,2007-03-20,,exper2_10
,0.01,Calibration,2007,2007-03-21,,exper2_10
,0.01,Calibration,2007,2007-03-22,,exper2_10
,0.01,Calibration,2007,2007-03-23,,exper2_10
,0.01,Calibration,2007,2007-03-24,,exper2_10
,0.01,Calibration,2007,2007-03-25,,exper2_10
,0.23436563,Calibration,2007,2007-03-26,,exper2_10
,0.51451343,Calibration,2007,2007-03-27,,exper2_10
,0.37973523,Calibration,2007,2007-03-28,,exper2_10
,0.42744476,Calibration,2007,2007-03-29,,exper2_10
,1.1753892,Calibration,2007,2007-03-30,,exper2_10
,0.5246545,Calibration,2007,2007-03-31,,exper2_10
,0.8067405,Calibration,2007,2007-04-01,,exper2_10
,1.1241329,Calibration,2007,2007-04-02,,exper2_10
,1.1221262,Calibration,2007,2007-04-03,,exper2_10
,1.2058489,Calibration,2007,2007-04-04,,exper2_10
,0.86187613,Calibration,2007,2007-04-05,,exper2_10
,0.14014238,Calibration,2007,2007-04-06,,exper2_10
,0.01,Calibration,2007,2007-04-07,,exper2_10
,0.01,Calibration,2007,2007-04-08,,exper2_10
,0.01,Calibration,2007,2007-04-09,,exper2_10
,0.01,Calibration,2007,2007-04-10,,exper2_10
,0.34410745,Calibration,2007,2007-04-11,,exper2_10
,0.55396235,Calibration,2007,2007-04-12,,exper2_10
,0.6445533,Calibration,2007,2007-04-13,,exper2_10
,0.2744078,Calibration,2007,2007-04-14,,exper2_10
,0.6386395,Calibration,2007,2007-04-15,,exper2_10
,0.6460753,Calibration,2007,2007-04-16,,exper2_10
,0.67212355,Calibration,2007,2007-04-17,,exper2_10
,1.3945336,Calibration,2007,2007-04-18,,exper2_10
,2.0204484,Calibration,2007,2007-04-19,,exper2_10
,2.7967422,Calibration,2007,2007-04-20,,exper2_10
,3.7206528,Calibration,2007,2007-04-21,,exper2_10
,5.7828074,Calibration,2007,2007-04-22,,exper2_10
,6.3345704,Calibration,2007,2007-04-23,,exper2_10
,6.878472,Calibration,2007,2007-04-24,,exper2_10
,7.291811,Calibration,2007,2007-04-25,,exper2_10
,7.725587,Calibration,2007,2007-04-26,,exper2_10
,7.955264,Calibration,2007,2007-04-27,,exper2_10
,8.357412,Calibration,2007,2007-04-28,,exper2_10
,10.378483,Calibration,2007,2007-04-29,,exper2_10
,10.907351,Calibration,2007,2007-04-30,,exper2_10
,10.833344,Calibration,2007,2007-05-01,,exper2_10
,10.566154,Calibration,2007,2007-05-02,,exper2_10
,11.315249,Calibration,2007,2007-05-03,,exper2_10
,11.741687,Calibration,2007,2007-05-04,,exper2_10
,11.636239,Calibration,2007,2007-05-05,,exper2_10
,11.698464,Calibration,2007,2007-05-06,,exper2_10
,11.75303,Calibration,2007,2007-05-07,,exper2_10
,13.057771,Calibration,2007,2007-05-08,,exper2_10
,13.957221,Calibration,2007,2007-05-09,,exper2_10
,15.363961,Calibration,2007,2007-05-10,,exper2_10
,15.398825,Calibration,2007,2007-05-11,,exper2_10
,14.921924,Calibration,2007,2007-05-12,,exper2_10
,14.561423,Calibration,2007,2007-05-13,,exper2_10
,15.676608,Calibration,2007,2007-05-14,,exper2_10
,14.817888,Calibration,2007,2007-05-15,,exper2_10
,14.137281,Calibration,2007,2007-05-16,,exper2_10
,14.757823,Calibration,2007,2007-05-17,,exper2_10
,15.189364,Calibration,2007,2007-05-18,,exper2_10
,15.170239,Calibration,2007,2007-05-19,,exper2_10
,14.736564,Calibration,2007,2007-05-20,,exper2_10
,14.794238,Calibration,2007,2007-05-21,,exper2_10
,15.679403,Calibration,2007,2007-05-22,,exper2_10
,16.14826,Calibration,2007,2007-05-23,,exper2_10
,15.725776,Calibration,2007,2007-05-24,,exper2_10
,15.868482,Calibration,2007,2007-05-25,,exper2_10
,16.101574,Calibration,2007,2007-05-26,,exper2_10
,15.912061,Calibration,2007,2007-05-27,,exper2_10
,16.206291,Calibration,2007,2007-05-28,,exper2_10
,17.369776,Calibration,2007,2007-05-29,,exper2_10
,18.145971,Calibration,2007,2007-05-30,,exper2_10
,18.106846,Calibration,2007,2007-05-31,,exper2_10
,18.878412,Calibration,2007,2007-06-01,,exper2_10
,18.556877,Calibration,2007,2007-06-02,,exper2_10
,19.017828,Calibration,2007,2007-06-03,,exper2_10
,18.412596,Calibration,2007,2007-06-04,,exper2_10
,17.670237,Calibration,2007,2007-06-05,,exper2_10
,17.491917,Calibration,2007,2007-06-06,,exper2_10
,18.012594,Calibration,2007,2007-06-07,,exper2_10
,18.425611,Calibration,2007,2007-06-08,,exper2_10
17.470000000000027,18.715216,Calibration,2007,2007-06-09,0.03441227748627045,exper2_10
18.410000000000025,19.373793,Calibration,2007,2007-06-10,0.02550809701096468,exper2_10
19.208500000000015,20.421755,Calibration,2007,2007-06-11,0.030614358702086363,exper2_10
20.349000000000046,21.03261,Calibration,2007,2007-06-12,0.01651965548400232,exper2_10
21.335500000000025,21.490866,Calibration,2007,2007-06-13,0.0036278050876168495,exper2_10
22.641999999999996,21.870173,Calibration,2007,2007-06-14,-0.017339695099785595,exper2_10
22.670500000000004,22.000614,Calibration,2007,2007-06-15,-0.014995950878838954,exper2_10
23.110500000000002,22.225498,Calibration,2007,2007-06-16,-0.01952095102535089,exper2_10
22.71950000000004,22.295818,Calibration,2007,2007-06-17,-0.009411944352974006,exper2_10
22.353499999999997,22.29548,Calibration,2007,2007-06-18,-0.0012994534456192838,exper2_10
21.374000000000024,21.359818,Calibration,2007,2007-06-19,-0.0003318799008675186,exper2_10
20.947500000000048,21.226933,Calibration,2007,2007-06-20,0.006625638067918777,exper2_10
21.464,21.687717,Calibration,2007,2007-06-21,0.005184438790110815,exper2_10
21.43100000000004,21.722906,Calibration,2007,2007-06-22,0.00676430337287934,exper2_10
21.601,21.80744,Calibration,2007,2007-06-23,0.004755752683324026,exper2_10
22.23750000000001,22.375181,Calibration,2007,2007-06-24,0.0030861448902539256,exper2_10
22.841499999999996,23.153688,Calibration,2007,2007-06-25,0.0067874149761538586,exper2_10
23.321500000000015,23.50862,Calibration,2007,2007-06-26,0.003995704286788241,exper2_10
23.492500000000007,23.389883,Calibration,2007,2007-06-27,-0.0021888170344837973,exper2_10
22.887,22.505587,Calibration,2007,2007-06-28,-0.008402547733457623,exper2_10
22.996000000000038,22.290413,Calibration,2007,2007-06-29,-0.015580547275447406,exper2_10
22.80000000000001,22.234577,Calibration,2007,2007-06-30,-0.01255530431202002,exper2_10
22.799000000000035,22.068312,Calibration,2007,2007-07-01,-0.016285537982383656,exper2_10
22.125,21.220713,Calibration,2007,2007-07-02,-0.02086220949494177,exper2_10
22.379999999999995,21.861753,Calibration,2007,2007-07-03,-0.011713969173476972,exper2_10
22.661999999999978,22.485222,Calibration,2007,2007-07-04,-0.003915592807554271,exper2_10
22.75150000000002,22.571299,Calibration,2007,2007-07-05,-0.003975954846704157,exper2_10
23.400500000000022,22.722391,Calibration,2007,2007-07-06,-0.014702219545825066,exper2_10
23.46900000000005,23.06603,Calibration,2007,2007-07-07,-0.008659487128962563,exper2_10
24.059500000000014,23.810589,Calibration,2007,2007-07-08,-0.005199722193525966,exper2_10
24.495000000000005,23.952124,Calibration,2007,2007-07-09,-0.011205543636484527,exper2_10
23.831000000000017,23.771154,Calibration,2007,2007-07-10,-0.0012572035249912787,exper2_10
22.898500000000013,23.11759,Calibration,2007,2007-07-11,0.004761159646482244,exper2_10
22.022000000000048,22.512741,Calibration,2007,2007-07-12,0.011019286895322592,exper2_10
21.98150000000004,22.014318,Calibration,2007,2007-07-13,0.0007459451223008124,exper2_10
21.50550000000004,21.464928,Calibration,2007,2007-07-14,-0.0009441918281248335,exper2_10
21.423000000000002,21.401674,Calibration,2007,2007-07-15,-0.0004979776199896204,exper2_10
22.08299999999997,21.793322,Calibration,2007,2007-07-16,-0.006602157607491844,exper2_10
22.311500000000024,22.074745,Calibration,2007,2007-07-17,-0.00533396823332844,exper2_10
22.986000000000047,22.978422,Calibration,2007,2007-07-18,-0.00016486305551423935,exper2_10
22.448500000000024,22.690706,Calibration,2007,2007-07-19,0.0053657623418080945,exper2_10
22.234000000000037,22.257853,Calibration,2007,2007-07-20,0.0005361106124347044,exper2_10
22.331000000000017,22.5222,Calibration,2007,2007-07-21,0.0042627868761063985,exper2_10
22.194000000000017,22.575886,Calibration,2007,2007-07-22,0.008529969780219677,exper2_10
22.343000000000018,22.289007,Calibration,2007,2007-07-23,-0.0012097330259937156,exper2_10
23.615499999999997,22.798119,Calibration,2007,2007-07-24,-0.01761080979030724,exper2_10
24.57000000000005,23.838247,Calibration,2007,2007-07-25,-0.015116281659259578,exper2_10
24.85450000000003,24.285069,Calibration,2007,2007-07-26,-0.011588044121683985,exper2_10
24.317499999999995,24.425852,Calibration,2007,2007-07-27,0.002222904618773843,exper2_10
24.661999999999978,24.093012,Calibration,2007,2007-07-28,-0.011670351872756876,exper2_10
24.564999999999998,24.102339,Calibration,2007,2007-07-29,-0.009506605879855802,exper2_10
24.923000000000002,24.198267,Calibration,2007,2007-07-30,-0.014753956106590594,exper2_10
25.37050000000005,24.649815,Calibration,2007,2007-07-31,-0.014407854088243735,exper2_10
25.240499999999997,24.701433,Calibration,2007,2007-08-01,-0.010793871680444943,exper2_10
25.171500000000037,24.453577,Calibration,2007,2007-08-02,-0.014466938918238045,exper2_10
24.937000000000012,24.167837,Calibration,2007,2007-08-03,-0.015663688178348706,exper2_10
24.693499999999972,23.960697,Calibration,2007,2007-08-04,-0.015061451395568724,exper2_10
24.14300000000003,23.564505,Calibration,2007,2007-08-05,-0.012125877912781014,exper2_10
24.225000000000023,24.012583,Calibration,2007,2007-08-06,-0.004403562716706832,exper2_10
24.079000000000008,24.273947,Calibration,2007,2007-08-07,0.004031745222150906,exper2_10
24.512,24.769398,Calibration,2007,2007-08-08,0.0052230201946927655,exper2_10
24.36500000000001,24.486288,Calibration,2007,2007-08-09,0.0024828018967119267,exper2_10
24.859500000000025,24.889397,Calibration,2007,2007-08-10,0.0006009513674297409,exper2_10
24.5385,24.526587,Calibration,2007,2007-08-11,-0.0002428094649198635,exper2_10
24.466000000000008,24.712744,Calibration,2007,2007-08-12,0.00501728471072079,exper2_10
24.20550000000003,24.762075,Calibration,2007,2007-08-13,0.011366203439170254,exper2_10
23.968000000000018,24.31106,Calibration,2007,2007-08-14,0.0071057711588592065,exper2_10
23.822000000000003,24.030582,Calibration,2007,2007-08-15,0.004358854159907546,exper2_10
23.644000000000005,23.73916,Calibration,2007,2007-08-16,0.0020083197625444978,exper2_10
23.170000000000016,23.223661,Calibration,2007,2007-08-17,0.0011566541868839456,exper2_10
22.479000000000042,22.620369,Calibration,2007,2007-08-18,0.0031346105452750126,exper2_10
21.94300000000004,22.027842,Calibration,2007,2007-08-19,0.0019294961153274942,exper2_10
21.36500000000001,21.459095,Calibration,2007,2007-08-20,0.00219724436016714,exper2_10
20.918000000000006,21.29183,Calibration,2007,2007-08-21,0.008856469270533235,exper2_10
21.588000000000022,22.036303,Calibration,2007,2007-08-22,0.010276440886238202,exper2_10
21.61250000000001,22.0408,Calibration,2007,2007-08-23,0.009811402429513415,exper2_10
21.342499999999973,21.806707,Calibration,2007,2007-08-24,0.010758190251106413,exper2_10
21.124500000000012,21.564928,Calibration,2007,2007-08-25,0.010317028708936705,exper2_10
21.02000000000004,21.207357,Calibration,2007,2007-08-26,0.004436872637140605,exper2_10
20.860500000000002,21.031523,Calibration,2007,2007-08-27,0.0040824658162633585,exper2_10
21.20750000000004,21.115438,Calibration,2007,2007-08-28,-0.0021752161367647104,exper2_10
21.133000000000038,21.237696,Calibration,2007,2007-08-29,0.0024709458330793646,exper2_10
21.19300000000004,21.160686,Calibration,2007,2007-08-30,-0.0007629443799542756,exper2_10
21.036999999999978,20.839407,Calibration,2007,2007-08-31,-0.0047184810528714234,exper2_10
21.137999999999977,21.24465,Calibration,2007,2007-09-01,0.0025163572209174925,exper2_10
21.10699999999997,21.346804,Calibration,2007,2007-09-02,0.005648579030810193,exper2_10
21.375999999999976,21.407703,Calibration,2007,2007-09-03,0.0007410157872981156,exper2_10
21.473000000000013,21.539865,Calibration,2007,2007-09-04,0.0015545463666929798,exper2_10
21.778999999999996,21.75491,Calibration,2007,2007-09-05,-0.0005533728738657308,exper2_10
21.9255,21.64941,Calibration,2007,2007-09-06,-0.006335979824793489,exper2_10
21.831500000000005,21.613674,Calibration,2007,2007-09-07,-0.005013809712450271,exper2_10
21.5265,21.138762,Calibration,2007,2007-09-08,-0.009087919909479342,exper2_10
21.104000000000042,20.909367,Calibration,2007,2007-09-09,-0.00463265403488308,exper2_10
20.573000000000036,20.200806,Calibration,2007,2007-09-10,-0.009128270708995478,exper2_10
19.75750000000005,19.523998,Calibration,2007,2007-09-11,-0.005944318568337681,exper2_10
19.065999999999974,18.911621,Calibration,2007,2007-09-12,-0.004064996748187064,exper2_10
18.487000000000023,18.564919,Calibration,2007,2007-09-13,0.002102955020490779,exper2_10
17.807000000000016,17.822245,Calibration,2007,2007-09-14,0.00042786885653269896,exper2_10
17.3125,17.149836,Calibration,2007,2007-09-15,-0.004720063532653992,exper2_10
16.963000000000022,17.095873,Calibration,2007,2007-09-16,0.003901270588144276,exper2_10
16.762500000000045,16.850618,Calibration,2007,2007-09-17,0.002621546786483584,exper2_10
16.851999999999975,17.276037,Calibration,2007,2007-09-18,0.01242489316043738,exper2_10
17.201000000000022,17.246948,Calibration,2007,2007-09-19,0.0013338455418139107,exper2_10
16.93100000000004,17.150202,Calibration,2007,2007-09-20,0.0064317508164129615,exper2_10
16.976999999999975,17.278063,Calibration,2007,2007-09-21,0.008788856176173719,exper2_10
16.998000000000047,17.07673,Calibration,2007,2007-09-22,0.0023105311903265182,exper2_10
16.916500000000042,17.147219,Calibration,2007,2007-09-23,0.006773150818527144,exper2_10
17.12700000000001,17.486816,Calibration,2007,2007-09-24,0.010395167121329636,exper2_10
17.397000000000048,17.814947,Calibration,2007,2007-09-25,0.011869469381316671,exper2_10
17.098000000000013,17.21456,Calibration,2007,2007-09-26,0.003396993886937539,exper2_10
16.847000000000037,17.054398,Calibration,2007,2007-09-27,0.006117670591602042,exper2_10
16.95700000000005,16.726175,Calibration,2007,2007-09-28,-0.006852818644925356,exper2_10
16.48199999999997,14.324834,Calibration,2007,2007-09-29,-0.07002232488977637,exper2_10
16.250999999999976,14.329869,Calibration,2007,2007-09-30,-0.0628213250804977,exper2_10
16.24000000000001,14.921842,Calibration,2007,2007-10-01,-0.04230040042613848,exper2_10
16.201999999999998,14.806029,Calibration,2007,2007-10-02,-0.04501965171153534,exper2_10
16.214999999999975,16.179794,Calibration,2007,2007-10-03,-0.0010867699340203617,exper2_10
16.132000000000005,16.489992,Calibration,2007,2007-10-04,0.010973950952117196,exper2_10
16.233000000000004,16.49756,Calibration,2007,2007-10-05,0.00808298107481992,exper2_10
16.605000000000018,17.704887,Calibration,2007,2007-10-06,0.03205744681204904,exper2_10
17.299000000000035,18.157927,Calibration,2007,2007-10-07,0.024224506825432316,exper2_10
17.55600000000004,17.145548,Calibration,2007,2007-10-08,-0.011828064118465171,exper2_10
16.5505,15.909414,Calibration,2007,2007-10-09,-0.01975007397935037,exper2_10
15.645000000000039,14.9056425,Calibration,2007,2007-10-10,-0.024201045536460835,exper2_10
14.958500000000015,14.415125,Calibration,2007,2007-10-11,-0.018498741942385967,exper2_10
14.558500000000038,13.809089,Calibration,2007,2007-10-12,-0.02641787078806891,exper2_10
14.347000000000037,13.925158,Calibration,2007,2007-10-13,-0.014920773283812293,exper2_10
14.114500000000021,13.696312,Calibration,2007,2007-10-14,-0.015036887454346608,exper2_10
13.849000000000046,13.128599,Calibration,2007,2007-10-15,-0.02670366731575645,exper2_10
13.585500000000025,12.997148,Calibration,2007,2007-10-16,-0.022132951149796885,exper2_10
13.534000000000049,13.360606,Calibration,2007,2007-10-17,-0.006447159151904612,exper2_10
13.535000000000025,13.046753,Calibration,2007,2007-10-18,-0.01836775293202097,exper2_10
13.411999999999978,12.617366,Calibration,2007,2007-10-19,-0.030528371988621187,exper2_10
13.302000000000021,13.132911,Calibration,2007,2007-10-20,-0.006396438152651785,exper2_10
13.182000000000016,12.952128,Calibration,2007,2007-10-21,-0.008795839143796258,exper2_10
12.916500000000042,12.500789,Calibration,2007,2007-10-22,-0.016355454605425694,exper2_10
12.591000000000008,11.6877575,Calibration,2007,2007-10-23,-0.037202995591095134,exper2_10
12.239500000000021,11.321492,Calibration,2007,2007-10-24,-0.03896303675447077,exper2_10
11.96550000000002,11.426798,Calibration,2007,2007-10-25,-0.023029038713755622,exper2_10
11.947000000000003,11.4192915,Calibration,2007,2007-10-26,-0.02258417874343609,exper2_10
11.629999999999995,10.510118,Validation,2007,2007-10-27,-0.05058159549596689,exper2_10
11.371000000000038,10.364041,Validation,2007,2007-10-28,-0.04632881329067104,exper2_10
11.214999999999975,10.24618,Validation,2007,2007-10-29,-0.04514292495754885,exper2_10
11.085000000000036,9.948598,Validation,2007,2007-10-30,-0.05402794600094118,exper2_10
10.986000000000047,9.785802,Validation,2007,2007-10-31,-0.05778016365587348,exper2_10
10.66500000000002,9.342983,Validation,2007,2007-11-01,-0.06607446327328591,exper2_10
10.252499999999998,8.829619,Validation,2007,2007-11-02,-0.07456617171022806,exper2_10
10.129999999999995,8.468036,Validation,2007,2007-11-03,-0.08936235681316268,exper2_10
9.927500000000009,8.230301,Validation,2007,2007-11-04,-0.09346941877578072,exper2_10
9.662500000000023,7.8606668,Validation,2007,2007-11-05,-0.10282577764929564,exper2_10
9.115499999999997,6.8064537,Validation,2007,2007-11-06,-0.1450227992099346,exper2_10
8.803999999999974,6.1751213,Validation,2007,2007-11-07,-0.1755028641989127,exper2_10
8.543499999999995,5.994714,Validation,2007,2007-11-08,-0.1753163252881796,exper2_10
8.395500000000027,5.5769544,Validation,2007,2007-11-09,-0.20172158460067888,exper2_10
8.201000000000022,5.2581754,Validation,2007,2007-11-10,-0.21864821174774232,exper2_10
8.104000000000042,5.2846274,Validation,2007,2007-11-11,-0.21057965617091293,exper2_10
8.010000000000048,5.444673,Validation,2007,2007-11-12,-0.1906643830680949,exper2_10
7.833000000000027,5.2245374,Validation,2007,2007-11-13,-0.1997668130658922,exper2_10
7.623000000000047,5.123386,Validation,2007,2007-11-14,-0.19610375146110176,exper2_10
7.276499999999999,4.9193172,Validation,2007,2007-11-15,-0.19327796629533459,exper2_10
6.9535000000000196,4.8056245,Validation,2007,2007-11-16,-0.18265607424439545,exper2_10
6.7029999999999745,4.7695346,Validation,2007,2007-11-17,-0.16852992661149233,exper2_10
6.440999999999974,4.7140803,Validation,2007,2007-11-18,-0.1548101505886654,exper2_10
6.291500000000042,4.5816464,Validation,2007,2007-11-19,-0.15725471616173667,exper2_10
6.214500000000044,4.736836,Validation,2007,2007-11-20,-0.13493002582388963,exper2_10
6.040500000000009,4.7619367,Validation,2007,2007-11-21,-0.11835879025431581,exper2_10
5.6370000000000005,4.53909,Validation,2007,2007-11-22,-0.10789112778620376,exper2_10
5.262999999999977,4.6017184,Validation,2007,2007-11-23,-0.06703501769731665,exper2_10
4.992999999999995,4.6050296,Validation,2007,2007-11-24,-0.040421881769440476,exper2_10
4.7620000000000005,4.658827,Validation,2007,2007-11-25,-0.010951604766833602,exper2_10
4.500999999999976,4.273621,Validation,2007,2007-11-26,-0.02591324634548381,exper2_10
4.1095000000000255,3.6176403,Validation,2007,2007-11-27,-0.06365352857161673,exper2_10
3.771000000000015,3.189256,Validation,2007,2007-11-28,-0.08358084115110338,exper2_10
3.2490000000000236,2.479068,Validation,2007,2007-11-29,-0.13441389900778639,exper2_10
,1.8918856,Validation,2007,2007-11-30,,exper2_10
,1.745867,Validation,2007,2007-12-01,,exper2_10
,2.0978746,Validation,2007,2007-12-02,,exper2_10
,1.8396798,Validation,2007,2007-12-03,,exper2_10
,1.633578,Validation,2007,2007-12-04,,exper2_10
,0.9540339,Validation,2007,2007-12-05,,exper2_10
,0.67352206,Validation,2007,2007-12-06,,exper2_10
,0.56846565,Validation,2007,2007-12-07,,exper2_10
,0.21636987,Validation,2007,2007-12-08,,exper2_10
,0.08936478,Validation,2007,2007-12-09,,exper2_10
,0.06125912,Validation,2007,2007-12-10,,exper2_10
,0.27957296,Validation,2007,2007-12-11,,exper2_10
,0.16339692,Validation,2007,2007-12-12,,exper2_10
,0.13443807,Validation,2007,2007-12-13,,exper2_10
,0.0014479309,Validation,2007,2007-12-14,,exper2_10
,0.01,Validation,2007,2007-12-15,,exper2_10
,0.01,Validation,2007,2007-12-16,,exper2_10
,0.01,Validation,2007,2007-12-17,,exper2_10
,0.008646727,Validation,2007,2007-12-18,,exper2_10
,0.17228422,Validation,2007,2007-12-19,,exper2_10
,0.16903813,Validation,2007,2007-12-20,,exper2_10
,0.07863553,Validation,2007,2007-12-21,,exper2_10
,0.114942566,Validation,2007,2007-12-22,,exper2_10
,0.07586817,Validation,2007,2007-12-23,,exper2_10
,0.1520144,Validation,2007,2007-12-24,,exper2_10
,0.06082228,Validation,2007,2007-12-25,,exper2_10
,0.01,Validation,2007,2007-12-26,,exper2_10
,0.01747033,Validation,2007,2007-12-27,,exper2_10
,0.01,Validation,2007,2007-12-28,,exper2_10
,0.01,Validation,2007,2007-12-29,,exper2_10
,0.01,Validation,2007,2007-12-30,,exper2_10
,0.01,Validation,2007,2007-12-31,,exper2_10
,0.01,Validation,2008,2008-01-01,,exper2_10
,0.01,Validation,2008,2008-01-02,,exper2_10
,0.01,Validation,2008,2008-01-03,,exper2_10
,0.01,Validation,2008,2008-01-04,,exper2_10
,0.01,Validation,2008,2008-01-05,,exper2_10
,0.01,Validation,2008,2008-01-06,,exper2_10
,0.01,Validation,2008,2008-01-07,,exper2_10
,0.01,Validation,2008,2008-01-08,,exper2_10
,0.01,Validation,2008,2008-01-09,,exper2_10
,0.01,Validation,2008,2008-01-10,,exper2_10
,0.01,Validation,2008,2008-01-11,,exper2_10
,0.01,Validation,2008,2008-01-12,,exper2_10
,0.01,Validation,2008,2008-01-13,,exper2_10
,0.01,Validation,2008,2008-01-14,,exper2_10
,0.01,Validation,2008,2008-01-15,,exper2_10
,0.01,Validation,2008,2008-01-16,,exper2_10
,0.01,Validation,2008,2008-01-17,,exper2_10
,0.01,Validation,2008,2008-01-18,,exper2_10
,0.01,Validation,2008,2008-01-19,,exper2_10
,0.01,Validation,2008,2008-01-20,,exper2_10
,0.01,Validation,2008,2008-01-21,,exper2_10
,0.01,Validation,2008,2008-01-22,,exper2_10
,0.01,Validation,2008,2008-01-23,,exper2_10
,0.01,Validation,2008,2008-01-24,,exper2_10
,0.01,Validation,2008,2008-01-25,,exper2_10
,0.01,Validation,2008,2008-01-26,,exper2_10
,0.01,Validation,2008,2008-01-27,,exper2_10
,0.01,Validation,2008,2008-01-28,,exper2_10
,0.01,Validation,2008,2008-01-29,,exper2_10
,0.29426384,Validation,2008,2008-01-30,,exper2_10
,0.01,Validation,2008,2008-01-31,,exper2_10
,0.01,Validation,2008,2008-02-01,,exper2_10
,0.01,Validation,2008,2008-02-02,,exper2_10
,0.13235252,Validation,2008,2008-02-03,,exper2_10
,0.01,Validation,2008,2008-02-04,,exper2_10
,0.01,Validation,2008,2008-02-05,,exper2_10
,0.5250245,Validation,2008,2008-02-06,,exper2_10
,0.46975398,Validation,2008,2008-02-07,,exper2_10
,0.01,Validation,2008,2008-02-08,,exper2_10
,0.01,Validation,2008,2008-02-09,,exper2_10
,0.25383613,Validation,2008,2008-02-10,,exper2_10
,0.01,Validation,2008,2008-02-11,,exper2_10
,0.01,Validation,2008,2008-02-12,,exper2_10
,0.01,Validation,2008,2008-02-13,,exper2_10
,0.01,Validation,2008,2008-02-14,,exper2_10
,0.01,Validation,2008,2008-02-15,,exper2_10
,0.01,Validation,2008,2008-02-16,,exper2_10
,0.01,Validation,2008,2008-02-17,,exper2_10
,0.12376569,Validation,2008,2008-02-18,,exper2_10
,0.01,Validation,2008,2008-02-19,,exper2_10
,0.01,Validation,2008,2008-02-20,,exper2_10
,0.01,Validation,2008,2008-02-21,,exper2_10
,0.01,Validation,2008,2008-02-22,,exper2_10
,0.01,Validation,2008,2008-02-23,,exper2_10
,0.01,Validation,2008,2008-02-24,,exper2_10
,0.01,Validation,2008,2008-02-25,,exper2_10
,0.01,Validation,2008,2008-02-26,,exper2_10
,0.01,Validation,2008,2008-02-27,,exper2_10
,0.01,Validation,2008,2008-02-28,,exper2_10
,0.01,Validation,2008,2008-02-29,,exper2_10
,0.01,Validation,2008,2008-03-01,,exper2_10
,0.01,Validation,2008,2008-03-02,,exper2_10
,0.01,Validation,2008,2008-03-03,,exper2_10
,0.01,Validation,2008,2008-03-04,,exper2_10
,0.01,Validation,2008,2008-03-05,,exper2_10
,0.01,Validation,2008,2008-03-06,,exper2_10
,0.01,Validation,2008,2008-03-07,,exper2_10
,0.01,Validation,2008,2008-03-08,,exper2_10
,0.01,Validation,2008,2008-03-09,,exper2_10
,0.01,Validation,2008,2008-03-10,,exper2_10
,0.01,Validation,2008,2008-03-11,,exper2_10
,0.01,Validation,2008,2008-03-12,,exper2_10
,0.01,Validation,2008,2008-03-13,,exper2_10
,0.01,Validation,2008,2008-03-14,,exper2_10
,0.01,Validation,2008,2008-03-15,,exper2_10
,0.01,Validation,2008,2008-03-16,,exper2_10
,0.01,Validation,2008,2008-03-17,,exper2_10
,0.01,Validation,2008,2008-03-18,,exper2_10
,0.01,Validation,2008,2008-03-19,,exper2_10
,0.01,Validation,2008,2008-03-20,,exper2_10
,0.01,Validation,2008,2008-03-21,,exper2_10
,0.01,Validation,2008,2008-03-22,,exper2_10
,0.01,Validation,2008,2008-03-23,,exper2_10
,0.01,Validation,2008,2008-03-24,,exper2_10
,0.01,Validation,2008,2008-03-25,,exper2_10
,0.01,Validation,2008,2008-03-26,,exper2_10
,0.01,Validation,2008,2008-03-27,,exper2_10
,0.01,Validation,2008,2008-03-28,,exper2_10
,0.01,Validation,2008,2008-03-29,,exper2_10
,0.01,Validation,2008,2008-03-30,,exper2_10
,0.01,Validation,2008,2008-03-31,,exper2_10
,0.01,Validation,2008,2008-04-01,,exper2_10
,0.01,Validation,2008,2008-04-02,,exper2_10
,0.01,Validation,2008,2008-04-03,,exper2_10
,0.01,Validation,2008,2008-04-04,,exper2_10
,0.01,Validation,2008,2008-04-05,,exper2_10
,0.01,Validation,2008,2008-04-06,,exper2_10
,0.01,Validation,2008,2008-04-07,,exper2_10
,0.01,Validation,2008,2008-04-08,,exper2_10
,0.3681451,Validation,2008,2008-04-09,,exper2_10
,0.5164847,Validation,2008,2008-04-10,,exper2_10
,0.26927844,Validation,2008,2008-04-11,,exper2_10
,0.45673275,Validation,2008,2008-04-12,,exper2_10
,0.58350545,Validation,2008,2008-04-13,,exper2_10
,0.2135243,Validation,2008,2008-04-14,,exper2_10
,0.17641354,Validation,2008,2008-04-15,,exper2_10
,0.14187494,Validation,2008,2008-04-16,,exper2_10
,1.1897609,Validation,2008,2008-04-17,,exper2_10
,1.4359432,Validation,2008,2008-04-18,,exper2_10
,1.8896619,Validation,2008,2008-04-19,,exper2_10
,2.741642,Validation,2008,2008-04-20,,exper2_10
,3.2495995,Validation,2008,2008-04-21,,exper2_10
,3.7584174,Validation,2008,2008-04-22,,exper2_10
,4.95499,Validation,2008,2008-04-23,,exper2_10
,5.273458,Validation,2008,2008-04-24,,exper2_10
,5.77187,Validation,2008,2008-04-25,,exper2_10
,5.6779413,Validation,2008,2008-04-26,,exper2_10
,6.26349,Validation,2008,2008-04-27,,exper2_10
,6.1351237,Validation,2008,2008-04-28,,exper2_10
,6.2791677,Validation,2008,2008-04-29,,exper2_10
,6.8754544,Validation,2008,2008-04-30,,exper2_10
,6.5894637,Validation,2008,2008-05-01,,exper2_10
,7.125293,Validation,2008,2008-05-02,,exper2_10
,6.3455863,Validation,2008,2008-05-03,,exper2_10
,7.24608,Validation,2008,2008-05-04,,exper2_10
,7.806501,Validation,2008,2008-05-05,,exper2_10
,8.149289,Validation,2008,2008-05-06,,exper2_10
,8.529267,Validation,2008,2008-05-07,,exper2_10
,9.698956,Validation,2008,2008-05-08,,exper2_10
,10.014966,Validation,2008,2008-05-09,,exper2_10
8.611000000000047,10.656269,Validation,2008,2008-05-10,0.1061525152155979,exper2_10
8.511000000000024,10.46289,Validation,2008,2008-05-11,0.10287240545492646,exper2_10
8.659000000000049,10.585845,Validation,2008,2008-05-12,0.1001226559233348,exper2_10
8.399000000000001,10.818146,Validation,2008,2008-05-13,0.12588475849527525,exper2_10
8.90100000000001,11.184324,Validation,2008,2008-05-14,0.11368122488114576,exper2_10
9.629000000000019,11.983487,Validation,2008,2008-05-15,0.10894105408299265,exper2_10
10.520000000000039,12.819543,Validation,2008,2008-05-16,0.0985256179255156,exper2_10
10.628499999999974,13.592311,Validation,2008,2008-05-17,0.12236629553921645,exper2_10
10.26950000000005,12.729175,Validation,2008,2008-05-18,0.10694853748051927,exper2_10
10.545500000000004,12.80166,Validation,2008,2008-05-19,0.09663529201158937,exper2_10
10.572500000000048,13.026081,Validation,2008,2008-05-20,0.10397155135497856,exper2_10
10.786999999999978,12.690383,Validation,2008,2008-05-21,0.08107304638287366,exper2_10
11.926000000000045,12.717165,Validation,2008,2008-05-22,0.03210484503519067,exper2_10
12.100000000000023,13.790929,Validation,2008,2008-05-23,0.06530970175095376,exper2_10
12.914499999999975,14.632765,Validation,2008,2008-05-24,0.06237515149847028,exper2_10
12.837000000000046,14.9040575,Validation,2008,2008-05-25,0.0745125704938205,exper2_10
13.404999999999973,15.173646,Validation,2008,2008-05-26,0.06188697585126398,exper2_10
13.036500000000046,14.760253,Validation,2008,2008-05-27,0.062012744996386676,exper2_10
13.613500000000045,15.165139,Validation,2008,2008-05-28,0.05391635051301035,exper2_10
14.05800000000005,16.097532,Validation,2008,2008-05-29,0.06763376795738542,exper2_10
14.076000000000022,15.590886,Validation,2008,2008-05-30,0.05106319922161891,exper2_10
13.856999999999971,15.035003,Validation,2008,2008-05-31,0.04077262211010279,exper2_10
14.225999999999999,15.913281,Validation,2008,2008-06-01,0.05598280251148962,exper2_10
14.784000000000049,16.68357,Validation,2008,2008-06-02,0.06036598344873658,exper2_10
14.696000000000026,16.00239,Validation,2008,2008-06-03,0.04255564906690372,exper2_10
14.723500000000001,15.725776,Validation,2008,2008-06-04,0.03291624168498014,exper2_10
15.006500000000017,15.758054,Validation,2008,2008-06-05,0.024429211129996607,exper2_10
15.110500000000002,16.882454,Validation,2008,2008-06-06,0.05538575534392192,exper2_10
15.520000000000039,17.86896,Validation,2008,2008-06-07,0.07035138163032433,exper2_10
16.783500000000004,17.588848,Validation,2008,2008-06-08,0.02343011630576749,exper2_10
16.944000000000017,17.990374,Validation,2008,2008-06-09,0.02995255112023006,exper2_10
17.299000000000035,18.585173,Validation,2008,2008-06-10,0.035842338226058375,exper2_10
16.831500000000005,17.94338,Validation,2008,2008-06-11,0.03197366445139732,exper2_10
16.55200000000002,17.394083,Validation,2008,2008-06-12,0.02480648569965937,exper2_10
16.979000000000042,18.248968,Validation,2008,2008-06-13,0.03604999640925525,exper2_10
17.26950000000005,18.799366,Validation,2008,2008-06-14,0.04241513990010965,exper2_10
17.600000000000023,19.12734,Validation,2008,2008-06-15,0.04158592219309001,exper2_10
17.345000000000027,18.60714,Validation,2008,2008-06-16,0.03510610500201135,exper2_10
17.174000000000035,18.56475,Validation,2008,2008-06-17,0.038914361729498005,exper2_10
17.409500000000037,18.622353,Validation,2008,2008-06-18,0.033660567319659024,exper2_10
17.940999999999974,19.087765,Validation,2008,2008-06-19,0.030969565094667632,exper2_10
18.937000000000012,19.97372,Validation,2008,2008-06-20,0.026643571125613264,exper2_10
19.046500000000037,20.157743,Validation,2008,2008-06-21,0.02834497891239514,exper2_10
18.807500000000005,20.063025,Validation,2008,2008-06-22,0.032300169250347635,exper2_10
19.220000000000027,20.140354,Validation,2008,2008-06-23,0.023382771222912425,exper2_10
19.503499999999974,20.621323,Validation,2008,2008-06-24,0.02785863110455368,exper2_10
20.075000000000045,21.182123,Validation,2008,2008-06-25,0.02683471601403205,exper2_10
21.343000000000018,22.127449,Validation,2008,2008-06-26,0.018045570106747396,exper2_10
21.236000000000047,22.444777,Validation,2008,2008-06-27,0.027672963507519882,exper2_10
21.012,22.061243,Validation,2008,2008-06-28,0.02435950912394431,exper2_10
20.42100000000005,21.452658,Validation,2008,2008-06-29,0.024637391531123303,exper2_10
20.41700000000003,21.490067,Validation,2008,2008-06-30,0.02560586118799596,exper2_10
20.84450000000004,21.85247,Validation,2008,2008-07-01,0.023607539095972782,exper2_10
21.003499999999974,22.12153,Validation,2008,2008-07-02,0.025925327333638244,exper2_10
21.087000000000046,21.764526,Validation,2008,2008-07-03,0.01581102062460609,exper2_10
21.16550000000001,21.824556,Validation,2008,2008-07-04,0.015330437004582921,exper2_10
21.28200000000004,21.929783,Validation,2008,2008-07-05,0.014990884995856754,exper2_10
21.309000000000026,22.03533,Validation,2008,2008-07-06,0.016757204962291772,exper2_10
22.523000000000025,23.326311,Validation,2008,2008-07-07,0.017520680070797292,exper2_10
22.398000000000025,23.468708,Validation,2008,2008-07-08,0.023343904198122947,exper2_10
21.947000000000003,22.911844,Validation,2008,2008-07-09,0.021508450999913924,exper2_10
21.71700000000004,22.766813,Validation,2008,2008-07-10,0.02359989400262857,exper2_10
21.805499999999995,22.56839,Validation,2008,2008-07-11,0.017192314994808,exper2_10
21.870000000000005,22.43308,Validation,2008,2008-07-12,0.012709740827530397,exper2_10
21.172000000000025,22.067533,Validation,2008,2008-07-13,0.020710988780350124,exper2_10
21.075000000000045,21.791662,Validation,2008,2008-07-14,0.016718404912707766,exper2_10
21.58299999999997,22.37364,Validation,2008,2008-07-15,0.017986817448694563,exper2_10
21.880999999999972,23.009203,Validation,2008,2008-07-16,0.025132498470327554,exper2_10
22.036999999999978,23.031311,Validation,2008,2008-07-17,0.022062309687634948,exper2_10
22.44500000000005,23.461855,Validation,2008,2008-07-18,0.02215039423064205,exper2_10
22.76600000000002,23.889677,Validation,2008,2008-07-19,0.024084465574895266,exper2_10
22.54600000000005,23.878511,Validation,2008,2008-07-20,0.02870275610494353,exper2_10
22.613,23.78183,Validation,2008,2008-07-21,0.025193105312958892,exper2_10
22.597000000000037,23.84641,Validation,2008,2008-07-22,0.0269017871670119,exper2_10
22.850000000000023,23.92699,Validation,2008,2008-07-23,0.023023937566594842,exper2_10
22.604000000000042,23.647886,Validation,2008,2008-07-24,0.02256959359474194,exper2_10
22.511500000000012,23.37547,Validation,2008,2008-07-25,0.018828203794673006,exper2_10
22.36500000000001,23.18464,Validation,2008,2008-07-26,0.01799445327087373,exper2_10
22.494500000000016,23.187286,Validation,2008,2008-07-27,0.015165483486929166,exper2_10
23.125500000000045,23.81383,Validation,2008,2008-07-28,0.014664236376467158,exper2_10
22.821500000000015,23.584795,Validation,2008,2008-07-29,0.016448091755634615,exper2_10
22.878000000000043,23.471476,Validation,2008,2008-07-30,0.012804364957711152,exper2_10
23.189999999999998,23.585106,Validation,2008,2008-07-31,0.008446926809200806,exper2_10
,23.857557,Validation,2008,2008-08-01,,exper2_10
23.524,23.881285,Validation,2008,2008-08-02,0.007536811895605426,exper2_10
23.322000000000003,23.87475,Validation,2008,2008-08-03,0.011711614374310802,exper2_10
23.444000000000017,23.743813,Validation,2008,2008-08-04,0.006353601592515997,exper2_10
,23.957663,Validation,2008,2008-08-05,,exper2_10
,23.829363,Validation,2008,2008-08-06,,exper2_10
,23.44171,Validation,2008,2008-08-07,,exper2_10
,23.06566,Validation,2008,2008-08-08,,exper2_10
,22.81174,Validation,2008,2008-08-09,,exper2_10
,22.350088,Validation,2008,2008-08-10,,exper2_10
,22.636335,Validation,2008,2008-08-11,,exper2_10
,22.537598,Validation,2008,2008-08-12,,exper2_10
,22.281012,Validation,2008,2008-08-13,,exper2_10
,22.129736,Validation,2008,2008-08-14,,exper2_10
,22.39501,Validation,2008,2008-08-15,,exper2_10
,22.254225,Validation,2008,2008-08-16,,exper2_10
,22.325422,Validation,2008,2008-08-17,,exper2_10
,22.432537,Validation,2008,2008-08-18,,exper2_10
,22.140482,Validation,2008,2008-08-19,,exper2_10
,22.216284,Validation,2008,2008-08-20,,exper2_10
,22.235733,Validation,2008,2008-08-21,,exper2_10
,22.148516,Validation,2008,2008-08-22,,exper2_10
,22.059566,Validation,2008,2008-08-23,,exper2_10
,21.985537,Validation,2008,2008-08-24,,exper2_10
,21.704916,Validation,2008,2008-08-25,,exper2_10
,21.53097,Validation,2008,2008-08-26,,exper2_10
,21.421097,Validation,2008,2008-08-27,,exper2_10
,21.477846,Validation,2008,2008-08-28,,exper2_10
,21.44578,Validation,2008,2008-08-29,,exper2_10
,21.525965,Validation,2008,2008-08-30,,exper2_10
,21.723833,Validation,2008,2008-08-31,,exper2_10
,21.836433,Validation,2008,2008-09-01,,exper2_10
,21.939947,Validation,2008,2008-09-02,,exper2_10
,21.66287,Validation,2008,2008-09-03,,exper2_10
,20.940271,Validation,2008,2008-09-04,,exper2_10
,20.399723,Validation,2008,2008-09-05,,exper2_10
,20.242388,Validation,2008,2008-09-06,,exper2_10
,19.825352,Validation,2008,2008-09-07,,exper2_10
,19.415222,Validation,2008,2008-09-08,,exper2_10
,18.878838,Validation,2008,2008-09-09,,exper2_10
,18.77213,Validation,2008,2008-09-10,,exper2_10
,18.471958,Validation,2008,2008-09-11,,exper2_10
,18.943464,Validation,2008,2008-09-12,,exper2_10
,18.824423,Validation,2008,2008-09-13,,exper2_10
,18.366674,Validation,2008,2008-09-14,,exper2_10
,17.929274,Validation,2008,2008-09-15,,exper2_10
18.004999999999995,17.67021,Validation,2008,2008-09-16,-0.009384390910074272,exper2_10
17.950000000000045,17.838531,Validation,2008,2008-09-17,-0.0031146431889129116,exper2_10
17.845000000000027,17.787344,Validation,2008,2008-09-18,-0.0016180810656846545,exper2_10
17.795000000000016,17.987143,Validation,2008,2008-09-19,0.005369789205009639,exper2_10
17.930000000000007,18.37575,Validation,2008,2008-09-20,0.0122776583067676,exper2_10
17.92500000000001,18.147406,Validation,2008,2008-09-21,0.006165533474686308,exper2_10
17.930000000000007,18.1275,Validation,2008,2008-09-22,0.005477377276083347,exper2_10
17.99000000000001,18.538063,Validation,2008,2008-09-23,0.015003890257648183,exper2_10
18.015000000000043,18.813993,Validation,2008,2008-09-24,0.021694686143889554,exper2_10
17.814999999999998,18.468086,Validation,2008,2008-09-25,0.017999743415091037,exper2_10
17.89500000000004,18.597006,Validation,2008,2008-09-26,0.01923725012856095,exper2_10
17.879999999999995,18.833426,Validation,2008,2008-09-27,0.025969396979400466,exper2_10
17.625,18.259844,Validation,2008,2008-09-28,0.017691140843945248,exper2_10
17.33000000000004,18.184292,Validation,2008,2008-09-29,0.024054874681381195,exper2_10
16.94500000000005,17.184385,Validation,2008,2008-09-30,0.007014052482357277,exper2_10
16.430000000000007,16.669336,Validation,2008,2008-10-01,0.007230849484814367,exper2_10
15.975000000000023,16.2809,Validation,2008,2008-10-02,0.009483507106645483,exper2_10
15.470000000000027,15.555964,Validation,2008,2008-10-03,0.0027707267567141287,exper2_10
15.200000000000045,15.267357,Validation,2008,2008-10-04,0.002210788183572803,exper2_10
15.064999999999998,15.018777,Validation,2008,2008-10-05,-0.0015364794968308778,exper2_10
14.865000000000009,14.881581,Validation,2008,2008-10-06,0.0005574188941809891,exper2_10
14.589999999999975,14.874114,Validation,2008,2008-10-07,0.009642714395129806,exper2_10
14.480000000000018,14.576302,Validation,2008,2008-10-08,0.0033143094436644243,exper2_10
14.230000000000018,14.1712885,Validation,2008,2008-10-09,-0.00206721289157953,exper2_10
13.960000000000036,14.00715,Validation,2008,2008-10-10,0.0016858956619456493,exper2_10
14.015000000000043,14.023655,Validation,2008,2008-10-11,0.0003086787780410463,exper2_10
14.214999999999975,14.366514,Validation,2008,2008-10-12,0.005301125924993602,exper2_10
14.399999999999977,14.381649,Validation,2008,2008-10-13,-0.0006375931641352749,exper2_10
14.024999999999977,14.220862,Validation,2008,2008-10-14,0.00693419750886549,exper2_10
13.689999999999998,13.776454,Validation,2008,2008-10-15,0.0031476204373291324,exper2_10
13.285000000000025,13.225928,Validation,2008,2008-10-16,-0.002228201620754806,exper2_10
13.0,12.87832,Validation,2008,2008-10-17,-0.004702015467995018,exper2_10
12.830000000000041,12.403267,Validation,2008,2008-10-18,-0.016911527739906097,exper2_10
12.529999999999973,12.186709,Validation,2008,2008-10-19,-0.013889008864296197,exper2_10
12.345000000000027,11.975382,Validation,2008,2008-10-20,-0.015197876047557072,exper2_10
12.029999999999973,10.729722,Validation,2008,2008-10-21,-0.05713066159925544,exper2_10
11.710000000000036,10.105015,Validation,2008,2008-10-22,-0.07357250103260084,exper2_10
11.455000000000041,9.790863,Validation,2008,2008-10-23,-0.07832757652555583,exper2_10
11.225000000000023,9.039842,Validation,2008,2008-10-24,-0.10783002332894419,exper2_10
11.035000000000025,9.113998,Validation,2008,2008-10-25,-0.09533980536057189,exper2_10
10.735000000000014,8.918318,Validation,2008,2008-10-26,-0.09243641323913741,exper2_10
10.32000000000005,8.183069,Validation,2008,2008-10-27,-0.11549061101226876,exper2_10
9.930000000000007,7.8651133,Validation,2008,2008-10-28,-0.11603672939074505,exper2_10
9.730000000000018,7.964842,Validation,2008,2008-10-29,-0.0997555204530814,exper2_10
9.660000000000025,7.993178,Validation,2008,2008-10-30,-0.09442051281277915,exper2_10
9.564999999999998,8.445169,Validation,2008,2008-10-31,-0.06217767991176814,exper2_10
9.435000000000002,8.347286,Validation,2008,2008-11-01,-0.06116838756899468,exper2_10
9.25,8.096452,Validation,2008,2008-11-02,-0.06650053029090597,exper2_10
9.270000000000039,8.604077,Validation,2008,2008-11-03,-0.037256337666630494,exper2_10
9.535000000000025,9.708456,Validation,2008,2008-11-04,0.009013767541198653,exper2_10
9.515000000000043,9.762481,Validation,2008,2008-11-05,0.012837815229634394,exper2_10
9.580000000000041,9.8174715,Validation,2008,2008-11-06,0.01224239479665308,exper2_10
9.44500000000005,9.481636,Validation,2008,2008-11-07,0.0019356872120090771,exper2_10
9.240000000000009,9.194702,Validation,2008,2008-11-08,-0.0024572055028482497,exper2_10
8.730000000000018,8.21975,Validation,2008,2008-11-09,-0.030103664270532175,exper2_10
8.170000000000016,7.451819,Validation,2008,2008-11-10,-0.04597294717060176,exper2_10
7.875,7.2901864,Validation,2008,2008-11-11,-0.038562901845920386,exper2_10
7.800000000000011,6.8710866,Validation,2008,2008-11-12,-0.06331592390159473,exper2_10
7.625,6.992095,Validation,2008,2008-11-13,-0.04329895965553902,exper2_10
7.464999999999975,7.2638493,Validation,2008,2008-11-14,-0.013656921735558774,exper2_10
7.240000000000009,6.970642,Validation,2008,2008-11-15,-0.018954661475062213,exper2_10
6.904999999999973,6.403621,Validation,2008,2008-11-16,-0.03767323420218055,exper2_10
6.520000000000039,5.8708925,Validation,2008,2008-11-17,-0.052385853076028215,exper2_10
6.154999999999973,5.5615683,Validation,2008,2008-11-18,-0.050648938036173256,exper2_10
5.8799999999999955,5.3371005,Validation,2008,2008-11-19,-0.048399271620061336,exper2_10
5.480000000000018,5.1881013,Validation,2008,2008-11-20,-0.027361823848805887,exper2_10
4.910000000000025,4.573975,Validation,2008,2008-11-21,-0.035430809416230995,exper2_10
4.589999999999975,4.315829,Validation,2008,2008-11-22,-0.03078559064512435,exper2_10
4.464999999999975,4.198634,Validation,2008,2008-11-23,-0.030745279384675694,exper2_10
,4.154317,Validation,2008,2008-11-24,,exper2_10
,4.0503826,Validation,2008,2008-11-25,,exper2_10
,3.7532446,Validation,2008,2008-11-26,,exper2_10
,3.6129255,Validation,2008,2008-11-27,,exper2_10
,3.484213,Validation,2008,2008-11-28,,exper2_10
,3.0554082,Validation,2008,2008-11-29,,exper2_10
,2.9272287,Validation,2008,2008-11-30,,exper2_10
,2.7423112,Validation,2008,2008-12-01,,exper2_10
,2.4781327,Validation,2008,2008-12-02,,exper2_10
,2.27307,Validation,2008,2008-12-03,,exper2_10
,1.3518574,Validation,2008,2008-12-04,,exper2_10
,0.7582269,Validation,2008,2008-12-05,,exper2_10
,0.8178315,Validation,2008,2008-12-06,,exper2_10
,0.38930675,Validation,2008,2008-12-07,,exper2_10
,0.38640213,Validation,2008,2008-12-08,,exper2_10
,0.55602044,Validation,2008,2008-12-09,,exper2_10
,0.4347573,Validation,2008,2008-12-10,,exper2_10
,0.19872943,Validation,2008,2008-12-11,,exper2_10
,0.01,Validation,2008,2008-12-12,,exper2_10
,0.120043226,Validation,2008,2008-12-13,,exper2_10
,0.5602054,Validation,2008,2008-12-14,,exper2_10
,0.01,Validation,2008,2008-12-15,,exper2_10
,0.01,Validation,2008,2008-12-16,,exper2_10
,0.01,Validation,2008,2008-12-17,,exper2_10
,0.01,Validation,2008,2008-12-18,,exper2_10
,0.01,Validation,2008,2008-12-19,,exper2_10
,0.01,Validation,2008,2008-12-20,,exper2_10
,0.01,Validation,2008,2008-12-21,,exper2_10
,0.01,Validation,2008,2008-12-22,,exper2_10
,0.01,Validation,2008,2008-12-23,,exper2_10
,0.01,Validation,2008,2008-12-24,,exper2_10
,0.01,Validation,2008,2008-12-25,,exper2_10
,0.01,Validation,2008,2008-12-26,,exper2_10
,0.01,Validation,2008,2008-12-27,,exper2_10
,0.01,Validation,2008,2008-12-28,,exper2_10
,0.015799493,Validation,2008,2008-12-29,,exper2_10
,0.01,Validation,2008,2008-12-30,,exper2_10
,0.01,Validation,2008,2008-12-31,,exper2_10
,0.01,Validation,2009,2009-01-01,,exper2_10
,0.01,Validation,2009,2009-01-02,,exper2_10
,0.01,Validation,2009,2009-01-03,,exper2_10
,0.01,Validation,2009,2009-01-04,,exper2_10
,0.01,Validation,2009,2009-01-05,,exper2_10
,0.01,Validation,2009,2009-01-06,,exper2_10
,0.01,Validation,2009,2009-01-07,,exper2_10
,0.01,Validation,2009,2009-01-08,,exper2_10
,0.01,Validation,2009,2009-01-09,,exper2_10
,0.01,Validation,2009,2009-01-10,,exper2_10
,0.01,Validation,2009,2009-01-11,,exper2_10
,0.01,Validation,2009,2009-01-12,,exper2_10
,0.01,Validation,2009,2009-01-13,,exper2_10
,0.01,Validation,2009,2009-01-14,,exper2_10
,0.01,Validation,2009,2009-01-15,,exper2_10
,0.01,Validation,2009,2009-01-16,,exper2_10
,0.01,Validation,2009,2009-01-17,,exper2_10
,0.01,Validation,2009,2009-01-18,,exper2_10
,0.01,Validation,2009,2009-01-19,,exper2_10
,0.01,Validation,2009,2009-01-20,,exper2_10
,0.01,Validation,2009,2009-01-21,,exper2_10
,0.01,Validation,2009,2009-01-22,,exper2_10
,0.01,Validation,2009,2009-01-23,,exper2_10
,0.01,Validation,2009,2009-01-24,,exper2_10
,0.01,Validation,2009,2009-01-25,,exper2_10
,0.01,Validation,2009,2009-01-26,,exper2_10
,0.01,Validation,2009,2009-01-27,,exper2_10
,0.01,Validation,2009,2009-01-28,,exper2_10
,0.01,Validation,2009,2009-01-29,,exper2_10
,0.01,Validation,2009,2009-01-30,,exper2_10
,0.01,Validation,2009,2009-01-31,,exper2_10
,0.01,Validation,2009,2009-02-01,,exper2_10
,0.01,Validation,2009,2009-02-02,,exper2_10
,0.01,Validation,2009,2009-02-03,,exper2_10
,0.01,Validation,2009,2009-02-04,,exper2_10
,0.01,Validation,2009,2009-02-05,,exper2_10
,0.01,Validation,2009,2009-02-06,,exper2_10
,0.01,Validation,2009,2009-02-07,,exper2_10
,0.01,Validation,2009,2009-02-08,,exper2_10
,0.01,Validation,2009,2009-02-09,,exper2_10
,0.01,Validation,2009,2009-02-10,,exper2_10
,0.01,Validation,2009,2009-02-11,,exper2_10
,0.01,Validation,2009,2009-02-12,,exper2_10
,0.01,Validation,2009,2009-02-13,,exper2_10
,0.01,Validation,2009,2009-02-14,,exper2_10
,0.01,Validation,2009,2009-02-15,,exper2_10
,0.01,Validation,2009,2009-02-16,,exper2_10
,0.01,Validation,2009,2009-02-17,,exper2_10
,0.01,Validation,2009,2009-02-18,,exper2_10
,0.01,Validation,2009,2009-02-19,,exper2_10
,0.01,Validation,2009,2009-02-20,,exper2_10
,0.01,Validation,2009,2009-02-21,,exper2_10
,0.01,Validation,2009,2009-02-22,,exper2_10
,0.01,Validation,2009,2009-02-23,,exper2_10
,0.01,Validation,2009,2009-02-24,,exper2_10
,0.01,Validation,2009,2009-02-25,,exper2_10
,0.01,Validation,2009,2009-02-26,,exper2_10
,0.01,Validation,2009,2009-02-27,,exper2_10
,0.01,Validation,2009,2009-02-28,,exper2_10
,0.01,Validation,2009,2009-03-01,,exper2_10
,0.01,Validation,2009,2009-03-02,,exper2_10
,0.01,Validation,2009,2009-03-03,,exper2_10
,0.01,Validation,2009,2009-03-04,,exper2_10
,0.01,Validation,2009,2009-03-05,,exper2_10
,0.01,Validation,2009,2009-03-06,,exper2_10
,0.01,Validation,2009,2009-03-07,,exper2_10
,0.049528837,Validation,2009,2009-03-08,,exper2_10
,0.01,Validation,2009,2009-03-09,,exper2_10
,0.01,Validation,2009,2009-03-10,,exper2_10
,0.01,Validation,2009,2009-03-11,,exper2_10
,0.01,Validation,2009,2009-03-12,,exper2_10
,0.01,Validation,2009,2009-03-13,,exper2_10
,0.01,Validation,2009,2009-03-14,,exper2_10
,0.01,Validation,2009,2009-03-15,,exper2_10
,0.01,Validation,2009,2009-03-16,,exper2_10
,0.01,Validation,2009,2009-03-17,,exper2_10
,0.01,Validation,2009,2009-03-18,,exper2_10
,0.01,Validation,2009,2009-03-19,,exper2_10
,0.01,Validation,2009,2009-03-20,,exper2_10
,0.01,Validation,2009,2009-03-21,,exper2_10
,0.01,Validation,2009,2009-03-22,,exper2_10
,0.01,Validation,2009,2009-03-23,,exper2_10
,0.01,Validation,2009,2009-03-24,,exper2_10
,0.01,Validation,2009,2009-03-25,,exper2_10
,0.20206003,Validation,2009,2009-03-26,,exper2_10
,0.23599386,Validation,2009,2009-03-27,,exper2_10
,0.20511672,Validation,2009,2009-03-28,,exper2_10
,0.01,Validation,2009,2009-03-29,,exper2_10
,0.01,Validation,2009,2009-03-30,,exper2_10
,0.01,Validation,2009,2009-03-31,,exper2_10
,0.2062958,Validation,2009,2009-04-01,,exper2_10
,0.53577226,Validation,2009,2009-04-02,,exper2_10
,0.6390178,Validation,2009,2009-04-03,,exper2_10
,0.6911198,Validation,2009,2009-04-04,,exper2_10
,0.78242815,Validation,2009,2009-04-05,,exper2_10
,0.6932471,Validation,2009,2009-04-06,,exper2_10
,0.61466646,Validation,2009,2009-04-07,,exper2_10
,0.3674574,Validation,2009,2009-04-08,,exper2_10
,0.3467989,Validation,2009,2009-04-09,,exper2_10
,0.40079296,Validation,2009,2009-04-10,,exper2_10
,0.21590276,Validation,2009,2009-04-11,,exper2_10
,0.16582386,Validation,2009,2009-04-12,,exper2_10
,0.01,Validation,2009,2009-04-13,,exper2_10
,0.32805488,Validation,2009,2009-04-14,,exper2_10
,0.9897022,Validation,2009,2009-04-15,,exper2_10
,1.7324432,Validation,2009,2009-04-16,,exper2_10
,2.9028938,Validation,2009,2009-04-17,,exper2_10
,4.0139627,Validation,2009,2009-04-18,,exper2_10
,4.555825,Validation,2009,2009-04-19,,exper2_10
,4.105129,Validation,2009,2009-04-20,,exper2_10
,4.079963,Validation,2009,2009-04-21,,exper2_10
,4.5099754,Validation,2009,2009-04-22,,exper2_10
,4.8439,Validation,2009,2009-04-23,,exper2_10
,5.7220917,Validation,2009,2009-04-24,,exper2_10
,6.177813,Validation,2009,2009-04-25,,exper2_10
,6.277239,Validation,2009,2009-04-26,,exper2_10
,6.2646823,Validation,2009,2009-04-27,,exper2_10
,7.013989,Validation,2009,2009-04-28,,exper2_10
,7.3159223,Validation,2009,2009-04-29,,exper2_10
,7.423089,Validation,2009,2009-04-30,,exper2_10
,7.4637914,Validation,2009,2009-05-01,,exper2_10
,7.917111,Validation,2009,2009-05-02,,exper2_10
7.569000000000017,8.321166,Validation,2009,2009-05-03,0.04733531649009408,exper2_10
8.111000000000047,9.348304,Validation,2009,2009-05-04,0.07086787705847647,exper2_10
8.209000000000003,10.148656,Validation,2009,2009-05-05,0.10565923573745452,exper2_10
9.995000000000005,10.532815,Validation,2009,2009-05-06,0.026199329061028162,exper2_10
10.895000000000039,12.117593,Validation,2009,2009-05-07,0.05312712138064609,exper2_10
12.138500000000022,12.923633,Validation,2009,2009-05-08,0.0313274466149488,exper2_10
11.464999999999975,12.172387,Validation,2009,2009-05-09,0.029926620883422187,exper2_10
11.123500000000035,11.489111,Validation,2009,2009-05-10,0.016168453413793707,exper2_10
11.370000000000005,12.339849,Validation,2009,2009-05-11,0.04090491899534639,exper2_10
11.236000000000047,12.61489,Validation,2009,2009-05-12,0.057812940853486115,exper2_10
11.001500000000021,12.635867,Validation,2009,2009-05-13,0.06914336569799603,exper2_10
10.759000000000015,12.705632,Validation,2009,2009-05-14,0.0829602694120492,exper2_10
10.9495,13.472784,Validation,2009,2009-05-15,0.10331892127623993,exper2_10
10.680499999999995,13.114322,Validation,2009,2009-05-16,0.10228367072788212,exper2_10
10.593500000000006,13.113677,Validation,2009,2009-05-17,0.10630439137483817,exper2_10
10.84050000000002,13.45697,Validation,2009,2009-05-18,0.10768488207654146,exper2_10
11.414000000000044,13.091073,Validation,2009,2009-05-19,0.06843778974732186,exper2_10
11.837000000000046,14.542584,Validation,2009,2009-05-20,0.10256357250556376,exper2_10
12.667500000000018,14.591614,Validation,2009,2009-05-21,0.07058607208580273,exper2_10
13.187000000000012,15.489286,Validation,2009,2009-05-22,0.08028537547681326,exper2_10
14.037500000000023,16.443304,Validation,2009,2009-05-23,0.0789284973258831,exper2_10
14.780500000000018,16.819603,Validation,2009,2009-05-24,0.06452836462218577,exper2_10
14.747500000000002,16.791533,Validation,2009,2009-05-25,0.06480961378290409,exper2_10
14.363,16.296103,Validation,2009,2009-05-26,0.06305150394741176,exper2_10
13.93300000000005,14.852014,Validation,2009,2009-05-27,0.031926807508483306,exper2_10
14.330000000000041,15.461339,Validation,2009,2009-05-28,0.03797543296074655,exper2_10
14.625,15.920267,Validation,2009,2009-05-29,0.04240483806036735,exper2_10
14.654500000000041,16.369959,Validation,2009,2009-05-30,0.055293756591643005,exper2_10
14.440500000000043,15.530377,Validation,2009,2009-05-31,0.036364547286720436,exper2_10
14.119500000000016,16.036713,Validation,2009,2009-06-01,0.06357604215620449,exper2_10
14.190500000000043,16.46251,Validation,2009,2009-06-02,0.07412026479242163,exper2_10
14.917500000000018,16.622793,Validation,2009,2009-06-03,0.05406713206330804,exper2_10
15.098500000000001,16.76821,Validation,2009,2009-06-04,0.05239666993637014,exper2_10
15.322500000000048,17.102339,Validation,2009,2009-06-05,0.054891214798988244,exper2_10
15.225999999999999,16.56711,Validation,2009,2009-06-06,0.04218241181957828,exper2_10
14.76600000000002,16.269112,Validation,2009,2009-06-07,0.04843261564710845,exper2_10
14.344500000000039,15.582755,Validation,2009,2009-06-08,0.041375498191588665,exper2_10
14.274500000000046,15.073787,Validation,2009,2009-06-09,0.02723452795514809,exper2_10
14.26950000000005,14.94745,Validation,2009,2009-06-10,0.023203985750468635,exper2_10
14.709500000000048,15.557679,Validation,2009,2009-06-11,0.028023066549716896,exper2_10
15.59050000000002,16.224215,Validation,2009,2009-06-12,0.01991891370770253,exper2_10
15.917500000000018,16.840406,Validation,2009,2009-06-13,0.028173547053784144,exper2_10
16.741499999999974,17.536146,Validation,2009,2009-06-14,0.0231826351243573,exper2_10
17.935000000000002,18.674839,Validation,2009,2009-06-15,0.020208748237755224,exper2_10
17.987000000000023,18.850618,Validation,2009,2009-06-16,0.023443925009755742,exper2_10
18.77600000000001,19.38429,Validation,2009,2009-06-17,0.015940410413778257,exper2_10
19.11700000000002,19.53874,Validation,2009,2009-06-18,0.010910156068836009,exper2_10
19.61250000000001,20.080881,Validation,2009,2009-06-19,0.011799980388993993,exper2_10
20.393500000000017,20.867796,Validation,2009,2009-06-20,0.01149493571057748,exper2_10
21.291500000000042,21.50557,Validation,2009,2009-06-21,0.005001965338253217,exper2_10
21.734000000000037,21.289942,Validation,2009,2009-06-22,-0.010321188478528887,exper2_10
23.09050000000002,22.252085,Validation,2009,2009-06-23,-0.018490680954754316,exper2_10
23.862000000000023,22.820385,Validation,2009,2009-06-24,-0.022312806451834245,exper2_10
23.535500000000013,23.274294,Validation,2009,2009-06-25,-0.005580159165504652,exper2_10
23.632000000000005,23.421373,Validation,2009,2009-06-26,-0.004476334375566109,exper2_10
22.841499999999996,22.83919,Validation,2009,2009-06-27,-5.057871509498729e-05,exper2_10
21.514499999999998,22.13047,Validation,2009,2009-06-28,0.01411320186462205,exper2_10
20.273500000000013,21.355272,Validation,2009,2009-06-29,0.025986168544066105,exper2_10
19.089999999999975,20.09413,Validation,2009,2009-06-30,0.025625924924004326,exper2_10
18.323500000000024,19.25559,Validation,2009,2009-07-01,0.02480343265251877,exper2_10
18.176000000000045,18.927263,Validation,2009,2009-07-02,0.0202479025800364,exper2_10
18.64450000000005,19.393312,Validation,2009,2009-07-03,0.019686002057156548,exper2_10
19.42750000000001,19.869202,Validation,2009,2009-07-04,0.011240171350159176,exper2_10
19.432500000000005,20.142351,Validation,2009,2009-07-05,0.017936925342130934,exper2_10
19.390000000000043,20.18728,Validation,2009,2009-07-06,0.020144907424515707,exper2_10
19.515000000000043,20.139956,Validation,2009,2009-07-07,0.015759834109628883,exper2_10
20.104000000000042,20.187195,Validation,2009,2009-07-08,0.0020648388458487776,exper2_10
19.985500000000002,20.432993,Validation,2009,2009-07-09,0.011071489872180757,exper2_10
20.444000000000017,20.788809,Validation,2009,2009-07-10,0.008362486875804603,exper2_10
20.366000000000042,21.021177,Validation,2009,2009-07-11,0.015830441570094077,exper2_10
20.17950000000002,20.938086,Validation,2009,2009-07-12,0.0184491755965715,exper2_10
20.34050000000002,20.877522,Validation,2009,2009-07-13,0.013028803789102913,exper2_10
20.161500000000046,21.06031,Validation,2009,2009-07-14,0.02180424284711818,exper2_10
20.043000000000006,21.342371,Validation,2009,2009-07-15,0.03139686695930697,exper2_10
19.66500000000002,20.728514,Validation,2009,2009-07-16,0.026328824104910845,exper2_10
19.216499999999996,19.804752,Validation,2009,2009-07-17,0.015075178638025634,exper2_10
18.77000000000004,19.348898,Validation,2009,2009-07-18,0.015186638789055441,exper2_10
18.986000000000047,19.44872,Validation,2009,2009-07-19,0.012039138590998687,exper2_10
19.02000000000004,19.91667,Validation,2009,2009-07-20,0.023028930032720267,exper2_10
19.124500000000012,20.194338,Validation,2009,2009-07-21,0.027209294666088044,exper2_10
19.636000000000024,20.499712,Validation,2009,2009-07-22,0.021519787429308542,exper2_10
20.486000000000047,20.959612,Validation,2009,2009-07-23,0.011427310903897285,exper2_10
20.122000000000014,21.031567,Validation,2009,2009-07-24,0.022101768925024422,exper2_10
19.86450000000002,20.768534,Validation,2009,2009-07-25,0.022248737645122692,exper2_10
19.988500000000045,20.683851,Validation,2009,2009-07-26,0.017096411218690905,exper2_10
20.40650000000005,21.18209,Validation,2009,2009-07-27,0.01864912335612809,exper2_10
20.155500000000018,21.047644,Validation,2009,2009-07-28,0.02165232024110434,exper2_10
19.970500000000015,20.740808,Validation,2009,2009-07-29,0.01892124118746026,exper2_10
19.799500000000023,20.546179,Validation,2009,2009-07-30,0.0185070332097255,exper2_10
20.101500000000044,20.471188,Validation,2009,2009-07-31,0.009111735344583363,exper2_10
19.73199999999997,20.387072,Validation,2009,2009-08-01,0.016328184656746392,exper2_10
19.558500000000038,20.216564,Validation,2009,2009-08-02,0.016544641525003942,exper2_10
19.887999999999977,20.420055,Validation,2009,2009-08-03,0.013199728547167293,exper2_10
19.910000000000025,20.617533,Validation,2009,2009-08-04,0.01745807559553166,exper2_10
19.829499999999996,20.547533,Validation,2009,2009-08-05,0.017783204492785858,exper2_10
19.988999999999976,20.389769,Validation,2009,2009-08-06,0.009925230866482827,exper2_10
19.787500000000023,20.365427,Validation,2009,2009-08-07,0.014393147900877996,exper2_10
20.168000000000006,20.351847,Validation,2009,2009-08-08,0.004537201148128045,exper2_10
20.659500000000037,21.291431,Validation,2009,2009-08-09,0.015063585134016106,exper2_10
20.822500000000048,21.828506,Validation,2009,2009-08-10,0.023586933884914795,exper2_10
,21.713861,Validation,2009,2009-08-11,,exper2_10
21.193499999999972,22.270658,Validation,2009,2009-08-12,0.02478268371891887,exper2_10
21.40700000000004,22.569515,Validation,2009,2009-08-13,0.026434910138675338,exper2_10
21.730000000000018,22.528189,Validation,2009,2009-08-14,0.018034825391445127,exper2_10
22.327500000000043,22.970648,Validation,2009,2009-08-15,0.014198103961345505,exper2_10
22.677999999999997,22.751684,Validation,2009,2009-08-16,0.0016219392707306672,exper2_10
22.29449999999997,22.875574,Validation,2009,2009-08-17,0.012864138998278239,exper2_10
22.057500000000005,22.686104,Validation,2009,2009-08-18,0.014049020801237875,exper2_10
21.66500000000002,22.23065,Validation,2009,2009-08-19,0.01288624154759374,exper2_10
21.255999999999972,21.812931,Validation,2009,2009-08-20,0.012931155872082037,exper2_10
20.843000000000018,21.08137,Validation,2009,2009-08-21,0.005685700308333258,exper2_10
20.293499999999995,20.535063,Validation,2009,2009-08-22,0.0059165146507839834,exper2_10
19.91300000000001,20.728264,Validation,2009,2009-08-23,0.02006000251098366,exper2_10
20.098000000000013,20.746172,Validation,2009,2009-08-24,0.015869386507991082,exper2_10
20.11850000000004,20.678265,Validation,2009,2009-08-25,0.013720809068129032,exper2_10
20.122000000000014,20.648958,Validation,2009,2009-08-26,0.012924842323105125,exper2_10
20.474000000000046,20.851568,Validation,2009,2009-08-27,0.009136431470636882,exper2_10
20.735500000000002,20.512,Validation,2009,2009-08-28,-0.005418531413146284,exper2_10
20.224000000000046,19.891684,Validation,2009,2009-08-29,-0.008283952605683948,exper2_10
19.436000000000035,19.291866,Validation,2009,2009-08-30,-0.0037217050994759566,exper2_10
18.65900000000005,19.354944,Validation,2009,2009-08-31,0.01830760378168546,exper2_10
18.684000000000026,19.243313,Validation,2009,2009-09-01,0.014746967129370797,exper2_10
18.811500000000024,19.223541,Validation,2009,2009-09-02,0.010833201335355673,exper2_10
18.917500000000018,19.28931,Validation,2009,2009-09-03,0.009731523016218003,exper2_10
19.234500000000025,19.71841,Validation,2009,2009-09-04,0.012422961104367821,exper2_10
19.735500000000002,19.860294,Validation,2009,2009-09-05,0.0031517069960259095,exper2_10
19.6515,19.912561,Validation,2009,2009-09-06,0.006598448371538324,exper2_10
19.71550000000002,20.121431,Validation,2009,2009-09-07,0.010189824791832846,exper2_10
19.996000000000038,20.216837,Validation,2009,2009-09-08,0.005491702306638986,exper2_10
19.994500000000016,20.348446,Validation,2009,2009-09-09,0.008773427039229306,exper2_10
20.137500000000045,20.575632,Validation,2009,2009-09-10,0.010761444103855856,exper2_10
20.46950000000004,20.76507,Validation,2009,2009-09-11,0.007168013679382074,exper2_10
20.512500000000045,20.954878,Validation,2009,2009-09-12,0.010668093240848745,exper2_10
20.927999999999997,21.120317,Validation,2009,2009-09-13,0.004573725436064925,exper2_10
20.960500000000025,21.086594,Validation,2009,2009-09-14,0.0029988666766234103,exper2_10
21.034500000000037,21.304308,Validation,2009,2009-09-15,0.006372591737101864,exper2_10
20.911,20.989323,Validation,2009,2009-09-16,0.0018692615564005043,exper2_10
20.53150000000005,20.64183,Validation,2009,2009-09-17,0.002679658000584798,exper2_10
20.35300000000001,20.56649,Validation,2009,2009-09-18,0.005217322416175402,exper2_10
20.295500000000004,20.24717,Validation,2009,2009-09-19,-0.0011920898641738591,exper2_10
20.30800000000005,20.228285,Validation,2009,2009-09-20,-0.0019665138161400583,exper2_10
20.141999999999996,20.116644,Validation,2009,2009-09-21,-0.0006298298179088803,exper2_10
20.13050000000004,20.09943,Validation,2009,2009-09-22,-0.00077230847049633,exper2_10
19.961000000000013,20.085878,Validation,2009,2009-09-23,0.0031183047785088456,exper2_10
20.02800000000002,20.212492,Validation,2009,2009-09-24,0.0045847349278316935,exper2_10
19.85699999999997,19.82533,Validation,2009,2009-09-25,-0.0007980696990589065,exper2_10
19.650500000000022,19.581842,Validation,2009,2009-09-26,-0.0017500249354298243,exper2_10
19.464500000000044,19.261393,Validation,2009,2009-09-27,-0.0052447443561560335,exper2_10
19.08000000000004,18.051525,Validation,2009,2009-09-28,-0.027698158931559535,exper2_10
18.354000000000042,17.056463,Validation,2009,2009-09-29,-0.03664275018292872,exper2_10
17.229000000000042,16.807968,Validation,2009,2009-09-30,-0.012369840304934768,exper2_10
16.43300000000005,16.280592,Validation,2009,2009-10-01,-0.004658859700968527,exper2_10
16.152499999999975,15.672893,Validation,2009,2009-10-02,-0.015069961146339479,exper2_10
15.685000000000002,15.116352,Validation,2009,2009-10-03,-0.018461784313891567,exper2_10
15.104499999999973,14.847545,Validation,2009,2009-10-04,-0.008578891114951463,exper2_10
14.793000000000006,14.436493,Validation,2009,2009-10-05,-0.01219682739809515,exper2_10
14.438000000000045,14.021892,Validation,2009,2009-10-06,-0.014620871084260988,exper2_10
14.163000000000011,13.819865,Validation,2009,2009-10-07,-0.012262317331480487,exper2_10
13.893000000000029,13.35746,Validation,2009,2009-10-08,-0.019652511465698356,exper2_10
13.50550000000004,12.962878,Validation,2009,2009-10-09,-0.02050075634055424,exper2_10
12.978000000000009,12.279494,Validation,2009,2009-10-10,-0.027655384438321193,exper2_10
12.8245,11.957008,Validation,2009,2009-10-11,-0.03500560278728771,exper2_10
12.248500000000035,11.997914,Validation,2009,2009-10-12,-0.01033495850075182,exper2_10
11.760000000000048,11.578359,Validation,2009,2009-10-13,-0.007782953056594352,exper2_10
11.515000000000043,11.265262,Validation,2009,2009-10-14,-0.010962927193316796,exper2_10
11.12700000000001,11.159182,Validation,2009,2009-10-15,0.0014440156431311637,exper2_10
10.963999999999999,8.878715,Validation,2009,2009-10-16,-0.10509073403633698,exper2_10
10.641500000000008,8.51377,Validation,2009,2009-10-17,-0.11107804197246417,exper2_10
10.552000000000021,9.024904,Validation,2009,2009-10-18,-0.07800496591874007,exper2_10
10.445500000000038,9.628445,Validation,2009,2009-10-19,-0.040702280579853645,exper2_10
10.374000000000024,9.371268,Validation,2009,2009-10-20,-0.05078339345744655,exper2_10
10.329499999999996,8.852191,Validation,2009,2009-10-21,-0.0770166212577464,exper2_10
10.106999999999971,8.68559,Validation,2009,2009-10-22,-0.07563673902923508,exper2_10
9.751500000000021,8.096411,Validation,2009,2009-10-23,-0.09273294066268942,exper2_10
9.412500000000023,8.656465,Validation,2009,2009-10-24,-0.04184165728305508,exper2_10
9.020500000000027,8.382883,Validation,2009,2009-10-25,-0.03663752762703636,exper2_10
8.871500000000026,8.938828,Validation,2009,2009-10-26,0.0037803046946875535,exper2_10
8.742999999999995,9.55422,Validation,2009,2009-10-27,0.044335707322545485,exper2_10
8.740000000000009,9.906508,Validation,2009,2009-10-28,0.06255908172482844,exper2_10
8.579499999999996,9.686752,Validation,2009,2009-10-29,0.06061737788237207,exper2_10
8.759500000000003,9.725245,Validation,2009,2009-10-30,0.052245538194453336,exper2_10
8.8005,9.148683,Validation,2009,2009-10-31,0.019398242369538327,exper2_10
8.508000000000038,9.348271,Validation,2009,2009-11-01,0.04705749327650054,exper2_10
8.290500000000009,9.542747,Validation,2009,2009-11-02,0.07021977410578181,exper2_10
8.312000000000012,9.06484,Validation,2009,2009-11-03,0.043324350287422084,exper2_10
8.043499999999995,8.601278,Validation,2009,2009-11-04,0.033510707972863964,exper2_10
7.833500000000015,8.30099,Validation,2009,2009-11-05,0.028974581882808485,exper2_10
7.701000000000022,8.0012865,Validation,2009,2009-11-06,0.019123743954460565,exper2_10
7.6370000000000005,8.351453,Validation,2009,2009-11-07,0.04468555120147917,exper2_10
7.615499999999997,8.405622,Validation,2009,2009-11-08,0.04931749173825028,exper2_10
7.540500000000009,8.67645,Validation,2009,2009-11-09,0.07004706750699996,exper2_10
7.510000000000048,8.549762,Validation,2009,2009-11-10,0.06474328741030508,exper2_10
7.3145000000000095,8.384467,Validation,2009,2009-11-11,0.06815525610211853,exper2_10
7.315500000000043,8.036212,Validation,2009,2009-11-12,0.04694668379627459,exper2_10
7.192000000000007,7.800204,Validation,2009,2009-11-13,0.04056800509830565,exper2_10
7.059000000000026,7.842689,Validation,2009,2009-11-14,0.05259061810779511,exper2_10
6.996000000000038,7.6877656,Validation,2009,2009-11-15,0.04711091263792061,exper2_10
6.680499999999995,7.473209,Validation,2009,2009-11-16,0.056007150466929286,exper2_10
6.362000000000023,7.2008977,Validation,2009,2009-11-17,0.06185239412575964,exper2_10
,6.96055,Validation,2009,2009-11-18,,exper2_10
,6.7982097,Validation,2009,2009-11-19,,exper2_10
,6.7943206,Validation,2009,2009-11-20,,exper2_10
,6.8598847,Validation,2009,2009-11-21,,exper2_10
,6.8529544,Validation,2009,2009-11-22,,exper2_10
,6.9275565,Validation,2009,2009-11-23,,exper2_10
,6.9724326,Validation,2009,2009-11-24,,exper2_10
,7.0572114,Validation,2009,2009-11-25,,exper2_10
,6.649344,Validation,2009,2009-11-26,,exper2_10
,6.2794886,Validation,2009,2009-11-27,,exper2_10
,6.0327506,Validation,2009,2009-11-28,,exper2_10
,5.7439985,Validation,2009,2009-11-29,,exper2_10
,5.837076,Validation,2009,2009-11-30,,exper2_10
,5.6593566,Validation,2009,2009-12-01,,exper2_10
,5.518211,Validation,2009,2009-12-02,,exper2_10
,5.1017203,Validation,2009,2009-12-03,,exper2_10
,4.5189805,Validation,2009,2009-12-04,,exper2_10
,4.177108,Validation,2009,2009-12-05,,exper2_10
,4.1404257,Validation,2009,2009-12-06,,exper2_10
,3.863199,Validation,2009,2009-12-07,,exper2_10
,3.5079303,Validation,2009,2009-12-08,,exper2_10
,3.316313,Validation,2009,2009-12-09,,exper2_10
,2.6120214,Validation,2009,2009-12-10,,exper2_10
,2.359113,Validation,2009,2009-12-11,,exper2_10
,2.169675,Validation,2009,2009-12-12,,exper2_10
,2.2353606,Validation,2009,2009-12-13,,exper2_10
,1.9719775,Validation,2009,2009-12-14,,exper2_10
,1.1002694,Validation,2009,2009-12-15,,exper2_10
,0.5608368,Validation,2009,2009-12-16,,exper2_10
,0.54863816,Validation,2009,2009-12-17,,exper2_10
,0.89109325,Validation,2009,2009-12-18,,exper2_10
,0.75692445,Validation,2009,2009-12-19,,exper2_10
,0.38660866,Validation,2009,2009-12-20,,exper2_10
,0.29116794,Validation,2009,2009-12-21,,exper2_10
,0.28256813,Validation,2009,2009-12-22,,exper2_10
,0.15359886,Validation,2009,2009-12-23,,exper2_10
,0.21813926,Validation,2009,2009-12-24,,exper2_10
,0.5474071,Validation,2009,2009-12-25,,exper2_10
,0.1986857,Validation,2009,2009-12-26,,exper2_10
,0.30336645,Validation,2009,2009-12-27,,exper2_10
,0.37701058,Validation,2009,2009-12-28,,exper2_10
,0.0055040717,Validation,2009,2009-12-29,,exper2_10
,0.046169534,Validation,2009,2009-12-30,,exper2_10
,0.01,Validation,2009,2009-12-31,,exper2_10
,0.01,Validation,2010,2010-01-01,,exper2_10
,0.34240827,Validation,2010,2010-01-02,,exper2_10
,0.01,Validation,2010,2010-01-03,,exper2_10
,0.01,Validation,2010,2010-01-04,,exper2_10
,0.01,Validation,2010,2010-01-05,,exper2_10
,0.01,Validation,2010,2010-01-06,,exper2_10
,0.01,Validation,2010,2010-01-07,,exper2_10
,0.01,Validation,2010,2010-01-08,,exper2_10
,0.009648487,Validation,2010,2010-01-09,,exper2_10
,0.01,Validation,2010,2010-01-10,,exper2_10
,0.01,Validation,2010,2010-01-11,,exper2_10
,0.01,Validation,2010,2010-01-12,,exper2_10
,0.01,Validation,2010,2010-01-13,,exper2_10
,0.01,Validation,2010,2010-01-14,,exper2_10
,0.01,Validation,2010,2010-01-15,,exper2_10
,0.01,Validation,2010,2010-01-16,,exper2_10
,0.01,Validation,2010,2010-01-17,,exper2_10
,0.01,Validation,2010,2010-01-18,,exper2_10
,0.01,Validation,2010,2010-01-19,,exper2_10
,0.01,Validation,2010,2010-01-20,,exper2_10
,0.01,Validation,2010,2010-01-21,,exper2_10
,0.01,Validation,2010,2010-01-22,,exper2_10
,0.01,Validation,2010,2010-01-23,,exper2_10
,0.01,Validation,2010,2010-01-24,,exper2_10
,0.01,Validation,2010,2010-01-25,,exper2_10
,0.01,Validation,2010,2010-01-26,,exper2_10
,0.01,Validation,2010,2010-01-27,,exper2_10
,0.01,Validation,2010,2010-01-28,,exper2_10
,0.01,Validation,2010,2010-01-29,,exper2_10
,0.01,Validation,2010,2010-01-30,,exper2_10
,0.01,Validation,2010,2010-01-31,,exper2_10
,0.01,Validation,2010,2010-02-01,,exper2_10
,0.01,Validation,2010,2010-02-02,,exper2_10
,0.01,Validation,2010,2010-02-03,,exper2_10
,0.01,Validation,2010,2010-02-04,,exper2_10
,0.01,Validation,2010,2010-02-05,,exper2_10
,0.15566413,Validation,2010,2010-02-06,,exper2_10
,0.01,Validation,2010,2010-02-07,,exper2_10
,0.07196086,Validation,2010,2010-02-08,,exper2_10
,0.01,Validation,2010,2010-02-09,,exper2_10
,0.18912244,Validation,2010,2010-02-10,,exper2_10
,0.17240374,Validation,2010,2010-02-11,,exper2_10
,0.01,Validation,2010,2010-02-12,,exper2_10
,0.11220603,Validation,2010,2010-02-13,,exper2_10
,0.01,Validation,2010,2010-02-14,,exper2_10
,0.01,Validation,2010,2010-02-15,,exper2_10
,0.23323978,Validation,2010,2010-02-16,,exper2_10
,0.19793442,Validation,2010,2010-02-17,,exper2_10
,0.01,Validation,2010,2010-02-18,,exper2_10
,0.01,Validation,2010,2010-02-19,,exper2_10
,0.34304243,Validation,2010,2010-02-20,,exper2_10
,0.05904472,Validation,2010,2010-02-21,,exper2_10
,0.28825718,Validation,2010,2010-02-22,,exper2_10
,0.46101534,Validation,2010,2010-02-23,,exper2_10
,0.01,Validation,2010,2010-02-24,,exper2_10
,0.01,Validation,2010,2010-02-25,,exper2_10
,0.01,Validation,2010,2010-02-26,,exper2_10
,0.13855636,Validation,2010,2010-02-27,,exper2_10
,0.15769872,Validation,2010,2010-02-28,,exper2_10
,0.01,Validation,2010,2010-03-01,,exper2_10
,0.01,Validation,2010,2010-03-02,,exper2_10
,0.01,Validation,2010,2010-03-03,,exper2_10
,0.01,Validation,2010,2010-03-04,,exper2_10
,0.01,Validation,2010,2010-03-05,,exper2_10
,0.01,Validation,2010,2010-03-06,,exper2_10
,0.01,Validation,2010,2010-03-07,,exper2_10
,0.01,Validation,2010,2010-03-08,,exper2_10
,0.415987,Validation,2010,2010-03-09,,exper2_10
,0.01,Validation,2010,2010-03-10,,exper2_10
,0.01,Validation,2010,2010-03-11,,exper2_10
,0.01,Validation,2010,2010-03-12,,exper2_10
,0.01,Validation,2010,2010-03-13,,exper2_10
,0.13992277,Validation,2010,2010-03-14,,exper2_10
,0.19357207,Validation,2010,2010-03-15,,exper2_10
,0.04525186,Validation,2010,2010-03-16,,exper2_10
,0.15586095,Validation,2010,2010-03-17,,exper2_10
,0.26053917,Validation,2010,2010-03-18,,exper2_10
,0.10748072,Validation,2010,2010-03-19,,exper2_10
,0.01,Validation,2010,2010-03-20,,exper2_10
,0.01,Validation,2010,2010-03-21,,exper2_10
,0.01,Validation,2010,2010-03-22,,exper2_10
,0.032621264,Validation,2010,2010-03-23,,exper2_10
,0.27981985,Validation,2010,2010-03-24,,exper2_10
,0.116299406,Validation,2010,2010-03-25,,exper2_10
,0.015149996,Validation,2010,2010-03-26,,exper2_10
,0.19479556,Validation,2010,2010-03-27,,exper2_10
,0.48688543,Validation,2010,2010-03-28,,exper2_10
,0.77227914,Validation,2010,2010-03-29,,exper2_10
,0.77477735,Validation,2010,2010-03-30,,exper2_10
,2.1342244,Validation,2010,2010-03-31,,exper2_10
,3.136026,Validation,2010,2010-04-01,,exper2_10
,4.6729627,Validation,2010,2010-04-02,,exper2_10
,5.136136,Validation,2010,2010-04-03,,exper2_10
,5.1458445,Validation,2010,2010-04-04,,exper2_10
,5.448783,Validation,2010,2010-04-05,,exper2_10
,6.041451,Validation,2010,2010-04-06,,exper2_10
,5.5978847,Validation,2010,2010-04-07,,exper2_10
,5.265051,Validation,2010,2010-04-08,,exper2_10
,5.403671,Validation,2010,2010-04-09,,exper2_10
,5.457409,Validation,2010,2010-04-10,,exper2_10
,6.3010273,Validation,2010,2010-04-11,,exper2_10
,6.9870486,Validation,2010,2010-04-12,,exper2_10
,7.0042186,Validation,2010,2010-04-13,,exper2_10
,7.833766,Validation,2010,2010-04-14,,exper2_10
,9.225385,Validation,2010,2010-04-15,,exper2_10
,9.2078905,Validation,2010,2010-04-16,,exper2_10
,9.135487,Validation,2010,2010-04-17,,exper2_10
,8.614892,Validation,2010,2010-04-18,,exper2_10
,9.125082,Validation,2010,2010-04-19,,exper2_10
,9.724669,Validation,2010,2010-04-20,,exper2_10
,8.934714,Validation,2010,2010-04-21,,exper2_10
,8.683,Validation,2010,2010-04-22,,exper2_10
,9.020703,Validation,2010,2010-04-23,,exper2_10
,8.802483,Validation,2010,2010-04-24,,exper2_10
,9.43842,Validation,2010,2010-04-25,,exper2_10
,10.116454,Validation,2010,2010-04-26,,exper2_10
,10.167675,Validation,2010,2010-04-27,,exper2_10
,10.751786,Validation,2010,2010-04-28,,exper2_10
,11.030424,Validation,2010,2010-04-29,,exper2_10
,10.778056,Validation,2010,2010-04-30,,exper2_10
,11.917853,Validation,2010,2010-05-01,,exper2_10
,12.873574,Validation,2010,2010-05-02,,exper2_10
,12.450639,Validation,2010,2010-05-03,,exper2_10
,12.857153,Validation,2010,2010-05-04,,exper2_10
,12.668501,Validation,2010,2010-05-05,,exper2_10
,12.035143,Validation,2010,2010-05-06,,exper2_10
,11.504714,Validation,2010,2010-05-07,,exper2_10
,11.084883,Validation,2010,2010-05-08,,exper2_10
,11.215697,Validation,2010,2010-05-09,,exper2_10
,11.237291,Validation,2010,2010-05-10,,exper2_10
,11.151247,Validation,2010,2010-05-11,,exper2_10
,11.026715,Validation,2010,2010-05-12,,exper2_10
,10.885678,Validation,2010,2010-05-13,,exper2_10
,10.566945,Validation,2010,2010-05-14,,exper2_10
8.742000000000019,11.421296,Validation,2010,2010-05-15,0.1328798676459214,exper2_10
12.012500000000045,12.107999,Validation,2010,2010-05-16,0.003959240170086753,exper2_10
13.235000000000014,13.199621,Validation,2010,2010-05-17,-0.0013383509137531607,exper2_10
14.174500000000023,14.107271,Validation,2010,2010-05-18,-0.002377107327535032,exper2_10
15.177500000000009,15.165565,Validation,2010,2010-05-19,-0.0003933506102225192,exper2_10
16.624000000000024,15.974189,Validation,2010,2010-05-20,-0.01993396624788352,exper2_10
17.459000000000003,15.624654,Validation,2010,2010-05-21,-0.055445695144994984,exper2_10
16.971000000000004,15.214726,Validation,2010,2010-05-22,-0.054566845175148475,exper2_10
16.48950000000002,15.526154,Validation,2010,2010-05-23,-0.0300898569384976,exper2_10
16.873500000000035,16.691013,Validation,2010,2010-05-24,-0.005436892887157668,exper2_10
18.096000000000004,17.90465,Validation,2010,2010-05-25,-0.005315189223364901,exper2_10
19.535500000000013,18.002089,Validation,2010,2010-05-26,-0.0408500256039949,exper2_10
19.866000000000042,18.272459,Validation,2010,2010-05-27,-0.041783045523387755,exper2_10
19.86250000000001,18.667614,Validation,2010,2010-05-28,-0.031011743629103427,exper2_10
20.105999999999995,19.347242,Validation,2010,2010-05-29,-0.01923181972775144,exper2_10
20.56450000000001,19.697788,Validation,2010,2010-05-30,-0.021526639428439055,exper2_10
20.95150000000001,19.867325,Validation,2010,2010-05-31,-0.026560665953457102,exper2_10
21.174500000000023,19.971388,Validation,2010,2010-06-01,-0.029240154954052508,exper2_10
21.165999999999997,19.490126,Validation,2010,2010-06-02,-0.04122070947061503,exper2_10
20.668499999999995,19.394268,Validation,2010,2010-06-03,-0.03180588927279942,exper2_10
20.96700000000004,19.171461,Validation,2010,2010-06-04,-0.0447336256848717,exper2_10
20.327999999999975,19.164122,Validation,2010,2010-06-05,-0.02947115333942544,exper2_10
20.0,18.827457,Validation,2010,2010-06-06,-0.030198798728874963,exper2_10
19.48199999999997,18.963072,Validation,2010,2010-06-07,-0.013497911494803888,exper2_10
19.43100000000004,18.328722,Validation,2010,2010-06-08,-0.029191899237881177,exper2_10
18.653500000000008,18.631422,Validation,2010,2010-06-09,-0.0005921417008182875,exper2_10
18.0625,19.09691,Validation,2010,2010-06-10,0.0278371067628644,exper2_10
18.414499999999975,18.756866,Validation,2010,2010-06-11,0.009210488817835153,exper2_10
17.99000000000001,18.302732,Validation,2010,2010-06-12,0.008616944671501502,exper2_10
17.678999999999974,18.219496,Validation,2010,2010-06-13,0.015056223434220476,exper2_10
17.735000000000014,18.385483,Validation,2010,2010-06-14,0.018008695838929382,exper2_10
17.942499999999995,18.158512,Validation,2010,2010-06-15,0.0059835473528428796,exper2_10
17.815999999999974,18.520887,Validation,2010,2010-06-16,0.019398672418080888,exper2_10
17.87700000000001,19.273678,Validation,2010,2010-06-17,0.03759494867016861,exper2_10
18.325000000000045,19.929123,Validation,2010,2010-06-18,0.041933334295961515,exper2_10
19.084500000000048,19.682875,Validation,2010,2010-06-19,0.015435006484480582,exper2_10
19.247000000000014,20.57058,Validation,2010,2010-06-20,0.03324108457800531,exper2_10
20.147000000000048,21.136183,Validation,2010,2010-06-21,0.02396091382258262,exper2_10
20.397000000000048,21.818441,Validation,2010,2010-06-22,0.033671124691698646,exper2_10
21.041500000000042,22.460264,Validation,2010,2010-06-23,0.03261394639574383,exper2_10
21.488999999999976,22.124718,Validation,2010,2010-06-24,0.014576095452224895,exper2_10
21.237000000000023,21.917192,Validation,2010,2010-06-25,0.015761909106536572,exper2_10
21.248000000000047,22.511091,Validation,2010,2010-06-26,0.02886465867388565,exper2_10
21.511000000000024,22.583635,Validation,2010,2010-06-27,0.02432575577885612,exper2_10
21.86450000000002,22.089622,Validation,2010,2010-06-28,0.005121760707908047,exper2_10
21.511000000000024,21.812922,Validation,2010,2010-06-29,0.0069689334073841725,exper2_10
20.99550000000005,21.588503,Validation,2010,2010-06-30,0.013925484777175041,exper2_10
21.099000000000046,21.574247,Validation,2010,2010-07-01,0.011136892306732793,exper2_10
21.04200000000003,22.13582,Validation,2010,2010-07-02,0.02533292275859753,exper2_10
21.27000000000004,22.271866,Validation,2010,2010-07-03,0.023009253859245463,exper2_10
21.595500000000015,22.26102,Validation,2010,2010-07-04,0.015174953470517718,exper2_10
21.849000000000046,22.748178,Validation,2010,2010-07-05,0.02016222803013008,exper2_10
22.07650000000001,23.429667,Validation,2010,2010-07-06,0.029735893455124136,exper2_10
22.829000000000008,24.288795,Validation,2010,2010-07-07,0.030981828767518232,exper2_10
23.523000000000025,24.512625,Validation,2010,2010-07-08,0.020601891740654556,exper2_10
23.701999999999998,24.252956,Validation,2010,2010-07-09,0.011489039545688669,exper2_10
23.7765,24.737753,Validation,2010,2010-07-10,0.019813824941800236,exper2_10
23.79600000000005,24.23036,Validation,2010,2010-07-11,0.009044200535838088,exper2_10
23.355999999999995,24.303082,Validation,2010,2010-07-12,0.0198720051330353,exper2_10
23.252499999999998,24.102173,Validation,2010,2010-07-13,0.01794274567635339,exper2_10
23.34050000000002,23.6858,Validation,2010,2010-07-14,0.0073427113830402116,exper2_10
22.859000000000037,24.033632,Validation,2010,2010-07-15,0.025049399476393862,exper2_10
22.77950000000004,23.87185,Validation,2010,2010-07-16,0.023415165521843098,exper2_10
22.970500000000015,24.011911,Validation,2010,2010-07-17,0.022165984276927276,exper2_10
23.347000000000037,24.092161,Validation,2010,2010-07-18,0.015707722482351773,exper2_10
23.403999999999996,24.568937,Validation,2010,2010-07-19,0.024283218146745097,exper2_10
23.56650000000002,24.656487,Validation,2010,2010-07-20,0.022603048672163978,exper2_10
23.387,24.649488,Validation,2010,2010-07-21,0.026281863846782084,exper2_10
23.440999999999974,24.251059,Validation,2010,2010-07-22,0.016985187946082246,exper2_10
23.25550000000004,24.38046,Validation,2010,2010-07-23,0.023615787772103845,exper2_10
23.136000000000024,24.264788,Validation,2010,2010-07-24,0.0238136902220828,exper2_10
23.188499999999976,24.436804,Validation,2010,2010-07-25,0.02621093657535533,exper2_10
23.539499999999975,24.537025,Validation,2010,2010-07-26,0.020748700998851722,exper2_10
23.549500000000023,24.54981,Validation,2010,2010-07-27,0.020796772365937098,exper2_10
23.459000000000003,24.349552,Validation,2010,2010-07-28,0.018627465472334424,exper2_10
23.435000000000002,24.067728,Validation,2010,2010-07-29,0.013319825380030351,exper2_10
23.650500000000022,24.2162,Validation,2010,2010-07-30,0.011818234312301225,exper2_10
23.591000000000008,24.49854,Validation,2010,2010-07-31,0.018871897334031062,exper2_10
23.72750000000002,24.865612,Validation,2010,2010-08-01,0.023421262448183024,exper2_10
23.661,24.707228,Validation,2010,2010-08-02,0.02163047431154335,exper2_10
23.60450000000003,24.944407,Validation,2010,2010-08-03,0.027599107904520317,exper2_10
24.194500000000005,24.939032,Validation,2010,2010-08-04,0.015153227881093637,exper2_10
24.37650000000002,24.38685,Validation,2010,2010-08-05,0.00021225688923864254,exper2_10
24.003499999999974,23.795248,Validation,2010,2010-08-06,-0.004356849854017435,exper2_10
23.709000000000003,23.513338,Validation,2010,2010-08-07,-0.0041434185372614465,exper2_10
23.70750000000004,23.516188,Validation,2010,2010-08-08,-0.004051194254438078,exper2_10
23.54050000000001,24.031956,Validation,2010,2010-08-09,0.010330677943075147,exper2_10
24.244000000000028,25.12082,Validation,2010,2010-08-10,0.01776202380416604,exper2_10
24.829499999999996,24.666945,Validation,2010,2010-08-11,-0.0032841853156419807,exper2_10
24.579000000000008,24.947104,Validation,2010,2010-08-12,0.0074325148628638085,exper2_10
25.528500000000008,25.059357,Validation,2010,2010-08-13,-0.00927383252124799,exper2_10
24.88050000000004,25.109379,Validation,2010,2010-08-14,0.004578503091508465,exper2_10
24.8125,24.451597,Validation,2010,2010-08-15,-0.007325878411797786,exper2_10
24.189999999999998,23.35523,Validation,2010,2010-08-16,-0.01755737984147341,exper2_10
23.306500000000028,22.883753,Validation,2010,2010-08-17,-0.009152302732464878,exper2_10
22.803999999999974,22.410086,Validation,2010,2010-08-18,-0.008712203641666917,exper2_10
22.324000000000012,22.549686,Validation,2010,2010-08-19,0.005029371327165868,exper2_10
22.322000000000003,22.378466,Validation,2010,2010-08-20,0.0012632005425809866,exper2_10
21.994500000000016,22.926897,Validation,2010,2010-08-21,0.020756189927355978,exper2_10
22.2115,23.415136,Validation,2010,2010-08-22,0.026380124284919385,exper2_10
23.08250000000004,23.668123,Validation,2010,2010-08-23,0.012526533436083214,exper2_10
22.909500000000037,23.310194,Validation,2010,2010-08-24,0.00866933509703661,exper2_10
22.678999999999974,22.636627,Validation,2010,2010-08-25,-0.0009350593902163944,exper2_10
22.15650000000005,22.175594,Validation,2010,2010-08-26,0.0004307112064652355,exper2_10
22.01950000000005,22.193974,Validation,2010,2010-08-27,0.003946162273292037,exper2_10
22.01750000000004,22.242075,Validation,2010,2010-08-28,0.005074042545617647,exper2_10
22.022500000000036,22.3654,Validation,2010,2010-08-29,0.00772508525753153,exper2_10
22.065999999999974,22.624891,Validation,2010,2010-08-30,0.012505708995872377,exper2_10
22.42700000000002,22.689323,Validation,2010,2010-08-31,0.00581437948345509,exper2_10
22.442000000000007,22.901052,Validation,2010,2010-09-01,0.010123987025993132,exper2_10
22.55000000000001,22.748838,Validation,2010,2010-09-02,0.004389481752676949,exper2_10
22.265499999999975,21.42804,Validation,2010,2010-09-03,-0.019166688206740876,exper2_10
21.5625,20.467257,Validation,2010,2010-09-04,-0.026058762743016477,exper2_10
20.532500000000027,20.053123,Validation,2010,2010-09-05,-0.011811486059456535,exper2_10
20.298000000000002,20.005213,Validation,2010,2010-09-06,-0.007264612321529714,exper2_10
20.26800000000003,19.459175,Validation,2010,2010-09-07,-0.020359486620933585,exper2_10
19.777000000000044,18.927952,Validation,2010,2010-09-08,-0.021936422795812427,exper2_10
19.12900000000002,18.378447,Validation,2010,2010-09-09,-0.020010784243605733,exper2_10
18.9255,18.214025,Validation,2010,2010-09-10,-0.019156801090864345,exper2_10
18.748500000000035,18.193527,Validation,2010,2010-09-11,-0.01502280248428429,exper2_10
18.464,17.95273,Validation,2010,2010-09-12,-0.014039421404839998,exper2_10
18.32650000000001,18.067747,Validation,2010,2010-09-13,-0.007109719376410879,exper2_10
18.16500000000002,17.916721,Validation,2010,2010-09-14,-0.0068810091857551044,exper2_10
17.95700000000005,17.616507,Validation,2010,2010-09-15,-0.009571545125285198,exper2_10
17.55000000000001,17.407536,Validation,2010,2010-09-16,-0.004075357280423539,exper2_10
17.16550000000001,17.28187,Validation,2010,2010-09-17,0.0033781937106658793,exper2_10
16.845000000000027,17.099497,Validation,2010,2010-09-18,0.0074974403839155645,exper2_10
16.677999999999997,16.760504,Validation,2010,2010-09-19,0.002467328367652129,exper2_10
16.471000000000004,16.367035,Validation,2010,2010-09-20,-0.0031659960216526353,exper2_10
16.204499999999996,16.547335,Validation,2010,2010-09-21,0.01046764782688217,exper2_10
16.325499999999977,16.460966,Validation,2010,2010-09-22,0.004131769181041734,exper2_10
16.329000000000008,16.386513,Validation,2010,2010-09-23,0.001757965915924382,exper2_10
16.168000000000006,16.27035,Validation,2010,2010-09-24,0.0031552006847753427,exper2_10
16.04050000000001,15.912376,Validation,2010,2010-09-25,-0.004009767213825647,exper2_10
15.560000000000002,15.8315115,Validation,2010,2010-09-26,0.008649201154879096,exper2_10
15.536500000000046,15.466067,Validation,2010,2010-09-27,-0.002271833978728441,exper2_10
15.278500000000008,15.559659,Validation,2010,2010-09-28,0.009117243483082791,exper2_10
15.133500000000026,15.622954,Validation,2010,2010-09-29,0.015913874945582666,exper2_10
15.05600000000004,15.299905,Validation,2010,2010-09-30,0.008034839505622136,exper2_10
14.981999999999971,14.894231,Validation,2010,2010-10-01,-0.002937758710999074,exper2_10
14.763500000000022,14.3042,Validation,2010,2010-10-02,-0.015801037744686438,exper2_10
14.329499999999996,14.200846,Validation,2010,2010-10-03,-0.004509383899028861,exper2_10
14.234000000000037,14.171582,Validation,2010,2010-10-04,-0.002197377174929542,exper2_10
14.020500000000027,13.965867,Validation,2010,2010-10-05,-0.0019521275260728351,exper2_10
14.104499999999973,13.913802,Validation,2010,2010-10-06,-0.006806188757921306,exper2_10
14.004999999999995,13.662275,Validation,2010,2010-10-07,-0.012387366727486056,exper2_10
14.121000000000038,13.760575,Validation,2010,2010-10-08,-0.012926984996309595,exper2_10
14.254500000000007,13.946651,Validation,2010,2010-10-09,-0.010916169210685294,exper2_10
14.363999999999976,14.090654,Validation,2010,2010-10-10,-0.009606359059795138,exper2_10
14.895000000000039,14.445717,Validation,2010,2010-10-11,-0.015312616398080833,exper2_10
14.878000000000043,15.479581,Validation,2010,2010-10-12,0.019816495971961286,exper2_10
14.803500000000042,15.109687,Validation,2010,2010-10-13,0.010235848591506837,exper2_10
14.390499999999975,13.452575,Validation,2010,2010-10-14,-0.033686124078554876,exper2_10
13.96350000000001,12.974632,Validation,2010,2010-10-15,-0.036708845556004045,exper2_10
13.74350000000004,12.798823,Validation,2010,2010-10-16,-0.035591332027672944,exper2_10
13.528500000000008,12.334008,Validation,2010,2010-10-17,-0.04618623117008792,exper2_10
13.292500000000018,11.990891,Validation,2010,2010-10-18,-0.05148077328273277,exper2_10
13.103000000000009,11.37391,Validation,2010,2010-10-19,-0.07064168039420154,exper2_10
12.879999999999995,10.928376,Validation,2010,2010-10-20,-0.08197215072417112,exper2_10
12.591499999999996,10.395689,Validation,2010,2010-10-21,-0.09552324942233743,exper2_10
12.236500000000035,10.041778,Validation,2010,2010-10-22,-0.09851400667344945,exper2_10
11.990000000000009,10.005597,Validation,2010,2010-10-23,-0.09021818662623046,exper2_10
11.79400000000004,9.839085,Validation,2010,2010-10-24,-0.09036692679853246,exper2_10
11.721000000000004,10.003351,Validation,2010,2010-10-25,-0.07906559656148046,exper2_10
11.767500000000041,10.082675,Validation,2010,2010-10-26,-0.0771080790595962,exper2_10
11.729000000000042,8.838254,Validation,2010,2010-10-27,-0.14055089846273439,exper2_10
11.071500000000015,9.213925,Validation,2010,2010-10-28,-0.09157188499877471,exper2_10
10.610500000000002,9.059532,Validation,2010,2010-10-29,-0.07884927799918914,exper2_10
10.201999999999998,8.808829,Validation,2010,2010-10-30,-0.07328300464462686,exper2_10
10.002499999999998,8.804431,Validation,2010,2010-10-31,-0.06370359102379665,exper2_10
9.841000000000008,8.827098,Validation,2010,2010-11-01,-0.05431202006027242,exper2_10
9.69300000000004,8.785664,Validation,2010,2010-11-02,-0.04910184062396958,exper2_10
9.54600000000005,8.701094,Validation,2010,2010-11-03,-0.04630361094224538,exper2_10
9.463000000000022,8.490656,Validation,2010,2010-11-04,-0.05415855725539089,exper2_10
9.230500000000006,7.937845,Validation,2010,2010-11-05,-0.07529291568711928,exper2_10
8.833000000000027,7.5510373,Validation,2010,2010-11-06,-0.07824461480822159,exper2_10
8.594500000000039,7.3913565,Validation,2010,2010-11-07,-0.07526300102798149,exper2_10
8.529999999999973,7.303575,Validation,2010,2010-11-08,-0.07745723616278752,exper2_10
8.408000000000015,7.249347,Validation,2010,2010-11-09,-0.07400058097547568,exper2_10
8.428999999999974,7.116235,Validation,2010,2010-11-10,-0.08444807938090781,exper2_10
8.401499999999999,7.020805,Validation,2010,2010-11-11,-0.08952586066155824,exper2_10
8.395500000000027,6.9328094,Validation,2010,2010-11-12,-0.0954241340941457,exper2_10
8.216000000000008,6.5922246,Validation,2010,2010-11-13,-0.10965361791554556,exper2_10
7.909000000000049,6.6606207,Validation,2010,2010-11-14,-0.08568372075169259,exper2_10
7.6825000000000045,6.3142433,Validation,2010,2010-11-15,-0.09775536011451667,exper2_10
,6.176556,Validation,2010,2010-11-16,,exper2_10
,5.8430543,Validation,2010,2010-11-17,,exper2_10
,5.7349544,Validation,2010,2010-11-18,,exper2_10
,5.356689,Validation,2010,2010-11-19,,exper2_10
,4.9484534,Validation,2010,2010-11-20,,exper2_10
,4.414401,Validation,2010,2010-11-21,,exper2_10
,4.7271814,Validation,2010,2010-11-22,,exper2_10
,4.1784945,Validation,2010,2010-11-23,,exper2_10
,4.264444,Validation,2010,2010-11-24,,exper2_10
,3.7839725,Validation,2010,2010-11-25,,exper2_10
,2.874087,Validation,2010,2010-11-26,,exper2_10
,3.1217809,Validation,2010,2010-11-27,,exper2_10
,2.36672,Validation,2010,2010-11-28,,exper2_10
,2.4057753,Validation,2010,2010-11-29,,exper2_10
,2.129676,Validation,2010,2010-11-30,,exper2_10
,1.7321502,Validation,2010,2010-12-01,,exper2_10
,1.9308559,Validation,2010,2010-12-02,,exper2_10
,1.2549595,Validation,2010,2010-12-03,,exper2_10
,1.2407058,Validation,2010,2010-12-04,,exper2_10
,1.1728364,Validation,2010,2010-12-05,,exper2_10
,0.87751937,Validation,2010,2010-12-06,,exper2_10
,0.42799813,Validation,2010,2010-12-07,,exper2_10
,0.36957395,Validation,2010,2010-12-08,,exper2_10
,0.42986977,Validation,2010,2010-12-09,,exper2_10
,0.56239736,Validation,2010,2010-12-10,,exper2_10
,0.20403373,Validation,2010,2010-12-11,,exper2_10
,0.23878339,Validation,2010,2010-12-12,,exper2_10
,0.01,Validation,2010,2010-12-13,,exper2_10
,0.01,Validation,2010,2010-12-14,,exper2_10
,0.01,Validation,2010,2010-12-15,,exper2_10
,0.01,Validation,2010,2010-12-16,,exper2_10
,0.01,Validation,2010,2010-12-17,,exper2_10
,0.01,Validation,2010,2010-12-18,,exper2_10
,0.01,Validation,2010,2010-12-19,,exper2_10
,0.01,Validation,2010,2010-12-20,,exper2_10
,0.01,Validation,2010,2010-12-21,,exper2_10
,0.01,Validation,2010,2010-12-22,,exper2_10
,0.01,Validation,2010,2010-12-23,,exper2_10
,0.01,Validation,2010,2010-12-24,,exper2_10
,0.01,Validation,2010,2010-12-25,,exper2_10
,0.01,Validation,2010,2010-12-26,,exper2_10
,0.01,Validation,2010,2010-12-27,,exper2_10
,0.01,Validation,2010,2010-12-28,,exper2_10
,0.01,Validation,2010,2010-12-29,,exper2_10
,0.01,Validation,2010,2010-12-30,,exper2_10
,0.01,Validation,2010,2010-12-31,,exper2_10
,0.01,Validation,2011,2011-01-01,,exper2_10
,0.01,Validation,2011,2011-01-02,,exper2_10
,0.01,Validation,2011,2011-01-03,,exper2_10
,0.01,Validation,2011,2011-01-04,,exper2_10
,0.01,Validation,2011,2011-01-05,,exper2_10
,0.01,Validation,2011,2011-01-06,,exper2_10
,0.01,Validation,2011,2011-01-07,,exper2_10
,0.01,Validation,2011,2011-01-08,,exper2_10
,0.01,Validation,2011,2011-01-09,,exper2_10
,0.01,Validation,2011,2011-01-10,,exper2_10
,0.01,Validation,2011,2011-01-11,,exper2_10
,0.01,Validation,2011,2011-01-12,,exper2_10
,0.01,Validation,2011,2011-01-13,,exper2_10
,0.01,Validation,2011,2011-01-14,,exper2_10
,0.01,Validation,2011,2011-01-15,,exper2_10
,0.01,Validation,2011,2011-01-16,,exper2_10
,0.01,Validation,2011,2011-01-17,,exper2_10
,0.01,Validation,2011,2011-01-18,,exper2_10
,0.01,Validation,2011,2011-01-19,,exper2_10
,0.01,Validation,2011,2011-01-20,,exper2_10
,0.01,Validation,2011,2011-01-21,,exper2_10
,0.01,Validation,2011,2011-01-22,,exper2_10
,0.01,Validation,2011,2011-01-23,,exper2_10
,0.01,Validation,2011,2011-01-24,,exper2_10
,0.01,Validation,2011,2011-01-25,,exper2_10
,0.01,Validation,2011,2011-01-26,,exper2_10
,0.01,Validation,2011,2011-01-27,,exper2_10
,0.01,Validation,2011,2011-01-28,,exper2_10
,0.01,Validation,2011,2011-01-29,,exper2_10
,0.01,Validation,2011,2011-01-30,,exper2_10
,0.01,Validation,2011,2011-01-31,,exper2_10
,0.01,Validation,2011,2011-02-01,,exper2_10
,0.01,Validation,2011,2011-02-02,,exper2_10
,0.01,Validation,2011,2011-02-03,,exper2_10
,0.01,Validation,2011,2011-02-04,,exper2_10
,0.01,Validation,2011,2011-02-05,,exper2_10
,0.01,Validation,2011,2011-02-06,,exper2_10
,0.01,Validation,2011,2011-02-07,,exper2_10
,0.01,Validation,2011,2011-02-08,,exper2_10
,0.01,Validation,2011,2011-02-09,,exper2_10
,0.01,Validation,2011,2011-02-10,,exper2_10
,0.01,Validation,2011,2011-02-11,,exper2_10
,0.01,Validation,2011,2011-02-12,,exper2_10
,0.01,Validation,2011,2011-02-13,,exper2_10
,0.01,Validation,2011,2011-02-14,,exper2_10
,0.01,Validation,2011,2011-02-15,,exper2_10
,0.01,Validation,2011,2011-02-16,,exper2_10
,0.01,Validation,2011,2011-02-17,,exper2_10
,0.18537398,Validation,2011,2011-02-18,,exper2_10
,0.01,Validation,2011,2011-02-19,,exper2_10
,0.01,Validation,2011,2011-02-20,,exper2_10
,0.01,Validation,2011,2011-02-21,,exper2_10
,0.01,Validation,2011,2011-02-22,,exper2_10
,0.01,Validation,2011,2011-02-23,,exper2_10
,0.01,Validation,2011,2011-02-24,,exper2_10
,0.01,Validation,2011,2011-02-25,,exper2_10
,0.01,Validation,2011,2011-02-26,,exper2_10
,0.01,Validation,2011,2011-02-27,,exper2_10
,0.01,Validation,2011,2011-02-28,,exper2_10
,0.01,Validation,2011,2011-03-01,,exper2_10
,0.01,Validation,2011,2011-03-02,,exper2_10
,0.01,Validation,2011,2011-03-03,,exper2_10
,0.01,Validation,2011,2011-03-04,,exper2_10
,0.01,Validation,2011,2011-03-05,,exper2_10
,0.01,Validation,2011,2011-03-06,,exper2_10
,0.01,Validation,2011,2011-03-07,,exper2_10
,0.01,Validation,2011,2011-03-08,,exper2_10
,0.01,Validation,2011,2011-03-09,,exper2_10
,0.01,Validation,2011,2011-03-10,,exper2_10
,0.01,Validation,2011,2011-03-11,,exper2_10
,0.01,Validation,2011,2011-03-12,,exper2_10
,0.29031,Validation,2011,2011-03-13,,exper2_10
,0.01,Validation,2011,2011-03-14,,exper2_10
,0.01,Validation,2011,2011-03-15,,exper2_10
,0.015182614,Validation,2011,2011-03-16,,exper2_10
,0.01,Validation,2011,2011-03-17,,exper2_10
,0.05475025,Validation,2011,2011-03-18,,exper2_10
,0.3879648,Validation,2011,2011-03-19,,exper2_10
,0.01,Validation,2011,2011-03-20,,exper2_10
,0.01,Validation,2011,2011-03-21,,exper2_10
,0.01,Validation,2011,2011-03-22,,exper2_10
,0.01,Validation,2011,2011-03-23,,exper2_10
,0.053467616,Validation,2011,2011-03-24,,exper2_10
,0.01,Validation,2011,2011-03-25,,exper2_10
,0.01,Validation,2011,2011-03-26,,exper2_10
,0.01,Validation,2011,2011-03-27,,exper2_10
,0.01,Validation,2011,2011-03-28,,exper2_10
,0.01,Validation,2011,2011-03-29,,exper2_10
,0.01,Validation,2011,2011-03-30,,exper2_10
,0.01,Validation,2011,2011-03-31,,exper2_10
,0.01,Validation,2011,2011-04-01,,exper2_10
,0.03715259,Validation,2011,2011-04-02,,exper2_10
,0.01,Validation,2011,2011-04-03,,exper2_10
,0.39590478,Validation,2011,2011-04-04,,exper2_10
,0.70818275,Validation,2011,2011-04-05,,exper2_10
,0.7338699,Validation,2011,2011-04-06,,exper2_10
,1.1620667,Validation,2011,2011-04-07,,exper2_10
,1.2789983,Validation,2011,2011-04-08,,exper2_10
,1.086931,Validation,2011,2011-04-09,,exper2_10
,1.8876522,Validation,2011,2011-04-10,,exper2_10
,1.6852847,Validation,2011,2011-04-11,,exper2_10
,2.6049726,Validation,2011,2011-04-12,,exper2_10
,2.254666,Validation,2011,2011-04-13,,exper2_10
,2.6659205,Validation,2011,2011-04-14,,exper2_10
,2.460482,Validation,2011,2011-04-15,,exper2_10
,2.5461726,Validation,2011,2011-04-16,,exper2_10
,2.8577359,Validation,2011,2011-04-17,,exper2_10
,3.2150774,Validation,2011,2011-04-18,,exper2_10
,3.7057674,Validation,2011,2011-04-19,,exper2_10
,4.2677035,Validation,2011,2011-04-20,,exper2_10
,3.99524,Validation,2011,2011-04-21,,exper2_10
,4.3874097,Validation,2011,2011-04-22,,exper2_10
,4.422108,Validation,2011,2011-04-23,,exper2_10
,4.858896,Validation,2011,2011-04-24,,exper2_10
,5.107492,Validation,2011,2011-04-25,,exper2_10
,5.3642144,Validation,2011,2011-04-26,,exper2_10
,5.016337,Validation,2011,2011-04-27,,exper2_10
,5.3424716,Validation,2011,2011-04-28,,exper2_10
4.8250000000000455,5.7028594,Validation,2011,2011-04-29,0.083384415407451,exper2_10
4.68300000000005,6.0570107,Validation,2011,2011-04-30,0.12793382570374842,exper2_10
4.738500000000045,6.127715,Validation,2011,2011-05-01,0.1278471939507914,exper2_10
4.598500000000001,6.4599843,Validation,2011,2011-05-02,0.16833087171778413,exper2_10
4.778999999999996,6.0974107,Validation,2011,2011-05-03,0.12121744183728175,exper2_10
5.426499999999976,6.8543363,Validation,2011,2011-05-04,0.11626539360324598,exper2_10
5.346500000000049,7.1413693,Validation,2011,2011-05-05,0.14372902963131817,exper2_10
5.809000000000026,6.9071736,Validation,2011,2011-05-06,0.08636038365155879,exper2_10
6.88900000000001,7.512839,Validation,2011,2011-05-07,0.0433166102880524,exper2_10
7.2065000000000055,8.283556,Validation,2011,2011-05-08,0.06953209114124671,exper2_10
6.9879999999999995,8.7430525,Validation,2011,2011-05-09,0.11156611959343953,exper2_10
7.4529999999999745,8.805049,Validation,2011,2011-05-10,0.08316182017548775,exper2_10
8.399999999999977,10.370646,Validation,2011,2011-05-11,0.10498554107803404,exper2_10
9.841000000000008,10.555268,Validation,2011,2011-05-12,0.03501955738103671,exper2_10
9.962499999999977,10.012916,Validation,2011,2011-05-13,0.0025238829693573846,exper2_10
8.96350000000001,8.7411995,Validation,2011,2011-05-14,-0.012556016930678428,exper2_10
8.595000000000027,9.695888,Validation,2011,2011-05-15,0.06018776079967016,exper2_10
8.970500000000015,10.544919,Validation,2011,2011-05-16,0.08067564487595304,exper2_10
9.654500000000041,11.869332,Validation,2011,2011-05-17,0.10290139233915674,exper2_10
10.528999999999996,12.420428,Validation,2011,2011-05-18,0.08241722858233111,exper2_10
11.416500000000042,12.2249365,Validation,2011,2011-05-19,0.03419574296145183,exper2_10
12.753000000000043,14.91619,Validation,2011,2011-05-20,0.0781804648374623,exper2_10
13.06800000000004,14.444182,Validation,2011,2011-05-21,0.050020837174238414,exper2_10
13.744000000000028,15.463556,Validation,2011,2011-05-22,0.058873678873327,exper2_10
14.196500000000015,15.160619,Validation,2011,2011-05-23,0.032841056004213665,exper2_10
14.186000000000035,15.621826,Validation,2011,2011-05-24,0.048169435892300265,exper2_10
14.187000000000012,15.799718,Validation,2011,2011-05-25,0.053781074285841474,exper2_10
13.562000000000012,15.943923,Validation,2011,2011-05-26,0.080726944105488,exper2_10
13.464500000000044,16.071667,Validation,2011,2011-05-27,0.08827031423755922,exper2_10
13.584500000000048,15.889888,Validation,2011,2011-05-28,0.07821664777683648,exper2_10
14.210000000000036,17.01711,Validation,2011,2011-05-29,0.08989338912439174,exper2_10
14.373500000000035,17.646246,Validation,2011,2011-05-30,0.10221024117040435,exper2_10
14.720500000000015,18.701727,Validation,2011,2011-05-31,0.11911913960017197,exper2_10
14.587000000000046,18.178722,Validation,2011,2011-06-01,0.10961828766545435,exper2_10
14.841499999999996,18.237532,Validation,2011,2011-06-02,0.10266418003674065,exper2_10
15.123000000000047,18.827444,Validation,2011,2011-06-03,0.10911327310437273,exper2_10
16.41550000000001,20.092894,Validation,2011,2011-06-04,0.10072734617436396,exper2_10
17.586000000000013,20.64213,Validation,2011,2011-06-05,0.07994453053863525,exper2_10
18.53400000000005,20.927004,Validation,2011,2011-06-06,0.06064224490929763,exper2_10
19.613999999999976,22.353819,Validation,2011,2011-06-07,0.06528380472642066,exper2_10
20.45350000000002,22.660587,Validation,2011,2011-06-08,0.0511917901654985,exper2_10
19.33299999999997,21.262941,Validation,2011,2011-06-09,0.0475402539218553,exper2_10
18.123500000000035,20.050806,Validation,2011,2011-06-10,0.050486996233367123,exper2_10
17.71700000000004,18.792593,Validation,2011,2011-06-11,0.029460558551035188,exper2_10
18.280500000000018,19.082384,Validation,2011,2011-06-12,0.021462050604739734,exper2_10
18.331500000000005,20.024223,Validation,2011,2011-06-13,0.04413222280224978,exper2_10
18.5865,20.209208,Validation,2011,2011-06-14,0.041826986486452805,exper2_10
18.372500000000002,19.888357,Validation,2011,2011-06-15,0.039619006862247286,exper2_10
18.249500000000012,19.437914,Validation,2011,2011-06-16,0.031533442384114006,exper2_10
18.829499999999996,19.705853,Validation,2011,2011-06-17,0.0227415204869503,exper2_10
19.100000000000023,20.215464,Validation,2011,2011-06-18,0.028372134907721835,exper2_10
18.660500000000013,19.856634,Validation,2011,2011-06-19,0.031054598601924437,exper2_10
18.447000000000003,19.821474,Validation,2011,2011-06-20,0.03591661566155563,exper2_10
18.258000000000038,19.921473,Validation,2011,2011-06-21,0.04356981483398995,exper2_10
18.083500000000015,19.877794,Validation,2011,2011-06-22,0.04726641439530864,exper2_10
17.797000000000025,19.728424,Validation,2011,2011-06-23,0.05146974671215187,exper2_10
17.506500000000017,19.259935,Validation,2011,2011-06-24,0.04769119880543185,exper2_10
18.64500000000004,20.20624,Validation,2011,2011-06-25,0.04018506777029791,exper2_10
18.768500000000017,20.860231,Validation,2011,2011-06-26,0.052783203642007046,exper2_10
18.785000000000025,20.544506,Validation,2011,2011-06-27,0.04473755835459175,exper2_10
18.771000000000015,20.101461,Validation,2011,2011-06-28,0.03422632275511888,exper2_10
19.27600000000001,21.12722,Validation,2011,2011-06-29,0.04581862897960321,exper2_10
19.80200000000002,21.352707,Validation,2011,2011-06-30,0.03767994053758589,exper2_10
21.326999999999998,22.143785,Validation,2011,2011-07-01,0.018789296483327927,exper2_10
22.307000000000016,23.098232,Validation,2011,2011-07-02,0.017426015235303533,exper2_10
22.212000000000046,23.112865,Validation,2011,2011-07-03,0.019875744563027497,exper2_10
22.638500000000022,23.532015,Validation,2011,2011-07-04,0.019352499095288505,exper2_10
23.112000000000023,23.43471,Validation,2011,2011-07-05,0.006933026030783099,exper2_10
23.61450000000002,23.393286,Validation,2011,2011-07-06,-0.004705906588057669,exper2_10
23.263500000000022,23.530954,Validation,2011,2011-07-07,0.005715514041446219,exper2_10
23.452999999999975,24.211355,Validation,2011,2011-07-08,0.0159103213715947,exper2_10
23.180499999999995,23.934122,Validation,2011,2011-07-09,0.015995503141307984,exper2_10
23.521500000000003,24.457088,Validation,2011,2011-07-10,0.019500124957511716,exper2_10
24.201999999999998,24.975155,Validation,2011,2011-07-11,0.015721830159702136,exper2_10
23.680000000000007,24.355448,Validation,2011,2011-07-12,0.014061444215340826,exper2_10
22.849499999999978,23.64062,Validation,2011,2011-07-13,0.017016933710670815,exper2_10
22.301499999999976,23.07976,Validation,2011,2011-07-14,0.01714936087442679,exper2_10
21.974000000000046,22.930677,Validation,2011,2011-07-15,0.02130462724676843,exper2_10
22.39500000000004,23.610252,Validation,2011,2011-07-16,0.02641551382705949,exper2_10
23.34450000000004,24.466967,Validation,2011,2011-07-17,0.023476933634719005,exper2_10
23.851999999999975,25.26732,Validation,2011,2011-07-18,0.028813929319405553,exper2_10
24.25400000000002,25.88503,Validation,2011,2011-07-19,0.032530161077657035,exper2_10
24.59650000000005,26.16587,Validation,2011,2011-07-20,0.03091602393462333,exper2_10
25.015499999999975,25.965368,Validation,2011,2011-07-21,0.018631857461257097,exper2_10
25.1875,26.089304,Validation,2011,2011-07-22,0.01758697696639982,exper2_10
24.9135,26.386467,Validation,2011,2011-07-23,0.028712825108742995,exper2_10
24.815999999999974,26.283108,Validation,2011,2011-07-24,0.028711024946440296,exper2_10
24.647000000000048,25.711863,Validation,2011,2011-07-25,0.021145484823683537,exper2_10
24.592499999999973,25.513708,Validation,2011,2011-07-26,0.018385109336485333,exper2_10
24.008000000000038,24.79139,Validation,2011,2011-07-27,0.016053263655860416,exper2_10
24.285000000000025,24.596075,Validation,2011,2011-07-28,0.006363916047557706,exper2_10
24.497000000000014,24.698725,Validation,2011,2011-07-29,0.004100452788178552,exper2_10
24.384000000000015,24.97324,Validation,2011,2011-07-30,0.011938266805258793,exper2_10
24.72950000000003,25.275967,Validation,2011,2011-07-31,0.01092813808086941,exper2_10
24.39549999999997,25.041517,Validation,2011,2011-08-01,0.013067480473651867,exper2_10
23.966499999999996,24.536648,Validation,2011,2011-08-02,0.011754861746735267,exper2_10
23.940500000000043,24.654778,Validation,2011,2011-08-03,0.01469849671011119,exper2_10
24.084500000000048,25.327444,Validation,2011,2011-08-04,0.025154729281906853,exper2_10
24.49350000000004,25.524776,Validation,2011,2011-08-05,0.020617992696947227,exper2_10
24.668000000000006,25.456049,Validation,2011,2011-08-06,0.01572197341833308,exper2_10
24.30600000000004,25.429089,Validation,2011,2011-08-07,0.02258141333034551,exper2_10
24.14100000000002,25.197712,Validation,2011,2011-08-08,0.0214175016519891,exper2_10
23.686000000000035,24.39836,Validation,2011,2011-08-09,0.014814781960195282,exper2_10
23.061000000000035,23.585196,Validation,2011,2011-08-10,0.011237691204993638,exper2_10
23.11450000000002,23.358763,Validation,2011,2011-08-11,0.0052559843376971185,exper2_10
22.986500000000035,23.199768,Validation,2011,2011-08-12,0.004617564382980233,exper2_10
22.933500000000038,23.157858,Validation,2011,2011-08-13,0.004867678131961925,exper2_10
23.157500000000027,23.105867,Validation,2011,2011-08-14,-0.001116058277926949,exper2_10
23.271500000000003,23.56339,Validation,2011,2011-08-15,0.006232335065815797,exper2_10
23.349499999999978,23.45532,Validation,2011,2011-08-16,0.002260885897357741,exper2_10
23.374000000000024,23.406101,Validation,2011,2011-08-17,0.0006862154199063988,exper2_10
23.369000000000028,23.420052,Validation,2011,2011-08-18,0.0010911008663103616,exper2_10
23.148000000000025,23.31563,Validation,2011,2011-08-19,0.003607767177337524,exper2_10
22.948500000000024,23.020493,Validation,2011,2011-08-20,0.0015661111917298614,exper2_10
22.6635,22.634098,Validation,2011,2011-08-21,-0.000649084019578609,exper2_10
22.446500000000015,22.492247,Validation,2011,2011-08-22,0.0010179773856731265,exper2_10
22.168000000000006,22.44562,Validation,2011,2011-08-23,0.0062227540765344,exper2_10
22.058500000000038,22.236364,Validation,2011,2011-08-24,0.004015462450902919,exper2_10
22.0505,22.357159,Validation,2011,2011-08-25,0.006905535444469559,exper2_10
21.90300000000002,22.379208,Validation,2011,2011-08-26,0.01075392661690082,exper2_10
21.95150000000001,22.399977,Validation,2011,2011-08-27,0.010111878192317498,exper2_10
22.067499999999995,22.241373,Validation,2011,2011-08-28,0.00392411384261508,exper2_10
21.8005,22.25506,Validation,2011,2011-08-29,0.01031788482319468,exper2_10
21.924500000000023,22.22949,Validation,2011,2011-08-30,0.006907422822178016,exper2_10
21.541500000000042,21.559807,Validation,2011,2011-08-31,0.0004247394123174852,exper2_10
21.672000000000025,22.019821,Validation,2011,2011-09-01,0.00796078436883583,exper2_10
22.02800000000002,22.318058,Validation,2011,2011-09-02,0.006540784613256354,exper2_10
21.81650000000002,22.440145,Validation,2011,2011-09-03,0.014091567167209305,exper2_10
21.197500000000048,21.878119,Validation,2011,2011-09-04,0.015800551181345435,exper2_10
20.592499999999973,20.816296,Validation,2011,2011-09-05,0.0054045431751414685,exper2_10
20.50750000000005,20.353712,Validation,2011,2011-09-06,-0.0037636651057386997,exper2_10
20.55600000000004,20.32853,Validation,2011,2011-09-07,-0.005563733902830743,exper2_10
20.609000000000037,20.360025,Validation,2011,2011-09-08,-0.006077142222682489,exper2_10
21.06800000000004,20.685337,Validation,2011,2011-09-09,-0.00916484669809287,exper2_10
21.327999999999975,21.115246,Validation,2011,2011-09-10,-0.005012674615297137,exper2_10
21.20150000000001,21.17576,Validation,2011,2011-09-11,-0.0006073948780898403,exper2_10
21.06800000000004,21.25134,Validation,2011,2011-09-12,0.004332318564907999,exper2_10
20.53200000000004,20.664577,Validation,2011,2011-09-13,0.003218167435920853,exper2_10
19.70750000000004,19.737259,Validation,2011,2011-09-14,0.0007544452534193262,exper2_10
18.838000000000022,19.288794,Validation,2011,2011-09-15,0.011823537247838675,exper2_10
18.374500000000012,18.596886,Validation,2011,2011-09-16,0.006015075633632578,exper2_10
17.964500000000044,18.356947,Validation,2011,2011-09-17,0.010804826850169088,exper2_10
17.577999999999975,17.892942,Validation,2011,2011-09-18,0.008878885279773553,exper2_10
17.482500000000016,18.048227,Validation,2011,2011-09-19,0.015922198981233614,exper2_10
17.271500000000003,17.560705,Validation,2011,2011-09-20,0.008302810097753714,exper2_10
16.90650000000005,17.130745,Validation,2011,2011-09-21,0.006588222240556256,exper2_10
16.40100000000001,16.632135,Validation,2011,2011-09-22,0.006997076980366446,exper2_10
16.091499999999996,16.336304,Validation,2011,2011-09-23,0.007549191833023659,exper2_10
15.845500000000015,16.145544,Validation,2011,2011-09-24,0.009379001561660086,exper2_10
15.705000000000041,16.083174,Validation,2011,2011-09-25,0.01189668065814035,exper2_10
15.546500000000037,15.879819,Validation,2011,2011-09-26,0.01060636204985684,exper2_10
15.451999999999998,15.744716,Validation,2011,2011-09-27,0.009382900864172507,exper2_10
15.569500000000005,16.196772,Validation,2011,2011-09-28,0.01974646660376464,exper2_10
15.258500000000026,15.551782,Validation,2011,2011-09-29,0.009518954018273337,exper2_10
14.57650000000001,15.99358,Validation,2011,2011-09-30,0.0463551247096171,exper2_10
14.387,15.800711,Validation,2011,2011-10-01,0.04683066871732508,exper2_10
14.391500000000008,15.675371,Validation,2011,2011-10-02,0.04270052453356293,exper2_10
14.628000000000043,15.895504,Validation,2011,2011-10-03,0.0415255076184547,exper2_10
14.698500000000024,15.69921,Validation,2011,2011-10-04,0.0329205772880805,exper2_10
14.813000000000045,15.850751,Validation,2011,2011-10-05,0.03384292175335275,exper2_10
14.912500000000023,18.22184,Validation,2011,2011-10-06,0.09987643979915854,exper2_10
14.850500000000011,18.956278,Validation,2011,2011-10-07,0.12144836357479562,exper2_10
14.843000000000018,19.14656,Validation,2011,2011-10-08,0.12661418930540214,exper2_10
15.337499999999977,19.30005,Validation,2011,2011-10-09,0.1144004310736515,exper2_10
15.262999999999977,18.363777,Validation,2011,2011-10-10,0.09221154753639564,exper2_10
15.24350000000004,17.689022,Validation,2011,2011-10-11,0.07425857210209634,exper2_10
15.416500000000042,17.350813,Validation,2011,2011-10-12,0.05903178320367028,exper2_10
15.308500000000038,16.600447,Validation,2011,2011-10-13,0.040488541134053174,exper2_10
14.748500000000035,15.854803,Validation,2011,2011-10-14,0.03614979344688882,exper2_10
13.904500000000041,14.994098,Validation,2011,2011-10-15,0.037704172382442495,exper2_10
13.428500000000042,14.229243,Validation,2011,2011-10-16,0.028951866044896753,exper2_10
12.959000000000003,13.426405,Validation,2011,2011-10-17,0.017714526414715152,exper2_10
12.623000000000047,13.066026,Validation,2011,2011-10-18,0.017245719574419373,exper2_10
12.256500000000017,12.414463,Validation,2011,2011-10-19,0.006402791935450211,exper2_10
11.676000000000045,11.908552,Validation,2011,2011-10-20,0.009860359786587107,exper2_10
11.39450000000005,12.077881,Validation,2011,2011-10-21,0.02911425404474902,exper2_10
11.228499999999997,11.60019,Validation,2011,2011-10-22,0.01628171217929424,exper2_10
11.04600000000005,11.2696,Validation,2011,2011-10-23,0.01001989260458709,exper2_10
10.90100000000001,11.096134,Validation,2011,2011-10-24,0.008870891278058004,exper2_10
10.684000000000026,10.857835,Validation,2011,2011-10-25,0.008069638332294378,exper2_10
10.472500000000025,10.769873,Validation,2011,2011-10-26,0.013999032504007464,exper2_10
10.265499999999975,10.647745,Validation,2011,2011-10-27,0.018277657533563398,exper2_10
10.034500000000037,9.987458,Validation,2011,2011-10-28,-0.0023495089939208342,exper2_10
9.846000000000004,9.714339,Validation,2011,2011-10-29,-0.006731005121553157,exper2_10
9.623000000000047,9.587996,Validation,2011,2011-10-30,-0.001822106031521528,exper2_10
9.484500000000025,9.372525,Validation,2011,2011-10-31,-0.005938093817742991,exper2_10
9.374500000000012,9.36482,Validation,2011,2011-11-01,-0.0005165861713318865,exper2_10
9.240000000000009,9.327911,Validation,2011,2011-11-02,0.004734586199190571,exper2_10
9.065500000000043,9.339332,Validation,2011,2011-11-03,0.014878246780151974,exper2_10
8.85850000000005,9.226952,Validation,2011,2011-11-04,0.02037281718411441,exper2_10
8.692499999999995,9.055256,Validation,2011,2011-11-05,0.020439535687955555,exper2_10
8.537500000000023,8.920369,Validation,2011,2011-11-06,0.021931035512008878,exper2_10
8.286500000000046,8.736011,Validation,2011,2011-11-07,0.026406830537357463,exper2_10
8.122500000000002,8.547609,Validation,2011,2011-11-08,0.025501292212786516,exper2_10
7.891500000000008,8.081613,Validation,2011,2011-11-09,0.011902037623531979,exper2_10
7.566500000000019,8.176632,Validation,2011,2011-11-10,0.03875543508752655,exper2_10
7.343500000000006,7.5778413,Validation,2011,2011-11-11,0.015705108372212423,exper2_10
7.198000000000036,7.235292,Validation,2011,2011-11-12,0.002583745826252249,exper2_10
7.099000000000046,7.3246913,Validation,2011,2011-11-13,0.01564726331131394,exper2_10
6.947000000000003,7.3172126,Validation,2011,2011-11-14,0.02595394449681543,exper2_10
6.782500000000027,7.0389504,Validation,2011,2011-11-15,0.01855452467311105,exper2_10
6.518500000000017,6.901806,Validation,2011,2011-11-16,0.02856163497158931,exper2_10
,6.389739,Validation,2011,2011-11-17,,exper2_10
,6.41054,Validation,2011,2011-11-18,,exper2_10
,6.180086,Validation,2011,2011-11-19,,exper2_10
,5.8109984,Validation,2011,2011-11-20,,exper2_10
,5.4425454,Validation,2011,2011-11-21,,exper2_10
,5.3052173,Validation,2011,2011-11-22,,exper2_10
,4.857346,Validation,2011,2011-11-23,,exper2_10
,4.603946,Validation,2011,2011-11-24,,exper2_10
,4.7417397,Validation,2011,2011-11-25,,exper2_10
,5.1446357,Validation,2011,2011-11-26,,exper2_10
,4.930276,Validation,2011,2011-11-27,,exper2_10
,4.6074486,Validation,2011,2011-11-28,,exper2_10
,4.3273587,Validation,2011,2011-11-29,,exper2_10
,4.0202136,Validation,2011,2011-11-30,,exper2_10
,4.018103,Validation,2011,2011-12-01,,exper2_10
,3.7694175,Validation,2011,2011-12-02,,exper2_10
,3.6075609,Validation,2011,2011-12-03,,exper2_10
,3.7787008,Validation,2011,2011-12-04,,exper2_10
,3.1738937,Validation,2011,2011-12-05,,exper2_10
,2.7775497,Validation,2011,2011-12-06,,exper2_10
,2.1716783,Validation,2011,2011-12-07,,exper2_10
,1.9516537,Validation,2011,2011-12-08,,exper2_10
,1.3517435,Validation,2011,2011-12-09,,exper2_10
,0.8539444,Validation,2011,2011-12-10,,exper2_10
,0.9354679,Validation,2011,2011-12-11,,exper2_10
,1.1939739,Validation,2011,2011-12-12,,exper2_10
,1.169141,Validation,2011,2011-12-13,,exper2_10
,1.1571606,Validation,2011,2011-12-14,,exper2_10
,1.1335897,Validation,2011,2011-12-15,,exper2_10
,0.88131964,Validation,2011,2011-12-16,,exper2_10
,0.69972956,Validation,2011,2011-12-17,,exper2_10
,0.33770663,Validation,2011,2011-12-18,,exper2_10
,0.56342804,Validation,2011,2011-12-19,,exper2_10
,0.2322292,Validation,2011,2011-12-20,,exper2_10
,0.3852492,Validation,2011,2011-12-21,,exper2_10
,0.42679194,Validation,2011,2011-12-22,,exper2_10
,0.25713265,Validation,2011,2011-12-23,,exper2_10
,0.0999489,Validation,2011,2011-12-24,,exper2_10
,0.2664289,Validation,2011,2011-12-25,,exper2_10
,0.023308128,Validation,2011,2011-12-26,,exper2_10
,0.19717078,Validation,2011,2011-12-27,,exper2_10
,0.006912619,Validation,2011,2011-12-28,,exper2_10
,0.10262504,Validation,2011,2011-12-29,,exper2_10
,0.01,Validation,2011,2011-12-30,,exper2_10
,0.15275481,Validation,2011,2011-12-31,,exper2_10
,0.01,Validation,2012,2012-01-01,,exper2_10
,0.01,Validation,2012,2012-01-02,,exper2_10
,0.01,Validation,2012,2012-01-03,,exper2_10
,0.01,Validation,2012,2012-01-04,,exper2_10
,0.01,Validation,2012,2012-01-05,,exper2_10
,0.01,Validation,2012,2012-01-06,,exper2_10
,0.01,Validation,2012,2012-01-07,,exper2_10
,0.01,Validation,2012,2012-01-08,,exper2_10
,0.01,Validation,2012,2012-01-09,,exper2_10
,0.01,Validation,2012,2012-01-10,,exper2_10
,0.01,Validation,2012,2012-01-11,,exper2_10
,0.01,Validation,2012,2012-01-12,,exper2_10
,0.01,Validation,2012,2012-01-13,,exper2_10
,0.01,Validation,2012,2012-01-14,,exper2_10
,0.01,Validation,2012,2012-01-15,,exper2_10
,0.01,Validation,2012,2012-01-16,,exper2_10
,0.01,Validation,2012,2012-01-17,,exper2_10
,0.01,Validation,2012,2012-01-18,,exper2_10
,0.01,Validation,2012,2012-01-19,,exper2_10
,0.01,Validation,2012,2012-01-20,,exper2_10
,0.01,Validation,2012,2012-01-21,,exper2_10
,0.01,Validation,2012,2012-01-22,,exper2_10
,0.01,Validation,2012,2012-01-23,,exper2_10
,0.01,Validation,2012,2012-01-24,,exper2_10
,0.01,Validation,2012,2012-01-25,,exper2_10
,0.01,Validation,2012,2012-01-26,,exper2_10
,0.01,Validation,2012,2012-01-27,,exper2_10
,0.01,Validation,2012,2012-01-28,,exper2_10
,0.01,Validation,2012,2012-01-29,,exper2_10
,0.01,Validation,2012,2012-01-30,,exper2_10
,0.01,Validation,2012,2012-01-31,,exper2_10
,0.01,Validation,2012,2012-02-01,,exper2_10
,0.01,Validation,2012,2012-02-02,,exper2_10
,0.01,Validation,2012,2012-02-03,,exper2_10
,0.01,Validation,2012,2012-02-04,,exper2_10
,0.01,Validation,2012,2012-02-05,,exper2_10
,0.10531096,Validation,2012,2012-02-06,,exper2_10
,0.3068589,Validation,2012,2012-02-07,,exper2_10
,0.2029229,Validation,2012,2012-02-08,,exper2_10
,0.5712242,Validation,2012,2012-02-09,,exper2_10
,0.4875769,Validation,2012,2012-02-10,,exper2_10
,0.25155863,Validation,2012,2012-02-11,,exper2_10
,0.01,Validation,2012,2012-02-12,,exper2_10
,0.22035693,Validation,2012,2012-02-13,,exper2_10
,0.01,Validation,2012,2012-02-14,,exper2_10
,0.16511929,Validation,2012,2012-02-15,,exper2_10
,0.32763702,Validation,2012,2012-02-16,,exper2_10
,0.063200355,Validation,2012,2012-02-17,,exper2_10
,0.44350654,Validation,2012,2012-02-18,,exper2_10
,0.019143581,Validation,2012,2012-02-19,,exper2_10
,0.48935556,Validation,2012,2012-02-20,,exper2_10
,0.01,Validation,2012,2012-02-21,,exper2_10
,0.62312084,Validation,2012,2012-02-22,,exper2_10
,0.34864783,Validation,2012,2012-02-23,,exper2_10
,0.1603877,Validation,2012,2012-02-24,,exper2_10
,0.6260962,Validation,2012,2012-02-25,,exper2_10
,0.2218042,Validation,2012,2012-02-26,,exper2_10
,0.5277604,Validation,2012,2012-02-27,,exper2_10
,0.028798908,Validation,2012,2012-02-28,,exper2_10
,0.06818783,Validation,2012,2012-02-29,,exper2_10
,0.01,Validation,2012,2012-03-01,,exper2_10
,0.01,Validation,2012,2012-03-02,,exper2_10
,0.3452329,Validation,2012,2012-03-03,,exper2_10
,0.01,Validation,2012,2012-03-04,,exper2_10
,0.01,Validation,2012,2012-03-05,,exper2_10
,0.01,Validation,2012,2012-03-06,,exper2_10
,0.01,Validation,2012,2012-03-07,,exper2_10
,0.01,Validation,2012,2012-03-08,,exper2_10
,0.01,Validation,2012,2012-03-09,,exper2_10
,0.01,Validation,2012,2012-03-10,,exper2_10
,0.01,Validation,2012,2012-03-11,,exper2_10
,0.01,Validation,2012,2012-03-12,,exper2_10
,0.01,Validation,2012,2012-03-13,,exper2_10
,0.01,Validation,2012,2012-03-14,,exper2_10
,0.01,Validation,2012,2012-03-15,,exper2_10
,0.01,Validation,2012,2012-03-16,,exper2_10
,1.3396918,Validation,2012,2012-03-17,,exper2_10
,2.2583249,Validation,2012,2012-03-18,,exper2_10
,4.000031,Validation,2012,2012-03-19,,exper2_10
,4.538878,Validation,2012,2012-03-20,,exper2_10
,5.4464974,Validation,2012,2012-03-21,,exper2_10
,5.9702907,Validation,2012,2012-03-22,,exper2_10
,6.258473,Validation,2012,2012-03-23,,exper2_10
,6.6039205,Validation,2012,2012-03-24,,exper2_10
,6.0876956,Validation,2012,2012-03-25,,exper2_10
,5.8431706,Validation,2012,2012-03-26,,exper2_10
,5.7149267,Validation,2012,2012-03-27,,exper2_10
,5.6172905,Validation,2012,2012-03-28,,exper2_10
,5.33196,Validation,2012,2012-03-29,,exper2_10
5.291500000000042,5.541287,Validation,2012,2012-03-30,0.023058419463364174,exper2_10
5.225000000000023,5.5763445,Validation,2012,2012-03-31,0.032527847841058756,exper2_10
5.6059999999999945,5.9724574,Validation,2012,2012-04-01,0.03164993366242306,exper2_10
5.638500000000022,5.639835,Validation,2012,2012-04-02,0.00011835797065262257,exper2_10
6.036999999999978,5.5735545,Validation,2012,2012-04-03,-0.039915878567999746,exper2_10
6.254000000000019,5.869862,Validation,2012,2012-04-04,-0.03168445152682616,exper2_10
6.714999999999975,5.8380866,Validation,2012,2012-04-05,-0.06985639647970261,exper2_10
7.099000000000046,5.8793063,Validation,2012,2012-04-06,-0.0939794187231756,exper2_10
6.528999999999996,5.684058,Validation,2012,2012-04-07,-0.0691834753838968,exper2_10
7.021500000000003,5.6944013,Validation,2012,2012-04-08,-0.10436529100352326,exper2_10
6.754000000000019,5.8252177,Validation,2012,2012-04-09,-0.07383466098952152,exper2_10
6.3799999999999955,5.878009,Validation,2012,2012-04-10,-0.04095209621586905,exper2_10
6.586500000000001,5.8276386,Validation,2012,2012-04-11,-0.06112879811942731,exper2_10
7.992500000000007,5.945635,Validation,2012,2012-04-12,-0.1468535913374229,exper2_10
6.765000000000043,5.800506,Validation,2012,2012-04-13,-0.07675726518425359,exper2_10
7.400500000000022,6.142243,Validation,2012,2012-04-14,-0.0929100626088505,exper2_10
7.99550000000005,6.349725,Validation,2012,2012-04-15,-0.11472634670014546,exper2_10
7.648000000000025,6.30057,Validation,2012,2012-04-16,-0.09659986563390285,exper2_10
7.403500000000008,6.028741,Validation,2012,2012-04-17,-0.10234771168222025,exper2_10
7.273000000000025,6.01207,Validation,2012,2012-04-18,-0.09491329771136421,exper2_10
7.249500000000012,6.265162,Validation,2012,2012-04-19,-0.07283482261912612,exper2_10
7.3285000000000196,6.264573,Validation,2012,2012-04-20,-0.07826978455577491,exper2_10
7.7520000000000095,6.0817018,Validation,2012,2012-04-21,-0.12074123571511802,exper2_10
8.247000000000014,6.11498,Validation,2012,2012-04-22,-0.14844887309609212,exper2_10
8.334000000000003,6.546085,Validation,2012,2012-04-23,-0.12015490055938136,exper2_10
8.536999999999978,6.7322717,Validation,2012,2012-04-24,-0.11819347821923547,exper2_10
8.620000000000005,6.570335,Validation,2012,2012-04-25,-0.1349321855387513,exper2_10
8.448000000000036,6.6601834,Validation,2012,2012-04-26,-0.11833431719960143,exper2_10
8.734000000000037,7.203931,Validation,2012,2012-04-27,-0.09600174320885042,exper2_10
8.833000000000027,6.8805375,Validation,2012,2012-04-28,-0.12425352908913334,exper2_10
8.895000000000039,7.312308,Validation,2012,2012-04-29,-0.09765299589075072,exper2_10
9.057000000000016,7.082648,Validation,2012,2012-04-30,-0.12232932366095084,exper2_10
9.153500000000008,8.27632,Validation,2012,2012-05-01,-0.05032636708349756,exper2_10
10.241499999999974,9.350716,Validation,2012,2012-05-02,-0.04546623920886619,exper2_10
11.383500000000026,9.52374,Validation,2012,2012-05-03,-0.08895292739354954,exper2_10
12.01950000000005,10.121125,Validation,2012,2012-05-04,-0.0857416969835786,exper2_10
12.083500000000015,9.274571,Validation,2012,2012-05-05,-0.13151602156224065,exper2_10
11.841000000000008,8.85076,Validation,2012,2012-05-06,-0.1445135393817801,exper2_10
12.048500000000047,10.324318,Validation,2012,2012-05-07,-0.0770659321101922,exper2_10
12.363,10.701913,Validation,2012,2012-05-08,-0.07201792301156075,exper2_10
12.379500000000007,11.599893,Validation,2012,2012-05-09,-0.032511556743893805,exper2_10
12.910000000000025,12.613564,Validation,2012,2012-05-10,-0.011614227063775823,exper2_10
13.030500000000018,13.601932,Validation,2012,2012-05-11,0.021456229800738667,exper2_10
13.662500000000023,14.045315,Validation,2012,2012-05-12,0.013816130638090713,exper2_10
13.926000000000045,14.840872,Validation,2012,2012-05-13,0.03180296477582145,exper2_10
14.769000000000005,16.300207,Validation,2012,2012-05-14,0.049283753243439,exper2_10
15.166500000000042,17.034199,Validation,2012,2012-05-15,0.05800180843432961,exper2_10
15.037500000000023,16.719511,Validation,2012,2012-05-16,0.05296502968758782,exper2_10
14.786500000000046,16.653614,Validation,2012,2012-05-17,0.059386363597954926,exper2_10
14.863999999999976,17.470636,Validation,2012,2012-05-18,0.08061437086064878,exper2_10
15.536500000000046,18.098604,Validation,2012,2012-05-19,0.07617351761013737,exper2_10
16.121500000000026,18.377913,Validation,2012,2012-05-20,0.06540437521842116,exper2_10
16.039000000000044,17.903925,Validation,2012,2012-05-21,0.05494296514523527,exper2_10
16.099000000000046,17.859976,Validation,2012,2012-05-22,0.051855975410507404,exper2_10
15.841000000000008,17.580591,Validation,2012,2012-05-23,0.05204992159946751,exper2_10
16.02600000000001,17.820002,Validation,2012,2012-05-24,0.05300483121343553,exper2_10
16.37900000000002,18.030733,Validation,2012,2012-05-25,0.04800191571702389,exper2_10
16.488999999999976,18.150705,Validation,2012,2012-05-26,0.04797111642068015,exper2_10
16.837499999999977,18.245325,Validation,2012,2012-05-27,0.04012861236087969,exper2_10
17.823000000000036,19.000965,Validation,2012,2012-05-28,0.03198908956763335,exper2_10
17.825000000000045,18.66411,Validation,2012,2012-05-29,0.022996181038425205,exper2_10
17.174500000000023,17.723524,Validation,2012,2012-05-30,0.015732240087717547,exper2_10
17.003000000000043,17.418451,Validation,2012,2012-05-31,0.012069546558978732,exper2_10
17.4255,17.824484,Validation,2012,2012-06-01,0.011318696567773396,exper2_10
17.19300000000004,17.844646,Validation,2012,2012-06-02,0.018598465359697086,exper2_10
17.678999999999974,18.313963,Validation,2012,2012-06-03,0.017641307761279812,exper2_10
18.633500000000026,18.875841,Validation,2012,2012-06-04,0.006460821048221085,exper2_10
18.789000000000044,19.231682,Validation,2012,2012-06-05,0.011643184774611955,exper2_10
19.678500000000042,19.389036,Validation,2012,2012-06-06,-0.007409318573046249,exper2_10
19.986500000000035,20.02314,Validation,2012,2012-06-07,0.000915778138861688,exper2_10
19.966499999999996,20.309961,Validation,2012,2012-06-08,0.008527594225562317,exper2_10
20.426000000000045,20.689604,Validation,2012,2012-06-09,0.006411283822771345,exper2_10
20.735500000000002,20.986351,Validation,2012,2012-06-10,0.0060124612665033985,exper2_10
20.884500000000003,21.061144,Validation,2012,2012-06-11,0.004211256731401253,exper2_10
20.329499999999996,20.055603,Validation,2012,2012-06-12,-0.006782128857534351,exper2_10
20.08050000000003,19.932167,Validation,2012,2012-06-13,-0.0037071497028695537,exper2_10
19.48150000000004,19.813452,Validation,2012,2012-06-14,0.008447694984748136,exper2_10
19.709000000000003,20.283613,Validation,2012,2012-06-15,0.014367983457626193,exper2_10
19.980999999999995,20.761429,Validation,2012,2012-06-16,0.019155186751545535,exper2_10
19.85450000000003,20.90922,Validation,2012,2012-06-17,0.025873981778438512,exper2_10
20.075000000000045,20.930254,Validation,2012,2012-06-18,0.02085718047028761,exper2_10
20.597500000000025,21.99775,Validation,2012,2012-06-19,0.032873368525457615,exper2_10
21.012500000000045,22.077772,Validation,2012,2012-06-20,0.02472187079787725,exper2_10
21.09650000000005,21.998343,Validation,2012,2012-06-21,0.02092692446304363,exper2_10
21.448500000000024,21.95563,Validation,2012,2012-06-22,0.011683896356497386,exper2_10
21.200499999999977,22.110052,Validation,2012,2012-06-23,0.021000704550718678,exper2_10
21.256500000000017,22.805235,Validation,2012,2012-06-24,0.03514920400329565,exper2_10
21.843500000000006,22.296251,Validation,2012,2012-06-25,0.010257223561381191,exper2_10
21.797000000000025,22.835081,Validation,2012,2012-06-26,0.023258630896623195,exper2_10
22.073000000000036,22.878626,Validation,2012,2012-06-27,0.017922062976882553,exper2_10
22.678999999999974,23.656172,Validation,2012,2012-06-28,0.021089202020253866,exper2_10
22.847500000000025,23.490995,Validation,2012,2012-06-29,0.013886842925111631,exper2_10
23.15650000000005,23.768057,Validation,2012,2012-06-30,0.01303276813476303,exper2_10
24.111000000000047,24.16729,Validation,2012,2012-07-01,0.0011659429983320614,exper2_10
24.571500000000015,24.51013,Validation,2012,2012-07-02,-0.0012503674287190035,exper2_10
24.96950000000004,24.951677,Validation,2012,2012-07-03,-0.00035701637197468514,exper2_10
25.835500000000025,25.601658,Validation,2012,2012-07-04,-0.004546171333397975,exper2_10
25.976999999999975,25.967915,Validation,2012,2012-07-05,-0.0001749048732562215,exper2_10
25.77950000000004,26.145664,Validation,2012,2012-07-06,0.0070517680708933154,exper2_10
25.367500000000007,25.612885,Validation,2012,2012-07-07,0.004813312488472054,exper2_10
25.298000000000002,25.55517,Validation,2012,2012-07-08,0.005057109692565834,exper2_10
25.141999999999996,25.499714,Validation,2012,2012-07-09,0.007063621472757712,exper2_10
25.286500000000046,25.27155,Validation,2012,2012-07-10,-0.0002957150320424386,exper2_10
25.2235,25.037159,Validation,2012,2012-07-11,-0.00370749285363258,exper2_10
25.25,24.877329,Validation,2012,2012-07-12,-0.007434490041667496,exper2_10
25.1635,24.655474,Validation,2012,2012-07-13,-0.010197445934152017,exper2_10
25.200000000000045,24.511637,Validation,2012,2012-07-14,-0.013847125365726127,exper2_10
25.664499999999975,25.233492,Validation,2012,2012-07-15,-0.008468076761932824,exper2_10
25.592499999999973,25.388996,Validation,2012,2012-07-16,-0.003991720353524998,exper2_10
25.447000000000003,25.523533,Validation,2012,2012-07-17,0.001501512013435113,exper2_10
25.01750000000004,24.825056,Validation,2012,2012-07-18,-0.0038610364134737596,exper2_10
24.88050000000004,24.266607,Validation,2012,2012-07-19,-0.01249092264779493,exper2_10
24.935000000000002,24.867476,Validation,2012,2012-07-20,-0.0013558460631815864,exper2_10
25.185500000000047,24.765516,Validation,2012,2012-07-21,-0.00840791139280167,exper2_10
25.343500000000006,25.36498,Validation,2012,2012-07-22,0.00042361154063985207,exper2_10
25.585500000000025,25.71978,Validation,2012,2012-07-23,0.0026172738623541653,exper2_10
25.766500000000008,25.893099,Validation,2012,2012-07-24,0.0024506351973516915,exper2_10
25.164000000000044,25.266468,Validation,2012,2012-07-25,0.0020318678779252023,exper2_10
24.930000000000007,25.370712,Validation,2012,2012-07-26,0.008761551482965101,exper2_10
24.65700000000004,25.05597,Validation,2012,2012-07-27,0.00802545581956481,exper2_10
24.846000000000004,25.201202,Validation,2012,2012-07-28,0.007097347615793944,exper2_10
24.823000000000036,24.854584,Validation,2012,2012-07-29,0.0006357744853190003,exper2_10
24.704000000000008,24.761204,Validation,2012,2012-07-30,0.0011564445613100522,exper2_10
24.702500000000043,24.635191,Validation,2012,2012-07-31,-0.001364251851680427,exper2_10
24.48750000000001,24.592175,Validation,2012,2012-08-01,0.0021327470288182247,exper2_10
24.736000000000047,24.756853,Validation,2012,2012-08-02,0.0004213356541394411,exper2_10
24.654999999999973,25.14247,Validation,2012,2012-08-03,0.009789039723130402,exper2_10
24.32850000000002,24.686007,Validation,2012,2012-08-04,0.0072938925884078725,exper2_10
23.891999999999996,23.85801,Validation,2012,2012-08-05,-0.0007118461774575986,exper2_10
23.797000000000025,23.827887,Validation,2012,2012-08-06,0.0006485386871854981,exper2_10
23.885000000000048,23.884478,Validation,2012,2012-08-07,-1.0935531843339743e-05,exper2_10
23.51400000000001,23.474905,Validation,2012,2012-08-08,-0.0008320046179038287,exper2_10
22.968500000000006,23.19029,Validation,2012,2012-08-09,0.00480494503609235,exper2_10
22.48750000000001,22.89841,Validation,2012,2012-08-10,0.009053708296302641,exper2_10
22.30800000000005,22.409365,Validation,2012,2012-08-11,0.0022667860907423665,exper2_10
22.345000000000027,22.219736,Validation,2012,2012-08-12,-0.0028108300804902666,exper2_10
22.298000000000002,22.188356,Validation,2012,2012-08-13,-0.002464656792279178,exper2_10
22.341499999999996,22.08672,Validation,2012,2012-08-14,-0.005734654457317155,exper2_10
22.201999999999998,22.066023,Validation,2012,2012-08-15,-0.0030716783413961726,exper2_10
22.014499999999998,21.995337,Validation,2012,2012-08-16,-0.0004354360051538178,exper2_10
21.652499999999975,21.6496,Validation,2012,2012-08-17,-6.699270346101382e-05,exper2_10
21.434000000000026,21.423838,Validation,2012,2012-08-18,-0.00023711738182099684,exper2_10
21.266500000000008,21.216211,Validation,2012,2012-08-19,-0.001183744621493258,exper2_10
21.168000000000006,20.981867,Validation,2012,2012-08-20,-0.004415984614470004,exper2_10
21.224000000000046,21.001623,Validation,2012,2012-08-21,-0.005266395844630845,exper2_10
21.361000000000047,21.243986,Validation,2012,2012-08-22,-0.0027464830027856095,exper2_10
21.250500000000045,21.4303,Validation,2012,2012-08-23,0.0042126614291839275,exper2_10
21.43950000000001,21.427725,Validation,2012,2012-08-24,-0.0002746891544204856,exper2_10
21.677999999999997,21.759136,Validation,2012,2012-08-25,0.0018678993840129316,exper2_10
21.86850000000004,21.955482,Validation,2012,2012-08-26,0.0019848146604210678,exper2_10
21.915999999999997,22.028364,Validation,2012,2012-08-27,0.0025569645530521584,exper2_10
22.10699999999997,22.028524,Validation,2012,2012-08-28,-0.0017780597889165918,exper2_10
22.104000000000042,22.334532,Validation,2012,2012-08-29,0.005187655280282656,exper2_10
22.113500000000045,22.424969,Validation,2012,2012-08-30,0.006993251641499105,exper2_10
22.209000000000003,22.577297,Validation,2012,2012-08-31,0.008223435149388059,exper2_10
22.311500000000024,22.5391,Validation,2012,2012-09-01,0.005074639886411313,exper2_10
22.081000000000017,22.43117,Validation,2012,2012-09-02,0.007866826392496846,exper2_10
22.306500000000028,22.489485,Validation,2012,2012-09-03,0.004084847958079298,exper2_10
22.22150000000005,23.003942,Validation,2012,2012-09-04,0.017300936078259225,exper2_10
22.122500000000002,22.712557,Validation,2012,2012-09-05,0.013160613158320632,exper2_10
21.889499999999998,22.220728,Validation,2012,2012-09-06,0.007509095648495843,exper2_10
21.607500000000016,21.901981,Validation,2012,2012-09-07,0.006768211079452518,exper2_10
21.113999999999976,21.081892,Validation,2012,2012-09-08,-0.0007609268324001971,exper2_10
20.779999999999973,20.444448,Validation,2012,2012-09-09,-0.008139624455282202,exper2_10
20.507000000000005,20.152067,Validation,2012,2012-09-10,-0.008729487421381906,exper2_10
20.21900000000005,20.329845,Validation,2012,2012-09-11,0.0027336272413055734,exper2_10
19.861500000000035,20.339417,Validation,2012,2012-09-12,0.011888199212069612,exper2_10
19.484500000000025,19.798115,Validation,2012,2012-09-13,0.007983551461498616,exper2_10
19.275500000000022,19.489666,Validation,2012,2012-09-14,0.005524701872543936,exper2_10
19.123500000000035,19.313442,Validation,2012,2012-09-15,0.004941658186202284,exper2_10
19.061500000000024,19.447367,Validation,2012,2012-09-16,0.01002020436847723,exper2_10
18.75,19.048613,Validation,2012,2012-09-17,0.007900094053904962,exper2_10
18.086000000000013,18.187302,Validation,2012,2012-09-18,0.0027927327035032388,exper2_10
17.41900000000004,17.564503,Validation,2012,2012-09-19,0.00415918089292981,exper2_10
16.954000000000008,17.116144,Validation,2012,2012-09-20,0.004759128092906893,exper2_10
16.632000000000005,16.680702,Validation,2012,2012-09-21,0.0014619711474142285,exper2_10
16.217499999999973,16.401995,Validation,2012,2012-09-22,0.0056559645349383856,exper2_10
15.82650000000001,15.443653,Validation,2012,2012-09-23,-0.01224320495023916,exper2_10
15.504999999999995,15.426673,Validation,2012,2012-09-24,-0.002532260853705595,exper2_10
15.378000000000043,15.455476,Validation,2012,2012-09-25,0.0025127172711365956,exper2_10
15.129500000000007,15.142087,Validation,2012,2012-09-26,0.0004158018783166415,exper2_10
15.063499999999976,15.147287,Validation,2012,2012-09-27,0.00277342552352805,exper2_10
15.012,14.8709755,Validation,2012,2012-09-28,-0.0047192256889456805,exper2_10
15.027000000000044,15.058888,Validation,2012,2012-09-29,0.0010599133687620571,exper2_10
15.163000000000011,19.492779,Validation,2012,2012-09-30,0.12493670408628216,exper2_10
15.016500000000008,18.7372,Validation,2012,2012-10-01,0.1102308726809043,exper2_10
15.073500000000024,18.28383,Validation,2012,2012-10-02,0.09624063379312117,exper2_10
15.127499999999998,17.034258,Validation,2012,2012-10-03,0.059286494705512206,exper2_10
14.829499999999996,16.219057,Validation,2012,2012-10-04,0.04475432076954384,exper2_10
14.162500000000023,14.691623,Validation,2012,2012-10-05,0.018337855527488747,exper2_10
13.532500000000027,14.199867,Validation,2012,2012-10-06,0.02406456118780769,exper2_10
13.135000000000048,13.367341,Validation,2012,2012-10-07,0.008766812003532111,exper2_10
12.698000000000036,12.371861,Validation,2012,2012-10-08,-0.01300918805331233,exper2_10
12.399999999999977,12.051204,Validation,2012,2012-10-09,-0.014264993910396038,exper2_10
12.00750000000005,11.475132,Validation,2012,2012-10-10,-0.022670713050172393,exper2_10
11.677999999999997,11.257419,Validation,2012,2012-10-11,-0.01833763639685938,exper2_10
11.393000000000029,10.871366,Validation,2012,2012-10-12,-0.0234291182344479,exper2_10
11.098000000000013,10.729127,Validation,2012,2012-10-13,-0.016899753730400577,exper2_10
10.934500000000014,10.708967,Validation,2012,2012-10-14,-0.01042036328843656,exper2_10
10.903999999999996,10.824765,Validation,2012,2012-10-15,-0.0036465392242843683,exper2_10
10.747000000000014,10.633489,Validation,2012,2012-10-16,-0.005309109007789532,exper2_10
10.745000000000005,10.664336,Validation,2012,2012-10-17,-0.003767692501093648,exper2_10
10.736000000000047,10.526731,Validation,2012,2012-10-18,-0.009842078477045019,exper2_10
10.615499999999997,10.842022,Validation,2012,2012-10-19,0.01055676152863797,exper2_10
10.685500000000047,10.681743,Validation,2012,2012-10-20,-0.0001758454240701898,exper2_10
10.553500000000042,10.605859,Validation,2012,2012-10-21,0.002474498555620245,exper2_10
10.628499999999974,10.868236,Validation,2012,2012-10-22,0.011152185739622747,exper2_10
10.598500000000001,10.672848,Validation,2012,2012-10-23,0.0034952062598108246,exper2_10
10.865000000000009,11.017135,Validation,2012,2012-10-24,0.006952460021012782,exper2_10
10.844000000000051,11.067107,Validation,2012,2012-10-25,0.010182379127612867,exper2_10
10.3125,10.207648,Validation,2012,2012-10-26,-0.0051096961532857725,exper2_10
10.026499999999999,9.726402,Validation,2012,2012-10-27,-0.015192588561922932,exper2_10
9.767500000000041,9.626878,Validation,2012,2012-10-28,-0.007250669076981767,exper2_10
9.614500000000021,9.478482,Validation,2012,2012-10-29,-0.00712396585539951,exper2_10
9.273500000000013,9.051736,Validation,2012,2012-10-30,-0.0121015698507672,exper2_10
8.845000000000027,8.484168,Validation,2012,2012-10-31,-0.020822231409488925,exper2_10
8.585000000000036,8.162586,Validation,2012,2012-11-01,-0.025222368315690392,exper2_10
8.325499999999977,7.6065583,Validation,2012,2012-11-02,-0.04512547359055404,exper2_10
8.104499999999973,7.5024314,Validation,2012,2012-11-03,-0.038577000960808884,exper2_10
7.904500000000041,7.2365117,Validation,2012,2012-11-04,-0.04411781098959264,exper2_10
7.671000000000049,7.028897,Validation,2012,2012-11-05,-0.04368079584062553,exper2_10
7.447500000000048,6.7382684,Validation,2012,2012-11-06,-0.04999599639829041,exper2_10
7.274500000000046,6.91911,Validation,2012,2012-11-07,-0.025038745122234456,exper2_10
7.031500000000051,6.9798856,Validation,2012,2012-11-08,-0.0036837485883625064,exper2_10
,7.036506,Validation,2012,2012-11-09,,exper2_10
,6.895694,Validation,2012,2012-11-10,,exper2_10
,7.2123103,Validation,2012,2012-11-11,,exper2_10
,6.680325,Validation,2012,2012-11-12,,exper2_10
,6.5263658,Validation,2012,2012-11-13,,exper2_10
,6.4999747,Validation,2012,2012-11-14,,exper2_10
,6.0814176,Validation,2012,2012-11-15,,exper2_10
,6.27642,Validation,2012,2012-11-16,,exper2_10
,6.000052,Validation,2012,2012-11-17,,exper2_10
,5.9060245,Validation,2012,2012-11-18,,exper2_10
,5.948749,Validation,2012,2012-11-19,,exper2_10
,5.879308,Validation,2012,2012-11-20,,exper2_10
,6.040203,Validation,2012,2012-11-21,,exper2_10
,5.7363443,Validation,2012,2012-11-22,,exper2_10
,5.0651593,Validation,2012,2012-11-23,,exper2_10
,5.093054,Validation,2012,2012-11-24,,exper2_10
,4.862862,Validation,2012,2012-11-25,,exper2_10
,4.405836,Validation,2012,2012-11-26,,exper2_10
,3.7423565,Validation,2012,2012-11-27,,exper2_10
,3.7413337,Validation,2012,2012-11-28,,exper2_10
,3.836026,Validation,2012,2012-11-29,,exper2_10
,3.2942688,Validation,2012,2012-11-30,,exper2_10
,3.1553395,Validation,2012,2012-12-01,,exper2_10
,3.0814931,Validation,2012,2012-12-02,,exper2_10
,3.038956,Validation,2012,2012-12-03,,exper2_10
,3.0486882,Validation,2012,2012-12-04,,exper2_10
,2.6238184,Validation,2012,2012-12-05,,exper2_10
,2.3177378,Validation,2012,2012-12-06,,exper2_10
,2.0219145,Validation,2012,2012-12-07,,exper2_10
,1.746044,Validation,2012,2012-12-08,,exper2_10
,1.6153162,Validation,2012,2012-12-09,,exper2_10
,1.4823242,Validation,2012,2012-12-10,,exper2_10
,1.3217987,Validation,2012,2012-12-11,,exper2_10
,1.233931,Validation,2012,2012-12-12,,exper2_10
,0.98009217,Validation,2012,2012-12-13,,exper2_10
,1.1800833,Validation,2012,2012-12-14,,exper2_10
,1.1904234,Validation,2012,2012-12-15,,exper2_10
,1.1673445,Validation,2012,2012-12-16,,exper2_10
,1.1645836,Validation,2012,2012-12-17,,exper2_10
,0.81345254,Validation,2012,2012-12-18,,exper2_10
,0.7240412,Validation,2012,2012-12-19,,exper2_10
,0.8926837,Validation,2012,2012-12-20,,exper2_10
,0.8716254,Validation,2012,2012-12-21,,exper2_10
,0.62677455,Validation,2012,2012-12-22,,exper2_10
,0.67651147,Validation,2012,2012-12-23,,exper2_10
,0.848255,Validation,2012,2012-12-24,,exper2_10
,0.45865482,Validation,2012,2012-12-25,,exper2_10
,0.31947112,Validation,2012,2012-12-26,,exper2_10
,0.3711776,Validation,2012,2012-12-27,,exper2_10
,0.47983038,Validation,2012,2012-12-28,,exper2_10
,0.57242465,Validation,2012,2012-12-29,,exper2_10
,0.30247724,Validation,2012,2012-12-30,,exper2_10
,0.21573333,Validation,2012,2012-12-31,,exper2_10
,0.3794856,Validation,2013,2013-01-01,,exper2_10
,0.01,Validation,2013,2013-01-02,,exper2_10
,0.009063885,Validation,2013,2013-01-03,,exper2_10
,0.43745202,Validation,2013,2013-01-04,,exper2_10
,0.26052606,Validation,2013,2013-01-05,,exper2_10
,0.01,Validation,2013,2013-01-06,,exper2_10
,0.3309002,Validation,2013,2013-01-07,,exper2_10
,0.013124123,Validation,2013,2013-01-08,,exper2_10
,0.01,Validation,2013,2013-01-09,,exper2_10
,0.08534744,Validation,2013,2013-01-10,,exper2_10
,0.01,Validation,2013,2013-01-11,,exper2_10
,0.01,Validation,2013,2013-01-12,,exper2_10
,0.01,Validation,2013,2013-01-13,,exper2_10
,0.01,Validation,2013,2013-01-14,,exper2_10
,0.07241695,Validation,2013,2013-01-15,,exper2_10
,0.01,Validation,2013,2013-01-16,,exper2_10
,0.01,Validation,2013,2013-01-17,,exper2_10
,0.01,Validation,2013,2013-01-18,,exper2_10
,0.01,Validation,2013,2013-01-19,,exper2_10
,0.01,Validation,2013,2013-01-20,,exper2_10
,0.01,Validation,2013,2013-01-21,,exper2_10
,0.01,Validation,2013,2013-01-22,,exper2_10
,0.01,Validation,2013,2013-01-23,,exper2_10
,0.08779226,Validation,2013,2013-01-24,,exper2_10
,0.01,Validation,2013,2013-01-25,,exper2_10
,0.01,Validation,2013,2013-01-26,,exper2_10
,0.01,Validation,2013,2013-01-27,,exper2_10
,0.01,Validation,2013,2013-01-28,,exper2_10
,0.01,Validation,2013,2013-01-29,,exper2_10
,0.01,Validation,2013,2013-01-30,,exper2_10
,0.01,Validation,2013,2013-01-31,,exper2_10
,0.01,Validation,2013,2013-02-01,,exper2_10
,0.01,Validation,2013,2013-02-02,,exper2_10
,0.031184644,Validation,2013,2013-02-03,,exper2_10
,0.01,Validation,2013,2013-02-04,,exper2_10
,0.01,Validation,2013,2013-02-05,,exper2_10
,0.01,Validation,2013,2013-02-06,,exper2_10
,0.01,Validation,2013,2013-02-07,,exper2_10
,0.11819097,Validation,2013,2013-02-08,,exper2_10
,0.01,Validation,2013,2013-02-09,,exper2_10
,0.01,Validation,2013,2013-02-10,,exper2_10
,0.01,Validation,2013,2013-02-11,,exper2_10
,0.25218824,Validation,2013,2013-02-12,,exper2_10
,0.10762467,Validation,2013,2013-02-13,,exper2_10
,0.01,Validation,2013,2013-02-14,,exper2_10
,0.23414981,Validation,2013,2013-02-15,,exper2_10
,0.01,Validation,2013,2013-02-16,,exper2_10
,0.01,Validation,2013,2013-02-17,,exper2_10
,0.01,Validation,2013,2013-02-18,,exper2_10
,0.12316181,Validation,2013,2013-02-19,,exper2_10
,0.018797338,Validation,2013,2013-02-20,,exper2_10
,0.01,Validation,2013,2013-02-21,,exper2_10
,0.01,Validation,2013,2013-02-22,,exper2_10
,0.01,Validation,2013,2013-02-23,,exper2_10
,0.01,Validation,2013,2013-02-24,,exper2_10
,0.18852483,Validation,2013,2013-02-25,,exper2_10
,0.07365589,Validation,2013,2013-02-26,,exper2_10
,0.01,Validation,2013,2013-02-27,,exper2_10
,0.32078904,Validation,2013,2013-02-28,,exper2_10
,0.01,Validation,2013,2013-03-01,,exper2_10
,0.01,Validation,2013,2013-03-02,,exper2_10
,0.01,Validation,2013,2013-03-03,,exper2_10
,0.01,Validation,2013,2013-03-04,,exper2_10
,0.01,Validation,2013,2013-03-05,,exper2_10
,0.01,Validation,2013,2013-03-06,,exper2_10
,0.01,Validation,2013,2013-03-07,,exper2_10
,0.01,Validation,2013,2013-03-08,,exper2_10
,0.01,Validation,2013,2013-03-09,,exper2_10
,0.01,Validation,2013,2013-03-10,,exper2_10
,0.022077441,Validation,2013,2013-03-11,,exper2_10
,0.40970218,Validation,2013,2013-03-12,,exper2_10
,0.01,Validation,2013,2013-03-13,,exper2_10
,0.01,Validation,2013,2013-03-14,,exper2_10
,0.01,Validation,2013,2013-03-15,,exper2_10
,0.01,Validation,2013,2013-03-16,,exper2_10
,0.01,Validation,2013,2013-03-17,,exper2_10
,0.01,Validation,2013,2013-03-18,,exper2_10
,0.01,Validation,2013,2013-03-19,,exper2_10
,0.01,Validation,2013,2013-03-20,,exper2_10
,0.01,Validation,2013,2013-03-21,,exper2_10
,0.01,Validation,2013,2013-03-22,,exper2_10
,0.01,Validation,2013,2013-03-23,,exper2_10
,0.01,Validation,2013,2013-03-24,,exper2_10
,0.025805369,Validation,2013,2013-03-25,,exper2_10
,0.01,Validation,2013,2013-03-26,,exper2_10
,0.01,Validation,2013,2013-03-27,,exper2_10
,0.01,Validation,2013,2013-03-28,,exper2_10
,0.01,Validation,2013,2013-03-29,,exper2_10
,0.01,Validation,2013,2013-03-30,,exper2_10
,0.01,Validation,2013,2013-03-31,,exper2_10
,0.01,Validation,2013,2013-04-01,,exper2_10
,0.01,Validation,2013,2013-04-02,,exper2_10
,0.01,Validation,2013,2013-04-03,,exper2_10
,0.01,Validation,2013,2013-04-04,,exper2_10
,0.01,Validation,2013,2013-04-05,,exper2_10
,0.01,Validation,2013,2013-04-06,,exper2_10
,0.01,Validation,2013,2013-04-07,,exper2_10
,0.01,Validation,2013,2013-04-08,,exper2_10
,0.01,Validation,2013,2013-04-09,,exper2_10
,0.25511408,Validation,2013,2013-04-10,,exper2_10
,0.21329036,Validation,2013,2013-04-11,,exper2_10
,0.19945464,Validation,2013,2013-04-12,,exper2_10
,0.32250428,Validation,2013,2013-04-13,,exper2_10
,0.30048627,Validation,2013,2013-04-14,,exper2_10
,0.21476929,Validation,2013,2013-04-15,,exper2_10
,0.39957476,Validation,2013,2013-04-16,,exper2_10
,0.35666344,Validation,2013,2013-04-17,,exper2_10
,0.39809686,Validation,2013,2013-04-18,,exper2_10
,0.38969064,Validation,2013,2013-04-19,,exper2_10
,0.60485905,Validation,2013,2013-04-20,,exper2_10
,0.19230983,Validation,2013,2013-04-21,,exper2_10
,0.37227428,Validation,2013,2013-04-22,,exper2_10
,0.73910964,Validation,2013,2013-04-23,,exper2_10
,0.86917734,Validation,2013,2013-04-24,,exper2_10
,0.6930355,Validation,2013,2013-04-25,,exper2_10
,0.648672,Validation,2013,2013-04-26,,exper2_10
,0.7377593,Validation,2013,2013-04-27,,exper2_10
,1.0012001,Validation,2013,2013-04-28,,exper2_10
,1.3260694,Validation,2013,2013-04-29,,exper2_10
,2.2358308,Validation,2013,2013-04-30,,exper2_10
,2.4867766,Validation,2013,2013-05-01,,exper2_10
,2.2483315,Validation,2013,2013-05-02,,exper2_10
,1.950439,Validation,2013,2013-05-03,,exper2_10
,2.4225671,Validation,2013,2013-05-04,,exper2_10
,3.252042,Validation,2013,2013-05-05,,exper2_10
,4.112512,Validation,2013,2013-05-06,,exper2_10
,5.176846,Validation,2013,2013-05-07,,exper2_10
,6.930845,Validation,2013,2013-05-08,,exper2_10
,7.1684213,Validation,2013,2013-05-09,,exper2_10
,6.935205,Validation,2013,2013-05-10,,exper2_10
,6.8748837,Validation,2013,2013-05-11,,exper2_10
,6.6126666,Validation,2013,2013-05-12,,exper2_10
,6.7840166,Validation,2013,2013-05-13,,exper2_10
,7.9092455,Validation,2013,2013-05-14,,exper2_10
,9.242134,Validation,2013,2013-05-15,,exper2_10
,10.277688,Validation,2013,2013-05-16,,exper2_10
,10.71082,Validation,2013,2013-05-17,,exper2_10
,10.502098,Validation,2013,2013-05-18,,exper2_10
,12.558547,Validation,2013,2013-05-19,,exper2_10
,13.389223,Validation,2013,2013-05-20,,exper2_10
,13.463235,Validation,2013,2013-05-21,,exper2_10
12.747500000000002,12.483108,Validation,2013,2013-05-22,-0.010479035531195814,exper2_10
12.445500000000038,11.810392,Validation,2013,2013-05-23,-0.026183642732898686,exper2_10
12.610500000000002,12.282847,Validation,2013,2013-05-24,-0.013162255368719704,exper2_10
13.094500000000039,13.138078,Validation,2013,2013-05-25,0.0016612067765342385,exper2_10
13.680000000000007,13.90177,Validation,2013,2013-05-26,0.008040442689923892,exper2_10
13.859000000000037,14.197502,Validation,2013,2013-05-27,0.01206501560981509,exper2_10
13.882000000000005,14.329056,Validation,2013,2013-05-28,0.01584682932542207,exper2_10
14.288000000000011,14.830562,Validation,2013,2013-05-29,0.01863284473408275,exper2_10
15.408500000000004,15.991832,Validation,2013,2013-05-30,0.018577248914967908,exper2_10
16.250500000000045,16.485561,Validation,2013,2013-05-31,0.0071805025102646735,exper2_10
16.474000000000046,17.193308,Validation,2013,2013-06-01,0.021365173575018492,exper2_10
15.538499999999999,16.134794,Validation,2013,2013-06-02,0.018826404061445826,exper2_10
15.716499999999996,16.205061,Validation,2013,2013-06-03,0.015305045999847023,exper2_10
15.773000000000025,15.746434,Validation,2013,2013-06-04,-0.0008428383609493917,exper2_10
15.363500000000045,15.694311,Validation,2013,2013-06-05,0.01065146350641273,exper2_10
14.961500000000001,15.043821,Validation,2013,2013-06-06,0.002743557848296856,exper2_10
,15.311383,Validation,2013,2013-06-07,,exper2_10
,16.173124,Validation,2013,2013-06-08,,exper2_10
,15.792236,Validation,2013,2013-06-09,,exper2_10
,16.668064,Validation,2013,2013-06-10,,exper2_10
,17.43637,Validation,2013,2013-06-11,,exper2_10
,18.408104,Validation,2013,2013-06-12,,exper2_10
,18.330484,Validation,2013,2013-06-13,,exper2_10
,18.741568,Validation,2013,2013-06-14,,exper2_10
,18.653282,Validation,2013,2013-06-15,,exper2_10
,19.223734,Validation,2013,2013-06-16,,exper2_10
,19.591663,Validation,2013,2013-06-17,,exper2_10
,19.421883,Validation,2013,2013-06-18,,exper2_10
19.527499999999975,19.278414,Validation,2013,2013-06-19,-0.006418769800827386,exper2_10
19.509500000000003,19.885414,Validation,2013,2013-06-20,0.009542199339649692,exper2_10
19.460500000000025,19.644363,Validation,2013,2013-06-21,0.0047018040038640406,exper2_10
19.563000000000045,19.938723,Validation,2013,2013-06-22,0.009511550019693745,exper2_10
19.922500000000014,20.63846,Validation,2013,2013-06-23,0.017651459839457335,exper2_10
20.797000000000025,21.838577,Validation,2013,2013-06-24,0.02442976821679564,exper2_10
22.004999999999995,22.651165,Validation,2013,2013-06-25,0.014469782804261927,exper2_10
22.45550000000003,23.140736,Validation,2013,2013-06-26,0.015028337686425587,exper2_10
22.899,23.437803,Validation,2013,2013-06-27,0.011627976692981776,exper2_10
22.778500000000008,22.812426,Validation,2013,2013-06-28,0.000744130831889456,exper2_10
22.00200000000001,21.896639,Validation,2013,2013-06-29,-0.002400100150535202,exper2_10
21.508000000000038,21.767567,Validation,2013,2013-06-30,0.005997996116886835,exper2_10
21.879999999999995,22.003805,Validation,2013,2013-07-01,0.002821203860275993,exper2_10
22.258500000000026,22.074059,Validation,2013,2013-07-02,-0.004160406558738889,exper2_10
22.430000000000007,22.427599,Validation,2013,2013-07-03,-5.3525975731313766e-05,exper2_10
22.615499999999997,22.464258,Validation,2013,2013-07-04,-0.003354982637207273,exper2_10
22.81650000000002,22.638872,Validation,2013,2013-07-05,-0.003907741703679679,exper2_10
23.023000000000025,22.662163,Validation,2013,2013-07-06,-0.007898345924035018,exper2_10
23.67950000000002,22.811026,Validation,2013,2013-07-07,-0.018680674587356817,exper2_10
24.230999999999995,23.417274,Validation,2013,2013-07-08,-0.017077754312543145,exper2_10
24.16900000000004,23.592901,Validation,2013,2013-07-09,-0.012061889399442331,exper2_10
23.57000000000005,23.116652,Validation,2013,2013-07-10,-0.009710451490093955,exper2_10
23.498500000000035,23.69327,Validation,2013,2013-07-11,0.004127196982231381,exper2_10
23.619500000000016,23.523462,Validation,2013,2013-07-12,-0.0020371588841987414,exper2_10
23.524999999999977,23.262182,Validation,2013,2013-07-13,-0.005617302682561772,exper2_10
23.859500000000025,23.512735,Validation,2013,2013-07-14,-0.007319997261974348,exper2_10
24.432000000000016,23.642529,Validation,2013,2013-07-15,-0.0164218244076421,exper2_10
25.12050000000005,24.363192,Validation,2013,2013-07-16,-0.015304201663789641,exper2_10
25.912500000000023,24.715727,Validation,2013,2013-07-17,-0.02363845668685306,exper2_10
26.201999999999998,24.800539,Validation,2013,2013-07-18,-0.027478259127782425,exper2_10
26.200000000000045,24.587902,Validation,2013,2013-07-19,-0.031741770485324464,exper2_10
25.694500000000005,24.21311,Validation,2013,2013-07-20,-0.029682648213267618,exper2_10
24.978499999999997,23.363148,Validation,2013,2013-07-21,-0.033415333156193834,exper2_10
24.399999999999977,23.134455,Validation,2013,2013-07-22,-0.02662374650326394,exper2_10
23.66300000000001,22.839155,Validation,2013,2013-07-23,-0.017716271415030276,exper2_10
23.15700000000004,22.45489,Validation,2013,2013-07-24,-0.01539315106935058,exper2_10
22.884000000000015,22.335844,Validation,2013,2013-07-25,-0.012122022349284256,exper2_10
22.79200000000003,22.435144,Validation,2013,2013-07-26,-0.007890296416077209,exper2_10
21.775500000000022,21.592272,Validation,2013,2013-07-27,-0.00422498522670541,exper2_10
20.799500000000023,20.51367,Validation,2013,2013-07-28,-0.00691861778150802,exper2_10
20.584500000000048,20.644497,Validation,2013,2013-07-29,0.0014552116764880117,exper2_10
20.539499999999975,20.78647,Validation,2013,2013-07-30,0.00597615520551937,exper2_10
20.724000000000046,20.807766,Validation,2013,2013-07-31,0.0020169130484986113,exper2_10
20.75150000000002,20.970133,Validation,2013,2013-08-01,0.005240274959068809,exper2_10
20.82850000000002,20.867027,Validation,2013,2013-08-02,0.0009240147619093887,exper2_10
20.83050000000003,20.761051,Validation,2013,2013-08-03,-0.001669781964234229,exper2_10
20.89250000000004,20.49483,Validation,2013,2013-08-04,-0.009608516182202981,exper2_10
20.576000000000022,20.249065,Validation,2013,2013-08-05,-0.008008183150069055,exper2_10
20.656000000000006,20.693766,Validation,2013,2013-08-06,0.000913321748600527,exper2_10
20.873500000000035,20.949207,Validation,2013,2013-08-07,0.0018101962016570023,exper2_10
20.821000000000026,20.687412,Validation,2013,2013-08-08,-0.0032183292676687516,exper2_10
20.771000000000015,20.510859,Validation,2013,2013-08-09,-0.006301592841514797,exper2_10
20.773000000000025,20.32281,Validation,2013,2013-08-10,-0.01095466397161457,exper2_10
20.83200000000005,20.359661,Validation,2013,2013-08-11,-0.0114668572489011,exper2_10
20.932000000000016,20.433119,Validation,2013,2013-08-12,-0.01206043144655688,exper2_10
20.54400000000004,20.186241,Validation,2013,2013-08-13,-0.008783617282819678,exper2_10
20.279999999999973,19.93054,Validation,2013,2013-08-14,-0.008690754076513074,exper2_10
20.39549999999997,20.004694,Validation,2013,2013-08-15,-0.00967336976549818,exper2_10
20.76600000000002,20.259283,Validation,2013,2013-08-16,-0.01235133303995621,exper2_10
20.878000000000043,20.594269,Validation,2013,2013-08-17,-0.006841468031282021,exper2_10
21.098000000000013,20.963348,Validation,2013,2013-08-18,-0.003201314662665523,exper2_10
21.202999999999975,21.190298,Validation,2013,2013-08-19,-0.00029962093375079707,exper2_10
21.583500000000015,21.591475,Validation,2013,2013-08-20,0.0001847026701759724,exper2_10
22.085000000000036,22.073248,Validation,2013,2013-08-21,-0.0002661357959267543,exper2_10
22.383000000000038,22.196747,Validation,2013,2013-08-22,-0.0041779773796027375,exper2_10
22.29600000000005,22.15178,Validation,2013,2013-08-23,-0.003244725110520557,exper2_10
22.08200000000005,22.029308,Validation,2013,2013-08-24,-0.0011945163931002263,exper2_10
22.265499999999975,22.330654,Validation,2013,2013-08-25,0.0014609812334116102,exper2_10
22.96900000000005,22.763605,Validation,2013,2013-08-26,-0.004491213253064064,exper2_10
23.34400000000005,22.766535,Validation,2013,2013-08-27,-0.012523498093018238,exper2_10
23.795000000000016,23.696434,Validation,2013,2013-08-28,-0.0020754475209223172,exper2_10
23.592499999999973,23.868176,Validation,2013,2013-08-29,0.005808503643264324,exper2_10
23.181500000000028,24.001478,Validation,2013,2013-08-30,0.01737868669074359,exper2_10
23.210500000000025,24.144703,Validation,2013,2013-08-31,0.01972756643288479,exper2_10
23.053500000000042,23.696806,Validation,2013,2013-09-01,0.013760465110382656,exper2_10
22.158000000000015,22.84922,Validation,2013,2013-09-02,0.015357986377340037,exper2_10
21.610500000000002,22.289133,Validation,2013,2013-09-03,0.015458741324510339,exper2_10
21.48150000000004,22.15998,Validation,2013,2013-09-04,0.015546694610122144,exper2_10
21.387500000000045,21.737524,Validation,2013,2013-09-05,0.008116494783357998,exper2_10
21.177999999999997,21.713175,Validation,2013,2013-09-06,0.012477504339596964,exper2_10
21.62900000000002,22.113909,Validation,2013,2013-09-07,0.011085425760671707,exper2_10
21.26950000000005,21.866045,Validation,2013,2013-09-08,0.013829545869751195,exper2_10
21.015000000000043,21.5996,Validation,2013,2013-09-09,0.013718299373351698,exper2_10
21.20750000000004,21.657358,Validation,2013,2013-09-10,0.010494801307312672,exper2_10
21.25400000000002,21.730167,Validation,2013,2013-09-11,0.011077739033716442,exper2_10
20.93100000000004,21.371302,Validation,2013,2013-09-12,0.01040845613161849,exper2_10
20.313499999999976,20.48097,Validation,2013,2013-09-13,0.004105222622561931,exper2_10
19.970500000000015,19.96729,Validation,2013,2013-09-14,-8.035300985716295e-05,exper2_10
19.585000000000036,19.73433,Validation,2013,2013-09-15,0.003797857862311189,exper2_10
19.12050000000005,18.904099,Validation,2013,2013-09-16,-0.005691092022884266,exper2_10
18.76800000000003,18.6104,Validation,2013,2013-09-17,-0.004216359099438003,exper2_10
18.484500000000025,18.654385,Validation,2013,2013-09-18,0.004574305739312593,exper2_10
18.579499999999996,18.940756,Validation,2013,2013-09-19,0.009628288400193995,exper2_10
18.76400000000001,18.942163,Validation,2013,2013-09-20,0.004725048931621456,exper2_10
18.29050000000001,17.9765,Validation,2013,2013-09-21,-0.008658020964957342,exper2_10
17.8005,17.61442,Validation,2013,2013-09-22,-0.005254284442729997,exper2_10
17.476500000000044,17.258015,Validation,2013,2013-09-23,-0.006290150389731555,exper2_10
17.466000000000008,17.18749,Validation,2013,2013-09-24,-0.008036983663694033,exper2_10
17.59650000000005,19.289965,Validation,2013,2013-09-25,0.045910192011693454,exper2_10
17.486500000000035,18.702047,Validation,2013,2013-09-26,0.033589282717888615,exper2_10
17.369500000000016,19.193928,Validation,2013,2013-09-27,0.049897612899530645,exper2_10
17.254999999999995,17.938475,Validation,2013,2013-09-28,0.019420493766202473,exper2_10
17.074000000000012,17.535093,Validation,2013,2013-09-29,0.013322894749029675,exper2_10
16.815999999999974,16.884766,Validation,2013,2013-09-30,0.0020404766397655386,exper2_10
16.717499999999973,17.033434,Validation,2013,2013-10-01,0.009360745838556476,exper2_10
16.690999999999974,16.875544,Validation,2013,2013-10-02,0.005497843227188382,exper2_10
16.492999999999995,16.21893,Validation,2013,2013-10-03,-0.008378310762179045,exper2_10
16.274,16.059822,Validation,2013,2013-10-04,-0.00662395917605607,exper2_10
15.948500000000024,15.944642,Validation,2013,2013-10-05,-0.00012096434513596861,exper2_10
15.782500000000027,16.545572,Validation,2013,2013-10-06,0.0236040143146729,exper2_10
15.569000000000017,15.983445,Validation,2013,2013-10-07,0.013135120442831261,exper2_10
15.339500000000044,15.514211,Validation,2013,2013-10-08,0.0056625506955027835,exper2_10
15.209500000000048,15.708334,Validation,2013,2013-10-09,0.0161341822850348,exper2_10
15.185500000000047,15.450875,Validation,2013,2013-10-10,0.008662097909506172,exper2_10
15.096500000000049,15.005826,Validation,2013,2013-10-11,-0.0030121925997336507,exper2_10
14.994000000000028,15.060296,Validation,2013,2013-10-12,0.0022058762755704443,exper2_10
14.824000000000012,14.410989,Validation,2013,2013-10-13,-0.01412729093343511,exper2_10
14.51400000000001,13.657889,Validation,2013,2013-10-14,-0.03038882563832485,exper2_10
14.180000000000007,13.149611,Validation,2013,2013-10-15,-0.03770227498225959,exper2_10
13.858000000000004,12.965471,Validation,2013,2013-10-16,-0.033274169602893935,exper2_10
13.499500000000012,12.719277,Validation,2013,2013-10-17,-0.029758161745625546,exper2_10
13.23150000000004,12.308487,Validation,2013,2013-10-18,-0.03613991909028488,exper2_10
12.874500000000012,11.7934065,Validation,2013,2013-10-19,-0.04382591259132341,exper2_10
12.557500000000005,11.502874,Validation,2013,2013-10-20,-0.04383246948696363,exper2_10
12.0745,11.115516,Validation,2013,2013-10-21,-0.041353326496784165,exper2_10
11.507000000000005,10.672923,Validation,2013,2013-10-22,-0.037605040766564346,exper2_10
11.100500000000011,10.055611,Validation,2013,2013-10-23,-0.04938948184830603,exper2_10
10.68100000000004,9.657058,Validation,2013,2013-10-24,-0.050346117108578774,exper2_10
10.316500000000019,9.374591,Validation,2013,2013-10-25,-0.04783427857412026,exper2_10
9.938000000000045,9.274632,Validation,2013,2013-10-26,-0.03452767587537393,exper2_10
9.75550000000004,9.098454,Validation,2013,2013-10-27,-0.0348492156090861,exper2_10
,8.799571,Validation,2013,2013-10-28,,exper2_10
,8.517043,Validation,2013,2013-10-29,,exper2_10
,8.216416,Validation,2013,2013-10-30,,exper2_10
,8.264897,Validation,2013,2013-10-31,,exper2_10
,8.241879,Validation,2013,2013-11-01,,exper2_10
,8.229375,Validation,2013,2013-11-02,,exper2_10
,7.9367075,Validation,2013,2013-11-03,,exper2_10
,7.781963,Validation,2013,2013-11-04,,exper2_10
,7.8860235,Validation,2013,2013-11-05,,exper2_10
,7.6834,Validation,2013,2013-11-06,,exper2_10
,7.2774014,Validation,2013,2013-11-07,,exper2_10
,7.106313,Validation,2013,2013-11-08,,exper2_10
,6.9857745,Validation,2013,2013-11-09,,exper2_10
,6.711865,Validation,2013,2013-11-10,,exper2_10
,6.3986325,Validation,2013,2013-11-11,,exper2_10
,6.1162934,Validation,2013,2013-11-12,,exper2_10
,5.937028,Validation,2013,2013-11-13,,exper2_10
,5.9784956,Validation,2013,2013-11-14,,exper2_10
,5.877338,Validation,2013,2013-11-15,,exper2_10
,5.6643333,Validation,2013,2013-11-16,,exper2_10
,5.9132147,Validation,2013,2013-11-17,,exper2_10
,4.982735,Validation,2013,2013-11-18,,exper2_10
,5.258423,Validation,2013,2013-11-19,,exper2_10
,4.5785365,Validation,2013,2013-11-20,,exper2_10
,4.9578066,Validation,2013,2013-11-21,,exper2_10
,4.7296915,Validation,2013,2013-11-22,,exper2_10
,3.8502538,Validation,2013,2013-11-23,,exper2_10
,3.3092163,Validation,2013,2013-11-24,,exper2_10
,3.4102793,Validation,2013,2013-11-25,,exper2_10
,3.0400822,Validation,2013,2013-11-26,,exper2_10
,2.441841,Validation,2013,2013-11-27,,exper2_10
,2.4666378,Validation,2013,2013-11-28,,exper2_10
,2.2485669,Validation,2013,2013-11-29,,exper2_10
,1.9398458,Validation,2013,2013-11-30,,exper2_10
,1.8871186,Validation,2013,2013-12-01,,exper2_10
,1.6755754,Validation,2013,2013-12-02,,exper2_10
,1.3990167,Validation,2013,2013-12-03,,exper2_10
,1.2262857,Validation,2013,2013-12-04,,exper2_10
,1.0648704,Validation,2013,2013-12-05,,exper2_10
,0.3181907,Validation,2013,2013-12-06,,exper2_10
,0.1205054,Validation,2013,2013-12-07,,exper2_10
,0.01,Validation,2013,2013-12-08,,exper2_10
,0.01,Validation,2013,2013-12-09,,exper2_10
,0.01,Validation,2013,2013-12-10,,exper2_10
,0.01,Validation,2013,2013-12-11,,exper2_10
,0.01,Validation,2013,2013-12-12,,exper2_10
,0.01,Validation,2013,2013-12-13,,exper2_10
,0.01,Validation,2013,2013-12-14,,exper2_10
,0.01,Validation,2013,2013-12-15,,exper2_10
,0.01,Validation,2013,2013-12-16,,exper2_10
,0.01,Validation,2013,2013-12-17,,exper2_10
,0.01,Validation,2013,2013-12-18,,exper2_10
,0.01,Validation,2013,2013-12-19,,exper2_10
,0.01,Validation,2013,2013-12-20,,exper2_10
,0.01,Validation,2013,2013-12-21,,exper2_10
,0.01,Validation,2013,2013-12-22,,exper2_10
,0.01,Validation,2013,2013-12-23,,exper2_10
,0.01,Validation,2013,2013-12-24,,exper2_10
,0.01,Validation,2013,2013-12-25,,exper2_10
,0.01,Validation,2013,2013-12-26,,exper2_10
,0.01,Validation,2013,2013-12-27,,exper2_10
,0.01,Validation,2013,2013-12-28,,exper2_10
,0.01,Validation,2013,2013-12-29,,exper2_10
,0.01,Validation,2013,2013-12-30,,exper2_10
,0.01,Validation,2013,2013-12-31,,exper2_10
,0.01,Validation,2014,2014-01-01,,exper2_10
,0.01,Validation,2014,2014-01-02,,exper2_10
,0.01,Validation,2014,2014-01-03,,exper2_10
,0.01,Validation,2014,2014-01-04,,exper2_10
,0.01,Validation,2014,2014-01-05,,exper2_10
,0.01,Validation,2014,2014-01-06,,exper2_10
,0.01,Validation,2014,2014-01-07,,exper2_10
,0.01,Validation,2014,2014-01-08,,exper2_10
,0.01,Validation,2014,2014-01-09,,exper2_10
,0.01,Validation,2014,2014-01-10,,exper2_10
,0.01,Validation,2014,2014-01-11,,exper2_10
,0.01,Validation,2014,2014-01-12,,exper2_10
,0.01,Validation,2014,2014-01-13,,exper2_10
,0.01,Validation,2014,2014-01-14,,exper2_10
,0.01,Validation,2014,2014-01-15,,exper2_10
,0.01,Validation,2014,2014-01-16,,exper2_10
,0.01,Validation,2014,2014-01-17,,exper2_10
,0.01,Validation,2014,2014-01-18,,exper2_10
,0.01,Validation,2014,2014-01-19,,exper2_10
,0.01,Validation,2014,2014-01-20,,exper2_10
,0.01,Validation,2014,2014-01-21,,exper2_10
,0.01,Validation,2014,2014-01-22,,exper2_10
,0.01,Validation,2014,2014-01-23,,exper2_10
,0.01,Validation,2014,2014-01-24,,exper2_10
,0.01,Validation,2014,2014-01-25,,exper2_10
,0.01,Validation,2014,2014-01-26,,exper2_10
,0.01,Validation,2014,2014-01-27,,exper2_10
,0.01,Validation,2014,2014-01-28,,exper2_10
,0.01,Validation,2014,2014-01-29,,exper2_10
,0.01,Validation,2014,2014-01-30,,exper2_10
,0.01,Validation,2014,2014-01-31,,exper2_10
,0.01,Validation,2014,2014-02-01,,exper2_10
,0.01,Validation,2014,2014-02-02,,exper2_10
,0.01,Validation,2014,2014-02-03,,exper2_10
,0.01,Validation,2014,2014-02-04,,exper2_10
,0.01,Validation,2014,2014-02-05,,exper2_10
,0.01,Validation,2014,2014-02-06,,exper2_10
,0.01,Validation,2014,2014-02-07,,exper2_10
,0.01,Validation,2014,2014-02-08,,exper2_10
,0.01,Validation,2014,2014-02-09,,exper2_10
,0.01,Validation,2014,2014-02-10,,exper2_10
,0.01,Validation,2014,2014-02-11,,exper2_10
,0.01,Validation,2014,2014-02-12,,exper2_10
,0.01,Validation,2014,2014-02-13,,exper2_10
,0.01,Validation,2014,2014-02-14,,exper2_10
,0.01,Validation,2014,2014-02-15,,exper2_10
,0.01,Validation,2014,2014-02-16,,exper2_10
,0.01,Validation,2014,2014-02-17,,exper2_10
,0.01,Validation,2014,2014-02-18,,exper2_10
,0.01,Validation,2014,2014-02-19,,exper2_10
,0.01,Validation,2014,2014-02-20,,exper2_10
,0.01,Validation,2014,2014-02-21,,exper2_10
,0.01,Validation,2014,2014-02-22,,exper2_10
,0.01,Validation,2014,2014-02-23,,exper2_10
,0.01,Validation,2014,2014-02-24,,exper2_10
,0.01,Validation,2014,2014-02-25,,exper2_10
,0.01,Validation,2014,2014-02-26,,exper2_10
,0.01,Validation,2014,2014-02-27,,exper2_10
,0.01,Validation,2014,2014-02-28,,exper2_10
,0.01,Validation,2014,2014-03-01,,exper2_10
,0.01,Validation,2014,2014-03-02,,exper2_10
,0.01,Validation,2014,2014-03-03,,exper2_10
,0.01,Validation,2014,2014-03-04,,exper2_10
,0.01,Validation,2014,2014-03-05,,exper2_10
,0.01,Validation,2014,2014-03-06,,exper2_10
,0.01,Validation,2014,2014-03-07,,exper2_10
,0.01,Validation,2014,2014-03-08,,exper2_10
,0.01,Validation,2014,2014-03-09,,exper2_10
,0.01,Validation,2014,2014-03-10,,exper2_10
,0.01,Validation,2014,2014-03-11,,exper2_10
,0.01,Validation,2014,2014-03-12,,exper2_10
,0.01,Validation,2014,2014-03-13,,exper2_10
,0.01,Validation,2014,2014-03-14,,exper2_10
,0.01,Validation,2014,2014-03-15,,exper2_10
,0.01,Validation,2014,2014-03-16,,exper2_10
,0.01,Validation,2014,2014-03-17,,exper2_10
,0.01,Validation,2014,2014-03-18,,exper2_10
,0.01,Validation,2014,2014-03-19,,exper2_10
,0.01,Validation,2014,2014-03-20,,exper2_10
,0.01,Validation,2014,2014-03-21,,exper2_10
,0.01,Validation,2014,2014-03-22,,exper2_10
,0.01,Validation,2014,2014-03-23,,exper2_10
,0.01,Validation,2014,2014-03-24,,exper2_10
,0.01,Validation,2014,2014-03-25,,exper2_10
,0.01,Validation,2014,2014-03-26,,exper2_10
,0.01,Validation,2014,2014-03-27,,exper2_10
,0.01,Validation,2014,2014-03-28,,exper2_10
,0.01,Validation,2014,2014-03-29,,exper2_10
,0.01,Validation,2014,2014-03-30,,exper2_10
,0.01,Validation,2014,2014-03-31,,exper2_10
,0.01,Validation,2014,2014-04-01,,exper2_10
,0.01,Validation,2014,2014-04-02,,exper2_10
,0.01,Validation,2014,2014-04-03,,exper2_10
,0.01,Validation,2014,2014-04-04,,exper2_10
,0.01,Validation,2014,2014-04-05,,exper2_10
,0.01,Validation,2014,2014-04-06,,exper2_10
,0.01,Validation,2014,2014-04-07,,exper2_10
,0.13035709,Validation,2014,2014-04-08,,exper2_10
,0.01,Validation,2014,2014-04-09,,exper2_10
,0.22128233,Validation,2014,2014-04-10,,exper2_10
,0.09805223,Validation,2014,2014-04-11,,exper2_10
,0.24454105,Validation,2014,2014-04-12,,exper2_10
,0.6470179,Validation,2014,2014-04-13,,exper2_10
,0.8618591,Validation,2014,2014-04-14,,exper2_10
,0.81465614,Validation,2014,2014-04-15,,exper2_10
,0.2537276,Validation,2014,2014-04-16,,exper2_10
,0.5792953,Validation,2014,2014-04-17,,exper2_10
,0.93997705,Validation,2014,2014-04-18,,exper2_10
,0.88631576,Validation,2014,2014-04-19,,exper2_10
,1.537705,Validation,2014,2014-04-20,,exper2_10
,1.9851898,Validation,2014,2014-04-21,,exper2_10
,2.150862,Validation,2014,2014-04-22,,exper2_10
,2.3008683,Validation,2014,2014-04-23,,exper2_10
,1.6013509,Validation,2014,2014-04-24,,exper2_10
,2.3546293,Validation,2014,2014-04-25,,exper2_10
,2.7504113,Validation,2014,2014-04-26,,exper2_10
,2.97147,Validation,2014,2014-04-27,,exper2_10
,2.9042456,Validation,2014,2014-04-28,,exper2_10
,2.876027,Validation,2014,2014-04-29,,exper2_10
,3.0230622,Validation,2014,2014-04-30,,exper2_10
,3.1551318,Validation,2014,2014-05-01,,exper2_10
,3.5820954,Validation,2014,2014-05-02,,exper2_10
,4.444308,Validation,2014,2014-05-03,,exper2_10
,5.5327973,Validation,2014,2014-05-04,,exper2_10
,5.551376,Validation,2014,2014-05-05,,exper2_10
,6.0599017,Validation,2014,2014-05-06,,exper2_10
,6.0805135,Validation,2014,2014-05-07,,exper2_10
,6.464719,Validation,2014,2014-05-08,,exper2_10
,6.849977,Validation,2014,2014-05-09,,exper2_10
,7.289368,Validation,2014,2014-05-10,,exper2_10
,8.402573,Validation,2014,2014-05-11,,exper2_10
,9.313314,Validation,2014,2014-05-12,,exper2_10
,8.311342,Validation,2014,2014-05-13,,exper2_10
,9.048538,Validation,2014,2014-05-14,,exper2_10
,9.527995,Validation,2014,2014-05-15,,exper2_10
,9.554982,Validation,2014,2014-05-16,,exper2_10
,9.933327,Validation,2014,2014-05-17,,exper2_10
9.319000000000017,10.508565,Validation,2014,2014-05-18,0.05999551392686189,exper2_10
8.929666499999996,10.874572,Validation,2014,2014-05-19,0.09820651876367092,exper2_10
9.578333000000043,10.938465,Validation,2014,2014-05-20,0.06629358589768504,exper2_10
10.497334000000023,12.000855,Validation,2014,2014-05-21,0.06682855300333246,exper2_10
11.06833400000005,11.740724,Validation,2014,2014-05-22,0.029479061407241373,exper2_10
12.110333000000026,12.699415,Validation,2014,2014-05-23,0.023743981679955225,exper2_10
13.331000000000017,13.969759,Validation,2014,2014-05-24,0.02339711462677348,exper2_10
14.576000000000022,15.417503,Validation,2014,2014-05-25,0.02805618759900687,exper2_10
16.060667000000024,16.671492,Validation,2014,2014-05-26,0.01866129973160322,exper2_10
16.641332999999975,16.38604,Validation,2014,2014-05-27,-0.007729747932729758,exper2_10
16.964999999999975,17.07921,Validation,2014,2014-05-28,0.003354763715420584,exper2_10
18.26400000000001,18.826374,Validation,2014,2014-05-29,0.015162264288221705,exper2_10
18.861334,20.205961,Validation,2014,2014-05-30,0.03441823191469238,exper2_10
19.169666000000007,20.652918,Validation,2014,2014-05-31,0.037246499802242324,exper2_10
19.536333000000013,19.920599,Validation,2014,2014-06-01,0.009738871332488522,exper2_10
19.865666999999974,19.767252,Validation,2014,2014-06-02,-0.00248316384908951,exper2_10
19.65900000000005,19.070738,Validation,2014,2014-06-03,-0.015188901192778924,exper2_10
20.093334000000027,19.483175,Validation,2014,2014-06-04,-0.015417194023064476,exper2_10
19.96866600000004,19.915913,Validation,2014,2014-06-05,-0.0013226508500443135,exper2_10
20.54166600000002,20.330126,Validation,2014,2014-06-06,-0.005175701429343494,exper2_10
20.37900000000002,20.190184,Validation,2014,2014-06-07,-0.004654181906921314,exper2_10
19.795000000000016,19.773169,Validation,2014,2014-06-08,-0.0005517423967201743,exper2_10
19.602666999999997,19.109777,Validation,2014,2014-06-09,-0.012732069917928522,exper2_10
19.653999999999996,19.473078,Validation,2014,2014-06-10,-0.00462396468749697,exper2_10
20.31566600000002,19.908926,Validation,2014,2014-06-11,-0.010111724433792518,exper2_10
19.449333000000024,19.506647,Validation,2014,2014-06-12,0.0014712531894592574,exper2_10
18.458334000000036,18.725965,Validation,2014,2014-06-13,0.007197432881013983,exper2_10
18.185333000000014,18.577932,Validation,2014,2014-06-14,0.010679120964016917,exper2_10
17.570333000000005,18.170307,Validation,2014,2014-06-15,0.016786889007795968,exper2_10
17.950000000000045,19.200563,Validation,2014,2014-06-16,0.03366203134754511,exper2_10
19.22633400000001,20.917553,Validation,2014,2014-06-17,0.04212892862589078,exper2_10
19.89300000000003,20.608625,Validation,2014,2014-06-18,0.017669054135676016,exper2_10
19.641666000000043,20.368307,Validation,2014,2014-06-19,0.018161499673679072,exper2_10
19.515667000000008,20.227037,Validation,2014,2014-06-20,0.017899396631800155,exper2_10
19.51833300000004,20.502647,Validation,2014,2014-06-21,0.024594959695307804,exper2_10
20.321667000000048,21.799564,Validation,2014,2014-06-22,0.03508675586631878,exper2_10
21.104000000000042,22.250002,Validation,2014,2014-06-23,0.02643358990936288,exper2_10
21.759000000000015,22.705862,Validation,2014,2014-06-24,0.021294613358379,exper2_10
21.274666000000025,21.791029,Validation,2014,2014-06-25,0.011990122920874417,exper2_10
21.085667,21.414518,Validation,2014,2014-06-26,0.00773764522592404,exper2_10
21.03833400000002,21.652021,Validation,2014,2014-06-27,0.014375317380582555,exper2_10
21.693332999999996,22.18516,Validation,2014,2014-06-28,0.01120883269118183,exper2_10
22.20700000000005,22.741096,Validation,2014,2014-06-29,0.011882516462573543,exper2_10
22.296333000000004,22.93617,Validation,2014,2014-06-30,0.01414552649953441,exper2_10
21.90433300000001,22.729086,Validation,2014,2014-07-01,0.018478372084335695,exper2_10
21.36366700000002,22.228437,Validation,2014,2014-07-02,0.019837776476690536,exper2_10
21.221333000000016,21.94135,Validation,2014,2014-07-03,0.016681491307222865,exper2_10
21.358000000000004,22.199638,Validation,2014,2014-07-04,0.01932240585712438,exper2_10
21.52433400000001,22.30374,Validation,2014,2014-07-05,0.017783249060232965,exper2_10
21.65700000000004,22.183876,Validation,2014,2014-07-06,0.012017917642561958,exper2_10
21.91466700000001,22.751116,Validation,2014,2014-07-07,0.018726836216331713,exper2_10
21.637333000000012,22.198828,Validation,2014,2014-07-08,0.012808939788668223,exper2_10
21.159666000000016,21.532673,Validation,2014,2014-07-09,0.00873709175574427,exper2_10
21.209333000000015,21.64266,Validation,2014,2014-07-10,0.010112181703321638,exper2_10
21.230999999999995,21.759344,Validation,2014,2014-07-11,0.012289831868092729,exper2_10
21.32000000000005,21.863342,Validation,2014,2014-07-12,0.012582219355979925,exper2_10
21.450666000000012,22.050215,Validation,2014,2014-07-13,0.013782451225782477,exper2_10
21.234667,21.789747,Validation,2014,2014-07-14,0.012901517614779439,exper2_10
20.534334,20.691729,Validation,2014,2014-07-15,0.0038178419675178074,exper2_10
20.36033199999997,20.358118,Validation,2014,2014-07-16,-5.437197992265966e-05,exper2_10
20.66666600000002,20.6048,Validation,2014,2014-07-17,-0.0014990194548329778,exper2_10
20.885334,20.95032,Validation,2014,2014-07-18,0.0015533470867638082,exper2_10
20.843334000000027,21.270452,Validation,2014,2014-07-19,0.01014201131963784,exper2_10
21.074333000000024,21.57454,Validation,2014,2014-07-20,0.011728473906779058,exper2_10
21.772667000000013,22.339441,Validation,2014,2014-07-21,0.01284849718791787,exper2_10
22.19466600000004,23.157974,Validation,2014,2014-07-22,0.021240400514702537,exper2_10
22.221666000000027,22.830942,Validation,2014,2014-07-23,0.013523659980992227,exper2_10
22.27766600000001,23.303888,Validation,2014,2014-07-24,0.022513982601330116,exper2_10
22.035000000000025,22.877268,Validation,2014,2014-07-25,0.018753625191482087,exper2_10
22.28333299999997,22.951735,Validation,2014,2014-07-26,0.014776180940010741,exper2_10
22.101999999999975,22.830507,Validation,2014,2014-07-27,0.016213368061744674,exper2_10
21.412333000000046,22.185637,Validation,2014,2014-07-28,0.017737145304992014,exper2_10
21.373000000000047,22.051483,Validation,2014,2014-07-29,0.015624438220393435,exper2_10
21.512999999999977,22.056973,Validation,2014,2014-07-30,0.012485032062308768,exper2_10
21.711666000000037,22.272589,Validation,2014,2014-07-31,0.012752807414913024,exper2_10
22.05266800000004,22.896082,Validation,2014,2014-08-01,0.018763901684835844,exper2_10
22.239334000000042,23.24918,Validation,2014,2014-08-02,0.02220001830875151,exper2_10
22.597334000000046,23.824465,Validation,2014,2014-08-03,0.026434365529737963,exper2_10
22.56400000000002,23.514889,Validation,2014,2014-08-04,0.020636104492659155,exper2_10
22.756332000000043,23.59186,Validation,2014,2014-08-05,0.018027193397203364,exper2_10
22.971333000000016,23.647108,Validation,2014,2014-08-06,0.014495874644804042,exper2_10
23.189999999999998,23.625345,Validation,2014,2014-08-07,0.009299199396325541,exper2_10
23.483000000000004,23.857332,Validation,2014,2014-08-08,0.007907258187345084,exper2_10
23.701999999999998,23.679457,Validation,2014,2014-08-09,-0.00047578294863658547,exper2_10
23.94500000000005,24.009922,Validation,2014,2014-08-10,0.001353813640870726,exper2_10
23.511333000000036,23.598997,Validation,2014,2014-08-11,0.0018608257652368379,exper2_10
22.243334000000004,22.280535,Validation,2014,2014-08-12,0.0008355236261333329,exper2_10
22.05633400000005,22.105156,Validation,2014,2014-08-13,0.0011055321024079554,exper2_10
21.96700000000004,21.641941,Validation,2014,2014-08-14,-0.007453951448109567,exper2_10
21.964666000000022,21.7675,Validation,2014,2014-08-15,-0.004508490995802454,exper2_10
22.070667000000014,21.920122,Validation,2014,2014-08-16,-0.003422190333795876,exper2_10
21.894667000000027,21.879042,Validation,2014,2014-08-17,-0.0003569569205174529,exper2_10
21.495333000000016,21.700603,Validation,2014,2014-08-18,0.004752078593739392,exper2_10
21.398333000000036,21.50968,Validation,2014,2014-08-19,0.0025950116787102416,exper2_10
21.221666000000027,21.242434,Validation,2014,2014-08-20,0.0004890613057776793,exper2_10
21.11333300000001,21.227161,Validation,2014,2014-08-21,0.0026884052504263477,exper2_10
21.19500000000005,21.156084,Validation,2014,2014-08-22,-0.0009188888595001877,exper2_10
21.39500000000004,21.098429,Validation,2014,2014-08-23,-0.006979226734436694,exper2_10
21.400333000000046,20.960665,Validation,2014,2014-08-24,-0.010379081565976726,exper2_10
21.817000000000007,21.456097,Validation,2014,2014-08-25,-0.008340132294114623,exper2_10
21.797667000000047,21.308283,Validation,2014,2014-08-26,-0.011353053337311535,exper2_10
21.659666000000016,20.79412,Validation,2014,2014-08-27,-0.020387938907224755,exper2_10
21.49000000000001,20.493814,Validation,2014,2014-08-28,-0.02372784712943138,exper2_10
21.21900000000005,20.434425,Validation,2014,2014-08-29,-0.018835777353919995,exper2_10
20.997000000000014,20.433577,Validation,2014,2014-08-30,-0.013599217355743229,exper2_10
20.69466600000004,20.342133,Validation,2014,2014-08-31,-0.00859066603486168,exper2_10
20.635334,20.27432,Validation,2014,2014-09-01,-0.008824650344558984,exper2_10
20.670334000000025,20.211916,Validation,2014,2014-09-02,-0.011213131138562173,exper2_10
20.506665999999996,20.251194,Validation,2014,2014-09-03,-0.00626804252613667,exper2_10
20.251666999999998,20.199219,Validation,2014,2014-09-04,-0.001296590891090627,exper2_10
20.01600000000002,19.93054,Validation,2014,2014-09-05,-0.0021393571252892414,exper2_10
19.781000000000006,19.705048,Validation,2014,2014-09-06,-0.001923524819026322,exper2_10
19.711666000000037,19.713766,Validation,2014,2014-09-07,5.3267596844670403e-05,exper2_10
19.553999999999974,19.641869,Validation,2014,2014-09-08,0.0022417819649518987,exper2_10
19.537666,19.814709,Validation,2014,2014-09-09,0.00704005061347387,exper2_10
18.95533400000005,19.252054,Validation,2014,2014-09-10,0.0077660428609212075,exper2_10
17.394000000000005,18.053568,Validation,2014,2014-09-11,0.018606858683990837,exper2_10
16.76833300000004,17.16082,Validation,2014,2014-09-12,0.011567839823158918,exper2_10
16.473333000000025,16.999956,Validation,2014,2014-09-13,0.015732637713632987,exper2_10
16.131332000000043,16.774221,Validation,2014,2014-09-14,0.01953741400658727,exper2_10
15.916667000000018,16.465046,Validation,2014,2014-09-15,0.01693483387238327,exper2_10
15.774999999999977,16.203009,Validation,2014,2014-09-16,0.013384468570097183,exper2_10
15.900333000000046,16.28512,Validation,2014,2014-09-17,0.011955308202493903,exper2_10
15.590666999999996,15.835269,Validation,2014,2014-09-18,0.007783442774917023,exper2_10
15.348000000000013,15.53978,Validation,2014,2014-09-19,0.006208917092060217,exper2_10
15.635333000000003,14.421267,Validation,2014,2014-09-20,-0.04039267455922679,exper2_10
15.451000000000022,15.827141,Validation,2014,2014-09-21,0.012025676667072644,exper2_10
15.326332999999977,16.250444,Validation,2014,2014-09-22,0.029265539043686874,exper2_10
15.489333000000045,16.277916,Validation,2014,2014-09-23,0.024823772298226056,exper2_10
15.611000000000047,15.88727,Validation,2014,2014-09-24,0.008770957071135347,exper2_10
15.728000000000009,15.923352,Validation,2014,2014-09-25,0.0061720030166631246,exper2_10
16.02800000000002,16.152277,Validation,2014,2014-09-26,0.003861899412041899,exper2_10
16.285667000000046,16.369892,Validation,2014,2014-09-27,0.0025791970074940727,exper2_10
16.810667000000024,16.647821,Validation,2014,2014-09-28,-0.004867092964067424,exper2_10
16.397667000000013,15.844316,Validation,2014,2014-09-29,-0.01716245180130936,exper2_10
15.587333999999998,15.870631,Validation,2014,2014-09-30,0.009005579858510221,exper2_10
15.213667000000044,15.308442,Validation,2014,2014-10-01,0.003105129970675496,exper2_10
15.110000000000014,15.369301,Validation,2014,2014-10-02,0.008507440627555473,exper2_10
14.81800000000004,14.946305,Validation,2014,2014-10-03,0.004310709548838818,exper2_10
14.137999999999977,14.258485,Validation,2014,2014-10-04,0.004242949121001906,exper2_10
13.52800000000002,13.628995,Validation,2014,2014-10-05,0.003718929208779424,exper2_10
13.06800000000004,13.656754,Validation,2014,2014-10-06,0.02203027014475362,exper2_10
12.800000000000011,13.161969,Validation,2014,2014-10-07,0.013942285436743643,exper2_10
12.427000000000021,12.503805,Validation,2014,2014-10-08,0.0030807332546186564,exper2_10
12.075000000000045,12.041825,Validation,2014,2014-10-09,-0.001375583440204694,exper2_10
11.829000000000008,11.780019,Validation,2014,2014-10-10,-0.0020746814572866062,exper2_10
11.702999999999975,11.81917,Validation,2014,2014-10-11,0.004938744944790979,exper2_10
11.427999999999997,11.719777,Validation,2014,2014-10-12,0.012604973077416051,exper2_10
11.409000000000049,11.65269,Validation,2014,2014-10-13,0.01056687235309198,exper2_10
11.212000000000046,11.541022,Validation,2014,2014-10-14,0.014460597645955522,exper2_10
10.990000000000009,11.635176,Validation,2014,2014-10-15,0.02851583180477663,exper2_10
11.033000000000015,12.11328,Validation,2014,2014-10-16,0.046671874810794316,exper2_10
10.858000000000004,11.613442,Validation,2014,2014-10-17,0.03361788739715503,exper2_10
10.54000000000002,11.412961,Validation,2014,2014-10-18,0.03976506886334812,exper2_10
10.259000000000015,11.022275,Validation,2014,2014-10-19,0.0358660358483269,exper2_10
10.128000000000043,10.8241,Validation,2014,2014-10-20,0.03322337884839972,exper2_10
9.967000000000041,11.055627,Validation,2014,2014-10-21,0.051783579472480905,exper2_10
9.769000000000005,11.033134,Validation,2014,2014-10-22,0.06076945915587136,exper2_10
9.622000000000014,10.713006,Validation,2014,2014-10-23,0.053651620193331265,exper2_10
9.644000000000005,11.034604,Validation,2014,2014-10-24,0.06724845002547179,exper2_10
9.717000000000041,10.91167,Validation,2014,2014-10-25,0.05791307664093685,exper2_10
9.698000000000036,10.613755,Validation,2014,2014-10-26,0.04508498728642164,exper2_10
9.664000000000044,10.466445,Validation,2014,2014-10-27,0.03986225691512854,exper2_10
9.55600000000004,10.355275,Validation,2014,2014-10-28,0.04014183661906724,exper2_10
9.303999999999974,9.991841,Validation,2014,2014-10-29,0.035647127531301954,exper2_10
9.129999999999995,9.866409,Validation,2014,2014-10-30,0.038765710406633236,exper2_10
8.522000000000048,9.086713,Validation,2014,2014-10-31,0.032070080444810516,exper2_10
8.13900000000001,8.486813,Validation,2014,2014-11-01,0.020920035615548876,exper2_10
7.875,8.286939,Validation,2014,2014-11-02,0.02548819642107011,exper2_10
7.713000000000022,8.237123,Validation,2014,2014-11-03,0.03286009461885043,exper2_10
7.630999999999972,8.345393,Validation,2014,2014-11-04,0.04471554829431882,exper2_10
7.451000000000022,8.290478,Validation,2014,2014-11-05,0.05332903084923563,exper2_10
7.198000000000036,8.14381,Validation,2014,2014-11-06,0.06164919624443348,exper2_10
7.003000000000043,7.8802814,Validation,2014,2014-11-07,0.05894408779460593,exper2_10
6.713999999999999,7.657319,Validation,2014,2014-11-08,0.06563900393454455,exper2_10
6.451000000000022,7.239389,Validation,2014,2014-11-09,0.057587037593829826,exper2_10
6.116000000000042,6.6746593,Validation,2014,2014-11-10,0.04367712728114984,exper2_10
5.586000000000013,6.5452237,Validation,2014,2014-11-11,0.07907064741535066,exper2_10
5.226999999999975,6.2509894,Validation,2014,2014-11-12,0.08921331063375895,exper2_10
4.983000000000004,5.5993266,Validation,2014,2014-11-13,0.058241125344766144,exper2_10
,5.126593,Validation,2014,2014-11-14,,exper2_10
,4.382831,Validation,2014,2014-11-15,,exper2_10
,4.2553573,Validation,2014,2014-11-16,,exper2_10
,3.4088545,Validation,2014,2014-11-17,,exper2_10
,2.913564,Validation,2014,2014-11-18,,exper2_10
,2.5172026,Validation,2014,2014-11-19,,exper2_10
,2.2158232,Validation,2014,2014-11-20,,exper2_10
,1.8942895,Validation,2014,2014-11-21,,exper2_10
,2.1961768,Validation,2014,2014-11-22,,exper2_10
,2.1652255,Validation,2014,2014-11-23,,exper2_10
,2.1859086,Validation,2014,2014-11-24,,exper2_10
,1.433498,Validation,2014,2014-11-25,,exper2_10
,1.0407366,Validation,2014,2014-11-26,,exper2_10
,0.6575741,Validation,2014,2014-11-27,,exper2_10
,0.27119106,Validation,2014,2014-11-28,,exper2_10
,0.5556901,Validation,2014,2014-11-29,,exper2_10
,0.376243,Validation,2014,2014-11-30,,exper2_10
,0.01,Validation,2014,2014-12-01,,exper2_10
,0.01,Validation,2014,2014-12-02,,exper2_10
,0.01,Validation,2014,2014-12-03,,exper2_10
,0.01,Validation,2014,2014-12-04,,exper2_10
,0.01,Validation,2014,2014-12-05,,exper2_10
,0.01,Validation,2014,2014-12-06,,exper2_10
,0.01,Validation,2014,2014-12-07,,exper2_10
,0.01,Validation,2014,2014-12-08,,exper2_10
,0.01,Validation,2014,2014-12-09,,exper2_10
,0.01,Validation,2014,2014-12-10,,exper2_10
,0.01,Validation,2014,2014-12-11,,exper2_10
,0.01,Validation,2014,2014-12-12,,exper2_10
,0.01,Validation,2014,2014-12-13,,exper2_10
,0.01,Validation,2014,2014-12-14,,exper2_10
,0.01,Validation,2014,2014-12-15,,exper2_10
,0.01,Validation,2014,2014-12-16,,exper2_10
,0.06889212,Validation,2014,2014-12-17,,exper2_10
,0.01,Validation,2014,2014-12-18,,exper2_10
,0.01,Validation,2014,2014-12-19,,exper2_10
,0.01,Validation,2014,2014-12-20,,exper2_10
,0.01,Validation,2014,2014-12-21,,exper2_10
,0.01,Validation,2014,2014-12-22,,exper2_10
,0.01,Validation,2014,2014-12-23,,exper2_10
,0.01,Validation,2014,2014-12-24,,exper2_10
,0.01,Validation,2014,2014-12-25,,exper2_10
,0.01,Validation,2014,2014-12-26,,exper2_10
,0.01,Validation,2014,2014-12-27,,exper2_10
,0.01,Validation,2014,2014-12-28,,exper2_10
,0.01,Validation,2014,2014-12-29,,exper2_10
,0.01,Validation,2014,2014-12-30,,exper2_10
,0.01,Validation,2014,2014-12-31,,exper2_10
,0.01,Validation,2015,2015-01-01,,exper2_10
,0.01,Validation,2015,2015-01-02,,exper2_10
,0.01,Validation,2015,2015-01-03,,exper2_10
,0.01,Validation,2015,2015-01-04,,exper2_10
,0.01,Validation,2015,2015-01-05,,exper2_10
,0.01,Validation,2015,2015-01-06,,exper2_10
,0.01,Validation,2015,2015-01-07,,exper2_10
,0.01,Validation,2015,2015-01-08,,exper2_10
,0.01,Validation,2015,2015-01-09,,exper2_10
,0.01,Validation,2015,2015-01-10,,exper2_10
,0.01,Validation,2015,2015-01-11,,exper2_10
,0.01,Validation,2015,2015-01-12,,exper2_10
,0.01,Validation,2015,2015-01-13,,exper2_10
,0.01,Validation,2015,2015-01-14,,exper2_10
,0.01,Validation,2015,2015-01-15,,exper2_10
,0.01,Validation,2015,2015-01-16,,exper2_10
,0.01,Validation,2015,2015-01-17,,exper2_10
,0.01,Validation,2015,2015-01-18,,exper2_10
,0.01,Validation,2015,2015-01-19,,exper2_10
,0.01,Validation,2015,2015-01-20,,exper2_10
,0.01,Validation,2015,2015-01-21,,exper2_10
,0.01,Validation,2015,2015-01-22,,exper2_10
,0.01,Validation,2015,2015-01-23,,exper2_10
,0.01,Validation,2015,2015-01-24,,exper2_10
,0.01,Validation,2015,2015-01-25,,exper2_10
,0.01,Validation,2015,2015-01-26,,exper2_10
,0.01,Validation,2015,2015-01-27,,exper2_10
,0.01,Validation,2015,2015-01-28,,exper2_10
,0.01,Validation,2015,2015-01-29,,exper2_10
,0.01,Validation,2015,2015-01-30,,exper2_10
,0.01,Validation,2015,2015-01-31,,exper2_10
,0.01,Validation,2015,2015-02-01,,exper2_10
,0.01,Validation,2015,2015-02-02,,exper2_10
,0.01,Validation,2015,2015-02-03,,exper2_10
,0.01,Validation,2015,2015-02-04,,exper2_10
,0.01,Validation,2015,2015-02-05,,exper2_10
,0.01,Validation,2015,2015-02-06,,exper2_10
,0.01,Validation,2015,2015-02-07,,exper2_10
,0.01,Validation,2015,2015-02-08,,exper2_10
,0.2094605,Validation,2015,2015-02-09,,exper2_10
,0.01,Validation,2015,2015-02-10,,exper2_10
,0.01,Validation,2015,2015-02-11,,exper2_10
,0.07714097,Validation,2015,2015-02-12,,exper2_10
,0.01,Validation,2015,2015-02-13,,exper2_10
,0.01,Validation,2015,2015-02-14,,exper2_10
,0.01,Validation,2015,2015-02-15,,exper2_10
,0.01,Validation,2015,2015-02-16,,exper2_10
,0.01,Validation,2015,2015-02-17,,exper2_10
,0.01,Validation,2015,2015-02-18,,exper2_10
,0.01,Validation,2015,2015-02-19,,exper2_10
,0.01,Validation,2015,2015-02-20,,exper2_10
,0.01,Validation,2015,2015-02-21,,exper2_10
,0.01,Validation,2015,2015-02-22,,exper2_10
,0.01,Validation,2015,2015-02-23,,exper2_10
,0.01,Validation,2015,2015-02-24,,exper2_10
,0.01,Validation,2015,2015-02-25,,exper2_10
,0.01,Validation,2015,2015-02-26,,exper2_10
,0.01,Validation,2015,2015-02-27,,exper2_10
,0.01,Validation,2015,2015-02-28,,exper2_10
,0.01,Validation,2015,2015-03-01,,exper2_10
,0.01,Validation,2015,2015-03-02,,exper2_10
,0.01,Validation,2015,2015-03-03,,exper2_10
,0.01,Validation,2015,2015-03-04,,exper2_10
,0.01,Validation,2015,2015-03-05,,exper2_10
,0.01,Validation,2015,2015-03-06,,exper2_10
,0.01,Validation,2015,2015-03-07,,exper2_10
,0.01,Validation,2015,2015-03-08,,exper2_10
,0.01,Validation,2015,2015-03-09,,exper2_10
,0.01,Validation,2015,2015-03-10,,exper2_10
,0.01,Validation,2015,2015-03-11,,exper2_10
,0.01,Validation,2015,2015-03-12,,exper2_10
,0.01,Validation,2015,2015-03-13,,exper2_10
,0.120355144,Validation,2015,2015-03-14,,exper2_10
,0.01,Validation,2015,2015-03-15,,exper2_10
,0.01,Validation,2015,2015-03-16,,exper2_10
,0.01,Validation,2015,2015-03-17,,exper2_10
,0.01,Validation,2015,2015-03-18,,exper2_10
,0.01,Validation,2015,2015-03-19,,exper2_10
,0.01,Validation,2015,2015-03-20,,exper2_10
,0.01,Validation,2015,2015-03-21,,exper2_10
,0.036603898,Validation,2015,2015-03-22,,exper2_10
,0.01,Validation,2015,2015-03-23,,exper2_10
,0.01,Validation,2015,2015-03-24,,exper2_10
,0.01,Validation,2015,2015-03-25,,exper2_10
,0.2884366,Validation,2015,2015-03-26,,exper2_10
,0.0807613,Validation,2015,2015-03-27,,exper2_10
,0.01,Validation,2015,2015-03-28,,exper2_10
,0.01,Validation,2015,2015-03-29,,exper2_10
,0.07657561,Validation,2015,2015-03-30,,exper2_10
,0.3802485,Validation,2015,2015-03-31,,exper2_10
,0.48953748,Validation,2015,2015-04-01,,exper2_10
,0.63198656,Validation,2015,2015-04-02,,exper2_10
,0.6170775,Validation,2015,2015-04-03,,exper2_10
,0.8806145,Validation,2015,2015-04-04,,exper2_10
,0.7802152,Validation,2015,2015-04-05,,exper2_10
,0.7216648,Validation,2015,2015-04-06,,exper2_10
,0.7026938,Validation,2015,2015-04-07,,exper2_10
,0.963881,Validation,2015,2015-04-08,,exper2_10
,1.0377128,Validation,2015,2015-04-09,,exper2_10
,1.1803917,Validation,2015,2015-04-10,,exper2_10
,2.2175977,Validation,2015,2015-04-11,,exper2_10
,2.15819,Validation,2015,2015-04-12,,exper2_10
,2.348364,Validation,2015,2015-04-13,,exper2_10
,4.1983056,Validation,2015,2015-04-14,,exper2_10
,5.313893,Validation,2015,2015-04-15,,exper2_10
,5.7845373,Validation,2015,2015-04-16,,exper2_10
,6.6469865,Validation,2015,2015-04-17,,exper2_10
,7.333292,Validation,2015,2015-04-18,,exper2_10
,7.2806053,Validation,2015,2015-04-19,,exper2_10
,7.620311,Validation,2015,2015-04-20,,exper2_10
,6.8137455,Validation,2015,2015-04-21,,exper2_10
,6.9172654,Validation,2015,2015-04-22,,exper2_10
,6.691054,Validation,2015,2015-04-23,,exper2_10
,6.7121453,Validation,2015,2015-04-24,,exper2_10
,6.8107295,Validation,2015,2015-04-25,,exper2_10
,6.888108,Validation,2015,2015-04-26,,exper2_10
,7.0276732,Validation,2015,2015-04-27,,exper2_10
,7.4810376,Validation,2015,2015-04-28,,exper2_10
,8.021616,Validation,2015,2015-04-29,,exper2_10
,7.5232635,Validation,2015,2015-04-30,,exper2_10
,8.6282425,Validation,2015,2015-05-01,,exper2_10
,9.540707,Validation,2015,2015-05-02,,exper2_10
,11.253452,Validation,2015,2015-05-03,,exper2_10
,12.218893,Validation,2015,2015-05-04,,exper2_10
,13.280564,Validation,2015,2015-05-05,,exper2_10
,13.707877,Validation,2015,2015-05-06,,exper2_10
,15.165966,Validation,2015,2015-05-07,,exper2_10
,14.483795,Validation,2015,2015-05-08,,exper2_10
,13.31578,Validation,2015,2015-05-09,,exper2_10
,12.759359,Validation,2015,2015-05-10,,exper2_10
,12.162422,Validation,2015,2015-05-11,,exper2_10
,11.255628,Validation,2015,2015-05-12,,exper2_10
,11.510565,Validation,2015,2015-05-13,,exper2_10
,11.644671,Validation,2015,2015-05-14,,exper2_10
,11.0057535,Validation,2015,2015-05-15,,exper2_10
,12.532985,Validation,2015,2015-05-16,,exper2_10
,13.19164,Validation,2015,2015-05-17,,exper2_10
,12.591201,Validation,2015,2015-05-18,,exper2_10
,11.705653,Validation,2015,2015-05-19,,exper2_10
,12.136703,Validation,2015,2015-05-20,,exper2_10
,13.076713,Validation,2015,2015-05-21,,exper2_10
,14.270749,Validation,2015,2015-05-22,,exper2_10
,15.769171,Validation,2015,2015-05-23,,exper2_10
,15.985614,Validation,2015,2015-05-24,,exper2_10
,15.34685,Validation,2015,2015-05-25,,exper2_10
,16.097239,Validation,2015,2015-05-26,,exper2_10
,16.186552,Validation,2015,2015-05-27,,exper2_10
,18.058546,Validation,2015,2015-05-28,,exper2_10
,17.71937,Validation,2015,2015-05-29,,exper2_10
,16.535904,Validation,2015,2015-05-30,,exper2_10
,16.25506,Validation,2015,2015-05-31,,exper2_10
,16.60921,Validation,2015,2015-06-01,,exper2_10
,16.883533,Validation,2015,2015-06-02,,exper2_10
,17.571873,Validation,2015,2015-06-03,,exper2_10
,17.177303,Validation,2015,2015-06-04,,exper2_10
,17.545286,Validation,2015,2015-06-05,,exper2_10
,18.172422,Validation,2015,2015-06-06,,exper2_10
,18.019947,Validation,2015,2015-06-07,,exper2_10
,18.87809,Validation,2015,2015-06-08,,exper2_10
,19.975521,Validation,2015,2015-06-09,,exper2_10
,20.151697,Validation,2015,2015-06-10,,exper2_10
,19.696007,Validation,2015,2015-06-11,,exper2_10
,20.119675,Validation,2015,2015-06-12,,exper2_10
,19.88337,Validation,2015,2015-06-13,,exper2_10
,20.226164,Validation,2015,2015-06-14,,exper2_10
,20.44068,Validation,2015,2015-06-15,,exper2_10
,20.120836,Validation,2015,2015-06-16,,exper2_10
,19.956837,Validation,2015,2015-06-17,,exper2_10
,20.734575,Validation,2015,2015-06-18,,exper2_10
,20.664827,Validation,2015,2015-06-19,,exper2_10
,20.028053,Validation,2015,2015-06-20,,exper2_10
,20.563442,Validation,2015,2015-06-21,,exper2_10
,20.631363,Validation,2015,2015-06-22,,exper2_10
,20.403101,Validation,2015,2015-06-23,,exper2_10
,21.095396,Validation,2015,2015-06-24,,exper2_10
,21.207865,Validation,2015,2015-06-25,,exper2_10
,21.739748,Validation,2015,2015-06-26,,exper2_10
,22.455183,Validation,2015,2015-06-27,,exper2_10
,22.411692,Validation,2015,2015-06-28,,exper2_10
,22.646723,Validation,2015,2015-06-29,,exper2_10
,21.608965,Validation,2015,2015-06-30,,exper2_10
,20.98577,Validation,2015,2015-07-01,,exper2_10
,21.995306,Validation,2015,2015-07-02,,exper2_10
,22.058584,Validation,2015,2015-07-03,,exper2_10
,22.966524,Validation,2015,2015-07-04,,exper2_10
,23.386314,Validation,2015,2015-07-05,,exper2_10
,22.860777,Validation,2015,2015-07-06,,exper2_10
,21.658852,Validation,2015,2015-07-07,,exper2_10
,21.745558,Validation,2015,2015-07-08,,exper2_10
,21.750818,Validation,2015,2015-07-09,,exper2_10
,22.051851,Validation,2015,2015-07-10,,exper2_10
,22.45264,Validation,2015,2015-07-11,,exper2_10
,22.732397,Validation,2015,2015-07-12,,exper2_10
,23.066206,Validation,2015,2015-07-13,,exper2_10
,22.757357,Validation,2015,2015-07-14,,exper2_10
,22.470871,Validation,2015,2015-07-15,,exper2_10
,22.491287,Validation,2015,2015-07-16,,exper2_10
,22.669416,Validation,2015,2015-07-17,,exper2_10
,23.451406,Validation,2015,2015-07-18,,exper2_10
,23.33971,Validation,2015,2015-07-19,,exper2_10
,23.229227,Validation,2015,2015-07-20,,exper2_10
,22.958918,Validation,2015,2015-07-21,,exper2_10
,23.08928,Validation,2015,2015-07-22,,exper2_10
,23.69499,Validation,2015,2015-07-23,,exper2_10
,23.614824,Validation,2015,2015-07-24,,exper2_10
,24.457983,Validation,2015,2015-07-25,,exper2_10
,24.66739,Validation,2015,2015-07-26,,exper2_10
,24.860147,Validation,2015,2015-07-27,,exper2_10
,24.56798,Validation,2015,2015-07-28,,exper2_10
,24.175943,Validation,2015,2015-07-29,,exper2_10
,23.928774,Validation,2015,2015-07-30,,exper2_10
,23.767504,Validation,2015,2015-07-31,,exper2_10
,23.63074,Validation,2015,2015-08-01,,exper2_10
,23.475164,Validation,2015,2015-08-02,,exper2_10
,22.99198,Validation,2015,2015-08-03,,exper2_10
,22.564104,Validation,2015,2015-08-04,,exper2_10
,22.357725,Validation,2015,2015-08-05,,exper2_10
,22.244978,Validation,2015,2015-08-06,,exper2_10
,21.819723,Validation,2015,2015-08-07,,exper2_10
,21.32371,Validation,2015,2015-08-08,,exper2_10
,21.781696,Validation,2015,2015-08-09,,exper2_10
,22.13744,Validation,2015,2015-08-10,,exper2_10
,22.118242,Validation,2015,2015-08-11,,exper2_10
,22.443512,Validation,2015,2015-08-12,,exper2_10
,22.559717,Validation,2015,2015-08-13,,exper2_10
,23.37108,Validation,2015,2015-08-14,,exper2_10
,24.300043,Validation,2015,2015-08-15,,exper2_10
,24.08072,Validation,2015,2015-08-16,,exper2_10
,23.561735,Validation,2015,2015-08-17,,exper2_10
,22.805464,Validation,2015,2015-08-18,,exper2_10
,22.38339,Validation,2015,2015-08-19,,exper2_10
,21.611717,Validation,2015,2015-08-20,,exper2_10
,21.421213,Validation,2015,2015-08-21,,exper2_10
,21.476501,Validation,2015,2015-08-22,,exper2_10
,21.017597,Validation,2015,2015-08-23,,exper2_10
,20.035149,Validation,2015,2015-08-24,,exper2_10
,19.492842,Validation,2015,2015-08-25,,exper2_10
19.53033300000004,19.311037,Validation,2015,2015-08-26,-0.005645937206703433,exper2_10
19.568332999999996,19.495977,Validation,2015,2015-08-27,-0.0018522174722271937,exper2_10
19.61333300000001,19.553137,Validation,2015,2015-08-28,-0.0015369313268872062,exper2_10
20.020666000000006,19.753847,Validation,2015,2015-08-29,-0.006708287716506324,exper2_10
20.132668000000024,20.08348,Validation,2015,2015-08-30,-0.0012230699971034163,exper2_10
20.564332999999976,20.568747,Validation,2015,2015-08-31,0.00010729969209623215,exper2_10
21.185667000000024,20.823114,Validation,2015,2015-09-01,-0.008630400426239256,exper2_10
21.387333000000012,21.225586,Validation,2015,2015-09-02,-0.003795728303363713,exper2_10
21.34400000000005,20.757374,Validation,2015,2015-09-03,-0.013933659097101621,exper2_10
21.426000000000045,21.672138,Validation,2015,2015-09-04,0.005711110138643807,exper2_10
21.852666999999997,21.908197,Validation,2015,2015-09-05,0.0012689512355783406,exper2_10
22.59200000000004,21.876394,Validation,2015,2015-09-06,-0.016092457123023398,exper2_10
22.52000000000004,22.188845,Validation,2015,2015-09-07,-0.007406930811527351,exper2_10
22.57766700000002,21.899736,Validation,2015,2015-09-08,-0.01524213518979212,exper2_10
21.936333000000047,21.362803,Validation,2015,2015-09-09,-0.013245772411186397,exper2_10
21.420334000000025,21.041174,Validation,2015,2015-09-10,-0.00892950070554456,exper2_10
20.67833300000001,20.457037,Validation,2015,2015-09-11,-0.005379701898986089,exper2_10
20.130667000000017,19.768473,Validation,2015,2015-09-12,-0.009077747827977944,exper2_10
19.859667,19.41516,Validation,2015,2015-09-13,-0.011317880109369842,exper2_10
19.71633300000002,19.33872,Validation,2015,2015-09-14,-0.009668727763210287,exper2_10
19.834333000000015,19.362068,Validation,2015,2015-09-15,-0.012048678183659485,exper2_10
19.811666000000002,20.897947,Validation,2015,2015-09-16,0.026683655850327975,exper2_10
19.846666000000027,19.391775,Validation,2015,2015-09-17,-0.011592990334482052,exper2_10
19.796333000000004,19.706144,Validation,2015,2015-09-18,-0.002283114204566104,exper2_10
19.540999999999997,19.97875,Validation,2015,2015-09-19,0.011076745838386458,exper2_10
19.335667,19.120796,Validation,2015,2015-09-20,-0.005587377998050814,exper2_10
19.086000000000013,18.557983,Validation,2015,2015-09-21,-0.014026586824614025,exper2_10
18.856333000000006,18.29403,Validation,2015,2015-09-22,-0.015135889135899049,exper2_10
18.74033400000002,18.219507,Validation,2015,2015-09-23,-0.01409169426700606,exper2_10
18.648333000000036,18.058924,Validation,2015,2015-09-24,-0.016057023360842117,exper2_10
18.94133400000004,19.422064,Validation,2015,2015-09-25,0.01253095019570511,exper2_10
19.008000000000038,19.338804,Validation,2015,2015-09-26,0.008626644423394265,exper2_10
18.88333300000005,19.421305,Validation,2015,2015-09-27,0.014044557918374261,exper2_10
18.86033199999997,18.93635,Validation,2015,2015-09-28,0.002011231277876928,exper2_10
18.40900000000005,18.278894,Validation,2015,2015-09-29,-0.0035462807992302286,exper2_10
18.068332999999996,17.693483,Validation,2015,2015-09-30,-0.010481840285804421,exper2_10
17.72666700000002,16.937643,Validation,2015,2015-10-01,-0.022761853551631288,exper2_10
17.23199999999997,16.237333,Validation,2015,2015-10-02,-0.029718748605546803,exper2_10
16.796333000000004,15.228847,Validation,2015,2015-10-03,-0.048945438309425764,exper2_10
16.44133400000004,14.804043,Validation,2015,2015-10-04,-0.05240107019579988,exper2_10
16.23066700000004,14.279713,Validation,2015,2015-10-05,-0.06394395427562213,exper2_10
16.145666000000006,14.416066,Validation,2015,2015-10-06,-0.05659364530305743,exper2_10
16.0,14.136722,Validation,2015,2015-10-07,-0.06182750775039609,exper2_10
15.649999999999977,13.706021,Validation,2015,2015-10-08,-0.06622078212321501,exper2_10
15.358665999999971,13.581922,Validation,2015,2015-10-09,-0.06139282479290593,exper2_10
15.097333000000049,13.322472,Validation,2015,2015-10-10,-0.06245156872693044,exper2_10
15.113334000000009,13.470243,Validation,2015,2015-10-11,-0.057483726404294444,exper2_10
15.084333000000015,13.515303,Validation,2015,2015-10-12,-0.05486189966464197,exper2_10
14.616667000000007,13.150597,Validation,2015,2015-10-13,-0.05279851848141228,exper2_10
14.274999999999977,13.072546,Validation,2015,2015-10-14,-0.04396935631885064,exper2_10
14.012667000000022,12.8039465,Validation,2015,2015-10-15,-0.045073569978055034,exper2_10
13.472333000000049,12.071431,Validation,2015,2015-10-16,-0.05484320287540481,exper2_10
12.973000000000013,11.679288,Validation,2015,2015-10-17,-0.05247837824373242,exper2_10
12.612333000000035,11.284957,Validation,2015,2015-10-18,-0.05554504597406046,exper2_10
12.384000000000015,11.238231,Validation,2015,2015-10-19,-0.04850385677096928,exper2_10
12.309334000000035,11.34521,Validation,2015,2015-10-20,-0.04075850802912557,exper2_10
12.165667000000042,11.112765,Validation,2015,2015-10-21,-0.04523078159578788,exper2_10
12.125999999999976,10.80739,Validation,2015,2015-10-22,-0.05749737717535921,exper2_10
11.845000000000027,10.6588125,Validation,2015,2015-10-23,-0.05271051187017286,exper2_10
11.627334000000019,10.605056,Validation,2015,2015-10-24,-0.0459814801629748,exper2_10
11.45533400000005,10.434791,Validation,2015,2015-10-25,-0.04662117767057722,exper2_10
11.274999999999977,10.270156,Validation,2015,2015-10-26,-0.04663897990226714,exper2_10
11.124666000000047,10.185601,Validation,2015,2015-10-27,-0.04406630640682634,exper2_10
10.949666999999977,9.953635,Validation,2015,2015-10-28,-0.047649494513349135,exper2_10
10.696333000000038,9.88343,Validation,2015,2015-10-29,-0.03950013862597544,exper2_10
10.468000000000018,9.813195,Validation,2015,2015-10-30,-0.03228630088332873,exper2_10
10.249000000000024,9.655583,Validation,2015,2015-10-31,-0.029813064004855092,exper2_10
10.153999999999996,9.650998,Validation,2015,2015-11-01,-0.025397724429257907,exper2_10
10.135000000000048,9.611927,Validation,2015,2015-11-02,-0.02648882870075088,exper2_10
10.11966700000005,10.205384,Validation,2015,2015-11-03,0.004217320457517969,exper2_10
10.137999999999977,10.053481,Validation,2015,2015-11-04,-0.004185869158548354,exper2_10
10.207666000000017,10.06067,Validation,2015,2015-11-05,-0.0072524997486621,exper2_10
10.124000000000024,9.84214,Validation,2015,2015-11-06,-0.014116889867267631,exper2_10
9.765332999999998,9.163496,Validation,2015,2015-11-07,-0.03179472866435283,exper2_10
9.474333999999999,8.940637,Validation,2015,2015-11-08,-0.028981711443188653,exper2_10
9.296667000000014,8.915705,Validation,2015,2015-11-09,-0.020917773837153025,exper2_10
9.206332999999972,8.8306055,Validation,2015,2015-11-10,-0.020831001500577796,exper2_10
9.072667000000024,8.83132,Validation,2015,2015-11-11,-0.01348008092361204,exper2_10
8.948334000000045,8.644546,Validation,2015,2015-11-12,-0.01726769309899462,exper2_10
8.576000000000022,7.8713098,Validation,2015,2015-11-13,-0.042845319579238116,exper2_10
8.288333000000023,7.615731,Validation,2015,2015-11-14,-0.04229121861954725,exper2_10
8.206332999999972,7.350664,Validation,2015,2015-11-15,-0.055002186705574226,exper2_10
8.158000000000015,7.4343433,Validation,2015,2015-11-16,-0.04641102663658715,exper2_10
8.15533350000004,7.3471866,Validation,2015,2015-11-17,-0.052130036354838254,exper2_10
8.250667000000021,7.552706,Validation,2015,2015-11-18,-0.04416533392070804,exper2_10
7.992999999999995,7.0938478,Validation,2015,2015-11-19,-0.059598417322542896,exper2_10
7.559000000000026,6.6106668,Validation,2015,2015-11-20,-0.06692699727845487,exper2_10
7.214999999999975,6.2055974,Validation,2015,2015-11-21,-0.07521294091458669,exper2_10
6.851333000000011,5.9935784,Validation,2015,2015-11-22,-0.06677777191516661,exper2_10
6.41933350000005,5.944678,Validation,2015,2015-11-23,-0.0383901031468486,exper2_10
,5.7839603,Validation,2015,2015-11-24,,exper2_10
,5.5089293,Validation,2015,2015-11-25,,exper2_10
,5.38018,Validation,2015,2015-11-26,,exper2_10
,4.9308844,Validation,2015,2015-11-27,,exper2_10
,4.70055,Validation,2015,2015-11-28,,exper2_10
,4.4567065,Validation,2015,2015-11-29,,exper2_10
,4.3858747,Validation,2015,2015-11-30,,exper2_10
,4.360084,Validation,2015,2015-12-01,,exper2_10
,4.190722,Validation,2015,2015-12-02,,exper2_10
,3.9792798,Validation,2015,2015-12-03,,exper2_10
,3.5086932,Validation,2015,2015-12-04,,exper2_10
,3.3566968,Validation,2015,2015-12-05,,exper2_10
,3.3076265,Validation,2015,2015-12-06,,exper2_10
,3.5699937,Validation,2015,2015-12-07,,exper2_10
,3.2612436,Validation,2015,2015-12-08,,exper2_10
,3.6359365,Validation,2015,2015-12-09,,exper2_10
,3.4107084,Validation,2015,2015-12-10,,exper2_10
,3.6935356,Validation,2015,2015-12-11,,exper2_10
,3.5891054,Validation,2015,2015-12-12,,exper2_10
,3.2868247,Validation,2015,2015-12-13,,exper2_10
,3.4418592,Validation,2015,2015-12-14,,exper2_10
,3.3140514,Validation,2015,2015-12-15,,exper2_10
,3.1727695,Validation,2015,2015-12-16,,exper2_10
,2.769942,Validation,2015,2015-12-17,,exper2_10
,2.1953213,Validation,2015,2015-12-18,,exper2_10
,1.6149013,Validation,2015,2015-12-19,,exper2_10
,1.9937314,Validation,2015,2015-12-20,,exper2_10
,2.1067698,Validation,2015,2015-12-21,,exper2_10
,1.9502944,Validation,2015,2015-12-22,,exper2_10
,1.889074,Validation,2015,2015-12-23,,exper2_10
,1.6777269,Validation,2015,2015-12-24,,exper2_10
,1.1645901,Validation,2015,2015-12-25,,exper2_10
,1.3645138,Validation,2015,2015-12-26,,exper2_10
,1.378879,Validation,2015,2015-12-27,,exper2_10
,1.2229829,Validation,2015,2015-12-28,,exper2_10
,1.2323303,Validation,2015,2015-12-29,,exper2_10
,1.2809782,Validation,2015,2015-12-30,,exper2_10
,1.2227169,Validation,2015,2015-12-31,,exper2_10
,0.78792083,Validation,2016,2016-01-01,,exper2_10
,1.0056999,Validation,2016,2016-01-02,,exper2_10
,0.5462275,Validation,2016,2016-01-03,,exper2_10
,0.64862853,Validation,2016,2016-01-04,,exper2_10
,0.6772388,Validation,2016,2016-01-05,,exper2_10
,0.2668241,Validation,2016,2016-01-06,,exper2_10
,0.29937738,Validation,2016,2016-01-07,,exper2_10
,0.3732444,Validation,2016,2016-01-08,,exper2_10
,0.01,Validation,2016,2016-01-09,,exper2_10
,0.33192095,Validation,2016,2016-01-10,,exper2_10
,0.028982624,Validation,2016,2016-01-11,,exper2_10
,0.21699616,Validation,2016,2016-01-12,,exper2_10
,0.01,Validation,2016,2016-01-13,,exper2_10
,0.01,Validation,2016,2016-01-14,,exper2_10
,0.01,Validation,2016,2016-01-15,,exper2_10
,0.016452596,Validation,2016,2016-01-16,,exper2_10
,0.33283705,Validation,2016,2016-01-17,,exper2_10
,0.32864267,Validation,2016,2016-01-18,,exper2_10
,0.44318604,Validation,2016,2016-01-19,,exper2_10
,0.45024008,Validation,2016,2016-01-20,,exper2_10
,0.16201134,Validation,2016,2016-01-21,,exper2_10
,0.1726945,Validation,2016,2016-01-22,,exper2_10
,0.5873983,Validation,2016,2016-01-23,,exper2_10
,0.01527971,Validation,2016,2016-01-24,,exper2_10
,0.01,Validation,2016,2016-01-25,,exper2_10
,0.01,Validation,2016,2016-01-26,,exper2_10
,0.01,Validation,2016,2016-01-27,,exper2_10
,0.01,Validation,2016,2016-01-28,,exper2_10
,0.01,Validation,2016,2016-01-29,,exper2_10
,0.21736974,Validation,2016,2016-01-30,,exper2_10
,0.01,Validation,2016,2016-01-31,,exper2_10
,0.01,Validation,2016,2016-02-01,,exper2_10
,0.01,Validation,2016,2016-02-02,,exper2_10
,0.01,Validation,2016,2016-02-03,,exper2_10
,0.4322697,Validation,2016,2016-02-04,,exper2_10
,0.52646124,Validation,2016,2016-02-05,,exper2_10
,0.55286676,Validation,2016,2016-02-06,,exper2_10
,0.01,Validation,2016,2016-02-07,,exper2_10
,0.01,Validation,2016,2016-02-08,,exper2_10
,0.65821266,Validation,2016,2016-02-09,,exper2_10
,0.85628426,Validation,2016,2016-02-10,,exper2_10
,0.45859605,Validation,2016,2016-02-11,,exper2_10
,0.69463986,Validation,2016,2016-02-12,,exper2_10
,0.45175004,Validation,2016,2016-02-13,,exper2_10
,0.3636011,Validation,2016,2016-02-14,,exper2_10
,0.52645236,Validation,2016,2016-02-15,,exper2_10
,0.01,Validation,2016,2016-02-16,,exper2_10
,0.12766379,Validation,2016,2016-02-17,,exper2_10
,0.67737585,Validation,2016,2016-02-18,,exper2_10
,0.01,Validation,2016,2016-02-19,,exper2_10
,0.01,Validation,2016,2016-02-20,,exper2_10
,0.01,Validation,2016,2016-02-21,,exper2_10
,0.6844128,Validation,2016,2016-02-22,,exper2_10
,0.7683501,Validation,2016,2016-02-23,,exper2_10
,0.01,Validation,2016,2016-02-24,,exper2_10
,0.2913993,Validation,2016,2016-02-25,,exper2_10
,0.22057554,Validation,2016,2016-02-26,,exper2_10
,0.5774863,Validation,2016,2016-02-27,,exper2_10
,0.084187806,Validation,2016,2016-02-28,,exper2_10
,0.5318963,Validation,2016,2016-02-29,,exper2_10
,0.90209377,Validation,2016,2016-03-01,,exper2_10
,0.01,Validation,2016,2016-03-02,,exper2_10
,0.01,Validation,2016,2016-03-03,,exper2_10
,0.01,Validation,2016,2016-03-04,,exper2_10
,0.01,Validation,2016,2016-03-05,,exper2_10
,0.17178182,Validation,2016,2016-03-06,,exper2_10
,0.6466382,Validation,2016,2016-03-07,,exper2_10
,0.025113001,Validation,2016,2016-03-08,,exper2_10
,0.18285847,Validation,2016,2016-03-09,,exper2_10
,0.24070074,Validation,2016,2016-03-10,,exper2_10
,0.01,Validation,2016,2016-03-11,,exper2_10
,0.035674617,Validation,2016,2016-03-12,,exper2_10
,0.01,Validation,2016,2016-03-13,,exper2_10
,0.01,Validation,2016,2016-03-14,,exper2_10
,0.23241597,Validation,2016,2016-03-15,,exper2_10
,0.6040492,Validation,2016,2016-03-16,,exper2_10
,0.34561163,Validation,2016,2016-03-17,,exper2_10
,0.8579979,Validation,2016,2016-03-18,,exper2_10
,0.21307406,Validation,2016,2016-03-19,,exper2_10
,0.012752637,Validation,2016,2016-03-20,,exper2_10
,0.01,Validation,2016,2016-03-21,,exper2_10
,0.2904302,Validation,2016,2016-03-22,,exper2_10
,0.01,Validation,2016,2016-03-23,,exper2_10
,0.01,Validation,2016,2016-03-24,,exper2_10
,0.01,Validation,2016,2016-03-25,,exper2_10
,0.01,Validation,2016,2016-03-26,,exper2_10
,0.01,Validation,2016,2016-03-27,,exper2_10
,0.11703366,Validation,2016,2016-03-28,,exper2_10
,0.19910787,Validation,2016,2016-03-29,,exper2_10
,0.6794914,Validation,2016,2016-03-30,,exper2_10
,0.19719082,Validation,2016,2016-03-31,,exper2_10
,0.53382796,Validation,2016,2016-04-01,,exper2_10
,0.50379795,Validation,2016,2016-04-02,,exper2_10
,0.4631796,Validation,2016,2016-04-03,,exper2_10
,0.5013479,Validation,2016,2016-04-04,,exper2_10
,0.36558324,Validation,2016,2016-04-05,,exper2_10
,0.41787016,Validation,2016,2016-04-06,,exper2_10
,0.5169381,Validation,2016,2016-04-07,,exper2_10
,0.6353441,Validation,2016,2016-04-08,,exper2_10
,0.47437388,Validation,2016,2016-04-09,,exper2_10
,0.03852363,Validation,2016,2016-04-10,,exper2_10
,0.04962918,Validation,2016,2016-04-11,,exper2_10
,0.011757091,Validation,2016,2016-04-12,,exper2_10
,0.01,Validation,2016,2016-04-13,,exper2_10
,0.29591882,Validation,2016,2016-04-14,,exper2_10
,0.61133224,Validation,2016,2016-04-15,,exper2_10
,2.1958182,Validation,2016,2016-04-16,,exper2_10
,4.1809354,Validation,2016,2016-04-17,,exper2_10
,5.2259145,Validation,2016,2016-04-18,,exper2_10
,5.4531155,Validation,2016,2016-04-19,,exper2_10
,6.02359,Validation,2016,2016-04-20,,exper2_10
,5.9578786,Validation,2016,2016-04-21,,exper2_10
,5.34703,Validation,2016,2016-04-22,,exper2_10
,5.745123,Validation,2016,2016-04-23,,exper2_10
,5.6178036,Validation,2016,2016-04-24,,exper2_10
,5.2286325,Validation,2016,2016-04-25,,exper2_10
,6.073622,Validation,2016,2016-04-26,,exper2_10
,6.574021,Validation,2016,2016-04-27,,exper2_10
,6.886995,Validation,2016,2016-04-28,,exper2_10
,7.101951,Validation,2016,2016-04-29,,exper2_10
,7.5858536,Validation,2016,2016-04-30,,exper2_10
,7.799722,Validation,2016,2016-05-01,,exper2_10
,8.417003,Validation,2016,2016-05-02,,exper2_10
,8.631654,Validation,2016,2016-05-03,,exper2_10
,8.577182,Validation,2016,2016-05-04,,exper2_10
,9.209558,Validation,2016,2016-05-05,,exper2_10
10.706667000000039,9.949625,Validation,2016,2016-05-06,-0.03664946178055682,exper2_10
11.082666000000017,10.583056,Validation,2016,2016-05-07,-0.02305990724590002,exper2_10
11.630333000000007,11.000319,Validation,2016,2016-05-08,-0.027838989611965143,exper2_10
11.859000000000037,11.389777,Validation,2016,2016-05-09,-0.020182688008196652,exper2_10
11.606999999999971,11.1704,Validation,2016,2016-05-10,-0.019168137740603414,exper2_10
11.549666000000002,10.891269,Validation,2016,2016-05-11,-0.029339119682544015,exper2_10
12.189332999999976,11.835418,Validation,2016,2016-05-12,-0.0147312767662858,exper2_10
11.897667000000013,11.3799715,Validation,2016,2016-05-13,-0.02224003503168607,exper2_10
10.925000000000011,10.830059,Validation,2016,2016-05-14,-0.004364085993125983,exper2_10
10.622000000000014,10.616134,Validation,2016,2016-05-15,-0.00027621589567628543,exper2_10
10.814667000000043,11.055072,Validation,2016,2016-05-16,0.010992578951672351,exper2_10
11.544332999999995,11.245667,Validation,2016,2016-05-17,-0.013105113489371788,exper2_10
12.958333000000039,11.856693,Validation,2016,2016-05-18,-0.04439405867590282,exper2_10
13.604000000000042,12.500225,Validation,2016,2016-05-19,-0.04228338248013561,exper2_10
14.37133300000005,12.711436,Validation,2016,2016-05-20,-0.06128977106004665,exper2_10
14.939667000000043,13.58777,Validation,2016,2016-05-21,-0.047389343671789326,exper2_10
16.202999999999975,14.775546,Validation,2016,2016-05-22,-0.04607879022729322,exper2_10
16.107665999999995,15.241002,Validation,2016,2016-05-23,-0.027645956596481853,exper2_10
16.996334000000047,15.451563,Validation,2016,2016-05-24,-0.04760774247321104,exper2_10
17.683666000000017,15.769557,Validation,2016,2016-05-25,-0.05721747649961477,exper2_10
18.455667000000005,16.062103,Validation,2016,2016-05-26,-0.06934294161210602,exper2_10
18.59400000000005,16.00182,Validation,2016,2016-05-27,-0.07492756114991517,exper2_10
18.721333000000016,15.702003,Validation,2016,2016-05-28,-0.08771173474600455,exper2_10
18.746334000000047,16.045265,Validation,2016,2016-05-29,-0.07763566103683196,exper2_10
19.219667000000015,16.725582,Validation,2016,2016-05-30,-0.06938566119479464,exper2_10
19.130667000000017,16.502882,Validation,2016,2016-05-31,-0.07374468919547622,exper2_10
19.00033400000001,16.882038,Validation,2016,2016-06-01,-0.05903444389546126,exper2_10
18.724333,16.38934,Validation,2016,2016-06-02,-0.06649812993788927,exper2_10
18.700333,16.830778,Validation,2016,2016-06-03,-0.05261740539537754,exper2_10
18.459000000000003,16.176786,Validation,2016,2016-06-04,-0.06589177879249261,exper2_10
18.322666000000027,16.24609,Validation,2016,2016-06-05,-0.06007089374531479,exper2_10
17.92766800000004,16.4896,Validation,2016,2016-06-06,-0.04178335143729217,exper2_10
17.212334,15.879112,Validation,2016,2016-06-07,-0.040289014464074555,exper2_10
17.856667000000016,16.235832,Validation,2016,2016-06-08,-0.04754226950196877,exper2_10
18.756665999999996,17.097141,Validation,2016,2016-06-09,-0.04628587200865086,exper2_10
18.872000000000014,17.538252,Validation,2016,2016-06-10,-0.03663111498598732,exper2_10
19.54600000000005,18.94282,Validation,2016,2016-06-11,-0.0156715745248839,exper2_10
20.324333000000024,18.9348,Validation,2016,2016-06-12,-0.035393900170431154,exper2_10
19.71666700000003,18.159908,Validation,2016,2016-06-13,-0.04110083061128928,exper2_10
19.677333999999973,18.309816,Validation,2016,2016-06-14,-0.03599947947001758,exper2_10
19.84033400000004,18.695318,Validation,2016,2016-06-15,-0.029713154233291746,exper2_10
20.24033400000002,18.922169,Validation,2016,2016-06-16,-0.033658861828662796,exper2_10
21.545000000000016,20.196693,Validation,2016,2016-06-17,-0.032301195018853424,exper2_10
22.52800000000002,21.197252,Validation,2016,2016-06-18,-0.030434306430408984,exper2_10
22.62900000000002,21.493303,Validation,2016,2016-06-19,-0.025739741947625044,exper2_10
22.476,21.345636,Validation,2016,2016-06-20,-0.025794646797644247,exper2_10
22.158000000000015,20.98738,Validation,2016,2016-06-21,-0.027132011608773755,exper2_10
22.448000000000036,21.446148,Validation,2016,2016-06-22,-0.02282427450589655,exper2_10
22.859000000000037,21.171377,Validation,2016,2016-06-23,-0.0383286023423586,exper2_10
22.91300000000001,22.111269,Validation,2016,2016-06-24,-0.01780664118850263,exper2_10
22.972334000000046,22.096174,Validation,2016,2016-06-25,-0.01944062038219256,exper2_10
23.13900000000001,22.480549,Validation,2016,2016-06-26,-0.014433530313895,exper2_10
22.61333300000001,21.765255,Validation,2016,2016-06-27,-0.019110072319665942,exper2_10
22.34133300000002,21.208418,Validation,2016,2016-06-28,-0.026014272971196607,exper2_10
22.482665999999995,21.470602,Validation,2016,2016-06-29,-0.023025909328507652,exper2_10
22.346333000000016,21.430805,Validation,2016,2016-06-30,-0.020913376963719782,exper2_10
21.813333999999998,21.086262,Validation,2016,2016-07-01,-0.016948230817415866,exper2_10
22.236334,20.978996,Validation,2016,2016-07-02,-0.029094715118211517,exper2_10
22.737333000000035,21.363226,Validation,2016,2016-07-03,-0.031158495407661593,exper2_10
22.81966600000004,21.660717,Validation,2016,2016-07-04,-0.026055283499435315,exper2_10
23.459000000000003,22.199694,Validation,2016,2016-07-05,-0.027580866176802214,exper2_10
24.130999999999972,23.185678,Validation,2016,2016-07-06,-0.019978611100160193,exper2_10
23.571667000000048,22.953575,Validation,2016,2016-07-07,-0.013285086490013682,exper2_10
23.00033400000001,22.762365,Validation,2016,2016-07-08,-0.005200057300800733,exper2_10
22.992331999999976,22.405321,Validation,2016,2016-07-09,-0.012930423456401685,exper2_10
22.532667000000004,22.102165,Validation,2016,2016-07-10,-0.009644973586754636,exper2_10
22.37366700000001,21.995481,Validation,2016,2016-07-11,-0.008523614307971213,exper2_10
22.723666999999978,22.345724,Validation,2016,2016-07-12,-0.008385799871968674,exper2_10
22.87566800000002,22.613487,Validation,2016,2016-07-13,-0.0057635881550968165,exper2_10
22.569334000000026,22.07342,Validation,2016,2016-07-14,-0.011108508983195386,exper2_10
22.146667000000036,21.27634,Validation,2016,2016-07-15,-0.020042981032328846,exper2_10
22.324666999999977,21.707628,Validation,2016,2016-07-16,-0.014013322411944813,exper2_10
22.406334000000015,21.60802,Validation,2016,2016-07-17,-0.018137564925687622,exper2_10
22.786,21.819145,Validation,2016,2016-07-18,-0.021675858087020182,exper2_10
23.378333999999995,22.778946,Validation,2016,2016-07-19,-0.01298577555155471,exper2_10
23.761667000000045,23.05583,Validation,2016,2016-07-20,-0.015076350581949829,exper2_10
24.59133300000002,23.619825,Validation,2016,2016-07-21,-0.020151095095512637,exper2_10
25.323000000000036,24.322893,Validation,2016,2016-07-22,-0.02014480542076607,exper2_10
25.559334000000035,24.95532,Validation,2016,2016-07-23,-0.011957196369981804,exper2_10
25.402333999999996,24.933409,Validation,2016,2016-07-24,-0.009315950005263111,exper2_10
25.394667000000027,24.568716,Validation,2016,2016-07-25,-0.016531125404227586,exper2_10
25.574000000000012,25.016085,Validation,2016,2016-07-26,-0.011028155667410746,exper2_10
25.046333000000004,24.802378,Validation,2016,2016-07-27,-0.004893913920032384,exper2_10
24.569334000000026,24.266361,Validation,2016,2016-07-28,-0.006203920348836746,exper2_10
24.524666000000025,23.995394,Validation,2016,2016-07-29,-0.010908318119187334,exper2_10
24.37366700000001,23.899542,Validation,2016,2016-07-30,-0.009821703516067285,exper2_10
24.53800000000001,23.791838,Validation,2016,2016-07-31,-0.015438957450890729,exper2_10
24.730332999999973,24.133715,Validation,2016,2016-08-01,-0.012209760600550248,exper2_10
24.624332000000038,24.046198,Validation,2016,2016-08-02,-0.011878525055236705,exper2_10
25.61933300000004,24.670137,Validation,2016,2016-08-03,-0.018874638904582564,exper2_10
25.097334000000046,24.49838,Validation,2016,2016-08-04,-0.012076715560672536,exper2_10
24.699333000000024,23.883343,Validation,2016,2016-08-05,-0.01679591015937442,exper2_10
24.467332999999996,23.41544,Validation,2016,2016-08-06,-0.021968097022050985,exper2_10
24.76866700000005,23.304794,Validation,2016,2016-08-07,-0.030450744517655816,exper2_10
24.57733300000001,23.212189,Validation,2016,2016-08-08,-0.028565765677154374,exper2_10
24.40433300000001,23.075533,Validation,2016,2016-08-09,-0.027986601504330553,exper2_10
24.745333000000016,23.77024,Validation,2016,2016-08-10,-0.020098540329670157,exper2_10
24.561000000000035,23.732838,Validation,2016,2016-08-11,-0.017148405735261368,exper2_10
24.224333,23.091434,Validation,2016,2016-08-12,-0.023943361412214193,exper2_10
24.040999999999997,23.529764,Validation,2016,2016-08-13,-0.010746849108830768,exper2_10
24.14333300000004,23.597775,Validation,2016,2016-08-14,-0.011427436917349234,exper2_10
24.61533400000002,23.813705,Validation,2016,2016-08-15,-0.01655264206892784,exper2_10
24.400667,23.980745,Validation,2016,2016-08-16,-0.008679401124329328,exper2_10
24.713667000000044,24.1078,Validation,2016,2016-08-17,-0.012409858061065962,exper2_10
24.634333000000026,24.219873,Validation,2016,2016-08-18,-0.00848360053219152,exper2_10
24.670000000000016,24.042389,Validation,2016,2016-08-19,-0.012884013655467536,exper2_10
23.739334000000042,23.322342,Validation,2016,2016-08-20,-0.008860544655760198,exper2_10
22.854333999999994,22.446358,Validation,2016,2016-08-21,-0.00900596122035803,exper2_10
22.49433300000004,22.18091,Validation,2016,2016-08-22,-0.007015583300831067,exper2_10
22.50033400000001,22.19214,Validation,2016,2016-08-23,-0.006895868346472084,exper2_10
22.519667000000027,22.108757,Validation,2016,2016-08-24,-0.009207360331203321,exper2_10
22.440332000000012,21.859562,Validation,2016,2016-08-25,-0.013109965474874887,exper2_10
22.259333000000026,21.790226,Validation,2016,2016-08-26,-0.01064952812623185,exper2_10
22.152333999999996,21.48174,Validation,2016,2016-08-27,-0.015368563426787444,exper2_10
22.54166600000002,21.789818,Validation,2016,2016-08-28,-0.01695968926198757,exper2_10
22.597334000000046,22.1224,Validation,2016,2016-08-29,-0.010620226702878101,exper2_10
22.890000000000043,22.221235,Validation,2016,2016-08-30,-0.014824792995596076,exper2_10
22.437666000000036,21.842304,Validation,2016,2016-08-31,-0.013445396805255536,exper2_10
22.16700000000003,21.421017,Validation,2016,2016-09-01,-0.017114412709735054,exper2_10
21.977666999999997,21.248909,Validation,2016,2016-09-02,-0.01685902680507448,exper2_10
21.749666000000047,21.082962,Validation,2016,2016-09-03,-0.015565329386392428,exper2_10
21.56233400000002,20.952284,Validation,2016,2016-09-04,-0.014349185561697791,exper2_10
21.494000000000028,20.949808,Validation,2016,2016-09-05,-0.012821466860951416,exper2_10
21.53033300000004,21.131756,Validation,2016,2016-09-06,-0.009342654850810171,exper2_10
21.446000000000026,21.07041,Validation,2016,2016-09-07,-0.008834006145141257,exper2_10
21.597666000000004,21.387093,Validation,2016,2016-09-08,-0.004898792422561933,exper2_10
21.395334000000048,17.574505,Validation,2016,2016-09-09,-0.09804580311935557,exper2_10
21.190999999999974,18.058414,Validation,2016,2016-09-10,-0.07981228723871858,exper2_10
20.728665999999976,19.269016,Validation,2016,2016-09-11,-0.03649335790079981,exper2_10
20.482334000000037,19.519876,Validation,2016,2016-09-12,-0.02406010838766603,exper2_10
20.493334000000004,18.8334,Validation,2016,2016-09-13,-0.042208774393130054,exper2_10
20.31633400000004,18.277624,Validation,2016,2016-09-14,-0.052824586244060896,exper2_10
20.073667999999998,17.939756,Validation,2016,2016-09-15,-0.05613573732483953,exper2_10
19.914000000000044,17.76866,Validation,2016,2016-09-16,-0.05693176733202783,exper2_10
19.89333300000004,18.167242,Validation,2016,2016-09-17,-0.04535115267054774,exper2_10
19.923000000000002,18.378006,Validation,2016,2016-09-18,-0.04033820989723226,exper2_10
19.810000000000002,18.480661,Validation,2016,2016-09-19,-0.03471704482123329,exper2_10
19.630333000000007,18.34087,Validation,2016,2016-09-20,-0.03395897411284036,exper2_10
19.565999999999974,18.374672,Validation,2016,2016-09-21,-0.031399761869618424,exper2_10
19.480000000000018,17.84487,Validation,2016,2016-09-22,-0.04380806693440364,exper2_10
19.402000000000044,17.841732,Validation,2016,2016-09-23,-0.04189343790251967,exper2_10
19.19633300000004,17.87166,Validation,2016,2016-09-24,-0.03573629570788557,exper2_10
18.927999999999997,17.05485,Validation,2016,2016-09-25,-0.05205675467358909,exper2_10
18.37566800000002,16.95787,Validation,2016,2016-09-26,-0.040126111831899784,exper2_10
17.645666000000006,16.021563,Validation,2016,2016-09-27,-0.0482398906113002,exper2_10
17.219334000000003,16.211706,Validation,2016,2016-09-28,-0.030140487212881224,exper2_10
17.05366700000002,16.22151,Validation,2016,2016-09-29,-0.025008343853200287,exper2_10
17.043000000000006,16.159382,Validation,2016,2016-09-30,-0.026613094720100858,exper2_10
16.97066700000005,16.031164,Validation,2016,2016-10-01,-0.028468203048143872,exper2_10
17.037333000000046,15.901733,Validation,2016,2016-10-02,-0.03447576770470985,exper2_10
16.972334000000046,15.707831,Validation,2016,2016-10-03,-0.038693274726081466,exper2_10
16.744000000000028,15.502605,Validation,2016,2016-10-04,-0.03849690672543707,exper2_10
16.596333000000016,15.347994,Validation,2016,2016-10-05,-0.03907858679026568,exper2_10
16.547667000000047,15.644439,Validation,2016,2016-10-06,-0.028057445623560936,exper2_10
16.18900000000002,15.167884,Validation,2016,2016-10-07,-0.03256433678647128,exper2_10
15.593667000000039,14.499655,Validation,2016,2016-10-08,-0.036353987056255255,exper2_10
15.196333000000038,14.249665,Validation,2016,2016-10-09,-0.03214928328515668,exper2_10
14.919666000000007,13.956602,Validation,2016,2016-10-10,-0.03335139777141761,exper2_10
14.814667000000043,13.979656,Validation,2016,2016-10-11,-0.028999145913339124,exper2_10
14.561000000000035,13.882301,Validation,2016,2016-10-12,-0.023861459031981964,exper2_10
14.038333000000023,13.436973,Validation,2016,2016-10-13,-0.021887304558343784,exper2_10
13.56733300000002,12.998096,Validation,2016,2016-10-14,-0.02142771810494263,exper2_10
13.338999999999999,13.130337,Validation,2016,2016-10-15,-0.007883206156834759,exper2_10
13.282000000000039,13.847701,Validation,2016,2016-10-16,0.020851725243011685,exper2_10
13.484667000000002,13.768231,Validation,2016,2016-10-17,0.010404926031315124,exper2_10
13.515332999999998,13.783452,Validation,2016,2016-10-18,0.009821647141536934,exper2_10
13.328666999999996,13.299872,Validation,2016,2016-10-19,-0.0010813436363425394,exper2_10
12.992332999999974,12.603579,Validation,2016,2016-10-20,-0.015188145632938967,exper2_10
12.664000000000044,12.099406,Validation,2016,2016-10-21,-0.022799519262556384,exper2_10
12.472667000000001,11.93593,Validation,2016,2016-10-22,-0.021989659724471592,exper2_10
12.260000000000048,11.5920725,Validation,2016,2016-10-23,-0.02800291310074103,exper2_10
11.96633300000002,11.117354,Validation,2016,2016-10-24,-0.036778292503298185,exper2_10
11.783334000000025,11.086822,Validation,2016,2016-10-25,-0.030455081173385558,exper2_10
11.372000000000014,10.538851,Validation,2016,2016-10-26,-0.038024503197072276,exper2_10
11.06533300000001,10.492952,Validation,2016,2016-10-27,-0.02655037930849014,exper2_10
10.856667000000016,10.34297,Validation,2016,2016-10-28,-0.024231410573183412,exper2_10
10.802667000000042,10.333422,Validation,2016,2016-10-29,-0.022201141343994694,exper2_10
10.68100000000004,10.252196,Validation,2016,2016-10-30,-0.020484386696576918,exper2_10
10.450000000000045,10.118862,Validation,2016,2016-10-31,-0.01609898717059727,exper2_10
10.427999999999997,10.57747,Validation,2016,2016-11-01,0.007115757323430068,exper2_10
10.415667000000042,10.62666,Validation,2016,2016-11-02,0.010027091752046817,exper2_10
10.379999999999995,10.401759,Validation,2016,2016-11-03,0.0010470310761211128,exper2_10
10.301666000000012,10.148096,Validation,2016,2016-11-04,-0.007509618682604265,exper2_10
10.346666000000027,10.0311985,Validation,2016,2016-11-05,-0.015480890963258005,exper2_10
10.258667000000003,9.831651,Validation,2016,2016-11-06,-0.021254828903511814,exper2_10
10.191666999999995,9.555117,Validation,2016,2016-11-07,-0.03223564696555762,exper2_10
10.004666000000043,9.476933,Validation,2016,2016-11-08,-0.027088817874511714,exper2_10
9.790999999999997,9.163212,Validation,2016,2016-11-09,-0.033121302187025185,exper2_10
9.675333000000023,9.019683,Validation,2016,2016-11-10,-0.03507085096072378,exper2_10
9.454000000000008,8.777987,Validation,2016,2016-11-11,-0.03707843204735641,exper2_10
9.115334000000018,8.394931,Validation,2016,2016-11-12,-0.04114176267824098,exper2_10
8.879999999999995,7.958181,Validation,2016,2016-11-13,-0.05474576504706159,exper2_10
8.781000000000006,8.033828,Validation,2016,2016-11-14,-0.044435317924393904,exper2_10
8.706000000000017,7.942891,Validation,2016,2016-11-15,-0.04583541771925722,exper2_10
8.630667000000017,7.896825,Validation,2016,2016-11-16,-0.044401302418928236,exper2_10
,7.9233346,Validation,2016,2016-11-17,,exper2_10
,7.902145,Validation,2016,2016-11-18,,exper2_10
,7.047586,Validation,2016,2016-11-19,,exper2_10
,6.7632875,Validation,2016,2016-11-20,,exper2_10
,6.6228514,Validation,2016,2016-11-21,,exper2_10
,6.4640985,Validation,2016,2016-11-22,,exper2_10
,6.1149907,Validation,2016,2016-11-23,,exper2_10
,6.17155,Validation,2016,2016-11-24,,exper2_10
,6.0559745,Validation,2016,2016-11-25,,exper2_10
,5.80042,Validation,2016,2016-11-26,,exper2_10
,5.4722133,Validation,2016,2016-11-27,,exper2_10
,4.999327,Validation,2016,2016-11-28,,exper2_10
,5.3844514,Validation,2016,2016-11-29,,exper2_10
,5.3685994,Validation,2016,2016-11-30,,exper2_10
,5.058719,Validation,2016,2016-12-01,,exper2_10
,4.7589536,Validation,2016,2016-12-02,,exper2_10
,4.682306,Validation,2016,2016-12-03,,exper2_10
,4.3828096,Validation,2016,2016-12-04,,exper2_10
,3.8016317,Validation,2016,2016-12-05,,exper2_10
,3.671734,Validation,2016,2016-12-06,,exper2_10
,2.9558377,Validation,2016,2016-12-07,,exper2_10
,2.9565575,Validation,2016,2016-12-08,,exper2_10
,2.391873,Validation,2016,2016-12-09,,exper2_10
,1.875059,Validation,2016,2016-12-10,,exper2_10
,1.9255468,Validation,2016,2016-12-11,,exper2_10
,1.7469202,Validation,2016,2016-12-12,,exper2_10
,1.1776565,Validation,2016,2016-12-13,,exper2_10
,0.867071,Validation,2016,2016-12-14,,exper2_10
,0.5809694,Validation,2016,2016-12-15,,exper2_10
,0.39519185,Validation,2016,2016-12-16,,exper2_10
,0.38972658,Validation,2016,2016-12-17,,exper2_10
,0.041629225,Validation,2016,2016-12-18,,exper2_10
,0.01,Validation,2016,2016-12-19,,exper2_10
,0.2449047,Validation,2016,2016-12-20,,exper2_10
,0.46394205,Validation,2016,2016-12-21,,exper2_10
,0.09633618,Validation,2016,2016-12-22,,exper2_10
,0.29055196,Validation,2016,2016-12-23,,exper2_10
,0.41716868,Validation,2016,2016-12-24,,exper2_10
,0.41014314,Validation,2016,2016-12-25,,exper2_10
,0.4079114,Validation,2016,2016-12-26,,exper2_10
,0.01,Validation,2016,2016-12-27,,exper2_10
,0.041115597,Validation,2016,2016-12-28,,exper2_10
,0.3293051,Validation,2016,2016-12-29,,exper2_10
,0.07009542,Validation,2016,2016-12-30,,exper2_10
,0.20477362,Validation,2016,2016-12-31,,exper2_10
,0.01,Validation,2017,2017-01-01,,exper2_10
,0.01,Validation,2017,2017-01-02,,exper2_10
,0.01,Validation,2017,2017-01-03,,exper2_10
,0.31719851,Validation,2017,2017-01-04,,exper2_10
,0.28546473,Validation,2017,2017-01-05,,exper2_10
,0.18904004,Validation,2017,2017-01-06,,exper2_10
,0.19866523,Validation,2017,2017-01-07,,exper2_10
,0.28498995,Validation,2017,2017-01-08,,exper2_10
,0.01,Validation,2017,2017-01-09,,exper2_10
,0.01,Validation,2017,2017-01-10,,exper2_10
,0.10039576,Validation,2017,2017-01-11,,exper2_10
,0.21816209,Validation,2017,2017-01-12,,exper2_10
,0.1490686,Validation,2017,2017-01-13,,exper2_10
,0.2436939,Validation,2017,2017-01-14,,exper2_10
,0.098657586,Validation,2017,2017-01-15,,exper2_10
,0.1390402,Validation,2017,2017-01-16,,exper2_10
,0.01,Validation,2017,2017-01-17,,exper2_10
,0.14031719,Validation,2017,2017-01-18,,exper2_10
,0.07701264,Validation,2017,2017-01-19,,exper2_10
,0.01,Validation,2017,2017-01-20,,exper2_10
,0.01,Validation,2017,2017-01-21,,exper2_10
,0.01,Validation,2017,2017-01-22,,exper2_10
,0.01,Validation,2017,2017-01-23,,exper2_10
,0.01,Validation,2017,2017-01-24,,exper2_10
,0.01,Validation,2017,2017-01-25,,exper2_10
,0.01,Validation,2017,2017-01-26,,exper2_10
,0.01,Validation,2017,2017-01-27,,exper2_10
,0.01,Validation,2017,2017-01-28,,exper2_10
,0.01,Validation,2017,2017-01-29,,exper2_10
,0.01,Validation,2017,2017-01-30,,exper2_10
,0.01,Validation,2017,2017-01-31,,exper2_10
,0.01,Validation,2017,2017-02-01,,exper2_10
,0.01,Validation,2017,2017-02-02,,exper2_10
,0.01,Validation,2017,2017-02-03,,exper2_10
,0.01,Validation,2017,2017-02-04,,exper2_10
,0.01,Validation,2017,2017-02-05,,exper2_10
,0.07871956,Validation,2017,2017-02-06,,exper2_10
,0.01,Validation,2017,2017-02-07,,exper2_10
,0.29148248,Validation,2017,2017-02-08,,exper2_10
,0.16752397,Validation,2017,2017-02-09,,exper2_10
,0.109754935,Validation,2017,2017-02-10,,exper2_10
,0.01,Validation,2017,2017-02-11,,exper2_10
,0.32625747,Validation,2017,2017-02-12,,exper2_10
,0.3202637,Validation,2017,2017-02-13,,exper2_10
,0.45030725,Validation,2017,2017-02-14,,exper2_10
,0.48905444,Validation,2017,2017-02-15,,exper2_10
,0.4485953,Validation,2017,2017-02-16,,exper2_10
,0.28608346,Validation,2017,2017-02-17,,exper2_10
,0.31223187,Validation,2017,2017-02-18,,exper2_10
,0.39910465,Validation,2017,2017-02-19,,exper2_10
,0.01,Validation,2017,2017-02-20,,exper2_10
,0.5456628,Validation,2017,2017-02-21,,exper2_10
,0.10648289,Validation,2017,2017-02-22,,exper2_10
,0.6237052,Validation,2017,2017-02-23,,exper2_10
,0.26789358,Validation,2017,2017-02-24,,exper2_10
,0.6438733,Validation,2017,2017-02-25,,exper2_10
,0.51708853,Validation,2017,2017-02-26,,exper2_10
,0.01,Validation,2017,2017-02-27,,exper2_10
,0.033204943,Validation,2017,2017-02-28,,exper2_10
,0.17490542,Validation,2017,2017-03-01,,exper2_10
,0.17820495,Validation,2017,2017-03-02,,exper2_10
,0.01,Validation,2017,2017-03-03,,exper2_10
,0.01,Validation,2017,2017-03-04,,exper2_10
,0.39293343,Validation,2017,2017-03-05,,exper2_10
,0.01,Validation,2017,2017-03-06,,exper2_10
,0.24584709,Validation,2017,2017-03-07,,exper2_10
,0.30031422,Validation,2017,2017-03-08,,exper2_10
,0.03246595,Validation,2017,2017-03-09,,exper2_10
,0.10283393,Validation,2017,2017-03-10,,exper2_10
,0.01,Validation,2017,2017-03-11,,exper2_10
,0.01,Validation,2017,2017-03-12,,exper2_10
,0.01,Validation,2017,2017-03-13,,exper2_10
,0.01,Validation,2017,2017-03-14,,exper2_10
,0.01,Validation,2017,2017-03-15,,exper2_10
,0.01,Validation,2017,2017-03-16,,exper2_10
,0.01,Validation,2017,2017-03-17,,exper2_10
,0.01,Validation,2017,2017-03-18,,exper2_10
,0.01,Validation,2017,2017-03-19,,exper2_10
,0.01,Validation,2017,2017-03-20,,exper2_10
,0.008207589,Validation,2017,2017-03-21,,exper2_10
,0.0100634545,Validation,2017,2017-03-22,,exper2_10
,0.01,Validation,2017,2017-03-23,,exper2_10
,0.01,Validation,2017,2017-03-24,,exper2_10
,0.06251101,Validation,2017,2017-03-25,,exper2_10
,0.028053418,Validation,2017,2017-03-26,,exper2_10
,0.01,Validation,2017,2017-03-27,,exper2_10
,0.01,Validation,2017,2017-03-28,,exper2_10
,0.14449261,Validation,2017,2017-03-29,,exper2_10
,0.048556164,Validation,2017,2017-03-30,,exper2_10
,0.1824124,Validation,2017,2017-03-31,,exper2_10
,0.01,Validation,2017,2017-04-01,,exper2_10
,0.01,Validation,2017,2017-04-02,,exper2_10
,0.59942603,Validation,2017,2017-04-03,,exper2_10
,0.31229803,Validation,2017,2017-04-04,,exper2_10
,0.14736071,Validation,2017,2017-04-05,,exper2_10
,0.27216095,Validation,2017,2017-04-06,,exper2_10
,0.39286667,Validation,2017,2017-04-07,,exper2_10
,0.42483476,Validation,2017,2017-04-08,,exper2_10
,1.6783262,Validation,2017,2017-04-09,,exper2_10
,1.8883243,Validation,2017,2017-04-10,,exper2_10
,1.9326332,Validation,2017,2017-04-11,,exper2_10
,2.592001,Validation,2017,2017-04-12,,exper2_10
,2.7334855,Validation,2017,2017-04-13,,exper2_10
,3.530427,Validation,2017,2017-04-14,,exper2_10
,4.228766,Validation,2017,2017-04-15,,exper2_10
,4.670899,Validation,2017,2017-04-16,,exper2_10
,5.2850227,Validation,2017,2017-04-17,,exper2_10
,5.4070477,Validation,2017,2017-04-18,,exper2_10
,5.663232,Validation,2017,2017-04-19,,exper2_10
,6.017385,Validation,2017,2017-04-20,,exper2_10
,5.5039296,Validation,2017,2017-04-21,,exper2_10
,6.459671,Validation,2017,2017-04-22,,exper2_10
,6.3923078,Validation,2017,2017-04-23,,exper2_10
,6.482906,Validation,2017,2017-04-24,,exper2_10
,7.407775,Validation,2017,2017-04-25,,exper2_10
,7.3931603,Validation,2017,2017-04-26,,exper2_10
,6.2553773,Validation,2017,2017-04-27,,exper2_10
,6.5845923,Validation,2017,2017-04-28,,exper2_10
,6.9987063,Validation,2017,2017-04-29,,exper2_10
,6.4616528,Validation,2017,2017-04-30,,exper2_10
,6.119679,Validation,2017,2017-05-01,,exper2_10
,6.7413898,Validation,2017,2017-05-02,,exper2_10
,7.3291583,Validation,2017,2017-05-03,,exper2_10
,7.7588267,Validation,2017,2017-05-04,,exper2_10
,8.414216,Validation,2017,2017-05-05,,exper2_10
,8.724715,Validation,2017,2017-05-06,,exper2_10
,8.5625925,Validation,2017,2017-05-07,,exper2_10
,8.776393,Validation,2017,2017-05-08,,exper2_10
,9.108286,Validation,2017,2017-05-09,,exper2_10
,9.550652,Validation,2017,2017-05-10,,exper2_10
,9.810061,Validation,2017,2017-05-11,,exper2_10
,10.796384,Validation,2017,2017-05-12,,exper2_10
,11.258616,Validation,2017,2017-05-13,,exper2_10
,12.129131,Validation,2017,2017-05-14,,exper2_10
,11.849101,Validation,2017,2017-05-15,,exper2_10
,11.742837,Validation,2017,2017-05-16,,exper2_10
,12.359477,Validation,2017,2017-05-17,,exper2_10
,11.68766,Validation,2017,2017-05-18,,exper2_10
,11.789696,Validation,2017,2017-05-19,,exper2_10
,11.711198,Validation,2017,2017-05-20,,exper2_10
,10.878768,Validation,2017,2017-05-21,,exper2_10
,11.104697,Validation,2017,2017-05-22,,exper2_10
,11.011485,Validation,2017,2017-05-23,,exper2_10
,10.494471,Validation,2017,2017-05-24,,exper2_10
,11.380324,Validation,2017,2017-05-25,,exper2_10
,12.103391,Validation,2017,2017-05-26,,exper2_10
,13.303048,Validation,2017,2017-05-27,,exper2_10
,13.944497,Validation,2017,2017-05-28,,exper2_10
,13.632777,Validation,2017,2017-05-29,,exper2_10
,12.827385,Validation,2017,2017-05-30,,exper2_10
,13.201636,Validation,2017,2017-05-31,,exper2_10
,14.137332,Validation,2017,2017-06-01,,exper2_10
,15.631643,Validation,2017,2017-06-02,,exper2_10
,16.68345,Validation,2017,2017-06-03,,exper2_10
,17.67393,Validation,2017,2017-06-04,,exper2_10
,17.82699,Validation,2017,2017-06-05,,exper2_10
,18.007143,Validation,2017,2017-06-06,,exper2_10
,19.037884,Validation,2017,2017-06-07,,exper2_10
,19.381254,Validation,2017,2017-06-08,,exper2_10
,19.392626,Validation,2017,2017-06-09,,exper2_10
,19.468384,Validation,2017,2017-06-10,,exper2_10
,19.441092,Validation,2017,2017-06-11,,exper2_10
,20.392162,Validation,2017,2017-06-12,,exper2_10
,20.317337,Validation,2017,2017-06-13,,exper2_10
,19.85166,Validation,2017,2017-06-14,,exper2_10
,20.632607,Validation,2017,2017-06-15,,exper2_10
,20.848059,Validation,2017,2017-06-16,,exper2_10
,21.32926,Validation,2017,2017-06-17,,exper2_10
,20.613897,Validation,2017,2017-06-18,,exper2_10
,20.163,Validation,2017,2017-06-19,,exper2_10
,20.036192,Validation,2017,2017-06-20,,exper2_10
,20.382637,Validation,2017,2017-06-21,,exper2_10
,20.0893,Validation,2017,2017-06-22,,exper2_10
,19.879366,Validation,2017,2017-06-23,,exper2_10
,19.539928,Validation,2017,2017-06-24,,exper2_10
,19.022997,Validation,2017,2017-06-25,,exper2_10
,18.580542,Validation,2017,2017-06-26,,exper2_10
,18.760302,Validation,2017,2017-06-27,,exper2_10
,18.604565,Validation,2017,2017-06-28,,exper2_10
,18.53223,Validation,2017,2017-06-29,,exper2_10
,19.199556,Validation,2017,2017-06-30,,exper2_10
,19.941046,Validation,2017,2017-07-01,,exper2_10
,20.063833,Validation,2017,2017-07-02,,exper2_10
,20.635084,Validation,2017,2017-07-03,,exper2_10
,21.254042,Validation,2017,2017-07-04,,exper2_10
,22.177633,Validation,2017,2017-07-05,,exper2_10
,23.05062,Validation,2017,2017-07-06,,exper2_10
,22.998945,Validation,2017,2017-07-07,,exper2_10
,22.431158,Validation,2017,2017-07-08,,exper2_10
,22.152132,Validation,2017,2017-07-09,,exper2_10
,23.01565,Validation,2017,2017-07-10,,exper2_10
,23.83989,Validation,2017,2017-07-11,,exper2_10
,23.422832,Validation,2017,2017-07-12,,exper2_10
,22.342573,Validation,2017,2017-07-13,,exper2_10
,21.674015,Validation,2017,2017-07-14,,exper2_10
,22.429636,Validation,2017,2017-07-15,,exper2_10
,22.281404,Validation,2017,2017-07-16,,exper2_10
,22.42423,Validation,2017,2017-07-17,,exper2_10
,22.372656,Validation,2017,2017-07-18,,exper2_10
,22.90608,Validation,2017,2017-07-19,,exper2_10
,23.879414,Validation,2017,2017-07-20,,exper2_10
,24.491776,Validation,2017,2017-07-21,,exper2_10
,24.278652,Validation,2017,2017-07-22,,exper2_10
,23.804052,Validation,2017,2017-07-23,,exper2_10
,24.041994,Validation,2017,2017-07-24,,exper2_10
,23.570192,Validation,2017,2017-07-25,,exper2_10
,23.554653,Validation,2017,2017-07-26,,exper2_10
,23.605059,Validation,2017,2017-07-27,,exper2_10
,23.52431,Validation,2017,2017-07-28,,exper2_10
,23.915274,Validation,2017,2017-07-29,,exper2_10
,24.169544,Validation,2017,2017-07-30,,exper2_10
,24.649414,Validation,2017,2017-07-31,,exper2_10
,24.619278,Validation,2017,2017-08-01,,exper2_10
,24.188189,Validation,2017,2017-08-02,,exper2_10
,23.195892,Validation,2017,2017-08-03,,exper2_10
,21.586014,Validation,2017,2017-08-04,,exper2_10
,21.524445,Validation,2017,2017-08-05,,exper2_10
,21.73328,Validation,2017,2017-08-06,,exper2_10
,21.51011,Validation,2017,2017-08-07,,exper2_10
,21.407118,Validation,2017,2017-08-08,,exper2_10
,21.462933,Validation,2017,2017-08-09,,exper2_10
,21.17694,Validation,2017,2017-08-10,,exper2_10
,20.861292,Validation,2017,2017-08-11,,exper2_10
,21.066143,Validation,2017,2017-08-12,,exper2_10
,21.18918,Validation,2017,2017-08-13,,exper2_10
,21.036522,Validation,2017,2017-08-14,,exper2_10
,21.026766,Validation,2017,2017-08-15,,exper2_10
,21.012222,Validation,2017,2017-08-16,,exper2_10
,21.16096,Validation,2017,2017-08-17,,exper2_10
,20.433964,Validation,2017,2017-08-18,,exper2_10
,20.845877,Validation,2017,2017-08-19,,exper2_10
,21.155542,Validation,2017,2017-08-20,,exper2_10
,21.875452,Validation,2017,2017-08-21,,exper2_10
,21.429285,Validation,2017,2017-08-22,,exper2_10
,20.881989,Validation,2017,2017-08-23,,exper2_10
,20.514647,Validation,2017,2017-08-24,,exper2_10
,20.426493,Validation,2017,2017-08-25,,exper2_10
,20.2227,Validation,2017,2017-08-26,,exper2_10
,19.893488,Validation,2017,2017-08-27,,exper2_10
,19.913538,Validation,2017,2017-08-28,,exper2_10
,19.983429,Validation,2017,2017-08-29,,exper2_10
,20.013361,Validation,2017,2017-08-30,,exper2_10
,19.441923,Validation,2017,2017-08-31,,exper2_10
,19.326082,Validation,2017,2017-09-01,,exper2_10
,19.04019,Validation,2017,2017-09-02,,exper2_10
,19.32616,Validation,2017,2017-09-03,,exper2_10
,17.55263,Validation,2017,2017-09-04,,exper2_10
,17.046722,Validation,2017,2017-09-05,,exper2_10
,16.799826,Validation,2017,2017-09-06,,exper2_10
,15.95585,Validation,2017,2017-09-07,,exper2_10
,15.682315,Validation,2017,2017-09-08,,exper2_10
,15.777617,Validation,2017,2017-09-09,,exper2_10
,15.892976,Validation,2017,2017-09-10,,exper2_10
,16.122417,Validation,2017,2017-09-11,,exper2_10
,16.776867,Validation,2017,2017-09-12,,exper2_10
,17.192282,Validation,2017,2017-09-13,,exper2_10
,17.680109,Validation,2017,2017-09-14,,exper2_10
,18.137232,Validation,2017,2017-09-15,,exper2_10
,18.320644,Validation,2017,2017-09-16,,exper2_10
,18.26106,Validation,2017,2017-09-17,,exper2_10
,17.982294,Validation,2017,2017-09-18,,exper2_10
,17.798403,Validation,2017,2017-09-19,,exper2_10
,17.987991,Validation,2017,2017-09-20,,exper2_10
,18.808912,Validation,2017,2017-09-21,,exper2_10
,19.270094,Validation,2017,2017-09-22,,exper2_10
,19.58255,Validation,2017,2017-09-23,,exper2_10
,19.81957,Validation,2017,2017-09-24,,exper2_10
,19.793892,Validation,2017,2017-09-25,,exper2_10
,19.284338,Validation,2017,2017-09-26,,exper2_10
,18.245686,Validation,2017,2017-09-27,,exper2_10
,18.1225,Validation,2017,2017-09-28,,exper2_10
,17.429617,Validation,2017,2017-09-29,,exper2_10
,16.905624,Validation,2017,2017-09-30,,exper2_10
,16.449886,Validation,2017,2017-10-01,,exper2_10
,16.00381,Validation,2017,2017-10-02,,exper2_10
,16.01443,Validation,2017,2017-10-03,,exper2_10
,15.954457,Validation,2017,2017-10-04,,exper2_10
,15.248656,Validation,2017,2017-10-05,,exper2_10
,15.435095,Validation,2017,2017-10-06,,exper2_10
,15.155497,Validation,2017,2017-10-07,,exper2_10
,15.382027,Validation,2017,2017-10-08,,exper2_10
,15.54261,Validation,2017,2017-10-09,,exper2_10
,14.875753,Validation,2017,2017-10-10,,exper2_10
,14.527342,Validation,2017,2017-10-11,,exper2_10
,14.306618,Validation,2017,2017-10-12,,exper2_10
,14.389904,Validation,2017,2017-10-13,,exper2_10
,13.653352,Validation,2017,2017-10-14,,exper2_10
,13.348146,Validation,2017,2017-10-15,,exper2_10
,12.6551895,Validation,2017,2017-10-16,,exper2_10
,12.772433,Validation,2017,2017-10-17,,exper2_10
,12.565076,Validation,2017,2017-10-18,,exper2_10
,12.431191,Validation,2017,2017-10-19,,exper2_10
,12.448695,Validation,2017,2017-10-20,,exper2_10
,12.587791,Validation,2017,2017-10-21,,exper2_10
,12.638322,Validation,2017,2017-10-22,,exper2_10
,12.405019,Validation,2017,2017-10-23,,exper2_10
,11.909436,Validation,2017,2017-10-24,,exper2_10
,11.315463,Validation,2017,2017-10-25,,exper2_10
,11.034827,Validation,2017,2017-10-26,,exper2_10
,10.718303,Validation,2017,2017-10-27,,exper2_10
,10.327312,Validation,2017,2017-10-28,,exper2_10
,9.636564,Validation,2017,2017-10-29,,exper2_10
,9.338233,Validation,2017,2017-10-30,,exper2_10
,8.808694,Validation,2017,2017-10-31,,exper2_10
,8.205794,Validation,2017,2017-11-01,,exper2_10
,8.130724,Validation,2017,2017-11-02,,exper2_10
,7.968513,Validation,2017,2017-11-03,,exper2_10
,7.718843,Validation,2017,2017-11-04,,exper2_10
,7.707891,Validation,2017,2017-11-05,,exper2_10
,7.496129,Validation,2017,2017-11-06,,exper2_10
,7.1516724,Validation,2017,2017-11-07,,exper2_10
,6.8731294,Validation,2017,2017-11-08,,exper2_10
,6.244183,Validation,2017,2017-11-09,,exper2_10
,6.007549,Validation,2017,2017-11-10,,exper2_10
,5.7691784,Validation,2017,2017-11-11,,exper2_10
,5.872363,Validation,2017,2017-11-12,,exper2_10
,5.8444657,Validation,2017,2017-11-13,,exper2_10
,5.462052,Validation,2017,2017-11-14,,exper2_10
,5.6511197,Validation,2017,2017-11-15,,exper2_10
,5.19896,Validation,2017,2017-11-16,,exper2_10
,5.010136,Validation,2017,2017-11-17,,exper2_10
,4.956977,Validation,2017,2017-11-18,,exper2_10
,4.3590827,Validation,2017,2017-11-19,,exper2_10
,4.608555,Validation,2017,2017-11-20,,exper2_10
,4.2391243,Validation,2017,2017-11-21,,exper2_10
,3.504474,Validation,2017,2017-11-22,,exper2_10
,3.4333367,Validation,2017,2017-11-23,,exper2_10
,3.5165389,Validation,2017,2017-11-24,,exper2_10
,3.415497,Validation,2017,2017-11-25,,exper2_10
,2.9995844,Validation,2017,2017-11-26,,exper2_10
,3.1162212,Validation,2017,2017-11-27,,exper2_10
,2.715235,Validation,2017,2017-11-28,,exper2_10
,2.5848007,Validation,2017,2017-11-29,,exper2_10
,2.4683926,Validation,2017,2017-11-30,,exper2_10
,2.5693047,Validation,2017,2017-12-01,,exper2_10
,2.0991225,Validation,2017,2017-12-02,,exper2_10
,2.0102248,Validation,2017,2017-12-03,,exper2_10
,1.9734105,Validation,2017,2017-12-04,,exper2_10
,1.9100403,Validation,2017,2017-12-05,,exper2_10
,1.5048099,Validation,2017,2017-12-06,,exper2_10
,1.1368093,Validation,2017,2017-12-07,,exper2_10
,1.1420177,Validation,2017,2017-12-08,,exper2_10
,1.2584704,Validation,2017,2017-12-09,,exper2_10
,1.0426514,Validation,2017,2017-12-10,,exper2_10
,1.1171703,Validation,2017,2017-12-11,,exper2_10
,0.5630132,Validation,2017,2017-12-12,,exper2_10
,0.60415137,Validation,2017,2017-12-13,,exper2_10
,0.6070552,Validation,2017,2017-12-14,,exper2_10
,0.42857176,Validation,2017,2017-12-15,,exper2_10
,0.47875005,Validation,2017,2017-12-16,,exper2_10
,0.8292587,Validation,2017,2017-12-17,,exper2_10
,0.898261,Validation,2017,2017-12-18,,exper2_10
,0.89218605,Validation,2017,2017-12-19,,exper2_10
,0.4281628,Validation,2017,2017-12-20,,exper2_10
,0.49937612,Validation,2017,2017-12-21,,exper2_10
,0.8181793,Validation,2017,2017-12-22,,exper2_10
,0.44178855,Validation,2017,2017-12-23,,exper2_10
,0.21332757,Validation,2017,2017-12-24,,exper2_10
,0.1513946,Validation,2017,2017-12-25,,exper2_10
,0.121960044,Validation,2017,2017-12-26,,exper2_10
,0.06919883,Validation,2017,2017-12-27,,exper2_10
,0.01,Validation,2017,2017-12-28,,exper2_10
,0.01,Validation,2017,2017-12-29,,exper2_10
,0.01,Validation,2017,2017-12-30,,exper2_10
,0.01,Validation,2017,2017-12-31,,exper2_10
,0.24773577,Validation,2018,2018-01-01,,exper2_10
,0.255593,Validation,2018,2018-01-02,,exper2_10
,0.01,Validation,2018,2018-01-03,,exper2_10
,0.01,Validation,2018,2018-01-04,,exper2_10
,0.15642367,Validation,2018,2018-01-05,,exper2_10
,0.16953975,Validation,2018,2018-01-06,,exper2_10
,0.01,Validation,2018,2018-01-07,,exper2_10
,0.01,Validation,2018,2018-01-08,,exper2_10
,0.01,Validation,2018,2018-01-09,,exper2_10
,0.01,Validation,2018,2018-01-10,,exper2_10
,0.01,Validation,2018,2018-01-11,,exper2_10
,0.01,Validation,2018,2018-01-12,,exper2_10
,0.01,Validation,2018,2018-01-13,,exper2_10
,0.01,Validation,2018,2018-01-14,,exper2_10
,0.01,Validation,2018,2018-01-15,,exper2_10
,0.01,Validation,2018,2018-01-16,,exper2_10
,0.01,Validation,2018,2018-01-17,,exper2_10
,0.01,Validation,2018,2018-01-18,,exper2_10
,0.01,Validation,2018,2018-01-19,,exper2_10
,0.01,Validation,2018,2018-01-20,,exper2_10
,0.01,Validation,2018,2018-01-21,,exper2_10
,0.01,Validation,2018,2018-01-22,,exper2_10
,0.01,Validation,2018,2018-01-23,,exper2_10
,0.01,Validation,2018,2018-01-24,,exper2_10
,0.01,Validation,2018,2018-01-25,,exper2_10
,0.01,Validation,2018,2018-01-26,,exper2_10
,0.01,Validation,2018,2018-01-27,,exper2_10
,0.01,Validation,2018,2018-01-28,,exper2_10
,0.01,Validation,2018,2018-01-29,,exper2_10
,0.01,Validation,2018,2018-01-30,,exper2_10
,0.01,Validation,2018,2018-01-31,,exper2_10
,0.01,Validation,2018,2018-02-01,,exper2_10
,0.01,Validation,2018,2018-02-02,,exper2_10
,0.01,Validation,2018,2018-02-03,,exper2_10
,0.01,Validation,2018,2018-02-04,,exper2_10
,0.01,Validation,2018,2018-02-05,,exper2_10
,0.01,Validation,2018,2018-02-06,,exper2_10
,0.01,Validation,2018,2018-02-07,,exper2_10
,0.01,Validation,2018,2018-02-08,,exper2_10
,0.01,Validation,2018,2018-02-09,,exper2_10
,0.01,Validation,2018,2018-02-10,,exper2_10
,0.01,Validation,2018,2018-02-11,,exper2_10
,0.01,Validation,2018,2018-02-12,,exper2_10
,0.01,Validation,2018,2018-02-13,,exper2_10
,0.01,Validation,2018,2018-02-14,,exper2_10
,0.01,Validation,2018,2018-02-15,,exper2_10
,0.01,Validation,2018,2018-02-16,,exper2_10
,0.01,Validation,2018,2018-02-17,,exper2_10
,0.01,Validation,2018,2018-02-18,,exper2_10
,0.01,Validation,2018,2018-02-19,,exper2_10
,0.01,Validation,2018,2018-02-20,,exper2_10
,0.01,Validation,2018,2018-02-21,,exper2_10
,0.01,Validation,2018,2018-02-22,,exper2_10
,0.01,Validation,2018,2018-02-23,,exper2_10
,0.01,Validation,2018,2018-02-24,,exper2_10
,0.01,Validation,2018,2018-02-25,,exper2_10
,0.01,Validation,2018,2018-02-26,,exper2_10
,0.043164954,Validation,2018,2018-02-27,,exper2_10
,0.01,Validation,2018,2018-02-28,,exper2_10
,0.21393934,Validation,2018,2018-03-01,,exper2_10
,0.01,Validation,2018,2018-03-02,,exper2_10
,0.01,Validation,2018,2018-03-03,,exper2_10
,0.01,Validation,2018,2018-03-04,,exper2_10
,0.33407956,Validation,2018,2018-03-05,,exper2_10
,0.116648525,Validation,2018,2018-03-06,,exper2_10
,0.48908687,Validation,2018,2018-03-07,,exper2_10
,0.3294217,Validation,2018,2018-03-08,,exper2_10
,0.01,Validation,2018,2018-03-09,,exper2_10
,0.01,Validation,2018,2018-03-10,,exper2_10
,0.01,Validation,2018,2018-03-11,,exper2_10
,0.07544996,Validation,2018,2018-03-12,,exper2_10
,0.01,Validation,2018,2018-03-13,,exper2_10
,0.01,Validation,2018,2018-03-14,,exper2_10
,0.01,Validation,2018,2018-03-15,,exper2_10
,0.01,Validation,2018,2018-03-16,,exper2_10
,0.01,Validation,2018,2018-03-17,,exper2_10
,0.01,Validation,2018,2018-03-18,,exper2_10
,0.01,Validation,2018,2018-03-19,,exper2_10
,0.01,Validation,2018,2018-03-20,,exper2_10
,0.01,Validation,2018,2018-03-21,,exper2_10
,0.01,Validation,2018,2018-03-22,,exper2_10
,0.01,Validation,2018,2018-03-23,,exper2_10
,0.01,Validation,2018,2018-03-24,,exper2_10
,0.01,Validation,2018,2018-03-25,,exper2_10
,0.01,Validation,2018,2018-03-26,,exper2_10
,0.01,Validation,2018,2018-03-27,,exper2_10
,0.01,Validation,2018,2018-03-28,,exper2_10
,0.01,Validation,2018,2018-03-29,,exper2_10
,0.01,Validation,2018,2018-03-30,,exper2_10
,0.01,Validation,2018,2018-03-31,,exper2_10
,0.01,Validation,2018,2018-04-01,,exper2_10
,0.01,Validation,2018,2018-04-02,,exper2_10
,0.01,Validation,2018,2018-04-03,,exper2_10
,0.01,Validation,2018,2018-04-04,,exper2_10
,0.01,Validation,2018,2018-04-05,,exper2_10
,0.01,Validation,2018,2018-04-06,,exper2_10
,0.01,Validation,2018,2018-04-07,,exper2_10
,0.01,Validation,2018,2018-04-08,,exper2_10
,0.01,Validation,2018,2018-04-09,,exper2_10
,0.01,Validation,2018,2018-04-10,,exper2_10
,0.01,Validation,2018,2018-04-11,,exper2_10
,0.01,Validation,2018,2018-04-12,,exper2_10
,0.01,Validation,2018,2018-04-13,,exper2_10
,0.01,Validation,2018,2018-04-14,,exper2_10
,0.01,Validation,2018,2018-04-15,,exper2_10
,0.01,Validation,2018,2018-04-16,,exper2_10
,0.01,Validation,2018,2018-04-17,,exper2_10
,0.01,Validation,2018,2018-04-18,,exper2_10
,0.01,Validation,2018,2018-04-19,,exper2_10
,0.01,Validation,2018,2018-04-20,,exper2_10
,0.01,Validation,2018,2018-04-21,,exper2_10
,0.01,Validation,2018,2018-04-22,,exper2_10
,0.01,Validation,2018,2018-04-23,,exper2_10
,0.01,Validation,2018,2018-04-24,,exper2_10
,0.010926083,Validation,2018,2018-04-25,,exper2_10
,0.030802548,Validation,2018,2018-04-26,,exper2_10
,0.3572904,Validation,2018,2018-04-27,,exper2_10
,1.0945696,Validation,2018,2018-04-28,,exper2_10
,1.0439947,Validation,2018,2018-04-29,,exper2_10
,1.0474141,Validation,2018,2018-04-30,,exper2_10
,2.694298,Validation,2018,2018-05-01,,exper2_10
,3.8517988,Validation,2018,2018-05-02,,exper2_10
,4.5634084,Validation,2018,2018-05-03,,exper2_10
,5.137917,Validation,2018,2018-05-04,,exper2_10
,6.462705,Validation,2018,2018-05-05,,exper2_10
,7.4384103,Validation,2018,2018-05-06,,exper2_10
,8.274281,Validation,2018,2018-05-07,,exper2_10
,9.808925,Validation,2018,2018-05-08,,exper2_10
,10.098711,Validation,2018,2018-05-09,,exper2_10
,9.460202,Validation,2018,2018-05-10,,exper2_10
,9.946721,Validation,2018,2018-05-11,,exper2_10
,10.589156,Validation,2018,2018-05-12,,exper2_10
,11.530028,Validation,2018,2018-05-13,,exper2_10
,13.310863,Validation,2018,2018-05-14,,exper2_10
,14.461728,Validation,2018,2018-05-15,,exper2_10
,15.815902,Validation,2018,2018-05-16,,exper2_10
,15.802957,Validation,2018,2018-05-17,,exper2_10
,16.016586,Validation,2018,2018-05-18,,exper2_10
,16.212322,Validation,2018,2018-05-19,,exper2_10
,16.14843,Validation,2018,2018-05-20,,exper2_10
,16.67276,Validation,2018,2018-05-21,,exper2_10
,16.228888,Validation,2018,2018-05-22,,exper2_10
,18.191656,Validation,2018,2018-05-23,,exper2_10
,18.916456,Validation,2018,2018-05-24,,exper2_10
,19.373785,Validation,2018,2018-05-25,,exper2_10
,20.590223,Validation,2018,2018-05-26,,exper2_10
,21.280333,Validation,2018,2018-05-27,,exper2_10
,22.175516,Validation,2018,2018-05-28,,exper2_10
,22.39956,Validation,2018,2018-05-29,,exper2_10
,21.963133,Validation,2018,2018-05-30,,exper2_10
,21.38217,Validation,2018,2018-05-31,,exper2_10
,20.5324,Validation,2018,2018-06-01,,exper2_10
,20.090132,Validation,2018,2018-06-02,,exper2_10
,19.432863,Validation,2018,2018-06-03,,exper2_10
,19.053848,Validation,2018,2018-06-04,,exper2_10
,19.192122,Validation,2018,2018-06-05,,exper2_10
,18.856447,Validation,2018,2018-06-06,,exper2_10
,19.583094,Validation,2018,2018-06-07,,exper2_10
,19.719255,Validation,2018,2018-06-08,,exper2_10
,19.221899,Validation,2018,2018-06-09,,exper2_10
,19.475393,Validation,2018,2018-06-10,,exper2_10
,19.883276,Validation,2018,2018-06-11,,exper2_10
,19.5854,Validation,2018,2018-06-12,,exper2_10
,20.064898,Validation,2018,2018-06-13,,exper2_10
,20.658602,Validation,2018,2018-06-14,,exper2_10
,20.360205,Validation,2018,2018-06-15,,exper2_10
,21.25287,Validation,2018,2018-06-16,,exper2_10
,21.793932,Validation,2018,2018-06-17,,exper2_10
,22.549843,Validation,2018,2018-06-18,,exper2_10
,22.36138,Validation,2018,2018-06-19,,exper2_10
,22.960047,Validation,2018,2018-06-20,,exper2_10
,22.921774,Validation,2018,2018-06-21,,exper2_10
,22.854315,Validation,2018,2018-06-22,,exper2_10
,23.545237,Validation,2018,2018-06-23,,exper2_10
,23.489729,Validation,2018,2018-06-24,,exper2_10
,23.211842,Validation,2018,2018-06-25,,exper2_10
,22.916935,Validation,2018,2018-06-26,,exper2_10
,23.282137,Validation,2018,2018-06-27,,exper2_10
,23.827772,Validation,2018,2018-06-28,,exper2_10
,24.547867,Validation,2018,2018-06-29,,exper2_10
,24.6199,Validation,2018,2018-06-30,,exper2_10
,24.446337,Validation,2018,2018-07-01,,exper2_10
,24.057127,Validation,2018,2018-07-02,,exper2_10
,24.141054,Validation,2018,2018-07-03,,exper2_10
,24.601019,Validation,2018,2018-07-04,,exper2_10
,24.898918,Validation,2018,2018-07-05,,exper2_10
,24.836416,Validation,2018,2018-07-06,,exper2_10
,24.676924,Validation,2018,2018-07-07,,exper2_10
,24.475822,Validation,2018,2018-07-08,,exper2_10
,24.38454,Validation,2018,2018-07-09,,exper2_10
,24.693722,Validation,2018,2018-07-10,,exper2_10
,24.438234,Validation,2018,2018-07-11,,exper2_10
,24.135675,Validation,2018,2018-07-12,,exper2_10
,24.533134,Validation,2018,2018-07-13,,exper2_10
,25.353024,Validation,2018,2018-07-14,,exper2_10
,25.719057,Validation,2018,2018-07-15,,exper2_10
,25.243137,Validation,2018,2018-07-16,,exper2_10
,24.649796,Validation,2018,2018-07-17,,exper2_10
,24.769575,Validation,2018,2018-07-18,,exper2_10
,24.501245,Validation,2018,2018-07-19,,exper2_10
,23.873228,Validation,2018,2018-07-20,,exper2_10
,23.401178,Validation,2018,2018-07-21,,exper2_10
,23.441294,Validation,2018,2018-07-22,,exper2_10
,23.893255,Validation,2018,2018-07-23,,exper2_10
,24.07022,Validation,2018,2018-07-24,,exper2_10
,23.837198,Validation,2018,2018-07-25,,exper2_10
,23.265648,Validation,2018,2018-07-26,,exper2_10
,22.64324,Validation,2018,2018-07-27,,exper2_10
,22.781387,Validation,2018,2018-07-28,,exper2_10
,23.37232,Validation,2018,2018-07-29,,exper2_10
,23.886671,Validation,2018,2018-07-30,,exper2_10
,24.169157,Validation,2018,2018-07-31,,exper2_10
,23.868366,Validation,2018,2018-08-01,,exper2_10
,22.752512,Validation,2018,2018-08-02,,exper2_10
,22.604753,Validation,2018,2018-08-03,,exper2_10
,22.704634,Validation,2018,2018-08-04,,exper2_10
,23.266558,Validation,2018,2018-08-05,,exper2_10
,23.823393,Validation,2018,2018-08-06,,exper2_10
,23.79629,Validation,2018,2018-08-07,,exper2_10
,24.13783,Validation,2018,2018-08-08,,exper2_10
,24.612566,Validation,2018,2018-08-09,,exper2_10
,25.002775,Validation,2018,2018-08-10,,exper2_10
,25.216837,Validation,2018,2018-08-11,,exper2_10
,25.837114,Validation,2018,2018-08-12,,exper2_10
,25.93519,Validation,2018,2018-08-13,,exper2_10
,25.680782,Validation,2018,2018-08-14,,exper2_10
,25.798008,Validation,2018,2018-08-15,,exper2_10
22.421333000000004,25.874846,Validation,2018,2018-08-16,0.0715069517233193,exper2_10
22.342332999999996,25.812822,Validation,2018,2018-08-17,0.07206890554660711,exper2_10
24.78833400000002,25.61889,Validation,2018,2018-08-18,0.0164769388960644,exper2_10
24.438333999999998,25.490562,Validation,2018,2018-08-19,0.02107453827366551,exper2_10
24.19066600000002,25.007492,Validation,2018,2018-08-20,0.016602777371123346,exper2_10
23.41833300000002,24.10826,Validation,2018,2018-08-21,0.014516635195118125,exper2_10
22.891999999999996,23.663984,Validation,2018,2018-08-22,0.01658184893595977,exper2_10
22.732334000000037,23.270563,Validation,2018,2018-08-23,0.011699896294372198,exper2_10
22.17100000000005,22.454966,Validation,2018,2018-08-24,0.0063632369107805556,exper2_10
22.077999999999975,22.338108,Validation,2018,2018-08-25,0.00585616511867105,exper2_10
21.969334000000003,22.781277,Validation,2018,2018-08-26,0.01814372340685367,exper2_10
21.977333000000044,22.69583,Validation,2018,2018-08-27,0.016083401152197946,exper2_10
21.98833300000001,22.492931,Validation,2018,2018-08-28,0.011344065263415942,exper2_10
21.439332999999976,21.854784,Validation,2018,2018-08-29,0.009596015359944155,exper2_10
21.189667000000043,19.04019,Validation,2018,2018-08-30,-0.05342990084919489,exper2_10
21.010000000000048,20.198687,Validation,2018,2018-08-31,-0.019687921824567172,exper2_10
21.421667000000014,19.912922,Validation,2018,2018-09-01,-0.03650078867195505,exper2_10
21.491332999999997,20.15825,Validation,2018,2018-09-02,-0.032007095134650755,exper2_10
21.726,22.439005,Validation,2018,2018-09-03,0.016144114547634238,exper2_10
21.590666,20.191507,Validation,2018,2018-09-04,-0.03348697659057568,exper2_10
21.35333300000002,20.240572,Validation,2018,2018-09-05,-0.026752982797404942,exper2_10
21.197000000000003,20.077562,Validation,2018,2018-09-06,-0.027121733207928617,exper2_10
20.96866600000004,19.961933,Validation,2018,2018-09-07,-0.024596094004609603,exper2_10
20.859667,19.6272,Validation,2018,2018-09-08,-0.030441176201705708,exper2_10
20.51800000000003,19.214548,Validation,2018,2018-09-09,-0.032805645522606224,exper2_10
20.27800000000002,19.066278,Validation,2018,2018-09-10,-0.0307979098832113,exper2_10
20.26466800000003,19.152714,Validation,2018,2018-09-11,-0.02820974337399039,exper2_10
20.310333000000014,19.424543,Validation,2018,2018-09-12,-0.02229249716986971,exper2_10
20.376333000000045,19.683664,Validation,2018,2018-09-13,-0.017290781937271182,exper2_10
20.802333999999973,19.698645,Validation,2018,2018-09-14,-0.027250930694826193,exper2_10
21.52800000000002,20.358124,Validation,2018,2018-09-15,-0.027929923209590025,exper2_10
21.55000000000001,20.923157,Validation,2018,2018-09-16,-0.014758574823655255,exper2_10
21.604000000000042,20.764507,Validation,2018,2018-09-17,-0.019814073233202497,exper2_10
20.964666000000022,20.069479,Validation,2018,2018-09-18,-0.021815661362024827,exper2_10
20.281665999999973,19.224411,Validation,2018,2018-09-19,-0.026761831830842266,exper2_10
19.803999999999974,18.854364,Validation,2018,2018-09-20,-0.024564815912845976,exper2_10
19.188000000000045,18.945791,Validation,2018,2018-09-21,-0.006351551933040461,exper2_10
18.496334000000047,18.264223,Validation,2018,2018-09-22,-0.006314129043844818,exper2_10
18.439667000000043,18.269161,Validation,2018,2018-09-23,-0.004644816625381576,exper2_10
18.119000000000028,17.904245,Validation,2018,2018-09-24,-0.005961556799451845,exper2_10
17.864666,17.626623,Validation,2018,2018-09-25,-0.006707078046184482,exper2_10
17.360000000000014,16.995743,Validation,2018,2018-09-26,-0.010602512781974542,exper2_10
16.789000000000044,16.151701,Validation,2018,2018-09-27,-0.01934685685656128,exper2_10
16.272000000000048,15.851113,Validation,2018,2018-09-28,-0.013102300403396142,exper2_10
15.597000000000037,14.871564,Validation,2018,2018-09-29,-0.02380932986112013,exper2_10
15.234000000000037,14.370473,Validation,2018,2018-09-30,-0.029168804817534255,exper2_10
14.844334000000003,13.945362,Validation,2018,2018-10-01,-0.03122547407558661,exper2_10
14.590333000000044,13.568284,Validation,2018,2018-10-02,-0.03629613499876466,exper2_10
14.475333000000035,13.674649,Validation,2018,2018-10-03,-0.02844349082096667,exper2_10
14.100333000000035,13.743732,Validation,2018,2018-10-04,-0.012807057511668584,exper2_10
13.603000000000009,13.229196,Validation,2018,2018-10-05,-0.013931189637162075,exper2_10
13.287333500000045,13.008174,Validation,2018,2018-10-06,-0.010616245305167093,exper2_10
12.965666999999996,12.957193,Validation,2018,2018-10-07,-0.0003268784865461408,exper2_10
12.763333000000046,12.572324,Validation,2018,2018-10-08,-0.0075391454179028275,exper2_10
12.579666999999972,12.307,Validation,2018,2018-10-09,-0.010956342125978217,exper2_10
12.16733400000004,11.960612,Validation,2018,2018-10-10,-0.008567728906423292,exper2_10
11.749666000000047,11.635196,Validation,2018,2018-10-11,-0.004895058572278616,exper2_10
11.218667000000039,11.059541,Validation,2018,2018-10-12,-0.007142686395581992,exper2_10
,11.128021,Validation,2018,2018-10-13,,exper2_10
10.286333000000013,10.842038,Validation,2018,2018-10-14,0.02630137224189177,exper2_10
9.951667000000043,10.139058,Validation,2018,2018-10-15,0.009327244887539245,exper2_10
9.598333000000025,9.948531,Validation,2018,2018-10-16,0.017915822615628744,exper2_10
9.229667000000006,9.543894,Validation,2018,2018-10-17,0.016737731174105486,exper2_10
8.972667000000001,9.605255,Validation,2018,2018-10-18,0.03405053173494335,exper2_10
8.887,9.756692,Validation,2018,2018-10-19,0.04664805317630499,exper2_10
8.513666999999998,9.690087,Validation,2018,2018-10-20,0.06462514807893174,exper2_10
8.175000000000011,9.3419485,Validation,2018,2018-10-21,0.06661825309370077,exper2_10
8.09233400000005,9.241535,Validation,2018,2018-10-22,0.06629801888921645,exper2_10
7.962000000000046,9.161075,Validation,2018,2018-10-23,0.07002683009276568,exper2_10
7.869666600000016,9.00826,Validation,2018,2018-10-24,0.06746048940340495,exper2_10
7.882000000000005,8.999666,Validation,2018,2018-10-25,0.06620591829158906,exper2_10
7.9246669999999995,9.044044,Validation,2018,2018-10-26,0.06596709503959862,exper2_10
7.7830000000000155,8.898563,Validation,2018,2018-10-27,0.06687403088443176,exper2_10
7.7503333000000225,8.766087,Validation,2018,2018-10-28,0.0614996037791099,exper2_10
7.7083335000000375,8.777642,Validation,2018,2018-10-29,0.0648617204266503,exper2_10
7.569667000000038,8.752386,Validation,2018,2018-10-30,0.0724614168567261,exper2_10
7.4503330000000005,8.869861,Validation,2018,2018-10-31,0.0869798287709898,exper2_10
7.293000000000006,8.791392,Validation,2018,2018-11-01,0.09315815580423216,exper2_10
7.131666700000039,8.698331,Validation,2018,2018-11-02,0.09896806183146784,exper2_10
7.158666600000004,8.605166,Validation,2018,2018-11-03,0.09176066709206405,exper2_10
6.83166650000004,8.117755,Validation,2018,2018-11-04,0.08602931168308536,exper2_10
6.636667000000045,8.3363695,Validation,2018,2018-11-05,0.11351755623004141,exper2_10
6.565666700000008,8.230903,Validation,2018,2018-11-06,0.11254203119447871,exper2_10
6.36866660000004,7.6247635,Validation,2018,2018-11-07,0.08976333042014994,exper2_10
6.074333000000024,7.2428374,Validation,2018,2018-11-08,0.08774419725814511,exper2_10
5.819667000000038,6.7594676,Validation,2018,2018-11-09,0.07471106968228053,exper2_10
5.408666600000004,6.3939185,Validation,2018,2018-11-10,0.08347763686635108,exper2_10
5.1510000000000105,6.0179076,Validation,2018,2018-11-11,0.07761794161181845,exper2_10
5.038000000000011,5.628762,Validation,2018,2018-11-12,0.05538342199545818,exper2_10
4.536000000000001,4.886784,Validation,2018,2018-11-13,0.03722722221327494,exper2_10
4.300666999999976,4.6681285,Validation,2018,2018-11-14,0.04097110819835053,exper2_10
4.015000000000043,4.512159,Validation,2018,2018-11-15,0.058302991446005197,exper2_10
3.94533320000005,4.2117724,Validation,2018,2018-11-16,0.03266345362704863,exper2_10
,3.8420208,Validation,2018,2018-11-17,,exper2_10
,3.061487,Validation,2018,2018-11-18,,exper2_10
,3.4078388,Validation,2018,2018-11-19,,exper2_10
,2.989336,Validation,2018,2018-11-20,,exper2_10
,2.4649575,Validation,2018,2018-11-21,,exper2_10
,1.9801136,Validation,2018,2018-11-22,,exper2_10
,2.4552958,Validation,2018,2018-11-23,,exper2_10
,2.3054514,Validation,2018,2018-11-24,,exper2_10
,2.0195735,Validation,2018,2018-11-25,,exper2_10
,1.8044785,Validation,2018,2018-11-26,,exper2_10
,1.5027127,Validation,2018,2018-11-27,,exper2_10
,0.8792218,Validation,2018,2018-11-28,,exper2_10
,0.626332,Validation,2018,2018-11-29,,exper2_10
,0.59086424,Validation,2018,2018-11-30,,exper2_10
,0.69046664,Validation,2018,2018-12-01,,exper2_10
,0.71868956,Validation,2018,2018-12-02,,exper2_10
,0.6167181,Validation,2018,2018-12-03,,exper2_10
,0.58062166,Validation,2018,2018-12-04,,exper2_10
,0.465271,Validation,2018,2018-12-05,,exper2_10
,0.16088618,Validation,2018,2018-12-06,,exper2_10
,0.01,Validation,2018,2018-12-07,,exper2_10
,0.01,Validation,2018,2018-12-08,,exper2_10
,0.01,Validation,2018,2018-12-09,,exper2_10
,0.045134798,Validation,2018,2018-12-10,,exper2_10
,0.01,Validation,2018,2018-12-11,,exper2_10
,0.059911117,Validation,2018,2018-12-12,,exper2_10
,0.06521232,Validation,2018,2018-12-13,,exper2_10
,0.01,Validation,2018,2018-12-14,,exper2_10
,0.01,Validation,2018,2018-12-15,,exper2_10
,0.01,Validation,2018,2018-12-16,,exper2_10
,0.031664655,Validation,2018,2018-12-17,,exper2_10
,0.01,Validation,2018,2018-12-18,,exper2_10
,0.080525115,Validation,2018,2018-12-19,,exper2_10
,0.08883032,Validation,2018,2018-12-20,,exper2_10
,0.020363346,Validation,2018,2018-12-21,,exper2_10
,0.01,Validation,2018,2018-12-22,,exper2_10
,0.11117278,Validation,2018,2018-12-23,,exper2_10
,0.01,Validation,2018,2018-12-24,,exper2_10
,0.01,Validation,2018,2018-12-25,,exper2_10
,0.01,Validation,2018,2018-12-26,,exper2_10
,0.01,Validation,2018,2018-12-27,,exper2_10
,0.032760814,Validation,2018,2018-12-28,,exper2_10
,0.01,Validation,2018,2018-12-29,,exper2_10
,0.01,Validation,2018,2018-12-30,,exper2_10
,0.01,Validation,2018,2018-12-31,,exper2_10
,0.01,Validation,2019,2019-01-01,,exper2_10
,0.01,Validation,2019,2019-01-02,,exper2_10
,0.01,Validation,2019,2019-01-03,,exper2_10
,0.01,Validation,2019,2019-01-04,,exper2_10
,0.01,Validation,2019,2019-01-05,,exper2_10
,0.01,Validation,2019,2019-01-06,,exper2_10
,0.01,Validation,2019,2019-01-07,,exper2_10
,0.01,Validation,2019,2019-01-08,,exper2_10
,0.01,Validation,2019,2019-01-09,,exper2_10
,0.01,Validation,2019,2019-01-10,,exper2_10
,0.01,Validation,2019,2019-01-11,,exper2_10
,0.01,Validation,2019,2019-01-12,,exper2_10
,0.01,Validation,2019,2019-01-13,,exper2_10
,0.01,Validation,2019,2019-01-14,,exper2_10
,0.01,Validation,2019,2019-01-15,,exper2_10
,0.01,Validation,2019,2019-01-16,,exper2_10
,0.01,Validation,2019,2019-01-17,,exper2_10
,0.01,Validation,2019,2019-01-18,,exper2_10
,0.01,Validation,2019,2019-01-19,,exper2_10
,0.01,Validation,2019,2019-01-20,,exper2_10
,0.01,Validation,2019,2019-01-21,,exper2_10
,0.01,Validation,2019,2019-01-22,,exper2_10
,0.01,Validation,2019,2019-01-23,,exper2_10
,0.01,Validation,2019,2019-01-24,,exper2_10
,0.01,Validation,2019,2019-01-25,,exper2_10
,0.01,Validation,2019,2019-01-26,,exper2_10
,0.01,Validation,2019,2019-01-27,,exper2_10
,0.01,Validation,2019,2019-01-28,,exper2_10
,0.01,Validation,2019,2019-01-29,,exper2_10
,0.01,Validation,2019,2019-01-30,,exper2_10
,0.01,Validation,2019,2019-01-31,,exper2_10
,0.01,Validation,2019,2019-02-01,,exper2_10
,0.01,Validation,2019,2019-02-02,,exper2_10
,0.01,Validation,2019,2019-02-03,,exper2_10
,0.01,Validation,2019,2019-02-04,,exper2_10
,0.01,Validation,2019,2019-02-05,,exper2_10
,0.01,Validation,2019,2019-02-06,,exper2_10
,0.01,Validation,2019,2019-02-07,,exper2_10
,0.01,Validation,2019,2019-02-08,,exper2_10
,0.01,Validation,2019,2019-02-09,,exper2_10
,0.01,Validation,2019,2019-02-10,,exper2_10
,0.01,Validation,2019,2019-02-11,,exper2_10
,0.01,Validation,2019,2019-02-12,,exper2_10
,0.01,Validation,2019,2019-02-13,,exper2_10
,0.01,Validation,2019,2019-02-14,,exper2_10
,0.01,Validation,2019,2019-02-15,,exper2_10
,0.01,Validation,2019,2019-02-16,,exper2_10
,0.01,Validation,2019,2019-02-17,,exper2_10
,0.01,Validation,2019,2019-02-18,,exper2_10
,0.01,Validation,2019,2019-02-19,,exper2_10
,0.01,Validation,2019,2019-02-20,,exper2_10
,0.01,Validation,2019,2019-02-21,,exper2_10
,0.01,Validation,2019,2019-02-22,,exper2_10
,0.01,Validation,2019,2019-02-23,,exper2_10
,0.01,Validation,2019,2019-02-24,,exper2_10
,0.01,Validation,2019,2019-02-25,,exper2_10
,0.01,Validation,2019,2019-02-26,,exper2_10
,0.01,Validation,2019,2019-02-27,,exper2_10
,0.01,Validation,2019,2019-02-28,,exper2_10
,0.01,Validation,2019,2019-03-01,,exper2_10
,0.01,Validation,2019,2019-03-02,,exper2_10
,0.01,Validation,2019,2019-03-03,,exper2_10
,0.01,Validation,2019,2019-03-04,,exper2_10
,0.01,Validation,2019,2019-03-05,,exper2_10
,0.01,Validation,2019,2019-03-06,,exper2_10
,0.01,Validation,2019,2019-03-07,,exper2_10
,0.01,Validation,2019,2019-03-08,,exper2_10
,0.01,Validation,2019,2019-03-09,,exper2_10
,0.01,Validation,2019,2019-03-10,,exper2_10
,0.01,Validation,2019,2019-03-11,,exper2_10
,0.01,Validation,2019,2019-03-12,,exper2_10
,0.01,Validation,2019,2019-03-13,,exper2_10
,0.01,Validation,2019,2019-03-14,,exper2_10
,0.21343496,Validation,2019,2019-03-15,,exper2_10
,0.01,Validation,2019,2019-03-16,,exper2_10
,0.01,Validation,2019,2019-03-17,,exper2_10
,0.01,Validation,2019,2019-03-18,,exper2_10
,0.01,Validation,2019,2019-03-19,,exper2_10
,0.01,Validation,2019,2019-03-20,,exper2_10
,0.01,Validation,2019,2019-03-21,,exper2_10
,0.01,Validation,2019,2019-03-22,,exper2_10
,0.01,Validation,2019,2019-03-23,,exper2_10
,0.01,Validation,2019,2019-03-24,,exper2_10
,0.01,Validation,2019,2019-03-25,,exper2_10
,0.01,Validation,2019,2019-03-26,,exper2_10
,0.01,Validation,2019,2019-03-27,,exper2_10
,0.01,Validation,2019,2019-03-28,,exper2_10
,0.01,Validation,2019,2019-03-29,,exper2_10
,0.01,Validation,2019,2019-03-30,,exper2_10
,0.01,Validation,2019,2019-03-31,,exper2_10
,0.01,Validation,2019,2019-04-01,,exper2_10
,0.01,Validation,2019,2019-04-02,,exper2_10
,0.01,Validation,2019,2019-04-03,,exper2_10
,0.01,Validation,2019,2019-04-04,,exper2_10
,0.01,Validation,2019,2019-04-05,,exper2_10
,0.01,Validation,2019,2019-04-06,,exper2_10
,0.108983785,Validation,2019,2019-04-07,,exper2_10
,0.6776006,Validation,2019,2019-04-08,,exper2_10
,0.7792091,Validation,2019,2019-04-09,,exper2_10
,0.96524817,Validation,2019,2019-04-10,,exper2_10
,0.7567995,Validation,2019,2019-04-11,,exper2_10
,0.99562305,Validation,2019,2019-04-12,,exper2_10
,1.2030059,Validation,2019,2019-04-13,,exper2_10
,1.2565423,Validation,2019,2019-04-14,,exper2_10
,1.1745971,Validation,2019,2019-04-15,,exper2_10
,1.2799487,Validation,2019,2019-04-16,,exper2_10
,1.4580878,Validation,2019,2019-04-17,,exper2_10
,1.3781887,Validation,2019,2019-04-18,,exper2_10
,2.1339738,Validation,2019,2019-04-19,,exper2_10
,1.9576731,Validation,2019,2019-04-20,,exper2_10
,2.3400533,Validation,2019,2019-04-21,,exper2_10
,2.9390233,Validation,2019,2019-04-22,,exper2_10
,3.4190426,Validation,2019,2019-04-23,,exper2_10
,3.3597987,Validation,2019,2019-04-24,,exper2_10
,4.5404963,Validation,2019,2019-04-25,,exper2_10
,5.7371387,Validation,2019,2019-04-26,,exper2_10
,6.4591327,Validation,2019,2019-04-27,,exper2_10
,6.784824,Validation,2019,2019-04-28,,exper2_10
,6.6812034,Validation,2019,2019-04-29,,exper2_10
,6.2698026,Validation,2019,2019-04-30,,exper2_10
,6.6602006,Validation,2019,2019-05-01,,exper2_10
,6.2648873,Validation,2019,2019-05-02,,exper2_10
,6.8571434,Validation,2019,2019-05-03,,exper2_10
,7.6470127,Validation,2019,2019-05-04,,exper2_10
,8.278939,Validation,2019,2019-05-05,,exper2_10
,8.98214,Validation,2019,2019-05-06,,exper2_10
,9.063746,Validation,2019,2019-05-07,,exper2_10
,8.973546,Validation,2019,2019-05-08,,exper2_10
,8.298027,Validation,2019,2019-05-09,,exper2_10
,8.397277,Validation,2019,2019-05-10,,exper2_10
,9.317639,Validation,2019,2019-05-11,,exper2_10
,9.940823,Validation,2019,2019-05-12,,exper2_10
,10.733573,Validation,2019,2019-05-13,,exper2_10
,11.325127,Validation,2019,2019-05-14,,exper2_10
,12.231312,Validation,2019,2019-05-15,,exper2_10
,12.484639,Validation,2019,2019-05-16,,exper2_10
,13.307693,Validation,2019,2019-05-17,,exper2_10
,12.577704,Validation,2019,2019-05-18,,exper2_10
,10.984418,Validation,2019,2019-05-19,,exper2_10
,11.24618,Validation,2019,2019-05-20,,exper2_10
,11.755579,Validation,2019,2019-05-21,,exper2_10
,11.61404,Validation,2019,2019-05-22,,exper2_10
,11.430016,Validation,2019,2019-05-23,,exper2_10
,11.057631,Validation,2019,2019-05-24,,exper2_10
,12.733321,Validation,2019,2019-05-25,,exper2_10
,13.618287,Validation,2019,2019-05-26,,exper2_10
,13.406318,Validation,2019,2019-05-27,,exper2_10
,12.982226,Validation,2019,2019-05-28,,exper2_10
,14.397601,Validation,2019,2019-05-29,,exper2_10
,15.622504,Validation,2019,2019-05-30,,exper2_10
,17.069742,Validation,2019,2019-05-31,,exper2_10
,16.578747,Validation,2019,2019-06-01,,exper2_10
,16.733513,Validation,2019,2019-06-02,,exper2_10
,16.198257,Validation,2019,2019-06-03,,exper2_10
,17.090906,Validation,2019,2019-06-04,,exper2_10
,17.888586,Validation,2019,2019-06-05,,exper2_10
,19.001078,Validation,2019,2019-06-06,,exper2_10
,19.792526,Validation,2019,2019-06-07,,exper2_10
,20.266108,Validation,2019,2019-06-08,,exper2_10
,20.204,Validation,2019,2019-06-09,,exper2_10
19.732334000000037,19.96639,Validation,2019,2019-06-10,0.005895821894584018,exper2_10
19.602333000000044,19.787436,Validation,2019,2019-06-11,0.004699254108781927,exper2_10
19.16666600000002,19.038994,Validation,2019,2019-06-12,-0.003341708142214596,exper2_10
18.620333000000016,18.82202,Validation,2019,2019-06-13,0.005386589333868411,exper2_10
18.12533400000001,18.320892,Validation,2019,2019-06-14,0.005365667550662624,exper2_10
18.36533400000002,18.763475,Validation,2019,2019-06-15,0.010723247643292577,exper2_10
18.891999999999996,19.073801,Validation,2019,2019-06-16,0.004788547473416049,exper2_10
19.309334000000035,19.301138,Validation,2019,2019-06-17,-0.00021227598102895712,exper2_10
19.644000000000005,19.687365,Validation,2019,2019-06-18,0.0011025444632309662,exper2_10
19.950666000000012,19.71562,Validation,2019,2019-06-19,-0.0059255852404265785,exper2_10
20.120333000000016,19.568222,Validation,2019,2019-06-20,-0.013911087301190016,exper2_10
20.39866600000005,19.916891,Validation,2019,2019-06-21,-0.01195009908473319,exper2_10
20.478665999999976,20.153715,Validation,2019,2019-06-22,-0.007997337524079712,exper2_10
20.202999999999975,19.75072,Validation,2019,2019-06-23,-0.011320120882065488,exper2_10
20.09400000000005,20.096756,Validation,2019,2019-06-24,6.857252066952676e-05,exper2_10
20.311666000000002,20.566904,Validation,2019,2019-06-25,0.006243811062095008,exper2_10
20.999332000000038,21.019949,Validation,2019,2019-06-26,0.0004906547394395603,exper2_10
21.66733400000004,21.650286,Validation,2019,2019-06-27,-0.00039356454220516667,exper2_10
22.617666000000042,22.223135,Validation,2019,2019-06-28,-0.008798482559255302,exper2_10
24.05266800000004,23.344078,Validation,2019,2019-06-29,-0.014950181075276969,exper2_10
23.367666000000042,23.217272,Validation,2019,2019-06-30,-0.00322838673351078,exper2_10
22.936000000000035,23.59462,Validation,2019,2019-07-01,0.014154544996420422,exper2_10
23.874000000000024,24.4193,Validation,2019,2019-07-02,0.011291423001736335,exper2_10
24.571667000000048,25.221792,Validation,2019,2019-07-03,0.013056438159536367,exper2_10
24.628000000000043,25.276329,Validation,2019,2019-07-04,0.012991438878995686,exper2_10
24.972666000000004,25.410545,Validation,2019,2019-07-05,0.008690977359241483,exper2_10
25.154999999999973,24.907476,Validation,2019,2019-07-06,-0.00494429346097274,exper2_10
24.919666000000007,24.595964,Validation,2019,2019-07-07,-0.006537361342564407,exper2_10
25.092332999999996,25.058054,Validation,2019,2019-07-08,-0.0006835247289987581,exper2_10
25.00066800000002,25.05651,Validation,2019,2019-07-09,0.001115582749405272,exper2_10
24.95533400000005,24.79236,Validation,2019,2019-07-10,-0.003276004978485243,exper2_10
24.62566800000002,24.154541,Validation,2019,2019-07-11,-0.009658158377798461,exper2_10
24.391999999999996,24.054813,Validation,2019,2019-07-12,-0.006959933820839522,exper2_10
24.619000000000028,24.392672,Validation,2019,2019-07-13,-0.004617847292233645,exper2_10
24.735000000000014,24.611406,Validation,2019,2019-07-14,-0.0025046134644299747,exper2_10
25.22666700000002,24.64352,Validation,2019,2019-07-15,-0.011693291637780821,exper2_10
25.51866700000005,24.90898,Validation,2019,2019-07-16,-0.01209034383794554,exper2_10
25.384333000000026,25.233679,Validation,2019,2019-07-17,-0.0029762959239378224,exper2_10
25.160333999999978,25.14566,Validation,2019,2019-07-18,-0.0002916869010194661,exper2_10
25.738999999999976,25.546232,Validation,2019,2019-07-19,-0.00375873849316145,exper2_10
25.171667000000014,25.297918,Validation,2019,2019-07-20,0.0025015327330785353,exper2_10
24.81566600000002,24.763577,Validation,2019,2019-07-21,-0.0010506310664934139,exper2_10
24.460000000000036,24.222694,Validation,2019,2019-07-22,-0.004874537162884248,exper2_10
24.247334000000023,23.94783,Validation,2019,2019-07-23,-0.00621439525676514,exper2_10
24.914333,24.218296,Validation,2019,2019-07-24,-0.014166491034944575,exper2_10
24.508667000000003,24.264204,Validation,2019,2019-07-25,-0.0050122736183563,exper2_10
24.11333300000001,23.94874,Validation,2019,2019-07-26,-0.0034245920788317954,exper2_10
24.203333000000043,24.15597,Validation,2019,2019-07-27,-0.0009794057747582667,exper2_10
24.299000000000035,24.270445,Validation,2019,2019-07-28,-0.0005879237467372906,exper2_10
23.977333000000044,24.332489,Validation,2019,2019-07-29,0.007351631591011035,exper2_10
23.52766600000001,23.815435,Validation,2019,2019-07-30,0.006078381030775988,exper2_10
23.718334000000027,24.175173,Validation,2019,2019-07-31,0.009538637620307093,exper2_10
23.868334000000004,24.070196,Validation,2019,2019-08-01,0.004210854006046219,exper2_10
24.358667000000025,24.131315,Validation,2019,2019-08-02,-0.004688633779905159,exper2_10
24.748000000000047,24.82751,Validation,2019,2019-08-03,0.0016038328683458227,exper2_10
24.94066600000002,25.408724,Validation,2019,2019-08-04,0.009296196691680875,exper2_10
24.866667000000007,25.199726,Validation,2019,2019-08-05,0.006652348693056014,exper2_10
24.935667000000024,25.015259,Validation,2019,2019-08-06,0.001593399677887536,exper2_10
24.540332999999976,24.759497,Validation,2019,2019-08-07,0.004445526287333154,exper2_10
24.193332999999996,24.037024,Validation,2019,2019-08-08,-0.003240893638114891,exper2_10
23.746666000000005,23.558899,Validation,2019,2019-08-09,-0.003969238598320232,exper2_10
23.904667000000018,23.485949,Validation,2019,2019-08-10,-0.008835471588771656,exper2_10
24.242999999999995,23.782797,Validation,2019,2019-08-11,-0.009582415500627758,exper2_10
24.28333299999997,23.881107,Validation,2019,2019-08-12,-0.00835109194499414,exper2_10
23.665999999999997,23.333109,Validation,2019,2019-08-13,-0.007082923608546353,exper2_10
23.24200000000002,22.759172,Validation,2019,2019-08-14,-0.01049598379387049,exper2_10
23.234667,22.808863,Validation,2019,2019-08-15,-0.009247864287233202,exper2_10
22.813333999999998,22.45447,Validation,2019,2019-08-16,-0.007927584067132117,exper2_10
23.076999999999998,23.000769,Validation,2019,2019-08-17,-0.0016544060338727078,exper2_10
22.763666,22.989767,Validation,2019,2019-08-18,0.004941729164156527,exper2_10
22.567000000000007,22.548513,Validation,2019,2019-08-19,-0.00040976121351883637,exper2_10
22.573667999999998,22.579681,Validation,2019,2019-08-20,0.00013317719648158272,exper2_10
22.46700000000004,22.258162,Validation,2019,2019-08-21,-0.004669372853825234,exper2_10
22.09166700000003,21.784529,Validation,2019,2019-08-22,-0.007000111622579037,exper2_10
21.826000000000022,21.39197,Validation,2019,2019-08-23,-0.010042820669728274,exper2_10
21.56800000000004,21.138613,Validation,2019,2019-08-24,-0.010054350490156492,exper2_10
21.301332000000002,17.74444,Validation,2019,2019-08-25,-0.09109544342194639,exper2_10
20.99200000000002,17.233706,Validation,2019,2019-08-26,-0.09831851180200807,exper2_10
20.742666000000042,19.54305,Validation,2019,2019-08-27,-0.029777681280367167,exper2_10
20.111666000000014,16.776827,Validation,2019,2019-08-28,-0.09040323643120116,exper2_10
19.580667000000005,17.655222,Validation,2019,2019-08-29,-0.0517093888657491,exper2_10
19.371000000000038,17.987534,Validation,2019,2019-08-30,-0.03703213960731196,exper2_10
19.276333000000022,17.992146,Validation,2019,2019-08-31,-0.0344577377997649,exper2_10
19.118334000000004,17.844782,Validation,2019,2019-09-01,-0.034454674456435366,exper2_10
19.38466600000004,18.099314,Validation,2019,2019-09-02,-0.03429070960693545,exper2_10
19.024999999999977,18.144705,Validation,2019,2019-09-03,-0.023683136187589826,exper2_10
19.04833400000001,17.775011,Validation,2019,2019-09-04,-0.03457923051837136,exper2_10
18.535667000000046,17.700182,Validation,2019,2019-09-05,-0.0230568639315811,exper2_10
18.334333000000015,17.422724,Validation,2019,2019-09-06,-0.025494526457212185,exper2_10
18.134000000000015,17.354868,Validation,2019,2019-09-07,-0.02195426651090734,exper2_10
17.794332999999995,16.938757,Validation,2019,2019-09-08,-0.024632880594880207,exper2_10
17.499000000000024,16.719736,Validation,2019,2019-09-09,-0.0227730182230224,exper2_10
17.74433300000004,17.356543,Validation,2019,2019-09-10,-0.011047884311475475,exper2_10
17.64300000000003,16.906965,Validation,2019,2019-09-11,-0.02130348724852912,exper2_10
17.06966600000004,16.406889,Validation,2019,2019-09-12,-0.019798245039386493,exper2_10
16.798000000000002,16.688272,Validation,2019,2019-09-13,-0.0032767912248731937,exper2_10
16.877665999999977,17.023254,Validation,2019,2019-09-14,0.004294526308930517,exper2_10
17.11933300000004,17.120077,Validation,2019,2019-09-15,2.1733235934159813e-05,exper2_10
17.82133300000004,18.2537,Validation,2019,2019-09-16,0.011985221282409753,exper2_10
18.038666000000035,18.418295,Validation,2019,2019-09-17,0.010413070568020957,exper2_10
18.00366600000001,18.664034,Validation,2019,2019-09-18,0.018009525870334893,exper2_10
18.857334000000037,18.759768,Validation,2019,2019-09-19,-0.0025936731879116852,exper2_10
19.377665999999977,18.86706,Validation,2019,2019-09-20,-0.013351025086744238,exper2_10
19.276666999999975,18.874731,Validation,2019,2019-09-21,-0.010535287212400442,exper2_10
19.484667,18.411768,Validation,2019,2019-09-22,-0.02831134489429422,exper2_10
19.161333000000013,18.177233,Validation,2019,2019-09-23,-0.02635613441828929,exper2_10
18.975333999999975,18.234455,Validation,2019,2019-09-24,-0.019910859725494022,exper2_10
18.834333000000015,18.011623,Validation,2019,2019-09-25,-0.022328355624414604,exper2_10
18.263666,17.224447,Validation,2019,2019-09-26,-0.029283572848806373,exper2_10
17.680334000000016,16.641785,Validation,2019,2019-09-27,-0.03025889345812722,exper2_10
17.286333000000013,16.52304,Validation,2019,2019-09-28,-0.02257634920051127,exper2_10
16.82766700000002,15.610682,Validation,2019,2019-09-29,-0.0375168749703138,exper2_10
16.61500000000001,15.493955,Validation,2019,2019-09-30,-0.0349137912901394,exper2_10
16.660333999999978,15.626144,Validation,2019,2019-10-01,-0.03203166284391828,exper2_10
16.01800000000003,15.58973,Validation,2019,2019-10-02,-0.013549525185246056,exper2_10
15.50033400000001,14.93229,Validation,2019,2019-10-03,-0.018665624145633105,exper2_10
14.863999999999976,14.753234,Validation,2019,2019-10-04,-0.00373992016712652,exper2_10
14.41900000000004,14.01529,Validation,2019,2019-10-05,-0.014197988977011522,exper2_10
14.027332999999999,14.321243,Validation,2019,2019-10-06,0.010367726518829978,exper2_10
13.894000000000005,14.099737,Validation,2019,2019-10-07,0.007349399836413736,exper2_10
13.706000000000017,13.879179,Validation,2019,2019-10-08,0.006277972705890736,exper2_10
13.560000000000002,13.8042,Validation,2019,2019-10-09,0.008924074918528098,exper2_10
13.477333000000044,13.650912,Validation,2019,2019-10-10,0.0063984707830682915,exper2_10
13.329666999999972,13.680701,Validation,2019,2019-10-11,0.012996278039378866,exper2_10
12.406000000000006,12.272654,Validation,2019,2019-10-12,-0.0054033101869752995,exper2_10
11.738334000000009,11.914864,Validation,2019,2019-10-13,0.007463244061643486,exper2_10
11.415999999999997,11.493821,Validation,2019,2019-10-14,0.0033968464273251165,exper2_10
11.05433400000004,11.299911,Validation,2019,2019-10-15,0.01098567857441525,exper2_10
10.711000000000013,11.130788,Validation,2019,2019-10-16,0.01921948204607634,exper2_10
10.718000000000018,10.848515,Validation,2019,2019-10-17,0.0060517222910775395,exper2_10
10.433333000000005,10.405187,Validation,2019,2019-10-18,-0.0013506884045172663,exper2_10
10.214999999999975,10.385088,Validation,2019,2019-10-19,0.008256662165331994,exper2_10
10.455667000000005,10.51979,Validation,2019,2019-10-20,0.0030570345461304995,exper2_10
10.184000000000026,10.332416,Validation,2019,2019-10-21,0.007233991735317717,exper2_10
9.992999999999995,10.197787,Validation,2019,2019-10-22,0.010142610189585273,exper2_10
9.740000000000009,10.077119,Validation,2019,2019-10-23,0.017011497773541162,exper2_10
9.486333000000002,9.852031,Validation,2019,2019-10-24,0.01891048067663025,exper2_10
9.230000000000018,9.641786,Validation,2019,2019-10-25,0.02182017271173282,exper2_10
8.963667000000044,9.781375,Validation,2019,2019-10-26,0.043622624816243766,exper2_10
8.851999999999975,9.675995,Validation,2019,2019-10-27,0.04447296529888326,exper2_10
8.692667000000029,9.407168,Validation,2019,2019-10-28,0.03947557384007485,exper2_10
8.458333000000039,9.062239,Validation,2019,2019-10-29,0.03446837830470816,exper2_10
8.11933300000004,8.5656395,Validation,2019,2019-10-30,0.02674900998252092,exper2_10
7.713666400000022,8.106853,Validation,2019,2019-10-31,0.024852922532893534,exper2_10
7.308333400000038,7.748881,Validation,2019,2019-11-01,0.029258231668168714,exper2_10
7.035000000000025,7.203841,Validation,2019,2019-11-02,0.011857791440218797,exper2_10
6.834000000000003,6.9962316,Validation,2019,2019-11-03,0.011730212562424888,exper2_10
6.647333000000003,7.01108,Validation,2019,2019-11-04,0.026631702661823582,exper2_10
6.303999999999974,6.6847568,Validation,2019,2019-11-05,0.02931433415734847,exper2_10
5.953666700000042,6.2144923,Validation,2019,2019-11-06,0.021435093062468664,exper2_10
5.54400000000004,5.6591253,Validation,2019,2019-11-07,0.01027617960994639,exper2_10
5.2083335000000375,5.3784223,Validation,2019,2019-11-08,0.016066183459380774,exper2_10
,5.352147,Validation,2019,2019-11-09,,exper2_10
,5.2724786,Validation,2019,2019-11-10,,exper2_10
,4.2392063,Validation,2019,2019-11-11,,exper2_10
,3.854395,Validation,2019,2019-11-12,,exper2_10
,3.8164928,Validation,2019,2019-11-13,,exper2_10
,3.406889,Validation,2019,2019-11-14,,exper2_10
,3.1650066,Validation,2019,2019-11-15,,exper2_10
,2.9801872,Validation,2019,2019-11-16,,exper2_10
,2.794571,Validation,2019,2019-11-17,,exper2_10
,2.8895183,Validation,2019,2019-11-18,,exper2_10
,2.8256953,Validation,2019,2019-11-19,,exper2_10
,2.7112193,Validation,2019,2019-11-20,,exper2_10
,2.7938821,Validation,2019,2019-11-21,,exper2_10
,2.4368217,Validation,2019,2019-11-22,,exper2_10
,2.3879194,Validation,2019,2019-11-23,,exper2_10
,2.180556,Validation,2019,2019-11-24,,exper2_10
,1.900066,Validation,2019,2019-11-25,,exper2_10
,2.1243358,Validation,2019,2019-11-26,,exper2_10
,1.7832961,Validation,2019,2019-11-27,,exper2_10
,1.6207483,Validation,2019,2019-11-28,,exper2_10
,1.4320215,Validation,2019,2019-11-29,,exper2_10
,1.0829711,Validation,2019,2019-11-30,,exper2_10
,0.9843356,Validation,2019,2019-12-01,,exper2_10
,0.6300021,Validation,2019,2019-12-02,,exper2_10
,0.416107,Validation,2019,2019-12-03,,exper2_10
,0.5730151,Validation,2019,2019-12-04,,exper2_10
,0.59716547,Validation,2019,2019-12-05,,exper2_10
,0.58744526,Validation,2019,2019-12-06,,exper2_10
,0.21021247,Validation,2019,2019-12-07,,exper2_10
,0.47885364,Validation,2019,2019-12-08,,exper2_10
,0.47593766,Validation,2019,2019-12-09,,exper2_10
,0.12762938,Validation,2019,2019-12-10,,exper2_10
,0.01,Validation,2019,2019-12-11,,exper2_10
,0.041769862,Validation,2019,2019-12-12,,exper2_10
,0.3750888,Validation,2019,2019-12-13,,exper2_10
,0.41139615,Validation,2019,2019-12-14,,exper2_10
,0.0033349693,Validation,2019,2019-12-15,,exper2_10
,0.01,Validation,2019,2019-12-16,,exper2_10
,0.01,Validation,2019,2019-12-17,,exper2_10
,0.01,Validation,2019,2019-12-18,,exper2_10
,0.01,Validation,2019,2019-12-19,,exper2_10
,0.059127912,Validation,2019,2019-12-20,,exper2_10
,0.01,Validation,2019,2019-12-21,,exper2_10
,0.01,Validation,2019,2019-12-22,,exper2_10
,0.1309801,Validation,2019,2019-12-23,,exper2_10
,0.21151844,Validation,2019,2019-12-24,,exper2_10
,0.27249944,Validation,2019,2019-12-25,,exper2_10
,0.32528108,Validation,2019,2019-12-26,,exper2_10
,0.42543656,Validation,2019,2019-12-27,,exper2_10
,0.31016994,Validation,2019,2019-12-28,,exper2_10
,0.25259632,Validation,2019,2019-12-29,,exper2_10
,0.26745498,Validation,2019,2019-12-30,,exper2_10
,0.3486367,Validation,2019,2019-12-31,,exper2_10
,0.01,Validation,2020,2020-01-01,,exper2_10
,0.01,Validation,2020,2020-01-02,,exper2_10
,0.01,Validation,2020,2020-01-03,,exper2_10
,0.01,Validation,2020,2020-01-04,,exper2_10
,0.01,Validation,2020,2020-01-05,,exper2_10
,0.041193932,Validation,2020,2020-01-06,,exper2_10
,0.0016110092,Validation,2020,2020-01-07,,exper2_10
,0.17990908,Validation,2020,2020-01-08,,exper2_10
,0.22433573,Validation,2020,2020-01-09,,exper2_10
,0.01,Validation,2020,2020-01-10,,exper2_10
,0.01,Validation,2020,2020-01-11,,exper2_10
,0.01,Validation,2020,2020-01-12,,exper2_10
,0.01,Validation,2020,2020-01-13,,exper2_10
,0.01,Validation,2020,2020-01-14,,exper2_10
,0.01,Validation,2020,2020-01-15,,exper2_10
,0.01,Validation,2020,2020-01-16,,exper2_10
,0.01,Validation,2020,2020-01-17,,exper2_10
,0.01,Validation,2020,2020-01-18,,exper2_10
,0.01,Validation,2020,2020-01-19,,exper2_10
,0.01,Validation,2020,2020-01-20,,exper2_10
,0.01,Validation,2020,2020-01-21,,exper2_10
,0.01,Validation,2020,2020-01-22,,exper2_10
,0.01,Validation,2020,2020-01-23,,exper2_10
,0.01,Validation,2020,2020-01-24,,exper2_10
,0.01,Validation,2020,2020-01-25,,exper2_10
,0.01,Validation,2020,2020-01-26,,exper2_10
,0.01,Validation,2020,2020-01-27,,exper2_10
,0.01,Validation,2020,2020-01-28,,exper2_10
,0.01,Validation,2020,2020-01-29,,exper2_10
,0.01,Validation,2020,2020-01-30,,exper2_10
,0.01,Validation,2020,2020-01-31,,exper2_10
,0.01,Validation,2020,2020-02-01,,exper2_10
,0.01,Validation,2020,2020-02-02,,exper2_10
,0.01,Validation,2020,2020-02-03,,exper2_10
,0.056551516,Validation,2020,2020-02-04,,exper2_10
,0.3074044,Validation,2020,2020-02-05,,exper2_10
,0.014551565,Validation,2020,2020-02-06,,exper2_10
,0.01,Validation,2020,2020-02-07,,exper2_10
,0.11014658,Validation,2020,2020-02-08,,exper2_10
,0.01,Validation,2020,2020-02-09,,exper2_10
,0.10327844,Validation,2020,2020-02-10,,exper2_10
,0.07275385,Validation,2020,2020-02-11,,exper2_10
,0.01,Validation,2020,2020-02-12,,exper2_10
,0.3271829,Validation,2020,2020-02-13,,exper2_10
,0.01,Validation,2020,2020-02-14,,exper2_10
,0.01,Validation,2020,2020-02-15,,exper2_10
,0.01,Validation,2020,2020-02-16,,exper2_10
,0.01,Validation,2020,2020-02-17,,exper2_10
,0.01,Validation,2020,2020-02-18,,exper2_10
,0.01,Validation,2020,2020-02-19,,exper2_10
,0.01,Validation,2020,2020-02-20,,exper2_10
,0.01,Validation,2020,2020-02-21,,exper2_10
,0.01,Validation,2020,2020-02-22,,exper2_10
,0.01,Validation,2020,2020-02-23,,exper2_10
,0.01,Validation,2020,2020-02-24,,exper2_10
,0.14753526,Validation,2020,2020-02-25,,exper2_10
,0.030773476,Validation,2020,2020-02-26,,exper2_10
,0.03097713,Validation,2020,2020-02-27,,exper2_10
,0.01,Validation,2020,2020-02-28,,exper2_10
,0.01,Validation,2020,2020-02-29,,exper2_10
,0.01,Validation,2020,2020-03-01,,exper2_10
,0.01,Validation,2020,2020-03-02,,exper2_10
,0.01,Validation,2020,2020-03-03,,exper2_10
,0.01,Validation,2020,2020-03-04,,exper2_10
,0.01,Validation,2020,2020-03-05,,exper2_10
,0.10701533,Validation,2020,2020-03-06,,exper2_10
,0.01,Validation,2020,2020-03-07,,exper2_10
,0.01,Validation,2020,2020-03-08,,exper2_10
,0.01,Validation,2020,2020-03-09,,exper2_10
,0.17790666,Validation,2020,2020-03-10,,exper2_10
,0.0955207,Validation,2020,2020-03-11,,exper2_10
,0.01,Validation,2020,2020-03-12,,exper2_10
,0.28110296,Validation,2020,2020-03-13,,exper2_10
,0.29471567,Validation,2020,2020-03-14,,exper2_10
,0.01,Validation,2020,2020-03-15,,exper2_10
,0.01,Validation,2020,2020-03-16,,exper2_10
,0.01,Validation,2020,2020-03-17,,exper2_10
,0.09475452,Validation,2020,2020-03-18,,exper2_10
,0.01,Validation,2020,2020-03-19,,exper2_10
,0.074119106,Validation,2020,2020-03-20,,exper2_10
,0.01,Validation,2020,2020-03-21,,exper2_10
,0.01,Validation,2020,2020-03-22,,exper2_10
,0.01,Validation,2020,2020-03-23,,exper2_10
,0.01,Validation,2020,2020-03-24,,exper2_10
,0.01,Validation,2020,2020-03-25,,exper2_10
,0.01,Validation,2020,2020-03-26,,exper2_10
,0.0954276,Validation,2020,2020-03-27,,exper2_10
,0.01,Validation,2020,2020-03-28,,exper2_10
,0.01,Validation,2020,2020-03-29,,exper2_10
,0.11909817,Validation,2020,2020-03-30,,exper2_10
,0.23828587,Validation,2020,2020-03-31,,exper2_10
,0.28922683,Validation,2020,2020-04-01,,exper2_10
,0.5763507,Validation,2020,2020-04-02,,exper2_10
,0.6032416,Validation,2020,2020-04-03,,exper2_10
,0.6521857,Validation,2020,2020-04-04,,exper2_10
,0.523551,Validation,2020,2020-04-05,,exper2_10
,0.611601,Validation,2020,2020-04-06,,exper2_10
,0.930069,Validation,2020,2020-04-07,,exper2_10
,1.4312849,Validation,2020,2020-04-08,,exper2_10
,1.3874196,Validation,2020,2020-04-09,,exper2_10
,1.419047,Validation,2020,2020-04-10,,exper2_10
,1.6719009,Validation,2020,2020-04-11,,exper2_10
,1.2835704,Validation,2020,2020-04-12,,exper2_10
,1.3924335,Validation,2020,2020-04-13,,exper2_10
,1.2909831,Validation,2020,2020-04-14,,exper2_10
,0.90027034,Validation,2020,2020-04-15,,exper2_10
,0.6607688,Validation,2020,2020-04-16,,exper2_10
,0.5487374,Validation,2020,2020-04-17,,exper2_10
,0.68669957,Validation,2020,2020-04-18,,exper2_10
,1.0914819,Validation,2020,2020-04-19,,exper2_10
,1.2887505,Validation,2020,2020-04-20,,exper2_10
,1.5566951,Validation,2020,2020-04-21,,exper2_10
,1.390577,Validation,2020,2020-04-22,,exper2_10
,1.5654122,Validation,2020,2020-04-23,,exper2_10
,1.9543341,Validation,2020,2020-04-24,,exper2_10
,2.2741961,Validation,2020,2020-04-25,,exper2_10
,2.7777646,Validation,2020,2020-04-26,,exper2_10
,3.285035,Validation,2020,2020-04-27,,exper2_10
,3.6120942,Validation,2020,2020-04-28,,exper2_10
,3.6117816,Validation,2020,2020-04-29,,exper2_10
,4.2194114,Validation,2020,2020-04-30,,exper2_10
,4.828192,Validation,2020,2020-05-01,,exper2_10
,5.582364,Validation,2020,2020-05-02,,exper2_10
,6.282035,Validation,2020,2020-05-03,,exper2_10
,6.359263,Validation,2020,2020-05-04,,exper2_10
,6.797096,Validation,2020,2020-05-05,,exper2_10
,7.3912835,Validation,2020,2020-05-06,,exper2_10
,7.487698,Validation,2020,2020-05-07,,exper2_10
,6.9939613,Validation,2020,2020-05-08,,exper2_10
,6.768347,Validation,2020,2020-05-09,,exper2_10
,6.891118,Validation,2020,2020-05-10,,exper2_10
,6.956097,Validation,2020,2020-05-11,,exper2_10
,7.14689,Validation,2020,2020-05-12,,exper2_10
,7.5370207,Validation,2020,2020-05-13,,exper2_10
,7.541511,Validation,2020,2020-05-14,,exper2_10
,8.832701,Validation,2020,2020-05-15,,exper2_10
,9.684733,Validation,2020,2020-05-16,,exper2_10
,9.784591,Validation,2020,2020-05-17,,exper2_10
,9.807324,Validation,2020,2020-05-18,,exper2_10
,11.135489,Validation,2020,2020-05-19,,exper2_10
,12.889093,Validation,2020,2020-05-20,,exper2_10
,14.687863,Validation,2020,2020-05-21,,exper2_10
,14.709392,Validation,2020,2020-05-22,,exper2_10
,15.250405,Validation,2020,2020-05-23,,exper2_10
,17.240877,Validation,2020,2020-05-24,,exper2_10
,17.978876,Validation,2020,2020-05-25,,exper2_10
,19.281431,Validation,2020,2020-05-26,,exper2_10
,19.661478,Validation,2020,2020-05-27,,exper2_10
,19.435976,Validation,2020,2020-05-28,,exper2_10
,18.403906,Validation,2020,2020-05-29,,exper2_10
,17.977163,Validation,2020,2020-05-30,,exper2_10
,18.215551,Validation,2020,2020-05-31,,exper2_10
,17.775831,Validation,2020,2020-06-01,,exper2_10
,19.460733,Validation,2020,2020-06-02,,exper2_10
,20.004383,Validation,2020,2020-06-03,,exper2_10
,20.408533,Validation,2020,2020-06-04,,exper2_10
,20.64803,Validation,2020,2020-06-05,,exper2_10
,20.486355,Validation,2020,2020-06-06,,exper2_10
,19.5669,Validation,2020,2020-06-07,,exper2_10
,20.406002,Validation,2020,2020-06-08,,exper2_10
,21.012255,Validation,2020,2020-06-09,,exper2_10
,20.409796,Validation,2020,2020-06-10,,exper2_10
,19.882158,Validation,2020,2020-06-11,,exper2_10
,20.164804,Validation,2020,2020-06-12,,exper2_10
,19.642355,Validation,2020,2020-06-13,,exper2_10
,19.45983,Validation,2020,2020-06-14,,exper2_10
,19.684185,Validation,2020,2020-06-15,,exper2_10
,20.25891,Validation,2020,2020-06-16,,exper2_10
,20.945463,Validation,2020,2020-06-17,,exper2_10
,21.468655,Validation,2020,2020-06-18,,exper2_10
,21.45526,Validation,2020,2020-06-19,,exper2_10
,21.150137,Validation,2020,2020-06-20,,exper2_10
,21.78479,Validation,2020,2020-06-21,,exper2_10
21.54600000000005,21.987757,Validation,2020,2020-06-22,0.010147452513106283,exper2_10
20.871334000000047,21.609797,Validation,2020,2020-06-23,0.017383306774987367,exper2_10
20.704665999999975,21.481674,Validation,2020,2020-06-24,0.01841847836898368,exper2_10
21.306667000000004,21.75521,Validation,2020,2020-06-25,0.010416263725228473,exper2_10
21.77366600000005,22.122871,Validation,2020,2020-06-26,0.007955192359529436,exper2_10
22.580667000000005,23.183027,Validation,2020,2020-06-27,0.013162404764258855,exper2_10
23.259333000000026,23.622797,Validation,2020,2020-06-28,0.007752719687298569,exper2_10
23.011667000000045,23.354496,Validation,2020,2020-06-29,0.007393948086257934,exper2_10
23.727666999999997,24.271574,Validation,2020,2020-06-30,0.011331575433760357,exper2_10
24.896667000000036,24.942202,Validation,2020,2020-07-01,0.0009136365982174101,exper2_10
25.867331999999976,25.409786,Validation,2020,2020-07-02,-0.008923000969608528,exper2_10
26.54200000000003,25.88372,Validation,2020,2020-07-03,-0.012556424538451575,exper2_10
27.329665999999975,26.199505,Validation,2020,2020-07-04,-0.021112995581858536,exper2_10
27.467332999999996,26.358374,Validation,2020,2020-07-05,-0.02060278307925771,exper2_10
27.40266600000001,26.567896,Validation,2020,2020-07-06,-0.015467137667202186,exper2_10
27.483000000000004,26.769827,Validation,2020,2020-07-07,-0.013145363142469106,exper2_10
27.20233300000001,26.912233,Validation,2020,2020-07-08,-0.005360842133489837,exper2_10
26.258667000000003,26.94261,Validation,2020,2020-07-09,0.01285575888950451,exper2_10
26.026666999999975,26.555378,Validation,2020,2020-07-10,0.010054971437593199,exper2_10
25.897333000000003,26.070131,Validation,2020,2020-07-11,0.003325124752596957,exper2_10
25.463332999999977,25.500807,Validation,2020,2020-07-12,0.000735297576149282,exper2_10
25.22800000000001,25.605844,Validation,2020,2020-07-13,0.007432931768477492,exper2_10
24.553999999999974,25.02296,Validation,2020,2020-07-14,0.009459245919310905,exper2_10
24.36933300000004,24.836342,Validation,2020,2020-07-15,0.009490955245684244,exper2_10
24.190999999999974,24.81384,Validation,2020,2020-07-16,0.012709782443552359,exper2_10
24.662333000000046,24.86518,Validation,2020,2020-07-17,0.004095623895586055,exper2_10
25.326666000000046,24.829908,Validation,2020,2020-07-18,-0.00990413789734145,exper2_10
25.370000000000005,24.759546,Validation,2020,2020-07-19,-0.012177523344899256,exper2_10
24.54200000000003,24.23539,Validation,2020,2020-07-20,-0.006285910179974828,exper2_10
23.822332000000017,23.76621,Validation,2020,2020-07-21,-0.001179305794113507,exper2_10
23.100333999999975,23.326454,Validation,2020,2020-07-22,0.004870467494019929,exper2_10
23.171667000000014,23.775871,Validation,2020,2020-07-23,0.012869775477734047,exper2_10
23.199666999999977,24.130306,Validation,2020,2020-07-24,0.0196627882948681,exper2_10
23.612333000000035,24.521463,Validation,2020,2020-07-25,0.018887568865754614,exper2_10
23.94266700000003,24.693823,Validation,2020,2020-07-26,0.015444286026167986,exper2_10
23.814332999999976,24.261143,Validation,2020,2020-07-27,0.009293922190508272,exper2_10
24.218000000000018,24.049952,Validation,2020,2020-07-28,-0.0034815740309502774,exper2_10
24.12533400000001,23.844461,Validation,2020,2020-07-29,-0.0058551960953261185,exper2_10
24.16566700000004,23.704926,Validation,2020,2020-07-30,-0.009624728637597262,exper2_10
24.430000000000007,24.098547,Validation,2020,2020-07-31,-0.006830062690991176,exper2_10
24.77600000000001,24.153847,Validation,2020,2020-08-01,-0.01271520964645812,exper2_10
23.891999999999996,23.547194,Validation,2020,2020-08-02,-0.007268388164745223,exper2_10
22.619000000000028,22.290533,Validation,2020,2020-08-03,-0.00731396903465686,exper2_10
22.223666999999978,22.06844,Validation,2020,2020-08-04,-0.003504631607772512,exper2_10
22.203333000000043,21.786274,Validation,2020,2020-08-05,-0.009480854059813247,exper2_10
22.30600000000004,21.807684,Validation,2020,2020-08-06,-0.011296178662442827,exper2_10
22.523333000000036,22.014317,Validation,2020,2020-08-07,-0.011428902203060648,exper2_10
22.58299999999997,21.977654,Validation,2020,2020-08-08,-0.013584776007281162,exper2_10
23.222000000000037,22.621117,Validation,2020,2020-08-09,-0.013107384616951535,exper2_10
23.245000000000005,22.737986,Validation,2020,2020-08-10,-0.01102613025886738,exper2_10
23.101,22.65905,Validation,2020,2020-08-11,-0.009657987968215195,exper2_10
23.552999999999997,22.979969,Validation,2020,2020-08-12,-0.012314515651003064,exper2_10
23.581000000000017,22.883059,Validation,2020,2020-08-13,-0.015021103920695332,exper2_10
23.529667000000018,23.160807,Validation,2020,2020-08-14,-0.00790011998667625,exper2_10
23.367999999999995,23.244585,Validation,2020,2020-08-15,-0.002647674714242365,exper2_10
23.324000000000012,23.010115,Validation,2020,2020-08-16,-0.006774389290420507,exper2_10
23.141999999999996,22.662378,Validation,2020,2020-08-17,-0.010471088278605477,exper2_10
22.974000000000046,22.39718,Validation,2020,2020-08-18,-0.012713344366722348,exper2_10
22.939999999999998,19.87319,Validation,2020,2020-08-19,-0.07163236561309187,exper2_10
22.83299999999997,21.247478,Validation,2020,2020-08-20,-0.03596879093379663,exper2_10
23.29400000000004,22.289738,Validation,2020,2020-08-21,-0.02203115297745377,exper2_10
23.146000000000015,20.981634,Validation,2020,2020-08-22,-0.04904785634140157,exper2_10
23.40433300000001,23.061663,Validation,2020,2020-08-23,-0.007374647224915079,exper2_10
23.611000000000047,23.275707,Validation,2020,2020-08-24,-0.007151126083046984,exper2_10
23.824000000000012,23.47555,Validation,2020,2020-08-25,-0.00736688413208473,exper2_10
23.602666999999997,23.058315,Validation,2020,2020-08-26,-0.011666100804901951,exper2_10
24.082333000000006,23.026163,Validation,2020,2020-08-27,-0.02241994515246042,exper2_10
23.539000000000044,21.80056,Validation,2020,2020-08-28,-0.038342674753241074,exper2_10
22.757668000000024,21.425198,Validation,2020,2020-08-29,-0.03015808007350941,exper2_10
22.44233300000002,21.488226,Validation,2020,2020-08-30,-0.021718527744685294,exper2_10
21.822666000000027,20.988327,Validation,2020,2020-08-31,-0.019488895600225185,exper2_10
21.260000000000048,20.39967,Validation,2020,2020-09-01,-0.020651396424136718,exper2_10
20.866000000000042,20.323654,Validation,2020,2020-09-02,-0.013167040026451641,exper2_10
20.36033199999997,20.117733,Validation,2020,2020-09-03,-0.0059933447480936776,exper2_10
19.837334,19.620966,Validation,2020,2020-09-04,-0.005483460833098931,exper2_10
19.698000000000036,19.378767,Validation,2020,2020-09-05,-0.008169380704896529,exper2_10
19.454000000000008,18.978231,Validation,2020,2020-09-06,-0.012379415720687228,exper2_10
19.005333000000007,18.632471,Validation,2020,2020-09-07,-0.009906579952625193,exper2_10
18.348666999999978,17.972395,Validation,2020,2020-09-08,-0.010359610557387133,exper2_10
17.62900000000002,16.419804,Validation,2020,2020-09-09,-0.03551362315493604,exper2_10
17.578333000000043,18.322449,Validation,2020,2020-09-10,0.0207270063380592,exper2_10
17.326333999999974,18.245884,Validation,2020,2020-09-11,0.025850227926714257,exper2_10
17.210000000000036,17.387157,Validation,2020,2020-09-12,0.005120577911401966,exper2_10
17.247667000000035,17.399237,Validation,2020,2020-09-13,0.004374696234937843,exper2_10
17.100000000000023,17.551922,Validation,2020,2020-09-14,0.013041754120034695,exper2_10
17.17333400000001,17.74655,Validation,2020,2020-09-15,0.016415163715477955,exper2_10
17.302999999999997,17.681837,Validation,2020,2020-09-16,0.010828607862949884,exper2_10
16.991667000000007,17.266289,Validation,2020,2020-09-17,0.008016291435179955,exper2_10
16.84366600000004,16.843298,Validation,2020,2020-09-18,-1.0925342707430966e-05,exper2_10
16.414333,16.58545,Validation,2020,2020-09-19,0.005185374182644607,exper2_10
16.252665999999977,16.69024,Validation,2020,2020-09-20,0.013282824792759346,exper2_10
15.967667000000006,16.744688,Validation,2020,2020-09-21,0.023753136490742902,exper2_10
16.76266700000002,17.278044,Validation,2020,2020-09-22,0.01514001134639716,exper2_10
17.23199999999997,17.443953,Validation,2020,2020-09-23,0.006112378890111084,exper2_10
17.254332999999974,17.675444,Validation,2020,2020-09-24,0.012055921614390112,exper2_10
16.887,17.553526,Validation,2020,2020-09-25,0.019352954311447814,exper2_10
17.008000000000038,17.751802,Validation,2020,2020-09-26,0.02139835074282933,exper2_10
16.667666999999994,17.48834,Validation,2020,2020-09-27,0.024027204606497533,exper2_10
16.311000000000035,17.159891,Validation,2020,2020-09-28,0.02536207133774721,exper2_10
15.794666000000007,16.250439,Validation,2020,2020-09-29,0.014222849155650589,exper2_10
15.482667000000049,15.820868,Validation,2020,2020-09-30,0.010803908997454117,exper2_10
15.020000000000039,15.232811,Validation,2020,2020-10-01,0.007034419852855919,exper2_10
14.540999999999997,14.678114,Validation,2020,2020-10-02,0.004692611065201837,exper2_10
14.13166700000005,14.117699,Validation,2020,2020-10-03,-0.0004944652821557049,exper2_10
13.748667000000012,13.569706,Validation,2020,2020-10-04,-0.006550940537591606,exper2_10
13.382667000000026,13.406785,Validation,2020,2020-10-05,0.0009002801282128531,exper2_10
13.338667000000044,13.388299,Validation,2020,2020-10-06,0.001857000467763153,exper2_10
13.342000000000041,13.118951,Validation,2020,2020-10-07,-0.008429370414751175,exper2_10
13.312666999999976,13.000621,Validation,2020,2020-10-08,-0.011858881333793661,exper2_10
13.20533400000005,12.887021,Validation,2020,2020-10-09,-0.012199471241738504,exper2_10
13.19300000000004,12.857964,Validation,2020,2020-10-10,-0.012860807900283627,exper2_10
12.95533400000005,12.473948,Validation,2020,2020-10-11,-0.018930400157075342,exper2_10
12.797000000000025,12.69583,Validation,2020,2020-10-12,-0.00396855325503114,exper2_10
12.508000000000038,12.304862,Validation,2020,2020-10-13,-0.008186801563509764,exper2_10
12.16500000000002,12.132559,Validation,2020,2020-10-14,-0.0013351620055742938,exper2_10
11.729000000000042,11.7131605,Validation,2020,2020-10-15,-0.0006756836750809469,exper2_10
11.298667000000023,11.249551,Validation,2020,2020-10-16,-0.0021782732895545514,exper2_10
10.789667000000009,10.937703,Validation,2020,2020-10-17,0.006813347944354779,exper2_10
10.424334000000044,10.561341,Validation,2020,2020-10-18,0.006528609817900141,exper2_10
10.057667000000038,9.871199,Validation,2020,2020-10-19,-0.009356696415190607,exper2_10
9.649667000000022,9.553561,Validation,2020,2020-10-20,-0.005004668398123114,exper2_10
9.282000000000039,9.356543,Validation,2020,2020-10-21,0.00399937854213479,exper2_10
8.961666999999977,9.10731,Validation,2020,2020-10-22,0.008060406116314027,exper2_10
8.526666999999975,9.03038,Validation,2020,2020-10-23,0.02869008904965389,exper2_10
8.152332999999999,8.553508,Validation,2020,2020-10-24,0.024014044522299282,exper2_10
7.8853335000000015,8.318032,Validation,2020,2020-10-25,0.02670425212839904,exper2_10
7.608000000000004,7.8073735,Validation,2020,2020-10-26,0.012933421522707492,exper2_10
7.260000000000048,7.0973554,Validation,2020,2020-10-27,-0.011328314310226812,exper2_10
6.967666599999973,7.1832366,Validation,2020,2020-10-28,0.015233656533262623,exper2_10
6.721000000000004,7.339789,Validation,2020,2020-10-29,0.04400812198543937,exper2_10
6.615333600000042,7.077065,Validation,2020,2020-10-30,0.03372173165488017,exper2_10
6.3683333000000175,6.9329166,Validation,2020,2020-10-31,0.04244588619337663,exper2_10
6.0470000000000255,6.664979,Validation,2020,2020-11-01,0.04861390834116589,exper2_10
5.913000000000011,6.5072722,Validation,2020,2020-11-02,0.047846957928861934,exper2_10
5.8250000000000455,6.461803,Validation,2020,2020-11-03,0.05182820637265301,exper2_10
,6.547283,Validation,2020,2020-11-04,,exper2_10
,6.4962153,Validation,2020,2020-11-05,,exper2_10
,6.3392386,Validation,2020,2020-11-06,,exper2_10
,6.2647047,Validation,2020,2020-11-07,,exper2_10
,6.1904364,Validation,2020,2020-11-08,,exper2_10
,6.7518473,Validation,2020,2020-11-09,,exper2_10
,6.862496,Validation,2020,2020-11-10,,exper2_10
,6.4813275,Validation,2020,2020-11-11,,exper2_10
,6.261172,Validation,2020,2020-11-12,,exper2_10
,5.8886304,Validation,2020,2020-11-13,,exper2_10
,5.722178,Validation,2020,2020-11-14,,exper2_10
,5.5948567,Validation,2020,2020-11-15,,exper2_10
,5.199327,Validation,2020,2020-11-16,,exper2_10
,5.13267,Validation,2020,2020-11-17,,exper2_10
,4.9634414,Validation,2020,2020-11-18,,exper2_10
,4.895974,Validation,2020,2020-11-19,,exper2_10
,4.731068,Validation,2020,2020-11-20,,exper2_10
,4.432216,Validation,2020,2020-11-21,,exper2_10
,4.4126043,Validation,2020,2020-11-22,,exper2_10
,4.079079,Validation,2020,2020-11-23,,exper2_10
,3.6418319,Validation,2020,2020-11-24,,exper2_10
,3.830169,Validation,2020,2020-11-25,,exper2_10
,3.72586,Validation,2020,2020-11-26,,exper2_10
,3.598941,Validation,2020,2020-11-27,,exper2_10
,3.2477443,Validation,2020,2020-11-28,,exper2_10
,3.0608358,Validation,2020,2020-11-29,,exper2_10
,2.8527,Validation,2020,2020-11-30,,exper2_10
,2.3986108,Validation,2020,2020-12-01,,exper2_10
,2.2058709,Validation,2020,2020-12-02,,exper2_10
,2.0443876,Validation,2020,2020-12-03,,exper2_10
,2.2321568,Validation,2020,2020-12-04,,exper2_10
,1.79922,Validation,2020,2020-12-05,,exper2_10
,1.7176322,Validation,2020,2020-12-06,,exper2_10
,2.059635,Validation,2020,2020-12-07,,exper2_10
,1.9860691,Validation,2020,2020-12-08,,exper2_10
,1.6168188,Validation,2020,2020-12-09,,exper2_10
,1.6125789,Validation,2020,2020-12-10,,exper2_10
,1.7639495,Validation,2020,2020-12-11,,exper2_10
,1.7521154,Validation,2020,2020-12-12,,exper2_10
,1.7054514,Validation,2020,2020-12-13,,exper2_10
,1.2383356,Validation,2020,2020-12-14,,exper2_10
,1.0992451,Validation,2020,2020-12-15,,exper2_10
,1.0947328,Validation,2020,2020-12-16,,exper2_10
,1.1235111,Validation,2020,2020-12-17,,exper2_10
,1.426788,Validation,2020,2020-12-18,,exper2_10
,1.6663756,Validation,2020,2020-12-19,,exper2_10
,1.6567718,Validation,2020,2020-12-20,,exper2_10
,1.5142013,Validation,2020,2020-12-21,,exper2_10
,1.314531,Validation,2020,2020-12-22,,exper2_10
,1.3681697,Validation,2020,2020-12-23,,exper2_10
,0.94494045,Validation,2020,2020-12-24,,exper2_10
,0.80645275,Validation,2020,2020-12-25,,exper2_10
,0.9895368,Validation,2020,2020-12-26,,exper2_10
,1.0493706,Validation,2020,2020-12-27,,exper2_10
,0.71592915,Validation,2020,2020-12-28,,exper2_10
,0.4324626,Validation,2020,2020-12-29,,exper2_10
,0.72824997,Validation,2020,2020-12-30,,exper2_10
,0.5589962,Validation,2020,2020-12-31,,exper2_10
,0.29262272,Validation,2021,2021-01-01,,exper2_10
,0.5005471,Validation,2021,2021-01-02,,exper2_10
,0.34769493,Validation,2021,2021-01-03,,exper2_10
,0.53824663,Validation,2021,2021-01-04,,exper2_10
,0.3946126,Validation,2021,2021-01-05,,exper2_10
,0.42993182,Validation,2021,2021-01-06,,exper2_10
,0.39986533,Validation,2021,2021-01-07,,exper2_10
,0.41286778,Validation,2021,2021-01-08,,exper2_10
,0.42097932,Validation,2021,2021-01-09,,exper2_10
,0.39315748,Validation,2021,2021-01-10,,exper2_10
,0.5521899,Validation,2021,2021-01-11,,exper2_10
,0.21315648,Validation,2021,2021-01-12,,exper2_10
,0.673988,Validation,2021,2021-01-13,,exper2_10
,0.45819724,Validation,2021,2021-01-14,,exper2_10
,0.2020828,Validation,2021,2021-01-15,,exper2_10
,0.1450085,Validation,2021,2021-01-16,,exper2_10
,0.01,Validation,2021,2021-01-17,,exper2_10
,0.06314425,Validation,2021,2021-01-18,,exper2_10
,0.15774475,Validation,2021,2021-01-19,,exper2_10
,0.08900893,Validation,2021,2021-01-20,,exper2_10
,0.027416185,Validation,2021,2021-01-21,,exper2_10
,0.5994378,Validation,2021,2021-01-22,,exper2_10
,0.6218591,Validation,2021,2021-01-23,,exper2_10
,0.027674839,Validation,2021,2021-01-24,,exper2_10
,0.48913318,Validation,2021,2021-01-25,,exper2_10
,0.11886227,Validation,2021,2021-01-26,,exper2_10
,0.41839224,Validation,2021,2021-01-27,,exper2_10
,0.39295053,Validation,2021,2021-01-28,,exper2_10
,0.36633673,Validation,2021,2021-01-29,,exper2_10
,0.0054856837,Validation,2021,2021-01-30,,exper2_10
,0.067785576,Validation,2021,2021-01-31,,exper2_10
,0.13884096,Validation,2021,2021-02-01,,exper2_10
,0.08742254,Validation,2021,2021-02-02,,exper2_10
,0.5421877,Validation,2021,2021-02-03,,exper2_10
,0.13431601,Validation,2021,2021-02-04,,exper2_10
,0.5000956,Validation,2021,2021-02-05,,exper2_10
,0.3760494,Validation,2021,2021-02-06,,exper2_10
,0.19014363,Validation,2021,2021-02-07,,exper2_10
,0.14504929,Validation,2021,2021-02-08,,exper2_10
,0.0947896,Validation,2021,2021-02-09,,exper2_10
,0.10364945,Validation,2021,2021-02-10,,exper2_10
,0.11620827,Validation,2021,2021-02-11,,exper2_10
,0.35495985,Validation,2021,2021-02-12,,exper2_10
,0.16772692,Validation,2021,2021-02-13,,exper2_10
,0.0683677,Validation,2021,2021-02-14,,exper2_10
,0.06108229,Validation,2021,2021-02-15,,exper2_10
,0.06632158,Validation,2021,2021-02-16,,exper2_10
,0.060709774,Validation,2021,2021-02-17,,exper2_10
,0.12714665,Validation,2021,2021-02-18,,exper2_10
,0.12833354,Validation,2021,2021-02-19,,exper2_10
,0.01,Validation,2021,2021-02-20,,exper2_10
,0.1900085,Validation,2021,2021-02-21,,exper2_10
,0.14553502,Validation,2021,2021-02-22,,exper2_10
,0.2719692,Validation,2021,2021-02-23,,exper2_10
,0.30112657,Validation,2021,2021-02-24,,exper2_10
,0.37993217,Validation,2021,2021-02-25,,exper2_10
,0.012722656,Validation,2021,2021-02-26,,exper2_10
,0.01,Validation,2021,2021-02-27,,exper2_10
,0.01,Validation,2021,2021-02-28,,exper2_10
,0.32097766,Validation,2021,2021-03-01,,exper2_10
,0.01,Validation,2021,2021-03-02,,exper2_10
,0.015166983,Validation,2021,2021-03-03,,exper2_10
,0.01,Validation,2021,2021-03-04,,exper2_10
,0.01,Validation,2021,2021-03-05,,exper2_10
,0.01,Validation,2021,2021-03-06,,exper2_10
,0.01,Validation,2021,2021-03-07,,exper2_10
,0.01,Validation,2021,2021-03-08,,exper2_10
,0.01,Validation,2021,2021-03-09,,exper2_10
,0.01,Validation,2021,2021-03-10,,exper2_10
,0.3016867,Validation,2021,2021-03-11,,exper2_10
,0.011304915,Validation,2021,2021-03-12,,exper2_10
,0.015594944,Validation,2021,2021-03-13,,exper2_10
,0.01,Validation,2021,2021-03-14,,exper2_10
,0.01,Validation,2021,2021-03-15,,exper2_10
,0.005752802,Validation,2021,2021-03-16,,exper2_10
,0.040977314,Validation,2021,2021-03-17,,exper2_10
,0.12353279,Validation,2021,2021-03-18,,exper2_10
,0.048641607,Validation,2021,2021-03-19,,exper2_10
,0.027507499,Validation,2021,2021-03-20,,exper2_10
,0.01,Validation,2021,2021-03-21,,exper2_10
,0.01,Validation,2021,2021-03-22,,exper2_10
,0.01,Validation,2021,2021-03-23,,exper2_10
,0.2058277,Validation,2021,2021-03-24,,exper2_10
,0.01,Validation,2021,2021-03-25,,exper2_10
,0.01,Validation,2021,2021-03-26,,exper2_10
,0.16563426,Validation,2021,2021-03-27,,exper2_10
,0.01,Validation,2021,2021-03-28,,exper2_10
,0.01,Validation,2021,2021-03-29,,exper2_10
,0.01,Validation,2021,2021-03-30,,exper2_10
,0.01,Validation,2021,2021-03-31,,exper2_10
,0.01,Validation,2021,2021-04-01,,exper2_10
,0.01,Validation,2021,2021-04-02,,exper2_10
,0.01,Validation,2021,2021-04-03,,exper2_10
,0.29630023,Validation,2021,2021-04-04,,exper2_10
,1.7822171,Validation,2021,2021-04-05,,exper2_10
,3.446296,Validation,2021,2021-04-06,,exper2_10
,5.398531,Validation,2021,2021-04-07,,exper2_10
,5.517718,Validation,2021,2021-04-08,,exper2_10
,5.657917,Validation,2021,2021-04-09,,exper2_10
,5.4656506,Validation,2021,2021-04-10,,exper2_10
,5.5954413,Validation,2021,2021-04-11,,exper2_10
,5.568373,Validation,2021,2021-04-12,,exper2_10
,5.6995587,Validation,2021,2021-04-13,,exper2_10
,5.987407,Validation,2021,2021-04-14,,exper2_10
,6.095664,Validation,2021,2021-04-15,,exper2_10
,6.2696357,Validation,2021,2021-04-16,,exper2_10
,6.0080843,Validation,2021,2021-04-17,,exper2_10
,5.8769755,Validation,2021,2021-04-18,,exper2_10
,6.4158773,Validation,2021,2021-04-19,,exper2_10
,6.3397155,Validation,2021,2021-04-20,,exper2_10
,6.2906504,Validation,2021,2021-04-21,,exper2_10
,6.108845,Validation,2021,2021-04-22,,exper2_10
,6.0380445,Validation,2021,2021-04-23,,exper2_10
,6.210961,Validation,2021,2021-04-24,,exper2_10
,5.8557,Validation,2021,2021-04-25,,exper2_10
,5.5437183,Validation,2021,2021-04-26,,exper2_10
,6.5569234,Validation,2021,2021-04-27,,exper2_10
,6.9299364,Validation,2021,2021-04-28,,exper2_10
,7.046251,Validation,2021,2021-04-29,,exper2_10
,7.334141,Validation,2021,2021-04-30,,exper2_10
,7.642714,Validation,2021,2021-05-01,,exper2_10
,7.8550715,Validation,2021,2021-05-02,,exper2_10
,7.8897986,Validation,2021,2021-05-03,,exper2_10
,7.8233933,Validation,2021,2021-05-04,,exper2_10
,8.251725,Validation,2021,2021-05-05,,exper2_10
,8.221744,Validation,2021,2021-05-06,,exper2_10
,8.101449,Validation,2021,2021-05-07,,exper2_10
,8.216364,Validation,2021,2021-05-08,,exper2_10
,8.278128,Validation,2021,2021-05-09,,exper2_10
,8.233035,Validation,2021,2021-05-10,,exper2_10
,8.079506,Validation,2021,2021-05-11,,exper2_10
,8.691771,Validation,2021,2021-05-12,,exper2_10
,9.398206,Validation,2021,2021-05-13,,exper2_10
,10.571783,Validation,2021,2021-05-14,,exper2_10
,10.782066,Validation,2021,2021-05-15,,exper2_10
,12.286626,Validation,2021,2021-05-16,,exper2_10
,13.945476,Validation,2021,2021-05-17,,exper2_10
,15.123715,Validation,2021,2021-05-18,,exper2_10
,14.769478,Validation,2021,2021-05-19,,exper2_10
,14.571303,Validation,2021,2021-05-20,,exper2_10
,14.355815,Validation,2021,2021-05-21,,exper2_10
,15.688452,Validation,2021,2021-05-22,,exper2_10
,14.8420925,Validation,2021,2021-05-23,,exper2_10
,14.513303,Validation,2021,2021-05-24,,exper2_10
,15.461617,Validation,2021,2021-05-25,,exper2_10
,15.383339,Validation,2021,2021-05-26,,exper2_10
,14.987321,Validation,2021,2021-05-27,,exper2_10
,14.675366,Validation,2021,2021-05-28,,exper2_10
,15.074043,Validation,2021,2021-05-29,,exper2_10
,14.766667,Validation,2021,2021-05-30,,exper2_10
,15.442031,Validation,2021,2021-05-31,,exper2_10
,16.172808,Validation,2021,2021-06-01,,exper2_10
,16.652395,Validation,2021,2021-06-02,,exper2_10
17.32000000000005,17.129618,Validation,2021,2021-06-03,-0.005526398309190148,exper2_10
18.378333999999995,18.39755,Validation,2021,2021-06-04,0.0005225321730177948,exper2_10
20.008000000000038,18.966558,Validation,2021,2021-06-05,-0.026721060733596726,exper2_10
20.967667000000006,19.554995,Validation,2021,2021-06-06,-0.034861293944676054,exper2_10
22.02433400000001,20.14298,Validation,2021,2021-06-07,-0.044616391709441296,exper2_10
23.62366700000001,21.425827,Validation,2021,2021-06-08,-0.048787228827618837,exper2_10
24.89100000000002,22.373852,Validation,2021,2021-06-09,-0.05325623860622299,exper2_10
24.600000000000023,22.946177,Validation,2021,2021-06-10,-0.03478352186874685,exper2_10
24.27600000000001,23.39248,Validation,2021,2021-06-11,-0.0185346613531992,exper2_10
24.450000000000045,23.506723,Validation,2021,2021-06-12,-0.019669329535388295,exper2_10
24.328666999999996,23.156017,Validation,2021,2021-06-13,-0.02469532468698724,exper2_10
23.47666700000002,22.7315,Validation,2021,2021-06-14,-0.016126291361024853,exper2_10
23.090666,22.302395,Validation,2021,2021-06-15,-0.017365454499030777,exper2_10
23.23199999999997,22.05527,Validation,2021,2021-06-16,-0.025983698694576608,exper2_10
23.318332999999996,22.136002,Validation,2021,2021-06-17,-0.02601141175711583,exper2_10
23.505999999999972,22.181486,Validation,2021,2021-06-18,-0.028990736467254315,exper2_10
23.34400000000005,21.873466,Validation,2021,2021-06-19,-0.03252136004945751,exper2_10
22.588667000000044,21.380365,Validation,2021,2021-06-20,-0.027480741856705793,exper2_10
21.037333000000046,20.368414,Validation,2021,2021-06-21,-0.016155222994480165,exper2_10
20.360000000000014,20.137644,Validation,2021,2021-06-22,-0.0054905956241274945,exper2_10
20.310000000000002,20.267868,Validation,2021,2021-06-23,-0.0010382989555837267,exper2_10
20.617331999999976,20.826607,Validation,2021,2021-06-24,0.005049586424404209,exper2_10
21.462334,21.504164,Validation,2021,2021-06-25,0.0009735432083978933,exper2_10
21.94300000000004,21.537182,Validation,2021,2021-06-26,-0.009333404977751824,exper2_10
22.005999999999972,21.64076,Validation,2021,2021-06-27,-0.008368079892248134,exper2_10
22.109667,22.390285,Validation,2021,2021-06-28,0.00630604025912529,exper2_10
22.349333,22.741499,Validation,2021,2021-06-29,0.008697243546166073,exper2_10
22.878000000000043,23.27518,Validation,2021,2021-06-30,0.008605708417545495,exper2_10
23.20533400000005,23.293089,Validation,2021,2021-07-01,0.001887266437575252,exper2_10
23.708334000000036,23.274519,Validation,2021,2021-07-02,-0.009233475745564846,exper2_10
23.986000000000047,23.670275,Validation,2021,2021-07-03,-0.006625051313010653,exper2_10
24.34200000000004,24.284039,Validation,2021,2021-07-04,-0.0011919839253773134,exper2_10
25.02600000000001,24.45518,Validation,2021,2021-07-05,-0.01153611927978177,exper2_10
24.64500000000004,23.940725,Validation,2021,2021-07-06,-0.014495506009812911,exper2_10
22.974000000000046,22.75292,Validation,2021,2021-07-07,-0.004834785472416101,exper2_10
22.658667000000037,22.02119,Validation,2021,2021-07-08,-0.014267645205555665,exper2_10
23.094334000000003,22.569853,Validation,2021,2021-07-09,-0.011485612849841969,exper2_10
23.628000000000043,22.972328,Validation,2021,2021-07-10,-0.014070111509673291,exper2_10
23.808332000000007,23.369368,Validation,2021,2021-07-11,-0.00930448928708412,exper2_10
23.88933400000002,23.657179,Validation,2021,2021-07-12,-0.004882695010834958,exper2_10
24.16700000000003,24.030306,Validation,2021,2021-07-13,-0.002836136483716509,exper2_10
24.266332999999975,24.111715,Validation,2021,2021-07-14,-0.0031960297822495763,exper2_10
23.864334000000042,23.665121,Validation,2021,2021-07-15,-0.004191357152735,exper2_10
24.37866600000001,24.252855,Validation,2021,2021-07-16,-0.0025870196064450993,exper2_10
24.798666000000026,24.734085,Validation,2021,2021-07-17,-0.001303802344513175,exper2_10
25.129332999999974,25.16459,Validation,2021,2021-07-18,0.0007010356894519765,exper2_10
24.980999999999995,25.22176,Validation,2021,2021-07-19,0.00479574822420585,exper2_10
24.586000000000013,25.039835,Validation,2021,2021-07-20,0.009145135319415066,exper2_10
24.030665999999997,24.452024,Validation,2021,2021-07-21,0.008690905059980268,exper2_10
23.726,23.868654,Validation,2021,2021-07-22,0.002997274659167018,exper2_10
23.903333999999973,24.378538,Validation,2021,2021-07-23,0.009842288849478102,exper2_10
24.282667000000004,24.44302,Validation,2021,2021-07-24,0.003290930867352081,exper2_10
24.42766800000004,24.171406,Validation,2021,2021-07-25,-0.0052729854247685086,exper2_10
24.777000000000044,24.361523,Validation,2021,2021-07-26,-0.00845522622222814,exper2_10
24.933666000000017,24.580881,Validation,2021,2021-07-27,-0.007124873431223145,exper2_10
24.77366600000005,25.101534,Validation,2021,2021-07-28,0.006573765929662077,exper2_10
24.451999999999998,25.032295,Validation,2021,2021-07-29,0.011726856457956836,exper2_10
24.39500000000004,24.802172,Validation,2021,2021-07-30,0.008276323476011491,exper2_10
24.24000000000001,24.498888,Validation,2021,2021-07-31,0.005311734146733444,exper2_10
23.70266700000002,23.76368,Validation,2021,2021-08-01,0.0012853844647357279,exper2_10
23.60566700000004,23.28026,Validation,2021,2021-08-02,-0.006940396280171263,exper2_10
23.588332999999977,23.617128,Validation,2021,2021-08-03,0.0006100008633612922,exper2_10
23.77866700000004,23.84997,Validation,2021,2021-08-04,0.0014970586728174158,exper2_10
23.430665999999974,23.50369,Validation,2021,2021-08-05,0.001555890497035746,exper2_10
23.305665999999974,23.43386,Validation,2021,2021-08-06,0.002742748753432881,exper2_10
22.931667000000004,23.169756,Validation,2021,2021-08-07,0.005164459587314169,exper2_10
22.782667000000004,22.929499,Validation,2021,2021-08-08,0.0032120917993112624,exper2_10
23.506332000000043,23.4335,Validation,2021,2021-08-09,-0.0015515971517157635,exper2_10
23.37366700000001,23.93777,Validation,2021,2021-08-10,0.011923202278733502,exper2_10
23.30333300000001,24.133924,Validation,2021,2021-08-11,0.017509264411599678,exper2_10
23.01800000000003,23.634504,Validation,2021,2021-08-12,0.013214817237501923,exper2_10
22.741667000000007,22.860739,Validation,2021,2021-08-13,0.0026110849263977355,exper2_10
22.90900000000005,19.748543,Validation,2021,2021-08-14,-0.07408905923711802,exper2_10
22.864334000000042,22.20503,Validation,2021,2021-08-15,-0.014628641137702186,exper2_10
22.995667000000026,22.748823,Validation,2021,2021-08-16,-0.0053961435182966425,exper2_10
23.02766600000001,23.339365,Validation,2021,2021-08-17,0.006722427525200524,exper2_10
23.607665999999995,23.989746,Validation,2021,2021-08-18,0.008027329153892721,exper2_10
24.221000000000004,24.427702,Validation,2021,2021-08-19,0.004248868762939878,exper2_10
24.216000000000008,24.714277,Validation,2021,2021-08-20,0.010183413936782551,exper2_10
23.94066600000002,23.485432,Validation,2021,2021-08-21,-0.009598814813187556,exper2_10
23.68866700000001,22.8514,Validation,2021,2021-08-22,-0.017990232327789152,exper2_10
23.714999999999975,22.578806,Validation,2021,2021-08-23,-0.024543112277624016,exper2_10
23.600000000000023,22.356642,Validation,2021,2021-08-24,-0.02705502801596086,exper2_10
23.858334000000013,22.791243,Validation,2021,2021-08-25,-0.022874621342746253,exper2_10
23.55200000000002,22.795807,Validation,2021,2021-08-26,-0.016315618063968283,exper2_10
22.944334000000026,21.6242,Validation,2021,2021-08-27,-0.029620295672305404,exper2_10
22.812000000000012,21.877138,Validation,2021,2021-08-28,-0.020919218878189073,exper2_10
22.884000000000015,22.256485,Validation,2021,2021-08-29,-0.013901379545480855,exper2_10
22.779999999999973,22.160349,Validation,2021,2021-08-30,-0.013788302117419554,exper2_10
22.90533300000004,21.918066,Validation,2021,2021-08-31,-0.022025705249929042,exper2_10
22.729333999999994,21.475027,Validation,2021,2021-09-01,-0.028375184820700047,exper2_10
22.454334000000017,21.089113,Validation,2021,2021-09-02,-0.03135307035163207,exper2_10
21.910667000000046,20.56969,Validation,2021,2021-09-03,-0.0315669727874528,exper2_10
21.465666,20.18463,Validation,2021,2021-09-04,-0.030756962133157928,exper2_10
21.106667000000016,20.076334,Validation,2021,2021-09-05,-0.025018405054439533,exper2_10
20.88766700000002,19.773546,Validation,2021,2021-09-06,-0.02740008703456134,exper2_10
20.718334000000027,19.654629,Validation,2021,2021-09-07,-0.026346970194587257,exper2_10
20.350666000000047,19.450264,Validation,2021,2021-09-08,-0.022622637799378963,exper2_10
20.325333,19.075201,Validation,2021,2021-09-09,-0.031728807644028426,exper2_10
20.16466700000001,19.013578,Validation,2021,2021-09-10,-0.02938081001056629,exper2_10
20.111000000000047,19.220388,Validation,2021,2021-09-11,-0.02264378714995897,exper2_10
20.117666000000042,19.00161,Validation,2021,2021-09-12,-0.02852957205536682,exper2_10
19.996666000000005,18.893744,Validation,2021,2021-09-13,-0.028359754981740277,exper2_10
19.647667000000013,18.708166,Validation,2021,2021-09-14,-0.02449434156636585,exper2_10
19.605332999999973,18.466997,Validation,2021,2021-09-15,-0.02989929560418549,exper2_10
19.279999999999973,18.839058,Validation,2021,2021-09-16,-0.01156749672394198,exper2_10
19.084667000000024,18.835135,Validation,2021,2021-09-17,-0.00658053269961001,exper2_10
18.960000000000036,18.610971,Validation,2021,2021-09-18,-0.009289846275371926,exper2_10
19.006332000000043,18.807283,Validation,2021,2021-09-19,-0.005263939890364085,exper2_10
19.207666000000017,19.021406,Validation,2021,2021-09-20,-0.004872203684348692,exper2_10
19.010666000000015,18.722216,Validation,2021,2021-09-21,-0.007644535346940411,exper2_10
18.757668000000024,18.203016,Validation,2021,2021-09-22,-0.015006532743099078,exper2_10
18.614334000000042,17.681805,Validation,2021,2021-09-23,-0.025692246545300904,exper2_10
18.305665999999974,17.765377,Validation,2021,2021-09-24,-0.014978467760220734,exper2_10
17.86033199999997,17.075388,Validation,2021,2021-09-25,-0.022468237274216797,exper2_10
17.77766600000001,16.806976,Validation,2021,2021-09-26,-0.028067073029271764,exper2_10
17.738999999999976,16.858362,Validation,2021,2021-09-27,-0.02545390012935913,exper2_10
17.704665999999975,16.880573,Validation,2021,2021-09-28,-0.023827874105392617,exper2_10
18.00966600000004,16.792927,Validation,2021,2021-09-29,-0.03496116565424266,exper2_10
18.453666999999996,17.062653,Validation,2021,2021-09-30,-0.039165499923692566,exper2_10
18.529667000000018,17.289385,Validation,2021,2021-10-01,-0.03462632577642864,exper2_10
18.94466600000004,17.789547,Validation,2021,2021-10-02,-0.03144531868694356,exper2_10
18.891999999999996,17.382805,Validation,2021,2021-10-03,-0.04160450027995801,exper2_10
18.358334000000013,16.972357,Validation,2021,2021-10-04,-0.0392287037841303,exper2_10
18.354000000000042,17.617136,Validation,2021,2021-10-05,-0.0204848687119756,exper2_10
18.14500000000004,17.500599,Validation,2021,2021-10-06,-0.018077998751040186,exper2_10
18.172000000000025,17.309793,Validation,2021,2021-10-07,-0.024299970304019074,exper2_10
18.224000000000046,17.409422,Validation,2021,2021-10-08,-0.022859945391568794,exper2_10
18.222334000000046,17.12229,Validation,2021,2021-10-09,-0.031123385357392497,exper2_10
18.079000000000008,17.09144,Validation,2021,2021-10-10,-0.028079256146805946,exper2_10
17.983334000000013,16.752842,Validation,2021,2021-10-11,-0.035423935332644145,exper2_10
17.71866600000004,16.402033,Validation,2021,2021-10-12,-0.03858751995471932,exper2_10
17.557667000000038,16.215147,Validation,2021,2021-10-13,-0.03975149896702995,exper2_10
17.113999999999976,16.326452,Validation,2021,2021-10-14,-0.023550750412693194,exper2_10
16.582666000000017,15.749631,Validation,2021,2021-10-15,-0.02576479715667936,exper2_10
16.09033400000004,14.893363,Validation,2021,2021-10-16,-0.03863228461980254,exper2_10
15.676000000000045,14.640279,Validation,2021,2021-10-17,-0.034163862591956806,exper2_10
15.444000000000017,14.454518,Validation,2021,2021-10-18,-0.033094672829396,exper2_10
15.327666000000022,14.116965,Validation,2021,2021-10-19,-0.041117876261782545,exper2_10
15.031000000000006,14.01586,Validation,2021,2021-10-20,-0.03494836997740389,exper2_10
14.466665999999975,13.756658,Validation,2021,2021-10-21,-0.025156796189198985,exper2_10
13.969000000000051,13.09285,Validation,2021,2021-10-22,-0.032375845599965335,exper2_10
13.564332999999976,12.532729,Validation,2021,2021-10-23,-0.039529501261509135,exper2_10
13.168000000000006,12.169414,Validation,2021,2021-10-24,-0.03941153783460422,exper2_10
12.717667000000006,11.768102,Validation,2021,2021-10-25,-0.03878029396327656,exper2_10
12.44133400000004,11.353574,Validation,2021,2021-10-26,-0.04571399099543298,exper2_10
12.116000000000042,11.169084,Validation,2021,2021-10-27,-0.04066622311445228,exper2_10
11.916667000000018,11.150706,Validation,2021,2021-10-28,-0.03320537189613767,exper2_10
11.717000000000041,11.007373,Validation,2021,2021-10-29,-0.03122757879182403,exper2_10
11.632667000000026,10.924453,Validation,2021,2021-10-30,-0.031396482581878625,exper2_10
11.290667000000042,10.567282,Validation,2021,2021-10-31,-0.03309483822769036,exper2_10
10.789333,9.936852,Validation,2021,2021-11-01,-0.04113060489138209,exper2_10
10.332334000000003,9.2429495,Validation,2021,2021-11-02,-0.05565102109569029,exper2_10
9.947333000000015,8.698285,Validation,2021,2021-11-03,-0.06698881690413058,exper2_10
9.675000000000011,8.311294,Validation,2021,2021-11-04,-0.07581920034149801,exper2_10
9.389666999999974,8.095589,Validation,2021,2021-11-05,-0.07400968789355646,exper2_10
9.205000000000041,8.009506,Validation,2021,2021-11-06,-0.06944688152816356,exper2_10
9.173333000000014,8.028539,Validation,2021,2021-11-07,-0.06655056587945486,exper2_10
9.248000000000047,7.8539386,Validation,2021,2021-11-08,-0.08151481856606216,exper2_10
9.093000000000018,7.762566,Validation,2021,2021-11-09,-0.0789314285438564,exper2_10
8.791333000000009,7.7654433,Validation,2021,2021-11-10,-0.06196192150072042,exper2_10
8.570333500000004,7.5475154,Validation,2021,2021-11-11,-0.06345872296798545,exper2_10
8.303667000000019,7.228392,Validation,2021,2021-11-12,-0.06922938338229093,exper2_10
8.032333000000051,7.1398273,Validation,2021,2021-11-13,-0.05882522552985474,exper2_10
7.726333000000011,6.7736993,Validation,2021,2021-11-14,-0.06569873071783609,exper2_10
7.470000000000027,6.61207,Validation,2021,2021-11-15,-0.06092356530592057,exper2_10
7.198333300000002,6.237678,Validation,2021,2021-11-16,-0.07149854401797573,exper2_10
7.00766660000005,5.895533,Validation,2021,2021-11-17,-0.08619052190866863,exper2_10
6.640332999999998,5.5987687,Validation,2021,2021-11-18,-0.08510136719969644,exper2_10
6.417666399999973,5.413994,Validation,2021,2021-11-19,-0.08482939372647137,exper2_10
,5.275223,Validation,2021,2021-11-20,,exper2_10
,5.114916,Validation,2021,2021-11-21,,exper2_10
,4.3754764,Validation,2021,2021-11-22,,exper2_10
,4.290262,Validation,2021,2021-11-23,,exper2_10
,4.2455363,Validation,2021,2021-11-24,,exper2_10
,4.0307646,Validation,2021,2021-11-25,,exper2_10
,3.687212,Validation,2021,2021-11-26,,exper2_10
,3.5517654,Validation,2021,2021-11-27,,exper2_10
,3.1740577,Validation,2021,2021-11-28,,exper2_10
,3.0747042,Validation,2021,2021-11-29,,exper2_10
,2.975915,Validation,2021,2021-11-30,,exper2_10
,2.7453463,Validation,2021,2021-12-01,,exper2_10
,2.6270525,Validation,2021,2021-12-02,,exper2_10
,2.4070213,Validation,2021,2021-12-03,,exper2_10
,1.7753521,Validation,2021,2021-12-04,,exper2_10
,1.6422099,Validation,2021,2021-12-05,,exper2_10
,1.6455227,Validation,2021,2021-12-06,,exper2_10
,0.9025365,Validation,2021,2021-12-07,,exper2_10
,0.76025385,Validation,2021,2021-12-08,,exper2_10
,0.701831,Validation,2021,2021-12-09,,exper2_10
,0.837252,Validation,2021,2021-12-10,,exper2_10
,0.5039603,Validation,2021,2021-12-11,,exper2_10
,0.44251794,Validation,2021,2021-12-12,,exper2_10
,0.37007207,Validation,2021,2021-12-13,,exper2_10
,0.48397738,Validation,2021,2021-12-14,,exper2_10
,0.2195907,Validation,2021,2021-12-15,,exper2_10
,0.54140157,Validation,2021,2021-12-16,,exper2_10
,0.18145436,Validation,2021,2021-12-17,,exper2_10
,0.35730603,Validation,2021,2021-12-18,,exper2_10
,0.1968928,Validation,2021,2021-12-19,,exper2_10
,0.34721985,Validation,2021,2021-12-20,,exper2_10
,0.1856221,Validation,2021,2021-12-21,,exper2_10
,0.019361392,Validation,2021,2021-12-22,,exper2_10
,0.17860118,Validation,2021,2021-12-23,,exper2_10
,0.4290545,Validation,2021,2021-12-24,,exper2_10
,0.17594594,Validation,2021,2021-12-25,,exper2_10
,0.16779828,Validation,2021,2021-12-26,,exper2_10
,0.26465115,Validation,2021,2021-12-27,,exper2_10
,0.3351376,Validation,2021,2021-12-28,,exper2_10
,0.18971682,Validation,2021,2021-12-29,,exper2_10
,0.01,Validation,2021,2021-12-30,,exper2_10
,0.33073413,Validation,2021,2021-12-31,,exper2_10
