train_r2,train_rmse,train_nrmse,train_mae,train_mare,test_r2,test_rmse,test_nrmse,test_mae,test_mare,Epoch,batch_size,learning_rate,hidden_dim,layer_num,hidden_dim_fc1,hidden_dim_fc2,lam_ec,method,exper,lake_id,seed
0.5243301,0.85502326,0.1014933,0.6550065,0.025771098,0.40796238,0.88948363,0.12449663,0.68650955,0.02723958,200.0,128.0,0.005,48.0,2.0,32.0,12.0,0.001,PIDL,exper3,3,100
0.98233926,1.0955486,0.039020836,0.78842485,0.22050476,0.96084416,1.6569271,0.061298676,1.2084881,0.39031097,200.0,128.0,0.005,48.0,2.0,32.0,12.0,0.01,PIDL,exper3,12,100
0.9623603,1.3512367,0.05345522,0.9685423,0.22860955,0.9553497,1.5024121,0.06279485,1.0974752,0.3959563,200.0,128.0,0.005,48.0,2.0,32.0,12.0,0.01,PIDL,exper3,13,100
0.9876833,0.8906399,0.032546822,0.6688859,0.17650783,0.98381925,1.0517174,0.039198577,0.7897822,0.303217,200.0,128.0,0.005,48.0,2.0,32.0,12.0,0.01,PIDL,exper3,17,100
0.9708989,1.0773811,0.046000097,0.7816863,0.24787761,0.95326155,1.3538947,0.06021801,0.98395276,0.3727688,200.0,128.0,0.005,48.0,2.0,32.0,12.0,0.01,PIDL,exper3,18,100
0.7542889,0.83816576,0.082937695,0.65333676,0.024892747,0.7222843,0.8668559,0.09496254,0.6764082,0.025509294,200.0,128.0,0.005,48.0,2.0,32.0,12.0,0.001,PIDL,exper3,19,100
0.5247466,0.7344289,0.12376624,0.5960093,0.022488251,0.21722704,0.7781363,0.1505548,0.6136492,0.022856547,200.0,128.0,0.005,48.0,2.0,32.0,12.0,0.001,PIDL,exper3,21,100
0.37953168,0.85864353,0.14613022,0.66698885,0.024711488,0.25949985,0.9484073,0.14058706,0.74766475,0.02791197,200.0,128.0,0.005,48.0,2.0,32.0,12.0,0.001,PIDL,exper3,22,100
0.8936763,1.802962,0.079124585,1.3033296,0.3562627,0.8950659,1.8007952,0.08740324,1.324991,0.5284131,200.0,128.0,0.005,48.0,2.0,32.0,12.0,0.01,PIDL,exper3,23,100
0.57363427,0.99382883,0.10455877,0.77266777,0.027822603,0.48155415,1.1462439,0.10324421,0.87228125,0.032215733,200.0,128.0,0.005,48.0,2.0,32.0,12.0,0.01,PIDL,exper3,24,100
0.9353945,1.2468145,0.06602254,0.9394701,0.3828992,0.8434617,1.9630787,0.101373985,1.3803478,0.7880659,200.0,128.0,0.005,48.0,2.0,32.0,12.0,0.01,PIDL,exper3,27,100
0.96918267,0.9513218,0.047192443,0.73489374,0.2622106,0.9411998,1.3359829,0.06616544,1.0125285,0.2999585,200.0,128.0,0.005,48.0,2.0,32.0,12.0,0.001,PIDL,exper3,28,100
0.9822476,0.81877536,0.03669568,0.59412634,0.18588606,0.97063583,1.0401721,0.04597334,0.7888733,0.30928996,200.0,128.0,0.005,48.0,2.0,32.0,12.0,0.001,PIDL,exper3,29,100
0.98617524,0.94359314,0.03475763,0.7225912,0.1499674,0.9782933,1.1773628,0.04370396,0.909276,0.4337829,200.0,128.0,0.005,48.0,2.0,32.0,12.0,0.001,PIDL,exper3,33,100
0.88698626,0.6773491,0.07098949,0.51768565,0.020867642,0.8570894,0.7662731,0.07119579,0.5846861,0.023497581,200.0,128.0,0.005,48.0,2.0,32.0,12.0,0.001,PIDL,exper3,35,100
0.98539335,0.8706297,0.03441548,0.67522424,0.16284034,0.9803072,1.0342283,0.04105009,0.80241746,0.23629637,200.0,128.0,0.005,48.0,2.0,32.0,12.0,0.01,PIDL,exper3,37,100
0.9608027,1.310302,0.05420586,0.95957917,0.29143128,0.96438676,1.3027016,0.055446357,0.95998305,0.3564227,200.0,128.0,0.005,48.0,2.0,32.0,12.0,0.01,PIDL,exper3,39,100
0.97958916,1.0679672,0.039958827,0.7894064,0.17681761,0.9746804,1.251692,0.047455862,0.9350501,0.4540067,200.0,128.0,0.005,48.0,2.0,32.0,12.0,0.001,PIDL,exper3,40,100
0.9762218,0.8184911,0.04092232,0.5821615,0.26653025,0.9701442,0.9307959,0.048339397,0.6911638,0.43293163,200.0,128.0,0.005,48.0,2.0,32.0,12.0,0.01,PIDL,exper3,41,100
0.8645307,0.72857606,0.07387231,0.5603502,0.023228819,0.83697104,0.8226118,0.07750085,0.60906833,0.02501431,200.0,128.0,0.005,48.0,2.0,32.0,12.0,0.001,PIDL,exper3,42,100
0.9834642,0.91954404,0.037140645,0.70834714,0.17265867,0.97623086,1.1116177,0.043743398,0.85410625,0.568311,200.0,128.0,0.005,48.0,2.0,32.0,12.0,0.01,PIDL,exper3,44,100
0.98508024,0.8633533,0.03172113,0.665594,0.14984672,0.97742134,1.110366,0.04323404,0.8310745,0.5119708,200.0,128.0,0.005,48.0,2.0,32.0,12.0,0.001,PIDL,exper3,47,100
0.9678603,0.77432495,0.03969444,0.5810029,0.024454413,0.95760316,0.9122809,0.053902376,0.6998374,0.029139224,200.0,128.0,0.005,48.0,2.0,32.0,12.0,0.001,PIDL,exper3,48,100
0.8389782,1.300449,0.08229482,0.9675433,0.5813756,0.78860515,1.6026579,0.100597054,1.1963288,1.0372893,200.0,128.0,0.005,48.0,2.0,32.0,12.0,0.1,PIDL,exper3,49,100
0.981977,0.9492013,0.037199397,0.7157593,0.19781847,0.97740895,1.0935917,0.04367004,0.8237157,0.407033,200.0,128.0,0.005,48.0,2.0,32.0,12.0,0.01,PIDL,exper3,50,100
0.9725867,1.1034881,0.042704646,0.8106241,0.17491658,0.970186,1.2192613,0.051028226,0.89273155,0.23921736,200.0,128.0,0.005,48.0,2.0,32.0,12.0,0.01,PIDL,exper3,53,100
0.95387924,1.1688809,0.05477418,0.85606635,0.23288192,0.94258296,1.2600551,0.06461344,0.9277795,0.30720797,200.0,128.0,0.005,48.0,2.0,32.0,12.0,0.01,PIDL,exper3,54,100
0.66567504,0.7071382,0.10094737,0.53746295,0.02426416,0.5890901,0.79536605,0.098848164,0.6068314,0.027485281,200.0,128.0,0.005,48.0,2.0,32.0,12.0,0.01,PIDL,exper3,55,100
0.76619005,1.2434936,0.09325022,0.915079,0.51327586,0.6181107,1.5609889,0.13738379,1.1615905,1.079638,200.0,128.0,0.005,48.0,2.0,32.0,12.0,0.001,PIDL,exper3,56,100
0.980546,0.98914635,0.040186003,0.73318714,0.1986605,0.97280633,1.1610351,0.048036203,0.88569194,0.19004165,200.0,128.0,0.005,48.0,2.0,32.0,12.0,0.001,PIDL,exper3,57,100
0.9644202,1.5864371,0.05324515,1.0397904,0.23892312,0.9613943,1.6615572,0.056113083,1.1089497,0.48547506,200.0,128.0,0.005,48.0,2.0,32.0,12.0,0.001,PIDL,exper3,61,100
0.9331692,1.3272178,0.061133996,0.96622,0.2470894,0.9074487,1.5168257,0.076763794,1.1324487,0.50191146,200.0,128.0,0.005,48.0,2.0,32.0,12.0,0.01,PIDL,exper3,63,100
0.9359518,0.941341,0.06160609,0.739644,0.031603575,0.93309486,0.92711794,0.063164644,0.7203431,0.030345373,200.0,128.0,0.005,48.0,2.0,32.0,12.0,0.001,PIDL,exper3,65,100
0.95033723,1.0934912,0.056136865,0.82815284,0.15614104,0.93100095,1.3225527,0.06488821,1.0303942,0.40524757,200.0,128.0,0.005,48.0,2.0,32.0,12.0,0.001,PIDL,exper3,68,100
0.984547,1.0187539,0.035608314,0.78298444,0.18419291,0.9806034,1.2015649,0.042477287,0.92544436,0.23151179,200.0,128.0,0.005,48.0,2.0,32.0,12.0,0.001,PIDL,exper3,71,100
0.96194834,1.0971711,0.045518972,0.82066673,0.13931383,0.9445083,1.320594,0.06328679,0.9881955,0.25263083,200.0,128.0,0.005,48.0,2.0,32.0,12.0,0.001,PIDL,exper3,72,100
0.97949153,1.1124246,0.042465683,0.85369647,0.20329672,0.9719912,1.3416989,0.05051623,1.0545164,0.44420403,200.0,128.0,0.005,48.0,2.0,32.0,12.0,0.01,PIDL,exper3,75,100
0.9802903,0.8882456,0.03833274,0.68177074,0.036856156,0.97211367,1.0801857,0.047190286,0.84511673,0.045332197,200.0,128.0,0.005,48.0,2.0,32.0,12.0,0.001,PIDL,exper3,77,100
0.9817136,0.93345815,0.029586611,0.717409,0.056585178,0.96766555,1.2541665,0.03941131,0.97924733,0.088945374,200.0,128.0,0.005,48.0,2.0,32.0,12.0,0.01,PIDL,exper3,78,100
0.9844864,1.055706,0.03406602,0.72437686,0.29800686,0.9803768,1.2486913,0.039599095,0.89879906,0.31290114,200.0,128.0,0.005,48.0,2.0,32.0,12.0,0.01,PIDL,exper3,79,100
0.94571924,1.4779588,0.05965951,1.0968256,0.3010459,0.9313065,1.6791395,0.06581011,1.2192907,0.24339138,200.0,128.0,0.005,48.0,2.0,32.0,12.0,0.001,PIDL,exper3,80,100
0.98701876,0.89911604,0.03160282,0.69964975,0.16763423,0.98125833,1.1442316,0.040865645,0.8964376,0.33150792,200.0,128.0,0.005,48.0,2.0,32.0,12.0,0.01,PIDL,exper3,87,100
0.95758826,1.3389893,0.057347883,0.9179064,0.197143,0.9052769,2.033009,0.08253454,1.3216505,0.37370795,200.0,128.0,0.005,48.0,2.0,32.0,12.0,0.001,PIDL,exper3,88,100
0.97689927,0.59787357,0.044095263,0.40863466,0.17781389,0.9699548,0.7030175,0.047905825,0.5172339,0.2840387,200.0,128.0,0.005,48.0,2.0,32.0,12.0,0.001,PIDL,exper3,91,100
0.9696388,1.196501,0.049888197,0.8825303,0.2848243,0.9612961,1.4176283,0.05881074,1.081735,0.38558748,200.0,128.0,0.005,48.0,2.0,32.0,12.0,0.01,PIDL,exper3,93,100
0.97997606,0.8276067,0.034763135,0.6189645,0.16207151,0.9701035,1.0062697,0.044904172,0.7904681,0.4015875,200.0,128.0,0.005,48.0,2.0,32.0,12.0,0.01,PIDL,exper3,95,100
0.92859745,0.99419624,0.059990723,0.78570944,0.02979824,0.9171187,1.0889239,0.06627866,0.85712105,0.032213848,200.0,128.0,0.005,48.0,2.0,32.0,12.0,0.001,PIDL,exper3,98,100
0.951125,1.0609399,0.052768905,0.7891625,0.11466582,0.9435677,1.2465622,0.060093123,0.9620861,0.21086071,200.0,128.0,0.005,48.0,2.0,32.0,12.0,0.01,PIDL,exper3,100,100
0.96696377,1.2918092,0.05167237,0.88307375,0.25356877,0.95172447,1.5754958,0.0677723,1.1138996,0.37566715,200.0,128.0,0.005,48.0,2.0,32.0,12.0,0.001,PIDL,exper3,102,100
0.98235214,0.9614725,0.03702293,0.74352,0.17484662,0.9735978,1.1731619,0.045756802,0.8875125,0.24150452,200.0,128.0,0.005,48.0,2.0,32.0,12.0,0.01,PIDL,exper3,104,100
0.9758543,0.71439207,0.044565246,0.52759373,0.34895438,0.97170514,0.78424835,0.05056225,0.5920104,0.33040088,200.0,128.0,0.005,48.0,2.0,32.0,12.0,0.001,PIDL,exper3,105,100
0.9705155,1.1768394,0.0458844,0.9127565,0.24434757,0.9543222,1.4304793,0.057259303,1.0979917,0.21167949,200.0,128.0,0.005,48.0,2.0,32.0,12.0,0.1,PIDL,exper3,107,100
0.9833018,1.0829808,0.034063626,0.8545339,0.19093134,0.9671629,1.4739383,0.045354266,1.1740291,0.3524024,200.0,128.0,0.005,48.0,2.0,32.0,12.0,0.01,PIDL,exper3,109,100
0.9715136,1.2293442,0.048457224,0.9140874,0.20093068,0.9609594,1.5077732,0.058456972,1.1216023,0.275575,200.0,128.0,0.005,48.0,2.0,32.0,12.0,0.01,PIDL,exper3,110,100
0.9436427,1.0904868,0.06446912,0.79464936,0.2964091,0.918902,1.4205233,0.056430634,1.0625275,1.2330496,200.0,128.0,0.005,48.0,2.0,32.0,12.0,0.01,PIDL,exper3,112,100
0.9765686,1.2006664,0.041718777,0.82992005,0.30531412,0.96597856,1.4392258,0.04910354,1.0265197,0.35901314,200.0,128.0,0.005,48.0,2.0,32.0,12.0,0.01,PIDL,exper3,113,100
0.89657736,1.0836133,0.05571815,0.85649246,0.041412245,0.85965776,1.200799,0.06484086,0.9543966,0.04495352,200.0,128.0,0.005,48.0,2.0,32.0,12.0,0.01,PIDL,exper3,114,100
0.97469854,1.0000348,0.042053606,0.75428283,0.1816071,0.95216274,1.3420324,0.055635434,1.0456698,0.19356734,200.0,128.0,0.005,48.0,2.0,32.0,12.0,0.01,PIDL,exper3,118,100
0.98104405,1.1206793,0.040228378,0.83611864,0.19379938,0.97195315,1.3927934,0.050862655,1.0474654,0.34035337,200.0,128.0,0.005,48.0,2.0,32.0,12.0,0.01,PIDL,exper3,122,100
0.9102715,1.3572537,0.071418315,1.0201973,0.26783144,0.84111714,1.7596781,0.0948633,1.3151155,0.41424957,200.0,128.0,0.005,48.0,2.0,32.0,12.0,0.01,PIDL,exper3,124,100
0.9013879,1.2240187,0.07467905,0.8881645,0.33939102,0.86615807,1.4814858,0.090486065,1.1354957,0.6360506,200.0,128.0,0.005,48.0,2.0,32.0,12.0,0.001,PIDL,exper3,126,100
0.98190767,0.80571526,0.03563445,0.62221307,0.11387437,0.9681064,1.073937,0.04790698,0.83270466,0.17071465,200.0,128.0,0.005,48.0,2.0,32.0,12.0,0.001,PIDL,exper3,127,100
0.93238676,1.0723091,0.058988582,0.80059075,0.35045767,0.886311,1.3147113,0.08000677,0.9869977,0.38326144,200.0,128.0,0.005,48.0,2.0,32.0,12.0,0.001,PIDL,exper3,128,100
0.8739872,0.9485145,0.07625278,0.7442363,0.028500874,0.85013205,1.018159,0.087264776,0.8074613,0.030489054,200.0,128.0,0.005,48.0,2.0,32.0,12.0,0.001,PIDL,exper3,129,100
0.97778684,1.0604938,0.041187905,0.82225925,0.1698758,0.95840234,1.4371439,0.0546609,1.0885978,0.20844658,200.0,128.0,0.005,48.0,2.0,32.0,12.0,0.01,PIDL,exper3,130,100
0.94989985,1.0899925,0.05301316,0.8375689,0.050444942,0.94405067,1.1864386,0.058583714,0.90287673,0.051373452,200.0,128.0,0.005,48.0,2.0,32.0,12.0,0.01,PIDL,exper3,132,100
0.9861392,0.7928967,0.03485643,0.603467,0.19350019,0.97957194,0.98756206,0.043090507,0.76410204,0.24470821,200.0,128.0,0.005,48.0,2.0,32.0,12.0,0.01,PIDL,exper3,135,100
0.9723177,0.982955,0.036253877,0.722698,0.1747627,0.9614957,1.1954243,0.04771875,0.87929946,0.39862865,200.0,128.0,0.005,48.0,2.0,32.0,12.0,0.001,PIDL,exper3,136,100
0.9762912,0.8234363,0.03875095,0.62458295,0.15154393,0.9634654,1.0417848,0.04869127,0.80848587,0.15829152,200.0,128.0,0.005,48.0,2.0,32.0,12.0,0.01,PIDL,exper3,137,100
0.91043216,0.79608095,0.063584834,0.6158597,0.026002515,0.88762826,0.9422977,0.072846815,0.67209786,0.027669508,200.0,128.0,0.005,48.0,2.0,32.0,12.0,0.001,PIDL,exper3,139,100
0.9755751,0.95813894,0.042357255,0.6946425,0.14872593,0.9668219,1.1227282,0.051794097,0.85389096,0.26013756,200.0,128.0,0.005,48.0,2.0,32.0,12.0,0.001,PIDL,exper3,147,100
0.9846944,0.86274064,0.033709444,0.68219614,0.13378562,0.97307956,1.183374,0.044852722,0.92040604,0.43782178,200.0,128.0,0.005,48.0,2.0,32.0,12.0,0.01,PIDL,exper3,151,100
0.89503545,1.2894003,0.08049344,0.98333246,0.55273205,0.8488769,1.6034062,0.09929054,1.2140536,0.47682446,200.0,128.0,0.005,48.0,2.0,32.0,12.0,0.01,PIDL,exper3,152,100
0.887537,0.88281274,0.06636792,0.6834816,0.03339001,0.8525088,0.9659043,0.077484965,0.76717424,0.03719649,200.0,128.0,0.005,48.0,2.0,32.0,12.0,0.001,PIDL,exper3,153,100
0.9562826,1.0956867,0.049212895,0.8606219,0.17812657,0.9118783,1.5010713,0.07004807,1.1161394,0.18094963,200.0,128.0,0.005,48.0,2.0,32.0,12.0,0.1,PIDL,exper3,155,100
0.9822939,0.86243904,0.037421416,0.6520311,0.14913273,0.9693233,1.1338496,0.047222897,0.8761037,0.2480924,200.0,128.0,0.005,48.0,2.0,32.0,12.0,0.01,PIDL,exper3,157,100
0.9793949,0.9398096,0.0403341,0.7049209,0.16108291,0.97117484,1.1266092,0.048709534,0.8599952,0.38177028,200.0,128.0,0.005,48.0,2.0,32.0,12.0,0.001,PIDL,exper3,158,100
0.96629596,1.0897908,0.04897062,0.8454104,0.15473713,0.9389248,1.4646126,0.066345915,1.0846311,0.25127953,200.0,128.0,0.005,48.0,2.0,32.0,12.0,0.001,PIDL,exper3,159,100
0.97930706,0.9502743,0.037794396,0.74224997,0.15731743,0.9770447,1.0298922,0.040480465,0.8112385,0.3102488,200.0,128.0,0.005,48.0,2.0,32.0,12.0,0.001,PIDL,exper3,160,100
0.9304729,1.3591924,0.05974183,1.0646539,0.053976607,0.912242,1.5143573,0.07512553,1.1715862,0.057405476,200.0,128.0,0.005,48.0,2.0,32.0,12.0,0.001,PIDL,exper3,161,100
0.8814052,1.268679,0.06503948,0.9173596,0.5007909,0.81658715,1.6793467,0.09377964,1.191758,0.68427247,200.0,128.0,0.005,48.0,2.0,32.0,12.0,0.1,PIDL,exper3,162,100
0.9832094,0.9984675,0.039123416,0.74208194,0.3912388,0.97556657,1.2316307,0.047325414,0.9335332,0.5275866,200.0,128.0,0.005,48.0,2.0,32.0,12.0,0.1,PIDL,exper3,165,100
0.9228086,1.3515056,0.070899256,0.98307085,0.24248505,0.8566959,1.8139211,0.086377196,1.3089939,0.46687877,200.0,128.0,0.005,48.0,2.0,32.0,12.0,0.001,PIDL,exper3,168,100
0.9740137,0.93313146,0.042058032,0.6831511,0.12633064,0.95646197,1.2173605,0.057175625,0.93513376,0.5589302,200.0,128.0,0.005,48.0,2.0,32.0,12.0,0.001,PIDL,exper3,172,100
0.97789073,1.1082865,0.04090091,0.8535866,0.047943804,0.9640984,1.4652476,0.052416574,1.1864091,0.06469404,200.0,128.0,0.005,48.0,2.0,32.0,12.0,0.001,PIDL,exper3,173,100
0.97392905,1.0029604,0.04127868,0.7664402,0.14711115,0.9521489,1.36419,0.056950953,1.0288786,0.2280578,200.0,128.0,0.005,48.0,2.0,32.0,12.0,0.01,PIDL,exper3,174,100
0.9815338,0.6538557,0.039246995,0.46466953,0.14585416,0.977757,0.7321745,0.044760842,0.5335488,0.2558719,200.0,128.0,0.005,48.0,2.0,32.0,12.0,0.001,PIDL,exper3,179,100
0.9813049,1.0094019,0.03671077,0.7846336,0.1122924,0.9678136,1.3479992,0.04790641,1.011765,0.1499983,200.0,128.0,0.005,48.0,2.0,32.0,12.0,0.001,PIDL,exper3,181,100
0.9243797,1.2563697,0.06693071,0.9477444,0.46402797,0.89044565,1.5740496,0.078926474,1.172433,0.3750077,200.0,128.0,0.005,48.0,2.0,32.0,12.0,0.001,PIDL,exper3,184,100
0.96822816,0.91331905,0.045475684,0.6923354,0.22207753,0.95018494,1.1939394,0.05572303,0.9360762,0.35115093,200.0,128.0,0.005,48.0,2.0,32.0,12.0,0.1,PIDL,exper3,186,100
0.8874835,0.7655767,0.07517498,0.5870257,0.022849267,0.83325887,0.9717275,0.09175898,0.716128,0.026810363,200.0,128.0,0.005,48.0,2.0,32.0,12.0,0.01,PIDL,exper3,188,100
0.91650337,1.3443408,0.06665785,0.99877405,0.2065068,0.8842101,1.7348228,0.08131053,1.2960262,0.47126803,200.0,128.0,0.005,48.0,2.0,32.0,12.0,0.01,PIDL,exper3,189,100
0.9806138,0.9026876,0.03559727,0.69282997,0.14005505,0.96612453,1.2717876,0.048451636,0.9722115,0.21793929,200.0,128.0,0.005,48.0,2.0,32.0,12.0,0.01,PIDL,exper3,190,100
0.97961754,1.015212,0.03725549,0.800393,0.22844459,0.9723716,1.271283,0.049553495,0.9896968,0.5910595,200.0,128.0,0.005,48.0,2.0,32.0,12.0,0.01,PIDL,exper3,192,100
0.98445654,0.8874181,0.032696832,0.69100004,0.11958714,0.9776438,1.1161346,0.043598294,0.88099045,0.26242223,200.0,128.0,0.005,48.0,2.0,32.0,12.0,0.01,PIDL,exper3,193,100
0.9784629,0.8975758,0.038239595,0.6871599,0.03285288,0.9716293,1.0355535,0.0431634,0.7941009,0.038685758,200.0,128.0,0.005,48.0,2.0,32.0,12.0,0.001,PIDL,exper3,194,100
0.97731113,0.92402136,0.039596666,0.70649195,0.14638552,0.95965725,1.2605444,0.053523347,0.9811992,0.20493196,200.0,128.0,0.005,48.0,2.0,32.0,12.0,0.001,PIDL,exper3,195,100
0.9852765,0.84979725,0.03306599,0.6491966,0.14851809,0.97869754,1.0355701,0.040099554,0.81348056,0.19918771,200.0,128.0,0.005,48.0,2.0,32.0,12.0,0.001,PIDL,exper3,198,100
0.88595504,1.106665,0.076973766,0.83242583,0.035450343,0.89590657,1.0664643,0.077625975,0.8153778,0.034615137,200.0,128.0,0.005,48.0,2.0,32.0,12.0,0.01,PIDL,exper3,199,100
0.9812141,1.0180655,0.038282003,0.76568407,0.13711202,0.9749528,1.2065191,0.04712531,0.90950674,0.29905882,200.0,128.0,0.005,48.0,2.0,32.0,12.0,0.001,PIDL,exper3,201,100
0.9795625,0.8533716,0.034877107,0.65552694,0.12437184,0.9638889,1.1553144,0.04815114,0.8923669,0.33407775,200.0,128.0,0.005,48.0,2.0,32.0,12.0,0.01,PIDL,exper3,202,100
0.8634268,0.9207809,0.07744293,0.7053916,0.027119655,0.85096216,0.9703305,0.08138512,0.7453782,0.027887007,200.0,128.0,0.005,48.0,2.0,32.0,12.0,0.01,PIDL,exper3,203,100
0.8866692,1.0659412,0.07728025,0.8362839,0.5454075,0.6951196,1.8457394,0.13460436,1.4258475,1.0938942,200.0,128.0,0.005,48.0,2.0,32.0,12.0,0.1,PIDL,exper3,212,100
0.78129035,0.867334,0.090725124,0.6823972,0.025469366,0.7418014,0.9027757,0.105378285,0.72213835,0.02660905,200.0,128.0,0.005,48.0,2.0,32.0,12.0,0.001,PIDL,exper3,216,100
0.8902066,0.943544,0.07712756,0.7345115,0.029562643,0.88755864,0.9283654,0.07124152,0.7327241,0.02929767,200.0,128.0,0.005,48.0,2.0,32.0,12.0,0.001,PIDL,exper3,217,100
0.97280854,0.7924905,0.040466387,0.5918484,0.048877306,0.96634233,0.88624567,0.045877058,0.63515985,0.05104158,200.0,128.0,0.005,48.0,2.0,32.0,12.0,0.001,PIDL,exper3,220,100
0.9696069,1.0381045,0.044839066,0.7878794,0.15594281,0.94180715,1.4629818,0.0646898,1.0782851,0.27713004,200.0,128.0,0.005,48.0,2.0,32.0,12.0,0.001,PIDL,exper3,222,100
0.9748759,0.99351335,0.043867536,0.7571071,0.2105044,0.96097887,1.2354136,0.055915408,0.92029303,0.20159537,200.0,128.0,0.005,48.0,2.0,32.0,12.0,0.01,PIDL,exper3,223,100
0.95244235,0.98273426,0.047254972,0.7154468,0.21859077,0.91877574,1.2767775,0.06910233,0.952378,0.26239714,200.0,128.0,0.005,48.0,2.0,32.0,12.0,0.001,PIDL,exper3,224,100
0.9772404,0.98464507,0.040448166,0.754522,0.14367041,0.970782,1.0850168,0.045373134,0.858776,0.13932726,200.0,128.0,0.005,48.0,2.0,32.0,12.0,0.01,PIDL,exper3,225,100
0.9050428,1.2489271,0.068686225,0.944787,0.3242834,0.8567992,1.6208122,0.08769826,1.1969365,0.5872706,200.0,128.0,0.005,48.0,2.0,32.0,12.0,0.01,PIDL,exper3,226,100
0.9076331,1.2999458,0.0701157,0.95961046,0.3327689,0.850353,1.6803899,0.09357599,1.2423776,0.43296653,200.0,128.0,0.005,48.0,2.0,32.0,12.0,0.01,PIDL,exper3,227,100
0.9768212,0.8644667,0.039565146,0.6590488,0.19152185,0.9556222,1.2125404,0.055884082,0.92674667,0.35282233,200.0,128.0,0.005,48.0,2.0,32.0,12.0,0.01,PIDL,exper3,228,100
0.9159907,1.2149242,0.06438936,0.9020662,0.48742458,0.84962654,1.6604776,0.08554327,1.2040886,0.35647213,200.0,128.0,0.005,48.0,2.0,32.0,12.0,0.1,PIDL,exper3,232,100
0.82315964,0.78723884,0.08962883,0.6323499,0.02355988,0.8078644,0.79904354,0.09470257,0.6395122,0.023744158,200.0,128.0,0.005,48.0,2.0,32.0,12.0,0.001,PIDL,exper3,234,100
0.98443294,0.93678045,0.03621807,0.7256001,0.16691515,0.978825,1.1189288,0.043903526,0.86266255,0.38475507,200.0,128.0,0.005,48.0,2.0,32.0,12.0,0.001,PIDL,exper3,236,100
0.98332894,0.93821687,0.034783605,0.74240756,0.5504392,0.9753566,1.1283251,0.043049067,0.89517254,0.2268666,200.0,128.0,0.005,48.0,2.0,32.0,12.0,0.001,PIDL,exper3,237,100
0.9822218,0.95092875,0.036630422,0.73248374,0.14813378,0.9738903,1.1964724,0.04546557,0.89801884,0.25614256,200.0,128.0,0.005,48.0,2.0,32.0,12.0,0.01,PIDL,exper3,239,100
0.9588482,0.9125562,0.051663764,0.67660373,0.24233261,0.88460803,1.664395,0.07653559,1.1743753,0.72288364,200.0,128.0,0.005,48.0,2.0,32.0,12.0,0.01,PIDL,exper3,240,100
0.9896036,0.9270626,0.030606953,0.7182575,0.17102282,0.98607916,1.1197555,0.03548794,0.85118455,0.3600464,200.0,128.0,0.005,48.0,2.0,32.0,12.0,0.01,PIDL,exper3,241,100
0.9676315,0.95294464,0.045433443,0.7307405,0.212328,0.95346504,1.2247161,0.056931447,0.90344006,0.2544134,200.0,128.0,0.005,48.0,2.0,32.0,12.0,0.01,PIDL,exper3,242,100
0.97619605,0.94315296,0.034220587,0.7288654,0.04688801,0.9558596,1.2691758,0.048327718,0.99628544,0.06408046,200.0,128.0,0.005,48.0,2.0,32.0,12.0,0.01,PIDL,exper3,243,100
0.9271463,1.2287879,0.06884105,0.9226338,0.32914835,0.8443641,1.7842255,0.097098276,1.2410266,1.0093886,200.0,128.0,0.005,48.0,2.0,32.0,12.0,0.01,PIDL,exper3,246,100
0.97537786,0.9982743,0.045172483,0.76848835,0.20166473,0.9590059,1.3042827,0.059846226,0.96293396,0.29274076,200.0,128.0,0.005,48.0,2.0,32.0,12.0,0.01,PIDL,exper3,248,100
0.91380715,0.79493535,0.06134427,0.585326,0.023738682,0.87347615,1.0288078,0.07941684,0.79027075,0.032436233,200.0,128.0,0.005,48.0,2.0,32.0,12.0,0.1,PIDL,exper3,249,100
0.976681,1.0064969,0.042280015,0.7542637,0.13433518,0.9666571,1.1866153,0.046474155,0.9238116,0.17477235,200.0,128.0,0.005,48.0,2.0,32.0,12.0,0.01,PIDL,exper3,251,100
0.91067874,1.2183338,0.07007892,0.9168786,0.31112254,0.8013941,1.9332502,0.10325344,1.4363748,0.44257152,200.0,128.0,0.005,48.0,2.0,32.0,12.0,0.1,PIDL,exper3,252,100
0.92409635,1.3275865,0.06410612,1.0052595,0.2713131,0.8425693,1.8508776,0.09850517,1.3339227,0.35623464,200.0,128.0,0.005,48.0,2.0,32.0,12.0,0.1,PIDL,exper3,254,100
0.9392987,1.1673393,0.054908633,0.8648948,0.19175507,0.91614336,1.4401563,0.065716244,1.0871828,0.2725521,200.0,128.0,0.005,48.0,2.0,32.0,12.0,0.01,PIDL,exper3,258,100
0.85892606,1.0666417,0.08837131,0.8217886,0.033117577,0.848546,1.0894356,0.08524548,0.8234942,0.03261527,200.0,128.0,0.005,48.0,2.0,32.0,12.0,0.001,PIDL,exper3,259,100
0.96867436,0.85881895,0.0484388,0.643881,0.1829822,0.9689116,0.8636063,0.05195906,0.6512122,0.20751168,200.0,128.0,0.005,48.0,2.0,32.0,12.0,0.01,PIDL,exper3,261,100
0.91204274,1.323529,0.07276036,0.9827118,0.38917857,0.80502987,1.9616563,0.11204732,1.4676851,0.45829874,200.0,128.0,0.005,48.0,2.0,32.0,12.0,0.001,PIDL,exper3,264,100
0.7380654,0.9641585,0.0897309,0.74973,0.025872337,0.69305986,1.0689569,0.09753276,0.83893174,0.028451277,200.0,128.0,0.005,48.0,2.0,32.0,12.0,0.001,PIDL,exper3,266,100
0.98658293,0.8825724,0.03276653,0.69103473,0.088109575,0.9761098,1.1997926,0.0427074,0.9171718,0.16502519,200.0,128.0,0.005,48.0,2.0,32.0,12.0,0.01,PIDL,exper3,267,100
0.9779264,0.89161545,0.03368359,0.66823095,0.060841776,0.9582032,1.1955856,0.044512082,0.9021176,0.090494625,200.0,128.0,0.005,48.0,2.0,32.0,12.0,0.001,PIDL,exper3,268,100
0.9038684,1.067544,0.07452642,0.7916175,0.38971737,0.8474853,1.4191729,0.09896307,1.1049383,0.7729821,200.0,128.0,0.005,48.0,2.0,32.0,12.0,0.001,PIDL,exper3,269,100
0.95855296,1.2218013,0.04879402,0.9461977,0.18934251,0.9416309,1.404341,0.056975976,1.0984654,0.35147887,200.0,128.0,0.005,48.0,2.0,32.0,12.0,0.01,PIDL,exper3,270,100
0.9701458,0.8842335,0.04448387,0.66346437,0.16257812,0.95176786,1.1610267,0.056097057,0.90899926,0.18569523,200.0,128.0,0.005,48.0,2.0,32.0,12.0,0.01,PIDL,exper3,273,100
0.5952537,1.3920854,0.11247041,1.1125064,0.041234475,0.29458225,1.8287815,0.1410732,1.5161029,0.05924544,200.0,128.0,0.005,48.0,2.0,32.0,12.0,0.01,PIDL,exper3,274,100
0.9140608,1.1741086,0.06603409,0.90787375,0.50264156,0.8175507,1.7734333,0.10048766,1.3230569,0.59671307,200.0,128.0,0.005,48.0,2.0,32.0,12.0,0.1,PIDL,exper3,275,100
0.98057956,0.8725989,0.035282865,0.65872526,0.041298345,0.97527087,0.99749374,0.042634316,0.7738851,0.04930832,200.0,128.0,0.005,48.0,2.0,32.0,12.0,0.001,PIDL,exper3,279,100
0.96372586,1.0697196,0.047925644,0.82090783,0.22266603,0.93314713,1.4152856,0.06625184,1.084696,0.2324817,200.0,128.0,0.005,48.0,2.0,32.0,12.0,0.01,PIDL,exper3,280,100
0.9755286,0.953139,0.041193806,0.712878,0.13927837,0.96210617,1.1330303,0.04939417,0.881477,0.19015874,200.0,128.0,0.005,48.0,2.0,32.0,12.0,0.01,PIDL,exper3,281,100
0.97447044,1.0051377,0.0413625,0.7665091,0.1187148,0.95426494,1.3347033,0.05331471,0.96909684,0.15586497,200.0,128.0,0.005,48.0,2.0,32.0,12.0,0.001,PIDL,exper3,285,100
0.9868038,0.9470744,0.028450722,0.7406369,0.13199891,0.9782179,1.1874719,0.03760226,0.95212746,0.1874618,200.0,128.0,0.005,48.0,2.0,32.0,12.0,0.001,PIDL,exper3,287,100
0.97004414,1.1036419,0.045188908,0.86003536,0.15467353,0.9546771,1.3620279,0.056976743,1.0568966,0.19426654,200.0,128.0,0.005,48.0,2.0,32.0,12.0,0.1,PIDL,exper3,288,100
0.7537553,0.95719683,0.08992365,0.7618086,0.028046487,0.6714711,1.1167017,0.103398494,0.87708914,0.032859866,200.0,128.0,0.005,48.0,2.0,32.0,12.0,0.001,PIDL,exper3,289,100
0.97465444,0.8857987,0.04212292,0.67527753,0.16282304,0.9522643,1.1972486,0.05957845,0.9064369,0.25758702,200.0,128.0,0.005,48.0,2.0,32.0,12.0,0.01,PIDL,exper3,290,100
0.97991836,1.0571867,0.040574666,0.8241997,0.1744875,0.9737049,1.270731,0.04852841,1.0033857,0.26445088,200.0,128.0,0.005,48.0,2.0,32.0,12.0,0.001,PIDL,exper3,291,100
0.958195,1.0533961,0.05218242,0.7919273,0.18532215,0.908213,1.5320768,0.07264102,1.1571684,0.18385193,200.0,128.0,0.005,48.0,2.0,32.0,12.0,0.1,PIDL,exper3,292,100
0.98804766,0.94806755,0.031718403,0.717337,0.08035542,0.98398846,1.1536149,0.037801627,0.878774,0.26786685,200.0,128.0,0.005,48.0,2.0,32.0,12.0,0.001,PIDL,exper3,296,100
0.9863493,1.0111314,0.03170685,0.7825089,0.062457,0.9773367,1.2634696,0.03941963,0.9739038,0.07923687,200.0,128.0,0.005,48.0,2.0,32.0,12.0,0.01,PIDL,exper3,298,100
0.95726657,0.84846616,0.053119536,0.61123824,0.22513095,0.93628967,1.055318,0.06934205,0.768884,0.32600775,200.0,128.0,0.005,48.0,2.0,32.0,12.0,0.01,PIDL,exper3,300,100
0.97788423,0.947074,0.03876618,0.72886556,0.1395391,0.9640557,1.1725578,0.049734093,0.9382332,0.16699408,200.0,128.0,0.005,48.0,2.0,32.0,12.0,0.01,PIDL,exper3,301,100
0.97960395,0.9406245,0.038369343,0.71636516,0.12232603,0.9730534,1.0481582,0.043944117,0.8116048,0.13643748,200.0,128.0,0.005,48.0,2.0,32.0,12.0,0.001,PIDL,exper3,303,100
0.7737344,0.8205145,0.08265224,0.6536422,0.024781186,0.7590526,1.0151048,0.093500644,0.7890118,0.03074717,200.0,128.0,0.005,48.0,2.0,32.0,12.0,0.001,PIDL,exper3,306,100
0.96392477,0.8676899,0.048808265,0.63884604,0.19934773,0.9425532,1.0335085,0.059856765,0.79136324,0.33115932,200.0,128.0,0.005,48.0,2.0,32.0,12.0,0.01,PIDL,exper3,312,100
0.955033,1.1109211,0.053027213,0.85548115,0.15628044,0.92894375,1.4013069,0.063484766,1.0736873,0.16326827,200.0,128.0,0.005,48.0,2.0,32.0,12.0,0.1,PIDL,exper3,313,100
0.8892542,1.4076986,0.08213366,1.0277905,0.33583337,0.8523984,1.6743398,0.097484306,1.2449282,0.8868408,200.0,128.0,0.005,48.0,2.0,32.0,12.0,0.1,PIDL,exper3,319,100
0.9377897,1.0504961,0.06107422,0.79789174,0.29167524,0.89639926,1.3838656,0.08849185,1.0356543,0.45919642,200.0,128.0,0.005,48.0,2.0,32.0,12.0,0.001,PIDL,exper3,320,100
0.9808018,0.8228656,0.035815135,0.61962676,0.13413459,0.9670761,1.0771732,0.04701473,0.82433987,0.19228992,200.0,128.0,0.005,48.0,2.0,32.0,12.0,0.01,PIDL,exper3,323,100
0.941195,1.183457,0.060182653,0.8571148,0.29532358,0.77637035,2.2632096,0.118270345,1.6525075,0.39318892,200.0,128.0,0.005,48.0,2.0,32.0,12.0,0.01,PIDL,exper3,324,100
0.98224306,0.84424263,0.034900483,0.64105344,0.087899595,0.9695729,1.090676,0.04602094,0.84121007,0.1122078,200.0,128.0,0.005,48.0,2.0,32.0,12.0,0.001,PIDL,exper3,326,100
0.9829606,0.9237503,0.034948207,0.69940805,0.053868085,0.97729903,1.1168251,0.041648332,0.88319415,0.07277969,200.0,128.0,0.005,48.0,2.0,32.0,12.0,0.01,PIDL,exper3,328,100
0.9608237,1.0521884,0.048456907,0.80194455,0.46725464,0.93303216,1.401039,0.06449512,1.0763973,0.20928824,200.0,128.0,0.005,48.0,2.0,32.0,12.0,0.1,PIDL,exper3,333,100
0.8959776,1.241151,0.07078579,0.935049,0.4012915,0.7805177,1.8648094,0.10184344,1.4316273,0.79661286,200.0,128.0,0.005,48.0,2.0,32.0,12.0,0.01,PIDL,exper3,334,100
0.9493727,1.1803104,0.05644987,0.8729848,0.19122742,0.92073107,1.4613097,0.0709795,1.1035202,0.2631553,200.0,128.0,0.005,48.0,2.0,32.0,12.0,0.01,PIDL,exper3,335,100
0.9680856,0.7851917,0.04878706,0.57809734,0.1875821,0.9500391,0.9727789,0.061024472,0.75387204,0.3539292,200.0,128.0,0.005,48.0,2.0,32.0,12.0,0.001,PIDL,exper3,336,100
0.97681224,0.88401294,0.03965268,0.672306,0.18091393,0.9488052,1.2878127,0.058563616,0.9780422,0.17524381,200.0,128.0,0.005,48.0,2.0,32.0,12.0,0.01,PIDL,exper3,337,100
0.98507535,0.95609885,0.03457488,0.74744457,0.20945649,0.97570586,1.2628777,0.045446172,0.969775,0.31248185,200.0,128.0,0.005,48.0,2.0,32.0,12.0,0.001,PIDL,exper3,340,100
0.88257277,1.0605254,0.07593825,0.81570107,0.03607532,0.89399105,1.0011517,0.06940403,0.7691843,0.03363447,200.0,128.0,0.005,48.0,2.0,32.0,12.0,0.001,PIDL,exper3,342,100
0.9746692,1.0006051,0.040169343,0.7642135,0.12841845,0.9562732,1.3087507,0.049002673,1.0115978,0.2673897,200.0,128.0,0.005,48.0,2.0,32.0,12.0,0.01,PIDL,exper3,346,100
0.9488562,0.9393261,0.051441677,0.69328594,0.3549578,0.8485576,1.6204536,0.09641024,1.1768564,0.9191786,200.0,128.0,0.005,48.0,2.0,32.0,12.0,0.1,PIDL,exper3,353,100
0.9763759,0.6849257,0.041013513,0.4942484,0.14382315,0.96865535,0.8071323,0.050034862,0.5666823,0.2911576,200.0,128.0,0.005,48.0,2.0,32.0,12.0,0.001,PIDL,exper3,354,100
0.97842115,0.93125534,0.03808111,0.72802794,0.11919652,0.9595287,1.245935,0.0533999,0.95099413,0.2273837,200.0,128.0,0.005,48.0,2.0,32.0,12.0,0.1,PIDL,exper3,356,100
0.876705,0.8514357,0.06385516,0.64873534,0.03143146,0.8565618,0.9232145,0.070311226,0.7063388,0.033273686,200.0,128.0,0.005,48.0,2.0,32.0,12.0,0.001,PIDL,exper3,360,100
0.9886172,0.85320723,0.030256798,0.6565244,0.1435239,0.9828161,1.105699,0.038365655,0.86631393,0.29125908,200.0,128.0,0.005,48.0,2.0,32.0,12.0,0.01,PIDL,exper3,361,100
0.9774664,0.85812575,0.03478892,0.677985,0.0405904,0.9495834,1.258579,0.048792817,0.9947942,0.060889915,200.0,128.0,0.005,48.0,2.0,32.0,12.0,0.01,PIDL,exper3,362,100
0.94916743,1.1532899,0.05531361,0.84348816,0.33109328,0.92742234,1.485052,0.059306573,1.1163881,0.27237213,200.0,128.0,0.005,48.0,2.0,32.0,12.0,0.001,PIDL,exper3,364,100
0.9330844,1.1909208,0.059107874,0.8744266,0.226878,0.83368206,1.8017277,0.09397017,1.3102062,0.3332625,200.0,128.0,0.005,48.0,2.0,32.0,12.0,0.001,PIDL,exper3,365,100
0.98843014,0.7696372,0.029437283,0.5971637,0.10954496,0.97980756,1.0230445,0.038977027,0.77635336,0.26645228,200.0,128.0,0.005,48.0,2.0,32.0,12.0,0.001,PIDL,exper3,366,100
0.9764911,0.80288786,0.038854484,0.6135368,0.10373998,0.9504053,1.221688,0.05902114,0.91972566,0.1584322,200.0,128.0,0.005,48.0,2.0,32.0,12.0,0.01,PIDL,exper3,367,100
0.9705072,0.97382426,0.04264155,0.7274295,0.11830121,0.9496421,1.259554,0.05809837,0.9687539,0.19873631,200.0,128.0,0.005,48.0,2.0,32.0,12.0,0.001,PIDL,exper3,368,100
0.969913,1.1090627,0.044773746,0.8271857,0.17837007,0.9479676,1.4756106,0.05564554,1.1098769,0.25577813,200.0,128.0,0.005,48.0,2.0,32.0,12.0,0.01,PIDL,exper3,369,100
0.90966594,1.1111299,0.07744511,0.8584159,0.43676922,0.78125775,1.8127173,0.12771839,1.3787653,0.6698155,200.0,128.0,0.005,48.0,2.0,32.0,12.0,0.1,PIDL,exper3,371,100
0.8889181,1.011815,0.07008359,0.79925716,0.03107961,0.87084067,1.1235532,0.07619541,0.9029744,0.036032867,200.0,128.0,0.005,48.0,2.0,32.0,12.0,0.01,PIDL,exper3,372,100
0.9243334,1.1470098,0.0708266,0.8974347,0.51536065,0.83717513,1.6740879,0.10463233,1.2975252,0.6397729,200.0,128.0,0.005,48.0,2.0,32.0,12.0,0.1,PIDL,exper3,373,100
0.97587454,0.8197455,0.03970275,0.6426888,0.16439526,0.953162,1.1568974,0.055586424,0.88737965,0.41288272,200.0,128.0,0.005,48.0,2.0,32.0,12.0,0.001,PIDL,exper3,376,100
0.94582087,0.9785229,0.052195545,0.70676225,0.049806636,0.92706174,1.1558298,0.064698,0.83648366,0.055722944,200.0,128.0,0.005,48.0,2.0,32.0,12.0,0.001,PIDL,exper3,379,100
0.98042095,0.58498186,0.03966861,0.4263228,0.14206512,0.9690987,0.7456888,0.051683377,0.55896276,0.31616807,200.0,128.0,0.005,48.0,2.0,32.0,12.0,0.001,PIDL,exper3,382,100
0.9794896,0.61359036,0.03934167,0.41521674,0.16280337,0.9721648,0.74625266,0.047603056,0.5445555,0.26120898,200.0,128.0,0.005,48.0,2.0,32.0,12.0,0.01,PIDL,exper3,383,100
0.8112173,0.97284234,0.093949065,0.7757472,0.029040957,0.78130597,1.1210452,0.1031624,0.8705662,0.033456936,200.0,128.0,0.005,48.0,2.0,32.0,12.0,0.001,PIDL,exper3,386,100
0.98574156,0.80395824,0.031918332,0.62275183,0.18851005,0.9774423,1.0353928,0.041479755,0.8207401,0.290462,200.0,128.0,0.005,48.0,2.0,32.0,12.0,0.01,PIDL,exper3,387,100
0.7177501,1.0192443,0.118150234,0.72094065,0.84389365,0.61374915,1.2548461,0.13388568,0.8610754,0.53173935,200.0,128.0,0.005,48.0,2.0,32.0,12.0,0.001,PIDL,exper3,389,100
0.977617,0.9426684,0.03918728,0.7024264,0.11910263,0.9588095,1.2377044,0.05270685,0.924041,0.18208174,200.0,128.0,0.005,48.0,2.0,32.0,12.0,0.01,PIDL,exper3,391,100
0.9669342,0.86667347,0.04208487,0.6588021,0.12128034,0.9453586,1.1550572,0.05657874,0.8650186,0.22001128,200.0,128.0,0.005,48.0,2.0,32.0,12.0,0.001,PIDL,exper3,393,100
0.88021684,1.0656515,0.084984384,0.8120586,0.43733615,0.81531477,1.385,0.09761633,1.0507056,0.5104022,200.0,128.0,0.005,48.0,2.0,32.0,12.0,0.01,PIDL,exper3,395,100
0.7828708,1.6905509,0.079527155,1.1792685,0.5389277,0.6841972,2.1185293,0.12625098,1.5774941,0.9276544,200.0,128.0,0.005,48.0,2.0,32.0,12.0,0.1,PIDL,exper3,396,100
0.94947666,0.9210427,0.054654572,0.7010567,0.28031543,0.80293936,2.0159154,0.10654916,1.338747,1.120117,200.0,128.0,0.005,48.0,2.0,32.0,12.0,0.1,PIDL,exper3,400,100
0.9723122,1.1679239,0.044684034,0.8945154,0.16811848,0.956577,1.5076973,0.060598694,1.1230289,0.2676833,200.0,128.0,0.005,48.0,2.0,32.0,12.0,0.001,PIDL,exper3,402,100
0.9707146,1.0770341,0.0439442,0.80797124,0.1544565,0.9379588,1.5134276,0.06314968,1.1106472,0.15089846,200.0,128.0,0.005,48.0,2.0,32.0,12.0,0.1,PIDL,exper3,404,100
0.9780525,0.94143903,0.0380764,0.72133225,0.13105325,0.962989,1.1792412,0.04990445,0.92463875,0.13923934,200.0,128.0,0.005,48.0,2.0,32.0,12.0,0.001,PIDL,exper3,405,100
0.962567,1.2164133,0.051211365,0.9140417,0.20503815,0.9379542,1.5554518,0.06607438,1.1765894,0.23679627,200.0,128.0,0.005,48.0,2.0,32.0,12.0,0.001,PIDL,exper3,409,100
0.9808837,0.87905216,0.0370121,0.67689425,0.05632491,0.9728023,1.0657861,0.0451903,0.82723194,0.07124065,200.0,128.0,0.005,48.0,2.0,32.0,12.0,0.001,PIDL,exper3,411,100
0.93545294,1.0183592,0.063816965,0.7696254,0.49947417,0.9080904,1.2696371,0.07403132,0.98546296,0.36016113,200.0,128.0,0.005,48.0,2.0,32.0,12.0,0.001,PIDL,exper3,412,100
0.9455168,0.9318107,0.057508457,0.7066221,0.3527089,0.8703288,1.4595073,0.09556885,1.1117591,0.50281274,200.0,128.0,0.005,48.0,2.0,32.0,12.0,0.01,PIDL,exper3,413,100
0.90330917,1.013338,0.06557302,0.7444952,0.4934607,0.7656252,1.6610612,0.11658026,1.239563,0.5325594,200.0,128.0,0.005,48.0,2.0,32.0,12.0,0.001,PIDL,exper3,417,100
0.9722351,0.8891918,0.041911636,0.68898493,0.22932635,0.95416576,1.1886413,0.05694892,0.91491276,0.13611479,200.0,128.0,0.005,48.0,2.0,32.0,12.0,0.001,PIDL,exper3,419,100
0.95951986,1.0890067,0.052807823,0.7871117,0.16924652,0.9474644,1.2115004,0.05821227,0.9288298,0.2224281,200.0,128.0,0.005,48.0,2.0,32.0,12.0,0.001,PIDL,exper3,421,100
0.97839195,0.9391052,0.035936706,0.7179765,0.14460881,0.9587744,1.3158739,0.05008811,1.035309,0.36512434,200.0,128.0,0.005,48.0,2.0,32.0,12.0,0.001,PIDL,exper3,422,100
0.87840784,1.0298789,0.07622916,0.76708263,0.5578453,0.7689636,1.471921,0.10393366,1.1194524,0.39995974,200.0,128.0,0.005,48.0,2.0,32.0,12.0,0.01,PIDL,exper3,424,100
0.9647054,0.874978,0.046281986,0.67451143,0.21246497,0.9300909,1.3061806,0.07017421,1.0133212,0.43727523,200.0,128.0,0.005,48.0,2.0,32.0,12.0,0.001,PIDL,exper3,426,100
0.97679555,0.95928234,0.03757552,0.7540626,0.116349876,0.95179135,1.4470631,0.055634834,1.1073252,0.23717006,200.0,128.0,0.005,48.0,2.0,32.0,12.0,0.01,PIDL,exper3,427,100
0.963467,0.87225723,0.040346455,0.6603914,0.08348512,0.9399429,1.237763,0.06274213,0.95739186,0.15754731,200.0,128.0,0.005,48.0,2.0,32.0,12.0,0.01,PIDL,exper3,430,100
0.9438837,1.2810833,0.061562486,0.99671066,0.34130335,0.92363507,1.5002226,0.07530164,1.1653615,0.37487763,200.0,128.0,0.005,48.0,2.0,32.0,12.0,0.1,PIDL,exper3,432,100
0.9809508,0.9378066,0.03563095,0.7357758,0.12056639,0.9694934,1.2532969,0.048635572,0.9952497,0.56086534,200.0,128.0,0.005,48.0,2.0,32.0,12.0,0.001,PIDL,exper3,434,100
0.90132344,1.0627054,0.0776744,0.8190842,0.4421221,0.7946101,1.6456219,0.11710969,1.222463,0.58257145,200.0,128.0,0.005,48.0,2.0,32.0,12.0,0.1,PIDL,exper3,438,100
0.9853783,1.0538187,0.031364817,0.8075412,0.06906399,0.97593886,1.3603083,0.04092519,1.0344795,0.08406619,200.0,128.0,0.005,48.0,2.0,32.0,12.0,0.001,PIDL,exper3,441,100
0.9243301,0.84983486,0.059090205,0.66402704,0.028329499,0.9086513,1.0157038,0.06312641,0.81131303,0.035476416,200.0,128.0,0.005,48.0,2.0,32.0,12.0,0.001,PIDL,exper3,442,100
0.9598663,0.699903,0.042054504,0.5309166,0.08725867,0.9346106,0.9141771,0.05449945,0.6670807,0.10997326,200.0,128.0,0.005,48.0,2.0,32.0,12.0,0.01,PIDL,exper3,443,100
0.9780357,0.7354725,0.041713793,0.55532736,0.2884339,0.9685909,0.88420933,0.055278696,0.66947395,0.25593907,200.0,128.0,0.005,48.0,2.0,32.0,12.0,0.001,PIDL,exper3,444,100
0.6691884,0.97415423,0.09440228,0.74741143,0.035497855,0.67392373,1.0664707,0.09550747,0.8268597,0.040170934,200.0,128.0,0.005,48.0,2.0,32.0,12.0,0.001,PIDL,exper3,445,100
0.9485332,1.0261829,0.0521141,0.7636382,0.10656648,0.9324792,1.1682127,0.06091325,0.85197777,0.11010607,200.0,128.0,0.005,48.0,2.0,32.0,12.0,0.001,PIDL,exper3,448,100
0.9306933,1.1176295,0.06438993,0.8390589,0.267903,0.8612244,1.6535199,0.097860985,1.2007887,0.794858,200.0,128.0,0.005,48.0,2.0,32.0,12.0,0.001,PIDL,exper3,449,100
0.97486943,0.94596493,0.042321794,0.70275074,0.15819716,0.9582358,1.2149527,0.053742703,0.943666,0.18672417,200.0,128.0,0.005,48.0,2.0,32.0,12.0,0.01,PIDL,exper3,454,100
0.9512005,0.8101779,0.054917414,0.5834047,0.23520611,0.9181249,1.0095737,0.07727918,0.73053634,0.24721374,200.0,128.0,0.005,48.0,2.0,32.0,12.0,0.001,PIDL,exper3,456,100
0.97164637,0.90955,0.041957185,0.699018,0.18681203,0.94378954,1.3446679,0.059321664,1.0202913,0.5517636,200.0,128.0,0.005,48.0,2.0,32.0,12.0,0.01,PIDL,exper3,458,100
0.92788875,1.4350418,0.06727072,1.0852052,0.06364192,0.9218265,1.459403,0.06371982,1.0967109,0.068627775,200.0,128.0,0.005,48.0,2.0,32.0,12.0,0.01,PIDL,exper3,460,100
0.9864825,0.9778392,0.03290006,0.7652315,0.110980235,0.98128676,1.193086,0.040429916,0.92067015,0.16635771,200.0,128.0,0.005,48.0,2.0,32.0,12.0,0.01,PIDL,exper3,461,100
0.9020833,0.7270209,0.06954915,0.56504905,0.026479986,0.89731354,0.7537591,0.06355456,0.5479588,0.024923146,200.0,128.0,0.005,48.0,2.0,32.0,12.0,0.01,PIDL,exper3,462,100
0.9710921,1.2365873,0.045415983,0.9749906,0.17957237,0.95757914,1.5844539,0.058282882,1.2600188,0.29309705,200.0,128.0,0.005,48.0,2.0,32.0,12.0,0.001,PIDL,exper3,464,100
0.9590769,0.97510713,0.048749067,0.74427754,0.11435327,0.93319404,1.3633276,0.06580338,1.0581206,0.2512954,200.0,128.0,0.005,48.0,2.0,32.0,12.0,0.001,PIDL,exper3,465,100
0.9067798,1.0501245,0.06534966,0.78577024,0.28031555,0.72274196,1.807897,0.10622192,1.3134214,0.7014415,200.0,128.0,0.005,48.0,2.0,32.0,12.0,0.01,PIDL,exper3,467,100
0.98918825,0.8311711,0.02940559,0.64835376,0.15731688,0.9831076,1.0867779,0.03854164,0.8655222,0.21531531,200.0,128.0,0.005,48.0,2.0,32.0,12.0,0.01,PIDL,exper3,471,100
0.973179,0.87605697,0.037928153,0.66051126,0.11868165,0.957266,1.1799339,0.052110083,0.9127667,0.3370306,200.0,128.0,0.005,48.0,2.0,32.0,12.0,0.1,PIDL,exper3,472,100
0.97805727,0.95193183,0.03830846,0.7244575,0.115922146,0.96963763,1.0949644,0.04530609,0.8345481,0.15481661,200.0,128.0,0.005,48.0,2.0,32.0,12.0,0.01,PIDL,exper3,474,100
0.8073007,0.9674423,0.10179319,0.75445163,0.027822126,0.735786,1.139333,0.11236025,0.9116041,0.03302897,200.0,128.0,0.005,48.0,2.0,32.0,12.0,0.01,PIDL,exper3,477,100
0.97880834,0.72378606,0.035115983,0.54846656,0.08276597,0.95466304,1.064317,0.049215082,0.8212303,0.13048133,200.0,128.0,0.005,48.0,2.0,32.0,12.0,0.001,PIDL,exper3,481,100
0.9679965,1.0833865,0.045020543,0.81897163,0.13006075,0.95695144,1.2669604,0.055374533,1.0027868,0.19815238,200.0,128.0,0.005,48.0,2.0,32.0,12.0,0.001,PIDL,exper3,482,100
0.9775571,1.0496448,0.039063822,0.8285827,0.30356503,0.9652859,1.3620943,0.049763575,1.0678297,0.29343837,200.0,128.0,0.005,48.0,2.0,32.0,12.0,0.1,PIDL,exper3,483,100
0.983455,0.8987149,0.035864774,0.68276536,0.04004191,0.9672422,1.2717918,0.052885335,0.9776964,0.056666672,200.0,128.0,0.005,48.0,2.0,32.0,12.0,0.001,PIDL,exper3,484,100
0.977769,0.9252458,0.03947781,0.7123917,0.13216373,0.95907634,1.1990424,0.05270502,0.91253746,0.19458435,200.0,128.0,0.005,48.0,2.0,32.0,12.0,0.001,PIDL,exper3,486,100
0.98572886,0.9010889,0.032101765,0.7052022,0.054018963,0.9804545,1.0805876,0.037984703,0.84684694,0.068473056,200.0,128.0,0.005,48.0,2.0,32.0,12.0,0.01,PIDL,exper3,488,100
0.96623826,1.1418906,0.045682482,0.88598806,0.13989177,0.9457883,1.4408695,0.05813408,1.1350607,0.29676214,200.0,128.0,0.005,48.0,2.0,32.0,12.0,0.01,PIDL,exper3,493,100
0.84676754,0.73769784,0.06756997,0.57023805,0.023876574,0.8128617,0.83927095,0.07889278,0.65845376,0.027052844,200.0,128.0,0.005,48.0,2.0,32.0,12.0,0.001,PIDL,exper3,494,100
0.68712723,1.4895887,0.10560714,1.1258569,0.81819904,0.56591356,2.198763,0.15716372,1.6546367,1.2221688,200.0,128.0,0.005,48.0,2.0,32.0,12.0,0.1,PIDL,exper3,495,100
0.88841856,0.8226973,0.0702026,0.6421903,0.026003806,0.8773002,0.85206103,0.077080995,0.6647141,0.026643805,200.0,128.0,0.005,48.0,2.0,32.0,12.0,0.001,PIDL,exper3,496,100
0.9494018,1.1647654,0.054547653,0.8893801,0.16595754,0.90701914,1.5088049,0.07633775,1.156444,0.28115225,200.0,128.0,0.005,48.0,2.0,32.0,12.0,0.001,PIDL,exper3,503,100
0.97803587,0.9018422,0.039939813,0.6753302,0.17758502,0.9613124,1.2596669,0.056464367,0.9740727,0.4900949,200.0,128.0,0.005,48.0,2.0,32.0,12.0,0.01,PIDL,exper3,508,100
0.6159563,0.81526774,0.1256187,0.648916,0.02207983,0.5010864,0.8677927,0.1225696,0.6837961,0.02288258,200.0,128.0,0.005,48.0,2.0,32.0,12.0,0.001,PIDL,exper3,510,100
0.9539643,1.154141,0.054431833,0.868372,0.22393039,0.9282807,1.4901088,0.06918042,1.1157169,0.2203661,200.0,128.0,0.005,48.0,2.0,32.0,12.0,0.001,PIDL,exper3,514,100
0.9703239,1.0501028,0.042351056,0.8170703,0.110272266,0.9431777,1.4191933,0.058439016,1.0936575,0.16212125,200.0,128.0,0.005,48.0,2.0,32.0,12.0,0.001,PIDL,exper3,516,100
0.96372724,1.035838,0.04771424,0.7789552,0.11900245,0.93048304,1.4100155,0.06631319,1.045577,0.415766,200.0,128.0,0.005,48.0,2.0,32.0,12.0,0.01,PIDL,exper3,517,100
0.9269215,1.1589245,0.06153135,0.8936263,0.30060512,0.8257065,1.9048417,0.09713119,1.3767585,0.33523545,200.0,128.0,0.005,48.0,2.0,32.0,12.0,0.01,PIDL,exper3,519,100
0.9699516,1.102037,0.04110802,0.85506785,0.15694915,0.94686586,1.4771004,0.054687124,1.1143476,0.3792611,200.0,128.0,0.005,48.0,2.0,32.0,12.0,0.01,PIDL,exper3,522,100
0.98337656,1.013338,0.03698503,0.79544383,0.1544406,0.97543687,1.2536362,0.04612696,0.9840689,0.31371832,200.0,128.0,0.005,48.0,2.0,32.0,12.0,0.001,PIDL,exper3,523,100
0.8321506,0.98265564,0.088169314,0.75960475,0.028052978,0.7838625,1.0962559,0.09475607,0.8708579,0.03206614,200.0,128.0,0.005,48.0,2.0,32.0,12.0,0.001,PIDL,exper3,527,100
0.8117386,0.7215207,0.08199052,0.56594527,0.022249708,0.8004663,0.83755684,0.08665876,0.65867126,0.02574002,200.0,128.0,0.005,48.0,2.0,32.0,12.0,0.001,PIDL,exper3,528,100
0.9765432,0.8775445,0.039039142,0.66310936,0.105146244,0.9632744,1.0796397,0.048149493,0.8612425,0.13872963,200.0,128.0,0.005,48.0,2.0,32.0,12.0,0.01,PIDL,exper3,529,100
0.9725135,1.0673645,0.040849518,0.82111233,0.1472166,0.9283151,1.7149754,0.063848674,1.2959223,0.24694179,200.0,128.0,0.005,48.0,2.0,32.0,12.0,0.01,PIDL,exper3,530,100
0.9859259,0.87588334,0.028761867,0.6735309,0.061582748,0.9692178,1.2862046,0.039870348,0.963448,0.106425695,200.0,128.0,0.005,48.0,2.0,32.0,12.0,0.001,PIDL,exper3,531,100
0.9749314,1.0331615,0.039648898,0.80894107,0.1473054,0.95090353,1.4871777,0.0561411,1.1679902,0.37370843,200.0,128.0,0.005,48.0,2.0,32.0,12.0,0.1,PIDL,exper3,533,100
0.9756239,0.9092018,0.035020255,0.716711,0.044546038,0.9507347,1.296555,0.05132351,1.0306796,0.06648012,200.0,128.0,0.005,48.0,2.0,32.0,12.0,0.001,PIDL,exper3,534,100
0.9761691,1.1195148,0.036597412,0.87646854,0.086271584,0.9566149,1.520742,0.04789739,1.1886947,0.14047146,200.0,128.0,0.005,48.0,2.0,32.0,12.0,0.01,PIDL,exper3,539,100
0.9759554,0.64201033,0.042639513,0.47416508,0.17359775,0.96615934,0.7979784,0.04650224,0.58003813,0.21700284,200.0,128.0,0.005,48.0,2.0,32.0,12.0,0.001,PIDL,exper3,543,100
0.98113906,0.8627955,0.036903095,0.6694418,0.14861135,0.97084075,1.0500057,0.045362532,0.82202834,0.23212999,200.0,128.0,0.005,48.0,2.0,32.0,12.0,0.01,PIDL,exper3,545,100
0.936461,1.0423332,0.056046657,0.76236576,0.23476511,0.90370625,1.3728174,0.07291682,1.0699468,0.28718445,200.0,128.0,0.005,48.0,2.0,32.0,12.0,0.01,PIDL,exper3,548,100
0.97379124,1.0869399,0.04395221,0.81014544,0.13031171,0.97086656,1.1761096,0.049355913,0.8512897,0.16956957,200.0,128.0,0.005,48.0,2.0,32.0,12.0,0.01,PIDL,exper3,549,100
0.8641499,0.977775,0.08151522,0.7637602,0.030642973,0.8524717,1.009106,0.08025784,0.78689927,0.030959493,200.0,128.0,0.005,48.0,2.0,32.0,12.0,0.01,PIDL,exper3,553,100
0.97953725,0.9559131,0.03962758,0.73244363,0.08675587,0.9663503,1.2291452,0.04873698,0.9669218,0.18065287,200.0,128.0,0.005,48.0,2.0,32.0,12.0,0.001,PIDL,exper3,555,100
0.9746353,0.9675186,0.034204558,0.7379045,0.051885527,0.9587808,1.2064973,0.046956953,0.94572276,0.06812979,200.0,128.0,0.005,48.0,2.0,32.0,12.0,0.01,PIDL,exper3,556,100
0.94410354,1.1163895,0.057270654,0.85135293,0.15675019,0.837274,1.9606892,0.09948061,1.465167,0.26855603,200.0,128.0,0.005,48.0,2.0,32.0,12.0,0.01,PIDL,exper3,557,100
0.9727603,1.1120193,0.04331191,0.87720144,0.13235502,0.9597655,1.3485631,0.052387152,1.0519336,0.18253326,200.0,128.0,0.005,48.0,2.0,32.0,12.0,0.01,PIDL,exper3,558,100
0.94438255,1.0371277,0.058064144,0.7967275,0.05221701,0.93016374,1.1973816,0.063936494,0.9034127,0.05755144,200.0,128.0,0.005,48.0,2.0,32.0,12.0,0.01,PIDL,exper3,562,100
0.9793292,0.8694411,0.037587292,0.65727776,0.099187486,0.95737547,1.2329721,0.053279128,0.9625671,0.24644455,200.0,128.0,0.005,48.0,2.0,32.0,12.0,0.001,PIDL,exper3,566,100
0.9627486,1.0761793,0.04784199,0.8526673,0.037825596,0.9453573,1.3489345,0.06506029,1.0483565,0.05022936,200.0,128.0,0.005,48.0,2.0,32.0,12.0,0.001,PIDL,exper3,567,100
0.9401964,1.1924621,0.05772846,0.90490484,0.14906138,0.8088608,2.1449351,0.09937778,1.5373749,0.22669446,200.0,128.0,0.005,48.0,2.0,32.0,12.0,0.001,PIDL,exper3,568,100
0.97259665,0.94268787,0.041609265,0.7396469,0.13531113,0.9387615,1.4918758,0.0648849,1.1426473,0.14955394,200.0,128.0,0.005,48.0,2.0,32.0,12.0,0.01,PIDL,exper3,569,100
0.97345495,1.0141258,0.03975717,0.7897323,0.14259627,0.9444719,1.4546639,0.060766,1.1245975,0.20835231,200.0,128.0,0.005,48.0,2.0,32.0,12.0,0.001,PIDL,exper3,570,100
0.9795892,1.2790108,0.040934633,0.9594798,0.24233435,0.9733252,1.4499724,0.04928764,1.0966722,0.25613064,200.0,128.0,0.005,48.0,2.0,32.0,12.0,0.001,PIDL,exper3,571,100
0.97272307,0.9936297,0.04418469,0.77409214,0.24099036,0.96332586,1.1626899,0.051579744,0.9002051,0.277607,200.0,128.0,0.005,48.0,2.0,32.0,12.0,0.01,PIDL,exper3,573,100
0.97989863,1.0574228,0.036991786,0.8224279,0.044854566,0.9766748,1.1466781,0.04170926,0.8623617,0.05160107,200.0,128.0,0.005,48.0,2.0,32.0,12.0,0.01,PIDL,exper3,576,100
0.8781198,1.0783285,0.07544726,0.84047407,0.042308364,0.8210684,1.3292029,0.08496648,1.0410125,0.05343279,200.0,128.0,0.005,48.0,2.0,32.0,12.0,0.01,PIDL,exper3,590,100
0.9126084,0.87750703,0.046662055,0.62818533,0.21453977,0.85699534,1.1537864,0.07895351,0.8785332,0.4883757,200.0,128.0,0.005,48.0,2.0,32.0,12.0,0.001,PIDL,exper3,594,100
0.98674774,0.9708844,0.033594094,0.75818455,0.12710576,0.9818593,1.1688879,0.039866596,0.9131799,0.2945092,200.0,128.0,0.005,48.0,2.0,32.0,12.0,0.001,PIDL,exper3,601,100
0.8394149,0.8496898,0.073410116,0.6734365,0.026713958,0.7974502,1.0368371,0.095975354,0.8043215,0.031761948,200.0,128.0,0.005,48.0,2.0,32.0,12.0,0.01,PIDL,exper3,603,100
0.9797245,1.0308955,0.03490798,0.79904985,0.08012865,0.9647138,1.3849666,0.044981666,1.0933391,0.13073307,200.0,128.0,0.005,48.0,2.0,32.0,12.0,0.001,PIDL,exper3,623,100
0.9687374,1.1903576,0.046520874,0.92678326,0.14946708,0.94942605,1.5002562,0.05987345,1.1734993,0.18855165,200.0,128.0,0.005,48.0,2.0,32.0,12.0,0.001,PIDL,exper3,624,100
0.9695624,1.1406888,0.048102524,0.8706812,0.2870503,0.96358246,1.3114911,0.054362666,1.0039983,0.2820079,200.0,128.0,0.005,48.0,2.0,32.0,12.0,0.001,PIDL,exper3,630,100
0.98420024,0.8313352,0.03471238,0.63852173,0.042672496,0.97434026,1.069892,0.046723668,0.84675956,0.060098097,200.0,128.0,0.005,48.0,2.0,32.0,12.0,0.1,PIDL,exper3,634,100
0.94517297,0.974049,0.05812431,0.73890775,0.22639489,0.91936654,1.2969875,0.07145937,1.0286349,0.6329967,200.0,128.0,0.005,48.0,2.0,32.0,12.0,0.01,PIDL,exper3,635,100
0.9259446,1.3047813,0.06314579,1.0186225,0.057140052,0.8943808,1.5785085,0.07508184,1.2432705,0.067607306,200.0,128.0,0.005,48.0,2.0,32.0,12.0,0.01,PIDL,exper3,637,100
0.94420725,1.0232679,0.061322436,0.75345814,0.22601469,0.8937325,1.2689971,0.08419667,0.9729206,0.33695891,200.0,128.0,0.005,48.0,2.0,32.0,12.0,0.001,PIDL,exper3,639,100
0.9773985,1.0224396,0.04198448,0.77229106,0.17087305,0.9694914,1.2240912,0.050608672,0.92628527,0.7048639,200.0,128.0,0.005,48.0,2.0,32.0,12.0,0.001,PIDL,exper3,645,100
0.9777965,0.87332916,0.038835756,0.65606517,0.11281793,0.9656587,1.1032894,0.049459953,0.85633844,0.15501747,200.0,128.0,0.005,48.0,2.0,32.0,12.0,0.001,PIDL,exper3,646,100
0.59998417,1.6254086,0.11248496,1.2722816,0.04758969,0.44600302,1.6820976,0.12711097,1.3255965,0.048352838,200.0,128.0,0.005,48.0,2.0,32.0,12.0,0.001,PIDL,exper3,648,100
0.9813144,0.8665893,0.037251107,0.6612536,0.20379743,0.9653247,1.1993133,0.05134306,0.89168066,0.29074422,200.0,128.0,0.005,48.0,2.0,32.0,12.0,0.01,PIDL,exper3,654,100
0.97356886,0.9709308,0.040170524,0.74489903,0.14013119,0.9585357,1.2343127,0.050097924,0.94375014,0.42125747,200.0,128.0,0.005,48.0,2.0,32.0,12.0,0.001,PIDL,exper3,657,100
0.9787808,0.87925744,0.038754072,0.6569642,0.18379225,0.96446466,1.0981063,0.047905672,0.8448378,0.14945681,200.0,128.0,0.005,48.0,2.0,32.0,12.0,0.001,PIDL,exper3,672,100
0.97628206,1.0590804,0.040401895,0.816544,0.3212869,0.9718364,1.1959671,0.046216037,0.94300073,0.29944366,200.0,128.0,0.005,48.0,2.0,32.0,12.0,0.001,PIDL,exper3,679,100
0.96863043,0.82098246,0.048665173,0.58714986,0.18374199,0.96365476,0.9029732,0.05286211,0.6590674,0.23857404,200.0,128.0,0.005,48.0,2.0,32.0,12.0,0.001,PIDL,exper3,681,100
0.9788281,0.9237848,0.039254334,0.7200592,0.12380131,0.95869523,1.2466772,0.05370583,0.98380536,0.17445748,200.0,128.0,0.005,48.0,2.0,32.0,12.0,0.01,PIDL,exper3,684,100
0.9742055,0.85206795,0.040796485,0.67864525,0.17380907,0.94553995,1.2773812,0.0554703,0.95487714,0.564997,200.0,128.0,0.005,48.0,2.0,32.0,12.0,0.1,PIDL,exper3,710,100
0.9801801,0.93884593,0.0387916,0.72381,0.13435249,0.9660049,1.2403696,0.050319213,0.9761502,0.17884144,200.0,128.0,0.005,48.0,2.0,32.0,12.0,0.01,PIDL,exper3,713,100
0.96211916,0.84200245,0.05427022,0.626079,0.2066187,0.94326353,1.0209668,0.070484616,0.76909673,0.2721989,200.0,128.0,0.005,48.0,2.0,32.0,12.0,0.001,PIDL,exper3,725,100
0.97592795,1.0178562,0.04044116,0.8165766,0.30074623,0.9647152,1.2405567,0.04961663,0.97330844,0.18656084,200.0,128.0,0.005,48.0,2.0,32.0,12.0,0.01,PIDL,exper3,728,100
0.97885793,0.9353911,0.039088607,0.7252296,0.15185918,0.9593759,1.2717581,0.05440537,1.0043583,0.3705149,200.0,128.0,0.005,48.0,2.0,32.0,12.0,0.1,PIDL,exper3,733,100
0.9625855,0.7340216,0.047055684,0.5408427,0.18000424,0.9292752,0.9835712,0.06975573,0.75846916,0.43143567,200.0,128.0,0.005,48.0,2.0,32.0,12.0,0.001,PIDL,exper3,736,100
0.97470987,0.74643296,0.044015534,0.5512268,0.17239916,0.96257997,0.8881244,0.051320948,0.6772392,0.18938677,200.0,128.0,0.005,48.0,2.0,32.0,12.0,0.01,PIDL,exper3,744,100
0.9767093,0.99050426,0.039696388,0.7858635,0.1327715,0.95246255,1.4273149,0.05833561,1.135491,0.17898926,200.0,128.0,0.005,48.0,2.0,32.0,12.0,0.1,PIDL,exper3,754,100
0.94142073,1.1193907,0.05952683,0.83417314,0.15944521,0.9187712,1.3480923,0.057796,0.9747303,0.31755286,200.0,128.0,0.005,48.0,2.0,32.0,12.0,0.001,PIDL,exper3,758,100
0.9604238,0.689713,0.04345032,0.53874713,0.03673876,0.9030558,1.107746,0.06328122,0.7832521,0.055506654,200.0,128.0,0.005,48.0,2.0,32.0,12.0,0.1,PIDL,exper3,767,100
0.9375503,0.91170585,0.058147848,0.69750506,0.031940944,0.91474223,1.1378175,0.0732463,0.87811875,0.041326314,200.0,128.0,0.005,48.0,2.0,32.0,12.0,0.01,PIDL,exper3,770,100
0.97011644,1.0111302,0.043214034,0.79569924,0.11999601,0.9302876,1.5160424,0.06491569,1.1576655,0.14140178,200.0,128.0,0.005,48.0,2.0,32.0,12.0,0.01,PIDL,exper3,771,100
0.97714216,0.9170965,0.039586466,0.7117047,0.11535078,0.958803,1.1459496,0.050706342,0.90043133,0.14792487,200.0,128.0,0.005,48.0,2.0,32.0,12.0,0.01,PIDL,exper3,779,100
0.9428783,1.0603528,0.0633804,0.79448974,0.5711491,0.8806709,1.4617441,0.090294324,1.1314114,0.63923955,200.0,128.0,0.005,48.0,2.0,32.0,12.0,0.1,PIDL,exper3,792,100
0.9772045,0.8430626,0.037456095,0.65830004,0.12113207,0.9228002,1.5448338,0.07178966,1.0955092,0.5425716,200.0,128.0,0.005,48.0,2.0,32.0,12.0,0.1,PIDL,exper3,797,100
0.9511181,1.1238359,0.0549397,0.89122313,0.07014333,0.93964255,1.2393168,0.050882865,0.9635369,0.0752775,200.0,128.0,0.005,48.0,2.0,32.0,12.0,0.001,PIDL,exper3,800,100
0.97263974,0.9843767,0.042138584,0.7627718,0.14485602,0.95147073,1.2486178,0.053796545,0.9676125,0.3208745,200.0,128.0,0.005,48.0,2.0,32.0,12.0,0.01,PIDL,exper3,804,100
0.9781158,0.94626755,0.039099976,0.73029995,0.13869977,0.9372369,1.538885,0.06292582,1.1292852,0.3511686,200.0,128.0,0.005,48.0,2.0,32.0,12.0,0.01,PIDL,exper3,805,100
0.9807854,0.8140023,0.0357964,0.6001379,0.12655334,0.96167034,1.1271567,0.050624646,0.87436867,0.20928608,200.0,128.0,0.005,48.0,2.0,32.0,12.0,0.001,PIDL,exper3,810,100
0.9595665,0.8314012,0.051546115,0.6002684,0.17819038,0.9474597,0.95654446,0.06023356,0.71562827,0.2638004,200.0,128.0,0.005,48.0,2.0,32.0,12.0,0.01,PIDL,exper3,819,100
0.9726663,0.96791,0.0385645,0.75379765,0.051610768,0.95280015,1.247769,0.050747897,0.9944254,0.0719599,200.0,128.0,0.005,48.0,2.0,32.0,12.0,0.01,PIDL,exper3,824,100
0.9750613,0.83136606,0.039631326,0.64183754,0.1345411,0.95061666,1.2478837,0.057005923,0.9452278,0.24257934,200.0,128.0,0.005,48.0,2.0,32.0,12.0,0.001,PIDL,exper3,825,100
0.9771877,1.0411563,0.041176982,0.8040857,0.14047118,0.9699116,1.2371812,0.04847243,0.9556326,0.26631668,200.0,128.0,0.005,48.0,2.0,32.0,12.0,0.001,PIDL,exper3,827,100
0.598155,0.90878683,0.109106705,0.7062526,0.03111948,0.58031505,1.0198896,0.110832736,0.7976116,0.035565346,200.0,128.0,0.005,48.0,2.0,32.0,12.0,0.1,PIDL,exper3,829,100
0.9866618,0.95007145,0.031007534,0.7465481,0.20959812,0.9797587,1.2408248,0.040773712,0.9847672,0.4033819,200.0,128.0,0.005,48.0,2.0,32.0,12.0,0.01,PIDL,exper3,840,100
0.94997716,1.1211652,0.056426782,0.8261637,0.16736989,0.9276653,1.357673,0.06901586,1.0258325,0.2814841,200.0,128.0,0.005,48.0,2.0,32.0,12.0,0.01,PIDL,exper3,849,100
0.9851943,0.84325486,0.03321627,0.6474222,0.050223637,0.9736878,1.1515517,0.041149996,0.86966676,0.07150698,200.0,128.0,0.005,48.0,2.0,32.0,12.0,0.001,PIDL,exper3,881,100
0.98357934,0.9034729,0.036824737,0.68917793,0.111376554,0.97536176,1.1188524,0.04546685,0.86429733,0.18628572,200.0,128.0,0.005,48.0,2.0,32.0,12.0,0.01,PIDL,exper3,883,100
0.98344016,0.8321977,0.035453223,0.63773626,0.062004816,0.97153103,1.1210042,0.046732888,0.8751413,0.08704144,200.0,128.0,0.005,48.0,2.0,32.0,12.0,0.01,PIDL,exper3,893,100
0.9848139,0.9997805,0.034013428,0.793133,0.12056625,0.9739002,1.3917134,0.04654043,1.0567954,0.19149482,200.0,128.0,0.005,48.0,2.0,32.0,12.0,0.001,PIDL,exper3,894,100
0.9730943,0.9660575,0.040612154,0.75441813,0.08286227,0.95071167,1.3080689,0.055561714,1.0361521,0.19364649,200.0,128.0,0.005,48.0,2.0,32.0,12.0,0.001,PIDL,exper3,904,100
0.985024,0.8886437,0.03260731,0.6874453,0.27908078,0.9780036,1.1472974,0.041741684,0.9114744,0.28002736,200.0,128.0,0.005,48.0,2.0,32.0,12.0,0.1,PIDL,exper3,905,100
0.98639107,0.9076078,0.031929836,0.7138624,0.12434501,0.97455555,1.2478677,0.04404622,0.96571064,0.20215586,200.0,128.0,0.005,48.0,2.0,32.0,12.0,0.001,PIDL,exper3,907,100
0.9762946,0.9081889,0.039031282,0.671685,0.11947732,0.9488893,1.3142109,0.057343725,1.01967,0.18262233,200.0,128.0,0.005,48.0,2.0,32.0,12.0,0.001,PIDL,exper3,908,100
0.9781827,0.9259122,0.03807576,0.71417433,0.12973952,0.9606074,1.1899859,0.050189856,0.9407316,0.1890205,200.0,128.0,0.005,48.0,2.0,32.0,12.0,0.01,PIDL,exper3,910,100
0.9792717,0.54454356,0.03926461,0.39286792,0.16564551,0.9706127,0.67530704,0.047059793,0.49412027,0.30114675,200.0,128.0,0.005,48.0,2.0,32.0,12.0,0.001,PIDL,exper3,913,100
0.9734656,0.9152537,0.044510685,0.70081985,0.23372112,0.96455836,1.1025331,0.05402482,0.7988503,0.23029749,200.0,128.0,0.005,48.0,2.0,32.0,12.0,0.001,PIDL,exper3,920,100
0.92715776,0.99631417,0.063726746,0.74475676,0.24899761,0.9252306,1.0575738,0.07012894,0.8193973,0.56763965,200.0,128.0,0.005,48.0,2.0,32.0,12.0,0.001,PIDL,exper3,924,100
0.93624526,1.161479,0.046762634,0.91347855,0.048520666,0.90112644,1.3408659,0.059848703,1.0545965,0.05468714,200.0,128.0,0.005,48.0,2.0,32.0,12.0,0.01,PIDL,exper3,929,100
0.98675835,0.9064182,0.028318455,0.6982581,0.0636655,0.96702224,1.3953025,0.044061944,1.0806295,0.1367109,200.0,128.0,0.005,48.0,2.0,32.0,12.0,0.01,PIDL,exper3,931,100
0.97186697,1.0533073,0.042519253,0.80425197,0.20787036,0.95388114,1.3543062,0.055245783,1.0705563,0.25639305,200.0,128.0,0.005,48.0,2.0,32.0,12.0,0.1,PIDL,exper3,936,100
0.98374134,1.0403378,0.033477623,0.8096387,0.06529663,0.97859687,1.2646489,0.041336905,0.9921689,0.105856925,200.0,128.0,0.005,48.0,2.0,32.0,12.0,0.01,PIDL,exper3,945,100
0.97669417,0.95812523,0.040704653,0.70510757,0.11265142,0.9649887,1.188254,0.05078393,0.92603123,0.15117162,200.0,128.0,0.005,48.0,2.0,32.0,12.0,0.01,PIDL,exper3,949,100
0.9605161,0.99822944,0.04506714,0.7836856,0.105913155,0.9295662,1.4963657,0.06490894,1.1453342,0.16558783,200.0,128.0,0.005,48.0,2.0,32.0,12.0,0.01,PIDL,exper3,976,100
0.9763135,0.9537502,0.039175257,0.7193784,0.10197245,0.96195185,1.1818686,0.049740687,0.9393881,0.13213491,200.0,128.0,0.005,48.0,2.0,32.0,12.0,0.001,PIDL,exper3,977,100
0.97504693,0.91860133,0.043870877,0.727684,0.24183227,0.941545,1.4423354,0.07064588,0.95981973,0.47912106,200.0,128.0,0.005,48.0,2.0,32.0,12.0,0.1,PIDL,exper3,982,100
0.9774841,0.9625211,0.03979366,0.74207073,0.1833982,0.9582089,1.2584572,0.052968424,0.9266024,0.26240537,200.0,128.0,0.005,48.0,2.0,32.0,12.0,0.1,PIDL,exper3,1003,100
0.97763395,0.8810242,0.03859067,0.68201196,0.27929443,0.93997574,1.3279881,0.06025453,1.0159754,0.18799037,200.0,128.0,0.005,48.0,2.0,32.0,12.0,0.1,PIDL,exper3,1009,100
0.96685386,1.2031698,0.046453197,0.93233156,0.15475135,0.9340727,1.7037178,0.06587158,1.2948359,0.40225655,200.0,128.0,0.005,48.0,2.0,32.0,12.0,0.1,PIDL,exper3,1011,100
0.9593401,0.951149,0.047965467,0.72894204,0.19026443,0.9179513,1.4645209,0.07599287,1.1035057,1.1413602,200.0,128.0,0.005,48.0,2.0,32.0,12.0,0.1,PIDL,exper3,1019,100
0.983598,0.94463265,0.03724892,0.73776937,0.28049073,0.97960335,1.0820096,0.043203138,0.8431594,0.21722828,200.0,128.0,0.005,48.0,2.0,32.0,12.0,0.001,PIDL,exper3,1026,100
0.982479,0.87477183,0.035687726,0.67843956,0.21776117,0.9746138,1.0708097,0.043783903,0.85211855,0.22998834,200.0,128.0,0.005,48.0,2.0,32.0,12.0,0.01,PIDL,exper3,1028,100
0.97041154,1.3028989,0.045863543,1.0410357,0.13890117,0.95567876,1.622985,0.053563863,1.2875865,0.6096347,200.0,128.0,0.005,48.0,2.0,32.0,12.0,0.01,PIDL,exper3,1050,100
0.9678947,1.0772756,0.046507444,0.82283264,0.13421704,0.94225603,1.4650718,0.06429543,1.0769008,0.5417743,200.0,128.0,0.005,48.0,2.0,32.0,12.0,0.001,PIDL,exper3,1053,100
0.971629,0.7661661,0.038752995,0.5882065,0.071548685,0.94237727,1.0685239,0.049120013,0.8248457,0.110758096,200.0,128.0,0.005,48.0,2.0,32.0,12.0,0.001,PIDL,exper3,1057,100
0.9790213,0.8883501,0.03663352,0.68828905,0.10030706,0.95531297,1.3008301,0.053593125,1.0379758,0.16966923,200.0,128.0,0.005,48.0,2.0,32.0,12.0,0.01,PIDL,exper3,1061,100
0.98057246,0.8414759,0.035646442,0.6639604,0.1122809,0.9588331,1.1921138,0.0515793,0.9212538,0.14828673,200.0,128.0,0.005,48.0,2.0,32.0,12.0,0.01,PIDL,exper3,1062,100
0.96923876,0.7736243,0.049057174,0.5660312,0.208845,0.96438926,0.8442615,0.054625843,0.642934,0.3030269,200.0,128.0,0.005,48.0,2.0,32.0,12.0,0.01,PIDL,exper3,1066,100
0.97267985,0.9748932,0.042673312,0.7526194,0.427881,0.92957586,1.4514915,0.064599566,1.1493068,0.28166398,200.0,128.0,0.005,48.0,2.0,32.0,12.0,0.1,PIDL,exper3,1071,100
0.98345625,0.9290903,0.03649273,0.71237564,0.13157092,0.9629883,1.3448975,0.053893987,1.0266998,0.16722861,200.0,128.0,0.005,48.0,2.0,32.0,12.0,0.001,PIDL,exper3,1075,100
0.9782936,1.3113331,0.03858065,1.0139941,0.11391724,0.9670345,1.6426226,0.049852002,1.2824194,0.2027714,200.0,128.0,0.005,48.0,2.0,32.0,12.0,0.001,PIDL,exper3,1083,100
0.98451227,0.81899124,0.028310351,0.63326705,0.04663237,0.96911305,1.1345029,0.038333472,0.8696628,0.075013176,200.0,128.0,0.005,48.0,2.0,32.0,12.0,0.01,PIDL,exper3,1107,100
0.9838034,0.89701605,0.033079058,0.66764265,0.058886692,0.97544307,1.1267252,0.04246265,0.8666858,0.084634244,200.0,128.0,0.005,48.0,2.0,32.0,12.0,0.01,PIDL,exper3,1110,100
0.98615795,0.8588723,0.03284796,0.65459704,0.22790712,0.9685874,1.3784912,0.052108396,1.0297263,0.36474866,200.0,128.0,0.005,48.0,2.0,32.0,12.0,0.1,PIDL,exper3,1116,100
0.9830086,0.92204964,0.035998244,0.71306145,0.064227216,0.9746092,1.196998,0.045938253,0.91040516,0.11165702,200.0,128.0,0.005,48.0,2.0,32.0,12.0,0.1,PIDL,exper3,1128,100
0.9813559,0.8110901,0.037922177,0.59941745,0.16584864,0.97262406,1.0153182,0.047458082,0.75038916,0.3471305,200.0,128.0,0.005,48.0,2.0,32.0,12.0,0.001,PIDL,exper3,1130,100
0.98033696,1.0488021,0.03695448,0.8267894,0.06095896,0.9719651,1.2987596,0.045722682,1.0257035,0.09211278,200.0,128.0,0.005,48.0,2.0,32.0,12.0,0.01,PIDL,exper3,1145,100
0.9815679,1.072366,0.039012704,0.82951045,0.33185306,0.97256345,1.3320378,0.04995394,1.0327574,0.23466183,200.0,128.0,0.005,48.0,2.0,32.0,12.0,0.01,PIDL,exper3,1154,100
0.97162503,1.0625927,0.040304273,0.83424354,0.09005527,0.9605472,1.2364141,0.049252953,0.9564799,0.108354,200.0,128.0,0.005,48.0,2.0,32.0,12.0,0.001,PIDL,exper3,1169,100
0.97214234,0.8323327,0.04390929,0.6500716,0.16476089,0.83116513,2.1081476,0.11098796,1.3109914,0.2708931,200.0,128.0,0.005,48.0,2.0,32.0,12.0,0.1,PIDL,exper3,1170,100
0.9775362,1.0494543,0.038527537,0.8043873,0.1243785,0.9705206,1.2627621,0.04564838,0.9481058,0.26439178,200.0,128.0,0.005,48.0,2.0,32.0,12.0,0.01,PIDL,exper3,1174,100
0.9783474,0.9478336,0.037948683,0.7137538,0.12826467,0.971475,1.1351287,0.048364848,0.8593218,0.24038637,200.0,128.0,0.005,48.0,2.0,32.0,12.0,0.001,PIDL,exper3,1184,100
0.9816037,0.8915187,0.03636017,0.696323,0.044987563,0.96837145,1.2162632,0.050126493,0.94110566,0.06587419,200.0,128.0,0.005,48.0,2.0,32.0,12.0,0.01,PIDL,exper3,1188,100
0.96623534,0.8072772,0.049543448,0.6061045,0.17737351,0.9402023,1.0886704,0.06865486,0.84759176,0.25551718,200.0,128.0,0.005,48.0,2.0,32.0,12.0,0.001,PIDL,exper3,1192,100
0.9789087,1.0536771,0.040713955,0.8037601,0.13996536,0.9728993,1.2134854,0.048925158,0.94058585,0.2687407,200.0,128.0,0.005,48.0,2.0,32.0,12.0,0.001,PIDL,exper3,1193,100
0.9267547,0.5967822,0.04887691,0.42733383,0.11530753,0.90474284,0.72671825,0.06291377,0.52774554,0.11767489,200.0,128.0,0.005,48.0,2.0,32.0,12.0,0.01,PIDL,exper3,1195,100
0.97314435,0.8381813,0.045036536,0.6511801,0.03043995,0.9511959,1.1774714,0.06013594,0.8986759,0.042408343,200.0,128.0,0.005,48.0,2.0,32.0,12.0,0.001,PIDL,exper3,1196,100
0.9844013,0.89807093,0.03448548,0.6854848,0.14198506,0.97047627,1.2622912,0.049379233,0.98773474,0.22804825,200.0,128.0,0.005,48.0,2.0,32.0,12.0,0.01,PIDL,exper3,1199,100
0.974573,1.0150319,0.04174456,0.77318585,0.12004515,0.9553622,1.3857688,0.053298797,1.0628439,0.20295815,200.0,128.0,0.005,48.0,2.0,32.0,12.0,0.01,PIDL,exper3,1201,100
0.9822142,1.0485498,0.035354678,0.8116555,0.08247317,0.97374713,1.3753514,0.04670122,1.086886,0.21866047,200.0,128.0,0.005,48.0,2.0,32.0,12.0,0.1,PIDL,exper3,1203,100
0.9868095,0.753924,0.02643381,0.5617605,0.05753985,0.97138035,1.093909,0.034986053,0.8540899,0.10319008,200.0,128.0,0.005,48.0,2.0,32.0,12.0,0.01,PIDL,exper3,1204,100
0.8782461,0.6846443,0.073925376,0.5341463,0.021982485,0.8247865,0.9450852,0.09314213,0.7341084,0.030704074,200.0,128.0,0.005,48.0,2.0,32.0,12.0,0.01,PIDL,exper3,1219,100
0.9832657,0.8582462,0.034538876,0.66663915,0.10786938,0.9679473,1.1728691,0.045861237,0.8928743,0.14833432,200.0,128.0,0.005,48.0,2.0,32.0,12.0,0.01,PIDL,exper3,1221,100
0.98496324,0.9316047,0.03155384,0.73423934,0.055616654,0.97946537,1.1272249,0.03863989,0.8848598,0.072230846,200.0,128.0,0.005,48.0,2.0,32.0,12.0,0.001,PIDL,exper3,1236,100
0.9720077,1.0232077,0.04163451,0.8146608,0.110910945,0.93532276,1.4367841,0.060107537,1.1367915,0.18639463,200.0,128.0,0.005,48.0,2.0,32.0,12.0,0.001,PIDL,exper3,1237,100
0.98019934,0.87480223,0.036611337,0.68970096,0.15934432,0.96614444,1.2273971,0.05040852,0.9735453,0.45290536,200.0,128.0,0.005,48.0,2.0,32.0,12.0,0.01,PIDL,exper3,1240,100
0.97829676,0.9038779,0.038362656,0.69575673,0.103370436,0.9555607,1.3037899,0.05138422,1.0118556,0.15757562,200.0,128.0,0.005,48.0,2.0,32.0,12.0,0.01,PIDL,exper3,1246,100
0.97646815,0.9735566,0.039219406,0.73560995,0.11077695,0.9438215,1.4471985,0.058202162,1.0987422,0.17145394,200.0,128.0,0.005,48.0,2.0,32.0,12.0,0.001,PIDL,exper3,1249,100
0.90144026,0.55978006,0.046788707,0.4121327,0.08235339,0.8067671,0.796745,0.072360784,0.6354025,0.119952984,200.0,128.0,0.005,48.0,2.0,32.0,12.0,0.01,PIDL,exper3,1259,100
0.9801846,1.0264854,0.034226257,0.79937035,0.08145382,0.9674978,1.3032603,0.041614268,1.0293059,0.11830741,200.0,128.0,0.005,48.0,2.0,32.0,12.0,0.01,PIDL,exper3,1270,100
0.97965145,0.60917836,0.038850613,0.4442052,0.15361471,0.97022784,0.76199377,0.050379753,0.5569395,0.3006184,200.0,128.0,0.005,48.0,2.0,32.0,12.0,0.01,PIDL,exper3,1283,100
0.9761611,1.0363863,0.0397951,0.81608766,0.113894075,0.9379366,1.5983806,0.061562978,1.1944664,0.258867,200.0,128.0,0.005,48.0,2.0,32.0,12.0,0.1,PIDL,exper3,1286,100
0.97981083,1.034024,0.040391877,0.8004995,0.23873581,0.9705771,1.2859049,0.050502505,0.97273755,0.20879582,200.0,128.0,0.005,48.0,2.0,32.0,12.0,0.001,PIDL,exper3,1294,100
0.9698129,1.1811368,0.046689328,0.90078616,0.16603956,0.96017027,1.4063227,0.054466456,1.073397,0.29751423,200.0,128.0,0.005,48.0,2.0,32.0,12.0,0.1,PIDL,exper3,1319,100
0.9422775,1.0193127,0.056440417,0.8165027,0.042031985,0.9048237,1.311969,0.081269935,0.9423558,0.049527384,200.0,128.0,0.005,48.0,2.0,32.0,12.0,0.01,PIDL,exper3,1321,100
0.97102505,0.63710773,0.045154713,0.46077743,0.19532423,0.9486601,0.87656987,0.062357806,0.6327088,0.23447146,200.0,128.0,0.005,48.0,2.0,32.0,12.0,0.001,PIDL,exper3,1336,100
0.9848003,1.0421323,0.03326658,0.80767024,0.10057741,0.97873956,1.2139378,0.037935555,0.95101255,0.13031109,200.0,128.0,0.005,48.0,2.0,32.0,12.0,0.01,PIDL,exper3,1344,100
0.9838426,0.9263169,0.030618645,0.7241657,0.07026099,0.9693224,1.3147714,0.041054957,1.0069565,0.10185384,200.0,128.0,0.005,48.0,2.0,32.0,12.0,0.001,PIDL,exper3,1358,100
0.9841036,0.9172958,0.036861613,0.6985377,0.13527328,0.97366154,1.1627724,0.045994014,0.92498004,0.18738097,200.0,128.0,0.005,48.0,2.0,32.0,12.0,0.001,PIDL,exper3,1359,100
0.9870005,0.9206185,0.031020232,0.7112472,0.10671168,0.97637,1.2331383,0.041228294,0.9502722,0.19614089,200.0,128.0,0.005,48.0,2.0,32.0,12.0,0.01,PIDL,exper3,1360,100
0.911262,1.1011407,0.057946905,0.8592441,0.04305781,0.86984485,1.2896699,0.07307143,1.0217644,0.050407723,200.0,128.0,0.005,48.0,2.0,32.0,12.0,0.01,PIDL,exper3,1368,100
0.9747597,0.96869,0.04092926,0.730471,0.1324821,0.93261343,1.5371338,0.06533722,1.2041793,0.23494191,200.0,128.0,0.005,48.0,2.0,32.0,12.0,0.001,PIDL,exper3,1370,100
0.9774194,0.9119198,0.038515247,0.6938921,0.11751734,0.9566954,1.2116526,0.05255132,0.9467104,0.1312546,200.0,128.0,0.005,48.0,2.0,32.0,12.0,0.01,PIDL,exper3,1375,100
0.9704507,1.0734347,0.044631492,0.8119256,0.114935726,0.94921446,1.4182796,0.059200063,1.0518713,0.2669556,200.0,128.0,0.005,48.0,2.0,32.0,12.0,0.001,PIDL,exper3,1424,100
0.9805035,0.8411429,0.036042698,0.6618576,0.15148897,0.9455112,1.3732643,0.059307255,1.0291486,0.22971402,200.0,128.0,0.005,48.0,2.0,32.0,12.0,0.1,PIDL,exper3,1425,100
0.97418875,0.6930032,0.044383503,0.50507545,0.15459065,0.9578285,0.92875654,0.058824427,0.66523165,0.3244373,200.0,128.0,0.005,48.0,2.0,32.0,12.0,0.001,PIDL,exper3,1432,100
0.95606875,0.8538305,0.043429833,0.6542213,0.028597387,0.93508023,1.018145,0.06273808,0.8071236,0.035155583,200.0,128.0,0.005,48.0,2.0,32.0,12.0,0.01,PIDL,exper3,1434,100
0.9819261,0.9177365,0.033124503,0.7305714,0.048552833,0.9640355,1.24136,0.045414414,0.9910196,0.071075246,200.0,128.0,0.005,48.0,2.0,32.0,12.0,0.01,PIDL,exper3,1467,100
0.97919524,0.85461986,0.036118098,0.6668539,0.12699202,0.9492694,1.2613056,0.056397967,0.96468264,0.1482704,200.0,128.0,0.005,48.0,2.0,32.0,12.0,0.001,PIDL,exper3,1489,100
0.9361142,1.1250137,0.055227917,0.8814127,0.046833396,0.91285497,1.2346044,0.062719874,0.99346554,0.05168159,200.0,128.0,0.005,48.0,2.0,32.0,12.0,0.01,PIDL,exper3,1493,100
0.9904846,0.7585149,0.028450066,0.5609905,0.11715774,0.9800386,1.1512226,0.042573337,0.8471693,0.2448044,200.0,128.0,0.005,48.0,2.0,32.0,12.0,0.001,PIDL,exper3,1498,100
0.98028386,0.92584974,0.03647348,0.7179615,0.20866852,0.9709528,1.2013574,0.04688932,0.9085735,0.21895778,200.0,128.0,0.005,48.0,2.0,32.0,12.0,0.001,PIDL,exper3,1505,100
0.9691648,1.0513525,0.047784142,0.7816438,0.1381261,0.9260249,1.6505752,0.07463549,1.1532302,0.23341629,200.0,128.0,0.005,48.0,2.0,32.0,12.0,0.001,PIDL,exper3,1516,100
0.9673238,1.0951833,0.044734478,0.8850334,0.11928913,0.94782037,1.4019237,0.05731272,1.1255577,0.18694517,200.0,128.0,0.005,48.0,2.0,32.0,12.0,0.001,PIDL,exper3,1524,100
0.9783027,0.7018659,0.035312727,0.52897346,0.07251238,0.9425607,1.1293356,0.053346038,0.8512286,0.14924626,200.0,128.0,0.005,48.0,2.0,32.0,12.0,0.01,PIDL,exper3,1526,100
0.98523486,0.96489024,0.033107806,0.748433,0.07243085,0.979602,1.1259397,0.03800217,0.887876,0.08274158,200.0,128.0,0.005,48.0,2.0,32.0,12.0,0.01,PIDL,exper3,1529,100
0.97421604,0.9852653,0.041761927,0.7574507,0.122899815,0.96371204,1.1259146,0.049200155,0.85936433,0.18469504,200.0,128.0,0.005,48.0,2.0,32.0,12.0,0.001,PIDL,exper3,1547,100
0.9633119,0.9448566,0.044028036,0.74081105,0.040404797,0.9361031,1.3911235,0.06318446,1.0954087,0.060031395,200.0,128.0,0.005,48.0,2.0,32.0,12.0,0.001,PIDL,exper3,1567,100
0.9654165,0.99920475,0.048852816,0.7736126,0.22158495,0.8350737,2.122839,0.10325093,1.4398575,0.6018115,200.0,128.0,0.005,48.0,2.0,32.0,12.0,0.001,PIDL,exper3,1573,100
0.9668023,0.9096921,0.042906888,0.6746058,0.09601029,0.94059384,1.2841382,0.05955139,0.96878254,0.17250735,200.0,128.0,0.005,48.0,2.0,32.0,12.0,0.01,PIDL,exper3,1576,100
0.9705628,1.09022,0.0434801,0.84712476,0.14434525,0.9455911,1.4064112,0.05552906,1.1136364,0.14404498,200.0,128.0,0.005,48.0,2.0,32.0,12.0,0.01,PIDL,exper3,1582,100
0.9767631,0.9737726,0.038262185,0.75607425,0.12527625,0.9604233,1.2290697,0.048762932,0.9558451,0.19490512,200.0,128.0,0.005,48.0,2.0,32.0,12.0,0.001,PIDL,exper3,1594,100
0.9855471,0.7755628,0.035698224,0.59063685,0.04104003,0.9704668,1.1232022,0.046932086,0.85087407,0.057760622,200.0,128.0,0.005,48.0,2.0,32.0,12.0,0.001,PIDL,exper3,1596,100
0.9646963,1.0123781,0.050653476,0.79419714,0.2575543,0.9308511,1.3733052,0.071127735,1.0094873,0.41653773,200.0,128.0,0.005,48.0,2.0,32.0,12.0,0.01,PIDL,exper3,1613,100
0.87398,0.7370751,0.07261281,0.57418543,0.024462488,0.7912715,0.9281283,0.089379594,0.71816224,0.030360693,200.0,128.0,0.005,48.0,2.0,32.0,12.0,0.01,PIDL,exper3,1616,100
0.9912072,0.7779039,0.026319554,0.59756774,0.13907553,0.97961384,1.208981,0.038816452,0.9129819,0.36773655,200.0,128.0,0.005,48.0,2.0,32.0,12.0,0.01,PIDL,exper3,1618,100
0.97685796,0.9813357,0.03973836,0.7300657,0.3349142,0.9502455,1.3531535,0.056962892,1.0545179,0.2953809,200.0,128.0,0.005,48.0,2.0,32.0,12.0,0.001,PIDL,exper3,1623,100
0.9848698,0.8768663,0.03378675,0.6793644,0.11554099,0.9714639,1.2193046,0.047134064,0.94072044,0.17935875,200.0,128.0,0.005,48.0,2.0,32.0,12.0,0.01,PIDL,exper3,1632,100
0.9760614,0.8444151,0.036722004,0.66390586,0.08235107,0.94118595,1.3528349,0.057534195,1.0242734,0.2829234,200.0,128.0,0.005,48.0,2.0,32.0,12.0,0.001,PIDL,exper3,1640,100
0.9853165,0.81861395,0.031251784,0.62311566,0.15051201,0.9796495,0.9815763,0.0392256,0.7681787,0.5101505,200.0,128.0,0.005,48.0,2.0,32.0,12.0,0.01,PIDL,exper3,1649,100
0.9664244,0.6101989,0.046887882,0.45269132,0.13849351,0.93134224,0.9070491,0.071590304,0.6276693,0.3275996,200.0,128.0,0.005,48.0,2.0,32.0,12.0,0.001,PIDL,exper3,1652,100
0.98958147,0.87622064,0.02855134,0.68053275,0.18554643,0.9794756,1.2396564,0.04012511,0.965838,0.350751,200.0,128.0,0.005,48.0,2.0,32.0,12.0,0.001,PIDL,exper3,1658,100
0.42372352,0.96891755,0.12068972,0.7656767,0.035145815,0.21368283,0.9648712,0.14323075,0.76015186,0.035321213,200.0,128.0,0.005,48.0,2.0,32.0,12.0,0.1,PIDL,exper3,1659,100
0.9798706,0.8846419,0.036150698,0.68467474,0.31471193,0.96593225,1.1303872,0.04579112,0.87587196,0.17458886,200.0,128.0,0.005,48.0,2.0,32.0,12.0,0.1,PIDL,exper3,1676,100
0.98139733,0.9399362,0.036397777,0.7151324,0.16210939,0.9640486,1.2956398,0.04883678,1.0058016,0.27078217,200.0,128.0,0.005,48.0,2.0,32.0,12.0,0.1,PIDL,exper3,1679,100
0.9761501,0.89613223,0.039149474,0.6508142,0.13298878,0.9559185,1.1932623,0.05374041,0.90711147,0.1552336,200.0,128.0,0.005,48.0,2.0,32.0,12.0,0.001,PIDL,exper3,1703,100
0.97605526,0.979293,0.03927594,0.73201215,0.14337988,0.95841324,1.2403415,0.05081811,0.93984336,0.14789286,200.0,128.0,0.005,48.0,2.0,32.0,12.0,0.01,PIDL,exper3,1706,100
0.97827303,1.2079235,0.042118687,0.9612937,0.18345782,0.97213775,1.3777118,0.048442785,1.1067266,0.55832374,200.0,128.0,0.005,48.0,2.0,32.0,12.0,0.001,PIDL,exper3,1714,100
0.9732505,0.7486992,0.04689693,0.5638162,0.18659985,0.96375424,0.9239321,0.05678754,0.69621867,0.30623147,200.0,128.0,0.005,48.0,2.0,32.0,12.0,0.01,PIDL,exper3,1730,100
0.97553045,0.95891917,0.038259313,0.7538198,0.09551991,0.9594988,1.2432388,0.050074626,0.93098,0.19388987,200.0,128.0,0.005,48.0,2.0,32.0,12.0,0.001,PIDL,exper3,1735,100
0.47815257,1.2441275,0.12764013,0.95359963,0.037610274,0.3531655,1.4336251,0.13918692,1.1338333,0.044183526,200.0,128.0,0.005,48.0,2.0,32.0,12.0,0.01,PIDL,exper3,1740,100
0.95707643,0.9524286,0.053912573,0.7269512,0.20967206,0.9461869,1.0903301,0.060995646,0.84722215,0.3736374,200.0,128.0,0.005,48.0,2.0,32.0,12.0,0.01,PIDL,exper3,1745,100
0.98491496,0.88544685,0.033220906,0.69864166,0.11918568,0.96953446,1.3298559,0.04957772,1.0286653,0.2172077,200.0,128.0,0.005,48.0,2.0,32.0,12.0,0.001,PIDL,exper3,1756,100
0.9756959,1.0017002,0.03876549,0.7688743,0.14360814,0.95570827,1.446329,0.06021729,1.1351165,0.28668842,200.0,128.0,0.005,48.0,2.0,32.0,12.0,0.01,PIDL,exper3,1787,100
0.95014864,0.9704597,0.060090385,0.74174285,0.3086323,0.9215069,1.1439991,0.074913375,0.8725389,0.26608914,200.0,128.0,0.005,48.0,2.0,32.0,12.0,0.001,PIDL,exper3,1790,100
0.9751337,0.90692717,0.038962994,0.7081378,0.13430813,0.9504201,1.2324281,0.054165475,0.9585878,0.1488902,200.0,128.0,0.005,48.0,2.0,32.0,12.0,0.001,PIDL,exper3,1815,100
0.9798816,0.9919799,0.040312637,0.7429437,0.15028839,0.9692813,1.1981007,0.048822954,0.9312609,0.23169504,200.0,128.0,0.005,48.0,2.0,32.0,12.0,0.001,PIDL,exper3,1818,100
0.97737783,0.74382114,0.041731276,0.5576486,0.18815812,0.9734909,0.8457329,0.047787003,0.6207418,0.26589775,200.0,128.0,0.005,48.0,2.0,32.0,12.0,0.001,PIDL,exper3,1827,100
0.9832734,0.87541926,0.03582451,0.6549997,0.1496731,0.96815884,1.2301354,0.049807653,0.9224151,0.30569404,200.0,128.0,0.005,48.0,2.0,32.0,12.0,0.01,PIDL,exper3,1831,100
0.97207785,1.0569246,0.043482132,0.81902546,0.2370193,0.9395736,1.4808214,0.062302105,1.1494995,0.1895125,200.0,128.0,0.005,48.0,2.0,32.0,12.0,0.1,PIDL,exper3,1832,100
0.988103,0.8353044,0.03379812,0.64663476,0.2616251,0.98429674,1.0019808,0.04006612,0.76978743,0.31164283,200.0,128.0,0.005,48.0,2.0,32.0,12.0,0.1,PIDL,exper3,1840,100
0.69397086,1.2713852,0.091545336,0.91000307,0.036674954,0.6212704,1.459637,0.099179536,1.0995451,0.043478433,200.0,128.0,0.005,48.0,2.0,32.0,12.0,0.1,PIDL,exper3,1853,100
0.97170883,1.2567182,0.044770863,1.0046432,0.14244653,0.954474,1.5597916,0.05402418,1.2584767,0.16152292,200.0,128.0,0.005,48.0,2.0,32.0,12.0,0.01,PIDL,exper3,1887,100
0.94975644,0.8703231,0.05680968,0.65624624,0.27152282,0.87616694,1.2862915,0.09589864,0.97934526,0.539259,200.0,128.0,0.005,48.0,2.0,32.0,12.0,0.001,PIDL,exper3,1891,100
0.9863055,0.80418736,0.032883164,0.6343279,0.18722163,0.97311056,1.1294457,0.045359265,0.87565476,0.26564965,200.0,128.0,0.005,48.0,2.0,32.0,12.0,0.001,PIDL,exper3,1893,100
0.97529566,1.0068828,0.04090927,0.79623336,0.12477522,0.95771307,1.2463166,0.050739672,0.99534214,0.21247825,200.0,128.0,0.005,48.0,2.0,32.0,12.0,0.01,PIDL,exper3,1908,100
0.979588,0.88515913,0.037132196,0.6656805,0.10354609,0.9625962,1.1702145,0.048983447,0.8757078,0.20896193,200.0,128.0,0.005,48.0,2.0,32.0,12.0,0.001,PIDL,exper3,1910,100
0.9827124,0.7849083,0.036318086,0.6112847,0.035123944,0.9712382,1.0417017,0.04575526,0.83322823,0.04779763,200.0,128.0,0.005,48.0,2.0,32.0,12.0,0.001,PIDL,exper3,1913,100
0.97743905,0.93135667,0.03904483,0.72382194,0.09450681,0.94674975,1.3752835,0.05722539,1.0679004,0.18600188,200.0,128.0,0.005,48.0,2.0,32.0,12.0,0.01,PIDL,exper3,1945,100
0.983833,0.9119988,0.034387227,0.7071916,0.12611535,0.9626401,1.3403823,0.05201268,1.016675,0.1682496,200.0,128.0,0.005,48.0,2.0,32.0,12.0,0.001,PIDL,exper3,1958,100
0.96569914,0.8655694,0.051481236,0.68317735,0.19287434,0.9484889,1.0728488,0.06371926,0.8336674,0.24000329,200.0,128.0,0.005,48.0,2.0,32.0,12.0,0.01,PIDL,exper3,1970,100
0.9773342,0.63583314,0.04223612,0.4922243,0.16906828,0.95795375,0.87862426,0.055224657,0.6458758,0.2776661,200.0,128.0,0.005,48.0,2.0,32.0,12.0,0.01,PIDL,exper3,1971,100
0.983397,0.8176995,0.03447919,0.61432254,0.16761777,0.9687787,1.1180353,0.045404293,0.8543757,0.3906626,200.0,128.0,0.005,48.0,2.0,32.0,12.0,0.001,PIDL,exper3,1984,100
0.97862965,1.0022368,0.038388114,0.79505223,0.125594,0.94487596,1.5153987,0.059529465,1.1900148,0.18059999,200.0,128.0,0.005,48.0,2.0,32.0,12.0,0.01,PIDL,exper3,1997,100
0.9825857,0.8006182,0.034174874,0.61598754,0.0980531,0.9556314,1.2152194,0.052827355,0.9260694,0.10788391,200.0,128.0,0.005,48.0,2.0,32.0,12.0,0.001,PIDL,exper3,2021,100
0.9823067,0.9454486,0.034082524,0.7317138,0.10706844,0.9741116,1.1811005,0.04313734,0.9319861,0.19638787,200.0,128.0,0.005,48.0,2.0,32.0,12.0,0.01,PIDL,exper3,2027,100
0.9839445,0.94128823,0.036882572,0.7294953,0.14095052,0.97634083,1.1781274,0.045805886,0.88992125,0.39609623,200.0,128.0,0.005,48.0,2.0,32.0,12.0,0.001,PIDL,exper3,2032,100
0.9783239,0.9661388,0.039621036,0.74478465,0.18119898,0.9391927,1.5838083,0.06391478,1.2392552,0.2106257,200.0,128.0,0.005,48.0,2.0,32.0,12.0,0.1,PIDL,exper3,2054,100
0.9777127,1.0148469,0.035898343,0.8048281,0.24047446,0.9492162,1.4564003,0.052876674,1.1097287,0.39680806,200.0,128.0,0.005,48.0,2.0,32.0,12.0,0.1,PIDL,exper3,2064,100
0.98262554,0.8449983,0.033678688,0.65207034,0.07856128,0.96013916,1.2439413,0.049358383,0.94886804,0.15898685,200.0,128.0,0.005,48.0,2.0,32.0,12.0,0.001,PIDL,exper3,2097,100
0.9801624,0.61606276,0.037847504,0.4685495,0.25656506,0.96541786,0.860859,0.05134359,0.6133904,0.23301528,200.0,128.0,0.005,48.0,2.0,32.0,12.0,0.001,PIDL,exper3,2116,100
0.96734834,1.0053554,0.043335907,0.79300827,0.09549199,0.9437619,1.3808973,0.059106544,1.0953066,0.1700258,200.0,128.0,0.005,48.0,2.0,32.0,12.0,0.001,PIDL,exper3,2117,100
0.60512257,0.8013229,0.1297235,0.65351427,0.029130736,0.61006486,0.8690451,0.12108835,0.7022775,0.031537347,200.0,128.0,0.005,48.0,2.0,32.0,12.0,0.001,PIDL,exper3,2124,100
0.9846084,1.0388262,0.033774707,0.8182387,0.13660601,0.9716403,1.4684395,0.048876297,1.1371213,0.3306725,200.0,128.0,0.005,48.0,2.0,32.0,12.0,0.001,PIDL,exper3,2129,100
0.9785352,0.89877623,0.03682073,0.6938914,0.10032319,0.9581692,1.1965717,0.051600385,0.9344729,0.13825636,200.0,128.0,0.005,48.0,2.0,32.0,12.0,0.01,PIDL,exper3,2162,100
0.98171556,0.99097985,0.033107992,0.7712259,0.05786191,0.96997654,1.2231443,0.040344495,0.9720371,0.078095324,200.0,128.0,0.005,48.0,2.0,32.0,12.0,0.01,PIDL,exper3,2168,100
0.98003405,0.8140025,0.035030417,0.62524426,0.12547264,0.95248795,1.2137532,0.05297706,0.9157065,0.12867247,200.0,128.0,0.005,48.0,2.0,32.0,12.0,0.01,PIDL,exper3,2179,100
0.9677598,0.7012342,0.046531864,0.5001674,0.27674803,0.9314928,0.9769685,0.06664551,0.7212527,0.41205415,200.0,128.0,0.005,48.0,2.0,32.0,12.0,0.01,PIDL,exper3,2186,100
0.97877717,0.9360245,0.036370426,0.7271184,0.10097995,0.9498383,1.3945334,0.059036568,1.0635582,0.16247335,200.0,128.0,0.005,48.0,2.0,32.0,12.0,0.001,PIDL,exper3,2192,100
0.94963837,0.91590196,0.05943818,0.71071136,0.23240048,0.91849184,1.2591057,0.07722387,0.95031625,0.44564387,200.0,128.0,0.005,48.0,2.0,32.0,12.0,0.01,PIDL,exper3,2199,100
0.9823897,0.73289675,0.039760984,0.55189955,0.17955755,0.967022,1.0232192,0.05446549,0.7139706,0.42339495,200.0,128.0,0.005,48.0,2.0,32.0,12.0,0.01,PIDL,exper3,2202,100
0.9417163,0.63388443,0.053595707,0.42782256,0.14197898,0.901733,0.8661178,0.07576244,0.5728155,0.214021,200.0,128.0,0.005,48.0,2.0,32.0,12.0,0.01,PIDL,exper3,2203,100
0.9601543,0.696532,0.044227175,0.53453046,0.17920779,0.9470095,0.8374219,0.05626421,0.632907,0.18975691,200.0,128.0,0.005,48.0,2.0,32.0,12.0,0.01,PIDL,exper3,2228,100
0.978313,1.1399789,0.04201075,0.88421726,0.12182878,0.9764689,1.2122236,0.044387538,0.95066124,0.32630882,200.0,128.0,0.005,48.0,2.0,32.0,12.0,0.001,PIDL,exper3,2253,100
0.9525111,0.96858776,0.05497074,0.75087434,0.13325976,0.91498286,1.3094093,0.07032273,0.9835209,0.29672697,200.0,128.0,0.005,48.0,2.0,32.0,12.0,0.01,PIDL,exper3,2262,100
0.9758596,0.9372571,0.041124,0.7252255,0.1283922,0.96823287,1.0770419,0.046957266,0.802571,0.17117961,200.0,128.0,0.005,48.0,2.0,32.0,12.0,0.001,PIDL,exper3,2270,100
0.7978831,0.7801406,0.10003381,0.6173954,0.023501504,0.5945581,0.9206995,0.11263565,0.72465247,0.027631436,200.0,128.0,0.005,48.0,2.0,32.0,12.0,0.1,PIDL,exper3,2271,100
0.947926,0.78273445,0.056474347,0.5972406,0.17995219,0.9020435,1.0703241,0.08339189,0.8174505,0.4023972,200.0,128.0,0.005,48.0,2.0,32.0,12.0,0.001,PIDL,exper3,2304,100
0.92068106,0.8821538,0.06421502,0.66688555,0.16897902,0.8473872,1.2203755,0.098428816,0.96286404,0.29162252,200.0,128.0,0.005,48.0,2.0,32.0,12.0,0.001,PIDL,exper3,2305,100
0.9821999,0.9511858,0.037097733,0.7334697,0.12674482,0.9757045,1.1193647,0.043725185,0.89097947,0.1322126,200.0,128.0,0.005,48.0,2.0,32.0,12.0,0.01,PIDL,exper3,2317,100
0.9744737,0.9210581,0.040312417,0.69940585,0.13314445,0.9502994,1.2645288,0.05692224,0.93801683,0.19400685,200.0,128.0,0.005,48.0,2.0,32.0,12.0,0.01,PIDL,exper3,2323,100
0.97121644,1.0004628,0.039878506,0.7970749,0.077568375,0.95070255,1.3349566,0.05361993,1.0359498,0.10967795,200.0,128.0,0.005,48.0,2.0,32.0,12.0,0.001,PIDL,exper3,2326,100
0.9743377,0.97243667,0.040798187,0.7552258,0.13975535,0.9530237,1.2844955,0.05331859,1.0235085,0.45367026,200.0,128.0,0.005,48.0,2.0,32.0,12.0,0.01,PIDL,exper3,2330,100
0.9767193,0.93725044,0.035973366,0.71550095,0.13213597,0.96221375,1.2158633,0.048221793,0.9267364,0.20341218,200.0,128.0,0.005,48.0,2.0,32.0,12.0,0.001,PIDL,exper3,2336,100
0.9834472,0.89727944,0.033809487,0.7049328,0.07383169,0.96779585,1.2873721,0.046308316,1.0250043,0.18348269,200.0,128.0,0.005,48.0,2.0,32.0,12.0,0.001,PIDL,exper3,2345,100
0.9644818,1.0828979,0.04718168,0.8533925,0.090207204,0.9390677,1.429522,0.059275195,1.0819272,0.13076694,200.0,128.0,0.005,48.0,2.0,32.0,12.0,0.01,PIDL,exper3,2351,100
0.9863672,0.80507,0.032776866,0.6111283,0.14627473,0.9664731,1.2635938,0.051020134,0.9741944,0.26434007,200.0,128.0,0.005,48.0,2.0,32.0,12.0,0.01,PIDL,exper3,2358,100
0.97502744,0.8935328,0.037814792,0.6756796,0.041386366,0.9635473,1.1489092,0.050050456,0.8799973,0.055654015,200.0,128.0,0.005,48.0,2.0,32.0,12.0,0.001,PIDL,exper3,2364,100
0.9725527,0.98748785,0.042328533,0.7714745,0.11838791,0.95188576,1.2706981,0.0567617,1.0139542,0.15148692,200.0,128.0,0.005,48.0,2.0,32.0,12.0,0.001,PIDL,exper3,2367,100
0.9747454,0.9873981,0.0405003,0.7475006,0.18493856,0.9555428,1.3245177,0.055039864,1.0290093,0.27609137,200.0,128.0,0.005,48.0,2.0,32.0,12.0,0.1,PIDL,exper3,2368,100
0.7510394,1.0165348,0.1001219,0.8067122,0.03011007,0.7154801,1.1051323,0.11025986,0.87303174,0.03304901,200.0,128.0,0.005,48.0,2.0,32.0,12.0,0.001,PIDL,exper3,2395,100
0.96453965,0.70203596,0.047627885,0.53236127,0.2519291,0.91610044,1.0481039,0.07736609,0.79645216,0.24603732,200.0,128.0,0.005,48.0,2.0,32.0,12.0,0.01,PIDL,exper3,2415,100
0.97225815,1.0644965,0.041097634,0.77387947,0.11199226,0.95425063,1.3371389,0.057055715,0.9964501,0.47094166,200.0,128.0,0.005,48.0,2.0,32.0,12.0,0.01,PIDL,exper3,2418,100
0.98079455,0.9015322,0.037414182,0.690744,0.10410868,0.94599575,1.4236896,0.058378126,1.0743103,0.19550098,200.0,128.0,0.005,48.0,2.0,32.0,12.0,0.01,PIDL,exper3,2420,100
0.9835992,0.84225464,0.032747068,0.6680043,0.13217391,0.97419685,1.1241416,0.043961804,0.8819621,0.252388,200.0,128.0,0.005,48.0,2.0,32.0,12.0,0.001,PIDL,exper3,2425,100
0.9812927,0.8104791,0.034845933,0.62376225,0.08908116,0.9605236,1.1599238,0.049596015,0.88163024,0.108179085,200.0,128.0,0.005,48.0,2.0,32.0,12.0,0.001,PIDL,exper3,2436,100
0.9568108,1.0075878,0.05215776,0.76395154,0.120785214,0.9172464,1.3959891,0.06721578,1.1089494,0.17491882,200.0,128.0,0.005,48.0,2.0,32.0,12.0,0.001,PIDL,exper3,2447,100
0.98161,0.87740797,0.035362717,0.6697774,0.14324658,0.9654674,1.2710099,0.05099035,0.9966655,0.27282652,200.0,128.0,0.005,48.0,2.0,32.0,12.0,0.001,PIDL,exper3,2473,100
0.9609237,0.9380156,0.04630575,0.72616553,0.58900857,0.936988,1.2510402,0.060218483,0.93738896,0.23408464,200.0,128.0,0.005,48.0,2.0,32.0,12.0,0.1,PIDL,exper3,2477,100
0.9772399,1.0734285,0.039919216,0.83955353,0.14066558,0.93916786,1.7049981,0.06655028,1.3094617,0.31845838,200.0,128.0,0.005,48.0,2.0,32.0,12.0,0.01,PIDL,exper3,2497,100
0.9285974,0.9582359,0.06375489,0.72957474,0.3895998,0.8960599,1.1434808,0.080494896,0.8918456,0.2368169,200.0,128.0,0.005,48.0,2.0,32.0,12.0,0.001,PIDL,exper3,2511,100
0.9830983,0.5894143,0.03047871,0.4556653,0.06967519,0.9562433,1.0148342,0.04928772,0.7501111,0.11836838,200.0,128.0,0.005,48.0,2.0,32.0,12.0,0.001,PIDL,exper3,2516,100
0.98703367,0.92646843,0.03022846,0.7257726,0.171649,0.97699815,1.2470012,0.04188869,0.9641126,0.30519885,200.0,128.0,0.005,48.0,2.0,32.0,12.0,0.001,PIDL,exper3,2517,100
0.9716026,0.7089098,0.044091832,0.5306822,0.25889146,0.9573305,0.8797196,0.05832729,0.6639721,0.21695706,200.0,128.0,0.005,48.0,2.0,32.0,12.0,0.001,PIDL,exper3,2518,100
0.74426776,1.0805258,0.086162075,0.8373553,0.034376718,0.680223,1.2983468,0.09128027,1.0364534,0.041369583,200.0,128.0,0.005,48.0,2.0,32.0,12.0,0.001,PIDL,exper3,2559,100
0.965988,0.91011375,0.053453717,0.69160736,0.26680562,0.9635713,0.96479744,0.05516501,0.75402313,0.24262919,200.0,128.0,0.005,48.0,2.0,32.0,12.0,0.001,PIDL,exper3,2569,100
0.98232216,0.89286584,0.036315244,0.6890041,0.11292355,0.9654575,1.1857101,0.04818158,0.8896291,0.1310024,200.0,128.0,0.005,48.0,2.0,32.0,12.0,0.001,PIDL,exper3,2594,100
0.9804158,0.845434,0.03558227,0.64631855,0.11927888,0.95166284,1.2649546,0.054456722,0.98012984,0.15115353,200.0,128.0,0.005,48.0,2.0,32.0,12.0,0.001,PIDL,exper3,2595,100
0.9547818,0.7937396,0.059090544,0.61258215,0.24049336,0.926572,1.0340602,0.07637089,0.81028634,0.2977218,200.0,128.0,0.005,48.0,2.0,32.0,12.0,0.01,PIDL,exper3,2613,100
0.93740624,1.056859,0.045430742,0.8358713,0.044086482,0.83395004,1.6401821,0.08376662,1.1847565,0.06172861,200.0,128.0,0.005,48.0,2.0,32.0,12.0,0.01,PIDL,exper3,2616,100
0.97743195,1.0374278,0.039768852,0.81418264,0.116401315,0.9662836,1.2734913,0.048092607,0.9972295,0.17400987,200.0,128.0,0.005,48.0,2.0,32.0,12.0,0.001,PIDL,exper3,2627,100
0.95751375,0.9948451,0.046505667,0.78424656,0.08893169,0.92180794,1.4956741,0.06834119,1.0811836,0.2869566,200.0,128.0,0.005,48.0,2.0,32.0,12.0,0.01,PIDL,exper3,2655,100
0.9806863,0.8757441,0.03883612,0.67452115,0.14238426,0.9595899,1.3031055,0.0573398,0.96744925,0.31605938,200.0,128.0,0.005,48.0,2.0,32.0,12.0,0.001,PIDL,exper3,2663,100
0.97055966,1.0551363,0.04631854,0.8007121,0.42140698,0.9384489,1.6308974,0.069769666,1.145973,0.7414927,200.0,128.0,0.005,48.0,2.0,32.0,12.0,0.1,PIDL,exper3,2682,100
0.97817355,1.0430605,0.039624766,0.8241805,0.14364196,0.9600489,1.4481412,0.053555477,1.0597401,0.28229976,200.0,128.0,0.005,48.0,2.0,32.0,12.0,0.01,PIDL,exper3,2696,100
0.9764999,0.955315,0.04025932,0.7413888,0.16546981,0.94314945,1.3558731,0.057539538,1.0346162,0.20963138,200.0,128.0,0.005,48.0,2.0,32.0,12.0,0.1,PIDL,exper3,2709,100
0.9780138,0.97698385,0.039572187,0.7563182,0.1692142,0.948213,1.4592543,0.058973707,1.1319714,0.24710694,200.0,128.0,0.005,48.0,2.0,32.0,12.0,0.1,PIDL,exper3,2731,100
0.95868325,1.1320529,0.056167353,0.8717186,0.25447407,0.88646173,1.8366183,0.0927584,1.3148494,0.5384258,200.0,128.0,0.005,48.0,2.0,32.0,12.0,0.001,PIDL,exper3,2750,100
0.9828447,0.85127723,0.03502838,0.65478015,0.11915292,0.96782476,1.2242572,0.049617242,0.9333173,0.21971394,200.0,128.0,0.005,48.0,2.0,32.0,12.0,0.001,PIDL,exper3,2798,100
0.97972274,0.9807028,0.033262946,0.7681528,0.06964832,0.9711815,1.1335684,0.038495913,0.8883728,0.08375569,200.0,128.0,0.005,48.0,2.0,32.0,12.0,0.001,PIDL,exper3,2799,100
0.9801616,1.1511575,0.03760726,0.91625357,0.12165437,0.9705847,1.502018,0.04953346,1.2097557,0.42084372,200.0,128.0,0.005,48.0,2.0,32.0,12.0,0.01,PIDL,exper3,2803,100
0.98819345,0.85090744,0.030898852,0.6510128,0.091148645,0.97781146,1.1901919,0.04255625,0.91193527,0.25462353,200.0,128.0,0.005,48.0,2.0,32.0,12.0,0.01,PIDL,exper3,2812,100
0.94527787,0.84392244,0.057886604,0.6649526,0.239521,0.9112511,1.0877223,0.07510121,0.89075977,0.545646,200.0,128.0,0.005,48.0,2.0,32.0,12.0,0.01,PIDL,exper3,2819,100
0.9472978,1.0985041,0.062286116,0.8434427,0.20340878,0.902578,1.4123285,0.08347253,1.09713,0.2631904,200.0,128.0,0.005,48.0,2.0,32.0,12.0,0.01,PIDL,exper3,2881,100
0.9843014,0.9072202,0.030701397,0.7097276,0.0546552,0.96430707,1.3231411,0.04630172,1.031152,0.08326991,200.0,128.0,0.005,48.0,2.0,32.0,12.0,0.01,PIDL,exper3,2898,100
0.9789456,0.84574264,0.03839245,0.6672171,0.17122957,0.9567876,1.199287,0.057074744,0.93069196,0.169878,200.0,128.0,0.005,48.0,2.0,32.0,12.0,0.01,PIDL,exper3,2926,100
0.9805752,0.9635237,0.036453724,0.7534918,0.052230574,0.96045464,1.4211664,0.051716387,1.090763,0.07446263,200.0,128.0,0.005,48.0,2.0,32.0,12.0,0.001,PIDL,exper3,2927,100
0.97836775,1.0176582,0.037607476,0.7932081,0.32520455,0.95161355,1.49337,0.055310003,1.1702145,0.21886097,200.0,128.0,0.005,48.0,2.0,32.0,12.0,0.01,PIDL,exper3,2940,100
0.983947,0.8501434,0.03429531,0.6566602,0.11085967,0.96220446,1.273915,0.052107193,0.9564755,0.36261445,200.0,128.0,0.005,48.0,2.0,32.0,12.0,0.001,PIDL,exper3,2944,100
0.9690141,0.892758,0.05106335,0.68712956,0.348911,0.96512926,0.96448106,0.05794008,0.7346199,0.29434618,200.0,128.0,0.005,48.0,2.0,32.0,12.0,0.001,PIDL,exper3,2946,100
0.9822533,0.90950966,0.03502538,0.7132746,0.13616276,0.96685344,1.2425807,0.04822818,0.932507,0.17419142,200.0,128.0,0.005,48.0,2.0,32.0,12.0,0.01,PIDL,exper3,2955,100
0.9864928,0.81491166,0.03153634,0.6223724,0.094159886,0.9695246,1.223247,0.04576311,0.9506795,0.3326796,200.0,128.0,0.005,48.0,2.0,32.0,12.0,0.01,PIDL,exper3,2978,100
0.9801474,0.9351165,0.03402901,0.7195273,0.09454999,0.9681239,1.2403797,0.047113355,0.96551085,0.18581522,200.0,128.0,0.005,48.0,2.0,32.0,12.0,0.001,PIDL,exper3,2985,100
0.9776636,1.0058378,0.036940273,0.7828613,0.08354863,0.96530557,1.2879692,0.04866812,1.0213557,0.19190581,200.0,128.0,0.005,48.0,2.0,32.0,12.0,0.01,PIDL,exper3,3097,100
0.9824632,0.84047,0.035086498,0.6501404,0.0697573,0.9743364,1.0633568,0.045143303,0.8284024,0.10604224,200.0,128.0,0.005,48.0,2.0,32.0,12.0,0.01,PIDL,exper3,3109,100
0.96301836,0.9481208,0.045277975,0.73495543,0.18453096,0.9311105,1.4394443,0.06745287,1.0570718,0.28766155,200.0,128.0,0.005,48.0,2.0,32.0,12.0,0.01,PIDL,exper3,3133,100
0.97397983,0.9443362,0.040750273,0.7333967,0.11780924,0.94616556,1.3177065,0.056675546,1.0330194,0.18020743,200.0,128.0,0.005,48.0,2.0,32.0,12.0,0.01,PIDL,exper3,3135,100
0.9796878,0.8969452,0.03601297,0.70739174,0.11642548,0.95524913,1.2698964,0.051314127,0.9711483,0.12583393,200.0,128.0,0.005,48.0,2.0,32.0,12.0,0.001,PIDL,exper3,3188,100
0.9842827,0.99697596,0.033579044,0.77405137,0.05442978,0.9746957,1.3653277,0.046562176,1.0383897,0.10256193,200.0,128.0,0.005,48.0,2.0,32.0,12.0,0.01,PIDL,exper3,3200,100
0.91775805,0.6565818,0.058495108,0.5075031,0.164009,0.75012356,1.3427377,0.11935446,1.0101912,0.26364985,200.0,128.0,0.005,48.0,2.0,32.0,12.0,0.01,PIDL,exper3,3211,100
0.8858497,0.6800282,0.07203689,0.5079835,0.28021762,0.6808841,1.228799,0.12933977,0.9538653,0.43262395,200.0,128.0,0.005,48.0,2.0,32.0,12.0,0.001,PIDL,exper3,3219,100
0.9800971,0.92497045,0.03738765,0.6981507,0.1142006,0.9447544,1.4376479,0.060475256,1.0751479,0.1660353,200.0,128.0,0.005,48.0,2.0,32.0,12.0,0.001,PIDL,exper3,3231,100
0.9805666,0.8561073,0.03659335,0.66341376,0.18474491,0.95973885,1.2557229,0.054588463,0.96208286,0.2830467,200.0,128.0,0.005,48.0,2.0,32.0,12.0,0.1,PIDL,exper3,3243,100
0.98245686,0.84796727,0.035534263,0.6509923,0.1674858,0.96372354,1.2271779,0.049264424,0.9424027,0.27563524,200.0,128.0,0.005,48.0,2.0,32.0,12.0,0.1,PIDL,exper3,3281,100
0.97912276,0.918775,0.042678837,0.69181013,0.044066295,0.96992815,1.1272274,0.04667705,0.86130285,0.05520217,200.0,128.0,0.005,48.0,2.0,32.0,12.0,0.01,PIDL,exper3,3307,100
0.9787891,0.8944133,0.038085032,0.68164426,0.110188276,0.9683731,1.1691271,0.050583974,0.85321295,0.19171737,200.0,128.0,0.005,48.0,2.0,32.0,12.0,0.001,PIDL,exper3,3365,100
0.9865745,0.76122904,0.029566702,0.59031135,0.09414829,0.9715855,1.178418,0.046257827,0.9109606,0.2700316,200.0,128.0,0.005,48.0,2.0,32.0,12.0,0.01,PIDL,exper3,3379,100
0.97714037,0.85048956,0.045861274,0.6578651,0.39623553,0.96933943,0.97524226,0.05308885,0.73456275,0.23674215,200.0,128.0,0.005,48.0,2.0,32.0,12.0,0.01,PIDL,exper3,3394,100
0.96962917,1.0495354,0.04187903,0.834032,0.09851894,0.9492528,1.3892614,0.056002527,1.0800886,0.16304998,200.0,128.0,0.005,48.0,2.0,32.0,12.0,0.01,PIDL,exper3,3397,100
0.9662923,0.846031,0.04860147,0.65243626,0.1913223,0.8465684,1.9422971,0.10924056,1.361179,0.6485858,200.0,128.0,0.005,48.0,2.0,32.0,12.0,0.1,PIDL,exper3,3446,100
0.9830569,1.0334932,0.036164425,0.79657644,0.16240187,0.9697354,1.3241346,0.04477736,1.019162,0.26920834,200.0,128.0,0.005,48.0,2.0,32.0,12.0,0.01,PIDL,exper3,3476,100
0.9677805,0.9371021,0.04676158,0.7217695,0.11910776,0.9418685,1.2776355,0.06198112,0.9819515,0.17934763,200.0,128.0,0.005,48.0,2.0,32.0,12.0,0.01,PIDL,exper3,3478,100
0.98168415,1.0118426,0.036507763,0.78855807,0.119592994,0.97019005,1.2945306,0.044964593,0.98953176,0.2214012,200.0,128.0,0.005,48.0,2.0,32.0,12.0,0.001,PIDL,exper3,3500,100
0.982275,0.78466284,0.034028485,0.60781205,0.098698445,0.9603274,1.1359602,0.05081873,0.8896185,0.18827735,200.0,128.0,0.005,48.0,2.0,32.0,12.0,0.01,PIDL,exper3,3570,100
0.9740832,0.9669491,0.040776603,0.752073,0.09926885,0.9447266,1.4486703,0.060840383,1.0627578,0.13829434,200.0,128.0,0.005,48.0,2.0,32.0,12.0,0.001,PIDL,exper3,3587,100
0.9693619,0.91306335,0.0434654,0.6911486,0.036717515,0.9520814,1.2177718,0.06005061,0.9480379,0.052329883,200.0,128.0,0.005,48.0,2.0,32.0,12.0,0.001,PIDL,exper3,3614,100
0.9821031,1.0823781,0.035291072,0.8329198,0.17839593,0.97551876,1.3358577,0.04444264,1.0727327,0.16081929,200.0,128.0,0.005,48.0,2.0,32.0,12.0,0.001,PIDL,exper3,4292,100
0.9900141,0.80790544,0.028455421,0.61845464,0.21679915,0.978055,1.220434,0.0431122,0.95370644,0.36026156,200.0,128.0,0.005,48.0,2.0,32.0,12.0,0.01,PIDL,exper3,4503,100
0.984568,0.8851251,0.033918064,0.6691253,0.26013452,0.9696016,1.2115053,0.045682736,0.9449448,0.21155827,200.0,128.0,0.005,48.0,2.0,32.0,12.0,0.001,PIDL,exper3,5729,100
0.9777659,1.1634754,0.039769012,0.88648415,0.20076337,0.9612025,1.5416002,0.054011945,1.1675513,0.22132748,200.0,128.0,0.005,48.0,2.0,32.0,12.0,0.1,PIDL,exper3,6048,100
0.9851109,0.83278036,0.03410239,0.63999736,0.15854311,0.9654104,1.2557214,0.050079364,0.9449739,0.19221762,200.0,128.0,0.005,48.0,2.0,32.0,12.0,0.001,PIDL,exper3,6785,100
0.9843079,0.92784834,0.033535846,0.69889295,0.100334905,0.9577011,1.5034497,0.05615874,1.0929445,0.21728393,200.0,128.0,0.005,48.0,2.0,32.0,12.0,0.01,PIDL,exper3,7739,100
0.9855809,0.9842606,0.03274756,0.76859605,0.17877893,0.97204167,1.44348,0.047718395,1.1290752,0.26201674,200.0,128.0,0.005,48.0,2.0,32.0,12.0,0.01,PIDL,exper3,8089,100
0.9846843,0.8792172,0.03178085,0.67490023,0.10871302,0.9611936,1.4007307,0.05044043,1.0021192,0.14273737,200.0,128.0,0.005,48.0,2.0,32.0,12.0,0.001,PIDL,exper3,10161,100
0.94413346,1.1935433,0.058006577,0.92818254,0.05506247,0.9379315,1.2576842,0.06339134,0.98351014,0.05960171,200.0,128.0,0.005,48.0,2.0,32.0,12.0,0.001,PIDL,exper3,100000003,100
0.95358855,1.7007328,0.05415967,1.3271668,0.13298884,0.9286847,1.8013877,0.057851747,1.4543686,0.17101924,200.0,128.0,0.005,48.0,2.0,32.0,12.0,0.001,PIDL,exper3,200000001,100
0.9849415,1.0872691,0.035231624,0.8227233,0.096303076,0.9786334,1.3485718,0.043346476,0.96837234,0.16483219,200.0,128.0,0.005,48.0,2.0,32.0,12.0,0.01,PIDL,exper3,300000138,100
0.9652163,1.5848353,0.0527575,1.2222395,0.20904808,0.96478075,1.5874947,0.05130467,1.217153,0.1907545,200.0,128.0,0.005,48.0,2.0,32.0,12.0,0.01,PIDL,exper3,300000140,100
0.9388838,1.0098512,0.060435936,0.76334417,0.36756986,0.7579726,2.1426516,0.123855196,1.4926746,0.32147726,200.0,128.0,0.005,48.0,2.0,32.0,12.0,0.001,PIDL,exper3,300000223,100
0.9304169,1.050455,0.06630396,0.8251341,0.43676692,0.6922511,2.1925032,0.14233568,1.6109586,2.087978,200.0,128.0,0.005,48.0,2.0,32.0,12.0,0.1,PIDL,exper3,300000250,100
0.9124455,1.0661798,0.07472493,0.80339706,0.39304054,0.8433097,1.4059632,0.10194344,1.076785,0.5903911,200.0,128.0,0.005,48.0,2.0,32.0,12.0,0.01,PIDL,exper3,300000274,100
0.8990196,1.3865552,0.070053235,1.0495034,0.2762634,0.8523878,1.7083806,0.087150715,1.3181642,0.3409498,200.0,128.0,0.005,48.0,2.0,32.0,12.0,0.01,PIDL,exper3,300000311,100
0.9259142,1.2101659,0.06833142,0.9370429,0.3252806,0.83252466,1.9136214,0.09930573,1.4808383,1.7526481,200.0,128.0,0.005,48.0,2.0,32.0,12.0,0.1,PIDL,exper3,300000328,100
0.91465265,1.2947478,0.07173277,0.98480165,0.37897047,0.76605046,2.1609097,0.11159389,1.5068548,0.52899194,200.0,128.0,0.005,48.0,2.0,32.0,12.0,0.1,PIDL,exper3,300000337,100
0.9501232,1.0953041,0.054605074,0.8348323,0.16562513,0.66775477,2.8448927,0.14141987,1.8183271,0.4948958,200.0,128.0,0.005,48.0,2.0,32.0,12.0,0.001,PIDL,exper3,300000347,100
0.9130724,1.1599023,0.065565206,0.90819454,0.26333514,0.7521204,1.9747347,0.10100945,1.4725435,0.36805585,200.0,128.0,0.005,48.0,2.0,32.0,12.0,0.01,PIDL,exper3,300000349,100
0.9553101,1.148745,0.05189694,0.8605547,0.14925927,0.9190161,1.5721155,0.06623402,1.2133032,0.25566623,200.0,128.0,0.005,48.0,2.0,32.0,12.0,0.1,PIDL,exper3,300000428,100
0.9446091,1.2680882,0.055994913,0.9342946,0.13540694,0.9165773,1.5063562,0.06744526,1.1455829,0.23255071,200.0,128.0,0.005,48.0,2.0,32.0,12.0,0.01,PIDL,exper3,300000437,100
0.9692651,1.1103492,0.042566575,0.8539348,0.25226068,0.9420668,1.4487375,0.061800774,1.0891217,0.16635895,200.0,128.0,0.005,48.0,2.0,32.0,12.0,0.001,PIDL,exper3,300000525,100
0.9735359,1.0072558,0.042940486,0.7572097,0.20266502,0.9464163,1.387564,0.06052127,1.0409288,0.17177974,200.0,128.0,0.005,48.0,2.0,32.0,12.0,0.001,PIDL,exper3,300000566,100
0.963864,1.2453973,0.049650617,0.91821694,0.11308835,0.9504578,1.3400197,0.05223283,1.0563879,0.12664896,200.0,128.0,0.005,48.0,2.0,32.0,12.0,0.001,PIDL,exper3,300000654,100
0.9717655,0.9941859,0.045772832,0.7335743,0.27314213,0.95374167,1.2604855,0.057273973,0.92006856,0.33652574,200.0,128.0,0.005,48.0,2.0,32.0,12.0,0.01,PIDL,exper3,300000704,100
0.97151184,1.170885,0.046874754,0.8580919,0.15727116,0.9452446,1.6254002,0.06592573,1.1783923,0.27128354,200.0,128.0,0.005,48.0,2.0,32.0,12.0,0.001,PIDL,exper3,300000709,100
0.97898155,1.0990844,0.038896482,0.8585604,0.13200584,0.9759787,1.1870265,0.041240584,0.9073285,0.21299423,200.0,128.0,0.005,48.0,2.0,32.0,12.0,0.001,PIDL,exper3,300000725,100
0.9663451,1.1601175,0.04514079,0.88049275,0.07353396,0.95211434,1.3775187,0.058518212,1.0279645,0.090383165,200.0,128.0,0.005,48.0,2.0,32.0,12.0,0.001,PIDL,exper3,300000727,100
0.98798454,0.8595297,0.032508686,0.6294739,0.15986553,0.97582895,1.2563713,0.04552276,0.9679209,0.45888895,200.0,128.0,0.005,48.0,2.0,32.0,12.0,0.01,PIDL,exper3,300000767,100
0.9657266,1.3819628,0.049601305,1.0732541,0.34264746,0.9389514,1.8821656,0.061221816,1.4420404,0.28028953,200.0,128.0,0.005,48.0,2.0,32.0,12.0,0.01,PIDL,exper3,300000771,100
0.9822521,1.0884787,0.04033486,0.8139374,0.16859564,0.9750819,1.3186228,0.04557311,0.9672598,0.253654,200.0,128.0,0.005,48.0,2.0,32.0,12.0,0.001,PIDL,exper3,300000772,100
0.98061776,1.0545267,0.0386802,0.83237547,0.04971208,0.966296,1.3702108,0.045742307,1.0693115,0.06402624,200.0,128.0,0.005,48.0,2.0,32.0,12.0,0.001,PIDL,exper3,300000836,100
0.8755162,1.0508438,0.080529004,0.8098692,0.03342597,0.8649287,1.094958,0.08281021,0.82268053,0.033523433,200.0,128.0,0.005,48.0,2.0,32.0,12.0,0.1,PIDL,exper3,300000946,100
0.8869048,1.5758485,0.06939667,1.2393194,0.06307765,0.8706658,1.6562502,0.07425472,1.2844226,0.06414947,200.0,128.0,0.005,48.0,2.0,32.0,12.0,0.001,PIDL,exper3,300000962,100
0.4318288,0.6505529,0.10886858,0.47238585,0.9520191,0.11867094,1.3017052,0.17147782,0.98089737,0.97632307,200.0,128.0,0.005,48.0,2.0,32.0,12.0,0.001,PIDL,exper3,300001007,100
0.9054584,1.2005061,0.076501414,0.8431146,0.48558635,0.8411466,1.7413642,0.092092946,1.2632376,0.7167762,200.0,128.0,0.005,48.0,2.0,32.0,12.0,0.1,PIDL,exper3,300001024,100
0.842713,1.2740762,0.067800015,0.8688249,0.29268274,0.7986261,1.4328262,0.08610719,1.0621867,0.3655625,200.0,128.0,0.005,48.0,2.0,32.0,12.0,0.001,PIDL,exper3,300001038,100
0.9407228,1.1667266,0.06076812,0.879224,0.36241162,0.8987157,1.7069386,0.07140097,1.2888623,0.434945,200.0,128.0,0.005,48.0,2.0,32.0,12.0,0.001,PIDL,exper3,300001048,100
0.7836153,0.74057883,0.095961355,0.5508233,0.80531377,0.5032053,0.9946248,0.14298558,0.7336089,0.84064794,200.0,128.0,0.005,48.0,2.0,32.0,12.0,0.001,PIDL,exper3,300001053,100
0.9387698,1.2336969,0.05943542,0.90823984,0.32963446,0.7937748,2.2695408,0.10461644,1.5764097,0.7376207,200.0,128.0,0.005,48.0,2.0,32.0,12.0,0.1,PIDL,exper3,300001063,100
0.9623052,0.9365672,0.04520444,0.72556806,0.3699058,0.9241267,1.25834,0.056194507,0.9401445,0.29895243,200.0,128.0,0.005,48.0,2.0,32.0,12.0,0.01,PIDL,exper3,300001098,100
0.9678175,1.0819155,0.041373882,0.82013017,0.11068059,0.94194216,1.4321511,0.05456552,1.099163,0.20427759,200.0,128.0,0.005,48.0,2.0,32.0,12.0,0.01,PIDL,exper3,300001112,100
0.96553147,1.1747187,0.042940803,0.9006633,0.15175518,0.92234564,1.7384717,0.06420367,1.2737585,0.20743829,200.0,128.0,0.005,48.0,2.0,32.0,12.0,0.01,PIDL,exper3,300001118,100
0.9465099,0.98788184,0.050138652,0.75020516,0.20191759,0.9079104,1.2606348,0.06043138,0.94694847,0.34344095,200.0,128.0,0.005,48.0,2.0,32.0,12.0,0.1,PIDL,exper3,300001127,100
0.9782839,0.9472817,0.03707253,0.71410817,0.3085443,0.9602059,1.3120415,0.05027191,1.0220528,0.19270594,200.0,128.0,0.005,48.0,2.0,32.0,12.0,0.01,PIDL,exper3,300001141,100
0.9693825,1.4565978,0.047961734,1.1061438,0.23184632,0.9626525,1.685023,0.05438414,1.27583,0.30951726,200.0,128.0,0.005,48.0,2.0,32.0,12.0,0.01,PIDL,exper3,300001252,100
0.9833481,1.1060505,0.036090445,0.85791117,0.14991045,0.96328765,1.7155681,0.056158185,1.3231182,0.29411012,200.0,128.0,0.005,48.0,2.0,32.0,12.0,0.1,PIDL,exper3,300001256,100
0.97440857,1.343873,0.04373448,1.0399891,0.1892287,0.9640376,1.660452,0.052579794,1.3100059,0.3603185,200.0,128.0,0.005,48.0,2.0,32.0,12.0,0.01,PIDL,exper3,300001257,100
0.9787315,1.1899406,0.04087738,0.91352564,0.14454488,0.9620357,1.5892495,0.054086775,1.1665119,0.34060022,200.0,128.0,0.005,48.0,2.0,32.0,12.0,0.01,PIDL,exper3,300001297,100
0.9844078,1.1226658,0.03496312,0.8725109,0.14284736,0.97539204,1.3930222,0.043016486,1.0628717,0.24938561,200.0,128.0,0.005,48.0,2.0,32.0,12.0,0.01,PIDL,exper3,300001323,100
0.94973916,0.7555388,0.05696131,0.5650641,0.17914341,0.9198611,0.97779447,0.07315788,0.68036795,0.31196284,200.0,128.0,0.005,48.0,2.0,32.0,12.0,0.01,PIDL,exper3,300001459,100
0.9028925,1.0917062,0.06505997,0.83243763,0.033141885,0.9134328,1.1030833,0.06405082,0.83396214,0.03387249,200.0,128.0,0.005,48.0,2.0,32.0,12.0,0.001,PIDL,exper3,300001496,100
0.91142285,0.88656545,0.058461294,0.6947121,0.028715577,0.8975428,0.9769647,0.066976406,0.7592242,0.0321222,200.0,128.0,0.005,48.0,2.0,32.0,12.0,0.001,PIDL,exper3,300001497,100
0.9069815,1.0055951,0.06812348,0.7915729,0.029719636,0.9092755,1.0581126,0.062573195,0.82262534,0.03175273,200.0,128.0,0.005,48.0,2.0,32.0,12.0,0.001,PIDL,exper3,300001503,100
0.84031975,1.0816083,0.07954306,0.85145295,0.03171604,0.85152286,1.1000271,0.07742237,0.8627683,0.033051558,200.0,128.0,0.005,48.0,2.0,32.0,12.0,0.001,PIDL,exper3,300001509,100
0.9638388,1.1077069,0.048600264,0.8426309,0.052420396,0.9503567,1.2688012,0.057993963,0.99894655,0.061609108,200.0,128.0,0.005,48.0,2.0,32.0,12.0,0.001,PIDL,exper3,300001694,100
0.96633476,0.987986,0.047774952,0.7803644,0.0735784,0.9452273,1.2594162,0.062214654,0.83354443,0.07281919,200.0,128.0,0.005,48.0,2.0,32.0,12.0,0.1,PIDL,exper3,300001695,100
0.88777715,0.49186873,0.07319475,0.354214,0.53002316,-0.16002929,1.7811973,0.25016817,1.3849965,1.4303061,200.0,128.0,0.005,48.0,2.0,32.0,12.0,0.01,PIDL,exper3,300001887,100
0.91419536,0.8608174,0.069621876,0.6459578,0.30065298,0.7377633,1.6206079,0.111368515,1.2187641,0.5588191,200.0,128.0,0.005,48.0,2.0,32.0,12.0,0.01,PIDL,exper3,300001914,100
0.89282167,0.80636257,0.07382197,0.61140376,0.5509982,0.37084317,1.9893448,0.16856283,1.5302839,0.6355646,200.0,128.0,0.005,48.0,2.0,32.0,12.0,0.1,PIDL,exper3,300001994,100
0.86874336,1.0540085,0.08033601,0.7780784,0.5164931,0.73005986,1.590983,0.12568943,1.2244673,1.0767123,200.0,128.0,0.005,48.0,2.0,32.0,12.0,0.001,PIDL,exper3,300002119,100
0.75770736,1.0566751,0.08947291,0.7792049,0.5547889,0.32468295,1.7529787,0.18311544,1.2715465,1.0823566,200.0,128.0,0.005,48.0,2.0,32.0,12.0,0.1,PIDL,exper3,300002123,100
0.8924727,0.9198026,0.073162675,0.6883548,0.4433074,0.6294566,1.7512939,0.15883124,1.3138592,0.59781456,200.0,128.0,0.005,48.0,2.0,32.0,12.0,0.001,PIDL,exper3,300002129,100
0.9431337,0.9970393,0.052961413,0.7444982,0.20549138,0.83200675,1.8553734,0.102368824,1.3700123,0.3618441,200.0,128.0,0.005,48.0,2.0,32.0,12.0,0.001,PIDL,exper3,300002202,100
0.9152575,1.0397978,0.061562855,0.77361417,0.31933397,0.6714444,2.1040335,0.13957596,1.6586415,0.48641288,200.0,128.0,0.005,48.0,2.0,32.0,12.0,0.001,PIDL,exper3,300002332,100
0.94041663,0.9362004,0.058108304,0.6949353,0.29474893,0.8855959,1.3469923,0.08213367,1.0562685,0.4554141,200.0,128.0,0.005,48.0,2.0,32.0,12.0,0.01,PIDL,exper3,300002545,100
0.8750967,0.8616871,0.07682112,0.6528512,0.7728484,0.6210798,1.5345991,0.12621158,1.1604509,0.9070921,200.0,128.0,0.005,48.0,2.0,32.0,12.0,0.01,PIDL,exper3,300002559,100
0.91787034,0.9791795,0.07059673,0.7179667,0.2986599,0.8496146,1.3515024,0.1002439,1.0228243,0.2761733,200.0,128.0,0.005,48.0,2.0,32.0,12.0,0.001,PIDL,exper3,300002685,100
0.8665626,1.0326465,0.06872467,0.7786689,0.49680835,0.6739968,1.7396994,0.09670369,1.32987,0.85575515,200.0,128.0,0.005,48.0,2.0,32.0,12.0,0.001,PIDL,exper3,300002883,100
0.9514585,1.2022139,0.053989284,0.92461526,0.1734177,0.8932045,1.8956504,0.08621186,1.3000598,0.2704113,200.0,128.0,0.005,48.0,2.0,32.0,12.0,0.1,PIDL,exper3,300002949,100
0.92747045,0.86372375,0.07112514,0.6591672,0.32047474,0.7204721,1.5822254,0.13111058,1.1939148,0.4920101,200.0,128.0,0.005,48.0,2.0,32.0,12.0,0.001,PIDL,exper3,300003024,100
0.93560064,1.2124884,0.058133293,0.94268906,0.14194751,0.89651084,1.6850072,0.07579886,1.2860483,0.23892872,200.0,128.0,0.005,48.0,2.0,32.0,12.0,0.001,PIDL,exper3,300003035,100
0.91784304,1.2032013,0.06311061,0.8866582,0.19392122,0.8689175,1.5889359,0.08824789,1.2031847,0.27864864,200.0,128.0,0.005,48.0,2.0,32.0,12.0,0.01,PIDL,exper3,300003237,100
0.93666846,1.1331427,0.05633134,0.84108365,0.16927323,0.8232235,1.9993105,0.09878904,1.5120296,0.32547358,200.0,128.0,0.005,48.0,2.0,32.0,12.0,0.001,PIDL,exper3,300003273,100
0.9249371,1.2936797,0.06597545,0.9800105,0.15119004,0.886926,1.716651,0.0865785,1.2717497,0.21340889,200.0,128.0,0.005,48.0,2.0,32.0,12.0,0.001,PIDL,exper3,300003350,100
0.9405772,1.1078274,0.059721157,0.8650484,0.3334712,0.7891135,2.1688993,0.11169599,1.533038,0.38727024,200.0,128.0,0.005,48.0,2.0,32.0,12.0,0.01,PIDL,exper3,300003430,100
0.94361174,1.1381892,0.05661565,0.8746055,0.26786798,0.7944939,2.258616,0.12753142,1.5660009,0.7546213,200.0,128.0,0.005,48.0,2.0,32.0,12.0,0.001,PIDL,exper3,300003602,100
0.9050281,1.4295365,0.07228175,1.0874004,0.24870387,0.87991214,1.6231992,0.07897012,1.2939793,0.3910901,200.0,128.0,0.005,48.0,2.0,32.0,12.0,0.01,PIDL,exper3,300003644,100
0.9536677,1.0239931,0.054186128,0.7739276,0.2565615,0.8867122,1.6627408,0.08294164,1.2309462,0.65808105,200.0,128.0,0.005,48.0,2.0,32.0,12.0,0.001,PIDL,exper3,300003701,100
0.9293698,1.1411797,0.06258536,0.88771915,0.29127702,0.82925904,1.8007041,0.10541245,1.2446404,0.34188905,200.0,128.0,0.005,48.0,2.0,32.0,12.0,0.001,PIDL,exper3,300003732,100
0.92813146,1.2028713,0.05727948,0.89620054,0.1650023,0.8595233,1.7469201,0.08572725,1.2737238,0.24329294,200.0,128.0,0.005,48.0,2.0,32.0,12.0,0.001,PIDL,exper3,300003763,100
0.9444045,1.0611838,0.056225296,0.80142874,0.25155625,0.81857836,1.9156653,0.10523055,1.362159,0.4177367,200.0,128.0,0.005,48.0,2.0,32.0,12.0,0.1,PIDL,exper3,300003809,100
0.9439914,1.2079694,0.055093866,0.91987187,0.11980313,0.9296559,1.4427003,0.063921094,1.1472718,0.15193407,200.0,128.0,0.005,48.0,2.0,32.0,12.0,0.01,PIDL,exper3,300003835,100
0.94402385,1.1191053,0.056794405,0.85767984,0.20091233,0.85664076,1.8078533,0.09245298,1.2930958,0.26853207,200.0,128.0,0.005,48.0,2.0,32.0,12.0,0.001,PIDL,exper3,300003861,100
0.9393893,1.2668427,0.058301125,0.96923953,0.16395786,0.8916871,1.7522488,0.08476517,1.3444811,0.29972735,200.0,128.0,0.005,48.0,2.0,32.0,12.0,0.001,PIDL,exper3,300003890,100
0.9532266,1.1848718,0.050562423,0.92634916,0.10222024,0.85035825,2.283495,0.094591945,1.5157952,0.21824911,200.0,128.0,0.005,48.0,2.0,32.0,12.0,0.001,PIDL,exper3,300003949,100
0.88621455,1.184868,0.07323335,0.90041953,0.4238708,0.75140554,1.7862362,0.11996496,1.2893143,0.66389954,200.0,128.0,0.005,48.0,2.0,32.0,12.0,0.01,PIDL,exper3,300004104,100
0.9286451,1.2648914,0.06537589,0.9234888,0.2549869,0.7236122,2.4614174,0.124945045,1.7280055,0.6392588,200.0,128.0,0.005,48.0,2.0,32.0,12.0,0.1,PIDL,exper3,300004112,100
0.9534267,1.2028301,0.0470775,0.93669635,0.08950892,0.89030457,1.9662855,0.078107886,1.4832714,0.16943124,200.0,128.0,0.005,48.0,2.0,32.0,12.0,0.1,PIDL,exper3,300004151,100
0.9372138,1.2358928,0.055291228,0.88856876,0.14534226,0.83438635,1.9411027,0.0915955,1.420063,0.2728269,200.0,128.0,0.005,48.0,2.0,32.0,12.0,0.1,PIDL,exper3,300004337,100
0.9536273,1.0876982,0.050388195,0.8406516,0.1532694,0.893066,1.645994,0.07613068,1.2162006,0.24649574,200.0,128.0,0.005,48.0,2.0,32.0,12.0,0.01,PIDL,exper3,300004437,100
0.9518822,1.0298667,0.052573886,0.79907715,0.15245163,0.8878512,1.4627517,0.07462341,1.047373,0.21721762,200.0,128.0,0.005,48.0,2.0,32.0,12.0,0.001,PIDL,exper3,300004530,100
0.93736213,1.3387147,0.060630307,1.0370939,0.17603496,0.910311,1.6495954,0.076098666,1.253322,0.19042076,200.0,128.0,0.005,48.0,2.0,32.0,12.0,0.001,PIDL,exper3,300004657,100
0.9549699,1.0065466,0.04980705,0.78005403,0.17189677,0.8608446,1.648572,0.084508695,1.1328976,0.2112163,200.0,128.0,0.005,48.0,2.0,32.0,12.0,0.01,PIDL,exper3,300004781,100
0.96870154,1.010966,0.042553335,0.7831138,0.11191016,0.9163823,1.6665678,0.06787175,1.1684886,0.40646353,200.0,128.0,0.005,48.0,2.0,32.0,12.0,0.1,PIDL,exper3,300004787,100
0.97232383,0.97741044,0.042742636,0.7427013,0.14997502,0.94787294,1.3012202,0.054675944,0.9476195,0.17844863,200.0,128.0,0.005,48.0,2.0,32.0,12.0,0.1,PIDL,exper3,300004793,100
0.9627414,1.0338494,0.049099218,0.7924206,0.19102085,0.87555796,1.8866423,0.08505316,1.3127815,1.2680494,200.0,128.0,0.005,48.0,2.0,32.0,12.0,0.1,PIDL,exper3,300004882,100
0.9689629,0.9418973,0.042366166,0.72840846,0.2028897,0.94703656,1.2806616,0.058836248,0.982013,0.13627279,200.0,128.0,0.005,48.0,2.0,32.0,12.0,0.01,PIDL,exper3,300004897,100
0.9699082,0.9100498,0.0455708,0.69203115,0.23402373,0.9466923,1.2564411,0.06391979,0.92214614,0.47710362,200.0,128.0,0.005,48.0,2.0,32.0,12.0,0.001,PIDL,exper3,300004974,100
0.9654507,1.1093276,0.048675064,0.8602517,0.11350598,0.9326422,1.5241448,0.06359088,1.1515589,0.17608134,200.0,128.0,0.005,48.0,2.0,32.0,12.0,0.001,PIDL,exper3,300004989,100
0.9544256,1.1281171,0.050592586,0.86186475,0.10561012,0.9115974,1.6183968,0.07193878,1.2092906,0.16883543,200.0,128.0,0.005,48.0,2.0,32.0,12.0,0.01,PIDL,exper3,300005063,100
0.9659308,1.0318865,0.045350473,0.79638016,0.14072132,0.92328256,1.597278,0.06822848,1.2067456,0.19383849,200.0,128.0,0.005,48.0,2.0,32.0,12.0,0.01,PIDL,exper3,300005336,100
0.96865124,1.002292,0.04549768,0.7624106,0.12857538,0.90354675,1.7460843,0.07516247,1.3225386,0.22217694,200.0,128.0,0.005,48.0,2.0,32.0,12.0,0.01,PIDL,exper3,300005345,100
0.9647545,1.033737,0.04658571,0.79284126,0.1799937,0.89909416,1.7219887,0.07873165,1.2862084,0.4627691,200.0,128.0,0.005,48.0,2.0,32.0,12.0,0.1,PIDL,exper3,300005460,100
0.9580608,1.1780424,0.048924018,0.8919696,0.119536705,0.9115496,1.6512778,0.07326554,1.2258624,0.14287908,200.0,128.0,0.005,48.0,2.0,32.0,12.0,0.01,PIDL,exper3,300005648,100
0.9658759,1.1326593,0.045525495,0.9057091,0.1195302,0.92711353,1.5689762,0.06443815,1.2377771,0.15465426,200.0,128.0,0.005,48.0,2.0,32.0,12.0,0.01,PIDL,exper3,300005808,100
0.9682177,1.0706171,0.043692768,0.8354902,0.110676855,0.8762599,2.1872168,0.08910105,1.4877954,0.35551208,200.0,128.0,0.005,48.0,2.0,32.0,12.0,0.001,PIDL,exper3,300005829,100
0.9592217,1.2231802,0.04805129,0.9540044,0.14342616,0.92367977,1.6434098,0.06587333,1.2437264,0.21762735,200.0,128.0,0.005,48.0,2.0,32.0,12.0,0.001,PIDL,exper3,300005839,100
0.9760381,0.9879634,0.039477166,0.73843795,0.11783093,0.944535,1.445786,0.059532963,1.116946,0.13331409,200.0,128.0,0.005,48.0,2.0,32.0,12.0,0.001,PIDL,exper3,300005860,100
0.96568596,1.2033377,0.045611486,0.9276748,0.13297606,0.94671667,1.5021237,0.05787607,1.14258,0.17590892,200.0,128.0,0.005,48.0,2.0,32.0,12.0,0.01,PIDL,exper3,300005889,100
0.96605086,1.0892556,0.045114808,0.8113929,0.1303651,0.90635514,1.7511504,0.075092144,1.246939,0.34586176,200.0,128.0,0.005,48.0,2.0,32.0,12.0,0.001,PIDL,exper3,300005999,100
0.9675674,1.134684,0.044630885,0.8682357,0.112470895,0.943762,1.446693,0.058032833,1.0586406,0.13825081,200.0,128.0,0.005,48.0,2.0,32.0,12.0,0.1,PIDL,exper3,300006033,100
0.97272056,1.0215522,0.041817926,0.7940431,0.14727722,0.93869275,1.5005711,0.060446016,1.1086357,0.25208014,200.0,128.0,0.005,48.0,2.0,32.0,12.0,0.001,PIDL,exper3,300006162,100
0.972646,0.97692096,0.03917281,0.73736763,0.1528556,0.9560848,1.2498778,0.049402285,0.93498033,0.23403732,200.0,128.0,0.005,48.0,2.0,32.0,12.0,0.01,PIDL,exper3,300006293,100
0.970441,1.0250543,0.04110598,0.779194,0.115137026,0.9491075,1.36955,0.05336183,1.0211091,0.2172905,200.0,128.0,0.005,48.0,2.0,32.0,12.0,0.01,PIDL,exper3,300006356,100
0.97264844,0.95447564,0.042308316,0.72970366,0.1299825,0.93895143,1.3873492,0.06496084,1.0181504,0.21343255,200.0,128.0,0.005,48.0,2.0,32.0,12.0,0.001,PIDL,exper3,300006407,100
0.97243184,1.0490972,0.041675292,0.8041202,0.21118775,0.9346346,1.5523118,0.06539712,1.179584,0.19956514,200.0,128.0,0.005,48.0,2.0,32.0,12.0,0.1,PIDL,exper3,300006409,100
0.9647379,1.2213097,0.0453697,0.9298881,0.14319526,0.9454706,1.4609318,0.057415932,1.1439164,0.18030216,200.0,128.0,0.005,48.0,2.0,32.0,12.0,0.01,PIDL,exper3,300006490,100
0.9724859,0.9395368,0.039011054,0.7066519,0.12896414,0.9596623,1.1791517,0.050607327,0.9035363,0.20985629,200.0,128.0,0.005,48.0,2.0,32.0,12.0,0.01,PIDL,exper3,300006584,100
0.9767045,0.98671633,0.040026426,0.7365739,0.22307487,0.93528974,1.5518938,0.06653997,1.1460024,0.24927437,200.0,128.0,0.005,48.0,2.0,32.0,12.0,0.001,PIDL,exper3,300006797,100
0.95662814,1.1218983,0.051014736,0.8572537,0.14299627,0.9068748,1.4932326,0.07139004,1.0953809,0.19281164,200.0,128.0,0.005,48.0,2.0,32.0,12.0,0.001,PIDL,exper3,300006864,100
0.97414684,1.1095794,0.040854584,0.86965954,0.13217552,0.9247888,1.8094909,0.0668476,1.3459632,0.3203991,200.0,128.0,0.005,48.0,2.0,32.0,12.0,0.001,PIDL,exper3,300007084,100
0.9707623,1.0683488,0.038458865,0.8181908,0.12762755,0.91957235,1.7130857,0.06936973,1.2632483,0.23038293,200.0,128.0,0.005,48.0,2.0,32.0,12.0,0.1,PIDL,exper3,300007173,100
0.97783756,0.944647,0.038360413,0.727241,0.12009889,0.93321013,1.5329121,0.06543482,1.1488335,0.22265273,200.0,128.0,0.005,48.0,2.0,32.0,12.0,0.1,PIDL,exper3,300007237,100
0.9713474,1.1453291,0.04245104,0.86255556,0.124557965,0.9533877,1.4477009,0.055080067,1.0536613,0.17996748,200.0,128.0,0.005,48.0,2.0,32.0,12.0,0.001,PIDL,exper3,300007453,100
0.9742896,1.0008044,0.04589583,0.74413735,0.21061388,0.9548757,1.3265587,0.05980088,0.9532752,0.37413874,200.0,128.0,0.005,48.0,2.0,32.0,12.0,0.001,PIDL,exper3,300007706,100
0.9730325,1.0312513,0.042108458,0.79018384,0.09764574,0.9323041,1.529044,0.06357184,1.1435428,0.14524925,200.0,128.0,0.005,48.0,2.0,32.0,12.0,0.001,PIDL,exper3,300007752,100
0.97728837,0.9640923,0.039265666,0.7328416,0.11015605,0.9526524,1.383454,0.054537673,1.0503888,0.20711339,200.0,128.0,0.005,48.0,2.0,32.0,12.0,0.001,PIDL,exper3,300007930,100
0.9544946,1.319263,0.05100635,1.0384032,0.19326667,0.90973634,1.7991761,0.07212136,1.3938494,0.22791514,200.0,128.0,0.005,48.0,2.0,32.0,12.0,0.001,PIDL,exper3,300007960,100
0.9769002,0.95276135,0.038678262,0.749498,0.0999604,0.9363242,1.5336422,0.06391009,1.1589203,0.18711254,200.0,128.0,0.005,48.0,2.0,32.0,12.0,0.01,PIDL,exper3,300008088,100
0.9725675,1.0802872,0.04227779,0.8208659,0.16082671,0.9542422,1.416249,0.051706754,1.0708753,0.28051072,200.0,128.0,0.005,48.0,2.0,32.0,12.0,0.1,PIDL,exper3,300008127,100
0.97004294,0.99822557,0.046441365,0.76423055,0.17222612,0.9394643,1.40891,0.06677219,1.0440345,0.336467,200.0,128.0,0.005,48.0,2.0,32.0,12.0,0.1,PIDL,exper3,300008201,100
0.96859264,1.1045395,0.049584284,0.8287562,0.20072383,0.9456736,1.4677769,0.063955426,1.0847416,0.41327548,200.0,128.0,0.005,48.0,2.0,32.0,12.0,0.001,PIDL,exper3,300008212,100
0.9580201,1.2982001,0.04776303,1.0159112,0.12395936,0.92399573,1.715999,0.0642865,1.3045261,0.21262662,200.0,128.0,0.005,48.0,2.0,32.0,12.0,0.1,PIDL,exper3,300008270,100
0.9759159,0.9379137,0.04211867,0.71940666,0.14404646,0.9524404,1.3440456,0.061472718,0.9680531,0.37372255,200.0,128.0,0.005,48.0,2.0,32.0,12.0,0.01,PIDL,exper3,300008341,100
0.9767023,0.94896525,0.03976879,0.71897775,0.26281065,0.9580498,1.3011733,0.057485905,0.9551781,0.44656712,200.0,128.0,0.005,48.0,2.0,32.0,12.0,0.001,PIDL,exper3,300008388,100
0.98029304,0.9959497,0.037489098,0.77089083,0.0983884,0.9561041,1.4406435,0.053335935,0.998901,0.15235089,200.0,128.0,0.005,48.0,2.0,32.0,12.0,0.001,PIDL,exper3,300008411,100
0.98299587,0.98648536,0.034197535,0.7462695,0.1169272,0.9718826,1.26976,0.04675777,0.925566,0.14437771,200.0,128.0,0.005,48.0,2.0,32.0,12.0,0.001,PIDL,exper3,300008638,100
0.98148465,0.92318344,0.035490673,0.71666425,0.1548992,0.9672137,1.2635932,0.050104037,0.98510224,0.21704495,200.0,128.0,0.005,48.0,2.0,32.0,12.0,0.01,PIDL,exper3,300008713,100
0.9793801,1.0263544,0.039150283,0.7686501,0.2671625,0.95177805,1.5225886,0.057797812,1.1692332,0.35001737,200.0,128.0,0.005,48.0,2.0,32.0,12.0,0.01,PIDL,exper3,300008770,100
0.983356,1.0463775,0.035482477,0.8051622,0.2051521,0.9561993,1.7188928,0.059058372,1.2318919,0.2146465,200.0,128.0,0.005,48.0,2.0,32.0,12.0,0.01,PIDL,exper3,300008783,100
0.9778351,1.0997293,0.041429333,0.85494703,0.17656934,0.96395445,1.4016218,0.051972132,1.0916604,0.4160859,200.0,128.0,0.005,48.0,2.0,32.0,12.0,0.1,PIDL,exper3,300008819,100
0.9857402,0.87807125,0.032917853,0.6699617,0.09148675,0.9619507,1.4595438,0.05413738,1.123382,0.15773802,200.0,128.0,0.005,48.0,2.0,32.0,12.0,0.001,PIDL,exper3,300008848,100
0.9783158,1.2061617,0.03866235,0.94628453,0.20971775,0.97148097,1.4629552,0.046713635,1.1499014,0.29727122,200.0,128.0,0.005,48.0,2.0,32.0,12.0,0.001,PIDL,exper3,300009100,100
0.9909496,0.7703068,0.028572213,0.5644974,0.18763895,0.9824039,1.1037918,0.04025499,0.8329832,0.4815894,200.0,128.0,0.005,48.0,2.0,32.0,12.0,0.001,PIDL,exper3,300009124,100
0.98196816,1.067215,0.036649242,0.8416554,0.108816236,0.97612447,1.2834644,0.044809822,1.0061762,0.17365137,200.0,128.0,0.005,48.0,2.0,32.0,12.0,0.001,PIDL,exper3,300009151,100
0.9824826,0.9144793,0.03610259,0.6876738,0.04814661,0.97387874,1.1640894,0.046187907,0.893362,0.0688257,200.0,128.0,0.005,48.0,2.0,32.0,12.0,0.001,PIDL,exper3,300009172,100
0.9776201,0.9107873,0.039054003,0.70670015,0.03889592,0.96592337,1.1532425,0.049847443,0.8953994,0.051553257,200.0,128.0,0.005,48.0,2.0,32.0,12.0,0.01,PIDL,exper3,300009243,100
0.96936965,1.1682377,0.045538228,0.90002376,0.046208456,0.9662593,1.2012498,0.047817316,0.9257184,0.048952688,200.0,128.0,0.005,48.0,2.0,32.0,12.0,0.001,PIDL,exper3,300009360,100
0.9811652,1.1901885,0.03549874,0.9107544,0.06053152,0.9672774,1.5537878,0.046449684,1.2237616,0.095724165,200.0,128.0,0.005,48.0,2.0,32.0,12.0,0.01,PIDL,exper3,300009411,100
0.9846906,0.99095327,0.033924405,0.76958585,0.051580895,0.97601384,1.2127397,0.041517965,0.9564923,0.06912552,200.0,128.0,0.005,48.0,2.0,32.0,12.0,0.001,PIDL,exper3,300009430,100
0.9822145,1.0831434,0.034583278,0.8284761,0.05520073,0.9715286,1.3675272,0.04386559,1.0687072,0.07292911,200.0,128.0,0.005,48.0,2.0,32.0,12.0,0.01,PIDL,exper3,300009432,100
0.9849431,0.9745877,0.03307378,0.75838363,0.04746677,0.971629,1.3212184,0.04580292,1.0494977,0.07055397,200.0,128.0,0.005,48.0,2.0,32.0,12.0,0.01,PIDL,exper3,300009443,100
0.98150504,1.0825891,0.036156483,0.82854056,0.051605422,0.96709156,1.3923482,0.047190197,1.0637801,0.07194463,200.0,128.0,0.005,48.0,2.0,32.0,12.0,0.01,PIDL,exper3,300009460,100
0.9818266,0.9041342,0.03476545,0.7104532,0.038051996,0.94585586,1.5217665,0.060348652,1.1683059,0.06653876,200.0,128.0,0.005,48.0,2.0,32.0,12.0,0.01,PIDL,exper3,300009523,100
0.91316146,1.311176,0.06741265,1.0440879,0.04111649,0.86571956,1.664687,0.08584515,1.3262146,0.052120816,200.0,128.0,0.005,48.0,2.0,32.0,12.0,0.01,PIDL,exper3,300009692,100
0.82951677,1.2178726,0.07730061,0.9774482,0.047441855,0.85038596,1.1358608,0.06816002,0.8915469,0.043477014,200.0,128.0,0.005,48.0,2.0,32.0,12.0,0.001,PIDL,exper3,300009739,100
0.75371045,1.815694,0.09294296,1.4315414,0.05455554,0.6138588,2.1086488,0.10983049,1.6505944,0.061600372,200.0,128.0,0.005,48.0,2.0,32.0,12.0,0.1,PIDL,exper3,300010266,100
0.7733498,1.6514912,0.088854104,1.3212364,0.051393557,0.57716393,2.1059551,0.11221796,1.6654197,0.06315543,200.0,128.0,0.005,48.0,2.0,32.0,12.0,0.01,PIDL,exper3,300010271,100
0.8761311,1.8541802,0.07934871,1.4809098,0.06511253,0.85858846,1.8938801,0.084617496,1.4879514,0.06413478,200.0,128.0,0.005,48.0,2.0,32.0,12.0,0.001,PIDL,exper3,300010368,100
0.9025565,1.5055413,0.064556494,1.1876656,0.061381117,0.8953339,1.5381459,0.06647618,1.1954253,0.06117337,200.0,128.0,0.005,48.0,2.0,32.0,12.0,0.01,PIDL,exper3,300010436,100
0.95484775,1.1808419,0.053251043,0.91473883,0.054055147,0.92386425,1.4980991,0.066585906,1.1631877,0.07026114,200.0,128.0,0.005,48.0,2.0,32.0,12.0,0.01,PIDL,exper3,300010470,100
0.96338516,0.9134191,0.046214018,0.6936768,0.066589825,0.9607578,0.9335934,0.048019435,0.6882636,0.06518851,200.0,128.0,0.005,48.0,2.0,32.0,12.0,0.01,PIDL,exper3,300010567,100
0.958524,0.70193315,0.04310305,0.5351249,0.12626757,0.9384609,0.82803684,0.052164074,0.6207603,0.123096876,200.0,128.0,0.005,48.0,2.0,32.0,12.0,0.001,PIDL,exper3,300010626,100
0.92228484,0.6574487,0.059461676,0.5034007,0.3099916,0.8999407,0.74162745,0.061622404,0.5732614,0.32213476,200.0,128.0,0.005,48.0,2.0,32.0,12.0,0.01,PIDL,exper3,300010656,100
0.9488961,0.74507946,0.055957817,0.5567886,0.18355252,0.9363072,0.84708506,0.062607914,0.6329634,0.28869247,200.0,128.0,0.005,48.0,2.0,32.0,12.0,0.001,PIDL,exper3,300010690,100
0.8498849,1.003526,0.09444737,0.7452984,0.60736114,0.7064126,1.7321321,0.14790617,1.2885001,0.6276316,200.0,128.0,0.005,48.0,2.0,32.0,12.0,0.01,PIDL,exper3,300010732,100
0.85183966,0.9180191,0.08764048,0.6829097,0.35097855,0.5393971,2.0217857,0.16890524,1.4962586,0.6466069,200.0,128.0,0.005,48.0,2.0,32.0,12.0,0.1,PIDL,exper3,300010784,100
0.89689434,0.8677739,0.07732034,0.6359462,0.63535774,0.6539365,1.8806465,0.14973299,1.3633733,0.6702001,200.0,128.0,0.005,48.0,2.0,32.0,12.0,0.01,PIDL,exper3,300010794,100
0.9411233,1.0900996,0.05738605,0.8230211,0.39063194,0.8581187,1.862932,0.09317138,1.396036,0.34886894,200.0,128.0,0.005,48.0,2.0,32.0,12.0,0.1,PIDL,exper3,300010851,100
0.83632225,1.7031919,0.09401657,1.2065251,0.55929255,0.65865326,2.261495,0.12492944,1.6455252,0.75969374,200.0,128.0,0.005,48.0,2.0,32.0,12.0,0.1,PIDL,exper3,300010866,100
0.89787865,1.4673772,0.07787399,0.98885185,0.3227301,0.6851531,2.3187442,0.11999688,1.7176045,0.41497588,200.0,128.0,0.005,48.0,2.0,32.0,12.0,0.001,PIDL,exper3,300010885,100
0.91542673,1.3526887,0.068100415,1.0442103,0.3796616,0.7906945,2.0073664,0.09029989,1.5069642,0.75485486,200.0,128.0,0.005,48.0,2.0,32.0,12.0,0.01,PIDL,exper3,300010974,100
0.9506476,1.1283069,0.05772808,0.8123367,0.35071284,0.7650388,2.2145557,0.11100987,1.4428487,0.46236917,200.0,128.0,0.005,48.0,2.0,32.0,12.0,0.01,PIDL,exper3,300010987,100
0.9341451,0.9856391,0.060965125,0.72752935,0.22306815,0.7718148,2.0731282,0.10957337,1.5002006,0.4172352,200.0,128.0,0.005,48.0,2.0,32.0,12.0,0.001,PIDL,exper3,300011120,100
0.92890286,1.4558504,0.070097886,1.082182,0.40723655,0.7600413,2.3488994,0.111480854,1.6203257,0.7220858,200.0,128.0,0.005,48.0,2.0,32.0,12.0,0.1,PIDL,exper3,300011169,100
0.93837464,1.0571191,0.06063444,0.7929002,0.3827628,0.7850394,2.1063893,0.10517664,1.4903058,0.69806355,200.0,128.0,0.005,48.0,2.0,32.0,12.0,0.1,PIDL,exper3,300011237,100
0.9292601,1.1203151,0.058942143,0.84980536,0.23166595,0.77002186,2.2212698,0.10867259,1.545763,0.41744402,200.0,128.0,0.005,48.0,2.0,32.0,12.0,0.01,PIDL,exper3,300011445,100
0.9529605,1.0062127,0.05145552,0.7556712,0.12982032,0.90424275,1.4514506,0.06517805,1.0714161,0.21572983,200.0,128.0,0.005,48.0,2.0,32.0,12.0,0.001,PIDL,exper3,300011663,100
0.96372116,1.0557569,0.04691336,0.81508535,0.18461469,0.9166394,1.6091511,0.06953095,1.100722,0.29008928,200.0,128.0,0.005,48.0,2.0,32.0,12.0,0.01,PIDL,exper3,300011666,100
0.9500021,1.1736248,0.054211978,0.89240897,0.23045698,0.8282162,2.3650832,0.09037114,1.7362232,0.44856632,200.0,128.0,0.005,48.0,2.0,32.0,12.0,0.1,PIDL,exper3,300011707,100
0.9612857,1.1775488,0.04549011,0.8952373,0.4635147,0.91101336,1.7350398,0.06679478,1.2563056,0.19854791,200.0,128.0,0.005,48.0,2.0,32.0,12.0,0.1,PIDL,exper3,300011781,100
0.95711243,1.1901548,0.047858328,0.8886872,0.14345397,0.9268317,1.4679573,0.05605879,1.0853628,0.2152555,200.0,128.0,0.005,48.0,2.0,32.0,12.0,0.001,PIDL,exper3,300011804,100
0.96633506,1.0992017,0.042115007,0.8488147,0.15110166,0.8616678,2.181808,0.08116024,1.6468722,0.7721329,200.0,128.0,0.005,48.0,2.0,32.0,12.0,0.1,PIDL,exper3,300011810,100
0.9545553,1.1267813,0.048226524,0.85601866,0.37412143,0.9078073,1.6632993,0.0696646,1.2153428,0.31169814,200.0,128.0,0.005,48.0,2.0,32.0,12.0,0.01,PIDL,exper3,300011834,100
0.9382122,1.0975698,0.062020037,0.8248645,0.23588192,0.87748545,1.4900757,0.09111891,1.1102599,0.34025663,200.0,128.0,0.005,48.0,2.0,32.0,12.0,0.001,PIDL,exper3,300011902,100
0.9743492,0.9160808,0.038217835,0.69452864,0.1259806,0.94293284,1.3666726,0.057326872,1.0584898,0.16606592,200.0,128.0,0.005,48.0,2.0,32.0,12.0,0.001,PIDL,exper3,300011916,100
0.9617728,0.94417167,0.042720206,0.7080205,0.16683607,0.933346,1.247608,0.053957336,0.94774646,0.22456402,200.0,128.0,0.005,48.0,2.0,32.0,12.0,0.001,PIDL,exper3,300011976,100
0.97002137,0.977951,0.039577167,0.7493477,0.13937652,0.91780835,1.6457095,0.067855015,1.1884128,0.28215215,200.0,128.0,0.005,48.0,2.0,32.0,12.0,0.001,PIDL,exper3,300011991,100
0.96980035,1.0083941,0.041219797,0.7441412,0.111943565,0.95067686,1.3171502,0.052170295,0.9900451,0.14098214,200.0,128.0,0.005,48.0,2.0,32.0,12.0,0.01,PIDL,exper3,300012019,100
0.96822375,1.0384613,0.03971475,0.78125983,0.11917572,0.9454546,1.3656154,0.053507376,0.949656,0.19413908,200.0,128.0,0.005,48.0,2.0,32.0,12.0,0.001,PIDL,exper3,300012021,100
0.96060133,1.0792352,0.041421488,0.8116593,0.087110825,0.9254215,1.6222196,0.06572518,1.2114502,0.17561914,200.0,128.0,0.005,48.0,2.0,32.0,12.0,0.01,PIDL,exper3,300012023,100
0.9656757,1.082855,0.039520774,0.8430711,0.13376436,0.9374207,1.4851431,0.058351655,1.0971181,0.18936478,200.0,128.0,0.005,48.0,2.0,32.0,12.0,0.01,PIDL,exper3,300012060,100
0.9654038,1.0913213,0.041882403,0.8145879,0.11987757,0.9143386,1.6952174,0.066176645,1.197082,0.3362527,200.0,128.0,0.005,48.0,2.0,32.0,12.0,0.01,PIDL,exper3,300012093,100
0.95242494,1.0008353,0.047545575,0.75102365,0.28507856,0.9080791,1.3158319,0.061741244,0.9691975,0.22178334,200.0,128.0,0.005,48.0,2.0,32.0,12.0,0.001,PIDL,exper3,300012120,100
0.9706119,0.9940618,0.039810248,0.7483522,0.12880483,0.94114846,1.4328762,0.06034187,1.1073152,0.19692254,200.0,128.0,0.005,48.0,2.0,32.0,12.0,0.001,PIDL,exper3,300012150,100
0.9774427,0.8910696,0.033317238,0.70231825,0.10309428,0.9436326,1.4722134,0.05578311,1.1100336,0.28224227,200.0,128.0,0.005,48.0,2.0,32.0,12.0,0.1,PIDL,exper3,300012163,100
0.96650434,1.0899787,0.042946752,0.8194684,0.1848698,0.92889285,1.577852,0.0636876,1.1556674,0.22392833,200.0,128.0,0.005,48.0,2.0,32.0,12.0,0.001,PIDL,exper3,300012234,100
0.9780179,0.9364576,0.035893355,0.70010287,0.10901924,0.9398481,1.4507501,0.0569815,1.0436178,0.13937216,200.0,128.0,0.005,48.0,2.0,32.0,12.0,0.001,PIDL,exper3,300012266,100
0.9693146,1.0969931,0.039949477,0.84573895,0.09811231,0.9267035,1.7156762,0.06801801,1.2430804,0.3009986,200.0,128.0,0.005,48.0,2.0,32.0,12.0,0.001,PIDL,exper3,300012284,100
0.9499824,1.2008119,0.055526767,0.90859044,0.30419382,0.85316646,1.8590153,0.08458501,1.4018977,0.28951454,200.0,128.0,0.005,48.0,2.0,32.0,12.0,0.1,PIDL,exper3,300012287,100
0.97400427,0.9878517,0.040304027,0.748686,0.12266439,0.9369839,1.542723,0.060420178,1.1323155,0.18301834,200.0,128.0,0.005,48.0,2.0,32.0,12.0,0.01,PIDL,exper3,300012316,100
0.9652039,1.1757832,0.044567846,0.88465595,0.13611472,0.9193392,1.7442154,0.068620995,1.2902079,0.18676926,200.0,128.0,0.005,48.0,2.0,32.0,12.0,0.01,PIDL,exper3,300012336,100
0.9670114,1.2038548,0.04346635,0.9236588,0.13898608,0.93376243,1.6888237,0.06174215,1.2918416,0.26162493,200.0,128.0,0.005,48.0,2.0,32.0,12.0,0.01,PIDL,exper3,300012472,100
0.96838456,1.0864483,0.042807836,0.82245624,0.21621385,0.9510169,1.370351,0.054335844,1.0534008,0.27877572,200.0,128.0,0.005,48.0,2.0,32.0,12.0,0.1,PIDL,exper3,300012482,100
0.97299683,0.99662167,0.036521327,0.77056855,0.10969256,0.9068038,1.8568178,0.07293528,1.4201273,0.25633463,200.0,128.0,0.005,48.0,2.0,32.0,12.0,0.01,PIDL,exper3,300012491,100
0.98036736,0.927757,0.035779294,0.7189324,0.12083393,0.9603678,1.3120725,0.051282965,1.0182999,0.14979859,200.0,128.0,0.005,48.0,2.0,32.0,12.0,0.001,PIDL,exper3,300012614,100
0.97705066,0.9865883,0.037466053,0.7598971,0.17377207,0.95123833,1.4217352,0.05453525,1.0879122,0.19467492,200.0,128.0,0.005,48.0,2.0,32.0,12.0,0.001,PIDL,exper3,300012628,100
0.9745617,1.0366488,0.036935214,0.77533793,0.204889,0.96005434,1.3271492,0.05140281,1.0023738,0.2323901,200.0,128.0,0.005,48.0,2.0,32.0,12.0,0.01,PIDL,exper3,300012654,100
0.979518,0.95727044,0.03828699,0.716451,0.16366315,0.96318126,1.2700132,0.051272314,0.9491791,0.31752095,200.0,128.0,0.005,48.0,2.0,32.0,12.0,0.001,PIDL,exper3,300012879,100
0.96266603,1.3711972,0.045298886,1.0602427,0.14067963,0.936106,1.7571247,0.061235867,1.3794731,0.25597453,200.0,128.0,0.005,48.0,2.0,32.0,12.0,0.01,PIDL,exper3,300012969,100
0.9776721,1.0143737,0.03966015,0.75962555,0.22862448,0.9659911,1.2318839,0.049574785,0.92494947,0.20254962,200.0,128.0,0.005,48.0,2.0,32.0,12.0,0.01,PIDL,exper3,300013003,100
0.975665,1.123008,0.03918381,0.857487,0.1832158,0.95812404,1.4874924,0.05419854,1.1273869,0.21782628,200.0,128.0,0.005,48.0,2.0,32.0,12.0,0.01,PIDL,exper3,300013091,100
0.98249424,0.9075391,0.035575848,0.682173,0.18271567,0.96280205,1.3050127,0.052779008,0.9926637,0.1785512,200.0,128.0,0.005,48.0,2.0,32.0,12.0,0.001,PIDL,exper3,300013120,100
0.9642592,1.0881616,0.04734781,0.83182937,0.19828473,0.9231263,1.5793768,0.06633813,1.1619699,0.2726178,200.0,128.0,0.005,48.0,2.0,32.0,12.0,0.1,PIDL,exper3,300013141,100
0.9832421,0.8865799,0.035966698,0.6646818,0.10382851,0.96512544,1.2989866,0.050057326,0.9961926,0.22678313,200.0,128.0,0.005,48.0,2.0,32.0,12.0,0.001,PIDL,exper3,300013156,100
0.97027785,1.1952883,0.04103835,0.9483295,0.19926707,0.9508009,1.5953852,0.05811377,1.2100662,0.27858856,200.0,128.0,0.005,48.0,2.0,32.0,12.0,0.01,PIDL,exper3,300013161,100
0.9751829,1.1663158,0.040818337,0.88156533,0.17388158,0.9456752,1.6421939,0.05531131,1.2308463,0.22894864,200.0,128.0,0.005,48.0,2.0,32.0,12.0,0.01,PIDL,exper3,300013176,100
0.9818631,0.92926395,0.03479089,0.70977026,0.12134106,0.96795696,1.2618232,0.047463726,0.9769694,0.17435075,200.0,128.0,0.005,48.0,2.0,32.0,12.0,0.001,PIDL,exper3,300013178,100
0.9783138,0.99508166,0.03807864,0.74670905,0.1329895,0.9694527,1.215975,0.044715486,0.93615824,0.21564616,200.0,128.0,0.005,48.0,2.0,32.0,12.0,0.1,PIDL,exper3,300013182,100
0.9720022,1.1348166,0.038758233,0.8752566,0.16303846,0.9576477,1.4161899,0.053180285,1.0847503,0.24138668,200.0,128.0,0.005,48.0,2.0,32.0,12.0,0.01,PIDL,exper3,300013186,100
0.96918887,1.3230472,0.042445898,1.007823,0.16534038,0.94786423,1.7147038,0.055978887,1.3221631,0.22154687,200.0,128.0,0.005,48.0,2.0,32.0,12.0,0.01,PIDL,exper3,300013283,100
0.98614126,0.7561266,0.031436466,0.57244545,0.083501704,0.971253,1.0919037,0.045058597,0.8498408,0.12894137,200.0,128.0,0.005,48.0,2.0,32.0,12.0,0.01,PIDL,exper3,300013383,100
0.98384196,0.89243335,0.033804294,0.6811245,0.17894113,0.9746495,1.1448154,0.044082228,0.8557076,0.16782033,200.0,128.0,0.005,48.0,2.0,32.0,12.0,0.01,PIDL,exper3,300013431,100
0.98530877,0.83859223,0.030683946,0.6359998,0.118764795,0.97457266,1.1073774,0.04271739,0.85159713,0.32565767,200.0,128.0,0.005,48.0,2.0,32.0,12.0,0.001,PIDL,exper3,300013454,100
0.9817592,0.9483391,0.036272544,0.75110686,0.14046645,0.9719353,1.172317,0.04380859,0.92829156,0.16916011,200.0,128.0,0.005,48.0,2.0,32.0,12.0,0.01,PIDL,exper3,300013475,100
0.9730812,1.1819886,0.039195806,0.8986918,0.13073571,0.94495624,1.6917137,0.06021019,1.223641,0.15326852,200.0,128.0,0.005,48.0,2.0,32.0,12.0,0.01,PIDL,exper3,300013521,100
0.9718874,1.143701,0.043078322,0.8811682,0.2078414,0.9394941,1.7088274,0.06379034,1.2664518,0.36889568,200.0,128.0,0.005,48.0,2.0,32.0,12.0,0.1,PIDL,exper3,300013529,100
0.970499,1.1769598,0.045227677,0.8926299,0.16302195,0.94829,1.5695492,0.05882125,1.1908877,0.34531963,200.0,128.0,0.005,48.0,2.0,32.0,12.0,0.01,PIDL,exper3,300013582,100
0.9672651,1.2990376,0.047345605,1.0187069,0.17420846,0.95820326,1.4369808,0.051951587,1.1059004,0.54728687,200.0,128.0,0.005,48.0,2.0,32.0,12.0,0.1,PIDL,exper3,300013597,100
0.97025514,1.1019163,0.04530906,0.8571035,0.10122161,0.95055044,1.4579439,0.059911426,1.1062901,0.16025978,200.0,128.0,0.005,48.0,2.0,32.0,12.0,0.01,PIDL,exper3,300013610,100
0.9669824,1.2563386,0.0472935,0.95043594,0.22031759,0.9546238,1.5125653,0.058593176,1.1221735,0.2931412,200.0,128.0,0.005,48.0,2.0,32.0,12.0,0.01,PIDL,exper3,300013635,100
0.9681451,1.2390518,0.044223327,0.9493939,0.15574159,0.94908726,1.5239669,0.0562654,1.0578572,0.15085474,200.0,128.0,0.005,48.0,2.0,32.0,12.0,0.01,PIDL,exper3,300013715,100
0.97704446,1.1479841,0.040173255,0.90143955,0.15425988,0.96633154,1.4815524,0.05126486,1.1476406,0.29689217,200.0,128.0,0.005,48.0,2.0,32.0,12.0,0.01,PIDL,exper3,300013746,100
0.96204174,1.2464129,0.048612047,0.92863166,0.14377321,0.9518567,1.4042577,0.056979414,1.0178301,0.15030782,200.0,128.0,0.005,48.0,2.0,32.0,12.0,0.001,PIDL,exper3,300013782,100
0.9854559,1.0385044,0.033435427,0.80948395,0.10006968,0.9522668,1.8831732,0.059144888,1.5235714,0.22023083,200.0,128.0,0.005,48.0,2.0,32.0,12.0,0.01,PIDL,exper3,300013821,100
0.98931503,0.8720833,0.028762642,0.67453575,0.5898056,0.9658727,1.617645,0.053370044,1.2276722,0.18827122,200.0,128.0,0.005,48.0,2.0,32.0,12.0,0.01,PIDL,exper3,300013927,100
0.963592,1.0604384,0.049437728,0.7982424,0.17643261,0.9504913,1.2092377,0.05755534,0.87902766,0.24355666,200.0,128.0,0.005,48.0,2.0,32.0,12.0,0.01,PIDL,exper3,300013943,100
0.9869167,0.88079894,0.032058697,0.6883267,0.11354487,0.9745562,1.2121341,0.04502451,0.9338864,0.14034109,200.0,128.0,0.005,48.0,2.0,32.0,12.0,0.001,PIDL,exper3,300013962,100
0.986371,0.8987879,0.03359155,0.7002787,0.11287092,0.9817502,1.029574,0.038590267,0.7969609,0.12162522,200.0,128.0,0.005,48.0,2.0,32.0,12.0,0.001,PIDL,exper3,300013966,100
0.9820329,1.126341,0.038799208,0.8679293,0.15085725,0.96675926,1.537826,0.05285137,1.1792352,0.18239667,200.0,128.0,0.005,48.0,2.0,32.0,12.0,0.001,PIDL,exper3,300014249,100
0.9772862,1.3250495,0.040166646,1.0319446,0.120575,0.95378876,1.9369262,0.05990489,1.5166447,0.20961046,200.0,128.0,0.005,48.0,2.0,32.0,12.0,0.001,PIDL,exper3,300014305,100
0.98388666,1.0208684,0.036445606,0.80428034,0.1768629,0.9751855,1.281683,0.046661068,0.9995804,0.45148274,200.0,128.0,0.005,48.0,2.0,32.0,12.0,0.01,PIDL,exper3,300014333,100
0.9849356,0.8557222,0.030532783,0.6318751,0.18452057,0.9763078,1.0575334,0.041284144,0.78376436,0.28083193,200.0,128.0,0.005,48.0,2.0,32.0,12.0,0.01,PIDL,exper3,300014338,100
0.9797068,1.2020062,0.040663242,0.9315354,0.16247302,0.9736752,1.3540518,0.04687623,1.0503756,0.21079522,200.0,128.0,0.005,48.0,2.0,32.0,12.0,0.1,PIDL,exper3,300014360,100
0.98833543,0.80031055,0.030606952,0.62702674,0.10580689,0.97747356,1.1493924,0.044352364,0.89611936,0.21448147,200.0,128.0,0.005,48.0,2.0,32.0,12.0,0.001,PIDL,exper3,300014434,100
0.98443466,1.1052477,0.03418911,0.8631359,0.076749444,0.9809866,1.2685302,0.038662914,1.0023531,0.088892125,200.0,128.0,0.005,48.0,2.0,32.0,12.0,0.001,PIDL,exper3,300014478,100
0.97477657,1.2714437,0.044130497,0.9920619,0.07541477,0.97020805,1.445428,0.04793288,1.139172,0.09857721,200.0,128.0,0.005,48.0,2.0,32.0,12.0,0.01,PIDL,exper3,300014495,100
0.9824275,0.9122671,0.035042048,0.70645547,0.044742722,0.9771974,1.0541241,0.043691985,0.83102363,0.055746,200.0,128.0,0.005,48.0,2.0,32.0,12.0,0.1,PIDL,exper3,300014510,100
0.98541903,0.94257694,0.033930056,0.7207624,0.04530121,0.9841513,0.98372614,0.03494743,0.77542084,0.05072992,200.0,128.0,0.005,48.0,2.0,32.0,12.0,0.1,PIDL,exper3,300014514,100
0.9729346,1.1145716,0.04243659,0.8752593,0.10265395,0.97174203,1.1663892,0.044826556,0.916968,0.22242771,200.0,128.0,0.005,48.0,2.0,32.0,12.0,0.001,PIDL,exper3,300014657,100
0.9821249,1.0318316,0.038326353,0.80501837,0.0667115,0.9777931,1.1420134,0.04248562,0.9031408,0.076287135,200.0,128.0,0.005,48.0,2.0,32.0,12.0,0.001,PIDL,exper3,300014682,100
0.97893286,0.9184122,0.03990064,0.7171694,0.047556095,0.97222173,1.0554105,0.045697547,0.7858089,0.05742991,200.0,128.0,0.005,48.0,2.0,32.0,12.0,0.1,PIDL,exper3,300014741,100
0.9844208,0.93510014,0.036226332,0.7339348,0.038482532,0.9813682,1.0155479,0.039580904,0.7930861,0.044848576,200.0,128.0,0.005,48.0,2.0,32.0,12.0,0.01,PIDL,exper3,300014784,100
0.97139674,0.95778304,0.046872623,0.75508976,0.15560274,0.9467616,1.2580802,0.06344321,0.9430776,0.21116199,200.0,128.0,0.005,48.0,2.0,32.0,12.0,0.001,PIDL,exper3,300014787,100
0.98226553,0.9177837,0.03613324,0.72047293,0.036366258,0.98021483,0.97924536,0.03883344,0.7640185,0.039946437,200.0,128.0,0.005,48.0,2.0,32.0,12.0,0.001,PIDL,exper3,300014802,100
0.95354074,1.4908861,0.05627506,1.1793098,0.064883396,0.94736105,1.6063104,0.061067685,1.268918,0.072401285,200.0,128.0,0.005,48.0,2.0,32.0,12.0,0.01,PIDL,exper3,300014804,100
0.9817984,1.1390139,0.034834724,0.8858024,0.09082732,0.9681931,1.5276061,0.04651663,1.170413,0.14715469,200.0,128.0,0.005,48.0,2.0,32.0,12.0,0.001,PIDL,exper3,300014891,100
0.9541513,1.0581713,0.059214953,0.8323449,0.24332203,0.9137429,1.4094478,0.080401905,1.009094,0.4265382,200.0,128.0,0.005,48.0,2.0,32.0,12.0,0.001,PIDL,exper3,300014904,100
0.98620605,1.0281473,0.031231666,0.7914577,0.16284856,0.97112757,1.445257,0.04108178,1.1578207,0.30601183,200.0,128.0,0.005,48.0,2.0,32.0,12.0,0.001,PIDL,exper3,300014941,100
0.9333549,1.0953109,0.06368557,0.8213393,0.24340144,0.8926416,1.3542254,0.080179125,0.9718042,0.5903889,200.0,128.0,0.005,48.0,2.0,32.0,12.0,0.01,PIDL,exper3,300014944,100
0.902593,1.2634541,0.07303211,0.98510474,0.27572536,0.8885114,1.3442099,0.085727565,1.0425562,0.4644662,200.0,128.0,0.005,48.0,2.0,32.0,12.0,0.001,PIDL,exper3,300014998,100
0.9204548,0.75825125,0.0637187,0.5846218,0.14131929,0.84467316,1.0110018,0.09236225,0.79933715,0.19633603,200.0,128.0,0.005,48.0,2.0,32.0,12.0,0.001,PIDL,exper3,300015002,100
0.94857603,1.1591439,0.058481902,0.89230573,0.15256284,0.96098334,1.0293576,0.05294268,0.7899494,0.1655699,200.0,128.0,0.005,48.0,2.0,32.0,12.0,0.001,PIDL,exper3,300015130,100
0.935479,1.2262723,0.061267667,0.9437962,0.22037585,0.9245168,1.2475019,0.06256278,0.94752467,0.25515452,200.0,128.0,0.005,48.0,2.0,32.0,12.0,0.001,PIDL,exper3,300015160,100
0.9521154,0.9885655,0.05875858,0.75359887,0.24684606,0.9393914,1.0979491,0.067276426,0.8463616,0.25611374,200.0,128.0,0.005,48.0,2.0,32.0,12.0,0.001,PIDL,exper3,300015169,100
0.9097491,1.4374217,0.070190996,1.0826511,0.27167946,0.87389785,1.610613,0.08859243,1.2303617,0.34802923,200.0,128.0,0.005,48.0,2.0,32.0,12.0,0.01,PIDL,exper3,300015175,100
0.9698292,0.76261944,0.048481844,0.5713787,0.12682506,0.96561176,0.80510175,0.04951419,0.6152852,0.26231253,200.0,128.0,0.005,48.0,2.0,32.0,12.0,0.001,PIDL,exper3,300015197,100
0.9463797,0.8976056,0.05771448,0.6883569,0.17015941,0.9106438,1.1717197,0.077932805,0.87630785,0.33473283,200.0,128.0,0.005,48.0,2.0,32.0,12.0,0.01,PIDL,exper3,300015245,100
0.9563484,0.94520545,0.054447316,0.7297315,0.3143179,0.9478684,1.0680362,0.064847365,0.82697505,0.3940193,200.0,128.0,0.005,48.0,2.0,32.0,12.0,0.001,PIDL,exper3,300015248,100
0.9588281,1.0500375,0.05667509,0.80527174,0.29530898,0.95019716,1.1320957,0.06338715,0.85730016,0.34386882,200.0,128.0,0.005,48.0,2.0,32.0,12.0,0.01,PIDL,exper3,300015252,100
0.96054906,0.9880267,0.055812575,0.76614916,0.2521808,0.95932204,1.0235096,0.060682375,0.77660704,0.34925973,200.0,128.0,0.005,48.0,2.0,32.0,12.0,0.01,PIDL,exper3,300015257,100
0.9699587,0.94366103,0.05040924,0.7396883,0.25298357,0.97165,0.9153856,0.051527478,0.70216984,0.24998988,200.0,128.0,0.005,48.0,2.0,32.0,12.0,0.001,PIDL,exper3,300015265,100
0.96136725,0.9800529,0.055009767,0.73653686,0.20028177,0.9483217,1.117855,0.06451222,0.85306114,0.3459207,200.0,128.0,0.005,48.0,2.0,32.0,12.0,0.001,PIDL,exper3,300015267,100
0.9513044,0.9336454,0.056964442,0.6965839,0.13875085,0.919359,1.2184285,0.069961384,0.9659725,0.37478033,200.0,128.0,0.005,48.0,2.0,32.0,12.0,0.01,PIDL,exper3,300015276,100
0.9605114,0.89195174,0.05526336,0.68735754,0.28412232,0.9589037,0.9163563,0.05962624,0.7052556,0.32809895,200.0,128.0,0.005,48.0,2.0,32.0,12.0,0.001,PIDL,exper3,300015296,100
0.9602627,1.0481483,0.0531456,0.82542235,0.03719325,0.9532011,1.154618,0.06070949,0.9139824,0.042050764,200.0,128.0,0.005,48.0,2.0,32.0,12.0,0.001,PIDL,exper3,300015374,100
0.968844,0.9317948,0.045564536,0.73235774,0.033974946,0.95763457,1.1474565,0.056955144,0.9068049,0.041507225,200.0,128.0,0.005,48.0,2.0,32.0,12.0,0.01,PIDL,exper3,300015380,100
0.95212066,0.82349277,0.052914992,0.63085836,0.034945462,0.9463361,0.8936503,0.05513188,0.68887943,0.038862567,200.0,128.0,0.005,48.0,2.0,32.0,12.0,0.01,PIDL,exper3,300015455,100
0.9451222,0.9135845,0.05098136,0.7378496,0.03136496,0.9305557,1.1106597,0.05992766,0.87101024,0.038665477,200.0,128.0,0.005,48.0,2.0,32.0,12.0,0.001,PIDL,exper3,300015520,100
0.87868553,1.0077391,0.07231022,0.78571343,0.03145949,0.8783399,1.133541,0.077417195,0.91183233,0.03796149,200.0,128.0,0.005,48.0,2.0,32.0,12.0,0.001,PIDL,exper3,300015606,100
0.831541,0.86061674,0.06694801,0.6828193,0.026475726,0.8361317,0.97802293,0.07046286,0.7320896,0.028336396,200.0,128.0,0.005,48.0,2.0,32.0,12.0,0.01,PIDL,exper3,300015630,100
0.8268865,0.8174362,0.07814878,0.6353782,0.023607709,0.7940896,0.9387931,0.09934308,0.73971516,0.027005976,200.0,128.0,0.005,48.0,2.0,32.0,12.0,0.001,PIDL,exper3,300015657,100
0.8440007,0.8507074,0.0714521,0.6615769,0.025064787,0.82500845,0.9766628,0.08501021,0.75994116,0.029283198,200.0,128.0,0.005,48.0,2.0,32.0,12.0,0.01,PIDL,exper3,300015672,100
0.79951656,0.97406745,0.07700137,0.7749408,0.028059933,0.75814027,1.0604956,0.09235754,0.8670635,0.032403175,200.0,128.0,0.005,48.0,2.0,32.0,12.0,0.001,PIDL,exper3,300015697,100
0.78861386,0.7402803,0.08742626,0.57578313,0.022044014,0.73982906,0.8741272,0.09702757,0.66635484,0.025431247,200.0,128.0,0.005,48.0,2.0,32.0,12.0,0.01,PIDL,exper3,300015736,100
0.7714884,0.7956222,0.08523642,0.61893696,0.023910323,0.6692401,0.9498551,0.10115603,0.68530965,0.026466845,200.0,128.0,0.005,48.0,2.0,32.0,12.0,0.01,PIDL,exper3,300015761,100
0.7536438,1.5524931,0.105972216,1.2291181,0.045741193,0.77265286,1.4732704,0.101956576,1.1558262,0.043438647,200.0,128.0,0.005,48.0,2.0,32.0,12.0,0.1,PIDL,exper3,300015812,100
0.9100051,0.84621865,0.06917321,0.6559321,0.032596458,0.88840127,0.9426417,0.07576763,0.70832837,0.03443981,200.0,128.0,0.005,48.0,2.0,32.0,12.0,0.001,PIDL,exper3,300016225,100
0.8930422,1.1030772,0.06747475,0.84913886,0.042762708,0.9169848,0.98496985,0.06389693,0.7424689,0.036949262,200.0,128.0,0.005,48.0,2.0,32.0,12.0,0.001,PIDL,exper3,300016238,100
0.9090614,0.93207085,0.07267303,0.73170817,0.033753037,0.9041487,0.9560949,0.07648735,0.7483555,0.034614895,200.0,128.0,0.005,48.0,2.0,32.0,12.0,0.001,PIDL,exper3,300016239,100
0.9065176,1.4684385,0.075653784,1.1462151,0.05842802,0.91880065,1.3453935,0.07224877,1.0389316,0.05277111,200.0,128.0,0.005,48.0,2.0,32.0,12.0,0.01,PIDL,exper3,300016309,100
0.88221043,0.98487467,0.07702144,0.77561706,0.03565591,0.85599595,1.0266266,0.0834947,0.7776846,0.03553991,200.0,128.0,0.005,48.0,2.0,32.0,12.0,0.01,PIDL,exper3,300016372,100
0.92582774,1.1787552,0.06828083,0.89956856,0.047412697,0.9217467,1.2450497,0.06855037,0.9675392,0.051765766,200.0,128.0,0.005,48.0,2.0,32.0,12.0,0.1,PIDL,exper3,300016455,100
0.8968931,1.6825292,0.07033985,1.3107111,0.08557799,0.65760887,2.9810228,0.12772547,1.8732543,0.11333694,200.0,128.0,0.005,48.0,2.0,32.0,12.0,0.1,PIDL,exper3,300016597,100
0.9402591,1.2485286,0.057377238,0.9450543,0.060517162,0.9448889,1.1794701,0.056740973,0.904475,0.057935234,200.0,128.0,0.005,48.0,2.0,32.0,12.0,0.001,PIDL,exper3,300016632,100
0.9481492,1.0047019,0.057380322,0.7640118,0.053650524,0.930506,1.19062,0.062213168,0.8248801,0.05496244,200.0,128.0,0.005,48.0,2.0,32.0,12.0,0.001,PIDL,exper3,300016649,100
0.96798986,0.93400294,0.047778584,0.73136896,0.11824702,0.95446503,1.1274018,0.05569474,0.85322386,0.14893869,200.0,128.0,0.005,48.0,2.0,32.0,12.0,0.1,PIDL,exper3,300016665,100
0.904555,1.0098372,0.058882635,0.7718551,0.078679904,0.88935393,1.0878575,0.06633277,0.78333306,0.07865036,200.0,128.0,0.005,48.0,2.0,32.0,12.0,0.1,PIDL,exper3,300016679,100
0.93868554,1.2234622,0.05837686,0.92175597,0.10038342,0.92296,1.4072633,0.06204865,1.0291926,0.13785899,200.0,128.0,0.005,48.0,2.0,32.0,12.0,0.1,PIDL,exper3,300016680,100
