train_r2,train_rmse,train_nrmse,train_mae,train_mare,test_r2,test_rmse,test_nrmse,test_mae,test_mare,Epoch,batch_size,learning_rate,hidden_dim,layer_num,hidden_dim_fc1,hidden_dim_fc2,lam_ec,method,exper,lake_id,seed
0.57040954,0.8125543,0.09645213,0.6275525,0.024652895,0.408428,0.88913375,0.124447666,0.6853512,0.027133783,200.0,128.0,0.005,48.0,2.0,32.0,12.0,0.01,trans_PIDL,exper3,3,100
0.9866371,0.9529672,0.033942427,0.68262684,0.19705352,0.9752913,1.3162242,0.048694238,0.9362742,0.3484044,200.0,128.0,0.005,48.0,2.0,32.0,12.0,0.001,trans_PIDL,exper3,12,100
0.97075164,1.1911305,0.047121383,0.84925365,0.20317467,0.9633971,1.3603003,0.056855146,0.98655015,0.33143613,200.0,128.0,0.005,48.0,2.0,32.0,12.0,0.001,trans_PIDL,exper3,13,100
0.990853,0.7675282,0.028047929,0.5773877,0.14971595,0.98499256,1.0128684,0.037750635,0.7495278,0.3474405,200.0,128.0,0.005,48.0,2.0,32.0,12.0,0.01,trans_PIDL,exper3,17,100
0.98686194,0.7239036,0.030907944,0.53426456,0.18724306,0.9653893,1.1650728,0.05181966,0.8166198,0.3642387,200.0,128.0,0.005,48.0,2.0,32.0,12.0,0.01,trans_PIDL,exper3,18,100
0.7784623,0.7958687,0.07875235,0.61789316,0.023558466,0.7345199,0.84754485,0.09284704,0.655744,0.024611168,200.0,128.0,0.005,48.0,2.0,32.0,12.0,0.001,trans_PIDL,exper3,19,100
0.7073792,0.5762882,0.097116314,0.452785,0.017193668,0.25623655,0.7584993,0.14675541,0.60445184,0.022574633,200.0,128.0,0.005,48.0,2.0,32.0,12.0,0.001,trans_PIDL,exper3,21,100
0.4456725,0.8115893,0.13812219,0.63346654,0.02344209,0.24806058,0.9557047,0.14166878,0.7550301,0.02817061,200.0,128.0,0.005,48.0,2.0,32.0,12.0,0.01,trans_PIDL,exper3,22,100
0.94479483,1.2991561,0.057014614,0.9560639,0.25241786,0.8618369,2.0663416,0.10029178,1.4299887,0.7264424,200.0,128.0,0.005,48.0,2.0,32.0,12.0,0.1,trans_PIDL,exper3,23,100
0.7034307,0.82886446,0.0872032,0.65444505,0.02361306,0.35281956,1.2806723,0.115352415,0.97397166,0.03600997,200.0,128.0,0.005,48.0,2.0,32.0,12.0,0.001,trans_PIDL,exper3,24,100
0.96398425,0.93092173,0.049295075,0.7098465,0.29457474,0.8923579,1.6278657,0.08406348,1.1684859,0.63504666,200.0,128.0,0.005,48.0,2.0,32.0,12.0,0.001,trans_PIDL,exper3,27,100
0.9764928,0.8308651,0.04121692,0.6334686,0.2659357,0.9570726,1.1415071,0.0565339,0.8592927,0.3100851,200.0,128.0,0.005,48.0,2.0,32.0,12.0,0.01,trans_PIDL,exper3,28,100
0.9874567,0.6882436,0.030845542,0.4881668,0.14139535,0.9738715,0.98119074,0.04336649,0.7326186,0.30828577,200.0,128.0,0.005,48.0,2.0,32.0,12.0,0.001,trans_PIDL,exper3,29,100
0.9909231,0.7645817,0.02816367,0.5724408,0.117638856,0.9831579,1.0370791,0.038496595,0.7696552,0.40623966,200.0,128.0,0.005,48.0,2.0,32.0,12.0,0.001,trans_PIDL,exper3,33,100
0.9199195,0.57017785,0.059757423,0.42386672,0.017003678,0.8743257,0.7185792,0.06676446,0.5568748,0.022440854,200.0,128.0,0.005,48.0,2.0,32.0,12.0,0.01,trans_PIDL,exper3,35,100
0.9896136,0.73415893,0.029020868,0.5668507,0.14811192,0.982378,0.9783427,0.03883191,0.7575707,0.19695957,200.0,128.0,0.005,48.0,2.0,32.0,12.0,0.001,trans_PIDL,exper3,37,100
0.972367,1.1001639,0.04551266,0.8066872,0.23860528,0.96140283,1.3561794,0.05772251,0.99580747,0.33836323,200.0,128.0,0.005,48.0,2.0,32.0,12.0,0.01,trans_PIDL,exper3,39,100
0.9847025,0.92456484,0.034593318,0.67727333,0.13178389,0.9734439,1.2818924,0.04860086,0.9342616,0.39259633,200.0,128.0,0.005,48.0,2.0,32.0,12.0,0.001,trans_PIDL,exper3,40,100
0.9829421,0.6932453,0.034660373,0.47989428,0.20065036,0.9731515,0.88267356,0.04584024,0.63465923,0.34139848,200.0,128.0,0.005,48.0,2.0,32.0,12.0,0.001,trans_PIDL,exper3,41,100
0.8833947,0.67594844,0.06853625,0.49792722,0.0204018,0.832387,0.8340968,0.07858289,0.57267046,0.023124347,200.0,128.0,0.005,48.0,2.0,32.0,12.0,0.01,trans_PIDL,exper3,42,100
0.9893873,0.7366702,0.02975432,0.56512856,0.14731923,0.98011065,1.0168551,0.040014386,0.77347136,0.4540635,200.0,128.0,0.005,48.0,2.0,32.0,12.0,0.01,trans_PIDL,exper3,44,100
0.9887268,0.7504659,0.027573446,0.5650519,0.13358141,0.9812585,1.0116234,0.039389323,0.7416712,0.39747557,200.0,128.0,0.005,48.0,2.0,32.0,12.0,0.001,trans_PIDL,exper3,47,100
0.97893333,0.62690276,0.032137092,0.46693057,0.019764677,0.9743212,0.70998526,0.04194968,0.5406724,0.022929836,200.0,128.0,0.005,48.0,2.0,32.0,12.0,0.001,trans_PIDL,exper3,48,100
0.9220906,0.9045778,0.057243355,0.6626767,0.30107778,0.72163403,1.8390845,0.11543729,1.3833246,0.9780187,200.0,128.0,0.005,48.0,2.0,32.0,12.0,0.01,trans_PIDL,exper3,49,100
0.98904306,0.74009854,0.029004615,0.56493306,0.14243926,0.97894317,1.055805,0.042161115,0.7852329,0.32737395,200.0,128.0,0.005,48.0,2.0,32.0,12.0,0.001,trans_PIDL,exper3,50,100
0.9828774,0.87211245,0.033750482,0.6443557,0.13901024,0.9799482,0.9999157,0.041848227,0.7057014,0.18806987,200.0,128.0,0.005,48.0,2.0,32.0,12.0,0.001,trans_PIDL,exper3,53,100
0.97625524,0.8386989,0.039301734,0.6240903,0.1935425,0.93169856,1.374308,0.07047213,1.0144942,0.39858383,200.0,128.0,0.005,48.0,2.0,32.0,12.0,0.01,trans_PIDL,exper3,54,100
0.7266656,0.6393917,0.091276236,0.47613224,0.02146053,0.6573132,0.72634417,0.090270124,0.5468684,0.024847146,200.0,128.0,0.005,48.0,2.0,32.0,12.0,0.001,trans_PIDL,exper3,55,100
0.85946625,0.96405613,0.07229506,0.70771724,0.4651998,0.4899127,1.80407,0.15877753,1.3054347,1.3743985,200.0,128.0,0.005,48.0,2.0,32.0,12.0,0.01,trans_PIDL,exper3,56,100
0.98867387,0.75473785,0.0306627,0.57596487,0.16050448,0.97757214,1.0544008,0.04362436,0.8041432,0.1745579,200.0,128.0,0.005,48.0,2.0,32.0,12.0,0.01,trans_PIDL,exper3,57,100
0.97570646,1.310891,0.04399707,0.8924214,0.1890404,0.9563631,1.7665116,0.059657536,1.1712375,0.5116815,200.0,128.0,0.005,48.0,2.0,32.0,12.0,0.01,trans_PIDL,exper3,61,100
0.9650709,0.9595056,0.044196524,0.71878123,0.19678584,0.9125369,1.4745407,0.07462383,1.0706486,0.34323946,200.0,128.0,0.005,48.0,2.0,32.0,12.0,0.001,trans_PIDL,exper3,63,100
0.95150757,0.8190881,0.053605247,0.6300084,0.026390305,0.9368124,0.90099275,0.06138473,0.68769526,0.028625999,200.0,128.0,0.005,48.0,2.0,32.0,12.0,0.001,trans_PIDL,exper3,65,100
0.9768489,0.7465958,0.0383282,0.5758042,0.111223675,0.92021036,1.4222132,0.06977784,1.0457346,0.2985148,200.0,128.0,0.005,48.0,2.0,32.0,12.0,0.01,trans_PIDL,exper3,68,100
0.9909682,0.77884114,0.02722269,0.5940682,0.10712303,0.98152983,1.1725178,0.041450426,0.87503487,0.23845443,200.0,128.0,0.005,48.0,2.0,32.0,12.0,0.001,trans_PIDL,exper3,71,100
0.97380674,0.910295,0.037765935,0.6733419,0.11631534,0.94773114,1.2816719,0.061421525,0.9662621,0.23353153,200.0,128.0,0.005,48.0,2.0,32.0,12.0,0.01,trans_PIDL,exper3,72,100
0.9881952,0.8439821,0.032218162,0.64379257,0.14399672,0.97554773,1.2536238,0.04720012,0.9423371,0.37407205,200.0,128.0,0.005,48.0,2.0,32.0,12.0,0.001,trans_PIDL,exper3,75,100
0.9903828,0.6204651,0.026776522,0.47206852,0.02443123,0.98085773,0.8949511,0.03909791,0.6876565,0.03736529,200.0,128.0,0.005,48.0,2.0,32.0,12.0,0.001,trans_PIDL,exper3,77,100
0.98769253,0.76579946,0.024272552,0.58933955,0.04569358,0.97425264,1.1191516,0.035168562,0.86617553,0.07754379,200.0,128.0,0.005,48.0,2.0,32.0,12.0,0.001,trans_PIDL,exper3,78,100
0.98882735,0.89591074,0.028909672,0.63370824,0.24637365,0.9798061,1.266717,0.040170733,0.9128014,0.34022254,200.0,128.0,0.005,48.0,2.0,32.0,12.0,0.001,trans_PIDL,exper3,79,100
0.972429,1.0533338,0.042519033,0.78029954,0.24846302,0.93167174,1.6746691,0.0656349,1.1882268,0.26573658,200.0,128.0,0.005,48.0,2.0,32.0,12.0,0.001,trans_PIDL,exper3,80,100
0.9913733,0.73295796,0.025762567,0.5590909,0.13590966,0.98673475,0.962649,0.034380518,0.7418528,0.6304879,200.0,128.0,0.005,48.0,2.0,32.0,12.0,0.01,trans_PIDL,exper3,87,100
0.97587425,1.0098913,0.043252867,0.7214207,0.13386841,0.91520154,1.9235581,0.07809114,1.2658712,0.3071893,200.0,128.0,0.005,48.0,2.0,32.0,12.0,0.001,trans_PIDL,exper3,88,100
0.980921,0.54334325,0.04007346,0.3714672,0.19255957,0.9550805,0.85959905,0.058575787,0.63905215,0.46807635,200.0,128.0,0.005,48.0,2.0,32.0,12.0,0.01,trans_PIDL,exper3,91,100
0.98043376,0.96052265,0.040049065,0.7427427,0.19480565,0.9597238,1.4461364,0.05999341,1.0841583,0.4525333,200.0,128.0,0.005,48.0,2.0,32.0,12.0,0.01,trans_PIDL,exper3,93,100
0.9867812,0.6724276,0.02824493,0.49168783,0.13299409,0.97420317,0.9347333,0.041711904,0.72273064,0.45216843,200.0,128.0,0.005,48.0,2.0,32.0,12.0,0.001,trans_PIDL,exper3,95,100
0.95579565,0.78225404,0.04720193,0.59062046,0.021786055,0.94202757,0.91070974,0.05543144,0.6909666,0.025137533,200.0,128.0,0.005,48.0,2.0,32.0,12.0,0.001,trans_PIDL,exper3,98,100
0.9725289,0.7954,0.03956151,0.59909594,0.10974159,0.93098587,1.3785394,0.06645536,0.9994839,0.29058722,200.0,128.0,0.005,48.0,2.0,32.0,12.0,0.1,trans_PIDL,exper3,100,100
0.9746026,1.132656,0.04530624,0.75972885,0.23269716,0.9656716,1.3285583,0.057149913,0.9304584,0.35784972,200.0,128.0,0.005,48.0,2.0,32.0,12.0,0.01,trans_PIDL,exper3,102,100
0.9876155,0.80543274,0.031014385,0.6124996,0.13485046,0.976581,1.1048992,0.043094352,0.8049397,0.22205646,200.0,128.0,0.005,48.0,2.0,32.0,12.0,0.001,trans_PIDL,exper3,104,100
0.984574,0.57100874,0.0356207,0.4228178,0.28006378,0.9753186,0.7324608,0.047223393,0.5599429,0.3320958,200.0,128.0,0.005,48.0,2.0,32.0,12.0,0.001,trans_PIDL,exper3,105,100
0.9845753,0.8511953,0.033187695,0.6536999,0.14547785,0.9649512,1.2530411,0.0501568,0.949962,0.16159016,200.0,128.0,0.005,48.0,2.0,32.0,12.0,0.01,trans_PIDL,exper3,107,100
0.99126774,0.78315854,0.024633143,0.6053498,0.11221796,0.9796332,1.1608018,0.035718802,0.9035188,0.22167812,200.0,128.0,0.005,48.0,2.0,32.0,12.0,0.01,trans_PIDL,exper3,109,100
0.9822224,0.9711628,0.03828045,0.7089559,0.14583868,0.9624649,1.478414,0.057318706,1.067809,0.31053305,200.0,128.0,0.005,48.0,2.0,32.0,12.0,0.001,trans_PIDL,exper3,110,100
0.9783796,0.6754244,0.03993081,0.49389288,0.14378034,0.8673652,1.8166533,0.072166994,1.2581899,0.54637873,200.0,128.0,0.005,48.0,2.0,32.0,12.0,0.001,trans_PIDL,exper3,112,100
0.9851949,0.9543956,0.033161763,0.673621,0.20165202,0.9601618,1.557408,0.053135682,1.0014318,0.42036194,200.0,128.0,0.005,48.0,2.0,32.0,12.0,0.01,trans_PIDL,exper3,113,100
0.9439852,0.7974766,0.041005332,0.6206774,0.02982461,0.89405143,1.043335,0.056338105,0.8298377,0.03913163,200.0,128.0,0.005,48.0,2.0,32.0,12.0,0.001,trans_PIDL,exper3,114,100
0.98818225,0.68345517,0.028740754,0.5304155,0.16706792,0.9549568,1.30225,0.05398621,0.90943795,0.21180044,200.0,128.0,0.005,48.0,2.0,32.0,12.0,0.01,trans_PIDL,exper3,118,100
0.98588645,0.9669997,0.03471183,0.6990826,0.15458943,0.97613853,1.2846744,0.046914317,0.94044644,0.3604426,200.0,128.0,0.005,48.0,2.0,32.0,12.0,0.01,trans_PIDL,exper3,122,100
0.96032554,0.9025085,0.04748975,0.6782976,0.19242144,0.8404738,1.7632372,0.09505517,1.290631,0.35958943,200.0,128.0,0.005,48.0,2.0,32.0,12.0,0.001,trans_PIDL,exper3,124,100
0.9498724,0.8726932,0.053244196,0.66007864,0.32186797,0.80865073,1.7713923,0.10819295,1.3179226,0.8747486,200.0,128.0,0.005,48.0,2.0,32.0,12.0,0.01,trans_PIDL,exper3,126,100
0.9891734,0.6232764,0.027565708,0.4732558,0.12960546,0.97186595,1.0086552,0.04499484,0.74730027,0.15978444,200.0,128.0,0.005,48.0,2.0,32.0,12.0,0.01,trans_PIDL,exper3,127,100
0.95840883,0.8410171,0.046265025,0.6504502,0.2527716,0.87097377,1.4005872,0.08523275,1.034429,0.3487145,200.0,128.0,0.005,48.0,2.0,32.0,12.0,0.001,trans_PIDL,exper3,128,100
0.860954,0.99635893,0.080099076,0.7710462,0.029808063,0.87579215,0.92690617,0.07944363,0.7260934,0.027606599,200.0,128.0,0.005,48.0,2.0,32.0,12.0,0.01,trans_PIDL,exper3,129,100
0.9861149,0.83844906,0.032564037,0.6446301,0.12721577,0.96951175,1.2303602,0.046796005,0.9023244,0.15688066,200.0,128.0,0.005,48.0,2.0,32.0,12.0,0.001,trans_PIDL,exper3,130,100
0.97111857,0.82758635,0.040250707,0.6059178,0.03585889,0.9646255,0.9433941,0.046582717,0.70909655,0.040117845,200.0,128.0,0.005,48.0,2.0,32.0,12.0,0.001,trans_PIDL,exper3,132,100
0.9917637,0.61120576,0.02686914,0.45940676,0.15478753,0.97837406,1.0161048,0.04433592,0.77116895,0.20946527,200.0,128.0,0.005,48.0,2.0,32.0,12.0,0.001,trans_PIDL,exper3,135,100
0.9805393,0.82416016,0.03039712,0.61521673,0.13498095,0.9648032,1.1429285,0.045623228,0.832866,0.38010558,200.0,128.0,0.005,48.0,2.0,32.0,12.0,0.01,trans_PIDL,exper3,136,100
0.9836613,0.6835709,0.032168876,0.5201605,0.13586125,0.95841336,1.1114823,0.051948816,0.8454772,0.1841315,200.0,128.0,0.005,48.0,2.0,32.0,12.0,0.01,trans_PIDL,exper3,137,100
0.9324125,0.6915351,0.055234518,0.53833675,0.022681382,0.9102343,0.84219915,0.06510843,0.6254864,0.026020851,200.0,128.0,0.005,48.0,2.0,32.0,12.0,0.01,trans_PIDL,exper3,139,100
0.9837828,0.7807267,0.03451424,0.5818702,0.13621733,0.9633826,1.1794852,0.054412432,0.8662363,0.37267697,200.0,128.0,0.005,48.0,2.0,32.0,12.0,0.01,trans_PIDL,exper3,147,100
0.9891101,0.727725,0.028434044,0.5663066,0.090426095,0.9804838,1.0075783,0.03818964,0.7589753,0.3427517,200.0,128.0,0.005,48.0,2.0,32.0,12.0,0.001,trans_PIDL,exper3,151,100
0.9546091,0.847912,0.05293264,0.66165376,0.3856839,0.7479015,2.0709195,0.12824118,1.5831711,0.7963125,200.0,128.0,0.005,48.0,2.0,32.0,12.0,0.1,trans_PIDL,exper3,152,100
0.9279117,0.70679945,0.053135626,0.5368017,0.026075985,0.8899927,0.8341837,0.06691832,0.647299,0.031530112,200.0,128.0,0.005,48.0,2.0,32.0,12.0,0.1,trans_PIDL,exper3,153,100
0.9864833,0.60924923,0.0273645,0.46667364,0.08224139,0.9246348,1.3881781,0.06477987,1.0378383,0.15069275,200.0,128.0,0.005,48.0,2.0,32.0,12.0,0.01,trans_PIDL,exper3,155,100
0.9893396,0.66919684,0.029036595,0.50219613,0.106741324,0.97234565,1.0765465,0.044836324,0.7969323,0.29098547,200.0,128.0,0.005,48.0,2.0,32.0,12.0,0.001,trans_PIDL,exper3,157,100
0.9864795,0.7612879,0.03267243,0.5778281,0.12755308,0.9748078,1.0532233,0.045536656,0.78560233,0.35884193,200.0,128.0,0.005,48.0,2.0,32.0,12.0,0.01,trans_PIDL,exper3,158,100
0.98213434,0.79343545,0.03565366,0.6046476,0.115085945,0.9534446,1.2787201,0.05792512,0.9282924,0.24065608,200.0,128.0,0.005,48.0,2.0,32.0,12.0,0.001,trans_PIDL,exper3,159,100
0.98852867,0.70753014,0.028139954,0.5507049,0.1359082,0.9784877,0.9969979,0.039187536,0.77121896,0.32515314,200.0,128.0,0.005,48.0,2.0,32.0,12.0,0.001,trans_PIDL,exper3,160,100
0.9648465,0.9664697,0.04248013,0.7399092,0.036478892,0.9517961,1.1223439,0.055678196,0.835879,0.040597115,200.0,128.0,0.005,48.0,2.0,32.0,12.0,0.01,trans_PIDL,exper3,161,100
0.90948486,1.1083565,0.056820463,0.829257,0.41787675,0.7163205,2.0885239,0.116629295,1.4568027,0.98464453,200.0,128.0,0.005,48.0,2.0,32.0,12.0,0.1,trans_PIDL,exper3,162,100
0.9879486,0.8459015,0.03314535,0.6045132,0.22064902,0.9795419,1.1269932,0.043304715,0.8155122,0.32239133,200.0,128.0,0.005,48.0,2.0,32.0,12.0,0.01,trans_PIDL,exper3,165,100
0.9612263,0.95786035,0.050248835,0.70580435,0.18173443,0.8805702,1.6559432,0.078854434,1.191265,0.99047065,200.0,128.0,0.005,48.0,2.0,32.0,12.0,0.01,trans_PIDL,exper3,168,100
0.98296523,0.7555069,0.03405215,0.5660274,0.112589456,0.95974064,1.1706262,0.054980658,0.88114715,0.4829648,200.0,128.0,0.005,48.0,2.0,32.0,12.0,0.01,trans_PIDL,exper3,172,100
0.98793304,0.81877273,0.030216508,0.62203145,0.032452255,0.96511513,1.4443501,0.051669,1.1547508,0.06311064,200.0,128.0,0.005,48.0,2.0,32.0,12.0,0.001,trans_PIDL,exper3,173,100
0.9823162,0.82602453,0.033996556,0.6326379,0.108062856,0.95511854,1.3211819,0.05515549,0.9702003,0.20601735,200.0,128.0,0.005,48.0,2.0,32.0,12.0,0.001,trans_PIDL,exper3,174,100
0.9851186,0.5869689,0.035232186,0.41538876,0.13220099,0.9807918,0.680394,0.041595284,0.47866362,0.21940593,200.0,128.0,0.005,48.0,2.0,32.0,12.0,0.001,trans_PIDL,exper3,179,100
0.9861372,0.8692121,0.03161223,0.6521348,0.10559068,0.9730673,1.2330867,0.043822546,0.93165773,0.20306101,200.0,128.0,0.005,48.0,2.0,32.0,12.0,0.01,trans_PIDL,exper3,181,100
0.9647162,0.85819477,0.045718696,0.6456823,0.2683981,0.88075596,1.6421844,0.08234291,1.2032481,0.41606113,200.0,128.0,0.005,48.0,2.0,32.0,12.0,0.01,trans_PIDL,exper3,184,100
0.9833141,0.66187537,0.03295588,0.5017784,0.09945167,0.9552779,1.1312616,0.052797757,0.85502213,0.22098725,200.0,128.0,0.005,48.0,2.0,32.0,12.0,0.01,trans_PIDL,exper3,186,100
0.9220487,0.6372241,0.06257153,0.48980892,0.018948004,0.88503426,0.806877,0.076192364,0.5889102,0.022148736,200.0,128.0,0.005,48.0,2.0,32.0,12.0,0.01,trans_PIDL,exper3,188,100
0.9674793,0.8389861,0.04160032,0.6364227,0.12517513,0.8627415,1.8888156,0.08852813,1.3765535,0.4248017,200.0,128.0,0.005,48.0,2.0,32.0,12.0,0.001,trans_PIDL,exper3,189,100
0.9858901,0.7701124,0.030369196,0.58545995,0.09181081,0.9722069,1.1519685,0.043886855,0.862869,0.1926493,200.0,128.0,0.005,48.0,2.0,32.0,12.0,0.001,trans_PIDL,exper3,190,100
0.98951185,0.7282452,0.026724594,0.5598103,0.12957829,0.982139,1.0221564,0.039842755,0.7881519,0.41332355,200.0,128.0,0.005,48.0,2.0,32.0,12.0,0.001,trans_PIDL,exper3,192,100
0.99051887,0.69308126,0.02553651,0.5242854,0.096768275,0.9842838,0.93581635,0.036554728,0.71924627,0.212534,200.0,128.0,0.005,48.0,2.0,32.0,12.0,0.001,trans_PIDL,exper3,193,100
0.9867402,0.7042809,0.030004615,0.53827244,0.025608437,0.97116333,1.0440238,0.043516457,0.7820451,0.039418075,200.0,128.0,0.005,48.0,2.0,32.0,12.0,0.001,trans_PIDL,exper3,194,100
0.9870179,0.6989532,0.029951923,0.5327835,0.13328981,0.9715939,1.0577453,0.044912398,0.80551,0.2611248,200.0,128.0,0.005,48.0,2.0,32.0,12.0,0.01,trans_PIDL,exper3,195,100
0.9887228,0.743722,0.028938556,0.5614008,0.11102345,0.9721241,1.1846203,0.0458711,0.88287216,0.28035128,200.0,128.0,0.005,48.0,2.0,32.0,12.0,0.01,trans_PIDL,exper3,198,100
0.9166258,0.94622415,0.06581435,0.71476936,0.030164732,0.9174511,0.9497085,0.06912753,0.7189848,0.03025046,200.0,128.0,0.005,48.0,2.0,32.0,12.0,0.001,trans_PIDL,exper3,199,100
0.9876018,0.82706255,0.03109978,0.6136383,0.10553073,0.9733621,1.2442423,0.048598737,0.89859277,0.31375483,200.0,128.0,0.005,48.0,2.0,32.0,12.0,0.001,trans_PIDL,exper3,201,100
0.9893217,0.61684376,0.025210265,0.46766034,0.087464355,0.9632547,1.1654162,0.04857216,0.8252995,0.24877404,200.0,128.0,0.005,48.0,2.0,32.0,12.0,0.001,trans_PIDL,exper3,202,100
0.8992279,0.7909403,0.06652259,0.60418403,0.023156852,0.888518,0.83921605,0.070388086,0.6119651,0.022690248,200.0,128.0,0.005,48.0,2.0,32.0,12.0,0.001,trans_PIDL,exper3,203,100
0.93827075,0.7866922,0.057034828,0.58211064,0.29792798,0.7275287,1.7448819,0.12724912,1.3460515,0.65274584,200.0,128.0,0.005,48.0,2.0,32.0,12.0,0.001,trans_PIDL,exper3,212,100
0.7970334,0.8355351,0.08739889,0.6516017,0.024191719,0.69455093,0.9819114,0.11461556,0.76545364,0.028059158,200.0,128.0,0.005,48.0,2.0,32.0,12.0,0.01,trans_PIDL,exper3,216,100
0.9139548,0.83529013,0.06827863,0.63845754,0.02520049,0.89742154,0.886715,0.068045326,0.6653723,0.026064334,200.0,128.0,0.005,48.0,2.0,32.0,12.0,0.01,trans_PIDL,exper3,217,100
0.9756297,0.7502543,0.03830971,0.5317608,0.04395701,0.95056343,1.0740788,0.055600356,0.71822494,0.054011583,200.0,128.0,0.005,48.0,2.0,32.0,12.0,0.01,trans_PIDL,exper3,220,100
0.9791888,0.8590176,0.037103724,0.6347103,0.122762516,0.9525317,1.3213131,0.058425523,0.95157933,0.28536877,200.0,128.0,0.005,48.0,2.0,32.0,12.0,0.01,trans_PIDL,exper3,222,100
0.98774076,0.6940025,0.03064295,0.52862656,0.14682738,0.95622957,1.3084363,0.05922045,0.9598049,0.22866385,200.0,128.0,0.005,48.0,2.0,32.0,12.0,0.01,trans_PIDL,exper3,223,100
0.9826647,0.5933237,0.028530087,0.43984443,0.13751885,0.9244828,1.2311051,0.06663043,0.88942325,0.25541413,200.0,128.0,0.005,48.0,2.0,32.0,12.0,0.001,trans_PIDL,exper3,224,100
0.98522866,0.79324454,0.032585636,0.60319924,0.11390334,0.9748484,1.0066857,0.04209749,0.77339256,0.12485673,200.0,128.0,0.005,48.0,2.0,32.0,12.0,0.001,trans_PIDL,exper3,225,100
0.95257854,0.8825936,0.048539277,0.6469508,0.24019481,0.8499708,1.6590056,0.08976482,1.2307116,0.5362967,200.0,128.0,0.005,48.0,2.0,32.0,12.0,0.01,trans_PIDL,exper3,226,100
0.9590265,0.865802,0.04669911,0.65309024,0.23340954,0.8114866,1.8860239,0.10502715,1.3534623,0.4035506,200.0,128.0,0.005,48.0,2.0,32.0,12.0,0.001,trans_PIDL,exper3,227,100
0.9884705,0.6096891,0.027904416,0.4658846,0.11980992,0.96501136,1.076656,0.04962138,0.8190998,0.29919833,200.0,128.0,0.005,48.0,2.0,32.0,12.0,0.001,trans_PIDL,exper3,228,100
0.9695699,0.7312017,0.038752716,0.558479,0.27385443,0.80614376,1.8853297,0.09712703,1.3767711,0.3944471,200.0,128.0,0.005,48.0,2.0,32.0,12.0,0.01,trans_PIDL,exper3,232,100
0.8502463,0.7244436,0.08247946,0.5699111,0.02111208,0.82942265,0.75288254,0.08923157,0.5965713,0.022061078,200.0,128.0,0.005,48.0,2.0,32.0,12.0,0.01,trans_PIDL,exper3,234,100
0.9908111,0.7197246,0.027826196,0.5455079,0.12575127,0.9836267,0.98391676,0.038606044,0.73526704,0.36228576,200.0,128.0,0.005,48.0,2.0,32.0,12.0,0.001,trans_PIDL,exper3,236,100
0.9898788,0.7310343,0.027102485,0.5669938,0.2207051,0.9786008,1.0514355,0.04011549,0.8288346,0.20484981,200.0,128.0,0.005,48.0,2.0,32.0,12.0,0.01,trans_PIDL,exper3,237,100
0.9889364,0.7501558,0.028896512,0.5607295,0.097107746,0.9788972,1.0756518,0.040874425,0.7762346,0.1867389,200.0,128.0,0.005,48.0,2.0,32.0,12.0,0.001,trans_PIDL,exper3,239,100
0.9765819,0.6883999,0.038973305,0.50860506,0.2286751,0.8883369,1.6372819,0.075288825,1.2325817,0.64512926,200.0,128.0,0.005,48.0,2.0,32.0,12.0,0.01,trans_PIDL,exper3,240,100
0.9938201,0.7147564,0.02359767,0.5426962,0.11119286,0.9894478,0.9749068,0.03089731,0.7303971,0.31305695,200.0,128.0,0.005,48.0,2.0,32.0,12.0,0.01,trans_PIDL,exper3,241,100
0.98428553,0.6639816,0.031656582,0.49440184,0.12895595,0.9594289,1.1435473,0.053158283,0.840784,0.25125903,200.0,128.0,0.005,48.0,2.0,32.0,12.0,0.01,trans_PIDL,exper3,242,100
0.9849978,0.7487464,0.0271669,0.5723543,0.035879996,0.9725096,1.0015991,0.038138922,0.7711518,0.04950109,200.0,128.0,0.005,48.0,2.0,32.0,12.0,0.01,trans_PIDL,exper3,243,100
0.974404,0.72834516,0.04080447,0.5453758,0.17988409,0.85579497,1.717454,0.093464546,1.186593,0.642446,200.0,128.0,0.005,48.0,2.0,32.0,12.0,0.001,trans_PIDL,exper3,246,100
0.98746586,0.71225363,0.03222988,0.5594549,0.1404264,0.95592666,1.3523811,0.062053196,0.96192473,0.2995064,200.0,128.0,0.005,48.0,2.0,32.0,12.0,0.01,trans_PIDL,exper3,248,100
0.9626422,0.52334344,0.040385827,0.40134034,0.016234512,0.90676063,0.88317686,0.068175144,0.66063696,0.027148465,200.0,128.0,0.005,48.0,2.0,32.0,12.0,0.01,trans_PIDL,exper3,249,100
0.9843872,0.82356435,0.03459555,0.6324735,0.093117096,0.9706245,1.1137847,0.04362172,0.8528945,0.17310843,200.0,128.0,0.005,48.0,2.0,32.0,12.0,0.001,trans_PIDL,exper3,251,100
0.9699693,0.70643437,0.040634308,0.5340364,0.19070677,0.82217485,1.8293154,0.09770236,1.3152117,0.46776786,200.0,128.0,0.005,48.0,2.0,32.0,12.0,0.001,trans_PIDL,exper3,252,100
0.97277325,0.79511404,0.038394243,0.60481954,0.13458438,0.8644945,1.7171627,0.091388755,1.2858424,0.34986863,200.0,128.0,0.005,48.0,2.0,32.0,12.0,0.01,trans_PIDL,exper3,254,100
0.9695902,0.82623774,0.038864095,0.62186587,0.14794627,0.9323381,1.2936382,0.059030425,0.9755333,0.26838288,200.0,128.0,0.005,48.0,2.0,32.0,12.0,0.001,trans_PIDL,exper3,258,100
0.9088458,0.8574001,0.07103564,0.6620314,0.026596043,0.8982812,0.8928157,0.069860496,0.6750243,0.026699614,200.0,128.0,0.005,48.0,2.0,32.0,12.0,0.001,trans_PIDL,exper3,259,100
0.9761701,0.7490526,0.042247795,0.55736756,0.14262164,0.9733688,0.7993033,0.048090257,0.6074631,0.16273826,200.0,128.0,0.005,48.0,2.0,32.0,12.0,0.01,trans_PIDL,exper3,261,100
0.96471614,0.8382736,0.04608368,0.63083184,0.24232943,0.8441342,1.753938,0.10018271,1.2507609,0.49355605,200.0,128.0,0.005,48.0,2.0,32.0,12.0,0.01,trans_PIDL,exper3,264,100
0.7833999,0.87676126,0.08159715,0.6749265,0.023288984,0.6943139,1.0667709,0.097333305,0.8130084,0.02748916,200.0,128.0,0.005,48.0,2.0,32.0,12.0,0.01,trans_PIDL,exper3,266,100
0.9919247,0.6847014,0.025420338,0.5315052,0.06439546,0.98647356,0.90279377,0.03213553,0.69709706,0.13817544,200.0,128.0,0.005,48.0,2.0,32.0,12.0,0.001,trans_PIDL,exper3,267,100
0.98541576,0.7247409,0.027379377,0.5397017,0.049592424,0.96973157,1.0174292,0.037879255,0.7520323,0.07830876,200.0,128.0,0.005,48.0,2.0,32.0,12.0,0.01,trans_PIDL,exper3,268,100
0.93439937,0.8818741,0.061564602,0.6424939,0.3540832,0.7923024,1.6561329,0.11548699,1.260946,0.63676244,200.0,128.0,0.005,48.0,2.0,32.0,12.0,0.01,trans_PIDL,exper3,269,100
0.9763512,0.9229084,0.036857396,0.7024081,0.121793784,0.9457669,1.3536708,0.054920223,0.9932227,0.35370123,200.0,128.0,0.005,48.0,2.0,32.0,12.0,0.01,trans_PIDL,exper3,270,100
0.9804239,0.71602345,0.036021587,0.52262527,0.13609925,0.95964897,1.0619434,0.05130967,0.82578963,0.19696991,200.0,128.0,0.005,48.0,2.0,32.0,12.0,0.01,trans_PIDL,exper3,273,100
0.77378345,1.0407267,0.08408317,0.81222266,0.029731136,0.5650704,1.4359791,0.11077221,1.1935204,0.046003453,200.0,128.0,0.005,48.0,2.0,32.0,12.0,0.01,trans_PIDL,exper3,274,100
0.9423758,0.9614242,0.054072317,0.71615314,0.38909173,0.8780899,1.4496515,0.08214128,1.0862163,0.49128366,200.0,128.0,0.005,48.0,2.0,32.0,12.0,0.01,trans_PIDL,exper3,275,100
0.988572,0.6693761,0.027065707,0.49284133,0.030242458,0.97357225,1.0311838,0.04407428,0.77688473,0.04887989,200.0,128.0,0.005,48.0,2.0,32.0,12.0,0.001,trans_PIDL,exper3,279,100
0.9775328,0.84187084,0.03771755,0.64529085,0.13249378,0.9495252,1.2297629,0.057567216,0.8761319,0.20557106,200.0,128.0,0.005,48.0,2.0,32.0,12.0,0.01,trans_PIDL,exper3,280,100
0.9852289,0.740515,0.03200439,0.56252146,0.10403796,0.9648462,1.0912988,0.0475749,0.83499235,0.18387944,200.0,128.0,0.005,48.0,2.0,32.0,12.0,0.01,trans_PIDL,exper3,281,100
0.98481107,0.77529585,0.03190426,0.566821,0.08718412,0.9566948,1.298764,0.05187911,0.89968073,0.17213786,200.0,128.0,0.005,48.0,2.0,32.0,12.0,0.01,trans_PIDL,exper3,285,100
0.99227804,0.72447413,0.021763667,0.55253774,0.10171049,0.9771182,1.2170788,0.03853979,0.9473951,0.24120086,200.0,128.0,0.005,48.0,2.0,32.0,12.0,0.001,trans_PIDL,exper3,287,100
0.98425496,0.8001279,0.032761447,0.6237233,0.0922033,0.9581601,1.3086473,0.05474371,0.98849815,0.1688233,200.0,128.0,0.005,48.0,2.0,32.0,12.0,0.001,trans_PIDL,exper3,288,100
0.8274957,0.8011573,0.07526455,0.63004655,0.023236949,0.71037316,1.0485034,0.09708383,0.80258787,0.02989229,200.0,128.0,0.005,48.0,2.0,32.0,12.0,0.001,trans_PIDL,exper3,289,100
0.98547184,0.6706396,0.031891327,0.50102174,0.11819095,0.9451331,1.283565,0.0638738,0.94844997,0.43225497,200.0,128.0,0.005,48.0,2.0,32.0,12.0,0.01,trans_PIDL,exper3,290,100
0.99038076,0.7316827,0.028081872,0.5631505,0.11641489,0.98004717,1.1069252,0.042272776,0.8533207,0.2832245,200.0,128.0,0.005,48.0,2.0,32.0,12.0,0.001,trans_PIDL,exper3,291,100
0.97850037,0.75542796,0.03742188,0.57067096,0.16223595,0.887968,1.6926256,0.08025319,1.2325745,0.23655449,200.0,128.0,0.005,48.0,2.0,32.0,12.0,0.1,trans_PIDL,exper3,292,100
0.99164325,0.79274195,0.026521854,0.6065374,0.06051054,0.9877124,1.0105978,0.033115245,0.7856023,0.2315305,200.0,128.0,0.005,48.0,2.0,32.0,12.0,0.01,trans_PIDL,exper3,296,100
0.9929826,0.72496605,0.022733336,0.5448438,0.043960083,0.98614514,0.98787946,0.030821351,0.7477593,0.07049369,200.0,128.0,0.005,48.0,2.0,32.0,12.0,0.01,trans_PIDL,exper3,298,100
0.9721318,0.685181,0.04289682,0.49696293,0.16265741,0.9379191,1.0417354,0.06844957,0.78210354,0.27848753,200.0,128.0,0.005,48.0,2.0,32.0,12.0,0.001,trans_PIDL,exper3,300,100
0.98605466,0.7520522,0.030783433,0.56916076,0.11328607,0.96948326,1.08041,0.045825638,0.83391106,0.1502301,200.0,128.0,0.005,48.0,2.0,32.0,12.0,0.001,trans_PIDL,exper3,301,100
0.9844762,0.82061994,0.033474196,0.62582946,0.10657344,0.9742135,1.0253478,0.042987794,0.79667073,0.142388,200.0,128.0,0.005,48.0,2.0,32.0,12.0,0.001,trans_PIDL,exper3,303,100
0.8538813,0.6593711,0.06641991,0.5116199,0.019411111,0.7926171,0.94175136,0.08674411,0.70071393,0.027532587,200.0,128.0,0.005,48.0,2.0,32.0,12.0,0.001,trans_PIDL,exper3,306,100
0.97320086,0.7478598,0.042067725,0.5468562,0.17290007,0.94239396,1.03494,0.05993967,0.8020257,0.28181666,200.0,128.0,0.005,48.0,2.0,32.0,12.0,0.001,trans_PIDL,exper3,312,100
0.978458,0.7689171,0.03670245,0.58032936,0.08264888,0.9430008,1.2550657,0.05685946,0.9392151,0.13450208,200.0,128.0,0.005,48.0,2.0,32.0,12.0,0.001,trans_PIDL,exper3,313,100
0.96556467,0.784961,0.045799375,0.60277325,0.15276596,0.86372,1.6088448,0.093671024,1.1874356,0.60901076,200.0,128.0,0.005,48.0,2.0,32.0,12.0,0.001,trans_PIDL,exper3,319,100
0.9765055,0.64557385,0.03753267,0.5040518,0.199816,0.83064085,1.7693623,0.113142595,1.2834623,0.96608955,200.0,128.0,0.005,48.0,2.0,32.0,12.0,0.1,trans_PIDL,exper3,320,100
0.9865432,0.68892217,0.02998526,0.5265107,0.10612923,0.96879315,1.0487094,0.045772385,0.81143504,0.22157335,200.0,128.0,0.005,48.0,2.0,32.0,12.0,0.01,trans_PIDL,exper3,323,100
0.9707134,0.8351803,0.042471644,0.5707176,0.16449624,0.8613526,1.7820338,0.09312516,1.3389792,0.40493414,200.0,128.0,0.005,48.0,2.0,32.0,12.0,0.001,trans_PIDL,exper3,324,100
0.98834103,0.6840887,0.028279817,0.5240813,0.07194694,0.9710667,1.0635659,0.044877034,0.8126224,0.11611723,200.0,128.0,0.005,48.0,2.0,32.0,12.0,0.001,trans_PIDL,exper3,326,100
0.98964196,0.72022134,0.027248103,0.54432535,0.042652242,0.9802172,1.0425739,0.03887938,0.78792465,0.06830082,200.0,128.0,0.005,48.0,2.0,32.0,12.0,0.01,trans_PIDL,exper3,328,100
0.98116964,0.7294763,0.0335949,0.56541115,0.14760344,0.9394504,1.3322104,0.06132668,1.0009845,0.20904331,200.0,128.0,0.005,48.0,2.0,32.0,12.0,0.01,trans_PIDL,exper3,333,100
0.95006436,0.8599366,0.04904423,0.66332114,0.25584796,0.796516,1.7955598,0.09806149,1.3038981,0.66380966,200.0,128.0,0.005,48.0,2.0,32.0,12.0,0.001,trans_PIDL,exper3,334,100
0.97798264,0.7783706,0.037226584,0.5830346,0.13851647,0.8824924,1.7791953,0.08642001,1.3020269,0.3461563,200.0,128.0,0.005,48.0,2.0,32.0,12.0,0.01,trans_PIDL,exper3,335,100
0.97294277,0.7229762,0.04492137,0.5297679,0.18341042,0.9515976,0.95748633,0.06006514,0.7507486,0.29412773,200.0,128.0,0.005,48.0,2.0,32.0,12.0,0.001,trans_PIDL,exper3,336,100
0.9843068,0.7272516,0.0326211,0.56145066,0.19112709,0.95154285,1.2529064,0.056976248,0.9531576,0.30316657,200.0,128.0,0.005,48.0,2.0,32.0,12.0,0.1,trans_PIDL,exper3,337,100
0.9915434,0.71969455,0.026025921,0.5420778,0.120034665,0.9839258,1.027247,0.036966715,0.7843324,0.22870749,200.0,128.0,0.005,48.0,2.0,32.0,12.0,0.001,trans_PIDL,exper3,340,100
0.92629457,0.8402075,0.060162522,0.63911545,0.028027842,0.9191894,0.8741033,0.0605965,0.6639958,0.028892633,200.0,128.0,0.005,48.0,2.0,32.0,12.0,0.01,trans_PIDL,exper3,342,100
0.9873833,0.7061732,0.028349359,0.53857976,0.087880164,0.9684699,1.1113365,0.041611023,0.8400038,0.15533654,200.0,128.0,0.005,48.0,2.0,32.0,12.0,0.001,trans_PIDL,exper3,346,100
0.9693936,0.72665054,0.039794616,0.5488802,0.20794253,0.8377383,1.6773392,0.09979469,1.21769,0.9240673,200.0,128.0,0.005,48.0,2.0,32.0,12.0,0.01,trans_PIDL,exper3,353,100
0.9833228,0.57547617,0.03445965,0.41483235,0.121860705,0.9764935,0.69896805,0.04332966,0.5172628,0.22077,200.0,128.0,0.005,48.0,2.0,32.0,12.0,0.001,trans_PIDL,exper3,354,100
0.98646396,0.73756623,0.03016073,0.5703394,0.082081206,0.9675312,1.1159756,0.047829933,0.8439206,0.16559236,200.0,128.0,0.005,48.0,2.0,32.0,12.0,0.001,trans_PIDL,exper3,356,100
0.9256868,0.66101635,0.049574267,0.5044534,0.024439845,0.8905316,0.8065188,0.061423782,0.60845184,0.028573051,200.0,128.0,0.005,48.0,2.0,32.0,12.0,0.001,trans_PIDL,exper3,360,100
0.9924302,0.69577855,0.024673995,0.5329727,0.1035042,0.9842707,1.0578654,0.03670592,0.80762523,0.29353762,200.0,128.0,0.005,48.0,2.0,32.0,12.0,0.01,trans_PIDL,exper3,361,100
0.98697126,0.6525097,0.026453124,0.497077,0.029684447,0.96399635,1.0635723,0.04123276,0.82072175,0.050063405,200.0,128.0,0.005,48.0,2.0,32.0,12.0,0.01,trans_PIDL,exper3,362,100
0.9815293,0.6951988,0.033342835,0.5179338,0.19262931,0.9012631,1.7321274,0.0691737,1.2787827,0.3324794,200.0,128.0,0.005,48.0,2.0,32.0,12.0,0.01,trans_PIDL,exper3,364,100
0.9774215,0.6917781,0.034334384,0.5196156,0.10692278,0.7789149,2.0773005,0.10834284,1.4630184,0.44597292,200.0,128.0,0.005,48.0,2.0,32.0,12.0,0.001,trans_PIDL,exper3,365,100
0.9924672,0.62101185,0.023752622,0.47294995,0.08570835,0.9825607,0.95074713,0.03622257,0.71375746,0.24961507,200.0,128.0,0.005,48.0,2.0,32.0,12.0,0.01,trans_PIDL,exper3,366,100
0.9837699,0.6671125,0.032283854,0.5193279,0.08618003,0.96186763,1.0712471,0.051753167,0.79323775,0.1756284,200.0,128.0,0.005,48.0,2.0,32.0,12.0,0.01,trans_PIDL,exper3,367,100
0.98608917,0.6688049,0.029285446,0.50198185,0.097388856,0.94142926,1.3583872,0.06265716,1.013034,0.28367764,200.0,128.0,0.005,48.0,2.0,32.0,12.0,0.01,trans_PIDL,exper3,368,100
0.98676616,0.7355447,0.029694526,0.53710556,0.13340881,0.9563604,1.3513727,0.050960507,1.009861,0.27604383,200.0,128.0,0.005,48.0,2.0,32.0,12.0,0.001,trans_PIDL,exper3,369,100
0.9546204,0.787534,0.054890666,0.5961451,0.26135015,0.8535882,1.4830362,0.10449009,1.1154189,0.49855798,200.0,128.0,0.005,48.0,2.0,32.0,12.0,0.01,trans_PIDL,exper3,371,100
0.9443979,0.71585476,0.04958384,0.5385379,0.020858513,0.91475326,0.91278726,0.061902013,0.7162487,0.028900726,200.0,128.0,0.005,48.0,2.0,32.0,12.0,0.001,trans_PIDL,exper3,372,100
0.9707464,0.7131894,0.044038665,0.54254735,0.2408767,0.81817424,1.7690723,0.11056896,1.3329152,0.44424954,200.0,128.0,0.005,48.0,2.0,32.0,12.0,0.01,trans_PIDL,exper3,373,100
0.9833084,0.6818535,0.033024225,0.53920513,0.11094173,0.952765,1.1617908,0.05582154,0.8769269,0.36667818,200.0,128.0,0.005,48.0,2.0,32.0,12.0,0.001,trans_PIDL,exper3,376,100
0.9748297,0.6669594,0.03557639,0.4989927,0.035467975,0.9610169,0.8449956,0.047298945,0.6204553,0.042748254,200.0,128.0,0.005,48.0,2.0,32.0,12.0,0.001,trans_PIDL,exper3,379,100
0.98554814,0.50258404,0.03408107,0.3708426,0.13056886,0.9688957,0.7481343,0.05185288,0.5575671,0.3085281,200.0,128.0,0.005,48.0,2.0,32.0,12.0,0.001,trans_PIDL,exper3,382,100
0.98600554,0.5068381,0.032497015,0.3500111,0.13937826,0.9776157,0.66920674,0.04268834,0.48976853,0.2480412,200.0,128.0,0.005,48.0,2.0,32.0,12.0,0.001,trans_PIDL,exper3,383,100
0.8561867,0.84910405,0.08199944,0.65120244,0.0242486,0.7096973,1.2916064,0.118858024,0.9637065,0.037359115,200.0,128.0,0.005,48.0,2.0,32.0,12.0,0.001,trans_PIDL,exper3,386,100
0.98911697,0.7023809,0.02788556,0.52399516,0.13958071,0.9785702,1.0091754,0.040429443,0.7587882,0.29390833,200.0,128.0,0.005,48.0,2.0,32.0,12.0,0.01,trans_PIDL,exper3,387,100
0.78670627,0.8860341,0.10270858,0.62592065,0.9733339,0.62313706,1.2395028,0.13224863,0.86555356,0.61156255,200.0,128.0,0.005,48.0,2.0,32.0,12.0,0.01,trans_PIDL,exper3,389,100
0.98776764,0.69687504,0.028969504,0.5285831,0.09367257,0.9675909,1.0978719,0.046752173,0.787933,0.18996032,200.0,128.0,0.005,48.0,2.0,32.0,12.0,0.001,trans_PIDL,exper3,391,100
0.9820267,0.63896966,0.03102778,0.47432792,0.08902244,0.967695,0.88813174,0.0435038,0.6650627,0.17784913,200.0,128.0,0.005,48.0,2.0,32.0,12.0,0.001,trans_PIDL,exper3,393,100
0.9239926,0.8488779,0.06769696,0.6151764,0.31579205,0.7976926,1.4495714,0.10216739,1.1059269,0.4738051,200.0,128.0,0.005,48.0,2.0,32.0,12.0,0.001,trans_PIDL,exper3,395,100
0.97194004,0.60773253,0.028589047,0.4564904,0.20998855,0.6402664,2.2610857,0.13474645,1.6613703,0.7434091,200.0,128.0,0.005,48.0,2.0,32.0,12.0,0.001,trans_PIDL,exper3,396,100
0.97311723,0.67184734,0.03986735,0.50699383,0.13542356,0.9195334,1.2881908,0.06808602,0.9585034,0.4685254,200.0,128.0,0.005,48.0,2.0,32.0,12.0,0.01,trans_PIDL,exper3,400,100
0.9849164,0.86203104,0.032980766,0.6685403,0.122755766,0.9555367,1.5256504,0.06132028,1.1161975,0.2852021,200.0,128.0,0.005,48.0,2.0,32.0,12.0,0.01,trans_PIDL,exper3,402,100
0.9813805,0.8587921,0.035039682,0.6381697,0.10986027,0.95807135,1.2441621,0.051914237,0.8841073,0.10997937,200.0,128.0,0.005,48.0,2.0,32.0,12.0,0.001,trans_PIDL,exper3,404,100
0.9874964,0.7105868,0.028739607,0.55030775,0.11385934,0.969718,1.0666692,0.045140505,0.8095933,0.13646133,200.0,128.0,0.005,48.0,2.0,32.0,12.0,0.01,trans_PIDL,exper3,405,100
0.98112684,0.86372596,0.03636312,0.65488523,0.17273663,0.9559244,1.3109906,0.05568986,0.98165506,0.33565947,200.0,128.0,0.005,48.0,2.0,32.0,12.0,0.01,trans_PIDL,exper3,409,100
0.9880866,0.69395566,0.029218692,0.52717274,0.045285158,0.9843516,0.80842406,0.034277916,0.6182774,0.057722118,200.0,128.0,0.005,48.0,2.0,32.0,12.0,0.01,trans_PIDL,exper3,411,100
0.9569156,0.831999,0.052138433,0.6285009,0.4103067,0.9032957,1.3023331,0.07593779,1.0114647,0.3782185,200.0,128.0,0.005,48.0,2.0,32.0,12.0,0.01,trans_PIDL,exper3,412,100
0.9660118,0.7359705,0.04542181,0.550754,0.30597222,0.8456296,1.5924526,0.10427413,1.230611,0.4511075,200.0,128.0,0.005,48.0,2.0,32.0,12.0,0.01,trans_PIDL,exper3,413,100
0.94230086,0.78279185,0.050654404,0.55831087,0.45824483,0.779228,1.6121378,0.11314661,1.1789484,0.5233854,200.0,128.0,0.005,48.0,2.0,32.0,12.0,0.01,trans_PIDL,exper3,417,100
0.9861545,0.6279157,0.02959651,0.4846971,0.12103829,0.92163473,1.5542387,0.07446503,1.0622227,0.2683814,200.0,128.0,0.005,48.0,2.0,32.0,12.0,0.1,trans_PIDL,exper3,419,100
0.98628,0.63399625,0.030743578,0.48350173,0.102464676,0.93795264,1.3166144,0.06326297,0.9822145,0.20726648,200.0,128.0,0.005,48.0,2.0,32.0,12.0,0.001,trans_PIDL,exper3,421,100
0.9846369,0.7918558,0.03030192,0.6036505,0.11914584,0.9570198,1.3435847,0.05114291,0.9941922,0.38746765,200.0,128.0,0.005,48.0,2.0,32.0,12.0,0.01,trans_PIDL,exper3,422,100
0.92787445,0.7931914,0.058710124,0.58381885,0.41315663,0.747451,1.5389237,0.10866479,1.1597139,0.4106874,200.0,128.0,0.005,48.0,2.0,32.0,12.0,0.01,trans_PIDL,exper3,424,100
0.9819599,0.625551,0.033088535,0.49099663,0.1168228,0.94075394,1.2024474,0.06460117,0.89992857,0.35797846,200.0,128.0,0.005,48.0,2.0,32.0,12.0,0.001,trans_PIDL,exper3,426,100
0.98427385,0.78971833,0.030933622,0.6224842,0.093314745,0.9706201,1.1296667,0.043431982,0.88258994,0.22577088,200.0,128.0,0.005,48.0,2.0,32.0,12.0,0.01,trans_PIDL,exper3,427,100
0.9748188,0.724169,0.0334966,0.52442014,0.077113815,0.9424068,1.2121071,0.06144163,0.9227681,0.18784219,200.0,128.0,0.005,48.0,2.0,32.0,12.0,0.001,trans_PIDL,exper3,430,100
0.96997774,0.9370323,0.045029104,0.71744066,0.25983557,0.9146085,1.5864123,0.07962782,1.1448665,0.33594438,200.0,128.0,0.005,48.0,2.0,32.0,12.0,0.001,trans_PIDL,exper3,432,100
0.9869624,0.77584374,0.029477347,0.59699553,0.098771065,0.9808145,0.9939013,0.03856944,0.77485824,0.32071847,200.0,128.0,0.005,48.0,2.0,32.0,12.0,0.001,trans_PIDL,exper3,434,100
0.9418961,0.8154711,0.05960375,0.618783,0.2830151,0.79656655,1.6377653,0.11655059,1.2243655,0.42760983,200.0,128.0,0.005,48.0,2.0,32.0,12.0,0.01,trans_PIDL,exper3,438,100
0.98817605,0.947652,0.028204976,0.7153749,0.060892697,0.98145574,1.1942188,0.03592835,0.8970388,0.08481355,200.0,128.0,0.005,48.0,2.0,32.0,12.0,0.01,trans_PIDL,exper3,441,100
0.95128787,0.681854,0.04741026,0.51079875,0.021501394,0.92228615,0.93683904,0.05822493,0.723876,0.031270053,200.0,128.0,0.005,48.0,2.0,32.0,12.0,0.001,trans_PIDL,exper3,442,100
0.9707886,0.59711653,0.035878457,0.44436044,0.07725833,0.943176,0.8522024,0.050804775,0.6243552,0.1033375,200.0,128.0,0.005,48.0,2.0,32.0,12.0,0.01,trans_PIDL,exper3,443,100
0.98490524,0.60970587,0.034580685,0.4649462,0.14667784,0.9684113,0.8867329,0.055436462,0.68592185,0.259404,200.0,128.0,0.005,48.0,2.0,32.0,12.0,0.001,trans_PIDL,exper3,444,100
0.769713,0.81277823,0.078763835,0.6206001,0.02943807,0.6891918,1.0412034,0.093244664,0.81953967,0.03992032,200.0,128.0,0.005,48.0,2.0,32.0,12.0,0.001,trans_PIDL,exper3,445,100
0.9731066,0.7417951,0.037671633,0.52545625,0.083292745,0.95203125,0.9846506,0.05134191,0.7052784,0.10187879,200.0,128.0,0.005,48.0,2.0,32.0,12.0,0.001,trans_PIDL,exper3,448,100
0.9851982,0.51649636,0.029756876,0.38862348,0.08970004,0.8366716,1.7938402,0.106165625,1.3499573,0.6194845,200.0,128.0,0.005,48.0,2.0,32.0,12.0,0.001,trans_PIDL,exper3,449,100
0.9874035,0.669728,0.02996315,0.51330143,0.08833396,0.9668436,1.0825332,0.04788521,0.81215674,0.14289571,200.0,128.0,0.005,48.0,2.0,32.0,12.0,0.001,trans_PIDL,exper3,454,100
0.96293443,0.7060868,0.04786166,0.5097338,0.2034752,0.91683805,1.0174767,0.07788412,0.7298587,0.24698494,200.0,128.0,0.005,48.0,2.0,32.0,12.0,0.001,trans_PIDL,exper3,456,100
0.98272234,0.7100105,0.032752506,0.53796214,0.14364277,0.88803744,1.897767,0.0837223,1.2621998,0.7502274,200.0,128.0,0.005,48.0,2.0,32.0,12.0,0.1,trans_PIDL,exper3,458,100
0.9604751,1.0624254,0.049803507,0.7999511,0.04603064,0.9597086,1.0477356,0.04574577,0.7705185,0.046588536,200.0,128.0,0.005,48.0,2.0,32.0,12.0,0.01,trans_PIDL,exper3,460,100
0.9907081,0.81072056,0.027277242,0.62673396,0.08768744,0.9828665,1.1416159,0.038685754,0.8817189,0.17373124,200.0,128.0,0.005,48.0,2.0,32.0,12.0,0.01,trans_PIDL,exper3,461,100
0.94783956,0.5306268,0.050761454,0.39621085,0.018313931,0.9204756,0.6633246,0.055929415,0.47930297,0.021494871,200.0,128.0,0.005,48.0,2.0,32.0,12.0,0.001,trans_PIDL,exper3,462,100
0.9825041,0.96202016,0.03533199,0.756104,0.15565427,0.9540788,1.6485289,0.060639832,1.3191935,0.26300806,200.0,128.0,0.005,48.0,2.0,32.0,12.0,0.01,trans_PIDL,exper3,464,100
0.98019594,0.6783362,0.033912435,0.5173276,0.08025356,0.9354434,1.3401797,0.064686105,0.99092126,0.26249993,200.0,128.0,0.005,48.0,2.0,32.0,12.0,0.01,trans_PIDL,exper3,465,100
0.9590726,0.695814,0.043300778,0.53366464,0.1814651,0.751897,1.7102029,0.100481965,1.2553837,0.7547589,200.0,128.0,0.005,48.0,2.0,32.0,12.0,0.01,trans_PIDL,exper3,467,100
0.9927821,0.6791203,0.024026262,0.52237076,0.0944308,0.98559374,1.0036242,0.035592664,0.7812303,0.2024535,200.0,128.0,0.005,48.0,2.0,32.0,12.0,0.001,trans_PIDL,exper3,471,100
0.9855346,0.6433684,0.027854098,0.4879666,0.07256165,0.965521,1.0598588,0.04680714,0.8012796,0.25275415,200.0,128.0,0.005,48.0,2.0,32.0,12.0,0.001,trans_PIDL,exper3,472,100
0.986461,0.7477463,0.03009145,0.5725158,0.0843835,0.9600341,1.2562535,0.051979713,0.9467397,0.1525738,200.0,128.0,0.005,48.0,2.0,32.0,12.0,0.001,trans_PIDL,exper3,474,100
0.90274435,0.68729365,0.07231627,0.52410185,0.019111313,0.83698696,0.89491946,0.088256344,0.69145316,0.024936443,200.0,128.0,0.005,48.0,2.0,32.0,12.0,0.001,trans_PIDL,exper3,477,100
0.9853273,0.602258,0.029219799,0.455488,0.07145328,0.96844363,0.8879494,0.04105967,0.67009413,0.1103708,200.0,128.0,0.005,48.0,2.0,32.0,12.0,0.01,trans_PIDL,exper3,481,100
0.983115,0.78692746,0.032701075,0.5841383,0.10116802,0.9691503,1.0725293,0.046876613,0.82270944,0.17559546,200.0,128.0,0.005,48.0,2.0,32.0,12.0,0.001,trans_PIDL,exper3,482,100
0.98652524,0.8133236,0.030268837,0.6301534,0.19092521,0.96987617,1.2688475,0.04635684,0.9501008,0.18088512,200.0,128.0,0.005,48.0,2.0,32.0,12.0,0.001,trans_PIDL,exper3,483,100
0.99006957,0.6962626,0.027785564,0.5322585,0.030576402,0.9762839,1.0821322,0.044998657,0.80619335,0.04752515,200.0,128.0,0.005,48.0,2.0,32.0,12.0,0.001,trans_PIDL,exper3,484,100
0.98616433,0.7299238,0.031143932,0.55163664,0.098814465,0.9633581,1.1345828,0.049871635,0.8629922,0.16993012,200.0,128.0,0.005,48.0,2.0,32.0,12.0,0.001,trans_PIDL,exper3,486,100
0.99172544,0.68613756,0.024444012,0.51758367,0.038830742,0.98298365,1.0082536,0.03544202,0.7541373,0.06857136,200.0,128.0,0.005,48.0,2.0,32.0,12.0,0.1,trans_PIDL,exper3,488,100
0.9776668,0.92872554,0.037154596,0.726979,0.103999086,0.9512016,1.3670388,0.05515527,1.01383,0.37014902,200.0,128.0,0.005,48.0,2.0,32.0,12.0,0.001,trans_PIDL,exper3,493,100
0.8619047,0.7003137,0.064145744,0.5482946,0.022778183,0.6925714,1.0757046,0.10111792,0.8317197,0.033487793,200.0,128.0,0.005,48.0,2.0,32.0,12.0,0.001,trans_PIDL,exper3,494,100
0.8649235,0.97875166,0.0693904,0.7401583,0.55088323,0.49056852,2.381953,0.17025784,1.7546265,1.7705634,200.0,128.0,0.005,48.0,2.0,32.0,12.0,0.1,trans_PIDL,exper3,495,100
0.9179845,0.7053293,0.060187325,0.55308867,0.022366757,0.9065535,0.74358463,0.06726777,0.5723303,0.022954848,200.0,128.0,0.005,48.0,2.0,32.0,12.0,0.01,trans_PIDL,exper3,496,100
0.98414165,0.65207875,0.030537795,0.5076063,0.103224315,0.8502937,1.9145042,0.09686404,1.4252735,0.31643978,200.0,128.0,0.005,48.0,2.0,32.0,12.0,0.001,trans_PIDL,exper3,503,100
0.987631,0.676769,0.029972015,0.51313615,0.15928863,0.9701975,1.1055946,0.049558103,0.8446732,0.4769817,200.0,128.0,0.005,48.0,2.0,32.0,12.0,0.01,trans_PIDL,exper3,508,100
0.7237563,0.69144255,0.106539376,0.5468199,0.0185566,0.56627774,0.809113,0.114281505,0.62041664,0.020717822,200.0,128.0,0.005,48.0,2.0,32.0,12.0,0.001,trans_PIDL,exper3,510,100
0.9775894,0.8052634,0.037977997,0.6242535,0.16124754,0.9192265,1.5813733,0.07341751,1.1620941,0.26470983,200.0,128.0,0.005,48.0,2.0,32.0,12.0,0.001,trans_PIDL,exper3,514,100
0.984449,0.7601642,0.030657718,0.5893627,0.080260485,0.95674765,1.2381893,0.0509857,0.9254182,0.15703318,200.0,128.0,0.005,48.0,2.0,32.0,12.0,0.001,trans_PIDL,exper3,516,100
0.98531336,0.65911824,0.03036124,0.4970873,0.08717981,0.9351745,1.361606,0.06403649,0.97444654,0.30563635,200.0,128.0,0.005,48.0,2.0,32.0,12.0,0.001,trans_PIDL,exper3,517,100
0.97357064,0.69695276,0.037003655,0.5388082,0.14087012,0.83249104,1.8673996,0.09522195,1.4013216,0.4025543,200.0,128.0,0.005,48.0,2.0,32.0,12.0,0.01,trans_PIDL,exper3,519,100
0.98442066,0.7935246,0.02959994,0.60118264,0.10901929,0.9592388,1.2937386,0.047898468,0.9682417,0.30008227,200.0,128.0,0.005,48.0,2.0,32.0,12.0,0.01,trans_PIDL,exper3,522,100
0.9887592,0.8332818,0.0304133,0.64331454,0.109220326,0.98162884,1.0841706,0.039891552,0.8217838,0.23040764,200.0,128.0,0.005,48.0,2.0,32.0,12.0,0.001,trans_PIDL,exper3,523,100
0.8941614,0.78030336,0.07001314,0.6017954,0.022147361,0.77485454,1.1188669,0.09671047,0.8843116,0.03229292,200.0,128.0,0.005,48.0,2.0,32.0,12.0,0.01,trans_PIDL,exper3,527,100
0.87905884,0.5783028,0.06571585,0.4497683,0.017708981,0.8024229,0.8334402,0.086232826,0.64308065,0.025250437,200.0,128.0,0.005,48.0,2.0,32.0,12.0,0.001,trans_PIDL,exper3,528,100
0.98802674,0.6269609,0.02789148,0.48522255,0.07429222,0.96347344,1.0767105,0.048018858,0.80875415,0.12585464,200.0,128.0,0.005,48.0,2.0,32.0,12.0,0.001,trans_PIDL,exper3,529,100
0.9864741,0.74874854,0.028655645,0.56929576,0.0964172,0.96089756,1.2666193,0.047156345,0.93933743,0.22460651,200.0,128.0,0.005,48.0,2.0,32.0,12.0,0.01,trans_PIDL,exper3,530,100
0.9927195,0.629966,0.020686543,0.47775167,0.03716548,0.97297645,1.2051237,0.037356965,0.9421273,0.09698801,200.0,128.0,0.005,48.0,2.0,32.0,12.0,0.01,trans_PIDL,exper3,531,100
0.9870987,0.7411738,0.028443497,0.57292235,0.095319696,0.9673717,1.2123686,0.045767028,0.9097779,0.31363058,200.0,128.0,0.005,48.0,2.0,32.0,12.0,0.01,trans_PIDL,exper3,533,100
0.99063635,0.5635088,0.021704996,0.43746716,0.026051864,0.9695905,1.0186499,0.04032277,0.7868096,0.04949857,200.0,128.0,0.005,48.0,2.0,32.0,12.0,0.001,trans_PIDL,exper3,534,100
0.9909291,0.6906924,0.022579027,0.522311,0.047749832,0.96122044,1.4377612,0.04528382,1.1156104,0.123179786,200.0,128.0,0.005,48.0,2.0,32.0,12.0,0.01,trans_PIDL,exper3,539,100
0.9825249,0.547323,0.036350794,0.3984036,0.14908414,0.9634872,0.82888466,0.048303302,0.60074115,0.29567388,200.0,128.0,0.005,48.0,2.0,32.0,12.0,0.001,trans_PIDL,exper3,543,100
0.98824275,0.68120795,0.029136317,0.5223759,0.101585135,0.97573787,0.9577848,0.04137839,0.74976575,0.20788293,200.0,128.0,0.005,48.0,2.0,32.0,12.0,0.01,trans_PIDL,exper3,545,100
0.96579427,0.7647787,0.04112244,0.55421275,0.15294324,0.909945,1.3276012,0.07051518,1.0156558,0.2698778,200.0,128.0,0.005,48.0,2.0,32.0,12.0,0.01,trans_PIDL,exper3,548,100
0.98264945,0.8843795,0.035761345,0.6387949,0.11590864,0.9705352,1.1827784,0.049635775,0.8197982,0.18981971,200.0,128.0,0.005,48.0,2.0,32.0,12.0,0.001,trans_PIDL,exper3,549,100
0.91148925,0.78923607,0.06579709,0.6048629,0.023771135,0.891374,0.8658967,0.068867885,0.6615819,0.025535781,200.0,128.0,0.005,48.0,2.0,32.0,12.0,0.001,trans_PIDL,exper3,553,100
0.9904259,0.65386176,0.027105978,0.5039334,0.06331856,0.97456944,1.0685393,0.042368773,0.7986807,0.16188349,200.0,128.0,0.005,48.0,2.0,32.0,12.0,0.01,trans_PIDL,exper3,555,100
0.9878035,0.67090595,0.023718448,0.5084734,0.035146076,0.97419375,0.9546388,0.0371546,0.73450255,0.05485291,200.0,128.0,0.005,48.0,2.0,32.0,12.0,0.001,trans_PIDL,exper3,556,100
0.97088605,0.8057012,0.04133238,0.61062783,0.12805359,0.90345216,1.5102594,0.07662689,1.1194427,0.19060023,200.0,128.0,0.005,48.0,2.0,32.0,12.0,0.001,trans_PIDL,exper3,557,100
0.9841244,0.8489384,0.0330652,0.6567912,0.115771785,0.9609251,1.3289874,0.0516267,1.0281347,0.19159316,200.0,128.0,0.005,48.0,2.0,32.0,12.0,0.01,trans_PIDL,exper3,558,100
0.9722781,0.7322136,0.040993366,0.5675581,0.03608993,0.958123,0.9272135,0.04951035,0.6904531,0.042372074,200.0,128.0,0.005,48.0,2.0,32.0,12.0,0.001,trans_PIDL,exper3,562,100
0.98733085,0.680668,0.029426338,0.5203031,0.096274726,0.96764237,1.0742661,0.04642113,0.82094866,0.19867896,200.0,128.0,0.005,48.0,2.0,32.0,12.0,0.01,trans_PIDL,exper3,566,100
0.97509176,0.8800043,0.03912095,0.69022256,0.030303784,0.954992,1.224249,0.059046596,0.9452124,0.044618454,200.0,128.0,0.005,48.0,2.0,32.0,12.0,0.01,trans_PIDL,exper3,567,100
0.9777994,0.7265463,0.03517294,0.5497337,0.096898,0.88148123,1.6890126,0.07825427,1.1943364,0.2594948,200.0,128.0,0.005,48.0,2.0,32.0,12.0,0.01,trans_PIDL,exper3,568,100
0.98690003,0.6517803,0.028768908,0.4891198,0.08904104,0.9595126,1.2130537,0.05275833,0.91617066,0.14838064,200.0,128.0,0.005,48.0,2.0,32.0,12.0,0.001,trans_PIDL,exper3,569,100
0.9810253,0.8574088,0.03361333,0.66460353,0.12660575,0.95018715,1.3777713,0.057553947,1.0204787,0.20806351,200.0,128.0,0.005,48.0,2.0,32.0,12.0,0.01,trans_PIDL,exper3,570,100
0.98614585,1.0537422,0.03372493,0.7894349,0.19962873,0.97162867,1.4953717,0.050830856,1.1023022,0.23811369,200.0,128.0,0.005,48.0,2.0,32.0,12.0,0.001,trans_PIDL,exper3,571,100
0.98658705,0.6967692,0.030983906,0.53325415,0.11337768,0.96358085,1.1586417,0.051400155,0.83724475,0.25312892,200.0,128.0,0.005,48.0,2.0,32.0,12.0,0.001,trans_PIDL,exper3,573,100
0.9859479,0.8841099,0.030928789,0.6720824,0.03568196,0.9798284,1.066347,0.038787298,0.8281423,0.049818393,200.0,128.0,0.005,48.0,2.0,32.0,12.0,0.001,trans_PIDL,exper3,576,100
0.8931195,1.0097963,0.07065228,0.79628235,0.039665814,0.84699094,1.229154,0.078571066,0.97623545,0.049196634,200.0,128.0,0.005,48.0,2.0,32.0,12.0,0.01,trans_PIDL,exper3,590,100
0.94554216,0.6927012,0.036834877,0.49888057,0.21044305,0.8657699,1.1178287,0.076492935,0.7939763,0.38256085,200.0,128.0,0.005,48.0,2.0,32.0,12.0,0.001,trans_PIDL,exper3,594,100
0.99011415,0.8385522,0.029015195,0.6536325,0.11060362,0.98646003,1.0098454,0.034442224,0.7916127,0.28087822,200.0,128.0,0.005,48.0,2.0,32.0,12.0,0.01,trans_PIDL,exper3,601,100
0.9243974,0.5830102,0.050369967,0.4598875,0.018170359,0.86091816,0.85917133,0.079529636,0.65525395,0.025534369,200.0,128.0,0.005,48.0,2.0,32.0,12.0,0.001,trans_PIDL,exper3,603,100
0.9884552,0.7778981,0.026341032,0.6017841,0.053487804,0.9710068,1.2554079,0.04077379,0.9748161,0.10946522,200.0,128.0,0.005,48.0,2.0,32.0,12.0,0.01,trans_PIDL,exper3,623,100
0.98682904,0.7726344,0.030195655,0.6066675,0.09339963,0.9642954,1.2605613,0.050307512,0.9570578,0.18928811,200.0,128.0,0.005,48.0,2.0,32.0,12.0,0.001,trans_PIDL,exper3,624,100
0.9829743,0.85312897,0.03597621,0.6567471,0.23302361,0.97172576,1.1555951,0.047900613,0.85418755,0.21360971,200.0,128.0,0.005,48.0,2.0,32.0,12.0,0.001,trans_PIDL,exper3,630,100
0.9912511,0.6186256,0.025830697,0.4680363,0.032355476,0.980883,0.92347264,0.04032933,0.6907051,0.050656725,200.0,128.0,0.005,48.0,2.0,32.0,12.0,0.01,trans_PIDL,exper3,634,100
0.9703088,0.71679914,0.042773474,0.55693525,0.16987646,0.86532396,1.6761905,0.09235209,1.2016166,1.0924139,200.0,128.0,0.005,48.0,2.0,32.0,12.0,0.1,trans_PIDL,exper3,635,100
0.9719914,0.8024256,0.038833935,0.629006,0.03443093,0.95444214,1.0367095,0.049311146,0.7949214,0.042720404,200.0,128.0,0.005,48.0,2.0,32.0,12.0,0.01,trans_PIDL,exper3,637,100
0.9578054,0.8898748,0.053328454,0.66843295,0.24350452,0.8499132,1.508105,0.100061245,1.1764486,0.6501521,200.0,128.0,0.005,48.0,2.0,32.0,12.0,0.01,trans_PIDL,exper3,639,100
0.9844386,0.84838504,0.034837272,0.6395657,0.13043985,0.97407895,1.1283116,0.046648774,0.8749749,0.5555619,200.0,128.0,0.005,48.0,2.0,32.0,12.0,0.001,trans_PIDL,exper3,645,100
0.9878585,0.6458077,0.028718187,0.47782066,0.07527357,0.96898264,1.0485371,0.047005437,0.76835704,0.15456986,200.0,128.0,0.005,48.0,2.0,32.0,12.0,0.001,trans_PIDL,exper3,646,100
0.73721987,1.3174078,0.09117004,1.0170819,0.038091645,0.60181737,1.4260628,0.10776321,1.0917866,0.040037327,200.0,128.0,0.005,48.0,2.0,32.0,12.0,0.001,trans_PIDL,exper3,648,100
0.9906091,0.6143456,0.02640819,0.45966855,0.111978546,0.970621,1.1039298,0.047259655,0.78994966,0.24772176,200.0,128.0,0.005,48.0,2.0,32.0,12.0,0.001,trans_PIDL,exper3,654,100
0.9852832,0.7244981,0.02997481,0.54053485,0.08968394,0.96350086,1.1580552,0.047002807,0.87267554,0.45820108,200.0,128.0,0.005,48.0,2.0,32.0,12.0,0.001,trans_PIDL,exper3,657,100
0.9870082,0.687997,0.030324094,0.5263873,0.15327352,0.9643933,1.0992082,0.047953747,0.82431555,0.14923008,200.0,128.0,0.005,48.0,2.0,32.0,12.0,0.001,trans_PIDL,exper3,672,100
0.9890218,0.72053707,0.027487114,0.55311656,0.17713922,0.9758087,1.108421,0.04283297,0.86699134,0.25835326,200.0,128.0,0.005,48.0,2.0,32.0,12.0,0.001,trans_PIDL,exper3,679,100
0.973121,0.75995153,0.04504746,0.5423883,0.18138883,0.9593351,0.9551268,0.055915304,0.6929504,0.24356051,200.0,128.0,0.005,48.0,2.0,32.0,12.0,0.001,trans_PIDL,exper3,681,100
0.98584205,0.7554233,0.03210016,0.57663727,0.103493586,0.9692578,1.0755278,0.046332855,0.84089285,0.16904001,200.0,128.0,0.005,48.0,2.0,32.0,12.0,0.01,trans_PIDL,exper3,684,100
0.9876267,0.5901378,0.02825543,0.45648187,0.10601222,0.95895433,1.1089576,0.048156507,0.81332684,0.20540716,200.0,128.0,0.005,48.0,2.0,32.0,12.0,0.001,trans_PIDL,exper3,710,100
0.9883095,0.7210413,0.029792266,0.5573603,0.105011605,0.9751547,1.0603887,0.043017764,0.7828882,0.1765396,200.0,128.0,0.005,48.0,2.0,32.0,12.0,0.01,trans_PIDL,exper3,713,100
0.97238225,0.7189484,0.046338923,0.5260995,0.1951965,0.94192326,1.0329554,0.07131227,0.7739449,0.28274807,200.0,128.0,0.005,48.0,2.0,32.0,12.0,0.001,trans_PIDL,exper3,725,100
0.9858834,0.77946144,0.03096933,0.6057401,0.2472606,0.9670864,1.198148,0.047920477,0.91639405,0.14838022,200.0,128.0,0.005,48.0,2.0,32.0,12.0,0.001,trans_PIDL,exper3,728,100
0.9870939,0.7308296,0.030540284,0.56016105,0.0892743,0.9748904,0.9998442,0.042772986,0.7700798,0.3349814,200.0,128.0,0.005,48.0,2.0,32.0,12.0,0.01,trans_PIDL,exper3,733,100
0.97824967,0.55965704,0.03587775,0.4229317,0.12333537,0.92186475,1.0338166,0.07331918,0.7900863,0.34255528,200.0,128.0,0.005,48.0,2.0,32.0,12.0,0.001,trans_PIDL,exper3,736,100
0.9808833,0.6489661,0.038268123,0.48530987,0.14905538,0.949138,1.0354241,0.059832774,0.8106593,0.2060152,200.0,128.0,0.005,48.0,2.0,32.0,12.0,0.01,trans_PIDL,exper3,744,100
0.98496884,0.79572266,0.031890135,0.63297105,0.0875166,0.9729894,1.075893,0.04397269,0.8253413,0.11699408,200.0,128.0,0.005,48.0,2.0,32.0,12.0,0.01,trans_PIDL,exper3,754,100
0.9652251,0.86246717,0.04586418,0.6397596,0.1275166,0.93006516,1.250868,0.053627755,0.912596,0.2671868,200.0,128.0,0.005,48.0,2.0,32.0,12.0,0.001,trans_PIDL,exper3,758,100
0.9748368,0.549964,0.034646455,0.41328764,0.028619483,0.9561767,0.74478656,0.042546764,0.5550517,0.039815433,200.0,128.0,0.005,48.0,2.0,32.0,12.0,0.01,trans_PIDL,exper3,767,100
0.9722938,0.607265,0.03873086,0.46843,0.02109485,0.93485487,0.9945962,0.06402652,0.77938354,0.035928912,200.0,128.0,0.005,48.0,2.0,32.0,12.0,0.01,trans_PIDL,exper3,770,100
0.9845462,0.7271246,0.031076102,0.54163444,0.09074654,0.9570093,1.1905383,0.05097787,0.88117105,0.13621409,200.0,128.0,0.005,48.0,2.0,32.0,12.0,0.01,trans_PIDL,exper3,771,100
0.98599255,0.7179207,0.030989045,0.53757364,0.09643588,0.96776825,1.0136193,0.04485095,0.77072173,0.13535656,200.0,128.0,0.005,48.0,2.0,32.0,12.0,0.01,trans_PIDL,exper3,779,100
0.9718495,0.744377,0.044493597,0.5482153,0.30419546,0.8801928,1.4646695,0.09047503,1.1236259,0.40704137,200.0,128.0,0.005,48.0,2.0,32.0,12.0,0.01,trans_PIDL,exper3,792,100
0.98716986,0.6324861,0.028100478,0.49148297,0.074997105,0.96365535,1.0599704,0.04925767,0.8042958,0.15052348,200.0,128.0,0.005,48.0,2.0,32.0,12.0,0.001,trans_PIDL,exper3,797,100
0.9626605,0.9822304,0.04801719,0.7823429,0.06169796,0.93854266,1.2505581,0.051344402,0.9525816,0.073818184,200.0,128.0,0.005,48.0,2.0,32.0,12.0,0.001,trans_PIDL,exper3,800,100
0.98536396,0.71996826,0.030819952,0.56110907,0.0772737,0.94771874,1.2959868,0.055837434,0.9755632,0.22363915,200.0,128.0,0.005,48.0,2.0,32.0,12.0,0.001,trans_PIDL,exper3,804,100
0.99034965,0.6283769,0.025964666,0.47580945,0.082439534,0.9690719,1.0802658,0.04417264,0.803893,0.38674602,200.0,128.0,0.005,48.0,2.0,32.0,12.0,0.01,trans_PIDL,exper3,805,100
0.9861392,0.6913613,0.030403165,0.5388537,0.13689901,0.95765036,1.184791,0.053213205,0.88896763,0.44157395,200.0,128.0,0.005,48.0,2.0,32.0,12.0,0.1,trans_PIDL,exper3,810,100
0.9756455,0.6452524,0.040005058,0.47400177,0.13371342,0.94585156,0.9710729,0.061148416,0.7019157,0.26411888,200.0,128.0,0.005,48.0,2.0,32.0,12.0,0.001,trans_PIDL,exper3,819,100
0.98676586,0.67349416,0.026834073,0.5119129,0.035033382,0.97508043,0.9066381,0.03687379,0.68010694,0.051426858,200.0,128.0,0.005,48.0,2.0,32.0,12.0,0.01,trans_PIDL,exper3,824,100
0.98474145,0.65029806,0.030999789,0.49090156,0.123631276,0.9516735,1.234459,0.05639266,0.89758927,0.20489392,200.0,128.0,0.005,48.0,2.0,32.0,12.0,0.001,trans_PIDL,exper3,825,100
0.9859669,0.81659734,0.032295838,0.61938685,0.09898184,0.9779994,1.0579154,0.041448846,0.79470754,0.24867254,200.0,128.0,0.005,48.0,2.0,32.0,12.0,0.001,trans_PIDL,exper3,827,100
0.7062458,0.77700675,0.09328551,0.61165947,0.027054068,0.62254304,0.9672198,0.10510904,0.74612486,0.033489082,200.0,128.0,0.005,48.0,2.0,32.0,12.0,0.01,trans_PIDL,exper3,829,100
0.9929935,0.6885872,0.022473458,0.5427592,0.11790775,0.9859812,1.0326319,0.03393246,0.8064153,0.44688845,200.0,128.0,0.005,48.0,2.0,32.0,12.0,0.01,trans_PIDL,exper3,840,100
0.97266597,0.8287764,0.041711237,0.6206598,0.11362676,0.93613935,1.27567,0.06484732,0.9359013,0.2244708,200.0,128.0,0.005,48.0,2.0,32.0,12.0,0.001,trans_PIDL,exper3,849,100
0.99045587,0.67703855,0.02666892,0.52116984,0.039620154,0.98215884,0.94823664,0.033884656,0.6939758,0.058945604,200.0,128.0,0.005,48.0,2.0,32.0,12.0,0.001,trans_PIDL,exper3,881,100
0.99053985,0.6857561,0.027950797,0.52537256,0.080870494,0.97896373,1.0338386,0.042012144,0.784378,0.18884431,200.0,128.0,0.005,48.0,2.0,32.0,12.0,0.01,trans_PIDL,exper3,883,100
0.98859715,0.6905662,0.029419446,0.52329063,0.05234923,0.9751928,1.0464303,0.04362402,0.80774826,0.08331195,200.0,128.0,0.005,48.0,2.0,32.0,12.0,0.001,trans_PIDL,exper3,893,100
0.99002904,0.8101236,0.027561132,0.62710166,0.086641796,0.9837861,1.0969207,0.036682237,0.863215,0.1746747,200.0,128.0,0.005,48.0,2.0,32.0,12.0,0.01,trans_PIDL,exper3,894,100
0.98457396,0.73148906,0.030751115,0.571899,0.07279927,0.9647541,1.1061472,0.046984863,0.841885,0.15730447,200.0,128.0,0.005,48.0,2.0,32.0,12.0,0.001,trans_PIDL,exper3,904,100
0.99247545,0.6298972,0.023113033,0.4757102,0.08969574,0.9845341,0.9620283,0.03500111,0.7478467,0.21147384,200.0,128.0,0.005,48.0,2.0,32.0,12.0,0.01,trans_PIDL,exper3,905,100
0.9905737,0.75536394,0.026573865,0.5825747,0.086542025,0.97883576,1.1380817,0.040171083,0.8435214,0.19489582,200.0,128.0,0.005,48.0,2.0,32.0,12.0,0.001,trans_PIDL,exper3,907,100
0.98800236,0.6461008,0.02776751,0.49118897,0.079851024,0.96198153,1.133461,0.04945696,0.83371985,0.13488741,200.0,128.0,0.005,48.0,2.0,32.0,12.0,0.001,trans_PIDL,exper3,908,100
0.9883234,0.67737293,0.027855221,0.519511,0.12244488,0.9683497,1.066654,0.044988107,0.8090007,0.16698417,200.0,128.0,0.005,48.0,2.0,32.0,12.0,0.001,trans_PIDL,exper3,910,100
0.9860868,0.44613287,0.032168653,0.31586727,0.14499746,0.97087073,0.6723358,0.046852738,0.49038053,0.31369683,200.0,128.0,0.005,48.0,2.0,32.0,12.0,0.001,trans_PIDL,exper3,913,100
0.98323417,0.72752786,0.03538119,0.55441153,0.20012726,0.97108716,0.9958183,0.048795726,0.7139885,0.21297093,200.0,128.0,0.005,48.0,2.0,32.0,12.0,0.001,trans_PIDL,exper3,920,100
0.95470726,0.78563124,0.05025094,0.6002056,0.22943568,0.89084274,1.2778362,0.08473479,0.99169666,0.7950138,200.0,128.0,0.005,48.0,2.0,32.0,12.0,0.01,trans_PIDL,exper3,924,100
0.9750641,0.7263862,0.029245239,0.56604254,0.029535847,0.95373005,0.91726464,0.04094153,0.70756686,0.037789665,200.0,128.0,0.005,48.0,2.0,32.0,12.0,0.001,trans_PIDL,exper3,929,100
0.9928202,0.66744417,0.020852393,0.5002825,0.04341172,0.9810605,1.0574067,0.033391606,0.82062036,0.08455137,200.0,128.0,0.005,48.0,2.0,32.0,12.0,0.001,trans_PIDL,exper3,931,100
0.9878198,0.693065,0.027977215,0.5280452,0.09164429,0.96026796,1.2570375,0.05127793,0.9284015,0.1683673,200.0,128.0,0.005,48.0,2.0,32.0,12.0,0.001,trans_PIDL,exper3,936,100
0.98999745,0.8159947,0.026258357,0.62099314,0.04666778,0.98649126,1.004706,0.03284029,0.7836194,0.078953005,200.0,128.0,0.005,48.0,2.0,32.0,12.0,0.01,trans_PIDL,exper3,945,100
0.9866842,0.72422576,0.03076775,0.5356946,0.06970336,0.965759,1.1751095,0.050222155,0.85127425,0.14709157,200.0,128.0,0.005,48.0,2.0,32.0,12.0,0.001,trans_PIDL,exper3,949,100
0.9803827,0.703623,0.03176652,0.5513392,0.05992527,0.9365941,1.4197505,0.06158554,1.0438347,0.16187412,200.0,128.0,0.005,48.0,2.0,32.0,12.0,0.01,trans_PIDL,exper3,976,100
0.9882504,0.6717317,0.027591357,0.5125813,0.077381216,0.9700397,1.0487576,0.044138514,0.8202658,0.1379312,200.0,128.0,0.005,48.0,2.0,32.0,12.0,0.001,trans_PIDL,exper3,977,100
0.98500246,0.7121559,0.034011386,0.5511583,0.14421669,0.9553086,1.2611516,0.061771464,0.8418389,0.28604728,200.0,128.0,0.005,48.0,2.0,32.0,12.0,0.001,trans_PIDL,exper3,982,100
0.98341703,0.82603204,0.03415077,0.64767694,0.16393276,0.9652356,1.1477946,0.048310637,0.87360924,0.15894583,200.0,128.0,0.005,48.0,2.0,32.0,12.0,0.001,trans_PIDL,exper3,1003,100
0.9873203,0.6633578,0.029056435,0.502576,0.14682914,0.95004815,1.2114526,0.054966986,0.8908715,0.13994236,200.0,128.0,0.005,48.0,2.0,32.0,12.0,0.001,trans_PIDL,exper3,1009,100
0.9822079,0.8815035,0.034033976,0.67268574,0.08745681,0.9631264,1.2741559,0.049263243,0.96837175,0.17521575,200.0,128.0,0.005,48.0,2.0,32.0,12.0,0.001,trans_PIDL,exper3,1011,100
0.97721577,0.71200436,0.035905648,0.535718,0.120172665,0.9295846,1.3567301,0.07039969,1.036203,0.58372074,200.0,128.0,0.005,48.0,2.0,32.0,12.0,0.01,trans_PIDL,exper3,1019,100
0.98923445,0.76530194,0.03017752,0.5968474,0.26857707,0.9844065,0.94607127,0.03777531,0.7145921,0.17971328,200.0,128.0,0.005,48.0,2.0,32.0,12.0,0.001,trans_PIDL,exper3,1026,100
0.98895967,0.6943944,0.028328938,0.53415155,0.17614362,0.9807698,0.9319766,0.038107213,0.7290232,0.2006448,200.0,128.0,0.005,48.0,2.0,32.0,12.0,0.01,trans_PIDL,exper3,1028,100
0.98068213,1.0527589,0.037058327,0.8342302,0.09950671,0.97062016,1.3213967,0.043610454,1.0347373,0.26526594,200.0,128.0,0.005,48.0,2.0,32.0,12.0,0.001,trans_PIDL,exper3,1050,100
0.9815151,0.8174223,0.035289224,0.61629033,0.08997604,0.9478199,1.3927015,0.061119426,0.9946481,0.50601137,200.0,128.0,0.005,48.0,2.0,32.0,12.0,0.01,trans_PIDL,exper3,1053,100
0.9810178,0.6266983,0.03169866,0.48022965,0.059370864,0.9486303,1.0088835,0.046378344,0.76794297,0.10098332,200.0,128.0,0.005,48.0,2.0,32.0,12.0,0.001,trans_PIDL,exper3,1057,100
0.9889089,0.64592576,0.026636498,0.49538583,0.06413304,0.96614856,1.1321881,0.046645213,0.8302338,0.14843413,200.0,128.0,0.005,48.0,2.0,32.0,12.0,0.001,trans_PIDL,exper3,1061,100
0.9893065,0.6242989,0.02644643,0.47458026,0.06876075,0.9619631,1.1458982,0.049579687,0.8399524,0.1586011,200.0,128.0,0.005,48.0,2.0,32.0,12.0,0.01,trans_PIDL,exper3,1062,100
0.98281676,0.5782035,0.036665123,0.43738627,0.1445908,0.9645916,0.8418592,0.05447041,0.6336019,0.21166262,200.0,128.0,0.005,48.0,2.0,32.0,12.0,0.001,trans_PIDL,exper3,1066,100
0.9885334,0.631588,0.027646055,0.4891767,0.22212155,0.94564927,1.2751358,0.05675074,0.9537796,0.21637979,200.0,128.0,0.005,48.0,2.0,32.0,12.0,0.01,trans_PIDL,exper3,1071,100
0.9918719,0.65123224,0.025579045,0.49745813,0.090472005,0.9747702,1.1103923,0.044496678,0.81337935,0.15525618,200.0,128.0,0.005,48.0,2.0,32.0,12.0,0.001,trans_PIDL,exper3,1075,100
0.9862353,1.0442449,0.030722665,0.8014894,0.091251776,0.97309035,1.4840955,0.045040857,1.1476271,0.18134007,200.0,128.0,0.005,48.0,2.0,32.0,12.0,0.001,trans_PIDL,exper3,1083,100
0.99277395,0.55941814,0.019337598,0.4135551,0.030849827,0.97243494,1.0717605,0.036213487,0.842721,0.075486645,200.0,128.0,0.005,48.0,2.0,32.0,12.0,0.001,trans_PIDL,exper3,1107,100
0.9917571,0.639923,0.023598295,0.48263964,0.041265536,0.9802258,1.0110669,0.03810386,0.72225034,0.07176766,200.0,128.0,0.005,48.0,2.0,32.0,12.0,0.001,trans_PIDL,exper3,1110,100
0.99295545,0.61271036,0.023433384,0.4599043,0.12296941,0.9812468,1.0650982,0.040261816,0.8239937,0.2433747,200.0,128.0,0.005,48.0,2.0,32.0,12.0,0.01,trans_PIDL,exper3,1116,100
0.9894709,0.72583276,0.028337633,0.55163103,0.0492859,0.97784644,1.1180904,0.042909946,0.8203018,0.11565477,200.0,128.0,0.005,48.0,2.0,32.0,12.0,0.01,trans_PIDL,exper3,1128,100
0.9884634,0.63802433,0.02983056,0.48063517,0.17266,0.97031194,1.0573249,0.049421564,0.76557106,0.6422304,200.0,128.0,0.005,48.0,2.0,32.0,12.0,0.01,trans_PIDL,exper3,1130,100
0.98842096,0.8048313,0.028358182,0.63664544,0.046054468,0.97251534,1.285951,0.045271758,0.9689295,0.09661157,200.0,128.0,0.005,48.0,2.0,32.0,12.0,0.01,trans_PIDL,exper3,1145,100
0.9862354,0.9266974,0.033713277,0.7208999,0.22557113,0.974302,1.2891446,0.048345365,1.0041386,0.3095639,200.0,128.0,0.005,48.0,2.0,32.0,12.0,0.001,trans_PIDL,exper3,1154,100
0.98655206,0.73152196,0.027746717,0.5525583,0.07103518,0.9647333,1.1689807,0.04656672,0.891437,0.13378467,200.0,128.0,0.005,48.0,2.0,32.0,12.0,0.1,trans_PIDL,exper3,1169,100
0.9837356,0.63597965,0.033550784,0.49445277,0.14107873,0.96390474,0.974754,0.051318016,0.7274151,0.18174396,200.0,128.0,0.005,48.0,2.0,32.0,12.0,0.01,trans_PIDL,exper3,1170,100
0.98667973,0.8081242,0.029667832,0.62149274,0.08778653,0.97716194,1.1114542,0.04017866,0.7898481,0.16258298,200.0,128.0,0.005,48.0,2.0,32.0,12.0,0.001,trans_PIDL,exper3,1174,100
0.9879394,0.70739365,0.028322121,0.5398466,0.08563695,0.96462005,1.2641855,0.05386362,0.9098182,0.2950646,200.0,128.0,0.005,48.0,2.0,32.0,12.0,0.001,trans_PIDL,exper3,1184,100
0.9899838,0.6578349,0.026829487,0.50910634,0.032258186,0.982161,0.9134253,0.037645478,0.70153016,0.049065795,200.0,128.0,0.005,48.0,2.0,32.0,12.0,0.001,trans_PIDL,exper3,1188,100
0.97569424,0.68492925,0.042034823,0.5111902,0.1390676,0.9504608,0.9908971,0.06248898,0.7749552,0.22137056,200.0,128.0,0.005,48.0,2.0,32.0,12.0,0.001,trans_PIDL,exper3,1192,100
0.9851161,0.88514346,0.034201834,0.68508255,0.12488511,0.97573704,1.148198,0.046292912,0.88161325,0.28972918,200.0,128.0,0.005,48.0,2.0,32.0,12.0,0.01,trans_PIDL,exper3,1193,100
0.9475968,0.50478315,0.04134212,0.3646659,0.10007678,0.87216735,0.8418566,0.07288158,0.6063856,0.12514704,200.0,128.0,0.005,48.0,2.0,32.0,12.0,0.01,trans_PIDL,exper3,1195,100
0.9863566,0.5974216,0.03210021,0.45333302,0.020946898,0.97707605,0.80698776,0.04121456,0.6226032,0.029547302,200.0,128.0,0.005,48.0,2.0,32.0,12.0,0.001,trans_PIDL,exper3,1196,100
0.9911206,0.6775757,0.026018575,0.5176376,0.09345396,0.9800358,1.038007,0.04060552,0.8032579,0.15921687,200.0,128.0,0.005,48.0,2.0,32.0,12.0,0.001,trans_PIDL,exper3,1199,100
0.9879717,0.6981259,0.028711373,0.5311079,0.07898858,0.97312206,1.0753189,0.04135842,0.79069656,0.18302572,200.0,128.0,0.005,48.0,2.0,32.0,12.0,0.001,trans_PIDL,exper3,1201,100
0.9895764,0.8027139,0.027065659,0.61976594,0.05465012,0.98174477,1.1468822,0.038943354,0.8921939,0.131017,200.0,128.0,0.005,48.0,2.0,32.0,12.0,0.001,trans_PIDL,exper3,1203,100
0.9918318,0.59327996,0.020801367,0.4422651,0.04631354,0.98121554,0.88623375,0.02834406,0.66059834,0.08207603,200.0,128.0,0.005,48.0,2.0,32.0,12.0,0.01,trans_PIDL,exper3,1204,100
0.9228259,0.545079,0.058855627,0.42529315,0.017433105,0.84625447,0.8852957,0.087249614,0.6851706,0.02875038,200.0,128.0,0.005,48.0,2.0,32.0,12.0,0.01,trans_PIDL,exper3,1219,100
0.9888884,0.6993538,0.02814448,0.541781,0.09794615,0.9701394,1.1320523,0.04426523,0.85423803,0.15805818,200.0,128.0,0.005,48.0,2.0,32.0,12.0,0.01,trans_PIDL,exper3,1221,100
0.9887218,0.80681753,0.027327245,0.63750446,0.04771488,0.9853887,0.9508492,0.032593943,0.73273134,0.07082993,200.0,128.0,0.005,48.0,2.0,32.0,12.0,0.001,trans_PIDL,exper3,1236,100
0.98646617,0.71146756,0.028949747,0.54395264,0.07015043,0.95764524,1.1626974,0.048641182,0.91480917,0.17815724,200.0,128.0,0.005,48.0,2.0,32.0,12.0,0.01,trans_PIDL,exper3,1237,100
0.99229276,0.54578173,0.022841504,0.41554135,0.09229827,0.9781621,0.9857701,0.040485032,0.7151171,0.36906192,200.0,128.0,0.005,48.0,2.0,32.0,12.0,0.001,trans_PIDL,exper3,1240,100
0.98949754,0.62877136,0.0266865,0.48591608,0.07774319,0.9691109,1.0869921,0.042839915,0.82448447,0.19504161,200.0,128.0,0.005,48.0,2.0,32.0,12.0,0.01,trans_PIDL,exper3,1246,100
0.98971546,0.64361435,0.025927791,0.48443982,0.06552501,0.9638085,1.1615729,0.04671512,0.877369,0.1363955,200.0,128.0,0.005,48.0,2.0,32.0,12.0,0.001,trans_PIDL,exper3,1249,100
0.9141381,0.52247816,0.04367086,0.38116637,0.07963348,0.82042754,0.7680662,0.06975616,0.54901415,0.109457284,200.0,128.0,0.005,48.0,2.0,32.0,12.0,0.01,trans_PIDL,exper3,1259,100
0.9916206,0.66751045,0.0222569,0.5104462,0.049748357,0.9679302,1.2945619,0.04133652,0.9914728,0.12756965,200.0,128.0,0.005,48.0,2.0,32.0,12.0,0.001,trans_PIDL,exper3,1270,100
0.9826914,0.56183547,0.0358313,0.41804045,0.13927625,0.97007006,0.76401025,0.050513074,0.57334864,0.2805527,200.0,128.0,0.005,48.0,2.0,32.0,12.0,0.001,trans_PIDL,exper3,1283,100
0.984462,0.8367111,0.032127988,0.651842,0.07763946,0.9506904,1.4247161,0.054874144,1.0272417,0.2389963,200.0,128.0,0.005,48.0,2.0,32.0,12.0,0.001,trans_PIDL,exper3,1286,100
0.9852134,0.884922,0.034567535,0.692839,0.23987234,0.96909004,1.3180001,0.05176301,0.9792014,0.25440034,200.0,128.0,0.005,48.0,2.0,32.0,12.0,0.01,trans_PIDL,exper3,1294,100
0.984881,0.8358947,0.033042204,0.6260326,0.098749116,0.9714799,1.1900263,0.04608936,0.90468115,0.25563014,200.0,128.0,0.005,48.0,2.0,32.0,12.0,0.001,trans_PIDL,exper3,1319,100
0.9629477,0.816662,0.045219436,0.6314312,0.031504948,0.94626254,0.9858202,0.06106664,0.7727614,0.040114183,200.0,128.0,0.005,48.0,2.0,32.0,12.0,0.001,trans_PIDL,exper3,1321,100
0.97816205,0.5531047,0.03920104,0.40479884,0.16652976,0.941145,0.938535,0.066765904,0.69002634,0.36477834,200.0,128.0,0.005,48.0,2.0,32.0,12.0,0.01,trans_PIDL,exper3,1336,100
0.99278873,0.7178111,0.022913717,0.55283856,0.06818801,0.9812963,1.1386065,0.035581455,0.8506984,0.12816529,200.0,128.0,0.005,48.0,2.0,32.0,12.0,0.01,trans_PIDL,exper3,1344,100
0.9930644,0.6068991,0.02006055,0.45514137,0.039038688,0.97170573,1.2626662,0.039427925,0.9824581,0.09865372,200.0,128.0,0.005,48.0,2.0,32.0,12.0,0.001,trans_PIDL,exper3,1358,100
0.9935431,0.5846195,0.023492988,0.45076135,0.08490167,0.97732836,1.0787996,0.04267243,0.7840787,0.15845181,200.0,128.0,0.005,48.0,2.0,32.0,12.0,0.001,trans_PIDL,exper3,1359,100
0.9914167,0.7480752,0.025206387,0.5836447,0.08173277,0.9871256,0.9102147,0.030431787,0.70275944,0.15582746,200.0,128.0,0.005,48.0,2.0,32.0,12.0,0.01,trans_PIDL,exper3,1360,100
0.9649176,0.69236124,0.036435116,0.5457629,0.027184276,0.9263952,0.96984226,0.05495031,0.7635404,0.038329214,200.0,128.0,0.005,48.0,2.0,32.0,12.0,0.001,trans_PIDL,exper3,1368,100
0.9858954,0.7241323,0.030596167,0.5519861,0.09696098,0.9625069,1.1465706,0.048735987,0.8653112,0.20626236,200.0,128.0,0.005,48.0,2.0,32.0,12.0,0.001,trans_PIDL,exper3,1370,100
0.9884725,0.65156275,0.027518978,0.4856552,0.07310766,0.96863073,1.0312485,0.0447269,0.77666736,0.11628225,200.0,128.0,0.005,48.0,2.0,32.0,12.0,0.001,trans_PIDL,exper3,1375,100
0.97799844,0.926251,0.038511857,0.69468963,0.12399862,0.9539834,1.3500477,0.056352008,0.9757139,0.29766905,200.0,128.0,0.005,48.0,2.0,32.0,12.0,0.01,trans_PIDL,exper3,1424,100
0.9894935,0.6174756,0.026458628,0.47658846,0.07186153,0.9632778,1.1273658,0.048687622,0.8311753,0.13035564,200.0,128.0,0.005,48.0,2.0,32.0,12.0,0.001,trans_PIDL,exper3,1425,100
0.98191357,0.58010614,0.037152994,0.4307654,0.13429795,0.95866764,0.9194705,0.05823628,0.6617095,0.33401117,200.0,128.0,0.005,48.0,2.0,32.0,12.0,0.01,trans_PIDL,exper3,1432,100
0.9780726,0.6032243,0.030682823,0.46093255,0.020023208,0.95885235,0.81057596,0.049947683,0.62165445,0.027675837,200.0,128.0,0.005,48.0,2.0,32.0,12.0,0.001,trans_PIDL,exper3,1434,100
0.9883287,0.7374813,0.026618425,0.5685479,0.037201654,0.9748778,1.0375041,0.03795647,0.8179595,0.0590457,200.0,128.0,0.005,48.0,2.0,32.0,12.0,0.01,trans_PIDL,exper3,1467,100
0.9893467,0.6115529,0.025845557,0.46178803,0.0815473,0.9627313,1.0810791,0.04833933,0.80125654,0.118278906,200.0,128.0,0.005,48.0,2.0,32.0,12.0,0.001,trans_PIDL,exper3,1489,100
0.9664198,0.81563747,0.040040366,0.6433634,0.03349933,0.9215179,1.1716336,0.05952086,0.91703385,0.047618452,200.0,128.0,0.005,48.0,2.0,32.0,12.0,0.001,trans_PIDL,exper3,1493,100
0.99474114,0.5638933,0.02115028,0.420838,0.09015584,0.9860579,0.962117,0.035580028,0.72864723,0.21560898,200.0,128.0,0.005,48.0,2.0,32.0,12.0,0.001,trans_PIDL,exper3,1498,100
0.9897058,0.6689996,0.026354972,0.50874263,0.11327986,0.979825,1.0012128,0.03907762,0.74719614,0.32611,200.0,128.0,0.005,48.0,2.0,32.0,12.0,0.01,trans_PIDL,exper3,1505,100
0.9807226,0.8312836,0.037781976,0.62555265,0.11836924,0.9455507,1.4160836,0.06403229,0.9804041,0.23966074,200.0,128.0,0.005,48.0,2.0,32.0,12.0,0.01,trans_PIDL,exper3,1516,100
0.9809166,0.8369485,0.034186475,0.64583534,0.09098515,0.9604585,1.2203948,0.049891554,0.962591,0.17856058,200.0,128.0,0.005,48.0,2.0,32.0,12.0,0.001,trans_PIDL,exper3,1524,100
0.98699677,0.5433468,0.027337214,0.4044466,0.05664692,0.9608924,0.93185616,0.04401777,0.695745,0.11900445,200.0,128.0,0.005,48.0,2.0,32.0,12.0,0.001,trans_PIDL,exper3,1526,100
0.9918219,0.71810186,0.024639878,0.5470409,0.052311976,0.9824883,1.0432433,0.03521104,0.7543347,0.077828944,200.0,128.0,0.005,48.0,2.0,32.0,12.0,0.001,trans_PIDL,exper3,1529,100
0.9878488,0.6763755,0.028669175,0.52092355,0.090331465,0.96789247,1.0590776,0.046279516,0.7562926,0.21647553,200.0,128.0,0.005,48.0,2.0,32.0,12.0,0.001,trans_PIDL,exper3,1547,100
0.98167896,0.6676955,0.031113,0.5191218,0.02775479,0.9536874,1.1843365,0.053792253,0.88660073,0.049214914,200.0,128.0,0.005,48.0,2.0,32.0,12.0,0.001,trans_PIDL,exper3,1567,100
0.9817374,0.72610813,0.035500657,0.54878885,0.14670908,0.832435,2.1397536,0.10407362,1.4011574,0.7867968,200.0,128.0,0.005,48.0,2.0,32.0,12.0,0.01,trans_PIDL,exper3,1573,100
0.9779664,0.7411107,0.034955513,0.5736602,0.07239364,0.9437026,1.2500875,0.057972305,0.93070644,0.14519833,200.0,128.0,0.005,48.0,2.0,32.0,12.0,0.001,trans_PIDL,exper3,1576,100
0.9837338,0.8104189,0.032321088,0.62028664,0.0890612,0.9537312,1.2969447,0.051207017,0.99911696,0.14036863,200.0,128.0,0.005,48.0,2.0,32.0,12.0,0.01,trans_PIDL,exper3,1582,100
0.9865268,0.7414888,0.029135121,0.5633395,0.085015416,0.96524316,1.1517996,0.045697264,0.8709243,0.2048565,200.0,128.0,0.005,48.0,2.0,32.0,12.0,0.01,trans_PIDL,exper3,1594,100
0.9913018,0.60166574,0.02769395,0.45186916,0.032099146,0.9869782,0.74582833,0.031163828,0.57650906,0.040559065,200.0,128.0,0.005,48.0,2.0,32.0,12.0,0.001,trans_PIDL,exper3,1596,100
0.984785,0.6646125,0.03325332,0.50300175,0.17937644,0.9332159,1.3496182,0.069900915,0.9943883,0.39384785,200.0,128.0,0.005,48.0,2.0,32.0,12.0,0.01,trans_PIDL,exper3,1613,100
0.9315888,0.5430696,0.053500395,0.4273207,0.01853667,0.8585895,0.7639379,0.073567905,0.5976997,0.025573371,200.0,128.0,0.005,48.0,2.0,32.0,12.0,0.001,trans_PIDL,exper3,1616,100
0.99513835,0.57843584,0.019570764,0.43666053,0.12802379,0.9798302,1.2025498,0.038609967,0.91973346,0.4542359,200.0,128.0,0.005,48.0,2.0,32.0,12.0,0.01,trans_PIDL,exper3,1618,100
0.98800313,0.70656216,0.028611638,0.54769474,0.2538192,0.96996653,1.0513164,0.04425664,0.77640384,0.22677687,200.0,128.0,0.005,48.0,2.0,32.0,12.0,0.001,trans_PIDL,exper3,1623,100
0.9906697,0.6885866,0.0265321,0.5254888,0.091398306,0.9834565,0.9283869,0.035888202,0.71487296,0.15353423,200.0,128.0,0.005,48.0,2.0,32.0,12.0,0.01,trans_PIDL,exper3,1632,100
0.98556805,0.6556456,0.028512776,0.5037095,0.08017761,0.9381317,1.3875175,0.059009194,1.0294993,0.25420305,200.0,128.0,0.005,48.0,2.0,32.0,12.0,0.01,trans_PIDL,exper3,1640,100
0.99037594,0.66274107,0.02530111,0.50766975,0.08313297,0.9804857,0.9611999,0.03841132,0.7319718,0.2762044,200.0,128.0,0.005,48.0,2.0,32.0,12.0,0.001,trans_PIDL,exper3,1649,100
0.9763618,0.5119963,0.039341964,0.38291663,0.11782857,0.9374062,0.86606765,0.06835578,0.628496,0.26073027,200.0,128.0,0.005,48.0,2.0,32.0,12.0,0.001,trans_PIDL,exper3,1652,100
0.9939178,0.66948134,0.021814812,0.50951135,0.14108333,0.9830329,1.1271195,0.036482524,0.8819271,0.29516268,200.0,128.0,0.005,48.0,2.0,32.0,12.0,0.001,trans_PIDL,exper3,1658,100
0.58788055,0.8193754,0.10206254,0.64580417,0.02966495,0.19918966,0.9737227,0.14454472,0.753501,0.0353535,200.0,128.0,0.005,48.0,2.0,32.0,12.0,0.01,trans_PIDL,exper3,1659,100
0.98975307,0.6311739,0.025792785,0.4854217,0.1212491,0.9704566,1.0526541,0.042642213,0.79149693,0.10461134,200.0,128.0,0.005,48.0,2.0,32.0,12.0,0.001,trans_PIDL,exper3,1676,100
0.9906041,0.66800576,0.025867634,0.5005041,0.095754385,0.9736032,1.1102029,0.041847073,0.8255893,0.20354876,200.0,128.0,0.005,48.0,2.0,32.0,12.0,0.001,trans_PIDL,exper3,1679,100
0.9867761,0.6672806,0.029151596,0.5158828,0.12073252,0.9612901,1.1181973,0.05035974,0.85970724,0.17226271,200.0,128.0,0.005,48.0,2.0,32.0,12.0,0.001,trans_PIDL,exper3,1703,100
0.9888435,0.66845447,0.02680932,0.5205007,0.07950483,0.9682595,1.0836034,0.04439638,0.80908483,0.15062882,200.0,128.0,0.005,48.0,2.0,32.0,12.0,0.01,trans_PIDL,exper3,1706,100
0.9920064,0.73267406,0.02554737,0.5699369,0.09178113,0.9830906,1.0732843,0.037738573,0.8335239,0.52959037,200.0,128.0,0.005,48.0,2.0,32.0,12.0,0.01,trans_PIDL,exper3,1714,100
0.97977304,0.65105087,0.040780447,0.5038846,0.15148921,0.9572972,1.0028579,0.06163855,0.7670409,0.27926573,200.0,128.0,0.005,48.0,2.0,32.0,12.0,0.001,trans_PIDL,exper3,1730,100
0.9844569,0.764254,0.030492488,0.5831209,0.06769146,0.9591121,1.2491597,0.050313104,0.90003383,0.20926355,200.0,128.0,0.005,48.0,2.0,32.0,12.0,0.01,trans_PIDL,exper3,1735,100
0.7029573,0.9386477,0.0962997,0.71247274,0.027927289,0.15821952,1.6354544,0.15878199,1.0394148,0.039788086,200.0,128.0,0.005,48.0,2.0,32.0,12.0,0.01,trans_PIDL,exper3,1740,100
0.9761233,0.71034926,0.040209584,0.5290841,0.16155972,0.94385296,1.1137236,0.062304337,0.8219456,0.3809944,200.0,128.0,0.005,48.0,2.0,32.0,12.0,0.001,trans_PIDL,exper3,1745,100
0.9920445,0.64301836,0.02412528,0.5041277,0.10189801,0.97478837,1.2097635,0.045100614,0.88653404,0.30061397,200.0,128.0,0.005,48.0,2.0,32.0,12.0,0.01,trans_PIDL,exper3,1756,100
0.98683035,0.73736966,0.028535979,0.56264836,0.10135746,0.9514089,1.5149006,0.06307224,1.1611819,0.3340221,200.0,128.0,0.005,48.0,2.0,32.0,12.0,0.01,trans_PIDL,exper3,1787,100
0.9672675,0.7863727,0.04869181,0.6027035,0.2890828,0.91224325,1.2096237,0.07921072,0.8755027,0.29488507,200.0,128.0,0.005,48.0,2.0,32.0,12.0,0.01,trans_PIDL,exper3,1790,100
0.9838284,0.7313801,0.03142122,0.5614603,0.10945507,0.955294,1.1702847,0.05143426,0.87810254,0.17371416,200.0,128.0,0.005,48.0,2.0,32.0,12.0,0.001,trans_PIDL,exper3,1815,100
0.9924627,0.60717446,0.024674697,0.46210566,0.07607067,0.97628605,1.0526737,0.04289676,0.7792408,0.20443411,200.0,128.0,0.005,48.0,2.0,32.0,12.0,0.001,trans_PIDL,exper3,1818,100
0.98308295,0.643226,0.036087494,0.47811592,0.14433281,0.9734377,0.84658045,0.04783489,0.6230938,0.25860342,200.0,128.0,0.005,48.0,2.0,32.0,12.0,0.001,trans_PIDL,exper3,1827,100
0.98706865,0.7697229,0.031499133,0.56363946,0.100453526,0.97934425,0.99078393,0.040116414,0.7533389,0.2776064,200.0,128.0,0.005,48.0,2.0,32.0,12.0,0.01,trans_PIDL,exper3,1831,100
0.98488176,0.7777148,0.031995375,0.61747766,0.19440663,0.96156365,1.181028,0.049689,0.8738173,0.17731164,200.0,128.0,0.005,48.0,2.0,32.0,12.0,0.1,trans_PIDL,exper3,1832,100
0.9922356,0.67480564,0.027304014,0.50205564,0.12271164,0.9873746,0.89843595,0.035925683,0.6786252,0.22561447,200.0,128.0,0.005,48.0,2.0,32.0,12.0,0.001,trans_PIDL,exper3,1840,100
0.8132108,0.99327993,0.07152054,0.7779518,0.031305052,0.7149589,1.2662923,0.086042136,0.9951979,0.039928813,200.0,128.0,0.005,48.0,2.0,32.0,12.0,0.01,trans_PIDL,exper3,1853,100
0.98341155,0.9623106,0.03428253,0.7591668,0.093074664,0.9477291,1.6713468,0.057887953,1.3069938,0.20314676,200.0,128.0,0.005,48.0,2.0,32.0,12.0,0.001,trans_PIDL,exper3,1887,100
0.95913815,0.7848727,0.05123197,0.5739282,0.25084677,0.8641864,1.3470782,0.10043056,1.0259991,0.3739486,200.0,128.0,0.005,48.0,2.0,32.0,12.0,0.001,trans_PIDL,exper3,1891,100
0.99202913,0.61352956,0.02508718,0.47300267,0.119846515,0.9780077,1.0214342,0.041021455,0.76334137,0.22622415,200.0,128.0,0.005,48.0,2.0,32.0,12.0,0.001,trans_PIDL,exper3,1893,100
0.9865666,0.74247974,0.030166674,0.57988983,0.084507965,0.94198865,1.4597604,0.059429336,1.0675197,0.29176,200.0,128.0,0.005,48.0,2.0,32.0,12.0,0.01,trans_PIDL,exper3,1908,100
0.98857766,0.6621479,0.02777693,0.5100628,0.0738558,0.9680004,1.08238,0.045306828,0.79652655,0.24473676,200.0,128.0,0.005,48.0,2.0,32.0,12.0,0.01,trans_PIDL,exper3,1910,100
0.9901098,0.5936825,0.027469978,0.4445861,0.026458414,0.98259175,0.810426,0.035596803,0.595265,0.036266483,200.0,128.0,0.005,48.0,2.0,32.0,12.0,0.1,trans_PIDL,exper3,1913,100
0.9872247,0.7008453,0.029381212,0.5353958,0.07527262,0.96170324,1.1663058,0.048529852,0.8761417,0.17455217,200.0,128.0,0.005,48.0,2.0,32.0,12.0,0.01,trans_PIDL,exper3,1945,100
0.9914336,0.6638615,0.025031125,0.50699294,0.07875958,0.9696493,1.2081203,0.04688034,0.87940216,0.15382138,200.0,128.0,0.005,48.0,2.0,32.0,12.0,0.001,trans_PIDL,exper3,1958,100
0.9759924,0.72414196,0.043069594,0.56408155,0.14217396,0.95627195,0.9884803,0.058708396,0.7663259,0.19473511,200.0,128.0,0.005,48.0,2.0,32.0,12.0,0.001,trans_PIDL,exper3,1970,100
0.9780647,0.6255031,0.041549932,0.47019032,0.16869603,0.9588436,0.86927754,0.054637183,0.64208066,0.25290045,200.0,128.0,0.005,48.0,2.0,32.0,12.0,0.001,trans_PIDL,exper3,1971,100
0.99316025,0.524832,0.022130113,0.39838046,0.10473347,0.97454023,1.009619,0.04100142,0.76438534,0.3654795,200.0,128.0,0.005,48.0,2.0,32.0,12.0,0.01,trans_PIDL,exper3,1984,100
0.98628795,0.8028164,0.030749824,0.62014705,0.090134576,0.94567865,1.5043244,0.059094433,1.1319016,0.1857374,200.0,128.0,0.005,48.0,2.0,32.0,12.0,0.01,trans_PIDL,exper3,1997,100
0.99012804,0.60280126,0.02573094,0.47185513,0.0804154,0.96433425,1.0895383,0.047363818,0.8254791,0.12465325,200.0,128.0,0.005,48.0,2.0,32.0,12.0,0.01,trans_PIDL,exper3,2021,100
0.98795855,0.77996093,0.028116852,0.5937525,0.082967035,0.9713773,1.2419081,0.04535822,0.95159495,0.2542871,200.0,128.0,0.005,48.0,2.0,32.0,12.0,0.001,trans_PIDL,exper3,2027,100
0.98791146,0.8167646,0.032003354,0.6256482,0.12435319,0.9767233,1.1685666,0.045434162,0.8426901,0.38212347,200.0,128.0,0.005,48.0,2.0,32.0,12.0,0.01,trans_PIDL,exper3,2032,100
0.9913336,0.6108975,0.025052706,0.465247,0.08179819,0.9681538,1.146182,0.046254314,0.87806565,0.18075022,200.0,128.0,0.005,48.0,2.0,32.0,12.0,0.01,trans_PIDL,exper3,2054,100
0.98777413,0.75164324,0.026587997,0.5810063,0.094960645,0.95790976,1.325894,0.04813846,0.99878407,0.21207117,200.0,128.0,0.005,48.0,2.0,32.0,12.0,0.001,trans_PIDL,exper3,2064,100
0.98854923,0.68598896,0.027341131,0.5199599,0.06306217,0.9703273,1.073261,0.042585954,0.81522506,0.12936406,200.0,128.0,0.005,48.0,2.0,32.0,12.0,0.01,trans_PIDL,exper3,2097,100
0.9856134,0.52463686,0.032230802,0.398265,0.22690648,0.96703357,0.8405081,0.050129816,0.5806383,0.24993213,200.0,128.0,0.005,48.0,2.0,32.0,12.0,0.01,trans_PIDL,exper3,2116,100
0.98161036,0.7544897,0.03252233,0.5670615,0.057753384,0.94353193,1.3837172,0.059227243,1.0363073,0.14518093,200.0,128.0,0.005,48.0,2.0,32.0,12.0,0.001,trans_PIDL,exper3,2117,100
0.7313738,0.6609226,0.10699457,0.5219826,0.023360537,0.68604684,0.7797916,0.10865222,0.619721,0.02808732,200.0,128.0,0.005,48.0,2.0,32.0,12.0,0.01,trans_PIDL,exper3,2124,100
0.9906237,0.81080604,0.02636123,0.63549197,0.097219616,0.98354894,1.1184124,0.037225813,0.8711876,0.23353803,200.0,128.0,0.005,48.0,2.0,32.0,12.0,0.001,trans_PIDL,exper3,2129,100
0.98756266,0.6841515,0.02802806,0.52852553,0.06597114,0.9700061,1.0132275,0.043693934,0.78383875,0.13131593,200.0,128.0,0.005,48.0,2.0,32.0,12.0,0.01,trans_PIDL,exper3,2162,100
0.9896339,0.74615955,0.024928706,0.569698,0.04164476,0.9679393,1.2639608,0.0416908,0.96946317,0.08663277,200.0,128.0,0.005,48.0,2.0,32.0,12.0,0.01,trans_PIDL,exper3,2168,100
0.9885454,0.6165532,0.02653323,0.4775996,0.08706581,0.94658047,1.2869997,0.05617407,0.9660367,0.13706353,200.0,128.0,0.005,48.0,2.0,32.0,12.0,0.1,trans_PIDL,exper3,2179,100
0.9866209,0.45172846,0.029975386,0.33487305,0.18974714,0.93487775,0.9525265,0.06497815,0.7096307,0.37156054,200.0,128.0,0.005,48.0,2.0,32.0,12.0,0.001,trans_PIDL,exper3,2186,100
0.9864369,0.7482819,0.029075447,0.57279736,0.08811545,0.9704355,1.0706015,0.04532314,0.8058111,0.12423191,200.0,128.0,0.005,48.0,2.0,32.0,12.0,0.001,trans_PIDL,exper3,2192,100
0.9642698,0.7714659,0.050064888,0.60155964,0.19237971,0.92598325,1.1998494,0.07358954,0.9229374,0.37187067,200.0,128.0,0.005,48.0,2.0,32.0,12.0,0.01,trans_PIDL,exper3,2199,100
0.9843827,0.6901799,0.03744352,0.5213488,0.18488441,0.97091067,0.961,0.051153593,0.7115226,0.4119959,200.0,128.0,0.005,48.0,2.0,32.0,12.0,0.01,trans_PIDL,exper3,2202,100
0.9652131,0.4897157,0.04140606,0.3530928,0.113283925,0.89926946,0.8769072,0.07670624,0.56166583,0.2014868,200.0,128.0,0.005,48.0,2.0,32.0,12.0,0.01,trans_PIDL,exper3,2203,100
0.9709312,0.5949278,0.037775688,0.4514102,0.16740036,0.9391257,0.8975575,0.060304563,0.65770113,0.20288871,200.0,128.0,0.005,48.0,2.0,32.0,12.0,0.001,trans_PIDL,exper3,2228,100
0.98561895,0.9283089,0.034210242,0.7190918,0.09600582,0.97739846,1.1880399,0.04350201,0.92081475,0.26113388,200.0,128.0,0.005,48.0,2.0,32.0,12.0,0.001,trans_PIDL,exper3,2253,100
0.9774153,0.6679588,0.037908997,0.5335384,0.113689676,0.9366313,1.1304712,0.060712736,0.8084126,0.26753095,200.0,128.0,0.005,48.0,2.0,32.0,12.0,0.1,trans_PIDL,exper3,2262,100
0.9857973,0.718905,0.03154337,0.53097475,0.07938063,0.9759132,0.9378494,0.0408887,0.68414015,0.14280239,200.0,128.0,0.005,48.0,2.0,32.0,12.0,0.001,trans_PIDL,exper3,2270,100
0.8684363,0.6294187,0.08070744,0.49877015,0.019009164,0.7910035,0.6610329,0.08086881,0.5167098,0.0198761,200.0,128.0,0.005,48.0,2.0,32.0,12.0,0.1,trans_PIDL,exper3,2271,100
0.9679103,0.61445034,0.044332635,0.46532935,0.13929768,0.8673699,1.2454314,0.09703498,0.95127875,0.5087169,200.0,128.0,0.005,48.0,2.0,32.0,12.0,0.01,trans_PIDL,exper3,2304,100
0.95522416,0.66279286,0.048246976,0.49817097,0.12917833,0.73224413,1.6164691,0.13037556,1.2966013,0.30902705,200.0,128.0,0.005,48.0,2.0,32.0,12.0,0.001,trans_PIDL,exper3,2305,100
0.99210066,0.63365096,0.024713377,0.47866374,0.06860785,0.98101693,0.98944664,0.03865026,0.7610078,0.12228348,200.0,128.0,0.005,48.0,2.0,32.0,12.0,0.01,trans_PIDL,exper3,2317,100
0.9865783,0.66787857,0.029231379,0.5114181,0.12631443,0.94827896,1.2899753,0.058067705,0.9279068,0.33946508,200.0,128.0,0.005,48.0,2.0,32.0,12.0,0.1,trans_PIDL,exper3,2323,100
0.9791943,0.85058963,0.033904556,0.664902,0.06965246,0.9555061,1.2682513,0.05094064,0.989767,0.12420625,200.0,128.0,0.005,48.0,2.0,32.0,12.0,0.01,trans_PIDL,exper3,2326,100
0.98387045,0.77094734,0.032344785,0.5988851,0.10425822,0.9477799,1.35429,0.056215715,0.9637193,0.44534457,200.0,128.0,0.005,48.0,2.0,32.0,12.0,0.1,trans_PIDL,exper3,2330,100
0.9876853,0.68166256,0.02616344,0.51975745,0.10167508,0.9689526,1.1021241,0.043710835,0.80415267,0.15419835,200.0,128.0,0.005,48.0,2.0,32.0,12.0,0.001,trans_PIDL,exper3,2336,100
0.9921773,0.61683697,0.023242416,0.47215202,0.059479997,0.98159164,0.9733198,0.035011478,0.7420331,0.20957531,200.0,128.0,0.005,48.0,2.0,32.0,12.0,0.01,trans_PIDL,exper3,2345,100
0.9791598,0.82949406,0.03614092,0.65579057,0.07785233,0.9023657,1.8095406,0.07503268,1.3044333,0.2118816,200.0,128.0,0.005,48.0,2.0,32.0,12.0,0.1,trans_PIDL,exper3,2351,100
0.9902495,0.6808558,0.027719727,0.518733,0.115431905,0.9741269,1.1100322,0.044819776,0.84859174,0.23433085,200.0,128.0,0.005,48.0,2.0,32.0,12.0,0.01,trans_PIDL,exper3,2358,100
0.9805964,0.7876262,0.033332765,0.59783727,0.035946622,0.96806246,1.0754038,0.04684831,0.838019,0.052922904,200.0,128.0,0.005,48.0,2.0,32.0,12.0,0.001,trans_PIDL,exper3,2364,100
0.98520356,0.72503775,0.031078644,0.55019003,0.09439636,0.9690323,1.0194358,0.04553789,0.78309715,0.11538994,200.0,128.0,0.005,48.0,2.0,32.0,12.0,0.001,trans_PIDL,exper3,2367,100
0.9864703,0.72271323,0.029643668,0.55793524,0.12267228,0.96667856,1.1466974,0.0476506,0.85710067,0.17839378,200.0,128.0,0.005,48.0,2.0,32.0,12.0,0.01,trans_PIDL,exper3,2368,100
0.8392317,0.8168778,0.08045702,0.6489221,0.024270773,0.7301232,1.0763183,0.10738506,0.8451136,0.032193527,200.0,128.0,0.005,48.0,2.0,32.0,12.0,0.001,trans_PIDL,exper3,2395,100
0.9738786,0.6025399,0.040877823,0.44684222,0.19345509,0.91154855,1.0761606,0.0794371,0.82281995,0.2522977,200.0,128.0,0.005,48.0,2.0,32.0,12.0,0.001,trans_PIDL,exper3,2415,100
0.987262,0.72131944,0.027848398,0.54881996,0.08861819,0.92314994,1.7330306,0.07394841,1.1433722,0.9754839,200.0,128.0,0.005,48.0,2.0,32.0,12.0,0.1,trans_PIDL,exper3,2418,100
0.9911125,0.6132805,0.025451547,0.46840683,0.07966092,0.9649722,1.146589,0.04701567,0.84884846,0.16774409,200.0,128.0,0.005,48.0,2.0,32.0,12.0,0.01,trans_PIDL,exper3,2420,100
0.98974943,0.66586304,0.02588892,0.5164519,0.09817384,0.98254323,0.9246273,0.0361594,0.71622473,0.45266876,200.0,128.0,0.005,48.0,2.0,32.0,12.0,0.01,trans_PIDL,exper3,2425,100
0.9889443,0.6230595,0.02678797,0.47871417,0.08118682,0.9603186,1.1629316,0.04972462,0.8154765,0.1522131,200.0,128.0,0.005,48.0,2.0,32.0,12.0,0.1,trans_PIDL,exper3,2436,100
0.980095,0.68403184,0.03540889,0.5179403,0.09232397,0.9343072,1.243791,0.059887562,0.94286776,0.16550359,200.0,128.0,0.005,48.0,2.0,32.0,12.0,0.01,trans_PIDL,exper3,2447,100
0.9899566,0.64841205,0.026133351,0.49187052,0.09323751,0.9657074,1.2665852,0.05081284,0.93258053,0.29320186,200.0,128.0,0.005,48.0,2.0,32.0,12.0,0.01,trans_PIDL,exper3,2473,100
0.97884005,0.6902564,0.03407496,0.53469473,0.20966889,0.9460422,1.1576753,0.055724386,0.83758533,0.22292715,200.0,128.0,0.005,48.0,2.0,32.0,12.0,0.01,trans_PIDL,exper3,2477,100
0.98629236,0.83304214,0.030979602,0.651869,0.109235406,0.9592533,1.3954155,0.05446651,1.0374733,0.39361495,200.0,128.0,0.005,48.0,2.0,32.0,12.0,0.001,trans_PIDL,exper3,2497,100
0.95110434,0.7929587,0.052758396,0.59348315,0.28582639,0.86997944,1.2789195,0.09002905,1.0002868,0.26172566,200.0,128.0,0.005,48.0,2.0,32.0,12.0,0.001,trans_PIDL,exper3,2511,100
0.9916452,0.41440412,0.021428905,0.3098292,0.048921596,0.95595956,1.0181186,0.04944724,0.7666666,0.114644915,200.0,128.0,0.005,48.0,2.0,32.0,12.0,0.001,trans_PIDL,exper3,2516,100
0.9935173,0.6550908,0.021374054,0.5122156,0.14352441,0.9845715,1.0212865,0.034306586,0.7968972,0.42489088,200.0,128.0,0.005,48.0,2.0,32.0,12.0,0.001,trans_PIDL,exper3,2517,100
0.9803286,0.5900235,0.036697503,0.44988468,0.24471317,0.95770746,0.87582517,0.05806908,0.6501189,0.21565202,200.0,128.0,0.005,48.0,2.0,32.0,12.0,0.001,trans_PIDL,exper3,2518,100
0.7737973,1.0162283,0.08103494,0.8028839,0.03316821,0.7630247,1.117683,0.0785787,0.8671268,0.03512679,200.0,128.0,0.005,48.0,2.0,32.0,12.0,0.001,trans_PIDL,exper3,2559,100
0.9761608,0.76194745,0.044751465,0.5900658,0.21096803,0.95685965,1.0499198,0.060032126,0.83065337,0.25823835,200.0,128.0,0.005,48.0,2.0,32.0,12.0,0.01,trans_PIDL,exper3,2569,100
0.98830366,0.72626853,0.029539285,0.55975777,0.09067782,0.96840537,1.1339881,0.046079848,0.8195342,0.118666194,200.0,128.0,0.005,48.0,2.0,32.0,12.0,0.001,trans_PIDL,exper3,2594,100
0.9884525,0.649189,0.027322793,0.49232122,0.09537886,0.97019035,0.9933741,0.042765092,0.74525946,0.15410514,200.0,128.0,0.005,48.0,2.0,32.0,12.0,0.001,trans_PIDL,exper3,2595,100
0.97851264,0.5471577,0.040733565,0.42184046,0.13679105,0.8880999,1.2765276,0.0942784,1.0221664,0.26450834,200.0,128.0,0.005,48.0,2.0,32.0,12.0,0.001,trans_PIDL,exper3,2613,100
0.9738997,0.68245524,0.02933641,0.5328704,0.02744073,0.91948473,1.14212,0.05832982,0.84467715,0.044629086,200.0,128.0,0.005,48.0,2.0,32.0,12.0,0.01,trans_PIDL,exper3,2616,100
0.9895011,0.70759195,0.027124895,0.5479094,0.07546924,0.97320986,1.1351758,0.04286921,0.88507026,0.15749094,200.0,128.0,0.005,48.0,2.0,32.0,12.0,0.001,trans_PIDL,exper3,2627,100
0.9731168,0.7913556,0.036993217,0.62648636,0.06775951,0.93185914,1.3962387,0.06379773,1.0358766,0.31927532,200.0,128.0,0.005,48.0,2.0,32.0,12.0,0.001,trans_PIDL,exper3,2655,100
0.9869714,0.71927303,0.03189719,0.5503631,0.09570014,0.94628865,1.5023379,0.06610651,0.9895086,0.24727398,200.0,128.0,0.005,48.0,2.0,32.0,12.0,0.001,trans_PIDL,exper3,2663,100
0.9808322,0.85137933,0.037373982,0.65929794,0.19823442,0.9600035,1.3146794,0.056241885,0.96386826,0.34104392,200.0,128.0,0.005,48.0,2.0,32.0,12.0,0.01,trans_PIDL,exper3,2682,100
0.9855872,0.84760344,0.032199558,0.6611914,0.10954523,0.9726963,1.1971741,0.044274155,0.876295,0.28914866,200.0,128.0,0.005,48.0,2.0,32.0,12.0,0.001,trans_PIDL,exper3,2696,100
0.9898704,0.627202,0.02643183,0.47778198,0.08003607,0.9525247,1.239041,0.0525815,0.91193765,0.1887819,200.0,128.0,0.005,48.0,2.0,32.0,12.0,0.01,trans_PIDL,exper3,2709,100
0.9903502,0.6472507,0.02621653,0.49735084,0.0798369,0.9632218,1.2297473,0.049698506,0.90599513,0.19624527,200.0,128.0,0.005,48.0,2.0,32.0,12.0,0.01,trans_PIDL,exper3,2731,100
0.98452693,0.69277453,0.034372345,0.534409,0.15691881,0.8950058,1.7661613,0.089199975,1.2742904,0.50838304,200.0,128.0,0.005,48.0,2.0,32.0,12.0,0.01,trans_PIDL,exper3,2750,100
0.9896506,0.6611951,0.027206874,0.51122546,0.09783375,0.9772494,1.0294572,0.0417223,0.77120996,0.25162464,200.0,128.0,0.005,48.0,2.0,32.0,12.0,0.01,trans_PIDL,exper3,2798,100
0.98776597,0.7617581,0.025836898,0.58425725,0.05200611,0.97586614,1.0373508,0.035228368,0.81852597,0.08896562,200.0,128.0,0.005,48.0,2.0,32.0,12.0,0.001,trans_PIDL,exper3,2799,100
0.9884899,0.8768404,0.028645571,0.67366976,0.074789375,0.97689414,1.3312178,0.04390082,1.0747386,0.37582886,200.0,128.0,0.005,48.0,2.0,32.0,12.0,0.01,trans_PIDL,exper3,2803,100
0.9924177,0.6819017,0.024761776,0.5238283,0.07222295,0.9832748,1.0333273,0.036947433,0.7775359,0.21612112,200.0,128.0,0.005,48.0,2.0,32.0,12.0,0.01,trans_PIDL,exper3,2812,100
0.94823146,0.8208316,0.05630275,0.62539005,0.24423882,0.8929049,1.194872,0.0824993,0.94131184,0.37188283,200.0,128.0,0.005,48.0,2.0,32.0,12.0,0.001,trans_PIDL,exper3,2819,100
0.9683389,0.8514326,0.048276953,0.64642394,0.14782022,0.8921876,1.4857353,0.087811075,1.1337005,0.26661253,200.0,128.0,0.005,48.0,2.0,32.0,12.0,0.001,trans_PIDL,exper3,2881,100
0.9880046,0.7930296,0.026837055,0.6116286,0.04703963,0.9747318,1.1132749,0.038957708,0.8569049,0.07367121,200.0,128.0,0.005,48.0,2.0,32.0,12.0,0.001,trans_PIDL,exper3,2898,100
0.9875081,0.65145016,0.029572552,0.51073587,0.11343966,0.9493857,1.2979425,0.061769813,0.90062225,0.21686554,200.0,128.0,0.005,48.0,2.0,32.0,12.0,0.01,trans_PIDL,exper3,2926,100
0.9878856,0.7609133,0.02878821,0.58612925,0.04039189,0.9818298,0.9633341,0.035055824,0.75369024,0.053913023,200.0,128.0,0.005,48.0,2.0,32.0,12.0,0.001,trans_PIDL,exper3,2927,100
0.9872386,0.78162754,0.028884979,0.60963184,0.13750519,0.9395533,1.6691363,0.061819863,1.2193422,0.21110241,200.0,128.0,0.005,48.0,2.0,32.0,12.0,0.001,trans_PIDL,exper3,2940,100
0.99083734,0.64228123,0.025910024,0.48816726,0.0799303,0.96504164,1.2251682,0.05011329,0.9127556,0.37325266,200.0,128.0,0.005,48.0,2.0,32.0,12.0,0.001,trans_PIDL,exper3,2944,100
0.9815129,0.68958205,0.039442234,0.5314213,0.21532983,0.9633099,0.98932236,0.05943239,0.7315622,0.31062275,200.0,128.0,0.005,48.0,2.0,32.0,12.0,0.01,trans_PIDL,exper3,2946,100
0.9922712,0.6002113,0.023114245,0.46282578,0.06458876,0.9784919,1.0009362,0.03884925,0.7558185,0.13538152,200.0,128.0,0.005,48.0,2.0,32.0,12.0,0.001,trans_PIDL,exper3,2955,100
0.9924076,0.6109644,0.023643767,0.47604772,0.06862069,0.9779526,1.0404427,0.038924184,0.79703337,0.31004044,200.0,128.0,0.005,48.0,2.0,32.0,12.0,0.001,trans_PIDL,exper3,2978,100
0.9889515,0.6976046,0.025385922,0.5263912,0.062035672,0.9757534,1.081801,0.04109006,0.8194392,0.2658848,200.0,128.0,0.005,48.0,2.0,32.0,12.0,0.001,trans_PIDL,exper3,2985,100
0.9863112,0.7874162,0.02891855,0.60829794,0.06267588,0.97881144,1.006529,0.03803342,0.80282676,0.21086904,200.0,128.0,0.005,48.0,2.0,32.0,12.0,0.001,trans_PIDL,exper3,3097,100
0.99145603,0.58664674,0.02449032,0.4596129,0.048720438,0.9787745,0.9670504,0.04105475,0.742413,0.10547538,200.0,128.0,0.005,48.0,2.0,32.0,12.0,0.01,trans_PIDL,exper3,3109,100
0.97704005,0.74706054,0.035676245,0.5623973,0.1008799,0.90876603,1.6565199,0.07762511,1.2083143,0.4824702,200.0,128.0,0.005,48.0,2.0,32.0,12.0,0.01,trans_PIDL,exper3,3133,100
0.98428303,0.7339325,0.031670872,0.56362176,0.07688748,0.9545382,1.2109101,0.052082155,0.93393725,0.13484819,200.0,128.0,0.005,48.0,2.0,32.0,12.0,0.001,trans_PIDL,exper3,3135,100
0.9868242,0.72239697,0.02900474,0.5460975,0.107994765,0.96521825,1.1195494,0.045238886,0.8621067,0.109026894,200.0,128.0,0.005,48.0,2.0,32.0,12.0,0.001,trans_PIDL,exper3,3188,100
0.98879653,0.8417286,0.028350176,0.6621235,0.044155814,0.9782844,1.2648109,0.04313422,0.90547097,0.0998445,200.0,128.0,0.005,48.0,2.0,32.0,12.0,0.01,trans_PIDL,exper3,3200,100
0.9326129,0.59433407,0.052949432,0.44874945,0.15807955,0.78272057,1.2520967,0.11129748,0.9277308,0.28071392,200.0,128.0,0.005,48.0,2.0,32.0,12.0,0.001,trans_PIDL,exper3,3211,100
0.9234696,0.55680805,0.058983907,0.41571212,0.23339055,0.80106807,0.97019464,0.10211983,0.7417571,0.35440165,200.0,128.0,0.005,48.0,2.0,32.0,12.0,0.001,trans_PIDL,exper3,3219,100
0.9905482,0.63742363,0.025764901,0.47913015,0.08480498,0.9460764,1.4203427,0.0597473,1.0164387,0.19323532,200.0,128.0,0.005,48.0,2.0,32.0,12.0,0.001,trans_PIDL,exper3,3231,100
0.9906578,0.593579,0.025371874,0.44684586,0.08305686,0.96595925,1.15465,0.050194647,0.850127,0.18138479,200.0,128.0,0.005,48.0,2.0,32.0,12.0,0.001,trans_PIDL,exper3,3243,100
0.9920031,0.5725155,0.023991393,0.43819267,0.09718644,0.9721744,1.0747736,0.043146234,0.810101,0.28208238,200.0,128.0,0.005,48.0,2.0,32.0,12.0,0.01,trans_PIDL,exper3,3281,100
0.9906928,0.61345327,0.028496064,0.46077126,0.029486261,0.9851782,0.7913751,0.032769833,0.61047506,0.039940067,200.0,128.0,0.005,48.0,2.0,32.0,12.0,0.01,trans_PIDL,exper3,3307,100
0.98925275,0.63665974,0.027109623,0.4803091,0.08946141,0.97158283,1.1082146,0.04794851,0.767796,0.15207176,200.0,128.0,0.005,48.0,2.0,32.0,12.0,0.001,trans_PIDL,exper3,3365,100
0.99109656,0.6199111,0.024077807,0.47674543,0.07931189,0.98117816,0.9590931,0.037648406,0.73412555,0.26401332,200.0,128.0,0.005,48.0,2.0,32.0,12.0,0.001,trans_PIDL,exper3,3379,100
0.9821591,0.75135124,0.0405154,0.5622555,0.42080444,0.9662587,1.0230653,0.055692177,0.7915372,0.27262506,200.0,128.0,0.005,48.0,2.0,32.0,12.0,0.01,trans_PIDL,exper3,3394,100
0.9827136,0.7918105,0.031595178,0.62993306,0.07355476,0.95572734,1.2976149,0.05230817,0.98479706,0.15894301,200.0,128.0,0.005,48.0,2.0,32.0,12.0,0.01,trans_PIDL,exper3,3397,100
0.9850226,0.563949,0.032396864,0.4332932,0.15310113,0.8762695,1.7442015,0.09809908,1.3088919,0.57986045,200.0,128.0,0.005,48.0,2.0,32.0,12.0,0.001,trans_PIDL,exper3,3446,100
0.99165756,0.725201,0.025376536,0.53702253,0.09271028,0.9740979,1.224989,0.041424625,0.9456018,0.2215006,200.0,128.0,0.005,48.0,2.0,32.0,12.0,0.001,trans_PIDL,exper3,3476,100
0.97911084,0.7545501,0.0376522,0.5795934,0.093360625,0.95913345,1.0712358,0.051968183,0.8034977,0.14497598,200.0,128.0,0.005,48.0,2.0,32.0,12.0,0.01,trans_PIDL,exper3,3478,100
0.9852402,0.9083203,0.03277263,0.7010922,0.09411563,0.97200334,1.2545412,0.04357559,0.9563713,0.27846125,200.0,128.0,0.005,48.0,2.0,32.0,12.0,0.001,trans_PIDL,exper3,3500,100
0.9888508,0.6223175,0.026988052,0.48559317,0.08195227,0.9629038,1.0984553,0.049140897,0.8259766,0.20249549,200.0,128.0,0.005,48.0,2.0,32.0,12.0,0.01,trans_PIDL,exper3,3570,100
0.9840015,0.75971717,0.032037556,0.5907142,0.09049868,0.962624,1.1912638,0.05002998,0.89878505,0.133994,200.0,128.0,0.005,48.0,2.0,32.0,12.0,0.001,trans_PIDL,exper3,3587,100
0.9820632,0.6986236,0.033257224,0.5476946,0.028568879,0.95124173,1.2283946,0.060574442,0.934738,0.05099493,200.0,128.0,0.005,48.0,2.0,32.0,12.0,0.001,trans_PIDL,exper3,3614,100
0.98639774,0.9436178,0.030766774,0.7275002,0.1740869,0.9713714,1.444586,0.04805992,1.1692669,0.24670896,200.0,128.0,0.005,48.0,2.0,32.0,12.0,0.1,trans_PIDL,exper3,4292,100
0.993846,0.6342281,0.022338292,0.47181326,0.11542097,0.9824397,1.0917237,0.038565468,0.81977,0.29795688,200.0,128.0,0.005,48.0,2.0,32.0,12.0,0.001,trans_PIDL,exper3,4503,100
0.9930018,0.5960538,0.022840828,0.447905,0.15012535,0.97401977,1.1200086,0.042232633,0.832118,0.25409964,200.0,128.0,0.005,48.0,2.0,32.0,12.0,0.01,trans_PIDL,exper3,5729,100
0.98946106,0.80102575,0.02738004,0.6117732,0.079286665,0.9760692,1.2107323,0.042419564,0.9499297,0.3261158,200.0,128.0,0.005,48.0,2.0,32.0,12.0,0.01,trans_PIDL,exper3,6048,100
0.9935926,0.5463052,0.02237122,0.40930876,0.08604251,0.9756085,1.0544834,0.0420538,0.7867261,0.19664676,200.0,128.0,0.005,48.0,2.0,32.0,12.0,0.001,trans_PIDL,exper3,6785,100
0.9924133,0.64515424,0.023318244,0.47522467,0.064728215,0.96409047,1.3852533,0.05174372,0.9538896,0.1990219,200.0,128.0,0.005,48.0,2.0,32.0,12.0,0.01,trans_PIDL,exper3,7739,100
0.99160063,0.7512166,0.024993898,0.5826828,0.11447169,0.97983,1.2260486,0.040530574,0.9537447,0.25902265,200.0,128.0,0.005,48.0,2.0,32.0,12.0,0.001,trans_PIDL,exper3,8089,100
0.99130106,0.6626144,0.023951361,0.50505644,0.07023973,0.97489893,1.1265473,0.040567067,0.79362595,0.13801315,200.0,128.0,0.005,48.0,2.0,32.0,12.0,0.001,trans_PIDL,exper3,10161,100
0.960808,0.99968,0.04858476,0.7747244,0.04553773,0.94754833,1.1561534,0.058273863,0.88026875,0.05223,200.0,128.0,0.005,48.0,2.0,32.0,12.0,0.01,trans_PIDL,exper3,100000003,100
0.96903366,1.3892117,0.04423931,1.07178,0.10006331,0.92127836,1.892618,0.060781613,1.4884465,0.17557783,200.0,128.0,0.005,48.0,2.0,32.0,12.0,0.01,trans_PIDL,exper3,200000001,100
0.9895972,0.90369236,0.029283047,0.67135835,0.07338996,0.98618567,1.0843554,0.034853898,0.7827406,0.12792096,200.0,128.0,0.005,48.0,2.0,32.0,12.0,0.001,trans_PIDL,exper3,300000138,100
0.97201204,1.4216133,0.047324013,1.0865563,0.18350987,0.9676101,1.5223927,0.049200702,1.1350744,0.19169235,200.0,128.0,0.005,48.0,2.0,32.0,12.0,0.01,trans_PIDL,exper3,300000140,100
0.95527387,0.86389303,0.051700868,0.6563997,0.32957783,0.85445315,1.6615779,0.09604691,1.2100202,0.34541693,200.0,128.0,0.005,48.0,2.0,32.0,12.0,0.01,trans_PIDL,exper3,300000223,100
0.9744651,0.63634497,0.040165633,0.4859787,0.25004357,0.7920753,1.802167,0.11699535,1.3245813,0.8356351,200.0,128.0,0.005,48.0,2.0,32.0,12.0,0.01,trans_PIDL,exper3,300000250,100
0.9698044,0.626128,0.04388319,0.45850295,0.22263181,0.8291594,1.4680755,0.10644708,1.0973047,0.63487756,200.0,128.0,0.005,48.0,2.0,32.0,12.0,0.01,trans_PIDL,exper3,300000274,100
0.96596605,0.8049609,0.040669218,0.60968804,0.18775459,0.79590535,2.0088117,0.1024768,1.5109668,0.52296317,200.0,128.0,0.005,48.0,2.0,32.0,12.0,0.1,trans_PIDL,exper3,300000311,100
0.95874876,0.9030169,0.05098841,0.69223404,0.1750795,0.8486677,1.8190576,0.09439842,1.2784472,0.7494082,200.0,128.0,0.005,48.0,2.0,32.0,12.0,0.001,trans_PIDL,exper3,300000328,100
0.96635556,0.812918,0.045038003,0.6165063,0.20391984,0.8596072,1.6739709,0.08644736,1.2671969,0.4325202,200.0,128.0,0.005,48.0,2.0,32.0,12.0,0.001,trans_PIDL,exper3,300000337,100
0.9841512,0.61742425,0.030780945,0.47887915,0.1040759,0.8566866,1.8684434,0.09288049,1.3046923,0.6327484,200.0,128.0,0.005,48.0,2.0,32.0,12.0,0.001,trans_PIDL,exper3,300000347,100
0.9647943,0.738158,0.04172548,0.5749811,0.14902116,0.80095387,1.7695597,0.09051457,1.3085645,0.42053297,200.0,128.0,0.005,48.0,2.0,32.0,12.0,0.01,trans_PIDL,exper3,300000349,100
0.9666455,0.9924218,0.044834718,0.7480141,0.1377165,0.9213003,1.5497863,0.06529328,1.1524401,0.27704352,200.0,128.0,0.005,48.0,2.0,32.0,12.0,0.1,trans_PIDL,exper3,300000428,100
0.97751474,0.80794066,0.035676196,0.6009506,0.07339527,0.90388167,1.6169205,0.072395645,1.2324847,0.19668517,200.0,128.0,0.005,48.0,2.0,32.0,12.0,0.01,trans_PIDL,exper3,300000437,100
0.98626065,0.74238116,0.028460078,0.5613569,0.1300415,0.95096874,1.3327922,0.056854736,0.950403,0.14703389,200.0,128.0,0.005,48.0,2.0,32.0,12.0,0.001,trans_PIDL,exper3,300000525,100
0.9860422,0.7315091,0.031185081,0.55057025,0.12629268,0.9574568,1.2363786,0.05392703,0.9026651,0.15722926,200.0,128.0,0.005,48.0,2.0,32.0,12.0,0.001,trans_PIDL,exper3,300000566,100
0.9878378,0.7225099,0.028804513,0.5382677,0.06969209,0.95327747,1.3013277,0.05072465,0.93536794,0.17390223,200.0,128.0,0.005,48.0,2.0,32.0,12.0,0.01,trans_PIDL,exper3,300000654,100
0.9911928,0.5552602,0.025564464,0.42773387,0.15335327,0.95397913,1.2572465,0.057126798,0.8956565,0.27266532,200.0,128.0,0.005,48.0,2.0,32.0,12.0,0.001,trans_PIDL,exper3,300000704,100
0.9904164,0.67911893,0.027187584,0.5169127,0.09859726,0.9635151,1.326794,0.053814355,0.9706738,0.2285748,200.0,128.0,0.005,48.0,2.0,32.0,12.0,0.001,trans_PIDL,exper3,300000709,100
0.986642,0.8761967,0.031008512,0.667642,0.08053912,0.9779714,1.1367252,0.039492976,0.8770936,0.17795844,200.0,128.0,0.005,48.0,2.0,32.0,12.0,0.01,trans_PIDL,exper3,300000725,100
0.9744678,1.0104659,0.039317764,0.7391969,0.05919992,0.95946944,1.2673196,0.053836856,0.9436863,0.08376633,200.0,128.0,0.005,48.0,2.0,32.0,12.0,0.001,trans_PIDL,exper3,300000727,100
0.9938329,0.6157888,0.023290046,0.4491377,0.10945745,0.98154914,1.0976853,0.03977301,0.81920147,0.45748687,200.0,128.0,0.005,48.0,2.0,32.0,12.0,0.01,trans_PIDL,exper3,300000767,100
0.98859227,0.79729146,0.028616326,0.5970748,0.30347806,0.904921,2.3488877,0.076403044,1.854383,0.39928105,200.0,128.0,0.005,48.0,2.0,32.0,12.0,0.001,trans_PIDL,exper3,300000771,100
0.99084604,0.7817209,0.02896759,0.579435,0.09495783,0.9780694,1.2370523,0.042753942,0.9352856,0.23242895,200.0,128.0,0.005,48.0,2.0,32.0,12.0,0.001,trans_PIDL,exper3,300000772,100
0.9884266,0.81486326,0.02988931,0.621844,0.035579443,0.9768263,1.1361723,0.037929304,0.87393624,0.053911343,200.0,128.0,0.005,48.0,2.0,32.0,12.0,0.01,trans_PIDL,exper3,300000836,100
0.9000363,0.9416792,0.07216342,0.731966,0.030435545,0.89535207,0.96378756,0.07288997,0.73359406,0.03026536,200.0,128.0,0.005,48.0,2.0,32.0,12.0,0.01,trans_PIDL,exper3,300000946,100
0.95205665,1.0260214,0.045183573,0.79331374,0.040010054,0.92029625,1.3001953,0.058291703,1.032821,0.051209643,200.0,128.0,0.005,48.0,2.0,32.0,12.0,0.01,trans_PIDL,exper3,300000962,100
0.44086438,0.64535934,0.107999444,0.45309418,0.8242662,0.28973967,1.1685637,0.15393867,0.89923817,1.0479364,200.0,128.0,0.005,48.0,2.0,32.0,12.0,0.01,trans_PIDL,exper3,300001007,100
0.96014786,0.7794328,0.04966881,0.5547589,0.20007473,0.8534236,1.6727206,0.08846269,1.2527819,0.48522544,200.0,128.0,0.005,48.0,2.0,32.0,12.0,0.001,trans_PIDL,exper3,300001024,100
0.889115,1.0697578,0.0569272,0.74894005,0.23247169,0.79896045,1.4316363,0.086035684,1.0333606,0.32960147,200.0,128.0,0.005,48.0,2.0,32.0,12.0,0.01,trans_PIDL,exper3,300001038,100
0.9737786,0.7759851,0.040416628,0.57160026,0.2474513,0.86271346,1.987288,0.08312794,1.3902473,0.38510153,200.0,128.0,0.005,48.0,2.0,32.0,12.0,0.001,trans_PIDL,exper3,300001048,100
0.84291923,0.6309857,0.0817607,0.46484306,0.5419371,0.5757464,0.9191439,0.13213457,0.6696859,0.711008,200.0,128.0,0.005,48.0,2.0,32.0,12.0,0.001,trans_PIDL,exper3,300001053,100
0.9810064,0.6871154,0.033102937,0.5309053,0.19150935,0.8078772,2.190567,0.10097608,1.5791115,0.57788354,200.0,128.0,0.005,48.0,2.0,32.0,12.0,0.01,trans_PIDL,exper3,300001063,100
0.98091644,0.6663888,0.03216398,0.5155815,0.23025165,0.9358231,1.1572921,0.051681947,0.87772924,0.32992208,200.0,128.0,0.005,48.0,2.0,32.0,12.0,0.001,trans_PIDL,exper3,300001098,100
0.98258346,0.7959102,0.030436661,0.60077846,0.09105845,0.9532152,1.2856148,0.04898243,0.96202224,0.27708235,200.0,128.0,0.005,48.0,2.0,32.0,12.0,0.01,trans_PIDL,exper3,300001112,100
0.9805325,0.88283086,0.032271102,0.67915446,0.11300371,0.95456445,1.3297889,0.04911057,0.95709187,0.23755194,200.0,128.0,0.005,48.0,2.0,32.0,12.0,0.01,trans_PIDL,exper3,300001118,100
0.97905344,0.6181936,0.03137561,0.46851766,0.11418328,0.92188656,1.1610391,0.055657037,0.8603901,0.18365239,200.0,128.0,0.005,48.0,2.0,32.0,12.0,0.001,trans_PIDL,exper3,300001127,100
0.98783195,0.7090856,0.027750557,0.53404033,0.2545235,0.96243244,1.2748076,0.04884526,0.88520837,0.17886688,200.0,128.0,0.005,48.0,2.0,32.0,12.0,0.001,trans_PIDL,exper3,300001141,100
0.98249865,1.1012616,0.036261495,0.8247653,0.19924343,0.9647555,1.6368961,0.052830845,1.2464072,0.54077893,200.0,128.0,0.005,48.0,2.0,32.0,12.0,0.01,trans_PIDL,exper3,300001252,100
0.98983246,0.8642719,0.028201206,0.6596353,0.081558526,0.9802698,1.2576728,0.041169234,0.96876425,0.2349025,200.0,128.0,0.005,48.0,2.0,32.0,12.0,0.01,trans_PIDL,exper3,300001256,100
0.98371196,1.0721247,0.03489081,0.81147,0.1327792,0.9631581,1.6806337,0.053218864,1.3366549,0.31699806,200.0,128.0,0.005,48.0,2.0,32.0,12.0,0.01,trans_PIDL,exper3,300001257,100
0.98587275,0.96980846,0.0333153,0.74992466,0.11616302,0.9630481,1.5679162,0.053360738,1.1582276,0.37971857,200.0,128.0,0.005,48.0,2.0,32.0,12.0,0.01,trans_PIDL,exper3,300001297,100
0.98999554,0.8992763,0.028006114,0.6819047,0.09206263,0.98141426,1.2106272,0.037384134,0.92736655,0.24262385,200.0,128.0,0.005,48.0,2.0,32.0,12.0,0.01,trans_PIDL,exper3,300001323,100
0.96728337,0.60957384,0.04595677,0.45218188,0.13466658,0.9182231,0.98773676,0.07390175,0.6726057,0.34620038,200.0,128.0,0.005,48.0,2.0,32.0,12.0,0.01,trans_PIDL,exper3,300001459,100
0.9401686,0.856927,0.051068358,0.6521067,0.025794068,0.9117981,1.113449,0.06465271,0.821761,0.03307744,200.0,128.0,0.005,48.0,2.0,32.0,12.0,0.001,trans_PIDL,exper3,300001496,100
0.94414854,0.7039911,0.0464221,0.5361916,0.022033377,0.9216241,0.854474,0.05857898,0.6638465,0.028043365,200.0,128.0,0.005,48.0,2.0,32.0,12.0,0.001,trans_PIDL,exper3,300001497,100
0.9335149,0.85016006,0.05759362,0.6596229,0.024706323,0.88980335,1.1661484,0.06896207,0.9347405,0.03661656,200.0,128.0,0.005,48.0,2.0,32.0,12.0,0.01,trans_PIDL,exper3,300001503,100
0.88282686,0.9265277,0.068138205,0.7212845,0.026538761,0.8637459,1.0537763,0.07416713,0.823674,0.031081688,200.0,128.0,0.005,48.0,2.0,32.0,12.0,0.01,trans_PIDL,exper3,300001509,100
0.9746498,0.9274582,0.040691912,0.715869,0.04363052,0.9509332,1.2614127,0.05765625,0.94984674,0.058363818,200.0,128.0,0.005,48.0,2.0,32.0,12.0,0.01,trans_PIDL,exper3,300001694,100
0.98379225,0.68552166,0.033149015,0.52412164,0.04718266,0.9562671,1.1253599,0.055592325,0.84706056,0.08126037,200.0,128.0,0.005,48.0,2.0,32.0,12.0,0.001,trans_PIDL,exper3,300001695,100
0.7902599,0.67243344,0.10006449,0.49090147,0.6444886,0.25282347,1.4295164,0.20077479,1.0756019,1.0344125,200.0,128.0,0.005,48.0,2.0,32.0,12.0,0.01,trans_PIDL,exper3,300001887,100
0.9234645,0.81299365,0.06575395,0.5949228,0.2783959,0.82298887,1.3314704,0.09149893,1.0142543,0.3984114,200.0,128.0,0.005,48.0,2.0,32.0,12.0,0.01,trans_PIDL,exper3,300001914,100
0.9300725,0.6513299,0.05962883,0.49113116,0.36837238,0.7892876,1.1512659,0.09755003,0.86858886,0.4281553,200.0,128.0,0.005,48.0,2.0,32.0,12.0,0.01,trans_PIDL,exper3,300001994,100
0.9376654,0.7263536,0.055362318,0.5139013,0.35732543,0.70651853,1.6589073,0.13105552,1.2352352,0.63074833,200.0,128.0,0.005,48.0,2.0,32.0,12.0,0.001,trans_PIDL,exper3,300002119,100
0.8792966,0.74581504,0.06315115,0.5482453,0.36708686,0.41407573,1.6328396,0.17056575,1.2619568,0.8217218,200.0,128.0,0.005,48.0,2.0,32.0,12.0,0.01,trans_PIDL,exper3,300002123,100
0.92165273,0.78514,0.06245138,0.6045524,0.4926324,0.6719458,1.6478295,0.14944768,1.2678319,0.8360282,200.0,128.0,0.005,48.0,2.0,32.0,12.0,0.01,trans_PIDL,exper3,300002129,100
0.97732806,0.62954843,0.03344078,0.47285947,0.12939611,0.8771305,1.5867462,0.08754752,1.1927177,0.41231257,200.0,128.0,0.005,48.0,2.0,32.0,12.0,0.01,trans_PIDL,exper3,300002202,100
0.96224195,0.6940696,0.04109348,0.52636474,0.19454832,0.77059233,1.7581348,0.116629966,1.3424689,0.47666454,200.0,128.0,0.005,48.0,2.0,32.0,12.0,0.01,trans_PIDL,exper3,300002332,100
0.96256554,0.7420655,0.046058692,0.5513917,0.25831115,0.8866715,1.3406453,0.08174667,1.020679,0.41406012,200.0,128.0,0.005,48.0,2.0,32.0,12.0,0.01,trans_PIDL,exper3,300002545,100
0.91156745,0.7250513,0.06463976,0.5481162,0.6790195,0.69529325,1.3761383,0.11317914,1.0340981,0.74184245,200.0,128.0,0.005,48.0,2.0,32.0,12.0,0.01,trans_PIDL,exper3,300002559,100
0.9324204,0.8882192,0.06403869,0.65849376,0.23975217,0.84933454,1.3527604,0.100337215,1.0024247,0.25947607,200.0,128.0,0.005,48.0,2.0,32.0,12.0,0.001,trans_PIDL,exper3,300002685,100
0.89793277,0.90314204,0.06010589,0.69016576,0.40903792,0.67245054,1.7438204,0.09693277,1.3095527,0.8395884,200.0,128.0,0.005,48.0,2.0,32.0,12.0,0.001,trans_PIDL,exper3,300002883,100
0.9714,0.9228012,0.04144136,0.70549864,0.12358129,0.9130059,1.7109078,0.07780999,1.1794496,0.2559498,200.0,128.0,0.005,48.0,2.0,32.0,12.0,0.001,trans_PIDL,exper3,300002949,100
0.960284,0.639146,0.05263181,0.49222544,0.27616733,0.69636893,1.6490313,0.13664642,1.2985501,0.63907856,200.0,128.0,0.005,48.0,2.0,32.0,12.0,0.01,trans_PIDL,exper3,300003024,100
0.98227555,0.6360971,0.030497955,0.48112762,0.07623143,0.8703016,1.8863467,0.08485597,1.3067825,0.24674116,200.0,128.0,0.005,48.0,2.0,32.0,12.0,0.001,trans_PIDL,exper3,300003035,100
0.9804446,0.5870152,0.030790266,0.4201463,0.07398513,0.81620264,1.8814979,0.10449649,1.3482918,0.2858226,200.0,128.0,0.005,48.0,2.0,32.0,12.0,0.001,trans_PIDL,exper3,300003237,100
0.97889507,0.6541335,0.032518603,0.4905622,0.08629968,0.8476789,1.8558719,0.09170152,1.4081199,0.28079146,200.0,128.0,0.005,48.0,2.0,32.0,12.0,0.01,trans_PIDL,exper3,300003273,100
0.98088163,0.6528898,0.03329626,0.48833916,0.08426781,0.8926232,1.6728454,0.08436919,1.2210993,0.23287734,200.0,128.0,0.005,48.0,2.0,32.0,12.0,0.01,trans_PIDL,exper3,300003350,100
0.97035277,0.78250575,0.0421836,0.58672106,0.2969832,0.83902633,1.8949269,0.09758671,1.332474,0.33890763,200.0,128.0,0.005,48.0,2.0,32.0,12.0,0.001,trans_PIDL,exper3,300003430,100
0.9772381,0.7231431,0.035970487,0.5378004,0.1532542,0.77277744,2.3749573,0.13410057,1.496098,0.5132139,200.0,128.0,0.005,48.0,2.0,32.0,12.0,0.001,trans_PIDL,exper3,300003602,100
0.9826443,0.611109,0.030899547,0.45572945,0.08195178,0.8569224,1.7717733,0.08619839,1.2987671,0.28971827,200.0,128.0,0.005,48.0,2.0,32.0,12.0,0.01,trans_PIDL,exper3,300003644,100
0.9802703,0.66821337,0.03535951,0.49983191,0.15596269,0.8525474,1.8969643,0.09462528,1.2950971,0.6225908,200.0,128.0,0.005,48.0,2.0,32.0,12.0,0.01,trans_PIDL,exper3,300003701,100
0.97760195,0.6426343,0.03524379,0.48937923,0.1525084,0.769233,2.0934393,0.12254905,1.4481437,0.31944463,200.0,128.0,0.005,48.0,2.0,32.0,12.0,0.01,trans_PIDL,exper3,300003732,100
0.9742415,0.7201284,0.034291763,0.54047847,0.11359226,0.87876904,1.622847,0.07963857,1.2152927,0.21043403,200.0,128.0,0.005,48.0,2.0,32.0,12.0,0.01,trans_PIDL,exper3,300003763,100
0.9819,0.6054945,0.032081254,0.4705872,0.1334518,0.67923284,2.547241,0.139924,1.8173467,0.6363718,200.0,128.0,0.005,48.0,2.0,32.0,12.0,0.1,trans_PIDL,exper3,300003809,100
0.9777264,0.76177037,0.034743324,0.5740456,0.0951024,0.9480533,1.2397702,0.054929957,0.9311672,0.12795928,200.0,128.0,0.005,48.0,2.0,32.0,12.0,0.001,trans_PIDL,exper3,300003835,100
0.9902058,0.46811512,0.023756761,0.32642907,0.07560429,0.8400188,1.9097865,0.0976658,1.3830049,0.3323771,200.0,128.0,0.005,48.0,2.0,32.0,12.0,0.01,trans_PIDL,exper3,300003861,100
0.96934843,0.9008956,0.041459944,0.6701695,0.1288755,0.8953612,1.7222733,0.08331511,1.2455906,0.36011106,200.0,128.0,0.005,48.0,2.0,32.0,12.0,0.1,trans_PIDL,exper3,300003890,100
0.98094064,0.756356,0.032276228,0.5606989,0.0655503,0.91829735,1.6872977,0.069894955,1.1613818,0.21496668,200.0,128.0,0.005,48.0,2.0,32.0,12.0,0.01,trans_PIDL,exper3,300003949,100
0.9505949,0.78075075,0.048256002,0.59718466,0.22433656,0.77616554,1.6949488,0.11383403,1.2314148,0.6602459,200.0,128.0,0.005,48.0,2.0,32.0,12.0,0.001,trans_PIDL,exper3,300004104,100
0.98374474,0.6037234,0.031203432,0.46539575,0.13492416,0.67318666,2.6765523,0.1358656,1.8641341,0.9400739,200.0,128.0,0.005,48.0,2.0,32.0,12.0,0.1,trans_PIDL,exper3,300004112,100
0.97311145,0.91394377,0.035770793,0.7065851,0.06348484,0.9302417,1.5680149,0.06228715,1.1571672,0.15647264,200.0,128.0,0.005,48.0,2.0,32.0,12.0,0.1,trans_PIDL,exper3,300004151,100
0.9797421,0.70201343,0.031406596,0.51364136,0.07856595,0.83903676,1.9136559,0.09030035,1.3486024,0.28946263,200.0,128.0,0.005,48.0,2.0,32.0,12.0,0.1,trans_PIDL,exper3,300004337,100
0.98249775,0.66822743,0.030955989,0.5111483,0.095472135,0.88990074,1.6701767,0.077249184,1.2681158,0.25246522,200.0,128.0,0.005,48.0,2.0,32.0,12.0,0.001,trans_PIDL,exper3,300004437,100
0.97712797,0.7100364,0.036246803,0.5426428,0.11528323,0.9024284,1.3643789,0.06960485,0.9992721,0.27190557,200.0,128.0,0.005,48.0,2.0,32.0,12.0,0.01,trans_PIDL,exper3,300004530,100
0.97137356,0.9050095,0.040987823,0.69439584,0.1193262,0.9374742,1.377328,0.06353851,0.9901989,0.14868377,200.0,128.0,0.005,48.0,2.0,32.0,12.0,0.01,trans_PIDL,exper3,300004657,100
0.9737461,0.76856244,0.03803085,0.5927722,0.12946849,0.8613953,1.6453066,0.0843413,1.127476,0.19894823,200.0,128.0,0.005,48.0,2.0,32.0,12.0,0.001,trans_PIDL,exper3,300004781,100
0.98076606,0.79251724,0.033358444,0.594642,0.08019202,0.95365006,1.2407908,0.050531786,0.87783384,0.21886307,200.0,128.0,0.005,48.0,2.0,32.0,12.0,0.01,trans_PIDL,exper3,300004787,100
0.9854054,0.7097736,0.031038748,0.5504415,0.10083623,0.9460412,1.3238848,0.055628292,0.94467443,0.14250153,200.0,128.0,0.005,48.0,2.0,32.0,12.0,0.01,trans_PIDL,exper3,300004793,100
0.98661375,0.6196881,0.029430015,0.47880647,0.11097229,0.89533186,1.7302675,0.07800351,1.1957759,1.3997868,200.0,128.0,0.005,48.0,2.0,32.0,12.0,0.1,trans_PIDL,exper3,300004882,100
0.9848579,0.6578938,0.0295918,0.48689836,0.11970915,0.9475499,1.2744408,0.05855045,0.95637447,0.14748693,200.0,128.0,0.005,48.0,2.0,32.0,12.0,0.001,trans_PIDL,exper3,300004897,100
0.99064505,0.5074129,0.025408734,0.37920764,0.12827282,0.94416255,1.2859077,0.06541886,0.895172,0.38162187,200.0,128.0,0.005,48.0,2.0,32.0,12.0,0.001,trans_PIDL,exper3,300004974,100
0.9819214,0.80245894,0.035210285,0.6070725,0.08083891,0.9258433,1.5992175,0.066723086,1.1221129,0.1400601,200.0,128.0,0.005,48.0,2.0,32.0,12.0,0.01,trans_PIDL,exper3,300004989,100
0.97903764,0.7650922,0.034312036,0.58361995,0.07194654,0.89294755,1.7809458,0.07916419,1.2123845,0.22744916,200.0,128.0,0.005,48.0,2.0,32.0,12.0,0.1,trans_PIDL,exper3,300005063,100
0.98074263,0.77579933,0.034095675,0.59154916,0.10754563,0.9206423,1.6245306,0.06939259,1.1607339,0.16183065,200.0,128.0,0.005,48.0,2.0,32.0,12.0,0.01,trans_PIDL,exper3,300005336,100
0.9812385,0.77538604,0.03519759,0.56296444,0.092621356,0.9211003,1.5792264,0.06797985,1.0991212,0.17411657,200.0,128.0,0.005,48.0,2.0,32.0,12.0,0.001,trans_PIDL,exper3,300005345,100
0.9857844,0.65651,0.02958585,0.49658385,0.09389045,0.93987983,1.3291749,0.06077167,0.95788115,0.31154037,200.0,128.0,0.005,48.0,2.0,32.0,12.0,0.01,trans_PIDL,exper3,300005460,100
0.98484105,0.7082479,0.029413486,0.5301924,0.06825961,0.93074155,1.4611902,0.06483155,1.0571147,0.12962589,200.0,128.0,0.005,48.0,2.0,32.0,12.0,0.01,trans_PIDL,exper3,300005648,100
0.98012036,0.8645162,0.034747895,0.67042583,0.09090391,0.9428458,1.3893672,0.057061575,1.0679922,0.14920355,200.0,128.0,0.005,48.0,2.0,32.0,12.0,0.01,trans_PIDL,exper3,300005808,100
0.9786796,0.8768774,0.035786092,0.67696375,0.07873408,0.95413256,1.3316466,0.054247525,0.9932294,0.18504567,200.0,128.0,0.005,48.0,2.0,32.0,12.0,0.01,trans_PIDL,exper3,300005829,100
0.9820853,0.8107389,0.03184899,0.6057612,0.080398306,0.92655647,1.6121402,0.064619936,1.2201307,0.21417712,200.0,128.0,0.005,48.0,2.0,32.0,12.0,0.01,trans_PIDL,exper3,300005839,100
0.9853631,0.7721553,0.030853877,0.5889911,0.098032795,0.95003974,1.3721672,0.05650157,1.0486542,0.14202496,200.0,128.0,0.005,48.0,2.0,32.0,12.0,0.001,trans_PIDL,exper3,300005860,100
0.9797466,0.9244872,0.035041895,0.71179277,0.11365575,0.95570844,1.3695263,0.052767158,1.0227032,0.19324385,200.0,128.0,0.005,48.0,2.0,32.0,12.0,0.01,trans_PIDL,exper3,300005889,100
0.98188865,0.79559225,0.032951854,0.59279054,0.095001064,0.9368839,1.4376442,0.0616485,1.0359007,0.28076884,200.0,128.0,0.005,48.0,2.0,32.0,12.0,0.01,trans_PIDL,exper3,300005999,100
0.9842553,0.7905895,0.031096509,0.6083041,0.08082463,0.9575058,1.2575526,0.050445635,0.91749835,0.12072185,200.0,128.0,0.005,48.0,2.0,32.0,12.0,0.001,trans_PIDL,exper3,300006033,100
0.98426044,0.77595943,0.03176442,0.5982464,0.13691226,0.94446886,1.4281337,0.057528093,1.0363,0.2535809,200.0,128.0,0.005,48.0,2.0,32.0,12.0,0.001,trans_PIDL,exper3,300006162,100
0.98126894,0.8084067,0.032415684,0.6145688,0.11571088,0.9641829,1.1287688,0.04461537,0.8311214,0.17734091,200.0,128.0,0.005,48.0,2.0,32.0,12.0,0.001,trans_PIDL,exper3,300006293,100
0.98426706,0.7478365,0.029989189,0.5726346,0.08305143,0.9527799,1.3192126,0.051400527,0.95120335,0.19504806,200.0,128.0,0.005,48.0,2.0,32.0,12.0,0.001,trans_PIDL,exper3,300006356,100
0.9864761,0.6711566,0.029749846,0.5192484,0.17954043,0.9309972,1.4749641,0.0690633,1.0771402,0.35192683,200.0,128.0,0.005,48.0,2.0,32.0,12.0,0.1,trans_PIDL,exper3,300006407,100
0.9875516,0.7049662,0.028004719,0.5343044,0.10048431,0.95836085,1.2389565,0.052195817,0.9118673,0.12600115,200.0,128.0,0.005,48.0,2.0,32.0,12.0,0.001,trans_PIDL,exper3,300006409,100
0.97741055,0.9775169,0.036313187,0.74441385,0.1038115,0.95105845,1.3840547,0.054394595,1.0337594,0.1692257,200.0,128.0,0.005,48.0,2.0,32.0,12.0,0.01,trans_PIDL,exper3,300006490,100
0.9840521,0.715299,0.029700346,0.54190564,0.08985175,0.9543364,1.2545824,0.053844698,0.9567345,0.18922931,200.0,128.0,0.005,48.0,2.0,32.0,12.0,0.001,trans_PIDL,exper3,300006584,100
0.9898045,0.65277094,0.026479838,0.48524296,0.08313277,0.96321785,1.170022,0.0501666,0.8325279,0.25356326,200.0,128.0,0.005,48.0,2.0,32.0,12.0,0.001,trans_PIDL,exper3,300006797,100
0.9805805,0.7507031,0.034135822,0.5648153,0.120827846,0.9078155,1.4856709,0.07102852,1.111223,0.15062065,200.0,128.0,0.005,48.0,2.0,32.0,12.0,0.01,trans_PIDL,exper3,300006864,100
0.9844343,0.86096656,0.03170069,0.6703166,0.10887658,0.93849695,1.6363018,0.06044951,1.236679,0.38749275,200.0,128.0,0.005,48.0,2.0,32.0,12.0,0.1,trans_PIDL,exper3,300007084,100
0.9890142,0.6548735,0.023574408,0.50162923,0.0685494,0.93268657,1.5672104,0.06346266,1.1314783,0.16522233,200.0,128.0,0.005,48.0,2.0,32.0,12.0,0.001,trans_PIDL,exper3,300007173,100
0.98767954,0.7043271,0.028601456,0.538504,0.08033369,0.96476763,1.1133525,0.047525246,0.84163886,0.15086421,200.0,128.0,0.005,48.0,2.0,32.0,12.0,0.01,trans_PIDL,exper3,300007237,100
0.9802866,0.9500112,0.035211682,0.7153663,0.094899334,0.9542945,1.4335501,0.05454168,1.0746944,0.17097953,200.0,128.0,0.005,48.0,2.0,32.0,12.0,0.001,trans_PIDL,exper3,300007453,100
0.99197024,0.5593014,0.025648968,0.43095487,0.16994895,0.9444391,1.4719933,0.06635703,1.0363513,0.44738185,200.0,128.0,0.005,48.0,2.0,32.0,12.0,0.1,trans_PIDL,exper3,300007706,100
0.9885584,0.6717188,0.027427884,0.5162321,0.07259326,0.939369,1.4470581,0.060163178,0.9958927,0.14614455,200.0,128.0,0.005,48.0,2.0,32.0,12.0,0.001,trans_PIDL,exper3,300007752,100
0.99199116,0.5725056,0.023317076,0.43398023,0.057034235,0.9579461,1.3038235,0.05139853,0.94005257,0.17646803,200.0,128.0,0.005,48.0,2.0,32.0,12.0,0.01,trans_PIDL,exper3,300007930,100
0.97793657,0.9186207,0.035516415,0.7054258,0.11622782,0.9146472,1.7495487,0.070132,1.3040942,0.19916302,200.0,128.0,0.005,48.0,2.0,32.0,12.0,0.001,trans_PIDL,exper3,300007960,100
0.9858842,0.7447896,0.03023545,0.5619091,0.06334315,0.9588123,1.2334477,0.051400356,0.9551395,0.12629561,200.0,128.0,0.005,48.0,2.0,32.0,12.0,0.001,trans_PIDL,exper3,300008088,100
0.9849519,0.8001053,0.031312678,0.60544324,0.08179824,0.9487004,1.4995607,0.054748435,1.0277996,0.19051084,200.0,128.0,0.005,48.0,2.0,32.0,12.0,0.01,trans_PIDL,exper3,300008127,100
0.98699623,0.6576785,0.03059778,0.49808353,0.09308957,0.94947416,1.2871647,0.061002344,0.8972641,0.39525312,200.0,128.0,0.005,48.0,2.0,32.0,12.0,0.001,trans_PIDL,exper3,300008201,100
0.99106866,0.5890107,0.026441494,0.43810275,0.08953153,0.9616083,1.2338816,0.053763907,0.9135805,0.39468774,200.0,128.0,0.005,48.0,2.0,32.0,12.0,0.001,trans_PIDL,exper3,300008212,100
0.9784027,0.9311525,0.034258716,0.71989614,0.082173735,0.9236608,1.7197756,0.06442798,1.2968715,0.2254085,200.0,128.0,0.005,48.0,2.0,32.0,12.0,0.1,trans_PIDL,exper3,300008270,100
0.98964816,0.61490375,0.027613338,0.4671494,0.09396191,0.9602104,1.2293618,0.056227412,0.8988306,0.298035,200.0,128.0,0.005,48.0,2.0,32.0,12.0,0.01,trans_PIDL,exper3,300008341,100
0.9895581,0.6353061,0.02662411,0.47138983,0.09632271,0.9605614,1.2616205,0.05573846,0.93982285,0.3834609,200.0,128.0,0.005,48.0,2.0,32.0,12.0,0.001,trans_PIDL,exper3,300008388,100
0.9895701,0.7245497,0.02727318,0.5470717,0.06138191,0.95681345,1.428956,0.052903235,1.0327024,0.125105,200.0,128.0,0.005,48.0,2.0,32.0,12.0,0.01,trans_PIDL,exper3,300008411,100
0.99235755,0.66134816,0.022926318,0.4969871,0.067867436,0.9761068,1.1704986,0.043102555,0.8437916,0.12879379,200.0,128.0,0.005,48.0,2.0,32.0,12.0,0.001,trans_PIDL,exper3,300008638,100
0.9890172,0.71101445,0.027334092,0.5418764,0.081687964,0.9696918,1.2149005,0.04817327,0.88552076,0.17025328,200.0,128.0,0.005,48.0,2.0,32.0,12.0,0.001,trans_PIDL,exper3,300008713,100
0.98864037,0.7617911,0.029058516,0.5739148,0.17784403,0.96344113,1.3257344,0.05032518,0.99772805,0.33834937,200.0,128.0,0.005,48.0,2.0,32.0,12.0,0.01,trans_PIDL,exper3,300008770,100
0.99235857,0.7090013,0.024042109,0.5431166,0.11976278,0.96991044,1.4246768,0.048949588,1.045276,0.23103175,200.0,128.0,0.005,48.0,2.0,32.0,12.0,0.01,trans_PIDL,exper3,300008783,100
0.9905255,0.7190046,0.027086558,0.5393433,0.07369984,0.9743127,1.1832165,0.04387366,0.9017741,0.3212362,200.0,128.0,0.005,48.0,2.0,32.0,12.0,0.01,trans_PIDL,exper3,300008819,100
0.9922845,0.64588714,0.024213547,0.49270365,0.059827447,0.96983325,1.2995963,0.04820461,1.0049967,0.15630671,200.0,128.0,0.005,48.0,2.0,32.0,12.0,0.01,trans_PIDL,exper3,300008848,100
0.9886734,0.8717331,0.027942566,0.6650492,0.14240636,0.9798622,1.2293324,0.039253823,0.9498295,0.24190527,200.0,128.0,0.005,48.0,2.0,32.0,12.0,0.001,trans_PIDL,exper3,300009100,100
0.9951465,0.5641002,0.0209236,0.40153986,0.14035586,0.9841518,1.0475368,0.038203385,0.76200444,0.2541472,200.0,128.0,0.005,48.0,2.0,32.0,12.0,0.001,trans_PIDL,exper3,300009124,100
0.9927461,0.6768894,0.023245068,0.5131421,0.057063494,0.9814483,1.1313555,0.039499216,0.8750197,0.21695118,200.0,128.0,0.005,48.0,2.0,32.0,12.0,0.01,trans_PIDL,exper3,300009151,100
0.9891779,0.71877897,0.028376564,0.53723884,0.035475954,0.9756884,1.1230414,0.044559233,0.84711754,0.064086,200.0,128.0,0.005,48.0,2.0,32.0,12.0,0.001,trans_PIDL,exper3,300009172,100
0.9846267,0.75486916,0.03236833,0.5812533,0.03258401,0.97949195,0.89465195,0.038670197,0.68599516,0.040931042,200.0,128.0,0.005,48.0,2.0,32.0,12.0,0.01,trans_PIDL,exper3,300009243,100
0.9780722,0.9884445,0.03852984,0.74150556,0.037326,0.96990675,1.1344643,0.04515883,0.8666357,0.04709732,200.0,128.0,0.005,48.0,2.0,32.0,12.0,0.01,trans_PIDL,exper3,300009360,100
0.9876982,0.961876,0.028689053,0.72479796,0.048245512,0.97587156,1.334234,0.039886236,1.021871,0.08741503,200.0,128.0,0.005,48.0,2.0,32.0,12.0,0.001,trans_PIDL,exper3,300009411,100
0.9907328,0.77099,0.026394157,0.5956193,0.038539585,0.9787598,1.1412122,0.03906923,0.8786836,0.064229004,200.0,128.0,0.005,48.0,2.0,32.0,12.0,0.01,trans_PIDL,exper3,300009430,100
0.9877407,0.8992614,0.02871218,0.67176706,0.04092247,0.97346056,1.3203144,0.042351164,1.0135138,0.06932569,200.0,128.0,0.005,48.0,2.0,32.0,12.0,0.01,trans_PIDL,exper3,300009432,100
0.9891286,0.82812417,0.028103368,0.63414246,0.038186256,0.97566915,1.2235353,0.042416524,0.921299,0.06300454,200.0,128.0,0.005,48.0,2.0,32.0,12.0,0.01,trans_PIDL,exper3,300009443,100
0.9892483,0.8254232,0.027567614,0.6240446,0.038420312,0.9757797,1.1944938,0.040484414,0.9297645,0.063465774,200.0,128.0,0.005,48.0,2.0,32.0,12.0,0.01,trans_PIDL,exper3,300009460,100
0.9879507,0.73620015,0.028308108,0.56057173,0.028241508,0.9649843,1.2237812,0.048531458,0.9308237,0.05324212,200.0,128.0,0.005,48.0,2.0,32.0,12.0,0.01,trans_PIDL,exper3,300009523,100
0.95275927,0.96708155,0.04972142,0.7593929,0.029216617,0.9194336,1.289446,0.06649459,1.0060015,0.038663514,200.0,128.0,0.005,48.0,2.0,32.0,12.0,0.01,trans_PIDL,exper3,300009692,100
0.86340654,1.0901242,0.069192186,0.87602264,0.042231962,0.8587439,1.1036782,0.06622883,0.8707911,0.042631168,200.0,128.0,0.005,48.0,2.0,32.0,12.0,0.01,trans_PIDL,exper3,300009739,100
0.8534439,1.400624,0.07169609,1.1101881,0.043167092,0.74201953,1.7235527,0.089772485,1.3821284,0.052742533,200.0,128.0,0.005,48.0,2.0,32.0,12.0,0.01,trans_PIDL,exper3,300010266,100
0.8880116,1.1608733,0.062457707,0.92530495,0.03577621,0.671227,1.8569969,0.098951966,1.4556258,0.054724768,200.0,128.0,0.005,48.0,2.0,32.0,12.0,0.01,trans_PIDL,exper3,300010271,100
0.9392084,1.2989506,0.05558794,0.99788135,0.042338826,0.9226203,1.4009527,0.06259378,1.0639131,0.044910606,200.0,128.0,0.005,48.0,2.0,32.0,12.0,0.001,trans_PIDL,exper3,300010368,100
0.95811814,0.9870276,0.04232301,0.7677616,0.038792577,0.92972183,1.2603893,0.05447199,0.9258777,0.046040792,200.0,128.0,0.005,48.0,2.0,32.0,12.0,0.001,trans_PIDL,exper3,300010436,100
0.9763223,0.85511017,0.0385619,0.653646,0.036929138,0.94646084,1.2562667,0.0558372,0.9249018,0.053705234,200.0,128.0,0.005,48.0,2.0,32.0,12.0,0.01,trans_PIDL,exper3,300010470,100
0.9767489,0.7278859,0.03682705,0.5440448,0.053628653,0.961264,0.9275517,0.04770868,0.6838435,0.06687785,200.0,128.0,0.005,48.0,2.0,32.0,12.0,0.01,trans_PIDL,exper3,300010567,100
0.96885735,0.60824,0.03734971,0.45741293,0.11254277,0.9292788,0.8876646,0.05592046,0.65996265,0.12568946,200.0,128.0,0.005,48.0,2.0,32.0,12.0,0.001,trans_PIDL,exper3,300010626,100
0.94862854,0.53452754,0.04834431,0.39906392,0.29331052,0.90552264,0.7206444,0.059878908,0.53958464,0.30784753,200.0,128.0,0.005,48.0,2.0,32.0,12.0,0.001,trans_PIDL,exper3,300010656,100
0.9712591,0.5587602,0.041964654,0.41371772,0.1501922,0.9145261,0.981293,0.0725272,0.6502202,0.27828822,200.0,128.0,0.005,48.0,2.0,32.0,12.0,0.01,trans_PIDL,exper3,300010690,100
0.91194856,0.76857233,0.07233458,0.56227666,0.4927151,0.72499585,1.6764164,0.14314863,1.2945237,0.70476705,200.0,128.0,0.005,48.0,2.0,32.0,12.0,0.01,trans_PIDL,exper3,300010732,100
0.9207973,0.6712058,0.06407797,0.49947214,0.22850916,0.62407553,1.8265101,0.1525914,1.4039159,0.41224682,200.0,128.0,0.005,48.0,2.0,32.0,12.0,0.001,trans_PIDL,exper3,300010784,100
0.94044423,0.659519,0.05876442,0.498228,0.764225,0.6972877,1.7589129,0.14004083,1.2810818,0.67220825,200.0,128.0,0.005,48.0,2.0,32.0,12.0,0.01,trans_PIDL,exper3,300010794,100
0.9823225,0.5973164,0.03144449,0.4520843,0.19614753,0.8503933,1.9129779,0.09567434,1.4412627,0.4066994,200.0,128.0,0.005,48.0,2.0,32.0,12.0,0.01,trans_PIDL,exper3,300010851,100
0.978062,0.62354493,0.03441982,0.4740993,0.22307305,0.58684146,2.488033,0.13744384,1.8269227,0.90859556,200.0,128.0,0.005,48.0,2.0,32.0,12.0,0.001,trans_PIDL,exper3,300010866,100
0.98274446,0.60318166,0.032010965,0.4592818,0.16155273,0.6326951,2.504474,0.12960854,1.7948393,0.5526033,200.0,128.0,0.005,48.0,2.0,32.0,12.0,0.01,trans_PIDL,exper3,300010885,100
0.96232927,0.9027828,0.045450132,0.6684789,0.22861797,0.78937584,2.0136795,0.090583876,1.4891571,0.63125384,200.0,128.0,0.005,48.0,2.0,32.0,12.0,0.001,trans_PIDL,exper3,300010974,100
0.9684602,0.90199184,0.04614902,0.63975537,0.23948793,0.73168474,2.3665254,0.11862771,1.6661195,0.49921244,200.0,128.0,0.005,48.0,2.0,32.0,12.0,0.001,trans_PIDL,exper3,300010987,100
0.9740076,0.6192225,0.038301017,0.47638273,0.13008243,0.81506944,1.8663229,0.098642856,1.4047809,0.5378646,200.0,128.0,0.005,48.0,2.0,32.0,12.0,0.001,trans_PIDL,exper3,300011120,100
0.98080915,0.75637645,0.036418844,0.5688182,0.20807134,0.784586,2.2255282,0.10562555,1.5755208,0.62626547,200.0,128.0,0.005,48.0,2.0,32.0,12.0,0.01,trans_PIDL,exper3,300011169,100
0.9767566,0.6492235,0.037238285,0.49662316,0.1732996,0.8194168,1.9306248,0.096400335,1.387251,0.4261189,200.0,128.0,0.005,48.0,2.0,32.0,12.0,0.001,trans_PIDL,exper3,300011237,100
0.973031,0.6917361,0.0363937,0.53510094,0.15513432,0.9036818,1.4375141,0.07032841,1.084176,0.34955555,200.0,128.0,0.005,48.0,2.0,32.0,12.0,0.001,trans_PIDL,exper3,300011445,100
0.9738574,0.7501236,0.038359683,0.5600431,0.09612259,0.925176,1.2830299,0.057615045,0.91726696,0.22269511,200.0,128.0,0.005,48.0,2.0,32.0,12.0,0.01,trans_PIDL,exper3,300011663,100
0.9828538,0.72580725,0.032251794,0.5425415,0.15680817,0.9643597,1.0521729,0.045464084,0.7925963,0.17863192,200.0,128.0,0.005,48.0,2.0,32.0,12.0,0.001,trans_PIDL,exper3,300011666,100
0.9823256,0.697791,0.032232303,0.5245488,0.115561455,0.8771069,2.00041,0.07643677,1.4317548,0.32414445,200.0,128.0,0.005,48.0,2.0,32.0,12.0,0.001,trans_PIDL,exper3,300011707,100
0.9827251,0.7865945,0.030387081,0.60928893,0.26777783,0.8823484,1.9950137,0.07680314,1.5051658,0.2586369,200.0,128.0,0.005,48.0,2.0,32.0,12.0,0.1,trans_PIDL,exper3,300011781,100
0.98671025,0.6625159,0.02664099,0.5200099,0.094731085,0.9184075,1.5501623,0.059198063,1.1137196,1.2102247,200.0,128.0,0.005,48.0,2.0,32.0,12.0,0.1,trans_PIDL,exper3,300011804,100
0.9898191,0.6044799,0.02316015,0.44872025,0.046555918,0.9224959,1.6331165,0.060749676,1.2453033,0.79872173,200.0,128.0,0.005,48.0,2.0,32.0,12.0,0.01,trans_PIDL,exper3,300011810,100
0.98656535,0.61264795,0.026221486,0.4598811,0.19762184,0.9383924,1.3596882,0.056948334,0.9513341,0.16618346,200.0,128.0,0.005,48.0,2.0,32.0,12.0,0.001,trans_PIDL,exper3,300011834,100
0.9682683,0.7865522,0.044445463,0.5860215,0.1640399,0.8580489,1.6039243,0.09808081,1.2286078,0.39116952,200.0,128.0,0.005,48.0,2.0,32.0,12.0,0.01,trans_PIDL,exper3,300011902,100
0.98533,0.6927845,0.028902171,0.5190815,0.08221837,0.9569447,1.1870933,0.04979418,0.90960044,0.16987383,200.0,128.0,0.005,48.0,2.0,32.0,12.0,0.001,trans_PIDL,exper3,300011916,100
0.974864,0.76561886,0.034641366,0.58919865,0.13354726,0.9430595,1.153123,0.04987099,0.87959766,0.26775405,200.0,128.0,0.005,48.0,2.0,32.0,12.0,0.01,trans_PIDL,exper3,300011976,100
0.985546,0.6790557,0.027481029,0.51432437,0.0771724,0.9600734,1.1470187,0.047293264,0.86093354,0.1600524,200.0,128.0,0.005,48.0,2.0,32.0,12.0,0.001,trans_PIDL,exper3,300011991,100
0.9845334,0.7216499,0.029498646,0.5398672,0.09251537,0.9487077,1.3431857,0.05320152,0.9625391,0.19713914,200.0,128.0,0.005,48.0,2.0,32.0,12.0,0.1,trans_PIDL,exper3,300012019,100
0.9814351,0.79375166,0.030356113,0.59980327,0.073182516,0.9551182,1.238753,0.04853667,0.90093416,0.1639753,200.0,128.0,0.005,48.0,2.0,32.0,12.0,0.001,trans_PIDL,exper3,300012021,100
0.980984,0.7497819,0.028776936,0.5437906,0.056695953,0.9457997,1.382941,0.056030665,1.0299278,0.16919243,200.0,128.0,0.005,48.0,2.0,32.0,12.0,0.001,trans_PIDL,exper3,300012023,100
0.9840817,0.73742473,0.026913665,0.5555425,0.071648344,0.9464588,1.3737165,0.053973675,1.0275792,0.24750656,200.0,128.0,0.005,48.0,2.0,32.0,12.0,0.01,trans_PIDL,exper3,300012060,100
0.98519105,0.7140038,0.027401824,0.5450746,0.07799717,0.928792,1.5456005,0.060336012,1.0164865,0.34357053,200.0,128.0,0.005,48.0,2.0,32.0,12.0,0.01,trans_PIDL,exper3,300012093,100
0.98109686,0.63087016,0.02997005,0.48483208,0.21844803,0.8840047,1.4781325,0.06935669,1.1424506,0.26933467,200.0,128.0,0.005,48.0,2.0,32.0,12.0,0.01,trans_PIDL,exper3,300012120,100
0.9842003,0.7288726,0.029189933,0.541411,0.09147006,0.95553064,1.2455475,0.052453008,0.95475394,0.22049943,200.0,128.0,0.005,48.0,2.0,32.0,12.0,0.01,trans_PIDL,exper3,300012150,100
0.9878498,0.653973,0.024452157,0.5033594,0.064490505,0.95027435,1.3827604,0.05239368,0.9852434,0.1720021,200.0,128.0,0.005,48.0,2.0,32.0,12.0,0.01,trans_PIDL,exper3,300012163,100
0.9885518,0.6372237,0.025107546,0.47923282,0.07844105,0.95885915,1.2001795,0.04844342,0.90665907,0.2674247,200.0,128.0,0.005,48.0,2.0,32.0,12.0,0.01,trans_PIDL,exper3,300012234,100
0.9916111,0.5785031,0.022173366,0.44341683,0.06268956,0.956214,1.2377578,0.048615742,0.89164037,0.13650797,200.0,128.0,0.005,48.0,2.0,32.0,12.0,0.01,trans_PIDL,exper3,300012266,100
0.9869142,0.7163711,0.02608827,0.54533255,0.06472245,0.95506436,1.3433503,0.053257145,0.91800255,0.26431963,200.0,128.0,0.005,48.0,2.0,32.0,12.0,0.001,trans_PIDL,exper3,300012284,100
0.97947437,0.7692405,0.035570465,0.58707553,0.13716705,0.86439157,1.7865437,0.081287555,1.277965,0.23979242,200.0,128.0,0.005,48.0,2.0,32.0,12.0,0.001,trans_PIDL,exper3,300012287,100
0.9909539,0.5827349,0.023775393,0.43968308,0.08103667,0.95044714,1.3680332,0.053578515,0.9067743,0.20756634,200.0,128.0,0.005,48.0,2.0,32.0,12.0,0.01,trans_PIDL,exper3,300012316,100
0.98465097,0.7809118,0.02960032,0.6046928,0.112645164,0.9435156,1.4595971,0.057423532,1.0838453,0.25863573,200.0,128.0,0.005,48.0,2.0,32.0,12.0,0.1,trans_PIDL,exper3,300012336,100
0.98343784,0.8530039,0.030798536,0.6587886,0.09940208,0.9589841,1.3289491,0.048585396,0.98988974,0.23298259,200.0,128.0,0.005,48.0,2.0,32.0,12.0,0.001,trans_PIDL,exper3,300012472,100
0.98885995,0.6449155,0.025410723,0.4817152,0.07792666,0.96286935,1.193095,0.047307458,0.8968758,0.19711283,200.0,128.0,0.005,48.0,2.0,32.0,12.0,0.001,trans_PIDL,exper3,300012482,100
0.9849123,0.7449633,0.027299274,0.5774037,0.093010806,0.9386953,1.5059727,0.059154186,1.1432041,0.34547353,200.0,128.0,0.005,48.0,2.0,32.0,12.0,0.1,trans_PIDL,exper3,300012491,100
0.9907272,0.6376034,0.024589412,0.48744318,0.101199165,0.95354795,1.4204831,0.05552024,1.070642,0.2624406,200.0,128.0,0.005,48.0,2.0,32.0,12.0,0.1,trans_PIDL,exper3,300012614,100
0.99162537,0.5959816,0.02263262,0.45114902,0.071309336,0.9584577,1.3122747,0.050336543,0.9442303,0.20933188,200.0,128.0,0.005,48.0,2.0,32.0,12.0,0.01,trans_PIDL,exper3,300012628,100
0.9864771,0.7558277,0.026929718,0.56406075,0.11100356,0.9650175,1.2419682,0.0481036,0.9313883,0.21969824,200.0,128.0,0.005,48.0,2.0,32.0,12.0,0.01,trans_PIDL,exper3,300012654,100
0.9922461,0.58899087,0.023557281,0.44903934,0.08301188,0.9654545,1.2301813,0.049664244,0.90567684,0.25937048,200.0,128.0,0.005,48.0,2.0,32.0,12.0,0.001,trans_PIDL,exper3,300012879,100
0.9801558,0.99968797,0.033025704,0.771262,0.104273446,0.93946147,1.7103647,0.05960628,1.2447034,0.51549006,200.0,128.0,0.005,48.0,2.0,32.0,12.0,0.1,trans_PIDL,exper3,300012969,100
0.99116606,0.6380456,0.024946412,0.47124824,0.10219083,0.9688004,1.1799068,0.047483068,0.8856373,0.23624697,200.0,128.0,0.005,48.0,2.0,32.0,12.0,0.01,trans_PIDL,exper3,300013003,100
0.98777366,0.7960043,0.02777405,0.6039541,0.13595772,0.96834725,1.2932366,0.0471206,0.9411113,0.22929928,200.0,128.0,0.005,48.0,2.0,32.0,12.0,0.01,trans_PIDL,exper3,300013091,100
0.9917366,0.6235256,0.02444242,0.45575383,0.12040256,0.97298545,1.1121265,0.044978052,0.8309715,0.17243159,200.0,128.0,0.005,48.0,2.0,32.0,12.0,0.01,trans_PIDL,exper3,300013120,100
0.98291284,0.75239617,0.03273807,0.57733107,0.12254003,0.9265224,1.5440964,0.06485625,1.1207383,0.2550347,200.0,128.0,0.005,48.0,2.0,32.0,12.0,0.01,trans_PIDL,exper3,300013141,100
0.9906262,0.6630805,0.026899796,0.50523084,0.08595053,0.97941005,0.9981093,0.038462814,0.7599019,0.1836415,200.0,128.0,0.005,48.0,2.0,32.0,12.0,0.01,trans_PIDL,exper3,300013156,100
0.98761445,0.7715957,0.026491528,0.5991657,0.07554108,0.9718205,1.2074068,0.043981202,0.9169253,0.27675343,200.0,128.0,0.005,48.0,2.0,32.0,12.0,0.001,trans_PIDL,exper3,300013161,100
0.9862048,0.86957043,0.03043294,0.6471267,0.13141635,0.9575074,1.4523863,0.048918333,1.085125,0.21331324,200.0,128.0,0.005,48.0,2.0,32.0,12.0,0.01,trans_PIDL,exper3,300013176,100
0.990186,0.68356633,0.025592169,0.51188904,0.09433058,0.97677046,1.0743662,0.040412493,0.8103103,0.1461237,200.0,128.0,0.005,48.0,2.0,32.0,12.0,0.01,trans_PIDL,exper3,300013178,100
0.9884747,0.72542477,0.02775972,0.54152024,0.08443728,0.9786053,1.0176337,0.037421808,0.769484,0.15558083,200.0,128.0,0.005,48.0,2.0,32.0,12.0,0.01,trans_PIDL,exper3,300013182,100
0.98761517,0.7547602,0.025777884,0.58551055,0.13662511,0.96434754,1.2993548,0.048792932,0.9623621,0.30257356,200.0,128.0,0.005,48.0,2.0,32.0,12.0,0.1,trans_PIDL,exper3,300013186,100
0.97711307,1.140289,0.036582664,0.8790551,0.13273132,0.94424134,1.7732797,0.057891175,1.3556097,0.30076316,200.0,128.0,0.005,48.0,2.0,32.0,12.0,0.01,trans_PIDL,exper3,300013283,100
0.9930563,0.53521544,0.02225194,0.3898596,0.051305726,0.9762186,0.99313116,0.04098264,0.7764976,0.114173956,200.0,128.0,0.005,48.0,2.0,32.0,12.0,0.001,trans_PIDL,exper3,300013383,100
0.9915701,0.6446022,0.02441675,0.48328388,0.15661703,0.9800438,1.015736,0.039111897,0.76610965,0.16807075,200.0,128.0,0.005,48.0,2.0,32.0,12.0,0.01,trans_PIDL,exper3,300013431,100
0.9902234,0.68409395,0.02503088,0.50977176,0.081673376,0.97730225,1.0462528,0.040359493,0.78064287,0.2767831,200.0,128.0,0.005,48.0,2.0,32.0,12.0,0.001,trans_PIDL,exper3,300013454,100
0.99300945,0.5870802,0.022454934,0.45514947,0.077406764,0.9784619,1.0269951,0.03837802,0.80380535,0.17662995,200.0,128.0,0.005,48.0,2.0,32.0,12.0,0.01,trans_PIDL,exper3,300013475,100
0.9834167,0.9277288,0.030764319,0.7128241,0.09398956,0.9636246,1.3752347,0.04894631,1.0124831,0.1306126,200.0,128.0,0.005,48.0,2.0,32.0,12.0,0.001,trans_PIDL,exper3,300013521,100
0.98080546,0.9450426,0.03559571,0.70964575,0.11741005,0.96682715,1.2652913,0.047233194,0.96211237,0.19826621,200.0,128.0,0.005,48.0,2.0,32.0,12.0,0.001,trans_PIDL,exper3,300013529,100
0.9799446,0.97041816,0.03729079,0.70902675,0.10228359,0.9622548,1.3409683,0.05025483,0.9781704,0.20049277,200.0,128.0,0.005,48.0,2.0,32.0,12.0,0.001,trans_PIDL,exper3,300013582,100
0.9837203,0.9160936,0.03338857,0.703525,0.103690855,0.95951605,1.4142334,0.051129192,1.063126,0.367404,200.0,128.0,0.005,48.0,2.0,32.0,12.0,0.01,trans_PIDL,exper3,300013597,100
0.98110175,0.878321,0.036115173,0.6692366,0.093272276,0.96285737,1.2635597,0.051923577,0.91569793,0.1731104,200.0,128.0,0.005,48.0,2.0,32.0,12.0,0.01,trans_PIDL,exper3,300013610,100
0.9829146,0.9037464,0.03402055,0.6901974,0.09910243,0.9576739,1.4608448,0.056589648,1.04501,0.42156926,200.0,128.0,0.005,48.0,2.0,32.0,12.0,0.01,trans_PIDL,exper3,300013635,100
0.9759995,1.075503,0.038386066,0.8071655,0.11293576,0.9621073,1.3147404,0.04854068,1.0010909,0.1933884,200.0,128.0,0.005,48.0,2.0,32.0,12.0,0.01,trans_PIDL,exper3,300013715,100
0.98850065,0.81250966,0.028433457,0.6188388,0.07855917,0.9696477,1.4066987,0.048674762,1.0795844,0.26440454,200.0,128.0,0.005,48.0,2.0,32.0,12.0,0.01,trans_PIDL,exper3,300013746,100
0.9781146,0.94642466,0.03691204,0.714672,0.10867009,0.9526992,1.3919157,0.056478623,0.9483475,0.14857845,200.0,128.0,0.005,48.0,2.0,32.0,12.0,0.001,trans_PIDL,exper3,300013782,100
0.9918908,0.7754486,0.02496615,0.60010296,0.07402059,0.9612004,1.6978273,0.053323723,1.3914284,0.21407421,200.0,128.0,0.005,48.0,2.0,32.0,12.0,0.001,trans_PIDL,exper3,300013821,100
0.99353147,0.6785392,0.022379262,0.49044827,0.08365634,0.9737353,1.4191178,0.04682015,1.0489174,0.20469345,200.0,128.0,0.005,48.0,2.0,32.0,12.0,0.001,trans_PIDL,exper3,300013927,100
0.97844535,0.8159391,0.03803915,0.63443863,0.14938347,0.9589603,1.1009638,0.052401897,0.7671258,0.3010336,200.0,128.0,0.005,48.0,2.0,32.0,12.0,0.01,trans_PIDL,exper3,300013943,100
0.9919366,0.691476,0.025167855,0.5244323,0.08215059,0.97977984,1.0805683,0.040137522,0.84690434,0.14320326,200.0,128.0,0.005,48.0,2.0,32.0,12.0,0.01,trans_PIDL,exper3,300013962,100
0.99236065,0.67290384,0.025149297,0.5060933,0.074679874,0.98328716,0.9852668,0.03692955,0.7520549,0.11731209,200.0,128.0,0.005,48.0,2.0,32.0,12.0,0.01,trans_PIDL,exper3,300013966,100
0.98977745,0.8495927,0.029266024,0.6440948,0.12190674,0.98152184,1.1465712,0.039404888,0.8844072,0.15685688,200.0,128.0,0.005,48.0,2.0,32.0,12.0,0.001,trans_PIDL,exper3,300014249,100
0.98442346,1.0972923,0.03326257,0.8517139,0.0806207,0.9721901,1.5025846,0.04647165,1.1968658,0.18346922,200.0,128.0,0.005,48.0,2.0,32.0,12.0,0.001,trans_PIDL,exper3,300014305,100
0.98896444,0.8448393,0.030161262,0.64437187,0.12472088,0.97472215,1.2935934,0.04709468,0.9894821,0.3406544,200.0,128.0,0.005,48.0,2.0,32.0,12.0,0.001,trans_PIDL,exper3,300014333,100
0.9903669,0.6842902,0.024415966,0.5143108,0.14784852,0.9713248,1.1634419,0.045418616,0.87586725,0.38782728,200.0,128.0,0.005,48.0,2.0,32.0,12.0,0.01,trans_PIDL,exper3,300014338,100
0.985197,1.0266111,0.034729715,0.78082997,0.09403426,0.970851,1.4248343,0.049326662,1.0693393,0.17417435,200.0,128.0,0.005,48.0,2.0,32.0,12.0,0.001,trans_PIDL,exper3,300014360,100
0.99237126,0.64721847,0.024752123,0.48206678,0.0710881,0.97714746,1.1576829,0.044672273,0.89104104,0.2074578,200.0,128.0,0.005,48.0,2.0,32.0,12.0,0.001,trans_PIDL,exper3,300014434,100
0.99009436,0.88170207,0.027274074,0.67489827,0.056359533,0.9851549,1.1208875,0.034162983,0.87210566,0.089787185,200.0,128.0,0.005,48.0,2.0,32.0,12.0,0.01,trans_PIDL,exper3,300014478,100
0.9825798,1.0566255,0.03667438,0.81550676,0.059694905,0.9606435,1.6613278,0.05509249,1.309658,0.11942279,200.0,128.0,0.005,48.0,2.0,32.0,12.0,0.1,trans_PIDL,exper3,300014495,100
0.9884777,0.73871154,0.028375423,0.5684997,0.035852678,0.98186,0.9401969,0.038969856,0.73127353,0.050580982,200.0,128.0,0.005,48.0,2.0,32.0,12.0,0.01,trans_PIDL,exper3,300014510,100
0.98886687,0.8236298,0.029648302,0.63246506,0.0388027,0.9852652,0.94852644,0.033696942,0.72627735,0.04912396,200.0,128.0,0.005,48.0,2.0,32.0,12.0,0.001,trans_PIDL,exper3,300014514,100
0.9819922,0.9091412,0.03461496,0.6979205,0.0724975,0.9791829,1.0011128,0.038474668,0.76464736,0.1998669,200.0,128.0,0.005,48.0,2.0,32.0,12.0,0.001,trans_PIDL,exper3,300014657,100
0.98769593,0.85606927,0.031797837,0.64157563,0.050614238,0.97984415,1.0879972,0.040476087,0.82624453,0.07329757,200.0,128.0,0.005,48.0,2.0,32.0,12.0,0.1,trans_PIDL,exper3,300014682,100
0.9851214,0.7718182,0.03353183,0.5812128,0.038443156,0.9800651,0.8940789,0.03871215,0.6732907,0.050178833,200.0,128.0,0.005,48.0,2.0,32.0,12.0,0.01,trans_PIDL,exper3,300014741,100
0.9884759,0.8042454,0.031156942,0.6159352,0.031964205,0.9741813,1.1954741,0.046593517,0.78325903,0.048482344,200.0,128.0,0.005,48.0,2.0,32.0,12.0,0.01,trans_PIDL,exper3,300014784,100
0.9797751,0.80538374,0.039414406,0.6327863,0.13713369,0.9588448,1.1061352,0.055780843,0.8313586,0.22803059,200.0,128.0,0.005,48.0,2.0,32.0,12.0,0.01,trans_PIDL,exper3,300014787,100
0.9867839,0.7922869,0.031192418,0.6130921,0.030702258,0.98483354,0.8573605,0.033999912,0.66266304,0.035690937,200.0,128.0,0.005,48.0,2.0,32.0,12.0,0.001,trans_PIDL,exper3,300014802,100
0.9743788,1.1071533,0.04179066,0.85564095,0.046559058,0.9653636,1.3029929,0.04953636,1.0407405,0.060282636,200.0,128.0,0.005,48.0,2.0,32.0,12.0,0.001,trans_PIDL,exper3,300014804,100
0.99054116,0.82109433,0.025111716,0.62257844,0.055977765,0.9805212,1.1954521,0.03640232,0.90815765,0.11602528,200.0,128.0,0.005,48.0,2.0,32.0,12.0,0.001,trans_PIDL,exper3,300014891,100
0.9762025,0.76235676,0.04266126,0.588806,0.17341626,0.93407506,1.2321867,0.07029005,0.92752415,0.3484379,200.0,128.0,0.005,48.0,2.0,32.0,12.0,0.01,trans_PIDL,exper3,300014904,100
0.9926094,0.75257623,0.022860741,0.565489,0.11482488,0.96802324,1.520969,0.043233912,1.1727005,0.22492757,200.0,128.0,0.005,48.0,2.0,32.0,12.0,0.01,trans_PIDL,exper3,300014941,100
0.9554102,0.8959243,0.052092474,0.6675318,0.16261385,0.8761035,1.4547971,0.086133644,1.1385853,0.26116252,200.0,128.0,0.005,48.0,2.0,32.0,12.0,0.001,trans_PIDL,exper3,300014944,100
0.9309835,1.0635085,0.06147455,0.82156026,0.30819535,0.89214694,1.3221116,0.084318236,1.0542551,0.52749455,200.0,128.0,0.005,48.0,2.0,32.0,12.0,0.01,trans_PIDL,exper3,300014998,100
0.94880223,0.6083194,0.05111936,0.45949894,0.11770805,0.7325623,1.3266001,0.1211944,1.0732843,0.26056927,200.0,128.0,0.005,48.0,2.0,32.0,12.0,0.001,trans_PIDL,exper3,300015002,100
0.9601183,1.0208015,0.051502157,0.7722662,0.12753868,0.96113884,1.0273039,0.052837055,0.79578656,0.17464255,200.0,128.0,0.005,48.0,2.0,32.0,12.0,0.001,trans_PIDL,exper3,300015130,100
0.9489917,1.0903273,0.05447551,0.8304476,0.18457715,0.9203626,1.2813699,0.06426128,0.98045397,0.22450863,200.0,128.0,0.005,48.0,2.0,32.0,12.0,0.001,trans_PIDL,exper3,300015160,100
0.9631056,0.867736,0.051576685,0.6610801,0.21272574,0.93954146,1.0965891,0.06719308,0.8427105,0.3332966,200.0,128.0,0.005,48.0,2.0,32.0,12.0,0.01,trans_PIDL,exper3,300015169,100
0.93507844,1.2191377,0.059531927,0.9436289,0.26533145,0.876562,1.5935086,0.087651595,1.2430725,0.3466612,200.0,128.0,0.005,48.0,2.0,32.0,12.0,0.01,trans_PIDL,exper3,300015175,100
0.9778014,0.6541499,0.041586135,0.5032944,0.11298693,0.9627555,0.8378701,0.05152946,0.6234935,0.29629427,200.0,128.0,0.005,48.0,2.0,32.0,12.0,0.01,trans_PIDL,exper3,300015197,100
0.9646823,0.7284794,0.04683996,0.55958265,0.12689967,0.9235398,1.0838745,0.07209009,0.8208827,0.30659583,200.0,128.0,0.005,48.0,2.0,32.0,12.0,0.01,trans_PIDL,exper3,300015245,100
0.9660583,0.8334755,0.04801126,0.6363989,0.20803264,0.9426972,1.1197562,0.06798762,0.87164795,0.36128688,200.0,128.0,0.005,48.0,2.0,32.0,12.0,0.001,trans_PIDL,exper3,300015248,100
0.9676722,0.9304479,0.05022032,0.7172602,0.25841078,0.94918096,1.1435871,0.064030565,0.86614704,0.275845,200.0,128.0,0.005,48.0,2.0,32.0,12.0,0.001,trans_PIDL,exper3,300015252,100
0.9745235,0.7939804,0.04485111,0.6158478,0.17147754,0.95282555,1.1022141,0.06534865,0.8603381,0.37037063,200.0,128.0,0.005,48.0,2.0,32.0,12.0,0.001,trans_PIDL,exper3,300015257,100
0.9760274,0.84297395,0.045030657,0.66054094,0.20436975,0.9664114,0.9963763,0.05608648,0.75491565,0.2510067,200.0,128.0,0.005,48.0,2.0,32.0,12.0,0.001,trans_PIDL,exper3,300015265,100
0.9754049,0.78198063,0.043892093,0.5938165,0.17592633,0.9413163,1.1912148,0.068745874,0.9045828,0.28966802,200.0,128.0,0.005,48.0,2.0,32.0,12.0,0.001,trans_PIDL,exper3,300015267,100
0.9619474,0.8253332,0.050355993,0.6375715,0.13369097,0.9249974,1.1750609,0.06747124,0.8945357,0.3123743,200.0,128.0,0.005,48.0,2.0,32.0,12.0,0.01,trans_PIDL,exper3,300015276,100
0.97060907,0.7695066,0.04767693,0.58777696,0.27275822,0.954168,0.9677142,0.06296804,0.7585104,0.37278396,200.0,128.0,0.005,48.0,2.0,32.0,12.0,0.01,trans_PIDL,exper3,300015296,100
0.97547555,0.82342315,0.041751076,0.6451359,0.029135384,0.97368574,0.8657973,0.04552338,0.6564264,0.03184607,200.0,128.0,0.005,48.0,2.0,32.0,12.0,0.001,trans_PIDL,exper3,300015374,100
0.9804831,0.7374867,0.03606292,0.56925935,0.026013115,0.97541404,0.8741257,0.043388095,0.6830257,0.031920817,200.0,128.0,0.005,48.0,2.0,32.0,12.0,0.001,trans_PIDL,exper3,300015380,100
0.96455306,0.7085579,0.04552965,0.53325695,0.029562317,0.94781333,0.88126415,0.054367743,0.6614325,0.03711815,200.0,128.0,0.005,48.0,2.0,32.0,12.0,0.01,trans_PIDL,exper3,300015455,100
0.9618074,0.7621489,0.042530704,0.59039867,0.024896426,0.44764215,3.132369,0.16901265,1.4614706,0.06277771,200.0,128.0,0.005,48.0,2.0,32.0,12.0,0.01,trans_PIDL,exper3,300015520,100
0.91208726,0.8578626,0.061555844,0.6522382,0.025895137,0.8936533,1.059803,0.07238113,0.80797833,0.032808598,200.0,128.0,0.005,48.0,2.0,32.0,12.0,0.01,trans_PIDL,exper3,300015606,100
0.89317036,0.6853438,0.053313397,0.5444984,0.021202186,0.8704606,0.8695657,0.06264893,0.6656401,0.026080986,200.0,128.0,0.005,48.0,2.0,32.0,12.0,0.001,trans_PIDL,exper3,300015630,100
0.90745175,0.5976851,0.05714007,0.46630245,0.017313473,0.43798643,1.5509727,0.16412392,1.0136982,0.03705559,200.0,128.0,0.005,48.0,2.0,32.0,12.0,0.01,trans_PIDL,exper3,300015657,100
0.87500453,0.7614932,0.063958876,0.6069173,0.023096072,0.83023864,0.96195674,0.08373017,0.7559011,0.029212125,200.0,128.0,0.005,48.0,2.0,32.0,12.0,0.001,trans_PIDL,exper3,300015672,100
0.86058336,0.8122823,0.06421203,0.63293326,0.02280704,0.7935985,0.9796785,0.08531926,0.7859006,0.029464202,200.0,128.0,0.005,48.0,2.0,32.0,12.0,0.001,trans_PIDL,exper3,300015697,100
0.84263116,0.63873,0.07543329,0.48785558,0.018677194,0.7180701,0.90994644,0.10100348,0.67270505,0.02594679,200.0,128.0,0.005,48.0,2.0,32.0,12.0,0.001,trans_PIDL,exper3,300015736,100
0.82854795,0.68916637,0.07383161,0.53861547,0.020794066,0.39437377,1.2852963,0.13687928,0.7186548,0.027858626,200.0,128.0,0.005,48.0,2.0,32.0,12.0,0.01,trans_PIDL,exper3,300015761,100
0.83251476,1.2800773,0.08737728,1.0062988,0.03733395,0.7867711,1.4267923,0.098740086,1.1015251,0.041239467,200.0,128.0,0.005,48.0,2.0,32.0,12.0,0.001,trans_PIDL,exper3,300015812,100
0.94088155,0.68585956,0.05606483,0.52894574,0.026018191,0.9091263,0.85062116,0.06837121,0.62041646,0.029988375,200.0,128.0,0.005,48.0,2.0,32.0,12.0,0.01,trans_PIDL,exper3,300016225,100
0.9282138,0.90369135,0.055278406,0.69309676,0.03489291,0.918759,0.9743879,0.06321046,0.7401268,0.03668129,200.0,128.0,0.005,48.0,2.0,32.0,12.0,0.001,trans_PIDL,exper3,300016238,100
0.946764,0.71314466,0.05560348,0.5569703,0.025638305,0.93569,0.7831434,0.06265127,0.5989134,0.027893925,200.0,128.0,0.005,48.0,2.0,32.0,12.0,0.01,trans_PIDL,exper3,300016239,100
0.9352198,1.2223963,0.06297772,0.93550485,0.04626262,0.93284667,1.2235079,0.06570341,0.9245652,0.045695655,200.0,128.0,0.005,48.0,2.0,32.0,12.0,0.001,trans_PIDL,exper3,300016309,100
0.9333088,0.74107444,0.057955213,0.57523,0.026122535,0.9139354,0.7936653,0.06454815,0.6104113,0.027637726,200.0,128.0,0.005,48.0,2.0,32.0,12.0,0.001,trans_PIDL,exper3,300016372,100
0.9709204,0.73806936,0.042753566,0.56764287,0.029459469,0.9584294,0.9074622,0.049963363,0.70828456,0.037219416,200.0,128.0,0.005,48.0,2.0,32.0,12.0,0.001,trans_PIDL,exper3,300016455,100
0.9464991,1.2119902,0.05066849,0.9334335,0.06257366,0.90826523,1.543018,0.066112444,1.2336082,0.08071286,200.0,128.0,0.005,48.0,2.0,32.0,12.0,0.001,trans_PIDL,exper3,300016597,100
0.964074,0.9682042,0.04449468,0.73149014,0.046588216,0.94963753,1.1275115,0.054241393,0.8409478,0.052316204,200.0,128.0,0.005,48.0,2.0,32.0,12.0,0.01,trans_PIDL,exper3,300016632,100
0.97929114,0.63494706,0.036262963,0.47556406,0.03416907,0.9686932,0.7991329,0.04175689,0.5775421,0.04081126,200.0,128.0,0.005,48.0,2.0,32.0,12.0,0.01,trans_PIDL,exper3,300016649,100
0.9830687,0.67928094,0.03474837,0.52209234,0.09793912,0.9663709,0.96886635,0.047862932,0.7139027,0.14307147,200.0,128.0,0.005,48.0,2.0,32.0,12.0,0.001,trans_PIDL,exper3,300016665,100
0.93932474,0.80515695,0.046947926,0.61291385,0.06527303,0.89616764,1.0538294,0.06425789,0.7577089,0.07536989,200.0,128.0,0.005,48.0,2.0,32.0,12.0,0.01,trans_PIDL,exper3,300016679,100
0.9603808,0.98347205,0.046925854,0.74329025,0.08707777,0.9414069,1.2272707,0.054112468,0.9101121,0.13479386,200.0,128.0,0.005,48.0,2.0,32.0,12.0,0.1,trans_PIDL,exper3,300016680,100
